date,nav,gross_return,net_return,trading_cost,borrow_cost,trading_cost_return,borrow_cost_return,traded_notional,turnover,long_exposure,short_exposure,gross_exposure,net_exposure,estimated_beta_exposure,max_position,cash
2010-01-04,99946.3089981,0,-0.000536910018612,53.6910018612,0,0.000536910018612,0,53691.0018612,0.536910018612,0.26859922292,0.26859922292,0.537198445839,-1.94289029309e-16,-2.77555756156e-17,0.08,99946.3089981
2010-01-05,99907.9558139,0.000227821523434,-0.000383737874942,59.6521182484,1.47098635236,0.000596841632737,1.47177656394e-05,59652.1182484,0.596841632737,0.393675707436,0.393675707436,0.787351414871,-1.80411241502e-16,-1.66533453694e-16,0.08,99907.9558139
2010-01-06,99973.9300775,0.00119060149267,0.00066035045044,50.8211560431,2.15514165389,0.000508679770586,2.15712716403e-05,50821.1560431,0.508679770586,0.321574775315,0.321574775315,0.643149550629,-5.06539254985e-16,-4.2674197509e-16,0.08,99973.9300775
2010-01-07,99824.9409133,-0.000853428857629,-0.00149028015716,61.9069330913,1.76159419737,0.000619230763893,1.76205356337e-05,61906.9330913,0.619230763893,0.465609382628,0.465609382628,0.931218765255,-8.04911692853e-16,-6.38378239159e-16,0.08,99824.9409133
2010-01-08,99874.3347351,0.000987732140861,0.000494804417508,46.6596628249,2.5468180334,0.00046741488047,2.55128428837e-05,46659.6628249,0.46741488047,0.344396811773,0.344396811773,0.688793623546,-7.35522753814e-16,-7.56339435526e-16,0.08,99874.3347351
2010-01-11,99571.8917501,-0.00261289629035,-0.00302823528943,35.8275030783,5.65420314422,0.000358725824541,5.6613174538e-05,35827.5030783,0.358725824541,0.283412980727,0.283412980727,0.566825961453,-4.99600361081e-16,-3.12250225676e-16,0.08,99571.8917501
2010-01-12,99808.2831271,0.00299386366805,0.00237407739125,60.1669925198,1.54629954178,0.000604256798403,1.5529478396e-05,60166.9925198,0.604256798403,0.447693940671,0.447693940671,0.895387881341,5.55111512313e-17,4.16333634234e-17,0.08,99808.2831271
2010-01-13,99692.3263206,-0.000483993575194,-0.00116179542329,65.2018243161,2.448414443,0.000653270673268,2.45311748313e-05,65201.8243161,0.653270673268,0.421172653179,0.421172653179,0.842345306358,-2.77555756156e-17,-9.71445146547e-17,0.08,99692.3263206
2010-01-14,99688.1656087,0.000636590565839,-4.17355275272e-05,65.3232113706,2.30069488099,0.000655248139767,2.30779535988e-05,65323.2113706,0.655248139767,0.454704207731,0.454704207731,0.909408415461,-1.38777878078e-16,-7.6327832943e-17,0.08,99688.1656087
2010-01-15,99901.669878,0.00270326771055,0.00214172131641,53.4957694773,2.48376045826,0.000536631095081,2.49152990537e-05,53495.7694773,0.536631095081,0.356742943029,0.356742943029,0.713485886058,1.94289029309e-16,2.28983498829e-16,0.08,99901.669878
2010-01-19,99827.2384878,-0.000311040828099,-0.000745046507554,35.5465571605,7.8113349536,0.000355815445367,7.81902340885e-05,35546.5571605,0.355815445367,0.327974995105,0.327974995105,0.655949990211,1.66533453694e-16,8.32667268469e-17,0.08,99827.2384878
2010-01-20,99714.558577,-0.000469703156525,-0.00112874915213,63.9967232541,1.79401852353,0.000641074762996,1.79712326085e-05,63996.7232541,0.641074762996,0.398409479721,0.398409479721,0.796818959442,8.18789480661e-16,8.39606162373e-16,0.08,99714.558577
2010-01-21,99541.2501666,-0.00136473730986,-0.00173804520417,35.0473976261,2.17683426867,0.000351477237891,2.18306564231e-05,35047.3976261,0.351477237891,0.288559466079,0.288559466079,0.577118932157,1.2490009027e-16,9.71445146547e-17,0.08,99541.2501666
2010-01-22,99615.2298972,0.00125300786453,0.000743206765271,49.1723445098,1.57389424662,0.000493989621665,1.58114775934e-05,49172.3445098,0.493989621665,0.440139081247,0.440139081247,0.880278162494,1.66533453694e-16,1.49186218934e-16,0.08,99615.2298972
2010-01-25,99700.9474641,0.00143086330338,0.000860486563831,49.6108858028,7.20732423537,0.000498025109755,7.23516297941e-05,49610.8858028,0.498025109755,0.390039663148,0.390039663148,0.780079326296,3.05311331772e-16,3.88578058619e-16,0.08,99700.9474641
2010-01-26,99302.85499,-0.00363787185727,-0.00399286550589,33.2623908388,2.13081227202,0.00033362161228,2.13720363369e-05,33262.3908388,0.33362161228,0.358138976636,0.358138976636,0.716277953271,-3.74700270811e-16,-3.46944695195e-16,0.08,99302.85499
2010-01-27,99060.9529144,-0.00200895836643,-0.00243600323182,40.4580498015,1.94872454045,0.000407420811875,1.96240535143e-05,40458.0498015,0.407420811875,0.322040520899,0.322040520899,0.644081041797,-1.31838984174e-16,-7.6327832943e-17,0.08,99060.9529144
2010-01-28,99100.3021103,0.000742711846635,0.00039722206132,32.4765122389,1.74803511656,0.000327843729375,1.76460559397e-05,32476.5122389,0.327843729375,0.336862267963,0.336862267963,0.673724535926,-2.53269627493e-16,-2.63677968348e-16,0.08,99100.3021103
2010-01-29,98866.0431494,-0.00176448544594,-0.00236385718194,57.5687062768,1.82921383697,0.000580913529534,1.84582064637e-05,57568.7062768,0.580913529534,0.340991659967,0.340991659967,0.681983319934,-7.21644966006e-16,-6.93889390391e-16,0.08,98866.0431494
2010-02-01,99147.6808809,0.00331430989339,0.00284868011811,40.4931932619,5.54178019198,0.000409576351718,5.60534235562e-05,40493.1932619,0.409576351718,0.403953082619,0.403953082619,0.807906165238,-5.27355936697e-16,-5.6898930012e-16,0.08,99147.6808809
2010-02-02,99402.5401039,0.00309370003211,0.00257050110308,49.6793844901,2.19457596309,0.000501064513549,2.2134415486e-05,49679.3844901,0.501064513549,0.420852738015,0.420852738015,0.84170547603,-8.32667268469e-17,-1.17961196366e-16,0.08,99402.5401039
2010-02-03,99588.6052467,0.00253058465047,0.00187183489081,63.1891346822,2.29226472156,0.000635689335666,2.30604240008e-05,63189.1346822,0.635689335666,0.354312382999,0.354312382999,0.708624765997,-2.77555756156e-17,-7.6327832943e-17,0.08,99588.6052467
2010-02-04,99414.5160502,-0.0011973268791,-0.00174808348871,52.9156318391,1.93345074216,0.000531342232457,1.94143771506e-05,52915.6318391,0.531342232457,0.312958917746,0.312958917746,0.625917835491,5.55111512313e-17,9.02056207508e-17,0.08,99414.5160502
2010-02-05,99459.6297088,0.000964888603619,0.000453793473291,49.1054717851,1.70480325213,0.000493946696479,1.71484338491e-05,49105.4717851,0.493946696479,0.316039838863,0.316039838863,0.632079677725,-9.71445146547e-17,-1.5959455979e-16,0.08,99459.6297088
2010-02-08,99133.2622175,-0.00260718766376,-0.00328140665943,61.8904694033,5.16710224874,0.000622267241337,5.19517543336e-05,61890.4694033,0.622267241337,0.378146421294,0.378146421294,0.756292842588,0,6.93889390391e-17,0.08,99133.2622175
2010-02-09,99031.2679408,-0.000412567366245,-0.00102886028828,59.0410517691,2.05407607336,0.000595572570179,2.07203518517e-05,59041.0517691,0.595572570179,0.403921536418,0.403921536418,0.807843072836,-3.60822483003e-16,-3.05311331772e-16,0.08,99031.2679408
2010-02-10,99051.7728867,0.000771548941225,0.000207055270565,53.7106959007,2.19182804932,0.000542360983733,2.2132686927e-05,53710.6959007,0.542360983733,0.287409187156,0.287409187156,0.574818374311,1.66533453694e-16,2.22044604925e-16,0.08,99051.7728867
2010-02-11,98999.4777639,-0.000109261671298,-0.000527957464202,39.9126488323,1.55991175516,0.000402947344293,1.57484486113e-05,39912.6488323,0.402947344293,0.227122450267,0.227122450267,0.454244900533,-3.74700270811e-16,-3.46944695195e-16,0.08,98999.4777639
2010-02-12,98969.752764,0.000171235259432,-0.000300254108413,45.4451461761,1.23205501177,0.000459044302077,1.2445065768e-05,45445.1461761,0.459044302077,0.383985214507,0.383985214507,0.767970429013,4.71844785466e-16,4.99600361081e-16,0.08,98969.752764
2010-02-16,98991.8286596,0.000791333010736,0.000223056994962,47.9127292772,8.3294075057,0.000484114872869,8.41611429056e-05,47912.7292772,0.484114872869,0.421072356234,0.421072356234,0.842144712468,3.33066907388e-16,3.26128013484e-16,0.08,98991.8286596
2010-02-17,99143.351166,0.00220727776443,0.00153065670585,64.6959711022,2.2839847968,0.000653548600709,2.30724578758e-05,64695.9711022,0.653548600709,0.246120618453,0.246120618453,0.492241236906,6.10622663544e-16,6.10622663544e-16,0.08,99143.351166
2010-02-18,99036.0753902,-0.00065780297537,-0.00108202692897,40.7219310947,1.33705330983,0.000410737892312,1.34860612851e-05,40721.9310947,0.410737892312,0.299839232885,0.299839232885,0.59967846577,2.63677968348e-16,2.35922392733e-16,0.08,99036.0753902
2010-02-19,98922.1118193,-0.000650069379642,-0.00115072785775,47.9561329265,1.62711785605,0.0004842289311,1.64295470074e-05,47956.1329265,0.4842289311,0.435018813339,0.435018813339,0.870037626678,6.38378239159e-16,6.38378239159e-16,0.08,98922.1118193
2010-02-22,99207.5300678,0.00339706425237,0.00288528260513,43.5526068647,7.07391447068,0.000440271705322,7.15099419187e-05,43552.6068647,0.440271705322,0.287778461115,0.287778461115,0.57555692223,1.52655665886e-16,9.71445146547e-17,0.08,99207.5300678
2010-02-23,99104.3282032,-0.000647479056574,-0.00104026241333,37.4026946025,1.56437207309,0.000377014673956,1.57686828008e-05,37402.6946025,0.377014673956,0.274741110619,0.274741110619,0.549482221238,4.54497550706e-16,4.16333634234e-16,0.08,99104.3282032
2010-02-24,98860.9569993,-0.0020180617547,-0.00245570711434,41.8806023338,1.49194702453,0.000422591052208,1.50543074312e-05,41880.6023338,0.422591052208,0.306095382274,0.306095382274,0.612190764549,6.93889390391e-17,0,0.08,98860.9569993
2010-02-25,98689.9518898,-0.0014440217806,-0.0017297537342,26.5896038339,1.65813054382,0.000268959603882,1.67723497137e-05,26589.6038339,0.268959603882,0.224361319388,0.224361319388,0.448722638777,0,7.8062556419e-18,0.08,98689.9518898
2010-02-26,98666.2911733,4.90064270254e-05,-0.000239747978847,27.2838867623,1.21327166117,0.000276460634947,1.22937709254e-05,27283.8867623,0.276460634947,0.275000392369,0.275000392369,0.550000784737,-1.82145964978e-16,-1.5959455979e-16,0.08,98666.2911733
2010-03-01,98745.1724708,0.00114995467734,0.000799475652571,30.1202021458,4.46026336212,0.000305273480817,4.5205543951e-05,30120.2021458,0.305273480817,0.308252566522,0.308252566522,0.616505133045,-3.12250225676e-16,-2.74086309204e-16,0.08,98745.1724708
2010-03-02,99070.329196,0.00374970501912,0.00329288730847,43.4406831958,1.66786042991,0.000439927159058,1.68905515903e-05,43440.6831958,0.439927159058,0.252020526262,0.252020526262,0.504041052525,5.55111512313e-17,1.2490009027e-16,0.08,99070.329196
2010-03-03,99107.1933544,0.00074368705288,0.000372100896827,35.4450665582,1.36809624663,0.000357776812148,1.38093439048e-05,35445.0665582,0.357776812148,0.266094613639,0.266094613639,0.532189227279,-1.66533453694e-16,-7.6327832943e-17,0.08,99107.1933544
2010-03-04,99190.4653258,0.00113976444656,0.000840221266072,28.2418488201,1.44503508627,0.000284962653711,1.45805267748e-05,28241.8488201,0.284962653711,0.232015358793,0.232015358793,0.464030717585,-2.35922392733e-16,-1.2490009027e-16,0.08,99190.4653258
2010-03-05,98985.0896966,-0.00163087715282,-0.00207051785272,42.3471403171,1.26102528227,0.000426927529556,1.27131703448e-05,42347.1403171,0.426927529556,0.350573923203,0.350573923203,0.701147846406,1.38777878078e-16,1.94289029309e-16,0.08,98985.0896966
2010-03-08,98889.907812,-0.000472979434231,-0.000961578000329,42.6596017292,5.70437116168,0.000430969975983,5.76285901156e-05,42659.6017292,0.430969975983,0.5,0.5,1,5.27355936697e-16,5.55111512313e-16,0.0759201615622,98889.907812
2010-03-09,98753.5512046,-0.000927824833583,-0.00137887283328,41.8947825665,2.70931254279,0.000423650739428,2.7397260274e-05,41894.7825665,0.423650739428,0.460670248918,0.460670248918,0.921340497837,4.05925293379e-16,4.16333634234e-16,0.08,98753.5512046
2010-03-10,98590.3063448,-0.00121472231548,-0.00165305305748,40.7939599492,2.49275742548,0.00041308853658,2.52422054202e-05,40793.9599492,0.41308853658,0.336882506477,0.336882506477,0.673765012953,1.87350135405e-16,2.35922392733e-16,0.08,98590.3063448
2010-03-11,98679.8147503,0.00127892129841,0.000907882415353,34.7609275838,1.81990956251,0.000352579567632,1.84593154234e-05,34760.9275838,0.352579567632,0.402305242077,0.402305242077,0.804610484154,1.5959455979e-16,1.38777878078e-16,0.08,98679.8147503
2010-03-12,98395.4974461,-0.00244425052864,-0.00288121035591,40.9438048491,2.17530995952,0.000414915704419,2.20441228535e-05,40943.8048491,0.414915704419,0.369146536913,0.369146536913,0.738293073825,2.63677968348e-16,3.1918911958e-16,0.08,98395.4974461
2010-03-15,98509.0070025,0.00159501784937,0.00115360518857,37.4622199058,5.97079843233,0.000380731038291,6.06816225062e-05,37462.2199058,0.380731038291,0.347117602301,0.347117602301,0.694235204601,7.97972798949e-17,1.04083408559e-16,0.08,98509.0070025
2010-03-16,98337.1740461,-0.00110549085217,-0.00174433751443,61.0584949659,1.87365535977,0.000619826519663,1.90201425918e-05,61058.4949659,0.619826519663,0.441150430305,0.441150430305,0.882300860609,4.02455846427e-16,3.95516952523e-16,0.08,98337.1740461
2010-03-17,98177.7435024,-0.00111550083625,-0.00162126423919,47.358276019,2.37706776139,0.000481590776615,2.41726263181e-05,47358.276019,0.481590776615,0.355457872168,0.355457872168,0.710915744337,-6.93889390391e-17,-4.85722573274e-17,0.08,98177.7435024
2010-03-18,98441.3513958,0.00310498545198,0.0026850066421,39.3203498567,1.91222201642,0.000400501666203,1.94771436805e-05,39320.3498567,0.400501666203,0.423464345839,0.423464345839,0.846928691679,-4.85722573274e-17,-1.5959455979e-16,0.08,98441.3513958
2010-03-19,98761.7026241,0.00369130969994,0.0032542343616,40.7421005313,2.28418643684,0.000413871812542,2.32035257994e-05,40742.1005313,0.413871812542,0.447787928828,0.447787928828,0.895575857656,7.21644966006e-16,6.43582409587e-16,0.08,98761.7026241
2010-03-22,98724.4290597,0.000382509363169,-0.000377409091382,67.7810927669,7.26974766009,0.00068630947995,7.36089746018e-05,67781.0927669,0.68630947995,0.429805169445,0.429805169445,0.859610338889,4.99600361081e-16,3.12250225676e-16,0.08,98724.4290597
2010-03-23,98753.8028027,0.000983216911081,0.00029753267038,65.3687292901,2.32505588824,0.000662133272512,2.35509681888e-05,65368.7292901,0.662133272512,0.35505079339,0.35505079339,0.71010158678,1.94289029309e-16,9.71445146547e-17,0.08,98753.8028027
2010-03-24,98744.5350436,0.000571346491799,-9.384711061e-05,63.7691586031,1.92123923481,0.000645738764415,1.9454837994e-05,63769.1586031,0.645738764415,0.292565889878,0.292565889878,0.585131779757,3.88578058619e-16,4.16333634234e-16,0.08,98744.5350436
2010-03-25,98437.4730998,-0.00271060395419,-0.00310966013173,37.8216423091,1.58297439812,0.000383025169872,1.60310076646e-05,37821.6423091,0.383025169872,0.236223461735,0.236223461735,0.47244692347,-5.55111512313e-17,0,0.08,98437.4730998
2010-03-26,98539.4433583,0.00134321934072,0.00103588862336,28.9787090498,1.27415017316,0.000294386966033,1.29437513279e-05,28978.7090498,0.294386966033,0.303430934192,0.303430934192,0.606861868384,-9.71445146547e-17,-6.93889390391e-17,0.08,98539.4433583
2010-03-29,98813.0585872,0.0032624292554,0.00277670767752,42.947679332,4.91505457857,0.000435842520196,4.98790576754e-05,42947.679332,0.435842520196,0.425720861877,0.425720861877,0.851441723754,-3.12250225676e-17,-2.77555756156e-17,0.08,98813.0585872
2010-03-30,98758.3006048,1.6107346494e-05,-0.000554157346527,54.0445694551,2.30502906666,0.000546937522507,2.33271705138e-05,54044.5694551,0.546937522507,0.379545212413,0.379545212413,0.759090424826,-2.91433543964e-16,-2.08166817117e-16,0.08,98758.3006048
2010-03-31,98545.2741897,-0.00168723484075,-0.00215704820593,44.3440933726,2.05387617428,0.000449016367242,2.07969979405e-05,44344.0933726,0.449016367242,0.33370714098,0.33370714098,0.667414281961,-2.49800180541e-16,-1.11022302463e-16,0.08,98545.2741897
2010-04-01,98378.3019356,-0.00116239214375,-0.00169437099351,50.6220694644,1.80193214833,0.000513693526967,1.82853227934e-05,50622.0694644,0.513693526967,0.332456670877,0.332456670877,0.664913341753,-6.93889390391e-17,6.93889390391e-18,0.08,98378.3019356
2010-04-05,98417.8925654,0.00106440760811,0.000402432538967,57.9554302949,7.16855293107,0.000589107853608,7.28672155346e-05,57955.4302949,0.589107853608,0.37287111867,0.37287111867,0.745742237341,2.08166817117e-17,9.71445146547e-17,0.08,98417.8925654
2010-04-06,98370.9451748,-5.06728120517e-05,-0.00047702088928,39.9494743451,2.01080491496,0.000405916783054,2.04312941737e-05,39949.4743451,0.405916783054,0.390116608145,0.390116608145,0.780233216289,8.32667268469e-17,1.04083408559e-16,0.08,98370.9451748
2010-04-07,98571.7019983,0.00250533588896,0.00204081421802,43.5926336615,2.10280216283,0.000443145418437,2.13762525011e-05,43592.6336615,0.443145418437,0.350268844289,0.350268844289,0.700537688578,-1.11022302463e-16,-2.08166817117e-17,0.08,98571.7019983
2010-04-08,98647.7217496,0.00113285760858,0.000771212728889,33.7560830283,1.89186828156,0.000342452066303,1.91928133857e-05,33756.0830283,0.342452066303,0.276637712381,0.276637712381,0.553275424761,-5.55111512313e-16,-5.58580959265e-16,0.08,98647.7217496
2010-04-09,98540.8322376,-0.000580627818522,-0.00108354769989,48.1165755835,1.49532493569,0.000487761650549,1.51582308154e-05,48116.5755835,0.487761650549,0.327679485877,0.327679485877,0.655358971754,-8.32667268469e-17,-1.45716771982e-16,0.08,98540.8322376
2010-04-12,98481.5401238,-0.000100793554223,-0.000601700964117,44.0519191964,5.30791384858,0.000447042288928,5.38651209661e-05,44051.9191964,0.447042288928,0.445325388349,0.445325388349,0.890650776697,-2.22044604925e-16,-3.1918911958e-16,0.08,98481.5401238
2010-04-13,98243.6868249,-0.00190750928101,-0.00241520693771,47.5957605673,2.40308658087,0.000483296265548,2.44013911424e-05,47595.7605673,0.483296265548,0.408019374748,0.408019374748,0.816038749496,5.55111512313e-17,1.90819582357e-17,0.08,98243.6868249
2010-04-14,97734.4232698,-0.00467861606313,-0.0051836771559,47.4226075148,2.19645631075,0.000482703866757,2.23572260136e-05,47422.6075148,0.482703866757,0.31066991562,0.31066991562,0.62133983124,2.08166817117e-16,1.89084858881e-16,0.08,97734.4232698
2010-04-15,97500.0460425,-0.00212696942094,-0.0023981031395,24.8353636382,1.66373397427,0.000254110709485,1.70230090751e-05,24835.3636382,0.254110709485,0.324451732816,0.324451732816,0.648903465631,1.94289029309e-16,1.66533453694e-16,0.08,97500.0460425
2010-04-16,97699.3560735,0.00233197214862,0.00204420448036,26.3239878147,1.73337308976,0.000269989491115,1.77781771406e-05,26323.9878147,0.269989491115,0.305431753313,0.305431753313,0.610863506626,-3.05311331772e-16,-2.91433543964e-16,0.08,97699.3560735
2010-04-19,97589.4104345,-0.000753337796626,-0.00112534660782,31.4397359995,4.90528530791,0.000321800851746,5.02079594488e-05,31439.7359995,0.321800851746,0.279549369923,0.279549369923,0.559098739847,2.77555756156e-17,5.55111512313e-17,0.08,97589.4104345
2010-04-20,97414.9707903,-0.00153594417748,-0.00178748537803,23.0529049576,1.49485250401,0.000236223426855,1.53177736944e-05,23052.9049576,0.236223426855,0.334675762727,0.334675762727,0.669351525453,1.94289029309e-16,1.94289029309e-16,0.08,97414.9707903
2010-04-21,96999.7711533,-0.00383780415607,-0.00426217483433,39.5536227262,1.78643450138,0.000406032280309,1.83383979576e-05,39553.6227262,0.406032280309,0.280947995559,0.280947995559,0.561895991117,4.16333634234e-17,6.93889390391e-17,0.08,96999.7711533
2010-04-22,96623.8970132,-0.00350179360318,-0.0038750002775,34.7077076849,1.49325431645,0.000357812263598,1.53944107155e-05,34707.7076849,0.357812263598,0.298794772917,0.298794772917,0.597589545833,8.32667268469e-17,1.31838984174e-16,0.08,96623.8970132
2010-04-23,96377.3293795,-0.00216153548155,-0.00255182870188,36.1296949198,1.58195700638,0.000373920904006,1.63723163242e-05,36129.6949198,0.373920904006,0.367725168556,0.367725168556,0.735450337112,1.94289029309e-16,3.1918911958e-16,0.08,96377.3293795
2010-04-26,95901.0944773,-0.00442106685205,-0.0049413581524,44.3184718317,5.82581419579,0.00045984332744,6.04479729133e-05,44318.4718317,0.45984332744,0.452169941357,0.452169941357,0.904339882714,2.77555756156e-16,2.32452945781e-16,0.08,95901.0944773
2010-04-27,96294.298494,0.00438418346958,0.00410009936684,24.8678891288,2.37608724745,0.000259307667596,2.47764351429e-05,24867.8891288,0.259307667596,0.413310513752,0.413310513752,0.826621027504,-1.11022302463e-16,7.2858385991e-17,0.08,96294.298494
2010-04-28,96865.1794157,0.00629082100441,0.00592850179731,32.7084823175,2.18079156066,0.000339672055656,2.26471514385e-05,32708.4823175,0.339672055656,0.308150256964,0.308150256964,0.616300513929,-1.66533453694e-16,-3.81639164715e-17,0.08,96865.1794157
2010-04-29,96736.8458521,-0.000738798505253,-0.001324867867,55.134150592,1.63556328372,0.000569184416161,1.68849455871e-05,55134.150592,0.569184416161,0.406868047513,0.406868047513,0.813736095025,-2.22044604925e-16,-2.15973072759e-16,0.08,96736.8458521
2010-04-30,96688.3016964,0.000181469576428,-0.00050181660596,63.9422853536,2.1566647449,0.000660992042798,2.22941395897e-05,63942.2853536,0.660992042798,0.417772363698,0.417772363698,0.835544727396,7.6327832943e-17,1.02348685083e-16,0.08,96688.3016964
2010-05-03,96973.0418645,0.00371503856309,0.00294492883921,67.820540991,6.64006033014,0.000701434814772,6.86749091011e-05,67820.540991,0.701434814772,0.278377081418,0.278377081418,0.556754162835,2.15105711021e-16,1.66533453694e-16,0.08,96973.0418645
2010-05-04,96913.6231093,-3.1392504638e-05,-0.000612734777372,54.8953465038,1.47918204769,0.000566088734026,1.52535387078e-05,54895.3465038,0.566088734026,0.410291542367,0.410291542367,0.820583084733,-1.11022302463e-16,-8.32667268469e-17,0.08,96913.6231093
2010-05-05,96907.4231825,0.000551166554617,-6.39737389969e-05,57.4366888266,2.17878574805,0.000592658565265,2.24817283489e-05,57436.6888266,0.592658565265,0.310052808745,0.310052808745,0.62010561749,5.55111512313e-17,1.38777878078e-17,0.08,96907.4231825
2010-05-06,96910.3892098,0.000393012386689,3.06068123512e-05,33.4734112467,1.64637910937,0.000345416379338,1.69891949997e-05,33473.4112467,0.345416379338,0.275448340721,0.275448340721,0.550896681442,2.49800180541e-16,2.35922392733e-16,0.08,96910.3892098
2010-05-07,96863.7024715,-0.00018786509425,-0.000481751632714,27.0179845298,1.46267429624,0.000278793478698,1.50930597655e-05,27017.9845298,0.278793478698,0.317295103542,0.317295103542,0.634590207084,6.10622663544e-16,5.55111512313e-16,0.08,96863.7024715
2010-05-10,96860.3709596,0.00047283235622,-3.43938121119e-05,44.0795780515,5.05222660359,0.00045506806912,5.21580992124e-05,44079.5780515,0.45506806912,0.416923623694,0.416923623694,0.833847247388,-1.49880108324e-15,-1.55431223448e-15,0.08,96860.3709596
2010-05-11,97051.1141099,0.00250922665255,0.00196925892868,50.0886862676,2.21278777276,0.000517122593806,2.28451300654e-05,50088.6862676,0.517122593806,0.319500186711,0.319500186711,0.639000373421,0,1.38777878078e-17,0.08,97051.1141099
2010-05-12,97027.1629804,0.000260381415522,-0.000246788815413,47.5223757321,1.69906022348,0.000489663371389,1.75068595458e-05,47522.3757321,0.489663371389,0.373166072084,0.373166072084,0.746332144168,-2.49800180541e-16,-1.94289029309e-16,0.08,97027.1629804
2010-05-13,97212.7374811,0.00232765513518,0.00191260359493,38.2873147947,1.98395864629,0.000394604084245,2.04474560046e-05,38287.3147947,0.394604084245,0.372859454498,0.372859454498,0.745718908996,-4.30211422042e-16,-3.60822483003e-16,0.08,97212.7374811
2010-05-14,97068.1052754,-0.00113219458781,-0.00148779069,32.5823506267,1.98611990507,0.000335165447152,2.0430655041e-05,32582.3506267,0.335165447152,0.327951913757,0.327951913757,0.655903827514,2.08166817117e-16,2.08166817117e-16,0.08,97068.1052754
2010-05-17,97020.8734653,-4.06802815833e-05,-0.000486584238737,38.0501200546,5.23293220107,0.000391994053522,5.39099036313e-05,38050.1200546,0.391994053522,0.250481187094,0.250481187094,0.500962374189,4.99600361081e-16,5.30825383649e-16,0.08,97020.8734653
2010-05-18,96881.1471914,-0.001023760554,-0.00144016713978,39.0685195153,1.33161115389,0.000402681589228,1.37249965531e-05,39068.5195153,0.402681589228,0.327908009603,0.327908009603,0.655816019206,1.66533453694e-16,1.94289029309e-16,0.08,96881.1471914
2010-05-19,97047.1572142,0.00207894371261,0.00171354311581,33.6597109669,1.74071803526,0.000347433034627,1.796756217e-05,33659.7109669,0.347433034627,0.292564055082,0.292564055082,0.585128110164,3.1918911958e-16,3.95516952523e-16,0.08,97047.1572142
2010-05-20,97092.849847,0.000991882851829,0.000470829173356,49.0110242876,1.55575396432,0.000505022771346,1.60309071278e-05,49011.0242876,0.505022771346,0.362831716665,0.362831716665,0.725663433331,-1.94289029309e-16,-1.52655665886e-16,0.08,97092.849847
2010-05-21,97046.826803,-0.000116584434652,-0.00047401064151,32.7732076428,1.93032139101,0.000337545016903,1.98811899543e-05,32773.2076428,0.337545016903,0.350747251979,0.350747251979,0.701494503958,-6.38378239159e-16,-6.24500451352e-16,0.08,97046.826803
2010-05-24,96778.8931454,-0.00218686969899,-0.00276086984384,50.1094557409,5.595436901,0.00051634306233,5.76570825171e-05,50109.4557409,0.51634306233,0.444285078567,0.444285078567,0.888570157135,-2.63677968348e-16,-2.35922392733e-16,0.08,96778.8931454
2010-05-25,96454.3544469,-0.00285524203007,-0.00335340370212,45.855512317,2.35602291204,0.000473817284189,2.43443878667e-05,45855.512317,0.473817284189,0.348706582996,0.348706582996,0.697413165991,-6.38378239159e-16,-5.82867087928e-16,0.08,96454.3544469
2010-05-26,96041.9405061,-0.00387839916272,-0.00427574206616,36.482479636,1.84297360845,0.000378235693404,1.91072100272e-05,36482.479636,0.378235693404,0.367820432586,0.367820432586,0.735640865172,-1.33226762955e-15,-1.13797860024e-15,0.08,96041.9405061
2010-05-27,95971.9947184,-0.000384390407194,-0.00072828378271,31.0925055719,1.93568153991,0.000323738831265,2.01545442513e-05,31092.5055719,0.323738831265,0.286037684116,0.286037684116,0.572075368233,-1.20736753928e-15,-1.13103970634e-15,0.08,95971.9947184
2010-05-28,95891.018017,-0.000537080250228,-0.000843753447352,27.9278408049,1.50419764982,0.000290999899365,1.56732977598e-05,27927.8408049,0.290999899365,0.297923430657,0.297923430657,0.595846861314,-3.81639164715e-16,-2.22044604925e-16,0.08,95891.018017
2010-06-01,95774.554498,-0.000637178404809,-0.00121454043789,49.1023139812,6.26151913574,0.000512063746914,6.52982861714e-05,49102.3139812,0.512063746914,0.35387268415,0.35387268415,0.707745368301,-5.55111512313e-17,-1.38777878078e-17,0.08,95774.554498
2010-06-02,96195.1147677,0.00476678557208,0.004391148275,34.1193989631,1.85709581773,0.000356247013019,1.9390284063e-05,34119.3989631,0.356247013019,0.27270452509,0.27270452509,0.54540905018,-5.55111512313e-17,2.08166817117e-17,0.08,96195.1147677
2010-06-03,96360.0678815,0.00216871543169,0.00171477641157,42.2293000782,1.43741605966,0.000438996306415,1.49427137036e-05,42229.3000782,0.438996306415,0.359424317516,0.359424317516,0.718848635032,5.82867087928e-16,6.24500451352e-16,0.08,96360.0678815
2010-06-04,96369.5116827,0.000624930846471,9.80053398036e-05,48.8768158575,1.89776173338,0.000507231023515,1.96944831516e-05,48876.8158575,0.507231023515,0.316670895025,0.316670895025,0.63334179005,4.02455846427e-16,4.51028103754e-16,0.08,96369.5116827
2010-06-07,96181.0351642,-0.00139351086054,-0.00195576915493,49.167995158,5.01656211249,0.000510202804803,5.20554895931e-05,49167.995158,0.510202804803,0.306244415108,0.306244415108,0.612488830217,-2.77555756156e-17,4.51028103754e-17,0.08,96181.0351642
2010-06-08,96358.498409,0.00216007936684,0.00184509601537,28.6814574144,1.6139673895,0.000298202835574,1.67805158964e-05,28681.4574144,0.298202835574,0.229903479366,0.229903479366,0.459806958732,-1.52655665886e-16,-1.05818132035e-16,0.08,96358.498409
2010-06-09,96395.407164,0.000801592401216,0.000383035804803,39.1176136747,1.21387145483,0.000405959145489,1.25974509242e-05,39117.6136747,0.405959145489,0.304846871878,0.304846871878,0.609693743756,1.38777878078e-17,-1.73472347598e-17,0.08,96395.407164
2010-06-10,96193.1386358,-0.00181748461446,-0.00209832121756,25.4611757797,1.61018292259,0.000264132664914,1.67039381851e-05,25461.1757797,0.264132664914,0.304127211259,0.304127211259,0.608254422517,-2.22044604925e-16,-2.15105711021e-16,0.08,96193.1386358
2010-06-11,96315.4048324,0.00169931191293,0.00127104904081,39.5929388166,1.60301101345,0.000411598367389,1.66645047265e-05,39592.9388166,0.411598367389,0.274227102887,0.274227102887,0.548454205775,-2.35922392733e-16,-2.49800180541e-16,0.08,96315.4048324
2010-06-14,96222.7575646,-0.000518915243201,-0.000961915365373,38.3259890781,4.34174702969,0.0003979216943,4.50784278719e-05,38325.9890781,0.3979216943,0.347819191045,0.347819191045,0.69563838209,2.91433543964e-16,2.63677968348e-16,0.08,96222.7575646
2010-06-15,96198.7934445,5.55653500765e-05,-0.000249048360999,27.4769015897,1.83386968199,0.000285555125265,1.90585858107e-05,27476.9015897,0.285555125265,0.3295836969,0.3295836969,0.6591673938,8.53483950181e-16,7.25114412958e-16,0.08,96198.7934445
2010-06-16,96267.4420903,0.00125034805008,0.000713612336272,49.8960374382,1.73729062908,0.00051867633316,1.80593806521e-05,49896.0374382,0.51867633316,0.460995586028,0.460995586028,0.921991172057,-1.66533453694e-16,-1.38777878078e-16,0.08,96267.4420903
2010-06-17,96123.5219149,-0.000977667877442,-0.0014950036298,47.3708709028,2.43171867846,0.000492075720246,2.52600321111e-05,47370.8709028,0.492075720246,0.381852863324,0.381852863324,0.763705726649,8.04911692853e-16,8.53483950181e-16,0.08,96123.5219149
2010-06-18,96218.6056507,0.0015336945795,0.000989182812766,50.3291535604,2.01123518225,0.000523588322169,2.09234445657e-05,50329.1535604,0.523588322169,0.28890556951,0.28890556951,0.577811139021,-7.6327832943e-17,-1.73472347598e-17,0.08,96218.6056507
2010-06-21,96257.2454395,0.000952330901583,0.00040158333775,48.4226134417,4.56954921584,0.000503256237338,4.74913264949e-05,48422.6134417,0.503256237338,0.253501082976,0.253501082976,0.507002165952,1.80411241502e-16,2.77555756156e-16,0.08,96257.2454395
2010-06-22,95911.9093101,-0.00312786837368,-0.00358763777052,42.9190772681,1.33705840894,0.000445878926538,1.38904703001e-05,42919.0772681,0.445878926538,0.356899219154,0.356899219154,0.713798438308,-3.50414142147e-16,-2.22044604925e-16,0.08,95911.9093101
2010-06-23,96127.7162165,0.00266211630727,0.00225005328332,37.6460864217,1.87566496111,0.000392506902349,1.95561215975e-05,37646.0864217,0.392506902349,0.253655545941,0.253655545941,0.507311091882,-7.49400541622e-16,-5.27355936697e-16,0.08,96127.7162165
2010-06-24,95714.6680145,-0.00377161684196,-0.00429686898096,49.1552157739,1.33607278559,0.000511353204972,1.38989340242e-05,49155.2157739,0.511353204972,0.399548194157,0.399548194157,0.799096388313,-2.08166817117e-16,-8.32667268469e-17,0.08,95714.6680145
2010-06-25,95854.6146609,0.00191010183787,0.00146212330137,40.7826307202,2.0954861786,0.000426085484766,2.18930517346e-05,40782.6307202,0.426085484766,0.309493926772,0.309493926772,0.618987853544,-1.16573417586e-15,-9.71445146547e-16,0.08,95854.6146609
2010-06-28,95474.0135761,-0.00333951106693,-0.00397060784318,55.6168663416,4.8766719601,0.000580221062266,5.08757139899e-05,55616.8663416,0.580221062266,0.357230981595,0.357230981595,0.714461963191,-1.02695629778e-15,-9.71445146547e-16,0.08,95474.0135761
2010-06-29,95327.1374205,-0.00120773586366,-0.00153838882546,29.6999283449,1.86883701845,0.000311078661433,1.95743003614e-05,29699.9283449,0.311078661433,0.347064217646,0.347064217646,0.694128435292,-1.38777878078e-16,-1.11022302463e-16,0.08,95327.1374205
2010-06-30,95391.9367923,0.000980966521372,0.000679757868694,26.9005017291,1.81285689695,0.000282191435273,1.90172174053e-05,26900.5017291,0.282191435273,0.318652235742,0.318652235742,0.637304471484,-4.16333634234e-16,-4.09394740331e-16,0.08,95391.9367923
2010-07-01,95500.1006727,0.00146033586129,0.00113388913179,29.4748047498,1.66558103729,0.000308986333027,1.7460396479e-05,29474.8047498,0.308986333027,0.297858243708,0.297858243708,0.595716487416,-1.94289029309e-15,-1.85268467234e-15,0.08,95500.1006727
2010-07-02,95465.1834494,0.00025037626912,-0.00036562498928,57.2695250814,1.55865711015,0.000599680258744,1.63209996552e-05,57269.5250814,0.599680258744,0.474474542816,0.474474542816,0.948949085632,-2.77555756156e-16,-2.22044604925e-16,0.08,95465.1834494
2010-07-06,95511.3557311,0.00134004071052,0.000483655717194,71.8271040753,9.92784641578,0.000752390572982,0.000103994420343,71827.1040753,0.752390572982,0.317422078298,0.317422078298,0.634844156596,-9.29811783124e-16,-8.89913143176e-16,0.08,95511.3557311
2010-07-07,95311.1470148,-0.0014845187035,-0.00209617709676,56.7590942731,1.66122811163,0.00059426540267,1.73929905917e-05,56759.0942731,0.59426540267,0.357899973656,0.357899973656,0.715799947313,-7.42461647718e-16,-7.04297731247e-16,0.08,95311.1470148
2010-07-08,95404.341344,0.00136533682204,0.000977790448683,35.0683465165,1.86914284963,0.000367935415897,1.96109574606e-05,35068.3465165,0.367935415897,0.294436884005,0.294436884005,0.58887376801,2.35922392733e-16,2.28983498829e-16,0.08,95404.341344
2010-07-09,95687.5941218,0.00326984395549,0.00296897157724,27.165322474,1.53920860197,0.000284738850364,1.61335278907e-05,27165.322474,0.284738850364,0.313009162246,0.313009162246,0.626018324492,2.08166817117e-16,2.06432093641e-16,0.08,95687.5941218
2010-07-12,95415.7206926,-0.00229252337724,-0.00284126099767,47.58391525,4.92346745316,0.000497284059514,5.14535609172e-05,47583.91525,0.497284059514,0.334125885684,0.334125885684,0.668251771368,6.80011602583e-16,6.0368376964e-16,0.08,95415.7206926
2010-07-13,95339.9351977,-0.000388455024736,-0.000794266337195,36.9738822855,1.74689655806,0.000387503044751,1.83082677087e-05,36973.8822855,0.387503044751,0.270332821941,0.270332821941,0.540665643882,1.2490009027e-16,1.11022302463e-16,0.08,95339.9351977
2010-07-14,95183.0295786,-0.00123089556638,-0.00164574916849,38.1398682139,1.41224732743,0.000400040844739,1.48127573666e-05,38139.8682139,0.400040844739,0.30245822118,0.30245822118,0.604916442361,5.96744875736e-16,5.41233724505e-16,0.08,95183.0295786
2010-07-15,95358.4549837,0.00215589697359,0.00184303237543,28.2019268866,1.57747341441,0.000296291544948,1.65730532154e-05,28201.9268866,0.296291544948,0.358986162175,0.358986162175,0.71797232435,3.74700270811e-16,2.63677968348e-16,0.08,95358.4549837
2010-07-16,95776.5520792,0.0048553580082,0.00438447849884,43.0265964257,1.87574607044,0.000451209034722,1.96704746397e-05,43026.5964257,0.451209034722,0.33761541804,0.33761541804,0.67523083608,2.35922392733e-16,2.01227923213e-16,0.08,95776.5520792
2010-07-19,95624.4098364,-0.0010349298752,-0.00158851242382,47.7047800165,5.31544778115,0.000498084123733,5.54984248833e-05,47704.7800165,0.498084123733,0.299801810796,0.299801810796,0.599603621591,-7.6327832943e-17,-7.2858385991e-17,0.08,95624.4098364
2010-07-20,95573.3490776,-0.000178645849453,-0.000533972014591,32.4069851845,1.57086965617,0.000338898668656,1.64274964819e-05,32406.9851845,0.338898668656,0.344274097995,0.344274097995,0.688548195989,-6.93889390391e-17,-5.89805981832e-17,0.08,95573.3490776
2010-07-21,95503.6277438,-0.000207271217064,-0.000729506023222,48.1088018379,1.80292759156,0.000503370472021,1.88643341367e-05,48108.8018379,0.503370472021,0.368262287145,0.368262287145,0.736524574291,-1.38777878078e-17,2.77555756156e-17,0.08,95503.6277438
2010-07-22,95627.7853884,0.00162384635553,0.0013000306641,28.9984289022,1.92714434979,0.000303636935971,2.017875546e-05,28998.4289022,0.303636935971,0.27768158204,0.27768158204,0.555363164079,-1.11022302463e-16,-6.59194920871e-17,0.08,95627.7853884
2010-07-23,95787.8560972,0.00194189640326,0.00167389329535,24.1735258923,1.45501779362,0.00025278767875,1.52154291529e-05,24173.5258923,0.25278767875,0.255469230411,0.255469230411,0.510938460822,-4.16333634234e-17,1.38777878078e-17,0.08,95787.8560972
2010-07-26,95858.0739104,0.00109144491434,0.000733055483559,30.3067497623,4.0226054597,0.000316394488792,4.19949419854e-05,30306.7497623,0.316394488792,0.282215959196,0.282215959196,0.564431918392,5.82867087928e-16,4.99600361081e-16,0.08,95858.0739104
2010-07-27,95842.2179145,0.000127801322895,-0.000165411166401,26.6244459348,1.48233853563,0.000277748601121,1.54638881751e-05,26624.4459348,0.277748601121,0.273782136054,0.273782136054,0.547564272109,1.80411241502e-16,1.87350135405e-16,0.08,95842.2179145
2010-07-28,95837.9497765,0.000658233869792,-4.45329639618e-05,65.9169299884,1.43780203533,0.000687765072874,1.50017608797e-05,65916.9299884,0.687765072874,0.432746016817,0.432746016817,0.865492033633,-1.80411241502e-16,-8.32667268469e-17,0.08,95837.9497765
2010-07-29,96121.0083756,0.00348548662469,0.00295351267178,48.7107729257,2.2725200562,0.000508261842404,2.37121105105e-05,48710.7729257,0.508261842404,0.374672305973,0.374672305973,0.749344611946,1.66533453694e-16,1.80411241502e-16,0.08,96121.0083756
2010-07-30,95899.066899,-0.00167148629671,-0.00230897990345,59.3031650328,1.97336328003,0.000616963617372,2.05299893684e-05,59303.1650328,0.616963617372,0.325320270015,0.325320270015,0.650640540031,1.11022302463e-16,1.11022302463e-16,0.08,95899.066899
2010-08-02,95824.352154,-0.000317802061841,-0.000779097726012,39.1094001414,5.12842361717,0.000407818359511,5.34773046601e-05,39109.4001414,0.407818359511,0.329638388111,0.329638388111,0.659276776222,-1.80411241502e-16,-2.08166817117e-16,0.08,95824.352154
2010-08-03,95421.4056357,-0.00365812629471,-0.00420505340497,50.6781204008,1.73081561566,0.000528864732833,1.80623774308e-05,50678.1204008,0.528864732833,0.422466648766,0.422466648766,0.844933297533,-2.70616862252e-16,-2.98372437868e-16,0.08,95421.4056357
2010-08-04,95499.403481,0.00134436996927,0.000817404069089,48.0749303993,2.20889651833,0.000503817042717,2.31488574666e-05,48074.9303993,0.503817042717,0.419165905269,0.419165905269,0.838331810537,4.02455846427e-16,3.53883589099e-16,0.08,95499.403481
2010-08-05,95383.628792,-0.000828840282914,-0.00121230798029,34.4275065506,2.19342980344,0.000360499702571,2.29679948092e-05,34427.5065506,0.360499702571,0.286349292429,0.286349292429,0.572698584859,4.57966997658e-16,4.30211422042e-16,0.08,95383.628792
2010-08-06,95440.3069508,0.000884076269322,0.000594212649386,26.1516392879,1.49660463638,0.000274173247748,1.56903721879e-05,26151.6392879,0.274173247748,0.229974780143,0.229974780143,0.459949560286,1.52655665886e-16,7.2858385991e-17,0.08,95440.3069508
2010-08-09,95453.2977015,0.000367677096204,0.000136113882471,18.4924318233,3.60803237389,0.000193759140284,3.78040734482e-05,18492.4318233,0.193759140284,0.221670170031,0.221670170031,0.443340340062,5.82867087928e-16,5.06539254985e-16,0.08,95453.2977015
2010-08-10,95299.7774486,-0.00120652409786,-0.00160832843523,37.1941436232,1.15940540995,0.000389658026687,1.21463106866e-05,37194.1436232,0.389658026687,0.337801732997,0.337801732997,0.675603465994,3.88578058619e-16,3.33066907388e-16,0.08,95299.7774486
2010-08-11,95609.8096155,0.00372787337652,0.00325323075475,43.4693674559,1.76396876583,0.000456132937764,1.85096839998e-05,43469.3674559,0.456132937764,0.298072385,0.298072385,0.59614477,6.38378239159e-16,4.71844785466e-16,0.08,95609.8096155
2010-08-12,95460.5218787,-0.0010603165392,-0.00156142698588,46.34950487,1.56156953323,0.000484777713254,1.63327334247e-05,46349.50487,0.484777713254,0.326401821015,0.326401821015,0.652803642031,-1.80411241502e-16,-1.73472347598e-16,0.08,95460.5218787
2010-08-13,95463.7194315,0.000504208999807,3.34960758186e-05,43.2271869584,1.70731442062,0.0004528278927,1.78850312885e-05,43227.1869584,0.4528278927,0.23150339967,0.23150339967,0.463006799341,-3.33066907388e-16,-3.33066907388e-16,0.08,95463.7194315
2010-08-16,95457.5884644,0.000326093137418,-6.42230067512e-05,33.6281252995,3.63290557703,0.000352260790798,3.80553533705e-05,33628.1252995,0.352260790798,0.331912151163,0.331912151163,0.663824302326,-6.38378239159e-16,-6.66133814775e-16,0.08,95457.5884644
2010-08-17,95470.5057961,0.000616178775141,0.000135320112654,44.1655242841,1.73608402915,0.0004626716953,1.8186967187e-05,44165.5242841,0.4626716953,0.465622313327,0.465622313327,0.931244626654,-1.89431803577e-15,-1.71390679427e-15,0.08,95470.5057961
2010-08-18,95914.9542588,0.00538555035449,0.00465534836195,67.2769619027,2.43579165826,0.000704688441123,2.55135514152e-05,67276.9619027,0.704688441123,0.418838017825,0.418838017825,0.83767603565,-2.01227923213e-16,-2.22044604925e-16,0.08,95914.9542588
2010-08-19,95856.2961063,-3.48007138436e-05,-0.000611564202502,53.1189927111,2.20125092173,0.000553813460285,2.2950028374e-05,53118.9927111,0.553813460285,0.289857324525,0.289857324525,0.57971464905,3.05311331772e-16,2.8449465006e-16,0.08,95856.2961063
2010-08-20,95890.1404711,0.000846783413147,0.000353073988181,45.8027102805,1.52244654949,0.000477826831841,1.58825931247e-05,45802.7102805,0.477826831841,0.319260945752,0.319260945752,0.638521891504,-1.52655665886e-16,-1.2490009027e-16,0.08,95890.1404711
2010-08-23,95931.6423955,0.000957896884225,0.000432807003836,45.3185078258,5.03243456467,0.000472608629032,5.24812513565e-05,45318.5078258,0.472608629032,0.341528257317,0.341528257317,0.683056514634,5.41233724505e-16,5.51642065361e-16,0.08,95931.6423955
2010-08-24,95964.0174062,0.000706910270097,0.000337480000651,33.6447995315,1.79525296706,0.000350716392332,1.87138771133e-05,33644.7995315,0.350716392332,0.331686826285,0.331686826285,0.66337365257,-5.89805981832e-17,-1.47451495458e-16,0.08,95964.0174062
2010-08-25,95886.2084763,-0.000243499896082,-0.000810813594396,52.6975920104,1.74410960937,0.000549139077695,1.81746206184e-05,52697.5920104,0.549139077695,0.269863587433,0.269863587433,0.539727174865,1.31838984174e-15,1.13797860024e-15,0.08,95886.2084763
2010-08-26,95788.5215416,-0.000566214296191,-0.00101877982504,41.9769188842,1.41787376464,0.000437778482967,1.47870458867e-05,41976.9188842,0.437778482967,0.268380478636,0.268380478636,0.536760957272,-9.71445146547e-17,-3.46944695195e-17,0.08,95788.5215416
2010-08-27,95855.6519143,0.00105365500529,0.000700818548995,32.3890376038,1.40864489091,0.000338130676646,1.47057796513e-05,32389.0376038,0.338130676646,0.260709064314,0.260709064314,0.521418128628,3.67761376907e-16,2.77555756156e-16,0.08,95855.6519143
2010-08-30,95894.6641949,0.000873596150652,0.000406989883247,40.6188308558,4.10801709367,0.00042374998286,4.28562845448e-05,40618.8308558,0.42374998286,0.280004609874,0.280004609874,0.560009219748,1.56125112838e-16,8.32667268469e-17,0.08,95894.6641949
2010-08-31,95789.3598038,-0.000793043643713,-0.00109812565699,27.7844523908,1.47128482394,0.000289739294924,1.53427183493e-05,27784.4523908,0.289739294924,0.241051674769,0.241051674769,0.482103349539,-2.08166817117e-16,-2.15105711021e-16,0.08,95789.3598038
2010-09-01,95713.2612698,-0.000428387767862,-0.000794436188842,33.7983282533,1.26521564963,0.000352840110035,1.32083109463e-05,33798.3282533,0.352840110035,0.338668071052,0.338668071052,0.677336142104,-4.16333634234e-17,0,0.08,95713.2612698
2010-09-02,95485.0457468,-0.00194359466652,-0.00238436680575,40.4115731382,1.77616578457,0.000422214984654,1.85571545782e-05,40411.5731382,0.422214984654,0.25710949402,0.25710949402,0.51421898804,1.2490009027e-16,1.11022302463e-16,0.08,95485.0457468
2010-09-03,95843.1751947,0.0040579238121,0.00375063388288,27.9963813436,1.34521160539,0.000293201737766,1.40881914532e-05,27996.3813436,0.293201737766,0.250988611586,0.250988611586,0.501977223171,4.23272528138e-16,3.88578058619e-16,0.08,95843.1751947
2010-09-07,95939.3408223,0.00172426729155,0.00100336437526,63.8211761819,5.27244832264,0.000665891713753,5.50112025393e-05,63821.1761819,0.665891713753,0.385795359479,0.385795359479,0.771590718958,2.16493489802e-15,2.14411821631e-15,0.08,95939.3408223
2010-09-08,95754.6088014,-0.00136198356781,-0.00192550854813,52.0361081638,2.02810698525,0.000542385508571,2.11394717523e-05,52036.1081638,0.542385508571,0.292072541949,0.292072541949,0.584145083898,9.71445146547e-16,9.29811783124e-16,0.08,95754.6088014
2010-09-09,95781.319697,0.00062263917986,0.000278951539964,31.3772211522,1.53245435594,0.000327683664995,1.60039749013e-05,31377.2211522,0.327683664995,0.332841139216,0.332841139216,0.665682278431,7.6327832943e-17,8.32667268469e-17,0.08,95781.319697
2010-09-10,95476.1252283,-0.00275051320171,-0.00318636733885,39.9998371323,1.74684731855,0.0004176162665,1.82378706419e-05,39999.8371323,0.4176162665,0.372998891713,0.372998891713,0.745997783426,1.11022302463e-15,1.08246744901e-15,0.08,95476.1252283
2010-09-13,95397.293549,-0.000335793919698,-0.000825669025635,40.9172691971,5.85410776359,0.000428560219629,6.1314886309e-05,40917.2691971,0.428560219629,0.239502888589,0.239502888589,0.479005777177,5.27355936697e-16,4.99600361081e-16,0.08,95397.293549
2010-09-14,95334.583115,-0.000425574038444,-0.00065736072455,20.8598813095,1.25194122567,0.000218663240156,1.31234459501e-05,20859.8813095,0.218663240156,0.230118202991,0.230118202991,0.460236405983,5.58580959265e-16,4.99600361081e-16,0.08,95334.583115
2010-09-15,95236.4580039,-0.000644400932393,-0.00102927088845,35.489322406,1.20209440818,0.000372260739455,1.26092166023e-05,35489.322406,0.372260739455,0.200226886752,0.200226886752,0.400453773504,-1.28369537222e-16,-1.1622647289e-16,0.08,95236.4580039
2010-09-16,95201.249274,-0.000110841481124,-0.000369698019752,23.607708665,1.04487120501,0.000247885202367,1.09713362604e-05,23607.708665,0.247885202367,0.246418837787,0.246418837787,0.492837675575,-3.12250225676e-17,0,0.08,95201.249274
2010-09-17,94768.7601675,-0.00406428164192,-0.00454289318473,44.2789712469,1.28544554531,0.000465109140737,1.35024020705e-05,44278.9712469,0.465109140737,0.332431092774,0.332431092774,0.664862185549,5.55111512313e-16,5.96744875736e-16,0.08,94768.7601675
2010-09-20,94752.2783335,0.00022716837976,-0.000173916319801,32.8315464114,5.17875328822,0.00034643849253,5.46462070314e-05,32831.5464114,0.34643849253,0.285638731574,0.285638731574,0.571277463148,5.55111512313e-17,7.97972798949e-17,0.08,94752.2783335
2010-09-21,95011.7701092,0.00308824692573,0.0027386336273,31.6436472145,1.48300934778,0.000333961861087,1.56514373465e-05,31643.6472145,0.333961861087,0.251212514906,0.251212514906,0.502425029813,8.60422844084e-16,7.56339435526e-16,0.08,95011.7701092
2010-09-22,94653.553867,-0.00338239175892,-0.00377023017033,35.5413703832,1.30784360081,0.000374073342096,1.37650693099e-05,35541.3703832,0.374073342096,0.259966533252,0.259966533252,0.519933066504,4.16333634234e-16,4.57966997658e-16,0.08,94653.553867
2010-09-23,94398.8209821,-0.00236668407872,-0.0026912131079,29.3695105333,1.34831541144,0.000310284287631,1.4244741548e-05,29369.5105333,0.310284287631,0.262399045359,0.262399045359,0.524798090718,5.27355936697e-16,5.6898930012e-16,0.08,94398.8209821
2010-09-24,94455.4630198,0.000820612345398,0.000600029080298,19.4655310848,1.35726906897,0.000206205235217,1.43780298827e-05,19465.5310848,0.206205235217,0.32128130801,0.32128130801,0.64256261602,2.77555756156e-17,7.8062556419e-17,0.08,94455.4630198
2010-09-27,94329.7207001,-0.000856379618533,-0.0013312339567,39.8640754676,4.98851091086,0.000422040972466,5.28133657003e-05,39864.0754676,0.422040972466,0.383215379878,0.383215379878,0.766430759756,7.49400541622e-16,7.00828284295e-16,0.08,94329.7207001
2010-09-28,94219.2522253,-0.000798820807398,-0.0011710887508,33.1351859351,1.98074519188,0.000351269840398,2.0998103007e-05,33135.1859351,0.351269840398,0.399846064608,0.399846064608,0.799692129215,8.60422844084e-16,8.43075609325e-16,0.08,94219.2522253
2010-09-29,93866.1880704,-0.00330814365999,-0.00374726127162,39.3090482279,2.06428477877,0.000417208238226,2.19093734032e-05,39309.0482279,0.417208238226,0.281943795902,0.281943795902,0.563887591803,2.77555756156e-16,2.35922392733e-16,0.08,93866.1880704
2010-09-30,93905.2255116,0.000844210956804,0.000415883951697,38.7552868131,1.45013640391,0.000412878029989,1.54489751179e-05,38755.2868131,0.412878029989,0.400000991591,0.400000991591,0.800001983181,1.11022302463e-16,1.2490009027e-16,0.08,93905.2255116
2010-10-01,93924.6111731,0.000599162186925,0.000206438581202,34.8205969334,2.05820182576,0.00037080574317,2.19178625529e-05,34820.5969334,0.37080574317,0.437754253213,0.437754253213,0.875508506426,1.66533453694e-16,1.11022302463e-16,0.08,93924.6111731
2010-10-04,93946.4784186,0.00084530970521,0.000232816992488,50.7693621316,6.75877775711,0.000540533109453,7.19596032679e-05,50769.3621316,0.540533109453,0.454186276191,0.454186276191,0.908372552382,-2.08166817117e-16,-3.05311331772e-16,0.08,93946.4784186
2010-10-05,94006.5019248,0.00114331794464,0.000638911721295,45.0491499543,2.3380384216,0.000479519304104,2.48869192433e-05,45049.1499543,0.479519304104,0.315048636296,0.315048636296,0.630097272592,-8.32667268469e-17,-6.93889390391e-17,0.08,94006.5019248
2010-10-06,93633.337254,-0.00334180359318,-0.00396956235164,57.3905764294,1.62282850599,0.000610495819484,1.72629389751e-05,57390.5764294,0.610495819484,0.467228876228,0.467228876228,0.934457752457,-1.14491749414e-16,-1.2490009027e-16,0.08,93633.337254
2010-10-07,93789.3781898,0.00228692521435,0.00166651045802,55.6943425308,2.3971615859,0.000594813174069,2.56015822591e-05,55694.3425308,0.594813174069,0.285963550442,0.285963550442,0.571927100884,4.23272528138e-16,3.88578058619e-16,0.08,93789.3781898
2010-10-08,93777.612665,0.000217400681261,-0.000125446238969,30.6857915952,1.46960786745,0.000327177684589,1.56692356407e-05,30685.7915952,0.327177684589,0.318592302327,0.318592302327,0.637184604654,1.38777878078e-16,1.66533453694e-16,0.08,93777.612665
2010-10-11,93709.4160922,-0.000274732547489,-0.000727215919481,37.5215514056,4.91125899052,0.000400112034624,5.23713373688e-05,37521.5514056,0.400112034624,0.319218322066,0.319218322066,0.638436644132,2.49800180541e-16,2.77555756156e-16,0.08,93709.4160922
2010-10-12,93829.9124845,0.00156636305777,0.00128585148986,24.6474649585,1.63911027763,0.000263020153004,1.74914149077e-05,24647.4649585,0.263020153004,0.293884337904,0.293884337904,0.587768675808,3.88578058619e-16,4.02455846427e-16,0.08,93829.9124845
2010-10-13,93623.8554893,-0.00179247108267,-0.00219606935294,36.358623709,1.51096666883,0.000387495018873,1.6103251392e-05,36358.623709,0.387495018873,0.363720847175,0.363720847175,0.72744169435,-1.66533453694e-16,-9.71445146547e-17,0.08,93623.8554893
2010-10-14,93327.829948,-0.00265240857806,-0.00316186018711,45.8309088633,1.86591496079,0.000489521699611,1.99299094343e-05,45830.9088633,0.489521699611,0.411670831549,0.411670831549,0.823341663099,-1.2490009027e-16,-2.08166817117e-17,0.08,93327.829948
2010-10-15,92461.3250037,-0.00883829827866,-0.00928452900724,39.5405211511,2.10522440337,0.000423673422741,2.25573058383e-05,39540.5211511,0.423673422741,0.38004659561,0.38004659561,0.760093191221,2.74086309204e-16,3.17454396104e-16,0.08,92461.3250037
2010-10-18,92684.5892427,0.00275281404063,0.00241467704415,25.4882201856,5.77637454136,0.000275663583499,6.2473412977e-05,25488.2201856,0.275663583499,0.370460938119,0.370460938119,0.740921876238,5.82867087928e-16,6.38378239159e-16,0.08,92684.5892427
2010-10-19,92872.3015495,0.0023024132747,0.00202528066812,23.8044960602,1.88142574685,0.000256833377099,2.0299229486e-05,23804.4960602,0.256833377099,0.367098003045,0.367098003045,0.734196006089,2.98372437868e-16,3.64291929955e-16,0.08,92872.3015495
2010-10-20,92789.7736038,-0.000398255274541,-0.000888617428068,43.6729392463,1.86812254449,0.000470247194455,2.01149590709e-05,43672.9392463,0.470247194455,0.33706761499,0.33706761499,0.67413522998,2.91433543964e-16,2.56739074445e-16,0.08,92789.7736038
2010-10-21,92634.624616,-0.00131104466432,-0.00167204834935,31.7836733441,1.7137768594,0.000342534226669,1.84694583556e-05,31783.6733441,0.342534226669,0.296889437703,0.296889437703,0.593778875405,1.73472347598e-16,1.94289029309e-16,0.08,92634.624616
2010-10-22,92421.0490892,-0.00193973236366,-0.00230556908552,32.3821752569,1.50697214323,0.000349568807465,1.62679143947e-05,32382.1752569,0.349568807465,0.284682011074,0.284682011074,0.569364022148,1.38777878078e-17,-1.38777878078e-17,0.08,92421.0490892
2010-10-25,92309.7719933,-0.000733715433583,-0.00120402329323,39.1413139833,4.3250318006,0.000423510816736,4.67970429163e-05,39141.3139833,0.423510816736,0.377481257218,0.377481257218,0.754962514437,2.77555756156e-17,-4.16333634234e-17,0.08,92309.7719933
2010-10-26,92172.0477566,-0.00108733939067,-0.00149197895071,35.4428590178,1.9093265088,0.000383955655533,2.06839045051e-05,35442.8590178,0.383955655533,0.32516848108,0.32516848108,0.650336962159,1.73472347598e-16,9.36750677027e-17,0.08,92172.0477566
2010-10-27,92556.1607461,0.00464337590194,0.00416734789897,42.2342048773,1.64227094614,0.000458210551954,1.78174510181e-05,42234.2048773,0.458210551954,0.392979534544,0.392979534544,0.785959069089,4.16333634234e-17,0,0.08,92556.1607461
2010-10-28,92519.1780018,0.000220022560596,-0.000399570855709,55.3541644412,1.99302339557,0.000598060291124,2.15331251805e-05,55354.1644412,0.598060291124,0.321062382455,0.321062382455,0.64212476491,-2.49800180541e-16,-2.22044604925e-16,0.08,92519.1780018
2010-10-29,92121.6041862,-0.00379754370982,-0.00429720436464,44.6005531887,1.62763987463,0.000482068195503,1.75924593126e-05,44600.5531887,0.482068195503,0.308086595226,0.308086595226,0.616173190452,-4.16333634234e-16,-3.33066907388e-16,0.08,92121.6041862
2010-11-01,92132.7977097,0.000603159499226,0.000121508125154,39.7050564632,4.66544077488,0.000431007002254,5.0644371818e-05,39705.0564632,0.431007002254,0.293994771158,0.293994771158,0.587989542317,-7.6327832943e-17,-8.32667268469e-17,0.08,92132.7977097
2010-11-02,92142.0367871,0.000392827446614,0.00010028000481,25.4690191651,1.48419511117,0.000276438139276,1.61093025292e-05,25469.0191651,0.276438139276,0.281997156249,0.281997156249,0.563994312499,-4.16333634234e-17,-5.55111512313e-17,0.08,92142.0367871
2010-11-03,92177.4559933,0.000687625655847,0.000384397909113,26.5162527509,1.42376944356,0.000287775847761,1.54518989726e-05,26516.2527509,0.287775847761,0.300425503851,0.300425503851,0.600851007702,1.80411241502e-16,1.94289029309e-16,0.08,92177.4559933
2010-11-04,92242.7772176,0.00115119423922,0.00070864642063,39.2755370781,1.5173949951,0.000426086147148,1.64616714439e-05,39275.5370781,0.426086147148,0.27573903684,0.27573903684,0.55147807368,-6.93889390391e-18,1.73472347598e-17,0.08,92242.7772176
2010-11-05,92054.2037134,-0.00134252366723,-0.0020443172884,63.341697607,1.39369504359,0.000686684632853,1.510898832e-05,63341.697607,0.686684632853,0.392227597789,0.392227597789,0.784455195577,3.60822483003e-16,3.05311331772e-16,0.08,92054.2037134
2010-11-08,92028.6930019,0.000174144143791,-0.000277127067444,35.6061463889,5.93526562008,0.000386795441735,6.44757694995e-05,35606.1463889,0.386795441735,0.352403597524,0.352403597524,0.704807195047,-9.71445146547e-17,-5.55111512313e-17,0.08,92028.6930019
2010-11-09,91952.9556278,-0.00045725974043,-0.000822975656794,31.8793034101,1.77705438297,0.000346406130199,1.93097861657e-05,31879.3034101,0.346406130199,0.322455242357,0.322455242357,0.644910484715,-2.49800180541e-16,-2.49800180541e-16,0.08,91952.9556278
2010-11-10,91682.7738158,-0.00265331760703,-0.00293826131139,24.5767192234,1.62469658041,0.000267274923961,1.76687804031e-05,24576.7192234,0.267274923961,0.274350480266,0.274350480266,0.548700960532,-2.77555756156e-17,-5.55111512313e-17,0.08,91682.7738158
2010-11-11,91689.1467979,0.00034030379427,6.95112266096e-05,23.4487554837,1.37825824814,0.000255759664632,1.50329030283e-05,23448.7554837,0.255759664632,0.28003449323,0.28003449323,0.56006898646,-3.33066907388e-16,-3.33066907388e-16,0.08,91689.1467979
2010-11-12,91602.6514089,-0.000645693667525,-0.000943354715651,25.8853766467,1.40691089086,0.000282316692332,1.53443557934e-05,25885.3766467,0.282316692332,0.260700035178,0.260700035178,0.521400070356,-4.16333634234e-17,-3.46944695195e-17,0.08,91602.6514089
2010-11-15,91620.4593809,0.000629329419573,0.000194404547451,35.9146581167,3.92561333337,0.000392070071819,4.28548003032e-05,35914.6581167,0.392070071819,0.278778448089,0.278778448089,0.557556896177,-1.38777878078e-17,-6.93889390391e-18,0.08,91620.4593809
2010-11-16,91673.2427502,0.00120977014418,0.000576108979474,56.656775798,1.39955120435,0.000618385633306,1.52755314021e-05,56656.775798,0.618385633306,0.4373298886,0.4373298886,0.8746597772,-3.26128013484e-16,-3.95516952523e-16,0.08,91673.2427502
2010-11-17,91409.1522554,-0.00222855208839,-0.00288078055196,57.5951065408,2.19679172819,0.000628265181998,2.39632815671e-05,57595.1065408,0.628265181998,0.23128707162,0.23128707162,0.46257414324,-3.88578058619e-16,-4.02455846427e-16,0.08,91409.1522554
2010-11-18,91639.6670313,0.00283915711148,0.00252179098356,27.8517163714,1.15845233668,0.000304692863725,1.26732641984e-05,27851.7163714,0.304692863725,0.232475632973,0.232475632973,0.464951265946,-4.64905891562e-16,-4.99600361081e-16,0.08,91639.6670313
2010-11-19,91450.6271855,-0.0016211814386,-0.00206286046156,39.3079767035,1.16734189581,0.000428940632118,1.27383908478e-05,39307.9767035,0.428940632118,0.367353059209,0.367353059209,0.734706118417,-1.07552855511e-16,-1.80411241502e-16,0.08,91450.6271855
2010-11-22,91533.6135502,0.00130652705776,0.000907444456756,30.9739430382,5.52241112271,0.000338695796753,6.03868042535e-05,30973.9430382,0.338695796753,0.302030710439,0.302030710439,0.604061420877,1.87350135405e-16,8.32667268469e-17,0.08,91533.6135502
2010-11-23,91361.9942434,-0.00136518965586,-0.00187493206264,45.1437172215,1.51484725094,0.000493192778811,1.65496279692e-05,45143.7172215,0.493192778811,0.402574183267,0.402574183267,0.805148366534,9.02056207508e-16,8.60422844084e-16,0.08,91361.9942434
2010-11-24,91073.6057814,-0.00274972625416,-0.00315654736217,35.1526463462,2.0153413816,0.00038476224865,2.20588593571e-05,35152.6463462,0.38476224865,0.452178838186,0.452178838186,0.904357676373,2.42861286637e-16,3.33066907388e-16,0.08,91073.6057814
2010-11-26,91016.307923,-0.000141308925308,-0.000629137914821,39.9152977096,4.51304737005,0.000438275144232,4.95538452807e-05,39915.2977096,0.438275144232,0.351468880765,0.351468880765,0.702937761529,4.64905891562e-16,4.85722573274e-16,0.08,91016.307923
2010-11-29,91103.425613,0.00150825110139,0.000957165720733,44.8992252109,5.25853148663,0.000493309674227,5.77757064271e-05,44899.2252109,0.493309674227,0.391569435788,0.391569435788,0.783138871577,2.22044604925e-16,2.48065457065e-16,0.08,91103.425613
2010-11-30,90749.5169722,-0.00344890189066,-0.00388469081547,37.747161595,1.95470229949,0.000414333065315,2.14558594953e-05,37747.161595,0.414333065315,0.267059474192,0.267059474192,0.534118948384,-3.88578058619e-16,-2.91433543964e-16,0.08,90749.5169722
2010-12-01,90660.3162927,-0.000535988167656,-0.000982932829507,39.2320385716,1.3279736047,0.000432311266005,1.46333958461e-05,39232.0385716,0.432311266005,0.330919781298,0.330919781298,0.661839562595,-4.30211422042e-16,-3.76434994287e-16,0.08,90660.3162927
2010-12-02,90644.8199926,0.000413254760492,-0.000170927047085,51.3182010342,1.64390641315,0.000566049216821,1.8132590756e-05,51318.2010342,0.566049216821,0.423522657675,0.423522657675,0.847045315349,3.60822483003e-16,3.33066907388e-16,0.08,90644.8199926
2010-12-03,90694.8167751,0.00110317152185,0.000551568004782,47.8964324673,2.10356904481,0.000528396796102,2.32067209685e-05,47896.4324673,0.528396796102,0.317976370357,0.317976370357,0.635952740713,8.32667268469e-17,9.71445146547e-17,0.08,90694.8167751
2010-12-06,90729.7852875,0.00071233945792,0.000385562412576,24.8963581746,4.74062607917,0.000274506957066,5.22700882778e-05,24896.3581746,0.274506957066,0.315059808638,0.315059808638,0.630119617276,1.2490009027e-16,5.55111512313e-17,0.08,90729.7852875
2010-12-07,90624.7691993,-0.000728030501446,-0.00115745989964,37.3957188048,1.56631828989,0.00041216584704,1.72635511583e-05,37395.7188048,0.41216584704,0.278968758414,0.278968758414,0.557937516828,1.38777878078e-16,6.93889390391e-17,0.08,90624.7691993
2010-12-08,90799.0400959,0.00228600604618,0.0019229941016,31.5125871544,1.38528653946,0.000347725985212,1.52859593652e-05,31512.5871544,0.347725985212,0.247257486308,0.247257486308,0.494514972617,2.77555756156e-17,4.16333634234e-17,0.08,90799.0400959
2010-12-09,90875.8546986,0.00128205854194,0.000845984743508,38.3649046421,1.23017766648,0.000422525443018,1.35483554142e-05,38364.9046421,0.422525443018,0.316511719708,0.316511719708,0.633023439416,-3.05311331772e-16,-2.63677968348e-16,0.08,90875.8546986
2010-12-10,90709.5249075,-0.00123460213394,-0.00183029685458,52.5581971216,1.5760697562,0.000578351612713,1.73431079292e-05,52558.1971216,0.578351612713,0.337536328421,0.337536328421,0.675072656842,-8.32667268469e-17,-8.32667268469e-17,0.08,90709.5249075
2010-12-13,90519.7715255,-0.00182722486242,-0.00209187935047,18.9736264392,5.03305643673,0.000209169064203,5.54854238501e-05,18973.6264392,0.209169064203,0.327032801312,0.327032801312,0.654065602625,-9.71445146547e-17,-1.04083408559e-16,0.08,90519.7715255
2010-12-14,90461.6187387,-0.000326532940759,-0.000642431877802,26.973021006,1.62207860034,0.000297979331492,1.79196055514e-05,26973.021006,0.297979331492,0.295003352733,0.295003352733,0.590006705467,1.14491749414e-16,1.17961196366e-16,0.08,90461.6187387
2010-12-15,90296.3483901,-0.00153858179875,-0.0018269665179,24.6254755921,1.46227292173,0.000272220151877,1.61645672731e-05,24625.4755921,0.272220151877,0.214529797559,0.214529797559,0.429059595119,-1.04083408559e-16,-1.28369537222e-16,0.08,90296.3483901
2010-12-16,90277.8081806,0.000144769036496,-0.000205326237715,30.5508860916,1.06143875838,0.000338340216811,1.17550574005e-05,30550.8860916,0.338340216811,0.30716759416,0.30716759416,0.61433518832,9.71445146547e-17,5.55111512313e-17,0.08,90277.8081806
2010-12-17,90139.1041354,-0.00122545919764,-0.00153641352183,26.5527999201,1.51947491205,0.00029412322314,1.68311010499e-05,26552.7999201,0.29412322314,0.341637855028,0.341637855028,0.683275710057,4.4408920985e-16,4.02455846427e-16,0.08,90139.1041354
2010-12-20,90090.6471853,-0.000108340553263,-0.000537579672511,33.6290493635,5.06218030537,0.000373079471846,5.61596474019e-05,33629.0493635,0.373079471846,0.327157909301,0.327157909301,0.654315818602,4.71844785466e-16,3.88578058619e-16,0.08,90090.6471853
2010-12-21,90334.7240486,0.00303228593347,0.00270923642875,27.4887324987,1.61500645374,0.000305123043928,1.79264607836e-05,27488.7324987,0.305123043928,0.29337003615,0.29337003615,0.5867400723,2.77555756156e-17,4.16333634234e-17,0.08,90334.7240486
2010-12-22,90512.3867946,0.00248784705833,0.00196671598795,45.6240943802,1.45213705533,0.000505055999901,1.6075070474e-05,45624.0943802,0.505055999901,0.272479503701,0.272479503701,0.544959007401,-1.66533453694e-16,-2.42861286637e-16,0.08,90512.3867946
2010-12-23,90508.6176665,0.000429031107952,-4.16421252359e-05,41.2503730659,1.35138467028,0.000455742849424,1.49303837644e-05,41250.3730659,0.455742849424,0.307761158841,0.307761158841,0.615522317682,2.70616862252e-16,2.77555756156e-16,0.08,90508.6176665
2010-12-27,90470.4743925,-8.44043956942e-06,-0.000421432511003,31.2741278909,6.10521360178,0.000345537570866,6.74545005679e-05,31274.1278909,0.345537570866,0.295787450964,0.295787450964,0.591574901929,2.49800180541e-16,1.63064006742e-16,0.08,90470.4743925
2010-12-28,90390.8446732,-0.000261393577248,-0.000880173557153,54.5150152577,1.46630306894,0.000602572448346,1.62075315597e-05,54515.0152577,0.602572448346,0.425859500056,0.425859500056,0.851719000112,-4.85722573274e-17,9.71445146547e-17,0.08,90390.8446732
2010-12-29,90524.8631181,0.00194987367057,0.00148265507836,40.1230338863,2.1092493108,0.000443883825086,2.33347671263e-05,40123.0338863,0.443883825086,0.40368719061,0.40368719061,0.80737438122,-3.74700270811e-16,-2.77555756156e-16,0.08,90524.8631181
2010-12-30,90371.2530546,-0.0010668833985,-0.00169688258216,55.0281938282,2.00239603685,0.000607879337596,2.21198460608e-05,55028.1938282,0.607879337596,0.37727828193,0.37727828193,0.75455656386,-2.49800180541e-16,-3.33066907388e-16,0.08,90371.2530546
2010-12-31,90357.8350894,0.000286048183785,-0.000148476033407,37.4002727251,1.86822526511,0.000413851434621,2.06727825715e-05,37400.2727251,0.413851434621,0.321026030506,0.321026030506,0.642052061012,5.55111512313e-17,0,0.08,90357.8350894
2011-01-03,90405.1795847,0.00108990157911,0.000523966684363,46.3683422265,4.7683096642,0.00051316349247,5.2771402275e-05,46368.3422265,0.51316349247,0.402069198302,0.402069198302,0.804138396604,-5.55111512313e-17,-2.08166817117e-17,0.08,90405.1795847
2011-01-04,90377.6851901,0.000490875473236,-0.000304124107537,69.8803462763,1.99173359331,0.000772968391825,2.20311889481e-05,69880.3462763,0.772968391825,0.392181928137,0.392181928137,0.784363856274,1.17961196366e-16,1.35308431126e-16,0.08,90377.6851901
2011-01-05,90319.1777003,-2.24706750035e-05,-0.000647366545052,54.5344781191,1.94216410073,0.000603406449328,2.14894207198e-05,54534.4781191,0.603406449328,0.336781575026,0.336781575026,0.673563150051,-1.52655665886e-16,-1.4224732503e-16,0.08,90319.1777003
2011-01-06,89973.6303659,-0.00343235834127,-0.00382584677165,33.872820786,1.6667306806,0.000375034645448,1.84537849329e-05,33872.820786,0.375034645448,0.45494608821,0.45494608821,0.90989217642,-5.55111512313e-17,-1.38777878078e-17,0.08,89973.6303659
2011-01-07,90176.2193073,0.00264554276474,0.00225164796206,33.1972329857,2.24291239326,0.000368966249896,2.49285527786e-05,33197.2329857,0.368966249896,0.385713306391,0.385713306391,0.771426612782,-5.55111512313e-17,-4.51028103754e-17,0.08,90176.2193073
2011-01-10,90152.7769821,4.38287400905e-05,-0.000259961278723,21.6770187505,5.71761660935,0.000240385091735,6.3404927078e-05,21677.0187505,0.240385091735,0.350519779522,0.350519779522,0.701039559044,-2.08166817117e-16,-1.38777878078e-16,0.08,90152.7769821
2011-01-11,90208.1701345,0.000871091570825,0.000614436451706,21.4066467009,1.7315250143,0.000237448555857,1.92065632615e-05,21406.6467009,0.237448555857,0.327945477405,0.327945477405,0.655890954811,-1.66533453694e-16,-1.04083408559e-16,0.08,90208.1701345
2011-01-12,90157.360502,-0.00015865340801,-0.000563248676475,34.876792708,1.62100610524,0.000386625653265,1.79696152003e-05,34876.792708,0.386625653265,0.239917595418,0.239917595418,0.479835190836,0,6.93889390391e-18,0.08,90157.360502
2011-01-13,90287.6410428,0.001750799483,0.00144503499241,26.381695454,1.18522395292,0.000292618320979,1.31461696119e-05,26381.695454,0.292618320979,0.268668493546,0.268668493546,0.537336987093,-6.93889390391e-17,-5.55111512313e-17,0.08,90287.6410428
2011-01-14,90146.2320052,-0.00102494794073,-0.00156620591678,47.5397308113,1.32917504136,0.000526536414755,1.47215612902e-05,47539.7308113,0.526536414755,0.237625930181,0.237625930181,0.475251860362,-1.11022302463e-16,-2.77555756156e-17,0.08,90146.2320052
2011-01-18,90085.4174042,-0.000374872138795,-0.00067462166287,22.3262584186,4.6950317222,0.00024766712842,5.20823956561e-05,22326.2584186,0.24766712842,0.183652531946,0.183652531946,0.367305063892,1.38777878078e-17,5.55111512313e-17,0.08,90085.4174042
2011-01-19,90136.9083643,0.000770306974139,0.000571579302703,16.9959219436,0.906543287546,0.000188664519001,1.00631524354e-05,16995.9219436,0.188664519001,0.176744994503,0.176744994503,0.353489989005,9.71445146547e-17,9.02056207508e-17,0.08,90136.9083643
2011-01-20,90135.6628633,0.000248767663513,-1.38178803862e-05,22.7957040466,0.872945061552,0.000252900886666,9.68465723302e-06,22795.7040466,0.252900886666,0.19978420091,0.19978420091,0.399568401819,1.11022302463e-16,6.59194920871e-17,0.08,90135.6628633
2011-01-21,90053.8884814,-0.000641454435811,-0.000907236706277,22.9697388585,0.986722267321,0.000254835190964,1.09470795019e-05,22969.7388585,0.254835190964,0.245589261125,0.245589261125,0.49117852225,9.71445146547e-17,6.24500451352e-17,0.08,90053.8884814
2011-01-24,90020.4927328,4.14591771793e-05,-0.000370841827321,33.4937577869,3.63555089319,0.000371930167055,4.03708374452e-05,33493.7577869,0.371930167055,0.318934189546,0.318934189546,0.637868379093,1.52655665886e-16,3.81639164715e-17,0.08,90020.4927328
2011-01-25,89653.4131973,-0.00373928568042,-0.00407773301755,28.8940117846,1.57318426807,0.000320971491128,1.74758460025e-05,28894.0117846,0.320971491128,0.264072511803,0.264072511803,0.528145023606,3.88578058619e-16,3.05311331772e-16,0.08,89653.4131973
2011-01-26,89637.8078255,5.89041009768e-05,-0.000174063331986,19.5890651446,1.29726038437,0.000218497706289,1.44697266741e-05,19589.0651446,0.218497706289,0.257647889768,0.257647889768,0.515295779536,-5.55111512313e-17,-2.77555756156e-17,0.08,89637.8078255
2011-01-27,89634.0327762,0.00036226777756,-4.2114476186e-05,34.982459734,1.26547901533,0.000390264561155,1.411769259e-05,34982.459734,0.390264561155,0.284994415039,0.284994415039,0.569988830078,2.22044604925e-16,2.08166817117e-16,0.08,89634.0327762
2011-01-28,89705.1283378,0.00111497127872,0.000793175977804,27.4440736325,1.39973691719,0.000306179168586,1.56161323309e-05,27444.0736325,0.306179168586,0.292306416872,0.292306416872,0.584612833744,1.38777878078e-16,1.73472347598e-16,0.08,89705.1283378
2011-01-31,89586.3444035,-0.00089607346446,-0.00132415990552,34.0911845369,4.31036459826,0.000380036071165,4.80503698967e-05,34091.1845369,0.380036071165,0.308319289623,0.308319289623,0.616638579245,-2.22044604925e-16,-1.52655665886e-16,0.08,89586.3444035
2011-02-01,89821.3564555,0.00296260867106,0.00262330217343,28.8837384499,1.51349030501,0.000322412289978,1.68942076506e-05,28883.7384499,0.322412289978,0.3574336715,0.3574336715,0.714867343,-3.88578058619e-16,-3.74700270811e-16,0.08,89821.3564555
2011-02-02,89722.7617881,-0.000570619623414,-0.00109767511068,45.5816510009,1.75918779271,0.000507470080609,1.95854066575e-05,45581.6510009,0.507470080609,0.306163126815,0.306163126815,0.61232625363,-3.33066907388e-16,-2.70616862252e-16,0.08,89722.7617881
2011-02-03,89693.3401893,6.07607781995e-05,-0.000327916776995,33.3680291055,1.50519459154,0.000371901493451,1.67760617433e-05,33368.0291055,0.371901493451,0.399265360743,0.399265360743,0.798530721487,-7.2858385991e-17,-1.04083408559e-16,0.08,89693.3401893
2011-02-04,89776.8048197,0.00135701224238,0.000930555493098,36.288059395,1.96227089463,0.000404579195271,2.18775540133e-05,36288.059395,0.404579195271,0.386505650605,0.386505650605,0.773011301211,-5.6898930012e-16,-7.14706072102e-16,0.08,89776.8048197
2011-02-07,89855.8028698,0.00133963909134,0.000879938312218,35.5664820782,5.70398504484,0.000396165603684,6.3535175442e-05,35566.4820782,0.396165603684,0.273028938485,0.273028938485,0.54605787697,-6.93889390391e-17,-4.85722573274e-17,0.08,89855.8028698
2011-02-08,89936.3687795,0.00126817277829,0.000896613320257,32.0424865952,1.34428682051,0.000356598968256,1.496048978e-05,32042.4865952,0.356598968256,0.341326624115,0.341326624115,0.682653248229,-3.74700270811e-16,-3.05311331772e-16,0.08,89936.3687795
2011-02-09,89888.1831375,0.000191588297922,-0.000535774822271,63.7343333135,1.68206450086,0.000708660291475,1.87028287186e-05,63734.3333135,0.708660291475,0.373336460608,0.373336460608,0.746672921215,4.16333634234e-16,4.47558656802e-16,0.08,89888.1831375
2011-02-10,89987.6941061,0.00159226735741,0.00110705284221,41.7762273056,1.83882389825,0.000464757722844,2.04567923621e-05,41776.2273056,0.464757722844,0.287650047488,0.287650047488,0.575300094977,3.05311331772e-16,3.85108611667e-16,0.08,89987.6941061
2011-02-11,89876.0099757,-0.000651652965873,-0.00124110448116,51.6250284301,1.41835421825,0.000573689868852,1.57616464377e-05,51625.0284301,0.573689868852,0.30168538968,0.30168538968,0.60337077936,-1.38777878078e-17,3.46944695195e-18,0.08,89876.0099757
2011-02-14,89959.6344087,0.00147871020165,0.000930442205692,44.8189981058,4.45714176861,0.00049867587711,4.95921188515e-05,44818.9981058,0.49867587711,0.350181257597,0.350181257597,0.700362515193,-1.94289029309e-16,-1.2490009027e-16,0.08,89959.6344087
2011-02-15,89876.2175131,-0.000355578403225,-0.000927270282522,49.7030457212,1.7261467348,0.000552503865182,1.91880141149e-05,49703.0457212,0.552503865182,0.277101373051,0.277101373051,0.554202746103,-3.46944695195e-17,-9.02056207508e-17,0.08,89876.2175131
2011-02-16,89660.7731941,-0.00204460520856,-0.00239712267595,30.3182887259,1.36464785082,0.000337333830515,1.51836368795e-05,30318.2887259,0.337333830515,0.306974265407,0.306974265407,0.613948530815,-2.22044604925e-16,-1.2490009027e-16,0.08,89660.7731941
2011-02-17,89517.9318314,-0.00118342875732,-0.00159313106,35.2260855126,1.50813972532,0.000392881794989,1.68205076936e-05,35226.0855126,0.392881794989,0.292064755234,0.292064755234,0.584129510468,1.66533453694e-16,2.15105711021e-16,0.08,89517.9318314
2011-02-18,89259.149241,-0.00250952423828,-0.00289084639345,32.7025661531,1.43260453969,0.000365318606943,1.6003548232e-05,32702.5661531,0.365318606943,0.192425540305,0.192425540305,0.38485108061,-1.52655665886e-16,-1.49186218934e-16,0.08,89259.149241
2011-02-22,88966.606811,-0.00292020124112,-0.00327745035099,28.1232058558,3.76454575778,0.000315073648976,4.21754608888e-05,28123.2058558,0.315073648976,0.23831131906,0.23831131906,0.476622638119,-4.16333634234e-17,-1.11022302463e-16,0.08,88966.606811
2011-02-23,88661.2300061,-0.00316548826648,-0.00343248794028,22.592315303,1.16173969432,0.000253941519327,1.3058154469e-05,22592.315303,0.253941519327,0.295778512134,0.295778512134,0.591557024267,6.24500451352e-17,-9.71445146547e-17,0.08,88661.2300061
2011-02-24,89002.2340367,0.00408744223464,0.00384614594891,19.956689231,1.43693625727,0.000225089243964,1.62070417607e-05,19956.689231,0.225089243964,0.282765550066,0.282765550066,0.565531100132,5.55111512313e-17,3.46944695195e-17,0.08,89002.2340367
2011-02-25,89224.4066957,0.00272340675852,0.00249625935153,18.8376258197,1.37900085833,0.000211653404249,1.54940027433e-05,18837.6258197,0.211653404249,0.220286310871,0.220286310871,0.440572621743,7.6327832943e-17,7.6327832943e-17,0.08,89224.4066957
2011-02-28,89187.4923524,-0.000155795054112,-0.000413724727234,19.7826770578,3.23094499573,0.00022171822476,3.62114483624e-05,19782.6770578,0.22171822476,0.186670221955,0.186670221955,0.373340443909,-1.80411241502e-16,-1.94289029309e-16,0.08,89187.4923524
2011-03-01,89122.8841732,-0.000409712191136,-0.000724408517863,27.154721494,0.912254739342,0.000304467821415,1.02285053126e-05,27154.721494,0.304467821415,0.213703937519,0.213703937519,0.427407875039,1.23165366794e-16,1.35308431126e-16,0.08,89122.8841732
2011-03-02,88974.2708262,-0.00123474021955,-0.00166751052109,37.5261258814,1.04361157649,0.000421060496745,1.17098047956e-05,37526.1258814,0.421060496745,0.355075857934,0.355075857934,0.710151715868,2.77555756156e-17,1.11022302463e-16,0.08,88974.2708262
2011-03-03,89009.3029,0.000974814838771,0.000393732631307,49.9702634774,1.73110222179,0.00056162599607,1.94562113936e-05,49970.2634774,0.56162599607,0.418188825932,0.418188825932,0.836377651864,1.38777878078e-16,2.35922392733e-16,0.08,89009.3029
2011-03-04,88886.3622909,-0.00086010695443,-0.00138121078412,44.343488845,2.03959977407,0.000498189373473,2.29144562154e-05,44343.488845,0.498189373473,0.335593069691,0.335593069691,0.671186139382,4.99600361081e-16,5.37764277553e-16,0.08,88886.3622909
2011-03-07,88830.5111237,-5.04165937894e-05,-0.000628343491605,46.4663159717,4.90350364519,0.000522760913757,5.51659840588e-05,46466.3159717,0.522760913757,0.481013685311,0.481013685311,0.962027370621,3.33066907388e-16,3.95516952523e-16,0.08,88830.5111237
2011-03-08,89114.3988606,0.00376529056487,0.00319583590537,48.2436503,2.34129816568,0.000543097745242,2.63569142636e-05,48243.6503,0.543097745242,0.461188813854,0.461188813854,0.922377627709,1.11022302463e-16,9.71445146547e-17,0.08,89114.3988606
2011-03-09,88965.6960517,-0.0010198851845,-0.00166867319726,55.564377641,2.25197610454,0.000623517392828,2.52706199372e-05,55564.377641,0.623517392828,0.362773147613,0.362773147613,0.725546295225,2.22044604925e-16,2.01227923213e-16,0.08,88965.6960517
2011-03-10,87958.596756,-0.0107663467375,-0.0113200856109,47.4953059092,1.76845838829,0.000533860892648,1.98779806911e-05,47495.3059092,0.533860892648,0.433442335039,0.433442335039,0.866884670078,2.77555756156e-17,-6.93889390391e-18,0.08,87958.596756
2011-03-11,88524.4872009,0.00694670210959,0.00643360019097,43.0426847785,2.08903997615,0.000489351653687,2.37502649336e-05,43042.6847785,0.489351653687,0.212669864856,0.212669864856,0.425339729712,-2.77555756156e-17,-5.20417042793e-17,0.08,88524.4872009
2011-03-14,88739.0763247,0.00266791328118,0.00242406514428,18.4917656743,3.09476559936,0.000208888707057,3.49594298393e-05,18491.7656743,0.208888707057,0.281551288539,0.281551288539,0.563102577078,-2.77555756156e-17,-6.93889390391e-17,0.08,88739.0763247
2011-03-15,88693.8800399,-0.000220051519557,-0.000509316602227,24.3000970008,1.36901924838,0.000273837614805,1.54274678652e-05,24300.0970008,0.273837614805,0.325394049227,0.325394049227,0.650788098455,-1.66533453694e-16,-1.5959455979e-16,0.08,88693.8800399
2011-03-16,88686.4831877,0.000338255841068,-8.33975492694e-05,35.8166801104,1.58139511057,0.000403823579421,1.78298109166e-05,35816.6801104,0.403823579421,0.244357718103,0.244357718103,0.488715436207,-1.11022302463e-16,-1.2490009027e-16,0.08,88686.4831877
2011-03-17,88948.7154218,0.00327601650129,0.00295684556068,27.1186837847,1.18746447443,0.000305781476612,1.33894640057e-05,27118.6837847,0.305781476612,0.251752295294,0.251752295294,0.503504590587,-1.11022302463e-16,-1.52655665886e-16,0.08,88948.7154218
2011-03-18,88992.4735949,0.00108771545726,0.000491948342331,51.7657034938,1.22701606964,0.000581972468611,1.37946463175e-05,51765.7034938,0.581972468611,0.294047261585,0.294047261585,0.58809452317,-8.881784197e-16,-8.881784197e-16,0.08,88992.4735949
2011-03-21,88758.359805,-0.00222022242364,-0.00263071449127,32.2291165721,4.30158791709,0.000362155531475,4.8336536151e-05,32229.1165721,0.362155531475,0.248875006772,0.248875006772,0.497750013544,-1.08940634291e-15,-1.11022302463e-15,0.08,88758.359805
2011-03-22,88737.7688487,2.66403591356e-05,-0.000231988922434,21.74511426,1.21039656973,0.000244992294897,1.36369866724e-05,21745.11426,0.244992294897,0.220792943125,0.220792943125,0.44158588625,-2.98372437868e-16,-3.1918911958e-16,0.08,88737.7688487
2011-03-23,88710.6144655,1.66384453115e-06,-0.000306007054107,26.2284579533,1.07357113153,0.00029557265518,1.20982434589e-05,26228.4579533,0.29557265518,0.315732637748,0.315732637748,0.631465275495,2.77555756156e-17,-2.77555756156e-17,0.08,88710.6144655
2011-03-24,88898.3171855,0.00263457348821,0.0021158992208,44.4771822134,1.53473075624,0.000501373848906,1.73004185067e-05,44477.1822134,0.501373848906,0.336592369501,0.336592369501,0.673184739001,1.94289029309e-16,2.15105711021e-16,0.08,88898.3171855
2011-03-25,88550.3085868,-0.00328299747315,-0.00391468151245,54.516059308,1.63958877951,0.000613240621802,1.84434175069e-05,54516.059308,0.613240621802,0.369091231245,0.369091231245,0.73818246249,7.21644966006e-16,6.71337985203e-16,0.08,88550.3085868
2011-03-28,88702.3564571,0.00227125839852,0.00171707894422,43.7001903334,5.37257135727,0.000493506923136,6.06725311636e-05,43700.1903334,0.493506923136,0.441399584343,0.441399584343,0.882799168687,6.10622663544e-16,7.21644966006e-16,0.08,88702.3564571
2011-03-29,88496.0596743,-0.00185644322161,-0.00232571930568,39.4805145806,2.14537990523,0.000445089805475,2.41862785942e-05,39480.5145806,0.445089805475,0.327701155271,0.327701155271,0.655402310543,5.41233724505e-16,6.24500451352e-16,0.08,88496.0596743
2011-03-30,88704.4522818,0.00267653787058,0.00235482357438,26.8813921581,1.58905539683,0.000303758068518,1.79562276861e-05,26881.3921581,0.303758068518,0.361725217549,0.361725217549,0.723450435097,2.98372437868e-16,2.98372437868e-16,0.08,88704.4522818
2011-03-31,88474.1972457,-0.00216911906807,-0.0025957551196,36.0863453673,1.7581719068,0.000406815491659,1.98205598657e-05,36086.3453673,0.406815491659,0.333867151519,0.333867151519,0.667734303037,1.16573417586e-15,1.15185638805e-15,0.08,88474.1972457
2011-04-01,88331.390058,-0.00115207717628,-0.00161411114389,39.2595294141,1.61855497081,0.00044373987712,1.82940904942e-05,39259.5294141,0.44373987712,0.414682926684,0.414682926684,0.829365853367,1.21430643318e-16,1.11022302463e-16,0.08,88331.390058
2011-04-04,88226.0864769,-0.000602066150975,-0.00119214223789,46.1009501454,6.02129085161,0.000521909030472,6.81670564412e-05,46100.9501454,0.521909030472,0.340572029883,0.340572029883,0.681144059765,3.46944695195e-16,3.33066907388e-16,0.08,88226.0864769
2011-04-05,88251.2832259,0.000685084119655,0.000285592957046,33.5991124147,1.64642944439,0.00038082968152,1.86614810895e-05,33599.1124147,0.38082968152,0.287260411854,0.287260411854,0.574520823707,6.0368376964e-16,5.41233724505e-16,0.08,88251.2832259
2011-04-06,88297.6735237,0.00108413874929,0.000525661453798,47.8972366114,1.389101368,0.000542736998949,1.57402965399e-05,47897.2366114,0.542736998949,0.286761626085,0.286761626085,0.573523252171,2.22044604925e-16,1.1622647289e-16,0.08,88297.6735237
2011-04-07,88116.6185088,-0.00164092281058,-0.00205050719544,34.7779299693,1.38741832544,0.000393871419047,1.57129658129e-05,34777.9299693,0.393871419047,0.327359001134,0.327359001134,0.654718002269,6.10622663544e-16,5.34294830601e-16,0.08,88116.6185088
2011-04-08,88262.4426518,0.0021099290419,0.00165489944451,38.5150794041,1.58059003936,0.000437092117876,1.79374795142e-05,38515.0794041,0.437092117876,0.323240777328,0.323240777328,0.646481554656,2.22044604925e-16,6.93889390391e-17,0.08,88262.4426518
2011-04-11,88071.9778167,-0.00158678409023,-0.00215793750329,45.7215289704,4.68986639534,0.000518017942816,5.31354702457e-05,45721.5289704,0.518017942816,0.449582637761,0.449582637761,0.899165275523,0,-5.03069808033e-17,0.08,88071.9778167
2011-04-12,88599.0241804,0.0063922961552,0.00598426851245,33.7661778245,2.1696236767,0.000383392977671,2.46346650828e-05,33766.1778245,0.383392977671,0.453086136676,0.453086136676,0.906172273352,-1.38777878078e-17,-5.55111512313e-17,0.08,88599.0241804
2011-04-13,88561.5769602,0.000357961988063,-0.00042265951012,66.9626871259,2.19961586735,0.000755794860557,2.48266376261e-05,66962.6871259,0.755794860557,0.266444978897,0.266444978897,0.532889957793,0,3.12250225676e-17,0.08,88561.5769602
2011-04-14,88834.1421459,0.00347591424727,0.00307769119542,33.9742867966,1.29297465776,0.000383623326985,1.4599724871e-05,33974.2867966,0.383623326985,0.298970057837,0.298970057837,0.597940115674,1.2490009027e-16,1.94289029309e-16,0.08,88834.1421459
2011-04-15,88850.2449229,0.000840670774012,0.000181267885005,57.1222160768,1.45527389673,0.00064302096803,1.63819209774e-05,57122.2160768,0.64302096803,0.408869040537,0.408869040537,0.817738081074,-1.11022302463e-16,9.71445146547e-17,0.08,88850.2449229
2011-04-18,88921.1746155,0.00117485243669,0.000798306100751,27.4844893412,5.97174483174,0.000309334986808,6.72113491293e-05,27484.4893412,0.309334986808,0.328158942279,0.328158942279,0.656317884559,4.92661467177e-16,5.41233724505e-16,0.08,88921.1746155
2011-04-19,88919.0107046,0.000457223130076,-2.433515873e-05,41.2218093107,1.59891937578,0.0004635769769,1.79813119057e-05,41221.8093107,0.4635769769,0.407717208213,0.407717208213,0.815434416425,1.04083408559e-15,1.155325835e-15,0.08,88919.0107046
2011-04-20,88880.3911538,0.000353548511554,-0.000434322767757,68.070224538,1.98651018091,0.000765530610368,2.23406689432e-05,68070.224538,0.765530610368,0.336081533824,0.336081533824,0.672163067648,2.91433543964e-16,4.30211422042e-16,0.08,88880.3911538
2011-04-21,88642.0132153,-0.00237483632098,-0.0026820082064,25.6647870164,1.63677031155,0.000288756458913,1.84154265109e-05,25664.7870164,0.288756458913,0.271119677412,0.271119677412,0.542239354824,2.35922392733e-16,2.94035629178e-16,0.08,88642.0132153
2011-04-25,88661.323243,0.000626145624807,0.000217842837047,30.9253632393,5.26741786917,0.00034887929682,5.94234909396e-05,30925.3632393,0.34887929682,0.338663049814,0.338663049814,0.677326099627,1.11022302463e-16,1.56125112838e-16,0.08,88661.323243
2011-04-26,88469.8339413,-0.00188206747286,-0.0021597839361,22.9774316308,1.64527748657,0.0002591595838,1.85568794418e-05,22977.4316308,0.2591595838,0.290583580603,0.290583580603,0.581167161206,1.38777878078e-16,2.63677968348e-16,0.08,88469.8339413
2011-04-27,88526.7440445,0.000912928804694,0.000643271279219,22.4479054794,1.40865102038,0.000253735137497,1.59223879783e-05,22447.9054794,0.253735137497,0.308550535423,0.308550535423,0.617101070846,-1.38777878078e-17,3.81639164715e-17,0.08,88526.7440445
2011-04-28,88539.9409382,0.000600119166405,0.000149072394682,38.4329911933,1.49671091913,0.00043413989307,1.69068786533e-05,38432.9911933,0.43413989307,0.448205017637,0.448205017637,0.896410035274,-2.63677968348e-16,-1.66533453694e-16,0.08,88539.9409382
2011-04-29,88301.3612497,-0.00201221634845,-0.00269459959028,58.2437036657,2.17446826245,0.000657824062773,2.45591790486e-05,58243.7036657,0.657824062773,0.295314035458,0.295314035458,0.590628070916,4.4408920985e-16,4.09394740331e-16,0.08,88301.3612497
2011-05-02,88037.3290451,-0.00245041240289,-0.00299012609586,43.3708842413,4.28656953321,0.00049116892002,4.8544772952e-05,43370.8842413,0.49116892002,0.335922897782,0.335922897782,0.671845795564,3.74700270811e-16,2.87964097012e-16,0.08,88037.3290451
2011-05-03,87970.5048923,-0.000432103279229,-0.0007590433907,27.1624544628,1.62047970881,0.000308533377346,1.8406734125e-05,27162.4544628,0.308533377346,0.37343074588,0.37343074588,0.746861491759,4.4408920985e-16,3.92047505571e-16,0.08,87970.5048923
2011-05-04,88015.2978681,0.00100626358436,0.000509181751892,41.9284909391,1.80004883602,0.00047661987379,2.04619586783e-05,41928.4909391,0.47661987379,0.297479908302,0.297479908302,0.594959816604,1.11022302463e-16,1.05818132035e-16,0.08,88015.2978681
2011-05-05,87947.6251426,-0.00050589414865,-0.000768874584612,21.7116283779,1.43467302679,0.000246680167014,1.63002689481e-05,21711.6283779,0.246680167014,0.313881609659,0.313881609659,0.627763219318,1.38777878078e-16,1.45716771982e-16,0.08,87947.6251426
2011-05-06,87949.5265623,0.000504915800754,2.16199101599e-05,40.9921152904,1.51261052852,0.000466096898285,1.71989923101e-05,40992.1152904,0.466096898285,0.384732167458,0.384732167458,0.769464334915,-3.05311331772e-16,-1.67400815432e-16,0.08,87949.5265623
2011-05-09,88166.6018139,0.00291776909264,0.00246817987624,33.9789101853,5.56224854485,0.000386345572437,6.32436439656e-05,33978.9101853,0.386345572437,0.329768139168,0.329768139168,0.659536278337,6.10622663544e-16,6.31439345256e-16,0.08,88166.6018139
2011-05-10,88150.9681259,0.000227969030239,-0.00017731984264,34.1398174026,1.59312527216,0.000387219385801,1.80694870777e-05,34139.8174026,0.387219385801,0.374504295786,0.374504295786,0.749008591571,-2.22044604925e-16,-1.52655665886e-16,0.08,88150.9681259
2011-05-11,87821.7472722,-0.00302315400581,-0.00373473894523,60.9179743959,1.80892691731,0.000691064156084,2.05207833307e-05,60917.9743959,0.691064156084,0.42311714909,0.42311714909,0.846234298181,5.6898930012e-16,4.99600361081e-16,0.08,87821.7472722
2011-05-12,87536.4422545,-0.00258554079954,-0.00324868300356,56.2022036318,2.03610341556,0.000639957702704,2.318450132e-05,56202.2036318,0.639957702704,0.359802520111,0.359802520111,0.719605040221,8.08381139805e-16,5.55111512313e-16,0.08,87536.4422545
2011-05-13,87549.508173,0.000684337304672,0.000149262617196,45.1127354396,1.72579904245,0.000515359480894,1.97152065814e-05,45112.7354396,0.515359480894,0.24278874571,0.24278874571,0.48557749142,3.81639164715e-16,3.55618312575e-16,0.08,87549.508173
2011-05-16,87476.496246,-0.000636646805682,-0.000833950167806,13.7796695295,3.49414278523,0.000157392883377,3.99104787468e-05,13779.6695295,0.157392883377,0.229762720129,0.229762720129,0.459525440259,1.08940634291e-15,1.04430353254e-15,0.08,87476.496246
2011-05-17,87521.1677672,0.00079928424777,0.000510668844302,24.1457580814,1.1013061767,0.00027602566538,1.25897380893e-05,24145.7580814,0.27602566538,0.317061077444,0.317061077444,0.634122154888,-4.71844785466e-16,-4.47558656802e-16,0.08,87521.1677672
2011-05-18,87609.2783166,0.00131218040643,0.00100673416124,25.2124884663,1.52052360282,0.000288073035466,1.7373209723e-05,25212.4884663,0.288073035466,0.255639148938,0.255639148938,0.511278297876,9.99200722163e-16,9.02056207508e-16,0.08,87609.2783166
2011-05-19,87660.7561095,0.000996418212391,0.000587583802393,34.5904897288,1.22719788208,0.000394826785398,1.40076245993e-05,34590.4897288,0.394826785398,0.294417352956,0.294417352956,0.588834705912,1.38777878078e-16,1.87350135405e-16,0.08,87660.7561095
2011-05-20,87469.5604185,-0.00166937339619,-0.00218108649212,43.4429734609,1.41418343955,0.000495580638235,1.61324576962e-05,43442.9734609,0.495580638235,0.45022165016,0.45022165016,0.90044330032,4.57966997658e-16,4.16333634234e-16,0.08,87469.5604185
2011-05-23,87487.2865211,0.000674063929743,0.000202654530294,34.7604348927,6.47353805431,0.000397400361067,7.40090383825e-05,34760.4348927,0.397400361067,0.310100102591,0.310100102591,0.620200205183,1.1622647289e-16,1.2490009027e-16,0.08,87487.2865211
2011-05-24,87363.075267,-0.00099797194592,-0.00141976347681,35.4148312264,1.48656528908,0.00040479974445,1.69917864434e-05,35414.8312264,0.40479974445,0.41808826585,0.41808826585,0.8361765317,-6.93889390391e-17,-4.16333634234e-17,0.08,87363.075267
2011-05-25,87251.205491,-0.000739333588226,-0.00128051554606,45.2779241355,2.00139598015,0.000518273011763,2.2908946074e-05,45277.9241355,0.518273011763,0.381999530745,0.381999530745,0.76399906149,1.38777878078e-16,1.63064006742e-16,0.08,87251.205491
2011-05-26,87122.8899936,-0.00103759053998,-0.00147064440781,35.9581750488,1.82629696189,0.000412122386693,2.09314811367e-05,35958.1750488,0.412122386693,0.363940618585,0.363940618585,0.72788123717,-4.99600361081e-16,-4.71844785466e-16,0.08,87122.8899936
2011-05-27,87272.1580812,0.00212305546257,0.00171330505227,33.9612394567,1.7374004645,0.000389808458595,1.99419517033e-05,33961.2394567,0.389808458595,0.454159886319,0.454159886319,0.908319772637,-2.91433543964e-16,-2.42861286637e-16,0.08,87272.1580812
2011-05-31,87215.121558,-1.49556904706e-05,-0.000653547757255,47.0440719897,8.68723581215,0.000539050173893,9.95418928917e-05,47044.0719897,0.539050173893,0.328941920548,0.328941920548,0.657883841096,-1.11022302463e-16,-1.26634813746e-16,0.08,87215.121558
2011-06-01,87252.8067608,0.000744307297301,0.000432094826126,25.6576645385,1.57198408691,0.00029418825635,1.80242148245e-05,25657.6645385,0.29418825635,0.311087901856,0.311087901856,0.622175803711,-1.11022302463e-16,-1.11022302463e-16,0.08,87252.8067608
2011-06-02,87275.6850485,0.000664255718382,0.000262206896946,33.5925844218,1.48730370335,0.000385002909006,1.70459124304e-05,33592.5844218,0.385002909006,0.327515263448,0.327515263448,0.655030526896,-4.16333634234e-17,1.73472347598e-18,0.08,87275.6850485
2011-06-03,87180.5649501,-0.000728091832627,-0.00108988085705,30.009131855,1.56625309486,0.000343842982594,1.79460418328e-05,30009.131855,0.343842982594,0.282168382477,0.282168382477,0.564336764954,-8.32667268469e-17,1.38777878078e-17,0.08,87180.5649501
2011-06-06,87126.1195676,-0.000217970324898,-0.000624512843363,31.3988367382,4.04376969787,0.000360158674771,4.63838436948e-05,31398.8367382,0.360158674771,0.346628486966,0.346628486966,0.693256973932,-7.21644966006e-16,-5.27355936697e-16,0.08,87126.1195676
2011-06-07,87248.501086,0.00183838460385,0.00140464787201,36.1349821954,1.65481616443,0.000414743390096,1.89933417516e-05,36134.9821954,0.414743390096,0.393215949388,0.393215949388,0.786431898776,1.38777878078e-17,1.39265769056e-16,0.08,87248.501086
2011-06-08,86893.8290235,-0.00363940874182,-0.00406507914807,35.2592417685,1.87986313355,0.000404124326832,2.15460794185e-05,35259.2417685,0.404124326832,0.360013528482,0.360013528482,0.720027056964,-1.25593979661e-15,-1.19348975147e-15,0.08,86893.8290235
2011-06-09,86669.8964355,-0.00221133232999,-0.00257708275206,30.0673201751,1.71413446521,0.000346023653382,1.97267686839e-05,30067.3201751,0.346023653382,0.35299681939,0.35299681939,0.705993638781,-3.46944695195e-16,-3.64291929955e-16,0.08,86669.8964355
2011-06-10,86994.4290234,0.00416756497772,0.00374446723976,34.993442733,1.67639439883,0.000403755446495,1.93422914735e-05,34993.442733,0.403755446495,0.316061570148,0.316061570148,0.632123140296,1.87350135405e-16,1.52655665886e-16,0.08,86994.4290234
2011-06-13,87258.7375769,0.00363055851935,0.00303822390048,47.0099879874,4.51982397226,0.000540379292274,5.19553265996e-05,47009.9879874,0.540379292274,0.355473189751,0.355473189751,0.710946379501,-4.99600361081e-16,-4.99600361081e-16,0.08,87258.7375769
2011-06-14,87393.7426749,0.00219416488681,0.00154718142628,54.7553357918,1.69962420713,0.00062750547753,1.9477983e-05,54755.3357918,0.62750547753,0.464294062646,0.464294062646,0.928588125291,-1.11022302463e-16,-1.66533453694e-16,0.08,87393.7426749
2011-06-15,87221.4357151,-0.00142421006667,-0.00197161666837,45.6165475321,2.22336415542,0.000521965831144,2.54407705559e-05,45616.5475321,0.521965831144,0.290275711824,0.290275711824,0.580551423648,1.38777878078e-16,1.17961196366e-16,0.08,87221.4357151
2011-06-16,87126.5079554,-0.000694462840087,-0.00108835355583,32.9684115868,1.38730215553,0.000377985197292,1.59055184561e-05,32968.4115868,0.377985197292,0.349152472399,0.349152472399,0.698304944798,-2.49800180541e-16,-3.12250225676e-16,0.08,87126.5079554
2011-06-17,86841.0725461,-0.00274080504513,-0.00327610294579,44.9717636134,1.66687318707,0.000516166258338,1.91316423232e-05,44971.7636134,0.516166258338,0.378811841703,0.378811841703,0.757623683407,5.55111512313e-17,1.38777878078e-17,0.08,86841.0725461
2011-06-20,87078.9127062,0.00331033802787,0.00273879805009,44.2255128995,5.40763177425,0.000509269538053,6.22704397321e-05,44225.5128995,0.509269538053,0.333867577372,0.333867577372,0.667735154745,3.74700270811e-16,1.31838984174e-16,0.08,87078.9127062
2011-06-21,87085.5562075,0.000766612516476,7.62928830085e-05,58.519251561,1.59303154112,0.000672025519639,1.82941138286e-05,58519.251561,0.672025519639,0.373789945082,0.373789945082,0.747579890163,4.99600361081e-16,2.91433543964e-16,0.08,87085.5562075
2011-06-22,87078.7656077,0.000378741611595,-7.79761888984e-05,37.9898686025,1.78365508341,0.000436236159667,2.04816408264e-05,37989.8686025,0.436236159667,0.451305823716,0.451305823716,0.902611647432,3.46944695195e-16,2.22044604925e-16,0.08,87078.7656077
2011-06-23,87019.4639009,-0.000256202958026,-0.000681012259026,34.8384912462,2.1533783036,0.000400080214769,2.4729086231e-05,34838.4912462,0.400080214769,0.332894382837,0.332894382837,0.665788765675,3.29597460436e-16,2.08166817117e-16,0.08,87019.4639009
2011-06-24,86898.4613126,-0.000867920167116,-0.00139052325608,43.889337033,1.58730360165,0.000504362300864,1.82407881007e-05,43889.337033,0.504362300864,0.290130171668,0.290130171668,0.580260343336,-2.77555756156e-17,-2.77555756156e-17,0.08,86898.4613126
2011-06-27,86683.5576239,-0.00212782486333,-0.00247304365805,25.8545658311,4.14441624629,0.000297526163761,4.76926309591e-05,25854.5658311,0.297526163761,0.221547867827,0.221547867827,0.443095735654,-6.93889390391e-17,-3.46944695195e-17,0.08,86683.5576239
2011-06-28,86322.0842359,-0.00381536913073,-0.0041700340637,29.6913136412,1.05230451327,0.000342525323776,1.2139609196e-05,29691.3136412,0.342525323776,0.295095788835,0.295095788835,0.590191577671,-7.6327832943e-17,-2.77555756156e-17,0.08,86322.0842359
2011-06-29,86444.647889,0.00176326464338,0.00141984121704,28.2492295784,1.39579635844,0.000327253794072,1.6169632265e-05,28249.2295784,0.327253794072,0.323445801666,0.323445801666,0.646891603332,6.93889390391e-18,7.6327832943e-17,0.08,86444.647889
2011-06-30,86523.2107225,0.00116412887474,0.000908822413214,20.5378136942,1.53206347596,0.000237583403897,1.77230576255e-05,20537.8136942,0.237583403897,0.415028229883,0.415028229883,0.830056459767,3.33066907388e-16,3.26128013484e-16,0.08,86523.2107225
2011-07-01,86521.0646996,0.000682769971335,-2.48028581555e-05,59.2538250828,1.96764794466,0.00068483155662,2.27412728703e-05,59253.8250828,0.68483155662,0.379831190538,0.379831190538,0.759662381076,3.60822483003e-16,2.98372437868e-16,0.08,86521.0646996
2011-07-05,86298.9550537,-0.00210371533409,-0.00256711642049,32.8910186089,7.20293676964,0.000380150414505,8.32506718988e-05,32891.0186089,0.380150414505,0.358228241063,0.358228241063,0.716456482126,1.20736753928e-15,1.04083408559e-15,0.08,86298.9550537
2011-07-06,86251.5381412,-5.19530760801e-05,-0.000549449439284,41.2394588697,1.69395741778,0.000477867418488,1.96289447158e-05,41239.4588697,0.477867418488,0.426776016409,0.426776016409,0.853552032819,7.49400541622e-16,6.66133814775e-16,0.08,86251.5381412
2011-07-07,86471.8463425,0.00315474008133,0.00255425243457,49.7759920526,2.01699111546,0.000577102659561,2.33849872005e-05,49775.9920526,0.577102659561,0.295494751969,0.295494751969,0.590989503937,8.881784197e-16,8.46545056277e-16,0.08,86471.8463425
2011-07-08,86269.412636,-0.00187992496695,-0.00234103601475,38.4730153551,1.40010831711,0.000444919554541,1.61914932586e-05,38473.0153551,0.444919554541,0.307932321264,0.307932321264,0.615864642528,6.10622663544e-16,5.96744875736e-16,0.08,86269.412636
2011-07-11,86136.1997632,-0.00122398688406,-0.0015441495276,23.2533707979,4.36687240884,0.000269543631832,5.06190117147e-05,23253.3707979,0.269543631832,0.324033614328,0.324033614328,0.648067228655,-2.77555756156e-17,1.38777878078e-17,0.08,86136.1997632
2011-07-12,86041.1010487,-0.000745985646005,-0.00110405050071,29.3129746678,1.52937118541,0.000340309588168,1.77552665385e-05,29312.9746678,0.340309588168,0.349086252421,0.349086252421,0.698172504842,3.33066907388e-16,3.53883589099e-16,0.08,86041.1010487
2011-07-13,85929.9518786,-0.000949597548195,-0.00129181482802,27.7989561828,1.64579537092,0.00032308926599,1.91280138313e-05,27798.9561828,0.32308926599,0.263652474446,0.263652474446,0.527304948892,1.11022302463e-16,1.04083408559e-16,0.08,85929.9518786
2011-07-14,85943.0874676,0.00045055601045,0.000152863917552,24.3392620425,1.24140517489,0.00028324538197,1.44467109286e-05,24339.2620425,0.28324538197,0.320319934874,0.320319934874,0.640639869749,-1.11022302463e-16,-6.93889390391e-17,0.08,85943.0874676
2011-07-15,85681.771551,-0.00241852690285,-0.00304056933935,51.9517936017,1.5084539277,0.000604490659254,1.75517772534e-05,51951.7936017,0.604490659254,0.320261269558,0.320261269558,0.640522539115,-2.56739074445e-16,-1.66533453694e-16,0.08,85681.771551
2011-07-18,85342.108915,-0.00353925286125,-0.00396423451325,31.9024049948,4.51077582491,0.000372335963849,5.26456881464e-05,31902.4049948,0.372335963849,0.347824728708,0.347824728708,0.695649457417,-1.66533453694e-16,-8.32667268469e-17,0.08,85342.108915
2011-07-19,85427.4217528,0.00129185914014,0.000999657014087,23.3106198648,1.62652580169,0.000273143236805,1.90588892443e-05,23310.6198648,0.273143236805,0.264123404735,0.264123404735,0.528246809471,-4.16333634234e-17,1.38777878078e-16,0.08,85427.4217528
2011-07-20,85365.5624413,-0.000278659658874,-0.000724115397617,36.8177855951,1.23634967075,0.000430983223415,1.4472515328e-05,36817.7855951,0.430983223415,0.267228003118,0.267228003118,0.534456006236,1.11022302463e-16,1.38777878078e-16,0.08,85365.5624413
2011-07-21,85483.5247591,0.00171711013403,0.00138184900859,27.3697781658,1.24997637185,0.000320618495129,1.46426303078e-05,27369.7781658,0.320618495129,0.274539770691,0.274539770691,0.549079541382,2.77555756156e-17,8.32667268469e-17,0.08,85483.5247591
2011-07-22,85279.3698934,-0.00202280888613,-0.00238823640338,29.9520800382,1.28595218001,0.00035038424214,1.50432751064e-05,29952.0800382,0.35038424214,0.334465975535,0.334465975535,0.668931951071,-2.49800180541e-16,-2.22044604925e-16,0.08,85279.3698934
2011-07-25,84936.1139429,-0.00364477693926,-0.00402507606397,27.742949566,4.68872016073,0.000325318416408,5.49807083072e-05,27742.949566,0.325318416408,0.271529011939,0.271529011939,0.543058023879,-1.80411241502e-16,-9.71445146547e-17,0.08,84936.1139429
2011-07-26,84785.8066475,-0.00154663324269,-0.00176965119358,17.6785729319,1.26370515599,0.000208139648864,1.48783020241e-05,17678.5729319,0.208139648864,0.247639461334,0.247639461334,0.495278922668,-2.08166817117e-16,-1.2490009027e-16,0.08,84785.8066475
2011-07-27,84777.7182886,0.000218331112683,-9.53975573892e-05,25.4492555393,1.1504828212,0.000300159384519,1.35692855526e-05,25449.2555393,0.300159384519,0.232533682423,0.232533682423,0.465067364846,1.38777878078e-17,7.97972798949e-17,0.08,84777.7182886
2011-07-28,84708.7573933,-0.000540240739323,-0.000813431839497,22.0803167584,1.08020137102,0.000260449528534,1.27415716396e-05,22080.3167584,0.260449528534,0.209833826332,0.209833826332,0.419667652664,-2.49800180541e-16,-2.22044604925e-16,0.08,84708.7573933
2011-07-29,84757.1675751,0.00106126113803,0.00057148969291,40.5139709236,0.973959599325,0.000478273701212,1.14977439086e-05,40513.9709236,0.478273701212,0.37091909617,0.37091909617,0.741838192339,-4.30211422042e-16,-3.22658566532e-16,0.08,84757.1675751
2011-08-01,84484.7683478,-0.00264668106929,-0.00321387836597,42.9061373654,5.1678989574,0.00050622429457,6.09730021101e-05,42906.1373654,0.50622429457,0.383321110429,0.383321110429,0.766642220858,-6.73072708679e-16,-6.0368376964e-16,0.08,84484.7683478
2011-08-02,84597.6580623,0.0017627399665,0.00133621381333,34.2604539177,1.77450932698,0.000405522256706,2.10038964619e-05,34260.4539177,0.405522256706,0.28022114089,0.28022114089,0.560442281781,-1.52655665886e-16,-3.07913416986e-17,0.08,84597.6580623
2011-08-03,84386.5351727,-0.00230069529581,-0.0024956115153,15.1904939196,1.29896176761,0.000179561636427,1.53545830625e-05,15190.4939196,0.179561636427,0.305307381261,0.305307381261,0.610614762522,-3.64291929955e-16,-2.91433543964e-16,0.08,84386.5351727
2011-08-04,84590.6699451,0.00273046165397,0.00241904436551,24.8677091411,1.4117168256,0.000294688116893,1.67291715759e-05,24867.7091411,0.294688116893,0.315657925767,0.315657925767,0.631315851534,-2.01227923213e-16,-1.2490009027e-16,0.08,84590.6699451
2011-08-05,84747.8296626,0.00215663369731,0.00185788477137,23.8082640968,1.46310769392,0.000281452601241,1.72963246996e-05,23808.2640968,0.281452601241,0.305907128895,0.305907128895,0.611814257789,1.80411241502e-16,1.87350135405e-16,0.08,84747.8296626
2011-08-08,84815.0204409,0.00123829612295,0.000792831846405,33.4904925058,4.26163812364,0.000395178173166,5.02861033799e-05,33490.4925058,0.395178173166,0.329758594427,0.329758594427,0.659517188854,-6.52256026967e-16,-5.44703171457e-16,0.08,84815.0204409
2011-08-09,85385.4935504,0.00713151249857,0.00672608585814,32.8537492376,1.53251955764,0.000387357676351,1.80689640782e-05,32853.7492376,0.387357676351,0.278633087658,0.278633087658,0.557266175317,-1.73472347598e-15,-1.49880108324e-15,0.08,85385.4935504
2011-08-10,85295.1792005,-0.000308802788958,-0.0010577247509,62.6434426545,1.30362869639,0.000733654395492,1.5267566447e-05,62643.4426545,0.733654395492,0.442188585414,0.442188585414,0.884377170829,-9.43689570931e-16,-1.05471187339e-15,0.08,85295.1792005
2011-08-11,85718.2556137,0.00550724996417,0.00496014449072,44.5987988715,2.06666052785,0.000522875961919,2.42295115296e-05,44598.7988715,0.522875961919,0.329465061266,0.329465061266,0.658930122533,3.40005801291e-16,4.6143644461e-16,0.08,85718.2556137
2011-08-12,85592.5169846,-0.000738623109374,-0.00146688273363,60.8776832369,1.54746138835,0.000710206744188,1.80528800694e-05,60877.6832369,0.710206744188,0.408400148604,0.408400148604,0.816800297208,5.55111512313e-16,5.41233724505e-16,0.08,85592.5169846
2011-08-15,85564.5000453,0.000190279396192,-0.000327329307943,38.557240569,5.7461912311,0.000450474433132,6.71342710034e-05,38557.240569,0.450474433132,0.401274290952,0.401274290952,0.802548581904,1.66533453694e-16,2.56739074445e-16,0.08,85564.5000453
2011-08-16,85363.5976617,-0.00181798684294,-0.00234796420763,43.4658874734,1.88136077185,0.000507989732311,2.19876323809e-05,43465.8874734,0.507989732311,0.336241288878,0.336241288878,0.672482577757,4.7878367937e-16,4.85722573274e-16,0.08,85363.5976617
2011-08-17,85411.1147356,0.00100822526884,0.000556643290885,36.9759079706,1.57275430691,0.000433157797743,1.84241802125e-05,36975.9079706,0.433157797743,0.286181056387,0.286181056387,0.572362112775,5.27355936697e-16,4.71844785466e-16,0.08,85411.1147356
2011-08-18,85770.9529001,0.00461404014236,0.00421301332454,32.9128027244,1.33934482423,0.000385345664043,1.56811537746e-05,32912.8027244,0.385345664043,0.228451976587,0.228451976587,0.456903953175,5.55111512313e-17,2.08166817117e-17,0.08,85770.9529001
2011-08-19,85532.5328228,-0.00225142068563,-0.00277972984113,44.2399060639,1.0736736287,0.00051579123897,1.25179165253e-05,44239.9060639,0.51579123897,0.343358309051,0.343358309051,0.686716618101,3.33066907388e-16,3.40005801291e-16,0.08,85532.5328228
2011-08-22,85611.2335455,0.00139146565574,0.000920126180348,35.4871924363,4.82766671324,0.000414897013629,5.64424617618e-05,35487.1924363,0.414897013629,0.328270762928,0.328270762928,0.656541525856,2.01227923213e-16,1.11022302463e-16,0.08,85611.2335455
2011-08-23,86225.1116728,0.00745188990706,0.00717053243899,22.5474330622,1.53992684664,0.000263370029006,1.79874390645e-05,22547.4330622,0.263370029006,0.362451072124,0.362451072124,0.724902144248,-6.80011602583e-16,-6.31439345256e-16,0.08,86225.1116728
2011-08-24,85798.1810885,-0.00439264340339,-0.0049513485811,46.4619569338,1.71245940657,0.000538844844992,1.98603327191e-05,46461.9569338,0.538844844992,0.248281873529,0.248281873529,0.496563747058,4.09394740331e-16,3.05311331772e-16,0.08,85798.1810885
2011-08-25,85915.5631722,0.00175477736071,0.00136811855788,32.0073818121,1.16724017239,0.000373054316607,1.36044862208e-05,32007.3818121,0.373054316607,0.327887033642,0.327887033642,0.655774067283,9.02056207508e-16,8.46545056277e-16,0.08,85915.5631722
2011-08-26,86099.8954194,0.00265401971716,0.00214550473025,42.1457570081,1.54359447409,0.000490548574111,1.79664128023e-05,42145.7570081,0.490548574111,0.333569819627,0.333569819627,0.667139639254,1.66533453694e-16,1.17961196366e-16,0.08,86099.8954194
2011-08-29,86212.8996843,0.00203209907897,0.00131247853816,57.2381037295,4.72114957561,0.000664787145799,5.48333950072e-05,57238.1037295,0.664787145799,0.289911438512,0.289911438512,0.579822877023,4.02455846427e-16,4.64905891562e-16,0.08,86212.8996843
2011-08-30,86079.6292876,-0.000919448339012,-0.00154582895644,52.6325492924,1.36954004196,0.000610495059152,1.58855582746e-05,52632.5492924,0.610495059152,0.378430221391,0.378430221391,0.756860442782,-8.04911692853e-16,-8.18789480661e-16,0.08,86079.6292876
2011-08-31,86224.9991077,0.00225201459062,0.0016887830642,46.6978221938,1.78493880376,0.000542495623881,2.0735902542e-05,46697.8221938,0.542495623881,0.390691574738,0.390691574738,0.781383149476,7.77156117238e-16,7.97972798949e-16,0.08,86224.9991077
2011-09-01,86408.6409811,0.00266895412774,0.00212979849636,44.6428099614,1.84588387305,0.000517747873858,2.14077575199e-05,44642.8099614,0.517747873858,0.254375220171,0.254375220171,0.508750440341,-6.66133814775e-16,-6.43582409587e-16,0.08,86408.6409811
2011-09-02,86529.7225458,0.00200930066398,0.00140126685624,51.3349795415,1.20439545612,0.000594095439514,1.39383682285e-05,51334.9795415,0.594095439514,0.294152221507,0.294152221507,0.588304443014,7.49400541622e-16,7.35522753814e-16,0.08,86529.7225458
2011-09-06,86361.0193482,-0.00155203295855,-0.00194965605622,28.8274962946,5.57872002482,0.00033315137789,6.44717197824e-05,28827.4962946,0.33315137789,0.407009014015,0.407009014015,0.814018028031,-2.77555756156e-17,-8.32667268469e-17,0.08,86361.0193482
2011-09-07,86446.0674813,0.00148478772011,0.000984797697849,41.2536362968,1.92601168955,0.000477688158479,2.23018637817e-05,41253.6362968,0.477688158479,0.337719223793,0.337719223793,0.675438447586,-7.21644966006e-16,-7.91033905045e-16,0.08,86446.0674813
2011-09-08,85882.183601,-0.00610597242432,-0.00652295583473,34.4468774697,1.59969856492,0.00039847824746,1.85051629476e-05,34446.8774697,0.39847824746,0.329382438092,0.329382438092,0.658764876184,-1.11022302463e-16,-9.02056207508e-17,0.08,85882.183601
2011-09-09,85884.6953402,0.000308876027629,2.92463357521e-05,22.4651765916,1.55003194647,0.000261581339105,1.80483527722e-05,22465.1765916,0.261581339105,0.347124567358,0.347124567358,0.694249134716,-1.66533453694e-16,-1.11022302463e-16,0.08,85884.6953402
2011-09-12,85879.0233426,0.000360423752028,-6.60420064046e-05,31.7261659476,4.90071578837,0.000369404185716,5.70615727164e-05,31726.1659476,0.369404185716,0.326433387271,0.326433387271,0.652866774542,2.77555756156e-16,2.77555756156e-16,0.08,85879.0233426
2011-09-13,85711.6807463,-0.00171386320001,-0.0019485852284,18.621600994,1.53609756084,0.00021683526744,1.78867609464e-05,18621.600994,0.21683526744,0.283913896925,0.283913896925,0.567827793851,-4.16333634234e-16,-3.46944695195e-16,0.08,85711.6807463
2011-09-14,85657.6379952,-0.000146742962092,-0.000630517924824,40.1317548961,1.33341026261,0.000468218036874,1.55569258589e-05,40131.7548961,0.468218036874,0.452582810667,0.452582810667,0.905165621334,-5.55111512313e-17,0,0.08,85657.6379952
2011-09-15,85650.5507621,0.000417851132183,-8.27390668007e-05,40.7551453055,2.12422874296,0.000475791140864,2.47990581187e-05,40755.1453055,0.475791140864,0.461713927018,0.461713927018,0.923427854036,-1.11022302463e-16,-1.11022302463e-16,0.08,85650.5507621
2011-09-16,85010.9834221,-0.00693498146505,-0.00746717136512,43.4154510842,2.16690696677,0.000506890506808,2.52993932612e-05,43415.4510842,0.506890506808,0.41842108205,0.41842108205,0.8368421641,3.05311331772e-16,3.05311331772e-16,0.08,85010.9834221
2011-09-19,84985.512953,0.000161489643786,-0.000299613861803,33.3516754553,5.84718701418,0.000392321957855,6.87815477343e-05,33351.6754553,0.392321957855,0.281695930231,0.281695930231,0.563391860462,3.05311331772e-16,3.13984949152e-16,0.08,84985.512953
2011-09-20,84921.0553327,-0.000270326002544,-0.000758454213473,40.1720415637,1.3117848289,0.000472692817491,1.54353934373e-05,40172.0415637,0.472692817491,0.490663766579,0.490663766579,0.981327533157,1.38777878078e-16,2.42861286637e-16,0.08,84921.0553327
2011-09-21,84006.4429509,-0.0103258559146,-0.0107701485593,35.4466394518,2.28316081487,0.000417406958885,2.68856858399e-05,35446.6394518,0.417406958885,0.428786264573,0.428786264573,0.857572529146,4.16333634234e-16,5.62050406216e-16,0.08,84006.4429509
2011-09-22,83842.8790604,-0.00153492887866,-0.00194703983097,32.6462322526,1.97374295195,0.000388615814523,2.34951377848e-05,32646.2322526,0.388615814523,0.351297506487,0.351297506487,0.702595012973,1.66533453694e-16,2.42861286637e-16,0.08,83842.8790604
2011-09-23,83636.946292,-0.00223996904758,-0.00245617482102,16.5134079749,1.61390653976,0.000196956595002,1.92491784376e-05,16513.4079749,0.196956595002,0.345022977011,0.345022977011,0.690045954023,-3.88578058619e-16,-3.03576608296e-16,0.08,83636.946292
2011-09-26,84033.1077375,0.00509984737424,0.00473667993718,25.6306535329,4.74356189553,0.00030645133125,5.67161058101e-05,25630.6535329,0.30645133125,0.42424162803,0.42424162803,0.848483256059,-1.56125112838e-16,-3.81639164715e-17,0.08,84033.1077375
2011-09-27,84183.3288335,0.00235470314091,0.00178764180105,45.6984832445,1.95344342109,0.000543815223248,2.32461166044e-05,45698.4832445,0.543815223248,0.405472003663,0.405472003663,0.810944007326,-5.55111512313e-17,4.16333634234e-17,0.08,84183.3288335
2011-09-28,84033.6104853,-0.00135378631187,-0.00177847978083,33.8817547178,1.87035523382,0.000402475824932,2.22176440363e-05,33881.7547178,0.402475824932,0.280290758807,0.280290758807,0.560581517614,-6.93889390391e-17,-5.55111512313e-17,0.08,84033.6104853
2011-09-29,83980.0153868,-0.000230085758966,-0.000637781694778,32.9695398528,1.2906216136,0.000392337538069,1.53583977428e-05,32969.5398528,0.392337538069,0.347901555894,0.347901555894,0.695803111788,5.55111512313e-17,-5.55111512313e-17,0.08,83980.0153868
2011-09-30,83919.9091629,-0.000103076491904,-0.000715720562889,49.8489391646,1.6009193434,0.000593580972032,1.90630989531e-05,49848.9391646,0.593580972032,0.303532142906,0.303532142906,0.607064285811,5.6898930012e-16,4.4408920985e-16,0.08,83919.9091629
2011-10-03,83847.4212891,-0.000517734197681,-0.000863774455601,24.8524248425,4.18724216888,0.000296144563196,4.98956947242e-05,24852.4248425,0.296144563196,0.282594208205,0.282594208205,0.565188416411,2.49800180541e-16,8.32667268469e-17,0.08,83847.4212891
2011-10-04,83707.4542512,-0.0011880287954,-0.00166930641093,39.055542021,1.29834496599,0.000465793001389,1.54846141482e-05,39055.542021,0.465793001389,0.382954791449,0.382954791449,0.765909582898,-1.34614541736e-15,-1.36002320517e-15,0.08,83707.4542512
2011-10-05,83761.4635966,0.0011219968596,0.000645215481992,38.1536528503,1.75650250331,0.000455797553415,2.0983824189e-05,38153.6528503,0.455797553415,0.24327342334,0.24327342334,0.486546846681,1.2490009027e-16,1.11022302463e-16,0.08,83761.4635966
2011-10-06,83578.547496,-0.00176233447877,-0.0021837739305,34.1838407469,1.11654454757,0.000408109401139,1.3330050594e-05,34183.8407469,0.408109401139,0.39913056641,0.39913056641,0.79826113282,-4.4408920985e-16,-4.4408920985e-16,0.08,83578.547496
2011-10-07,83363.6343367,-0.00207416821256,-0.00257139141259,39.7293159629,1.82787687681,0.000475353032006,2.18701680225e-05,39729.3159629,0.475353032006,0.380113715708,0.380113715708,0.760227431417,-8.60422844084e-16,-8.60422844084e-16,0.08,83363.6343367
2011-10-10,83340.4732525,0.0001202452491,-0.000277831988209,27.9762347059,5.20893054291,0.000335592790891,6.24844464178e-05,27976.2347059,0.335592790891,0.5,0.5,1,1.11022302463e-16,1.2490009027e-16,0.0771845748764,83340.4732525
2011-10-11,83318.3257475,0.000213127827629,-0.000265747290701,37.6263783534,2.28330063705,0.000451477858056,2.7397260274e-05,37626.3783534,0.451477858056,0.30886044887,0.30886044887,0.617720897741,3.46944695195e-16,2.94902990916e-16,0.08,83318.3257475
2011-10-12,83572.2402297,0.00340535609249,0.00304752261825,28.4040182722,1.41006769805,0.00034090961403,1.69238602121e-05,28404.0182722,0.34090961403,0.310389123907,0.310389123907,0.620778247814,6.66133814775e-16,6.48786580015e-16,0.08,83572.2402297
2011-10-13,83133.381565,-0.00473550778683,-0.00525124926099,41.6803052011,1.42136517413,0.000498733850935,1.70076232278e-05,41680.3052011,0.498733850935,0.307124752907,0.307124752907,0.614249505814,8.39606162373e-16,8.18789480661e-16,0.08,83133.381565
2011-10-14,82804.6625602,-0.00326845018383,-0.00395411564672,55.6026573594,1.39903119296,0.000668836709306,1.68287535839e-05,55602.6573594,0.668836709306,0.261938531307,0.261938531307,0.523877062615,2.77555756156e-17,1.17961196366e-16,0.08,82804.6625602
2011-10-17,82956.7802553,0.00220011460094,0.00183706678448,26.4966165882,3.56543534736,0.000319989427757,4.30583887081e-05,26496.6165882,0.319989427757,0.175467399046,0.175467399046,0.350934798092,3.33066907388e-16,3.81639164715e-16,0.08,82956.7802553
2011-10-18,83163.4376266,0.00275934952739,0.00249114503522,21.4517805466,0.797600573404,0.000258589840162,9.61465200252e-06,21451.7805466,0.258589840162,0.175209471212,0.175209471212,0.350418942424,2.77555756156e-16,3.57353036051e-16,0.08,83163.4376266
2011-10-19,83348.1262537,0.00268594249219,0.00222079115952,37.8851716814,0.798412160587,0.000455550813706,9.60051897051e-06,37885.1716814,0.455550813706,0.28694664904,0.28694664904,0.57389329808,4.16333634234e-16,4.71844785466e-16,0.08,83348.1262537
2011-10-20,83365.6433325,0.000708231127463,0.000210167638007,40.2021673394,1.31049126204,0.000482340385398,1.5723104057e-05,40202.1673394,0.482340385398,0.307813438224,0.307813438224,0.615626876447,2.77555756156e-17,2.77555756156e-17,0.08,83365.6433325
2011-10-21,83321.7824833,-0.00018666628357,-0.000526126201353,26.8932086616,1.40608577008,0.000322593428018,1.68664897657e-05,26893.2086616,0.322593428018,0.305948441731,0.305948441731,0.611896883462,-3.05311331772e-16,-3.53883589099e-16,0.08,83321.7824833
2011-10-24,83567.5379618,0.00327251245923,0.00294947456996,22.7255991249,4.19049361857,0.000272744994737,5.02928945311e-05,22725.5991249,0.272744994737,0.285422644748,0.285422644748,0.570845289497,2.08166817117e-17,-8.32667268469e-17,0.08,83567.5379618
2011-10-25,83456.1347584,-0.00100203446328,-0.00133309184553,26.3586877452,1.30696261371,0.00031541778528,1.56395969725e-05,26358.6877452,0.31541778528,0.271361938959,0.271361938959,0.542723877918,-1.94289029309e-16,-3.0184188482e-16,0.08,83456.1347584
2011-10-26,83235.165315,-0.00219528636354,-0.00264773157839,36.5184072575,1.24092156417,0.000437576067513,1.48691473402e-05,36518.4072575,0.437576067513,0.269901980917,0.269901980917,0.539803961834,6.93889390391e-18,-9.71445146547e-17,0.08,83235.165315
2011-10-27,83473.540388,0.00339089546255,0.00286387456661,42.6356940833,1.2309773151,0.000512231746305,1.47891496393e-05,42635.6940833,0.512231746305,0.2989735139,0.2989735139,0.5979470278,1.80411241502e-16,1.52655665886e-16,0.08,83473.540388
2011-10-28,83448.3808715,0.000188814882455,-0.000301407085512,39.5530904922,1.36747275,0.000473839857616,1.63821103507e-05,39553.0904922,0.473839857616,0.347187397128,0.347187397128,0.694374794255,-3.60822483003e-16,-5.16947595841e-16,0.08,83448.3808715
2011-10-31,83672.3488184,0.00322217929704,0.00268391003576,40.1551406032,4.76255772317,0.000481197360379,5.70719008977e-05,40155.1406032,0.481197360379,0.392678773516,0.392678773516,0.785357547033,-5.27355936697e-16,-5.55111512313e-16,0.08,83672.3488184
2011-11-01,83792.7021944,0.00198798248653,0.0014383888795,44.1854397592,1.80034823623,0.000528076961902,2.15166451242e-05,44185.4397592,0.528076961902,0.403150218361,0.403150218361,0.806300436723,-2.77555756156e-17,-5.55111512313e-17,0.08,83792.7021944
2011-11-02,83703.0435876,-0.000561315805697,-0.00107000495785,40.7734224067,1.85101622941,0.000486598729231,2.20904229239e-05,40773.4224067,0.486598729231,0.365964790928,0.365964790928,0.731929581855,-1.66533453694e-16,-8.32667268469e-17,0.08,83703.0435876
2011-11-03,83444.1887655,-0.00274694799645,-0.00309253775128,27.2484284569,1.67848585461,0.000325536889568,2.00528652563e-05,27248.4284569,0.325536889568,0.407190922917,0.407190922917,0.814381845834,-5.55111512313e-17,-8.32667268469e-17,0.08,83444.1887655
2011-11-04,83655.0897717,0.00300388319438,0.00252744989638,37.8937973818,1.86179267044,0.000454121466604,2.23118313927e-05,37893.7973818,0.454121466604,0.279030006882,0.279030006882,0.558060013763,4.68375338514e-17,9.71445146547e-17,0.08,83655.0897717
2011-11-07,83615.2045812,8.1892701569e-05,-0.000476781395677,42.8988445898,3.83708716844,0.000512806150909,4.58679463367e-05,42898.8445898,0.512806150909,0.298098228724,0.298098228724,0.596196457447,0,8.32667268469e-17,0.08,83615.2045812
2011-11-08,83683.8582308,0.00120354396383,0.000821066574209,30.6151419273,1.3657832537,0.000366143240104,1.63341495191e-05,30615.1419273,0.366143240104,0.340893842202,0.340893842202,0.681787684403,6.93889390391e-17,6.93889390391e-17,0.08,83683.8582308
2011-11-09,83680.4278658,0.000354212178894,-4.0991956442e-05,31.5090664522,1.56314038151,0.000376525020695,1.86791146412e-05,31509.0664522,0.376525020695,0.3454240042,0.3454240042,0.6908480084,1.08246744901e-15,9.90527104783e-16,0.08,83680.4278658
2011-11-10,83515.9557349,-0.00151688744641,-0.00196547908528,35.9544921426,1.58384813515,0.000429664296176,1.89273426959e-05,35954.4921426,0.429664296176,0.360809473756,0.360809473756,0.721618947513,1.38777878078e-16,7.97972798949e-17,0.08,83515.9557349
2011-11-11,83443.4557505,-0.000392238665503,-0.000868097404834,38.0906550518,1.6511423583,0.000456088357208,1.97703821236e-05,38090.6550518,0.456088357208,0.312897334791,0.312897334791,0.625794669583,1.45716771982e-16,4.85722573274e-17,0.08,83443.4557505
2011-11-14,83380.3421083,-0.00031873837256,-0.000756364194766,32.2250819042,4.29192902632,0.000386190643884,5.14351783219e-05,32225.0819042,0.386190643884,0.244750201341,0.244750201341,0.489500402681,4.51028103754e-16,4.23272528138e-16,0.08,83380.3421083
2011-11-15,83662.4019479,0.00359955936583,0.00338280981464,16.9544404686,1.11821126131,0.000203338581251,1.34109699365e-05,16954.4404686,0.203338581251,0.245464858919,0.245464858919,0.490929717838,2.35922392733e-16,1.17961196366e-16,0.08,83662.4019479
2011-11-16,83601.9507286,-0.000253266062953,-0.00072256136409,38.1371019959,1.12527012005,0.000455845171881,1.34501292558e-05,38137.1019959,0.455845171881,0.289900125431,0.289900125431,0.579800250862,1.66533453694e-16,8.32667268469e-17,0.08,83601.9507286
2011-11-17,83533.7447013,-0.000486286359472,-0.000815842534157,26.2235272426,1.32801183575,0.000313671236305,1.58849383798e-05,26223.5272426,0.313671236305,0.313553704296,0.313553704296,0.627107408591,2.35922392733e-16,1.35308431126e-16,0.08,83533.7447013
2011-11-18,83455.7486018,-0.000462015912922,-0.00093370768625,37.9669848238,1.43519534711,0.000454510748436,1.71810248929e-05,37966.9848238,0.454510748436,0.369832189207,0.369832189207,0.739664378415,-4.85722573274e-17,-5.20417042793e-17,0.08,83455.7486018
2011-11-21,83621.045951,0.00239906325699,0.0019806586362,29.8446343197,5.07363652724,0.000357610288323,6.07943324725e-05,29844.6343197,0.357610288323,0.369145760323,0.369145760323,0.738291520647,-4.85722573274e-16,-4.02455846427e-16,0.08,83621.045951
2011-11-22,83603.6798762,0.000181006774604,-0.000207675886656,30.8106339879,1.69141668968,0.00036845549631,2.02271649492e-05,30810.6339879,0.36845549631,0.287102609971,0.287102609971,0.574205219942,-2.77555756156e-16,-2.91433543964e-16,0.08,83603.6798762
2011-11-23,83621.7732306,0.000684198412554,0.000216418158141,37.7929268233,1.31522381894,0.000452048604551,1.57316498614e-05,37792.9268233,0.452048604551,0.303701941277,0.303701941277,0.607403882554,-1.00613961607e-15,-9.71445146547e-16,0.08,83621.7732306
2011-11-25,83469.0075414,-0.00132953975751,-0.00182686498071,38.8040833526,2.78313368363,0.000464042818676,3.32824045235e-05,38804.0833526,0.464042818676,0.321253677975,0.321253677975,0.64250735595,-9.02056207508e-17,-4.16333634234e-17,0.08,83469.0075414
2011-11-28,83733.610496,0.00357039816532,0.00317007428686,29.0067367203,4.40790011007,0.000347515054686,5.28088237767e-05,29006.7367203,0.347515054686,0.361387849257,0.361387849257,0.722775698514,-2.22044604925e-16,-2.32452945781e-16,0.08,83733.610496
2011-11-29,83723.2861189,0.000476143234545,-0.00012330027334,48.5354700579,1.65809914563,0.000579641433952,1.98020739319e-05,48535.4700579,0.579641433952,0.316120861186,0.316120861186,0.632241722372,-1.38777878078e-16,-4.16333634234e-17,0.08,83723.2861189
2011-11-30,83489.3817044,-0.00220094147128,-0.00279377966814,48.1841330848,1.45022889366,0.000575516505842,1.73216910239e-05,48184.1330848,0.575516505842,0.272300076651,0.272300076651,0.544600153302,4.2674197509e-16,4.16333634234e-16,0.08,83489.3817044
2011-12-01,83337.0101602,-0.00129763488258,-0.00182504099457,42.7871025238,1.2457076733,0.000512485559844,1.49205521453e-05,42787.1025238,0.512485559844,0.300223523413,0.300223523413,0.600447046826,7.97972798949e-17,-9.02056207508e-17,0.08,83337.0101602
2011-12-02,83596.5294963,0.00345645333484,0.00311409463331,27.1602064332,1.37094415457,0.000325908097506,1.64506040226e-05,27160.2064332,0.325908097506,0.30175458351,0.30175458351,0.603509167019,8.46545056277e-16,7.35522753814e-16,0.08,83596.5294963
2011-12-05,83719.8381736,0.00194818136198,0.00147504541171,35.405843542,4.14667988071,0.000423532457093,4.96034931797e-05,35405.843542,0.423532457093,0.390529708757,0.390529708757,0.781059417514,9.99200722163e-16,9.74914593499e-16,0.08,83719.8381736
2011-12-06,83613.9677442,-0.000803882706953,-0.00126457995745,36.7779878052,1.7915114531,0.000439298362342,2.13988881511e-05,36777.9878052,0.439298362342,0.296602817495,0.296602817495,0.593205634989,9.15933995316e-16,9.33281230076e-16,0.08,83613.9677442
2011-12-07,83707.5761305,0.00157890977478,0.00111953049092,37.0516129289,1.35891169396,0.00044312707468,1.62522091778e-05,37051.6129289,0.44312707468,0.276837068965,0.276837068965,0.55367413793,5.96744875736e-16,5.06539254985e-16,0.08,83707.5761305
2011-12-08,83782.1814318,0.00156581835229,0.000891261039091,55.1957844967,1.26977315212,0.000659388158733,1.51691544638e-05,55195.7844967,0.659388158733,0.488193488712,0.488193488712,0.976386977424,-4.7878367937e-16,-4.7878367937e-16,0.08,83782.1814318
2011-12-09,84105.8890332,0.00449521147854,0.00386368074801,50.6698213985,2.24120084631,0.000604780402378,2.67503281486e-05,50669.8213985,0.604780402378,0.446960110686,0.446960110686,0.893920221372,2.77555756156e-17,5.55111512313e-17,0.08,84105.8890332
2011-12-12,84088.5067658,0.00056136732147,-0.000206671228127,58.4170618796,6.17950314602,0.00069456565469,7.34728949073e-05,58417.0618796,0.69456565469,0.178628506929,0.178628506929,0.357257013859,1.94289029309e-16,1.73472347598e-16,0.08,84088.5067658
2011-12-13,83980.6577315,-0.00105589658641,-0.00128256569746,18.237220261,0.823046817179,0.000216881247657,9.7878633934e-06,18237.220261,0.216881247657,0.187090877894,0.187090877894,0.374181755788,1.94289029309e-16,2.42861286637e-16,0.08,83980.6577315
2011-12-14,83754.5379081,-0.00248455497255,-0.00269252265325,16.6043302846,0.860932327733,0.00019771612575,1.02515549531e-05,16604.3302846,0.19771612575,0.192310282785,0.192310282785,0.384620565569,8.32667268469e-17,4.16333634234e-17,0.08,83754.5379081
2011-12-15,83574.289579,-0.00192862294745,-0.00215210224543,17.8348377251,0.882567609294,0.000212941748239,1.05375497416e-05,17834.8377251,0.212941748239,0.253365201639,0.253365201639,0.506730403279,4.16333634234e-16,4.64905891562e-16,0.08,83574.289579
2011-12-16,83546.0207295,3.01419765707e-05,-0.000338248158523,29.6276798979,1.16026393047,0.000354507110346,1.38830247474e-05,29627.6798979,0.354507110346,0.351977907094,0.351977907094,0.703955814187,5.55111512313e-17,6.93889390391e-18,0.08,83546.0207295
2011-12-19,83289.9899367,-0.00264107962933,-0.0030645480245,30.5451781939,4.83392112696,0.000365609013179,5.7859381988e-05,30545.1781939,0.365609013179,0.366514247856,0.366514247856,0.733028495712,1.38777878078e-16,5.55111512313e-17,0.08,83289.9899367
2011-12-20,83319.4840786,0.000622307150993,0.000354113884063,20.6651039275,1.6727105762,0.000248110294444,2.00829724852e-05,20665.1039275,0.248110294444,0.355020109399,0.355020109399,0.710040218799,1.11022302463e-16,0,0.08,83319.4840786
2011-12-21,82441.8076123,-0.0101732253303,-0.0105338682301,28.4277533653,1.62082697823,0.000341189743068,1.94531566794e-05,28427.7533653,0.341189743068,0.400921344404,0.400921344404,0.801842688809,6.38378239159e-16,6.17561557448e-16,0.08,82441.8076123
2011-12-22,82261.4678075,-0.00169539424548,-0.00218747999315,38.7573327659,1.81110577222,0.000470117454825,2.19682928441e-05,38757.3327659,0.470117454825,0.213117134035,0.213117134035,0.426234268069,-6.93889390391e-17,-3.46944695195e-17,0.08,82261.4678075
2011-12-23,82271.5145583,0.000280821719846,0.000122131917708,12.0934353233,0.960620726609,0.000147012150958,1.167765118e-05,12093.4353233,0.147012150958,0.197512579316,0.197512579316,0.395025158632,2.56739074445e-16,2.56739074445e-16,0.08,82271.5145583
2011-12-27,82146.1205791,-0.00133453530955,-0.00152414818009,12.0381689332,3.56156910567,0.000146322442195,4.32904283432e-05,12038.1689332,0.146322442195,0.173379586774,0.173379586774,0.346759173548,-4.16333634234e-17,-4.16333634234e-17,0.08,82146.1205791
2011-12-28,82233.7039158,0.00118182014046,0.00106618956646,8.71819428329,0.780408791293,0.000106130322672,9.50025133009e-06,8718.19428329,0.106130322672,0.154938739813,0.154938739813,0.309877479626,3.1918911958e-16,2.77555756156e-16,0.08,82233.7039158
2011-12-29,82155.1525184,-0.000831886351557,-0.000955221443937,9.44415426622,0.698147203007,0.000114845298418,8.48979396236e-06,9444.15426622,0.114845298418,0.155104368581,0.155104368581,0.310208737162,8.32667268469e-17,8.32667268469e-17,0.08,82155.1525184
2011-12-30,82062.4768662,-0.000354997400481,-0.00112805648153,62.8125607881,0.698225920935,0.000764560211534,8.4988695113e-06,62812.5607881,0.764560211534,0.4646999988,0.4646999988,0.9293999976,4.02455846427e-16,3.33066907388e-16,0.08,82062.4768662
2012-01-03,82144.8520834,0.00177377260788,0.00100381100367,54.826724465,8.35823186876,0.000668109549685,0.000101852054531,54826.724465,0.668109549685,0.288202621235,0.288202621235,0.576405242469,3.67761376907e-16,4.16333634234e-16,0.08,82144.8520834
2012-01-04,81914.1330839,-0.00199804375674,-0.00280868482478,65.2927653284,1.29722529816,0.000794849143585,1.57919244512e-05,65292.7653284,0.794849143585,0.311430496174,0.311430496174,0.622860992348,-1.2490009027e-16,-2.77555756156e-17,0.08,81914.1330839
2012-01-05,81852.743549,-0.000320991469088,-0.000749437644924,33.6979582114,1.39783885534,0.000411381491114,1.70646847219e-05,33697.9582114,0.411381491114,0.190872149986,0.190872149986,0.381744299972,-1.37043154602e-16,-1.56125112838e-16,0.08,81852.743549
2012-01-06,81782.6767308,-0.000663873709376,-0.000856010624677,14.8708564411,0.856077213339,0.000181678167357,1.04587479444e-05,14870.8564411,0.181678167357,0.182272712652,0.182272712652,0.364545425303,-1.45716771982e-16,-7.2858385991e-17,0.08,81782.6767308
2012-01-09,81791.0371385,0.000337371611278,0.000102227121662,16.7803210666,2.45042471271,0.000205181851919,2.99626376961e-05,16780.3210666,0.205181851919,0.212057422669,0.212057422669,0.424114845338,-8.32667268469e-17,2.77555756156e-17,0.08,81791.0371385
2012-01-10,81859.9773382,0.00101668504601,0.000842882083208,13.2651466933,0.950377892219,0.000162183378001,1.16195848038e-05,13265.1466933,0.162183378001,0.244553424773,0.244553424773,0.489106849545,4.85722573274e-17,1.07552855511e-16,0.08,81859.9773382
2012-01-11,81959.1579938,0.00150326598009,0.00121158909183,22.7797244048,1.09693905807,0.000278276700599,1.34001876588e-05,22779.7244048,0.278276700599,0.249435138737,0.249435138737,0.498870277474,-6.52256026967e-16,-5.96744875736e-16,0.08,81959.1579938
2012-01-12,81845.609715,-0.00104109184212,-0.00138542515038,27.1010765654,1.12019144904,0.000330665629427,1.36676788349e-05,27101.0765654,0.330665629427,0.313917309457,0.313917309457,0.627834618915,1.11022302463e-16,1.66533453694e-16,0.08,81845.609715
2012-01-13,81825.2825025,0.000185149409552,-0.000248360451058,34.0730567444,1.40782211466,0.000416308912146,1.72009484634e-05,34073.0567444,0.416308912146,0.374108776761,0.374108776761,0.748217553523,-4.23272528138e-16,-3.95516952523e-16,0.08,81825.2825025
2012-01-17,81884.5812525,0.00120567764545,0.000724699605701,32.6467817674,6.70938221264,0.000398981595528,8.19964442217e-05,32646.7817674,0.398981595528,0.317884055787,0.317884055787,0.635768111573,-4.6143644461e-16,-4.16333634234e-16,0.08,81884.5812525
2012-01-18,81716.1377053,-0.00166778743546,-0.00205708504065,30.4511808191,1.4262905641,0.000371879300758,1.74183044267e-05,30451.1808191,0.371879300758,0.354054019782,0.354054019782,0.708108039565,-2.08166817117e-17,0,0.08,81716.1377053
2012-01-19,81709.6489728,0.000213485890462,-7.94057654558e-05,22.3486638173,1.58531107045,0.000273491435656,1.94002202621e-05,22348.6638173,0.273491435656,0.313816686883,0.313816686883,0.627633373766,1.04083408559e-16,1.11022302463e-16,0.08,81709.6489728
2012-01-20,81816.193217,0.00196142675003,0.00130393711717,52.3182141551,1.40503294943,0.000640294197966,1.71954348977e-05,52318.2141551,0.640294197966,0.426664002865,0.426664002865,0.85332800573,5.55111512313e-16,5.27355936697e-16,0.08,81816.193217
2012-01-23,81874.7390595,0.00152393084044,0.000715577689554,60.3980721834,5.73830539679,0.000738216602467,7.01365484162e-05,60398.0721834,0.738216602467,0.358895024337,0.358895024337,0.717790048674,4.4408920985e-16,3.88578058619e-16,0.08,81874.7390595
2012-01-24,81638.1166053,-0.00250635006331,-0.0028900544526,29.8055906419,1.6101061078,0.000364038908512,1.96654807856e-05,29805.5906419,0.364038908512,0.367827473337,0.367827473337,0.735654946674,-2.49800180541e-16,-2.87964097012e-16,0.08,81638.1166053
2012-01-25,81551.0604643,-0.000693977824029,-0.00106636635708,28.7556879543,1.64541052925,0.000352233603003,2.01549300459e-05,28755.6879543,0.352233603003,0.340254350046,0.340254350046,0.680508700092,-4.16333634234e-16,-4.7878367937e-16,0.08,81551.0604643
2012-01-26,81403.6963261,-0.00147895864326,-0.00180701682259,25.2330484141,1.52044400405,0.000309414105353,1.86440739751e-05,25233.0484141,0.309414105353,0.360079373439,0.360079373439,0.720158746877,1.38777878078e-16,1.56125112838e-16,0.08,81403.6963261
2012-01-27,81451.874396,0.000963935998425,0.000591841304558,28.6837578768,1.60612558733,0.00035236431724,1.97303766268e-05,28683.7578768,0.35236431724,0.311960753543,0.311960753543,0.623921507086,8.32667268469e-17,1.38777878078e-16,0.08,81451.874396
2012-01-30,81266.8914315,-0.00177533897449,-0.00227107068831,36.2013258175,4.17695147081,0.000444450494061,5.12812197605e-05,36201.3258175,0.444450494061,0.210071287155,0.210071287155,0.42014257431,-1.38777878078e-17,1.04083408559e-17,0.08,81266.8914315
2012-01-31,81139.9910122,-0.00127910609764,-0.00156152668133,22.0159995983,0.935443314307,0.000270909828227,1.15107554605e-05,22015.9995983,0.270909828227,0.265745308029,0.265745308029,0.531490616058,0,1.94289029309e-16,0.08,81139.9910122
2012-02-01,81190.1411085,0.00098452066315,0.000618068791798,28.5523907586,1.18151078932,0.00035189048461,1.45613867413e-05,28552.3907586,0.35189048461,0.18643456849,0.18643456849,0.372869136981,-6.41847686111e-17,-2.08166817117e-17,0.08,81190.1411085
2012-02-02,81159.1794387,8.42094860565e-05,-0.000381347653206,36.9692444104,0.829405420451,0.000455341546469,1.0215592794e-05,36969.2444104,0.455341546469,0.300749958319,0.300749958319,0.601499916638,-1.38777878078e-17,-1.38777878078e-17,0.08,81159.1794387
2012-02-03,81336.263228,0.00261412600542,0.00218193173655,33.7390735985,1.33745862101,0.000415714819098,1.64794497709e-05,33739.0735985,0.415714819098,0.32962564956,0.32962564956,0.65925129912,9.71445146547e-17,1.38777878078e-16,0.08,81336.263228
2012-02-06,81402.3447041,0.00126314842792,0.000812447897915,32.2510884087,4.40720853688,0.000396515491722,5.41850382839e-05,32251.0884087,0.396515491722,0.305747770773,0.305747770773,0.611495541546,5.6898930012e-16,5.13478148889e-16,0.08,81402.3447041
2012-02-07,81523.1613861,0.00186515714923,0.00148419167117,29.6477250596,1.3637581057,0.000364212175551,1.67533025081e-05,29647.7250596,0.364212175551,0.32694365813,0.32694365813,0.65388731626,2.77555756156e-16,3.33066907388e-16,0.08,81523.1613861
2012-02-08,81312.4593576,-0.00211839272034,-0.00258456645897,36.5434922373,1.46046469073,0.000448259017634,1.79147209934e-05,36543.4922373,0.448259017634,0.352731993632,0.352731993632,0.705463987265,7.21644966006e-16,7.59808882478e-16,0.08,81312.4593576
2012-02-09,81368.7547397,0.00115053071293,0.000692334022842,35.6855103761,1.57158936418,0.000438868909612,1.9327780473e-05,35685.5103761,0.438868909612,0.422502135887,0.422502135887,0.845004271774,1.66533453694e-16,2.70616862252e-16,0.08,81368.7547397
2012-02-10,81289.7931309,-0.000299387414562,-0.000970416826744,52.7170757357,1.88375192723,0.000647878610216,2.31508019664e-05,52717.0757357,0.647878610216,0.238425302358,0.238425302358,0.476850604717,2.35922392733e-16,2.22044604925e-16,0.08,81289.7931309
2012-02-13,81094.1881843,-0.00214049260961,-0.00240626699964,18.4187380328,3.18600715165,0.000226581189635,3.91932003877e-05,18418.7380328,0.226581189635,0.222551764143,0.222551764143,0.445103528285,-5.55111512313e-17,4.85722573274e-17,0.08,81094.1881843
2012-02-14,80906.5967159,-0.0021412166291,-0.00231325416278,12.9623315483,0.98891258313,0.000159842916472,1.21946172133e-05,12962.3315483,0.159842916472,0.238634408034,0.238634408034,0.477268816068,9.02056207508e-17,1.87350135405e-16,0.08,80906.5967159
2012-02-15,81011.5120673,0.00143493331846,0.00129674656538,10.1222967346,1.05792316785,0.0001251108951,1.30758579745e-05,10122.2967346,0.1251108951,0.225640887034,0.225640887034,0.451281774067,0,9.02056207508e-17,0.08,81011.5120673
2012-02-16,80981.3687421,-0.00015122021544,-0.000372086934713,16.8911299379,1.00161695577,0.000208502835052,1.2363884221e-05,16891.1299379,0.208502835052,0.186734807456,0.186734807456,0.373469614911,0,9.02056207508e-17,0.08,80981.3687421
2012-02-17,80946.0546069,-0.000116942411644,-0.0004360772816,25.0153736345,0.82860494792,0.000308902825712,1.02320442441e-05,25015.3736345,0.308902825712,0.266831350875,0.266831350875,0.53366270175,-1.38777878078e-17,2.77555756156e-17,0.08,80946.0546069
2012-02-21,80801.172396,-0.00142189478454,-0.00178986130517,25.0514227086,4.73401536411,0.00030948293688,5.84835837534e-05,25051.4227086,0.30948293688,0.21624619027,0.21624619027,0.43249238054,1.52655665886e-16,1.2490009027e-16,0.08,80801.172396
2012-02-22,80786.2007059,0.000220066134667,-0.000185290506043,31.7958701257,0.957421682191,0.000393507534394,1.18491063162e-05,31795.8701257,0.393507534394,0.234536847875,0.234536847875,0.469073695749,1.38777878078e-17,5.55111512313e-17,0.08,80786.2007059
2012-02-23,80715.628635,-0.000591716938383,-0.000873565909228,21.731297069,1.03821045837,0.000268997636714,1.28513341301e-05,21731.297069,0.268997636714,0.144932054468,0.144932054468,0.289864108937,9.71445146547e-17,1.02348685083e-16,0.08,80715.628635
2012-02-24,80645.1274544,-0.000720767017455,-0.000873451421727,11.6830159264,0.641001747166,0.000144742921835,7.94148243663e-06,11683.0159264,0.144742921835,0.158921765637,0.158921765637,0.317843531275,1.11022302463e-16,1.07552855511e-16,0.08,80645.1274544
2012-02-27,80612.7252839,-0.00019123711675,-0.000401787082489,14.8730453631,2.10678345947,0.000184425839881,2.61241258582e-05,14873.0453631,0.184425839881,0.17535433209,0.17535433209,0.350708664179,5.55111512313e-17,6.93889390391e-17,0.08,80612.7252839
2012-02-28,80584.3366019,-0.000217568171049,-0.000352161298842,10.0753549674,0.774563868498,0.00012498467124,9.60845655285e-06,10075.3549674,0.12498467124,0.154473380361,0.154473380361,0.308946760722,6.93889390391e-17,1.07552855511e-16,0.08,80584.3366019
2012-02-29,80516.536635,-0.000571726535987,-0.000841354160459,21.0456736652,0.682089582414,0.000261163329657,8.46429481431e-06,21045.6736652,0.261163329657,0.176202942804,0.176202942804,0.352405885609,1.38777878078e-16,1.2490009027e-16,0.08,80516.536635
2012-03-01,80422.0993626,-0.000879893319372,-0.00117289287816,22.8139261094,0.777383599973,0.00028334460302,9.65495577011e-06,22813.9261094,0.28334460302,0.194250050709,0.194250050709,0.388500101417,3.33066907388e-16,3.88578058619e-16,0.08,80422.0993626
2012-03-02,80368.8153015,-0.000206087846375,-0.000662554964513,35.8540441016,0.855999829002,0.000445823279743,1.0643838395e-05,35854.0441016,0.445823279743,0.354287464518,0.354287464518,0.708574929036,0,1.04083408559e-16,0.08,80368.8153015
2012-03-05,80546.1497488,0.00268445454305,0.00220650816768,33.7313816972,4.68060226841,0.0004197073401,5.82390352632e-05,33731.3816972,0.4197073401,0.302906829868,0.302906829868,0.605813659736,1.2490009027e-16,1.38777878078e-16,0.08,80546.1497488
2012-03-06,80430.1731332,-0.00101547018212,-0.00143987783416,32.847526741,1.33687555499,0.000407810017529,1.65976345133e-05,32847.526741,0.407810017529,0.29891075242,0.29891075242,0.59782150484,4.99600361081e-16,4.16333634234e-16,0.08,80430.1731332
2012-03-07,80244.4764826,-0.00179580711414,-0.00230879337198,39.9422341595,1.31733937362,0.000496607586476,1.63786713655e-05,39942.2341595,0.496607586476,0.293749876748,0.293749876748,0.587499753495,4.16333634234e-17,1.73472347598e-17,0.08,80244.4764826
2012-03-08,80370.2176638,0.00212788122848,0.00156697615588,43.7179281494,1.29160575761,0.00054480918894,1.60958836574e-05,43717.9281494,0.54480918894,0.466455371486,0.466455371486,0.932910742972,5.55111512313e-17,-1.11022302463e-16,0.08,80370.2176638
2012-03-09,80126.4724026,-0.00219110828666,-0.00303278090267,65.5912130086,2.05419834174,0.000816113417571,2.55591984376e-05,65591.2130086,0.816113417571,0.338197917145,0.338197917145,0.67639583429,2.98372437868e-16,2.77555756156e-16,0.08,80126.4724026
2012-03-12,80214.337337,0.00139676078753,0.0010965780946,19.5980148785,4.45456538214,0.000244588514768,5.55941781608e-05,19598.0148785,0.244588514768,0.243109880834,0.243109880834,0.486219761668,1.52655665886e-16,1.45716771982e-16,0.08,80214.337337
2012-03-13,80040.6372245,-0.00189134800502,-0.00216544969748,20.918343268,1.06854235568,0.000260780603099,1.33210893608e-05,20918.343268,0.260780603099,0.246122821932,0.246122821932,0.492245643863,3.0184188482e-16,3.0184188482e-16,0.08,80040.6372245
2012-03-14,79800.8424617,-0.00272846754808,-0.0029959127156,20.327039028,1.0794426029,0.000253958985497,1.34861820237e-05,20327.039028,0.253958985497,0.233211027481,0.233211027481,0.466422054962,-2.77555756156e-17,-1.38777878078e-17,0.08,79800.8424617
2012-03-15,79767.8859212,-0.000168719779718,-0.000412984868995,18.472809965,1.01974994325,0.000231486402839,1.27786864373e-05,18472.809965,0.231486402839,0.270519335062,0.270519335062,0.541038670124,4.30211422042e-16,4.4408920985e-16,0.08,79767.8859212
2012-03-16,79753.6844374,0.0002941677698,-0.000178035103421,36.4842273634,1.18239755938,0.000457379895957,1.48229772637e-05,36484.2273634,0.457379895957,0.419315427319,0.419315427319,0.838630854637,3.05311331772e-16,3.33066907388e-16,0.08,79753.6844374
2012-03-19,79750.8024702,0.000470464321985,-3.61358498356e-05,34.9059233456,5.49730689371,0.000437671608426,6.89285633948e-05,34905.9233456,0.437671608426,0.339468202528,0.339468202528,0.678936405057,1.11022302463e-16,2.08166817117e-16,0.08,79750.8024702
2012-03-20,79292.5313201,-0.00530016309347,-0.00574628888863,34.095445697,1.4834444693,0.000427524797757,1.86009973988e-05,34095.445697,0.427524797757,0.238512948354,0.238512948354,0.477025896709,1.52655665886e-16,2.63677968348e-16,0.08,79292.5313201
2012-03-21,79165.0481703,-0.00127353258883,-0.00160775734718,25.4652369596,1.03629016042,0.000321155555707,1.30692026496e-05,25465.2369596,0.321155555707,0.277232979186,0.277232979186,0.554465958373,-7.6327832943e-17,1.38777878078e-17,0.08,79165.0481703
2012-03-22,79014.8074831,-0.00150248807489,-0.00189781590123,30.0935621876,1.20258422749,0.000380136978163,1.51908481746e-05,30093.5621876,0.380136978163,0.346053494915,0.346053494915,0.692106989831,-8.32667268469e-17,7.97972798949e-17,0.08,79014.8074831
2012-03-23,79002.4187283,0.000154342022424,-0.000156790292802,23.0857942206,1.49826576874,0.000292170479889,1.89618353378e-05,23085.7942206,0.292170479889,0.337433797194,0.337433797194,0.674867594388,-6.93889390391e-17,-2.94902990916e-17,0.08,79002.4187283
2012-03-26,79069.685321,0.0011492945499,0.000851449788621,19.1483054006,4.38215114613,0.000242376191879,5.54685694017e-05,19148.3054006,0.242376191879,0.335008567577,0.335008567577,0.670017135153,-5.55111512313e-17,-6.93889390391e-18,0.08,79069.685321
2012-03-27,78982.7449976,-0.000756514732579,-0.0010995405259,25.6714882734,1.45145326127,0.000324669159479,1.83566338398e-05,25671.4882734,0.324669159479,0.348269903756,0.348269903756,0.696539807511,5.55111512313e-16,4.85722573274e-16,0.08,78982.7449976
2012-03-28,78817.6884522,-0.00175013418838,-0.00208977980503,25.3188931024,1.50725002732,0.000320562334257,1.90832823976e-05,25318.8931024,0.320562334257,0.306373207255,0.306373207255,0.612746414511,4.4408920985e-16,3.81639164715e-16,0.08,78817.6884522
2012-03-29,78863.5732874,0.000963890369274,0.000582164183487,28.7636178868,1.32315769861,0.000364938612787,1.67875730003e-05,28763.6178868,0.364938612787,0.354616861052,0.354616861052,0.709233722105,4.4408920985e-16,4.30211422042e-16,0.08,78863.5732874
2012-03-30,78836.0533066,0.000230997873965,-0.00034895680838,44.2048957007,1.53240289373,0.000560523621465,1.94310608796e-05,44204.8957007,0.560523621465,0.30560383048,0.30560383048,0.611207660959,2.49800180541e-16,2.15105711021e-16,0.08,78836.0533066
2012-04-02,78857.3213577,0.000485076016413,0.000269775695614,13.0130001916,3.96042737595,0.000165064074694,5.02362461062e-05,13013.0001916,0.165064074694,0.28247196895,0.28247196895,0.564943937901,6.66133814775e-16,6.45317133063e-16,0.08,78857.3213577
2012-04-03,78758.5595081,-0.000984945231674,-0.00125241192445,19.8711599407,1.22054700439,0.000251988776674,1.54779161069e-05,19871.1599407,0.251988776674,0.283294192199,0.283294192199,0.566588384399,4.4408920985e-16,3.88578058619e-16,0.08,78758.5595081
2012-04-04,78720.4090432,-0.000163630232671,-0.000484397697507,24.0406167555,1.22256671204,0.0003052444954,1.55229694356e-05,24040.6167555,0.3052444954,0.250976814971,0.250976814971,0.501953629943,1.94289029309e-16,1.94289029309e-16,0.08,78720.4090432
2012-04-05,78644.9487088,-0.000616777152214,-0.000958586665758,25.8248095136,1.08257520739,0.000328057359299,1.3752154245e-05,25824.8095136,0.328057359299,0.208404834346,0.208404834346,0.416809668692,-5.55111512313e-17,-1.04083408559e-16,0.08,78644.9487088
2012-04-09,78625.2214785,0.000232191097049,-0.000250839127277,34.3955611878,3.59232602911,0.000437352452415,4.56777719115e-05,34395.5611878,0.437352452415,0.273664781029,0.273664781029,0.547329562058,1.52655665886e-16,2.06432093641e-16,0.08,78625.2214785
2012-04-10,78555.1822907,-0.000634575098495,-0.000890797971198,18.966568935,1.17901117914,0.000241227542236,1.49953304674e-05,18966.568935,0.241227542236,0.280224141819,0.280224141819,0.560448283637,-4.85722573274e-17,3.81639164715e-17,0.08,78555.1822907
2012-04-11,78338.1830159,-0.00244865232413,-0.00276238013129,23.4387500925,1.20619498865,0.000298373059664,1.53547474969e-05,23438.7500925,0.298373059664,0.358938977789,0.358938977789,0.717877955578,-7.21644966006e-16,-6.66133814775e-16,0.08,78338.1830159
2012-04-12,78384.3126524,0.000975206460956,0.000588852520135,28.7255190218,1.54074670321,0.000366686051628,1.96678891939e-05,28725.5190218,0.366686051628,0.246916718051,0.246916718051,0.493833436102,-2.49800180541e-16,-2.09901540593e-16,0.08,78384.3126524
2012-04-13,78227.568586,-0.00176682015468,-0.00199968668584,17.1925680685,1.06051491654,0.000219336847982,1.35296831809e-05,17192.5680685,0.219336847982,0.217635298039,0.217635298039,0.435270596078,-2.98372437868e-16,-1.87350135405e-16,0.08,78227.568586
2012-04-16,78546.1250558,0.00425654093567,0.00407217654281,11.6237348661,2.79864332122,0.000148588727429,3.5775665431e-05,11623.7348661,0.148588727429,0.176777441481,0.176777441481,0.353554882962,-5.55111512313e-17,-4.16333634234e-17,0.08,78546.1250558
2012-04-17,78733.9321673,0.00278388605553,0.00239104234998,30.095518877,0.76083194661,0.000383157270401,9.68643514965e-06,30095.518877,0.383157270401,0.258229585375,0.258229585375,0.516459170749,-2.77555756156e-17,-1.11022302463e-16,0.08,78733.9321673
2012-04-18,78475.616513,-0.00287852641448,-0.00328086819965,30.5638998263,1.11405099499,0.000388192218844,1.41495663219e-05,30563.8998263,0.388192218844,0.312769203176,0.312769203176,0.625538406352,4.57966997658e-16,3.46944695195e-16,0.08,78475.616513
2012-04-19,78258.8188918,-0.00233612803438,-0.0027626112522,32.1236153108,1.34491813948,0.000409345179283,1.71380385302e-05,32123.6153108,0.409345179283,0.411717984967,0.411717984967,0.823435969935,2.22044604925e-16,1.38777878078e-16,0.08,78258.8188918
2012-04-20,78071.84181,-0.00198797185859,-0.00238921420497,29.6352418035,1.76551031343,0.000378682456791,2.25598895872e-05,29635.2418035,0.378682456791,0.459675345321,0.459675345321,0.919350690642,4.85722573274e-16,3.60822483003e-16,0.08,78071.84181
2012-04-23,78219.628461,0.0024130450556,0.00189295714747,34.7048728069,5.89934808392,0.000444524837666,7.55630704637e-05,34704.8728069,0.444524837666,0.414823014064,0.414823014064,0.829646028128,7.07767178199e-16,3.74700270811e-16,0.08,78219.628461
2012-04-24,77999.1890293,-0.00230785498665,-0.00281821118292,38.1419376967,1.7779343582,0.000487626168101,2.27300281679e-05,38141.9376967,0.487626168101,0.380873475977,0.380873475977,0.761746951954,-7.6327832943e-17,-9.71445146547e-17,0.08,77999.1890293
2012-04-25,77891.9762857,-0.000964175838651,-0.00137453664593,30.3799843009,1.62782587666,0.000389491027778,2.08697795056e-05,30379.9843009,0.389491027778,0.345648036992,0.345648036992,0.691296073985,-3.33066907388e-16,-3.1918911958e-16,0.08,77891.9762857
2012-04-26,78143.3142215,0.0036382631039,0.00322675001706,30.5783232897,1.47524431236,0.000392573468383,1.89396184653e-05,30578.3232897,0.392573468383,0.246634695612,0.246634695612,0.493269391223,-3.46944695195e-18,2.77555756156e-17,0.08,78143.3142215
2012-04-27,78130.8192987,0.000164545106382,-0.000159897528198,24.2969760275,1.05604671327,0.000310928404683,1.35142298965e-05,24296.9760275,0.310928404683,0.271902445378,0.271902445378,0.543804890756,3.40005801291e-16,3.88578058619e-16,0.08,78130.8192987
2012-04-30,77993.0792136,-0.00133253065288,-0.00176294177317,30.1362155191,3.49215794412,0.000385714827895,4.46962923909e-05,30136.2155191,0.385714827895,0.296653848648,0.296653848648,0.593307697296,6.24500451352e-17,9.02056207508e-17,0.08,77993.0792136
2012-05-01,78098.0223384,0.0016383815477,0.00134554406511,21.5715190521,1.2677779242,0.000276582477184,1.62550054054e-05,21571.5190521,0.276582477184,0.304986111896,0.304986111896,0.609972223792,5.55111512313e-17,5.55111512313e-17,0.08,78098.0223384
2012-05-02,77947.2123249,-0.00158712346284,-0.001931034987,25.5536695026,1.30514039341,0.000327199956381,1.67115677751e-05,25553.6695026,0.327199956381,0.332417353179,0.332417353179,0.664834706359,6.80011602583e-16,6.66133814775e-16,0.08,77947.2123249
2012-05-03,77727.1430573,-0.00242476345454,-0.00282331158499,29.6459345944,1.41978115116,0.000380333480957,1.82146494893e-05,29645.9345944,0.380333480957,0.387148779036,0.387148779036,0.774297558072,1.11022302463e-16,-1.38777878078e-17,0.08,77727.1430573
2012-05-04,77555.3920236,-0.00176635318864,-0.0022096661087,32.8085717688,1.64887498809,0.000422099288335,2.1213631728e-05,32808.5717688,0.422099288335,0.299936195683,0.299936195683,0.599872391367,1.38777878078e-16,1.66533453694e-16,0.08,77555.3920236
2012-05-07,77637.3118619,0.0013788910592,0.00105627521387,21.1967623187,3.82383603917,0.000273311265222,4.93045801123e-05,21196.7623187,0.273311265222,0.239888319769,0.239888319769,0.479776639539,-1.94289029309e-16,-1.66533453694e-16,0.08,77637.3118619
2012-05-08,77654.4788691,0.000628609589863,0.000221118002052,30.6160427555,1.02050872844,0.000394347022344,1.31445654668e-05,30616.0427555,0.394347022344,0.260706371598,0.260706371598,0.521412743196,-4.16333634234e-16,-3.74700270811e-16,0.08,77654.4788691
2012-05-09,77689.4002586,0.000853990051913,0.000449702192601,30.2854470047,1.10931602325,0.000390002578676,1.42852806355e-05,30285.4470047,0.390002578676,0.412397662599,0.412397662599,0.824795325199,-2.77555756156e-16,-2.49800180541e-16,0.08,77689.4002586
2012-05-10,77564.0952837,-0.00113128990739,-0.00161289666869,35.6601827979,1.75555764797,0.000459009629103,2.25971321972e-05,35660.1827979,0.459009629103,0.38367343326,0.38367343326,0.767346866519,-1.38777878078e-16,-1.66533453694e-16,0.08,77564.0952837
2012-05-11,77524.2926482,-0.000107652962696,-0.000513157993057,29.8219851836,1.63064562932,0.000384481828538,2.10232018224e-05,29821.9851836,0.384481828538,0.313650037725,0.313650037725,0.62730007545,-6.93889390391e-17,1.21430643318e-17,0.08,77524.2926482
2012-05-14,77494.7568627,7.63855156904e-06,-0.000380987487906,26.1308907634,3.99706805157,0.000337067129165,5.15589103109e-05,26130.8907634,0.337067129165,0.335306803044,0.335306803044,0.670613606087,-2.49800180541e-16,-2.77555756156e-16,0.08,77494.7568627
2012-05-15,77537.9720342,0.00082499778046,0.000557652843181,19.2940216429,1.42380926993,0.000248971961769,1.83729755092e-05,19294.0216429,0.248971961769,0.264746739593,0.264746739593,0.529493479187,3.81639164715e-16,3.46944695195e-16,0.08,77537.9720342
2012-05-16,77434.8597844,-0.000877306892972,-0.00132982907792,33.9628346969,1.12481782415,0.000438015514282,1.45066706626e-05,33962.8346969,0.438015514282,0.374762349497,0.374762349497,0.749524698994,2.15105711021e-16,1.38777878078e-16,0.08,77434.8597844
2012-05-17,77049.764175,-0.00450140149601,-0.00497315563599,34.9400967784,1.59011890333,0.000451219216715,2.05349232601e-05,34940.0967784,0.451219216715,0.217508913424,0.217508913424,0.435017826849,2.35922392733e-16,2.08166817117e-16,0.08,77049.764175
2012-05-18,77029.0471415,9.6847707138e-05,-0.000268878610382,27.2608245731,0.9183019444,0.000353808020895,1.1918296626e-05,27260.8245731,0.353808020895,0.286108354711,0.286108354711,0.572216709423,1.66533453694e-16,2.63677968348e-16,0.08,77029.0471415
2012-05-21,77091.6885385,0.00125034419334,0.000813217862209,30.0486323383,3.62279242893,0.000390094820765,4.70315103635e-05,30048.6323383,0.390094820765,0.298841686557,0.298841686557,0.597683373114,-2.8449465006e-16,-3.67761376907e-16,0.08,77091.6885385
2012-05-22,76922.9025191,-0.00178074793524,-0.00218941915274,30.2427865306,1.26236768342,0.000392296330563,1.63748869346e-05,30242.7865306,0.392296330563,0.252378271598,0.252378271598,0.504756543195,-2.08166817117e-17,-1.38777878078e-17,0.08,76922.9025191
2012-05-23,76768.5673942,-0.00177914886007,-0.0020063611724,16.4140678577,1.06376269502,0.000213383365943,1.38289463889e-05,16414.0678577,0.213383365943,0.201718854356,0.201718854356,0.403437708712,-5.55111512313e-17,-4.85722573274e-17,0.08,76768.5673942
2012-05-24,76796.1698776,0.000624408865087,0.000359554493644,19.4839609397,0.848529724126,0.000253801283533,1.10530879099e-05,19483.9609397,0.253801283533,0.207406392655,0.207406392655,0.41481278531,-1.38777878078e-17,4.51028103754e-17,0.08,76796.1698776
2012-05-25,76682.0830989,-0.000987498914135,-0.00148557901938,37.3778763441,0.872768030906,0.0004867153714,1.13647338441e-05,37377.8763441,0.4867153714,0.371896313354,0.371896313354,0.743792626709,1.2490009027e-16,2.35922392733e-16,0.08,76682.0830989
2012-05-29,76507.7169457,-0.0018603836411,-0.00227388388673,25.45758699,6.25047320653,0.000331988724892,8.15115207352e-05,25457.58699,0.331988724892,0.324051858176,0.324051858176,0.648103716352,2.22044604925e-16,2.49800180541e-16,0.08,76507.7169457
2012-05-30,76385.1370057,-0.00112883185863,-0.00160219053527,34.8571002572,1.35849138855,0.000455602410433,1.77562662014e-05,34857.1002572,0.455602410433,0.406301230943,0.406301230943,0.812602461887,1.2490009027e-16,9.71445146547e-17,0.08,76385.1370057
2012-05-31,76150.0720223,-0.00266689568871,-0.00307736547569,29.6532224115,1.70056850363,0.000388206705832,2.22630811476e-05,29653.2224115,0.388206705832,0.453365323926,0.453365323926,0.906730647853,1.94289029309e-16,1.66533453694e-16,0.08,76150.0720223
2012-06-01,76329.2701422,0.00283767002561,0.00235322324971,34.9989416943,1.89171518188,0.000459604840348,2.48419355576e-05,34998.9416943,0.459604840348,0.256468409221,0.256468409221,0.512936818442,1.51788304148e-16,1.87350135405e-16,0.08,76329.2701422
2012-06-04,76211.4296033,-0.00117404155273,-0.00154384469734,25.0088238793,3.21798024499,0.000327643954053,4.21591905569e-05,25008.8238793,0.327643954053,0.31699553631,0.31699553631,0.63399107262,-1.80411241502e-16,-1.80411241502e-16,0.08,76211.4296033
2012-06-05,76122.4830281,-0.000876163975128,-0.00116710282952,20.8491025684,1.32376345206,0.000273569235966,1.73696184279e-05,20849.1025684,0.273569235966,0.30184784994,0.30184784994,0.603695699879,-1.66533453694e-16,-1.2490009027e-16,0.08,76122.4830281
2012-06-06,76180.089014,0.00114615745157,0.000756753900056,28.3833291954,1.2590360457,0.000372863943297,1.65396082159e-05,28383.3291954,0.372863943297,0.35137088504,0.35137088504,0.70274177008,-9.85322934355e-16,-9.85322934355e-16,0.08,76180.089014
2012-06-07,76243.2283143,0.00138279671562,0.00082881631034,40.7355661589,1.46671042736,0.0005347272061,1.92531991803e-05,40735.5661589,0.5347272061,0.372500935389,0.372500935389,0.745001870779,-1.66533453694e-16,-2.22044604925e-16,0.08,76243.2283143
2012-06-08,76285.1012432,0.00107817492094,0.000549201939587,38.7744064815,1.55620130763,0.000508561971191,2.04110101583e-05,38774.4064815,0.508561971191,0.466634454554,0.466634454554,0.933268909109,3.05311331772e-16,2.35922392733e-16,0.08,76285.1012432
2012-06-11,76129.8675718,-0.00137034220338,-0.00203491466755,44.8453738865,5.85160382618,0.000587865430544,7.67070336254e-05,44845.3738865,0.587865430544,0.1942814789,0.1942814789,0.3885629578,4.71844785466e-16,4.99600361081e-16,0.08,76129.8675718
2012-06-12,76025.5628961,-0.000929332576388,-0.00137008875726,32.7442645709,0.810445110154,0.000430110620382,1.06455604877e-05,32744.2645709,0.430110620382,0.318620933928,0.318620933928,0.637241867856,1.38777878078e-17,-9.71445146547e-17,0.08,76025.5628961
2012-06-13,76019.9655741,0.000368477264086,-7.36242107473e-05,32.2837074073,1.3273060741,0.000424642793522,1.74586813111e-05,32283.7074073,0.424642793522,0.35684656108,0.35684656108,0.713693122161,5.27355936697e-16,3.81639164715e-16,0.08,76019.9655741
2012-06-14,75848.4093588,-0.0015161907828,-0.00225672576894,54.8090078081,1.48643634458,0.000720981749916,1.95532362236e-05,54809.0078081,0.720981749916,0.339366396747,0.339366396747,0.678732793493,4.99600361081e-16,4.16333634234e-16,0.08,75848.4093588
2012-06-15,75992.3014371,0.00227390593633,0.00189710080311,27.1696370406,1.4104329525,0.000358209714222,1.85954189998e-05,27169.6370406,0.358209714222,0.284239177583,0.284239177583,0.568478355166,3.88578058619e-16,4.85722573274e-16,0.08,75992.3014371
2012-06-18,76056.3630713,0.00141866741535,0.000843001632455,40.1954845344,3.55068316654,0.000528941534527,4.67242483698e-05,40195.4845344,0.528941534527,0.260327985679,0.260327985679,0.520655971359,3.05311331772e-16,3.26128013484e-16,0.08,76056.3630713
2012-06-19,76045.4189578,0.000123416875851,-0.000143894777509,19.2458425833,1.08490957789,0.0002530471062,1.42645471605e-05,19245.8425833,0.2530471062,0.18065677453,0.18065677453,0.361313549059,-2.77555756156e-16,-3.40005801291e-16,0.08,76045.4189578
2012-06-20,76040.269207,0.000157742923686,-6.77194087861e-05,16.3926038276,0.752773704475,0.000215563331128,9.89900134409e-06,16392.6038276,0.215563331128,0.185320539687,0.185320539687,0.370641079374,9.71445146547e-17,1.21430643318e-17,0.08,76040.269207
2012-06-21,75951.2359308,-0.000632598449098,-0.00117087008145,40.158165106,0.772154724789,0.000528117082235,1.01545501198e-05,40158.165106,0.528117082235,0.354704044931,0.354704044931,0.709408089861,1.87350135405e-16,1.38777878078e-16,0.08,75951.2359308
2012-06-22,75815.4525118,-0.00112611204854,-0.00178777102629,48.777641201,1.47617592341,0.000642223139667,1.94358380784e-05,48777.641201,0.642223139667,0.486164820153,0.486164820153,0.972329640305,-1.66533453694e-16,-1.87350135405e-16,0.08,75815.4525118
2012-06-25,75907.431528,0.00175572475393,0.00121319616445,35.0730687305,6.05898178113,0.000462611084792,7.99175046826e-05,35073.0687305,0.462611084792,0.343343919063,0.343343919063,0.686687838126,0,3.46944695195e-17,0.08,75907.431528
2012-06-26,75857.7720813,-0.000353817979387,-0.000654210605575,21.3739584558,1.42807424805,0.00028157926076,1.88133654281e-05,21373.9584558,0.28157926076,0.302953606542,0.302953606542,0.605907213083,-1.52655665886e-16,-1.17961196366e-16,0.08,75857.7720813
2012-06-27,75887.7351629,0.000706529550896,0.000394990266761,22.3734220028,1.25925400746,0.000294939086517,1.66001976187e-05,22373.4220028,0.294939086517,0.249363013111,0.249363013111,0.498726026222,-1.38777878078e-17,-2.77555756156e-17,0.08,75887.7351629
2012-06-28,76066.8519822,0.00280642356364,0.00236028679626,32.8193995723,1.03690927662,0.000432473040628,1.36637267458e-05,32819.3995723,0.432473040628,0.234798140633,0.234798140633,0.469596281267,2.22044604925e-16,1.94289029309e-16,0.08,76066.8519822
2012-06-29,76056.4588136,0.000423423363842,-0.000136632032968,41.6230013595,0.978649611466,0.000547189745269,1.28656515416e-05,41623.0013595,0.547189745269,0.377100083442,0.377100083442,0.754200166884,6.24500451352e-17,7.2858385991e-17,0.08,76056.4588136
2012-07-02,76006.5434524,-4.00253589029e-05,-0.000656293520725,42.1565060735,4.71466799423,0.00055427910701,6.19890548124e-05,42156.5060735,0.55427910701,0.475249425629,0.475249425629,0.950498851258,-9.02056207508e-16,-9.71445146547e-16,0.08,76006.5434524
2012-07-03,75455.549257,-0.00681793523397,-0.00724929947324,30.8072135018,1.97929129424,0.000405323174854,2.6041064418e-05,30807.2135018,0.405323174854,0.326781708455,0.326781708455,0.65356341691,7.07767178199e-16,7.56339435526e-16,0.08,75455.549257
2012-07-05,75781.9740202,0.00461367031675,0.00432605376781,19.0000736297,2.70219104642,0.000251804854869,3.58116940773e-05,19000.0736297,0.251804854869,0.261475484143,0.261475484143,0.522950968286,6.93889390391e-17,1.1622647289e-16,0.08,75781.9740202
2012-07-06,75850.3867954,0.00121905480776,0.000902757893876,22.8838440531,1.08576045733,0.000301969490093,1.43274237886e-05,22883.8440531,0.301969490093,0.234590284571,0.234590284571,0.469180569142,1.2490009027e-16,1.35308431126e-16,0.08,75850.3867954
2012-07-09,75817.8262639,-0.000165401359567,-0.000429273111966,17.0897722116,2.9250022723,0.000225308965894,3.85627865048e-05,17089.7722116,0.225308965894,0.183477021256,0.183477021256,0.366954042512,5.55111512313e-17,6.24500451352e-17,0.08,75817.8262639
2012-07-10,75784.0785176,5.5732320631e-05,-0.000445116246146,37.2110124192,0.76223720115,0.000490795031366,1.00535354113e-05,37211.0124192,0.490795031366,0.32514134375,0.32514134375,0.6502826875,-1.04083408559e-16,-5.55111512313e-17,0.08,75784.0785176
2012-07-11,75869.2350307,0.0015721498695,0.00112367287046,32.6372496911,1.35016641776,0.000430661035003,1.78159640411e-05,32637.2496911,0.430661035003,0.324432893876,0.324432893876,0.648865787751,-3.05311331772e-16,-2.56739074445e-16,0.08,75869.2350307
2012-07-12,75684.0152383,-0.00202384107128,-0.00244130301765,30.3237801434,1.34873838231,0.000399684801502,1.77771448699e-05,30323.7801434,0.399684801502,0.320393331821,0.320393331821,0.640786663642,-6.24500451352e-17,-1.1622647289e-16,0.08,75684.0152383
2012-07-13,75538.8730218,-0.0014822617765,-0.00191773937983,31.6300002064,1.32869335933,0.000417921804318,1.75557990039e-05,31630.0002064,0.417921804318,0.263742413914,0.263742413914,0.527484827828,1.11022302463e-16,1.39645239816e-16,0.08,75538.8730218
2012-07-16,75579.7830943,0.000803705467355,0.000541576421515,16.5259511121,3.274981597,0.000218774128485,4.33549173557e-05,16525.9511121,0.218774128485,0.256718409536,0.256718409536,0.513436819072,6.93889390391e-17,3.46944695195e-17,0.08,75579.7830943
2012-07-17,75540.4950056,-0.000247778706144,-0.000519822724,19.4978650282,1.06316283337,0.000257977255689,1.40667621664e-05,19497.8650282,0.257977255689,0.263554425535,0.263554425535,0.527108851069,9.02056207508e-17,9.02056207508e-17,0.08,75540.4950056
2012-07-18,75764.2573918,0.00334710557475,0.00296215144226,27.9887198725,1.09090585018,0.000370512794103,1.44413383855e-05,27988.7198725,0.370512794103,0.313898477121,0.313898477121,0.627796954241,3.88578058619e-16,3.52148865623e-16,0.08,75764.2573918
2012-07-19,75881.5712383,0.00192370100238,0.00154840620743,27.1307925371,1.30313890496,0.000358094878391,1.71999165546e-05,27130.7925371,0.358094878391,0.277464389022,0.277464389022,0.554928778044,-4.16333634234e-17,-4.51028103754e-17,0.08,75881.5712383
2012-07-20,75887.7873256,0.00064505097592,8.19182736989e-05,41.5777266546,1.15366760557,0.000547929174056,1.52035281656e-05,41577.7266546,0.547929174056,0.405497015953,0.405497015953,0.810994031906,3.74700270811e-16,2.91433543964e-16,0.08,75887.7873256
2012-07-23,76057.557743,0.00273648401203,0.0022371243568,32.8368437572,5.05845555745,0.000432702611506,6.66570437183e-05,32836.8437572,0.432702611506,0.365354350659,0.365354350659,0.730708701319,3.33066907388e-16,3.53883589099e-16,0.08,76057.557743
2012-07-24,76289.1793602,0.00348897913287,0.00304534649916,32.2189867308,1.52262792449,0.000423613217239,2.00194164745e-05,32218.9867308,0.423613217239,0.360623749829,0.360623749829,0.721247499658,0,-2.08166817117e-17,0.08,76289.1793602
2012-07-25,76378.6493256,0.00170158127834,0.0011727739906,38.834784162,1.5074898593,0.000509047082268,1.97602054701e-05,38834.784162,0.509047082268,0.241653054969,0.241653054969,0.483306109939,-3.05311331772e-16,-2.91433543964e-16,0.08,76378.6493256
2012-07-26,76280.9845647,-0.000692684453309,-0.00127869190832,43.7471081034,1.01134980515,0.000572766191727,1.3241263286e-05,43747.1081034,0.572766191727,0.404576594304,0.404576594304,0.809153188608,-4.57966997658e-16,-4.85722573274e-16,0.08,76280.9845647
2012-07-27,76019.354691,-0.00300167233989,-0.00342981773419,30.9683110666,1.69104114769,0.000405976813794,2.21685805098e-05,30968.3110666,0.405976813794,0.431067978557,0.431067978557,0.862135957113,-6.24500451352e-17,-1.17961196366e-16,0.08,76019.354691
2012-07-30,76034.9857937,0.000730319502506,0.000205620039142,34.5005459172,5.38676869444,0.000453838973738,7.08604896258e-05,34500.5459172,0.453838973738,0.35133672991,0.35133672991,0.702673459819,5.55111512313e-17,-4.25007251614e-17,0.08,76034.9857937
2012-07-31,75852.4712721,-0.00212034313943,-0.0024004018642,19.830486733,1.46377442562,0.000260807397095,1.92513276663e-05,19830.486733,0.260807397095,0.283792602041,0.283792602041,0.567585204083,1.73472347598e-16,1.04083408559e-16,0.08,75852.4712721
2012-08-01,75745.0345763,-0.00111357941007,-0.00141639018442,21.7894184279,1.17952713389,0.000287260494779,1.55502795639e-05,21789.4184279,0.287260494779,0.241198800301,0.241198800301,0.482397600601,4.57966997658e-16,4.19803081186e-16,0.08,75745.0345763
2012-08-02,75846.4784386,0.0016213619452,0.00133928069084,20.3651797636,1.00107460102,0.000268864881738,1.32163726192e-05,20365.1797636,0.268864881738,0.166639896352,0.166639896352,0.333279792703,3.74700270811e-16,3.81639164715e-16,0.08,75846.4784386
2012-08-03,75799.8221047,-0.00037223519312,-0.00061514172818,17.7310546271,0.692550646884,0.000233775581835,9.13095322474e-06,17731.0546271,0.233775581835,0.137147646515,0.137147646515,0.274295293031,-2.08166817117e-17,-1.38777878078e-17,0.08,75799.8221047
2012-08-06,75644.05115,-0.0016449343238,-0.00205503061053,29.3763323402,1.70889323966,0.000387551468124,2.25448186053e-05,29376.3323402,0.387551468124,0.300838072543,0.300838072543,0.601676145086,9.71445146547e-17,2.35922392733e-16,0.08,75644.05115
2012-08-07,76125.8764613,0.00666674720567,0.00636963917162,21.2275177609,1.24693756424,0.000280623756107,1.64842779476e-05,21227.5177609,0.280623756107,0.246156661784,0.246156661784,0.492313323568,-1.52655665886e-16,-9.02056207508e-17,0.08,76125.8764613
2012-08-08,76095.9058395,0.000306236671942,-0.000393698217441,52.256368338,1.0267885822,0.000686446853121,1.34880362621e-05,52256.368338,0.686446853121,0.276708103554,0.276708103554,0.553416207108,2.22044604925e-16,2.8449465006e-16,0.08,76095.9058395
2012-08-09,76090.2069033,0.000248858927928,-7.48914952909e-05,23.4823089102,1.15377281058,0.000308588335353,1.5162087866e-05,23482.3089102,0.308588335353,0.284695433866,0.284695433866,0.569390867731,2.77555756156e-17,6.93889390391e-18,0.08,76090.2069033
2012-08-10,76090.8118946,0.000420961411617,7.95097411488e-06,30.2390614527,1.18698818999,0.000397410687701,1.55997498009e-05,30239.0614527,0.397410687701,0.257793350754,0.257793350754,0.515586701507,-2.77555756156e-16,-4.09394740331e-16,0.08,76090.8118946
2012-08-13,76045.9692271,-0.000125851250898,-0.00058933091096,32.0420441195,3.22449951121,0.000421102670897,4.2376989165e-05,32042.0441195,0.421102670897,0.36588522568,0.36588522568,0.73177045136,-1.66533453694e-16,-1.73472347598e-16,0.08,76045.9692271
2012-08-14,75990.432121,-0.000374610178342,-0.000730309661335,25.5249039042,1.52460803357,0.000335650977477,2.00485055167e-05,25524.9039042,0.335650977477,0.345707474021,0.345707474021,0.691414948042,-2.22044604925e-16,-2.77555756156e-16,0.08,75990.432121
2012-08-15,75734.2132282,-0.00275760458142,-0.00337172569897,45.2278518181,1.43947727881,0.000595178242256,1.89428752888e-05,45227.8518181,0.595178242256,0.277818197034,0.277818197034,0.555636394068,1.11022302463e-16,1.38777878078e-16,0.08,75734.2132282
2012-08-16,75681.7339702,-0.000237752171894,-0.000692939897786,33.3203888081,1.15289548344,0.000439964810986,1.5222914906e-05,33320.3888081,0.439964810986,0.301534442467,0.301534442467,0.603068884934,2.35922392733e-16,2.63677968348e-16,0.08,75681.7339702
2012-08-17,75518.8349963,-0.0017035827915,-0.00215242127012,32.7184277883,1.25044654562,0.000432316043408,1.65224352037e-05,32718.4277883,0.432316043408,0.288594199662,0.288594199662,0.577188399324,6.24500451352e-17,9.71445146547e-17,0.08,75518.8349963
2012-08-20,75620.9217207,0.00164039261348,0.00135180481014,18.2111904154,3.58262428688,0.000241147660929,4.74401424102e-05,18211.1904154,0.241147660929,0.306391600016,0.306391600016,0.612783200032,-2.08166817117e-16,-9.71445146547e-17,0.08,75620.9217207
2012-08-21,75559.0259473,-0.00054744766036,-0.000818500646586,19.2277086974,1.2695679562,0.000254264405404,1.67885808228e-05,19227.7086974,0.254264405404,0.282016727895,0.282016727895,0.564033455791,1.45716771982e-16,2.49800180541e-16,0.08,75559.0259473
2012-08-22,75416.4393904,-0.00147713169066,-0.00188708834161,29.8083137603,1.16761146634,0.000394503679561,1.54529713915e-05,29808.3137603,0.394503679561,0.381344896172,0.381344896172,0.762689792345,-2.70616862252e-16,-2.15105711021e-16,0.08,75416.4393904
2012-08-23,75407.017804,0.000345667969759,-0.000124927488241,33.914761274,1.57587256159,0.00044969984725,2.08956107492e-05,33914.761274,0.44969984725,0.225568830424,0.225568830424,0.451137660849,-4.96130914129e-16,-3.46077333457e-16,0.08,75407.017804
2012-08-24,75437.914109,0.00077535956422,0.000409727182328,26.6392216236,0.932025907499,0.000353272445978,1.23599359137e-05,26639.2216236,0.353272445978,0.245577686107,0.245577686107,0.491155372215,-4.85722573274e-16,-3.22875406966e-16,0.08,75437.914109
2012-08-27,75200.1970211,-0.00284600737542,-0.00315116199401,19.9748796787,3.04534822876,0.000264785683892,4.03689347026e-05,19974.8796787,0.264785683892,0.271117932161,0.271117932161,0.542235864322,-1.38777878078e-17,6.93889390391e-18,0.08,75200.1970211
2012-08-28,75189.791162,0.000157706112374,-0.000138375423151,21.1482324406,1.11715736518,0.00028122575842,1.48557771047e-05,21148.2324406,0.28122575842,0.208360087062,0.208360087062,0.416720174123,6.93889390391e-18,6.93889390391e-17,0.08,75189.791162
2012-08-29,75077.7279659,-0.00122194402446,-0.00149040440722,19.3270389407,0.858441174392,0.000257043391689,1.14169910719e-05,19327.0389407,0.257043391689,0.202730986533,0.202730986533,0.405461973067,1.87350135405e-16,2.35922392733e-16,0.08,75077.7279659
2012-08-30,74989.6108693,-0.000910847165103,-0.0011736782536,18.898756478,0.834004485326,0.000251722541292,1.11085472073e-05,18898.756478,0.251722541292,0.166191376951,0.166191376951,0.332382753901,1.80411241502e-16,1.52655665886e-16,0.08,74989.6108693
2012-08-31,75043.0681685,0.00094555440308,0.000712862737462,16.7665738031,0.682883654101,0.000223585288798,9.10637681921e-06,16766.5738031,0.223585288798,0.20054425811,0.20054425811,0.40108851622,2.91433543964e-16,2.77555756156e-16,0.08,75043.0681685
2012-09-04,74953.4290144,-0.000919433485396,-0.00119450278765,17.3435334016,3.29851099883,0.00023111439637,4.39549058871e-05,17343.5334016,0.23111439637,0.255559055357,0.255559055357,0.511118110714,5.55111512313e-17,7.6327832943e-17,0.08,74953.4290144
2012-09-05,74936.6448646,0.0001233940173,-0.000223927711703,24.9833640112,1.04959054875,0.000333318493092,1.400323591e-05,24983.3640112,0.333318493092,0.273701133544,0.273701133544,0.547402267089,1.04083408559e-16,1.31838984174e-16,0.08,74936.6448646
2012-09-06,74775.9109096,-0.0017340712487,-0.00214493129845,29.6646246162,1.12384902156,0.000395862727372,1.4997322386e-05,29664.6246162,0.395862727372,0.294297329419,0.294297329419,0.588594658838,2.08166817117e-17,0,0.08,74775.9109096
2012-09-07,74719.3724968,-0.00047017206499,-0.000756104635019,20.1750409368,1.20582744578,0.000269806688965,1.6125881064e-05,20175.0409368,0.269806688965,0.287914233322,0.287914233322,0.575828466644,3.60822483003e-16,3.33066907388e-16,0.08,74719.3724968
2012-09-10,74615.288781,-0.000958705511734,-0.0013929950464,28.9134956198,3.53634589261,0.000386961167547,4.73283671215e-05,28913.4956198,0.386961167547,0.254986351107,0.254986351107,0.509972702215,1.38777878078e-17,-3.12250225676e-17,0.08,74615.288781
2012-09-11,74361.9543676,-0.00298688923768,-0.00339520783899,29.4242963664,1.04251398483,0.000394346746453,1.39718548552e-05,29424.2963664,0.394346746453,0.30907253676,0.30907253676,0.618145073519,5.55111512313e-17,-1.73472347598e-17,0.08,74361.9543676
2012-09-12,74281.5284463,-0.000700559503787,-0.00108154663268,27.0715919933,1.25935549999,0.000364051647425,1.69354814663e-05,27071.5919933,0.364051647425,0.376781296276,0.376781296276,0.753562592553,3.05311331772e-16,2.39391839685e-16,0.08,74281.5284463
2012-09-13,74251.3396129,-5.54387509773e-06,-0.000406411042925,28.2434428848,1.53358304534,0.000380221617347,2.06455504809e-05,28243.4428848,0.380221617347,0.364205174546,0.364205174546,0.728410349092,-2.91433543964e-16,-2.22044604925e-16,0.08,74251.3396129
2012-09-14,74422.5207222,0.00261801617104,0.00230542789193,21.7283054787,1.481792992,0.000292631831184,1.99564479203e-05,21728.3054787,0.292631831184,0.376429297041,0.376429297041,0.752858594083,-2.02962646689e-16,-2.77555756156e-16,0.08,74422.5207222
2012-09-17,74466.1659672,0.00115921732315,0.00058645211958,38.021454808,4.60517542348,0.000510886415014,6.18787885547e-05,38021.454808,0.510886415014,0.339007369329,0.339007369329,0.678014738658,-7.21644966006e-16,-6.10622663544e-16,0.08,74466.1659672
2012-09-18,74452.9424079,0.000302041310663,-0.000177578087318,34.3321530869,1.3832646043,0.000461043651716,1.85757462646e-05,34332.1530869,0.461043651716,0.31923256863,0.31923256863,0.63846513726,-1.38777878078e-16,-2.22044604925e-16,0.08,74452.9424079
2012-09-19,74610.9566667,0.0025512283395,0.00212233732732,30.6298524019,1.30234542723,0.00041139881664,1.74921955414e-05,30629.8524019,0.41139881664,0.38111730133,0.38111730133,0.76223460266,-1.52655665886e-16,-1.66533453694e-16,0.08,74610.9566667
2012-09-20,74736.3314793,0.00212545104332,0.00168038071282,31.6490121038,1.5581110386,0.000424187190699,2.08831397989e-05,31649.0121038,0.424187190699,0.326532212356,0.326532212356,0.653064424712,6.07153216592e-16,5.96744875736e-16,0.08,74736.3314793
2012-09-21,74614.3668009,-0.000998064436572,-0.00163193290304,46.0358082263,1.33719559788,0.000615976290448,1.78921760195e-05,46035.8082263,0.615976290448,0.390592927705,0.390592927705,0.78118585541,-1.38777878078e-17,6.24500451352e-17,0.08,74614.3668009
2012-09-24,74716.1017632,0.00222673177701,0.00136347685738,59.620450343,4.79076887303,0.000799047863023,6.4207056609e-05,59620.450343,0.799047863023,0.451646930471,0.451646930471,0.903293860942,-3.05311331772e-16,-3.33066907388e-16,0.08,74716.1017632
2012-09-25,74543.259993,-0.00163100259402,-0.00231331354481,49.1305570081,1.84905742565,0.000657563173783,2.47477770121e-05,49130.5570081,0.657563173783,0.427128503725,0.427128503725,0.854257007449,1.74860126378e-15,1.60982338571e-15,0.08,74543.259993
2012-09-26,74499.5561961,-0.000234184480337,-0.000586287706003,24.5022893581,1.74463293718,0.000328698924093,2.3404301574e-05,24502.2893581,0.328698924093,0.396017989299,0.396017989299,0.792035978598,2.77555756156e-16,2.28983498829e-16,0.08,74499.5561961
2012-09-27,74520.9739461,0.000653322663619,0.000287488289425,25.6378867681,1.6166117506,0.000344134758341,2.1699615852e-05,25637.8867681,0.344134758341,0.384580988257,0.384580988257,0.769161976514,8.32667268469e-16,7.21644966006e-16,0.08,74520.9739461
2012-09-28,74496.9190135,0.000173999570088,-0.000322794125254,35.4511746954,1.57037533184,0.000475720764479,2.10729308634e-05,35451.1746954,0.475720764479,0.36191025821,0.36191025821,0.72382051642,1.38777878078e-16,8.32667268469e-17,0.08,74496.9190135
2012-10-01,74195.1865909,-0.00351019083198,-0.00405026713312,35.8020425172,4.43197795003,0.000480584203901,5.949209724e-05,35802.0425172,0.480584203901,0.42201844185,0.42201844185,0.844036883699,-3.05311331772e-16,-3.1918911958e-16,0.08,74195.1865909
2012-10-02,74160.6771232,-7.99116382266e-05,-0.000465117337381,26.8646971061,1.71571161851,0.000362081400971,2.31242981835e-05,26864.6971061,0.362081400971,0.372778767724,0.372778767724,0.745557535448,-8.32667268469e-17,-1.6826817717e-16,0.08,74160.6771232
2012-10-03,74040.6565513,-0.00113819073464,-0.0016183856001,34.096753041,1.51482333324,0.000459768631621,2.04262338479e-05,34096.753041,0.459768631621,0.47898721527,0.47898721527,0.957974430541,-2.49800180541e-16,-3.15719672628e-16,0.08,74040.6565513
2012-10-04,74041.875119,0.000610169172749,1.6458088401e-05,42.0154966843,1.94326180265,0.000567465209539,2.62458748093e-05,42015.4966843,0.567465209539,0.325651052866,0.325651052866,0.651302105731,-1.38777878078e-17,-4.85722573274e-17,0.08,74041.875119
2012-10-05,73921.7852996,-0.00118025048589,-0.00162191758642,31.3806649817,1.32119531993,0.000423823207222,1.78438933077e-05,31380.6649817,0.423823207222,0.362897523373,0.362897523373,0.725795046746,-9.71445146547e-17,-1.2490009027e-16,0.08,73921.7852996
2012-10-08,73928.8689654,0.0004727274162,9.58264981754e-05,23.4514299235,4.40975881784,0.00031724653062,5.96543874038e-05,23451.4299235,0.31724653062,0.367650580436,0.367650580436,0.735301160872,4.71844785466e-16,2.98372437868e-16,0.08,73928.8689654
2012-10-09,73898.4178648,-2.15929845312e-05,-0.000411897286977,27.3654410247,1.48931460746,0.000370159065161,2.01452372842e-05,27365.4410247,0.370159065161,0.322922285295,0.322922285295,0.645844570589,3.33066907388e-16,1.45716771982e-16,0.08,73898.4178648
2012-10-10,73837.9075038,-0.000388271295786,-0.000818831617732,30.5101405063,1.30758608091,0.000412865950149,1.7694371797e-05,30510.1405063,0.412865950149,0.355457567712,0.355457567712,0.710915135424,8.32667268469e-17,8.50014503229e-17,0.08,73837.9075038
2012-10-11,73619.7508825,-0.00235988733177,-0.00295453417669,42.4693284312,1.43815030171,0.000575169717926,1.94771269979e-05,42469.3284312,0.575169717926,0.42876217417,0.42876217417,0.857524348341,5.55111512313e-17,-6.24500451352e-17,0.08,73619.7508825
2012-10-12,73904.346889,0.00431431857469,0.00386575617392,31.2934431889,1.72960901097,0.000425068583006,2.34938177628e-05,31293.4431889,0.425068583006,0.388171969494,0.388171969494,0.776343938987,-9.15933995316e-16,-9.71445146547e-16,0.08,73904.346889
2012-10-15,73604.883459,-0.00361723547841,-0.00405204081513,27.4182352472,4.71576918675,0.000370996245841,6.38090908757e-05,27418.2352472,0.370996245841,0.342317735309,0.342317735309,0.684635470618,-3.88578058619e-16,-3.68628738645e-16,0.08,73604.883459
2012-10-16,73730.9974496,0.00209851228824,0.00171339162131,26.9661449844,1.38061682265,0.000366363530749,1.87571361813e-05,26966.1449844,0.366363530749,0.375467593051,0.375467593051,0.750935186101,-8.32667268469e-17,-7.6327832943e-17,0.08,73730.9974496
2012-10-17,73862.4418201,0.00222403910829,0.00178275589711,31.019341721,1.51690959702,0.000420709644437,2.05735667425e-05,31019.341721,0.420709644437,0.373075955868,0.373075955868,0.746151911736,2.46330733589e-16,2.28983498829e-16,0.08,73862.4418201
2012-10-18,73881.4162216,0.000864101563434,0.000256888358985,43.34031568,1.50993430602,0.00058677068632,2.04425181297e-05,43340.31568,0.58677068632,0.285025391178,0.285025391178,0.570050782356,7.6327832943e-17,4.68375338514e-17,0.08,73881.4162216
2012-10-19,73895.4959598,0.000474414553801,0.000190572121357,19.8168135196,1.15386737312,0.00026822460279,1.56178296536e-05,19816.8135196,0.26822460279,0.271535673536,0.271535673536,0.543071347073,1.52655665886e-16,1.7694179455e-16,0.08,73895.4959598
2012-10-22,74068.9123726,0.00263208172171,0.00234677919881,17.7841719869,3.29839944111,0.000240666521767,4.46360011293e-05,17784.1719869,0.240666521767,0.287459503533,0.287459503533,0.574919007066,1.38777878078e-17,-1.04083408559e-17,0.08,74068.9123726
2012-10-23,74144.7095085,0.00129886031704,0.00102333264375,19.2413604166,1.16667467276,0.00025977646762,1.5751205673e-05,19241.3604166,0.25977646762,0.240528278311,0.240528278311,0.481056556622,-1.2490009027e-16,-9.71445146547e-17,0.08,74144.7095085
2012-10-24,74127.685904,7.61897533894e-05,-0.000229599719701,21.6954716901,0.977199962956,0.000292609841402,1.31796316883e-05,21695.4716901,0.292609841402,0.252337658346,0.252337658346,0.504675316692,-5.62050406216e-16,-5.13478148889e-16,0.08,74127.685904
2012-10-25,74154.1253158,0.000754334506731,0.000356673912703,28.4527167788,1.02494283176,0.000383833873023,1.38267210053e-05,28452.7167788,0.383833873023,0.28307737056,0.28307737056,0.566154741121,-9.29811783124e-16,-8.81239525796e-16,0.08,74154.1253158
2012-10-26,74180.3405694,0.000711846986035,0.000353523873332,25.4209257804,1.1502112225,0.000342812023905,1.55110887978e-05,25420.9257804,0.342812023905,0.288128921599,0.288128921599,0.576257843198,8.32667268469e-17,6.59194920871e-17,0.08,74180.3405694
2012-10-31,74070.3502665,-0.000917626866375,-0.00148274195117,36.0646756064,5.85575384441,0.000486175654218,7.8939430575e-05,36064.6756064,0.486175654218,0.357036282626,0.357036282626,0.714072565253,-2.22044604925e-16,-2.15105711021e-16,0.08,74070.3502665
2012-11-01,74144.9277906,0.00152829369735,0.00100684719115,37.1746402901,1.44908506915,0.000501882874273,1.95636319247e-05,37174.6402901,0.501882874273,0.336529008168,0.336529008168,0.673058016336,2.77555756156e-17,-6.93889390391e-17,0.08,74144.9277906
2012-11-02,73732.5953769,-0.0049779006631,-0.00556116818704,41.8791000064,1.36722843891,0.000564827578289,1.8439945653e-05,41879.1000064,0.564827578289,0.392110498795,0.392110498795,0.78422099759,1.73472347598e-16,1.3357370765e-16,0.08,73732.5953769
2012-11-05,73861.0942341,0.00230026283557,0.00174276867012,36.3529451919,4.75254653436,0.000493037645102,6.44565203498e-05,36352.9451919,0.493037645102,0.256142856188,0.256142856188,0.512285712375,-3.60822483003e-16,-4.7878367937e-16,0.08,73861.0942341
2012-11-06,73769.9005052,-0.000911976382444,-0.00123466528445,22.7974983233,1.03665707607,0.000308653677009,1.40352249966e-05,22797.4983233,0.308653677009,0.311459679601,0.311459679601,0.622919359201,1.73472347598e-16,1.11022302463e-16,0.08,73769.9005052
2012-11-07,73488.7908259,-0.00356147251024,-0.00381062841937,17.1212285679,1.25897805893,0.000232089625317,1.70662838137e-05,17121.2285679,0.232089625317,0.26981298741,0.26981298741,0.539625974821,-5.41233724505e-16,-5.96744875736e-16,0.08,73488.7908259
2012-11-08,73406.2664259,-0.000725924601597,-0.00112295220851,28.0906003901,1.08647836679,0.000382243333635,1.47842732828e-05,28090.6003901,0.382243333635,0.165283636368,0.165283636368,0.330567272737,-9.71445146547e-17,-8.32667268469e-17,0.08,73406.2664259
2012-11-09,73409.9866835,0.000240295882868,5.06803815792e-05,13.2541520529,0.664813953266,0.00018055886368,9.05663760923e-06,13254.1520529,0.18055886368,0.17681125507,0.17681125507,0.353622510139,-2.49800180541e-16,-2.63677968348e-16,0.08,73409.9866835
2012-11-12,73394.0502634,0.000239354650349,-0.000217087903569,31.3737905369,2.13365126797,0.00042737769007,2.90648638471e-05,31373.7905369,0.42737769007,0.328870098474,0.328870098474,0.657740196949,-6.38378239159e-16,-6.10622663544e-16,0.08,73394.0502634
2012-11-13,73249.3503995,-0.00162049214495,-0.00197154760329,24.4428006648,1.32258128973,0.00033303517897,1.80202793685e-05,24442.8006648,0.33303517897,0.360811121155,0.360811121155,0.72162224231,-4.02455846427e-16,-4.4408920985e-16,0.08,73249.3503995
2012-11-14,73406.820649,0.00256642211656,0.00214978356366,29.0703290913,1.44817425981,0.000396868080505,1.9770472392e-05,29070.3290913,0.396868080505,0.265639275101,0.265639275101,0.531278550203,-1.21430643318e-15,-1.19348975147e-15,0.08,73406.820649
2012-11-15,73315.5238076,-0.000859036305896,-0.00124371060674,27.1692388005,1.06847860957,0.000370118724123,1.45555767179e-05,27169.2388005,0.370118724123,0.243420546729,0.243420546729,0.486841093458,-1.20042864538e-15,-1.05774763948e-15,0.08,73315.5238076
2012-11-16,73251.6689146,-0.000347439310078,-0.000870960059118,37.4043072612,0.977890678848,0.000510182636891,1.33381121495e-05,37404.3072612,0.510182636891,0.306014830004,0.306014830004,0.612029660009,-7.6327832943e-17,-4.33680868994e-17,0.08,73251.6689146
2012-11-19,73126.6958192,-0.00137989149499,-0.00170607847199,20.208902579,3.68483786473,0.000275883169332,5.0303807672e-05,20208.902579,0.275883169332,0.224207077625,0.224207077625,0.44841415525,-2.04697370165e-16,-2.48065457065e-16,0.08,73126.6958192
2012-11-20,73072.1724269,-0.000497751420052,-0.000745601749869,17.2260908682,0.898384809097,0.000235565010496,1.22853193219e-05,17226.0908682,0.235565010496,0.24832708896,0.24832708896,0.49665417792,-6.24500451352e-17,-2.42861286637e-17,0.08,73072.1724269
2012-11-21,73039.4293051,-0.000158575579577,-0.000448092901492,20.1613692641,0.994290403439,0.000275910358136,1.36069637786e-05,20161.3692641,0.275910358136,0.195395567597,0.195395567597,0.390791135193,-2.77555756156e-17,2.77555756156e-17,0.08,73039.4293051
2012-11-23,73089.4110207,0.000942953705878,0.000684311419881,17.3270761145,1.56400884888,0.00023722907311,2.14132128873e-05,17327.0761145,0.23722907311,0.165388859294,0.165388859294,0.330777718589,-6.93889390391e-18,-4.59701721134e-17,0.08,73089.4110207
2012-11-26,73128.8746084,0.00118057797623,0.000539935773215,44.8370641455,1.98709714771,0.000613454993266,2.7187209747e-05,44837.0641455,0.613454993266,0.438593837589,0.438593837589,0.877187675179,9.99200722163e-16,9.71445146547e-16,0.08,73128.8746084
2012-11-27,73124.0141655,0.000607269083044,-6.64640732534e-05,47.511874972,1.75747253441,0.000649700617251,2.4032539046e-05,47511.874972,0.649700617251,0.213214477193,0.213214477193,0.426428954387,5.48172618409e-16,5.82867087928e-16,0.08,73124.0141655
2012-11-28,73354.2418077,0.00364421273815,0.00314845464735,35.3975148901,0.854306764415,0.000484075105751,1.16829850517e-05,35397.5148901,0.484075105751,0.277717000292,0.277717000292,0.555434000585,2.01227923213e-16,2.671474153e-16,0.08,73354.2418077
2012-11-29,73391.3995827,0.000978614523268,0.000506552506429,33.5114927016,1.11625862978,0.00045684464696,1.5217369879e-05,33511.4927016,0.45684464696,0.275150166461,0.275150166461,0.550300332921,6.52256026967e-16,6.24500451352e-16,0.08,73391.3995827
2012-11-30,73268.038443,-0.00126851501573,-0.00168086642947,29.1565456857,1.10650168833,0.000397274692286,1.50767214499e-05,29156.5456857,0.397274692286,0.252460185186,0.252460185186,0.504920370373,-3.43475248243e-16,-2.63677968348e-16,0.08,73268.038443
2012-12-03,73097.6919893,-0.00191558536988,-0.00232497631054,26.9546252793,3.04064589922,0.000367890636246,4.15003044142e-05,26954.6252793,0.367890636246,0.293836297374,0.293836297374,0.587672594748,2.22044604925e-16,2.91433543964e-16,0.08,73097.6919893
2012-12-04,73001.1048866,-0.00107761633505,-0.00132134271282,16.638917601,1.176918091,0.000227625758737,1.61006190342e-05,16638.917601,0.227625758737,0.222277732943,0.222277732943,0.444555465886,1.26634813746e-16,1.38777878078e-16,0.08,73001.1048866
2012-12-05,72885.0138234,-0.00133420167942,-0.00159026446794,17.8037420936,0.889124388851,0.000243883186717,1.21796018051e-05,17803.7420936,0.243883186717,0.309075041459,0.309075041459,0.618150082919,3.08780778724e-16,2.49800180541e-16,0.08,72885.0138234
2012-12-06,72983.6249744,0.00175719567369,0.0013529688178,28.2277271751,1.23435280379,0.000387291237174,1.69356187101e-05,28227.7271751,0.387291237174,0.331356492175,0.331356492175,0.66271298435,-2.77555756156e-17,-8.32667268469e-17,0.08,72983.6249744
2012-12-07,72685.1668499,-0.00376539886438,-0.00408938477166,22.3205372986,1.32512865522,0.00030582938716,1.81565201192e-05,22320.5372986,0.30582938716,0.301457589706,0.301457589706,0.602915179413,1.38777878078e-17,-2.77555756156e-17,0.08,72685.1668499
2012-12-10,72674.8179397,0.00026426261056,-0.00014237994579,25.9549924336,3.6018896229,0.000357087884069,4.95546722805e-05,25954.9924336,0.357087884069,0.232313529858,0.232313529858,0.464627059715,-5.55111512313e-17,-2.04697370165e-16,0.08,72674.8179397
2012-12-11,72790.4128199,0.0018320234384,0.00159057681152,16.621974939,0.925114711636,0.000228717118394,1.27295084854e-05,16621.974939,0.228717118394,0.204168038611,0.204168038611,0.408336077222,1.2490009027e-16,5.55111512313e-17,0.08,72790.4128199
2012-12-12,72711.0063378,-0.000791878100238,-0.00109089204318,20.9510209035,0.814327441925,0.000287826653151,1.11872897869e-05,20951.0209035,0.287826653151,0.281232785893,0.281232785893,0.562465571786,1.66533453694e-16,1.04083408559e-16,0.08,72711.0063378
2012-12-13,72651.4988193,-0.000395327442781,-0.000818411427712,29.642384563,1.12047774671,0.000407673969265,1.54100156654e-05,29642.384563,0.407673969265,0.32840760609,0.32840760609,0.65681521218,-3.05311331772e-16,-3.05311331772e-16,0.08,72651.4988193
2012-12-14,72529.3721312,-0.00132361911018,-0.00168099337307,24.6564166709,1.30735916746,0.00033937932557,1.799493732e-05,24656.4166709,0.33937932557,0.344785336408,0.344785336408,0.689570672816,-2.22044604925e-16,-2.91433543964e-16,0.08,72529.3721312
2012-12-17,72677.1153411,0.00249210969801,0.00203701211692,28.8971915732,4.1107502416,0.000398420539488,5.66770416013e-05,28897.1915732,0.398420539488,0.324775632024,0.324775632024,0.649551264049,-6.38378239159e-16,-7.00828284295e-16,0.08,72677.1153411
2012-12-18,72738.0276215,0.00123944480762,0.000838121877743,27.8736363665,1.29335649691,0.00038352700483,1.77959250424e-05,27873.6363665,0.38352700483,0.265290329276,0.265290329276,0.530580658552,-3.05311331772e-16,-3.59087759527e-16,0.08,72738.0276215
2012-12-19,72582.1813703,-0.00174069129091,-0.00214256911014,28.1744467488,1.05735316705,0.000387341362834,1.45364563987e-05,28174.4467488,0.387341362834,0.311089584743,0.311089584743,0.622179169486,-4.16333634234e-16,-5.89805981832e-16,0.08,72582.1813703
2012-12-20,72384.0070873,-0.0023594846707,-0.00273034344317,25.6805024854,1.23723620067,0.000353812767825,1.70460046434e-05,25680.5024854,0.353812767825,0.307585917521,0.307585917521,0.615171835041,-3.95516952523e-16,-4.92661467177e-16,0.08,72384.0070873
2012-12-21,72267.275473,-0.00130475613898,-0.00161267134882,21.0681750199,1.21996171144,0.000291061186961,1.68540228778e-05,21068.1750199,0.291061186961,0.305120161394,0.305120161394,0.610240322788,-1.66533453694e-16,-1.66533453694e-16,0.08,72267.275473
2012-12-24,72275.411198,0.000457669233588,0.00011257827149,21.3140927572,3.62469086397,0.000294934223238,5.01567388593e-05,21314.0927572,0.294934223238,0.24638371027,0.24638371027,0.49276742054,-4.51028103754e-16,-4.71844785466e-16,0.08,72275.411198
2012-12-26,72297.8050931,0.000512092506179,0.000309841131461,12.6662961802,1.95150509285,0.000175250420167,2.70009545501e-05,12666.2961802,0.175250420167,0.244130787754,0.244130787754,0.488261575508,-4.4408920985e-16,-4.30211422042e-16,0.08,72297.8050931
2012-12-27,72295.8947528,0.000289358369881,-2.64232140138e-05,21.8631855353,0.967129869056,0.000302404554428,1.3377029466e-05,21863.1855353,0.302404554428,0.260708965126,0.260708965126,0.521417930253,-7.59808882478e-16,-8.18789480661e-16,0.08,72295.8947528
2012-12-28,72218.5770556,-0.000799315741283,-0.0010694617924,18.4976730597,1.03277741939,0.000255860628366,1.42854227467e-05,18497.6730597,0.255860628366,0.237774252419,0.237774252419,0.475548504839,-7.6327832943e-16,-8.04911692853e-16,0.08,72218.5770556
2012-12-31,72140.5088389,-0.000531079778303,-0.0010809990984,36.8916426002,2.82274819236,0.000510833141614,3.90861784799e-05,36891.6426002,0.510833141614,0.298363031757,0.298363031757,0.596726063514,-1.12063136548e-15,-9.50628464835e-16,0.08,72140.5088389
2013-01-02,72043.3584732,-0.000828375799823,-0.00134668256724,35.0321127384,2.35880119777,0.00048560944887,3.26973185487e-05,35032.1127384,0.48560944887,0.378218361995,0.378218361995,0.75643672399,-9.02056207508e-16,-8.36136715421e-16,0.08,72043.3584732
2013-01-03,71937.5859418,-0.000682689538005,-0.00146817879853,55.0962366447,1.49304772791,0.000764764966713,2.07242938079e-05,55096.2366447,0.764764966713,0.277495789537,0.277495789537,0.554991579075,1.11022302463e-16,1.07552855511e-16,0.08,71937.5859418
2013-01-04,71920.7445724,0.000250629749498,-0.000234110849778,33.7772396317,1.09382888813,0.000469535350534,1.52052487418e-05,33777.2396317,0.469535350534,0.13555430337,0.13555430337,0.271108606741,2.35922392733e-16,2.35922392733e-16,0.08,71920.7445724
2013-01-07,71922.4557722,0.000312706032242,2.37928547659e-05,19.1762481403,1.60260270056,0.000266630278292,2.22828991842e-05,19176.2481403,0.266630278292,0.198789323891,0.198789323891,0.397578647781,-1.11022302463e-16,-1.2490009027e-16,0.08,71922.4557722
2013-01-08,71861.7705874,-0.000669613118564,-0.000843758520361,11.7415448844,0.783420074274,0.000163252836104,1.08925656926e-05,11741.5448844,0.163252836104,0.202927579795,0.202927579795,0.40585515959,3.46944695195e-16,3.03576608296e-16,0.08,71861.7705874
2013-01-09,71937.3553146,0.00120002800069,0.00105180719415,9.85235561304,0.799053982745,0.000137101487098,1.11193194408e-05,9852.35561304,0.137101487098,0.195291780532,0.195291780532,0.390583561064,1.94289029309e-16,1.45716771982e-16,0.08,71937.3553146
2013-01-10,71834.9482584,-0.000881647569545,-0.00142355881474,38.213865948,0.769795846912,0.000531210325718,1.07009194812e-05,38213.865948,0.531210325718,0.405100727384,0.405100727384,0.810201454769,3.88578058619e-16,2.53269627493e-16,0.08,71834.9482584
2013-01-11,71779.1994695,-0.000180455995154,-0.000776067780821,41.1911998991,1.59454190636,0.000573414485536,2.21973001307e-05,41191.1998991,0.573414485536,0.4865352243,0.4865352243,0.973070448601,1.66533453694e-16,1.38777878078e-17,0.08,71779.1994695
2013-01-14,71546.8203816,-0.00259609405478,-0.0032374154301,40.2927498964,5.74078502696,0.000561342982287,7.99783930357e-05,40292.7498964,0.561342982287,0.386902244369,0.386902244369,0.773804488738,4.71844785466e-16,4.71844785466e-16,0.08,71546.8203816
2013-01-15,71704.045239,0.0026029725229,0.00219751005782,27.4927487697,1.51680139085,0.000384262342101,2.12001229791e-05,27492.7487697,0.384262342101,0.398183282832,0.398183282832,0.796366565664,1.52655665886e-16,1.52655665886e-16,0.08,71704.045239
2013-01-16,71779.518116,0.00152119670045,0.00105256093666,32.0386223565,1.56445765072,0.000446817501714,2.1818262073e-05,32038.6223565,0.446817501714,0.318889386757,0.318889386757,0.637778773515,3.88578058619e-16,2.08166817117e-16,0.08,71779.518116
2013-01-17,71491.0485773,-0.00360230584833,-0.00401882802034,28.643529202,1.25423158979,0.000399048780959,1.74733910552e-05,28643.529202,0.399048780959,0.312856593621,0.312856593621,0.625713187241,4.71844785466e-16,3.88578058619e-16,0.08,71491.0485773
2013-01-18,71405.04621,-0.000793886852854,-0.00120298091861,28.0210050461,1.22555868122,0.000391951238704,1.71428270477e-05,28021.0050461,0.391951238704,0.354637902232,0.354637902232,0.709275804464,3.74700270811e-16,3.33066907388e-16,0.08,71405.04621
2013-01-22,71450.3687781,0.00107583927719,0.000634725002396,25.9475526723,5.55023250339,0.000363385419512,7.77288552837e-05,25947.5526723,0.363385419512,0.417597145782,0.417597145782,0.835194291563,5.27355936697e-16,5.27355936697e-16,0.08,71450.3687781
2013-01-23,71616.9178557,0.00289922223962,0.00233097575827,38.9664907832,1.63492986667,0.000545364445972,2.28820353853e-05,38966.4907832,0.545364445972,0.397149304309,0.397149304309,0.794298608617,5.27355936697e-16,4.99600361081e-16,0.08,71616.9178557
2013-01-24,71251.3376757,-0.00449584153517,-0.00510466229038,42.0433668856,1.55849912894,0.000587059149491,2.17616057155e-05,42043.3668856,0.587059149491,0.263610337277,0.263610337277,0.527220674553,5.55111512313e-17,6.93889390391e-17,0.08,71251.3376757
2013-01-25,71309.3812934,0.00117946700137,0.000814631971157,24.9658009659,1.02918296746,0.000350390628167,1.44444020426e-05,24965.8009659,0.350390628167,0.296945062809,0.296945062809,0.593890125617,3.33066907388e-16,1.66533453694e-16,0.08,71309.3812934
2013-01-28,71374.6451958,0.00123896918837,0.000915221829277,19.6054070988,3.48081677375,0.00027493447206,4.8812887037e-05,19605.4070988,0.27493447206,0.21249714734,0.21249714734,0.42499429468,-7.6327832943e-17,-1.80411241502e-16,0.08,71374.6451958
2013-01-29,71505.8441321,0.0020960693169,0.00183817286859,17.5762040163,0.831063479261,0.000246252769006,1.16436793063e-05,17576.2040163,0.246252769006,0.25693066949,0.25693066949,0.51386133898,1.04083408559e-16,4.16333634234e-17,0.08,71505.8441321
2013-01-30,71531.8187792,0.000769473529058,0.000363252087325,28.040519731,1.00668736467,0.000392143048884,1.40783928488e-05,28040.519731,0.392143048884,0.271242746557,0.271242746557,0.542485493113,9.02056207508e-16,7.6327832943e-16,0.08,71531.8187792
2013-01-31,71595.9580381,0.00128771347995,0.000896653544791,26.9100784416,1.06314997216,0.000376197318911,1.48626162497e-05,26910.0784416,0.376197318911,0.245348154839,0.245348154839,0.490696309677,2.77555756156e-16,1.2490009027e-16,0.08,71595.9580381
2013-02-01,71446.1959216,-0.0015556137239,-0.00209176775628,37.4239445524,0.962517051976,0.00052271029787,1.34437345117e-05,37423.9445524,0.52271029787,0.305767187715,0.305767187715,0.611534375431,2.77555756156e-16,2.98372437868e-16,0.08,71446.1959216
2013-02-04,71482.6081999,0.00100737338527,0.000509646144623,31.9696107071,3.59110724382,0.000447464141298,5.02630993505e-05,31969.6107071,0.447464141298,0.30658682392,0.30658682392,0.61317364784,-2.77555756156e-17,0,0.08,71482.6081999
2013-02-05,71336.5424731,-0.00167813083122,-0.00204337433286,24.9077019163,1.20085620896,0.000348444223616,1.6799278023e-05,24907.7019163,0.348444223616,0.272842583772,0.272842583772,0.545685167543,-1.11022302463e-16,-1.2490009027e-16,0.08,71336.5424731
2013-02-06,71249.4569237,-0.000924719734167,-0.00122077053776,20.0527395429,1.06650118168,0.000281100525028,1.49502785628e-05,20052.7395429,0.281100525028,0.241978685476,0.241978685476,0.483957370951,1.38777878078e-17,1.38777878078e-17,0.08,71249.4569237
2013-02-07,71220.2872723,-0.000174590822608,-0.00040940173758,15.7854460659,0.944704105604,0.000221551808919,1.32591060535e-05,15785.4460659,0.221551808919,0.282128158772,0.282128158772,0.564256317545,-9.71445146547e-17,-9.02056207508e-17,0.08,71220.2872723
2013-02-08,71224.7188681,0.000411652500481,6.22237850403e-05,23.7854135763,1.10099991865,0.000333969638248,1.5459077193e-05,23785.4135763,0.333969638248,0.308700569892,0.308700569892,0.617401139783,2.77555756156e-17,3.12250225676e-17,0.08,71224.7188681
2013-02-11,71236.4658943,0.000566019880248,0.000164929063085,24.9532610264,3.61431966657,0.000350345518002,5.07452991603e-05,24953.2610264,0.350345518002,0.403889891982,0.403889891982,0.807779783964,2.77555756156e-17,8.32667268469e-17,0.08,71236.4658943
2013-02-12,71407.8405622,0.00295273400939,0.0024057154685,37.3911367538,1.57653087755,0.000524887587901,2.21309529853e-05,37391.1367538,0.524887587901,0.455001995592,0.455001995592,0.910003991185,4.16333634234e-16,5.55111512313e-16,0.08,71407.8405622
2013-02-13,71443.3745918,0.00122437384539,0.000497620839366,50.1155499078,1.78031287434,0.000701821389826,2.49316161968e-05,50115.5499078,0.701821389826,0.290440688482,0.290440688482,0.580881376964,-2.15105711021e-16,-2.77555756156e-16,0.08,71443.3745918
2013-02-14,71518.2413584,0.00152983913521,0.0010479175578,33.2931140303,1.13698974816,0.000466007019133,1.5914558273e-05,33293.1140303,0.466007019133,0.307877285148,0.307877285148,0.615754570297,-4.71844785466e-16,-5.27355936697e-16,0.08,71518.2413584
2013-02-15,71761.1475618,0.00383136282579,0.0033964230494,29.8996160149,1.20651188975,0.000418069788169,1.68699882273e-05,29899.6160149,0.418069788169,0.185391202767,0.185391202767,0.370782405534,-1.52655665886e-16,-2.35922392733e-16,0.08,71761.1475618
2013-02-19,71669.3273679,-0.000796720665703,-0.00127952516085,31.7306845194,2.91592010047,0.000442170806871,4.06336882777e-05,31730.6845194,0.442170806871,0.327867566275,0.327867566275,0.655735132551,-2.22044604925e-16,-2.77555756156e-16,0.08,71669.3273679
2013-02-20,71664.4797033,0.00022380464613,-6.76393208155e-05,19.6000288057,1.28756427072,0.000273478620848,1.79653460973e-05,19600.0288057,0.273478620848,0.286873915355,0.286873915355,0.57374783071,2.08166817117e-17,0,0.08,71664.4797033
2013-02-21,71862.6224568,0.00306020219615,0.00276486697929,20.0385421948,1.12650245942,0.000279616098209,1.57191186496e-05,20038.5421948,0.279616098209,0.23102877469,0.23102877469,0.462057549379,4.16333634234e-17,3.46944695195e-18,0.08,71862.6224568
2013-02-22,71850.7443367,0.000116197210594,-0.000165289265413,19.3186394417,0.909716910257,0.000268827365065,1.26591109419e-05,19318.6394417,0.268827365065,0.233402384627,0.233402384627,0.466804769254,2.49800180541e-16,2.77555756156e-16,0.08,71850.7443367
2013-02-25,71830.6430888,8.55797982741e-05,-0.00027976394829,23.4934855981,2.7567345313,0.000326976231282,3.83675152811e-05,23493.4855981,0.326976231282,0.322981370171,0.322981370171,0.645962740342,1.94289029309e-16,2.49800180541e-16,0.08,71830.6430888
2013-02-26,71952.3976336,0.00217640963668,0.00169502234029,33.3071284153,1.27123065891,0.000463689687062,1.76976093244e-05,33307.1284153,0.463689687062,0.276401001306,0.276401001306,0.552802002612,2.8449465006e-16,3.05311331772e-16,0.08,71952.3976336
2013-02-27,72059.2446701,0.00200187257089,0.00148496839609,36.1027569289,1.08973779465,0.000501758914453,1.51452603455e-05,36102.7569289,0.501758914453,0.318774963675,0.318774963675,0.63754992735,2.91433543964e-16,3.33066907388e-16,0.08,72059.2446701
2013-02-28,72004.323404,-0.000290008356033,-0.000762168217577,32.7648154191,1.25866756724,0.000454692740247,1.74671212973e-05,32764.8154191,0.454692740247,0.363599990479,0.363599990479,0.727199980957,3.40005801291e-16,3.60822483003e-16,0.08,72004.323404
2013-03-01,72027.4543283,0.000808479008435,0.000321243548289,33.6484968351,1.43456281118,0.000467312172997,1.99232871495e-05,33648.4968351,0.467312172997,0.284144574224,0.284144574224,0.568289148449,-2.77555756156e-17,-5.55111512313e-17,0.08,72027.4543283
2013-03-04,72029.3983177,0.000428158554453,2.69895612073e-05,25.5308727894,3.36430854947,0.000354460296112,4.67086971328e-05,25530.8727894,0.354460296112,0.207745249128,0.207745249128,0.415490498255,8.32667268469e-17,2.77555756156e-17,0.08,72029.3983177
2013-03-05,72005.0335455,8.16662598028e-05,-0.000338261498152,29.4272113973,0.819932345097,0.000408544456633,1.13833013221e-05,29427.2113973,0.408544456633,0.270307176403,0.270307176403,0.540614352806,7.91033905045e-16,7.49400541622e-16,0.08,72005.0335455
2013-03-06,71946.5184697,-0.00037079709284,-0.000812652573408,30.7493267934,1.06649190709,0.000427044128435,1.48113521317e-05,30749.3267934,0.427044128435,0.386249618942,0.386249618942,0.772499237884,1.67227343084e-15,1.55431223448e-15,0.08,71946.5184697
2013-03-07,71759.9416439,-0.00208161419963,-0.00259327108218,35.2892291396,1.52270221058,0.000490492519863,2.11643626818e-05,35289.2291396,0.490492519863,0.389581331661,0.389581331661,0.779162663323,1.2351231149e-15,1.08246744901e-15,0.08,71759.9416439
2013-03-08,71827.2909812,0.00132784957308,0.000938536678082,26.4052167293,1.53185389729,0.000367965972719,2.13469222828e-05,26405.2167293,0.367965972719,0.451123613372,0.451123613372,0.902247226744,9.15933995316e-16,8.04911692853e-16,0.08,71827.2909812
2013-03-11,71757.1781162,-0.000478843793397,-0.000976131272486,30.3922940432,5.32651841854,0.000423130172781,7.41573063077e-05,30392.2940432,0.423130172781,0.392193738316,0.392193738316,0.784387476632,7.77156117238e-16,8.32667268469e-16,0.08,71757.1781162
2013-03-12,71955.1825126,0.00331223364958,0.00275936709812,38.1300769814,1.54206662665,0.000531376483613,2.14900678529e-05,38130.0769814,0.531376483613,0.264340147277,0.264340147277,0.528680294554,2.77555756156e-17,5.55111512313e-17,0.08,71955.1825126
2013-03-13,71840.4407851,-0.00119004962467,-0.00159462770434,28.0692625198,1.04222704344,0.000390093688039,1.44843916316e-05,28069.2625198,0.390093688039,0.347693733292,0.347693733292,0.695387466584,3.05311331772e-16,3.60822483003e-16,0.08,71840.4407851
2013-03-14,71954.1525147,0.00186933110081,0.00158283730398,19.2131573013,1.36868334564,0.000267442085423,1.90517114133e-05,19213.1573013,0.267442085423,0.361244879667,0.361244879667,0.722489759334,2.22044604925e-16,1.66533453694e-16,0.08,71954.1525147
2013-03-15,71614.4014416,-0.00402683392589,-0.00472177158915,48.579372848,1.42427776256,0.00067514342328,1.97942399818e-05,48579.372848,0.67514342328,0.453479140083,0.453479140083,0.906958280165,5.82867087928e-16,5.55111512313e-16,0.08,71614.4014416
2013-03-18,71630.2743799,0.000954532150132,0.000221644501773,47.1468493543,5.33846090684,0.00065834313218,7.4544516178e-05,47146.8493543,0.65834313218,0.327796550736,0.327796550736,0.655593101473,5.55111512313e-17,5.55111512313e-17,0.08,71630.2743799
2013-03-19,71593.6693836,2.36133380613e-05,-0.000511026890056,37.0098422965,1.28658393808,0.000516678773282,1.79614548349e-05,37009.8422965,0.516678773282,0.40024339643,0.40024339643,0.80048679286,-9.71445146547e-17,-2.77555756156e-17,0.08,71593.6693836
2013-03-20,71615.0362741,0.000721024703304,0.000298446645697,28.6837826001,1.57013114504,0.000400646912597,2.19311450099e-05,28683.7826001,0.400646912597,0.405441636255,0.405441636255,0.81088327251,-1.31838984174e-16,-6.93889390391e-17,0.08,71615.0362741
2013-03-21,71599.4270885,9.98176133807e-05,-0.000217959612949,21.1666293722,1.59099821849,0.000295561246261,2.22159800688e-05,21166.6293722,0.295561246261,0.416740551879,0.416740551879,0.833481103757,-3.12250225676e-17,5.55111512313e-17,0.08,71599.4270885
2013-03-22,71783.8377597,0.00311168913515,0.00257558864277,36.7495081294,1.6349799868,0.000513265393646,2.28350987331e-05,36749.5081294,0.513265393646,0.296488009659,0.296488009659,0.592976019318,6.93889390391e-17,1.66533453694e-16,0.08,71783.8377597
2013-03-25,71598.0427795,-0.00218421676489,-0.0025882564383,25.5049352654,3.49858309859,0.00035530191839,4.87377550125e-05,25504.9352654,0.35530191839,0.239884758199,0.239884758199,0.479769516398,6.38378239159e-16,6.59194920871e-16,0.08,71598.0427795
2013-03-26,71677.2445246,0.00129602663613,0.00110619986302,12.6501142342,0.941111187927,0.000176682402802,1.31443703123e-05,12650.1142342,0.176682402802,0.175233941513,0.175233941513,0.350467883026,2.22044604925e-16,2.35922392733e-16,0.08,71677.2445246
2013-03-27,71781.0747596,0.00164190621063,0.00144858016934,13.1688430811,0.688234853415,0.000183724181482,9.60185980892e-06,13168.8430811,0.183724181482,0.174640628741,0.174640628741,0.349281257481,6.0368376964e-16,7.42461647718e-16,0.08,71781.0747596
2013-03-28,71924.3586239,0.00224799020873,0.00199612313994,17.392390701,0.686898193298,0.00024229771927,9.56934952004e-06,17392.390701,0.24229771927,0.229945221272,0.229945221272,0.459890442545,1.17961196366e-16,2.42861286637e-16,0.08,71924.3586239
2013-04-01,71890.9548982,0.000174148654759,-0.000464428551463,42.3043436478,3.62491234162,0.000588178253614,5.03989526076e-05,42304.3436478,0.588178253614,0.387124143863,0.387124143863,0.774248287727,3.33066907388e-16,2.77555756156e-16,0.08,71890.9548982
2013-04-02,71624.6088759,-0.00312314956918,-0.00370486138013,40.2948463662,1.52497119816,0.000560499529089,2.12122818555e-05,40294.8463662,0.560499529089,0.214171820703,0.214171820703,0.428343641406,6.38378239159e-16,5.27355936697e-16,0.08,71624.6088759
2013-04-03,71573.5463874,-0.000487812658797,-0.000712918216467,15.2825510642,0.84054645973,0.00021337011544,1.17354422303e-05,15282.5510642,0.21337011544,0.215592844157,0.215592844157,0.431185688315,2.22044604925e-16,2.22044604925e-16,0.08,71573.5463874
2013-04-04,71574.0065275,0.000207288603207,6.42891198943e-06,13.5307201839,0.845520242855,0.000189046384688,1.18133065292e-05,13530.7201839,0.189046384688,0.192747952703,0.192747952703,0.385495905407,2.70616862252e-16,2.22044604925e-16,0.08,71574.0065275
2013-04-05,71501.2056872,-0.000738162570721,-0.00101714077166,19.2116564394,0.755931135614,0.000268416669284,1.0561531655e-05,19211.6564394,0.268416669284,0.211723324988,0.211723324988,0.423446649977,3.88578058619e-16,3.88578058619e-16,0.08,71501.2056872
2013-04-08,71544.7950163,0.000879711896973,0.000609630685249,16.8226161607,2.48851611103,0.000235277377479,3.48038342447e-05,16822.6161607,0.235277377479,0.199601023066,0.199601023066,0.399202046131,1.80411241502e-16,2.08166817117e-16,0.08,71544.7950163
2013-04-09,71491.0048846,-0.000308003732237,-0.000751838503852,30.9715793026,0.782488453713,0.000432897729256,1.09370423598e-05,30971.5793026,0.432897729256,0.325687766431,0.325687766431,0.651375532862,8.32667268469e-17,1.66533453694e-16,0.08,71491.0048846
2013-04-10,71446.7626262,-3.40621960397e-05,-0.00061885070016,40.5312961223,1.27582168223,0.000566942599111,1.78459050099e-05,40531.2961223,0.566942599111,0.310975530984,0.310975530984,0.621951061968,-3.46944695195e-17,-3.81639164715e-17,0.08,71446.7626262
2013-04-11,71682.0704252,0.00367001256367,0.00329347041623,25.6852820877,1.21743533944,0.000359502392321,1.70397551224e-05,25685.2820877,0.359502392321,0.27336009909,0.27336009909,0.546720198181,1.66533453694e-16,1.11022302463e-16,0.08,71682.0704252
2013-04-12,71644.4746148,-6.52338858016e-05,-0.000524479973304,31.8460107773,1.07369960956,0.000444267451936,1.49786355666e-05,31846.0107773,0.444267451936,0.307651043805,0.307651043805,0.61530208761,1.80411241502e-16,1.52655665886e-16,0.08,71644.4746148
2013-04-15,71567.5481121,-0.000679531718238,-0.00107372554738,24.6185499387,3.62325984627,0.000343621054813,5.05727743241e-05,24618.5499387,0.343621054813,0.317126786078,0.317126786078,0.634253572157,-8.32667268469e-17,-1.2490009027e-16,0.08,71567.5481121
2013-04-16,71555.1663302,0.000282219639819,-0.000173008329772,31.3359339159,1.24361569974,0.000437851159395,1.73768101961e-05,31335.9339159,0.437851159395,0.285640488207,0.285640488207,0.571280976415,9.71445146547e-17,9.71445146547e-17,0.08,71555.1663302
2013-04-17,71479.1190378,-0.000614405107072,-0.00106277850051,30.9634846556,1.1199480901,0.000432721859841,1.56515336004e-05,30963.4846556,0.432721859841,0.284406060486,0.284406060486,0.568812120972,1.94289029309e-16,2.22044604925e-16,0.08,71479.1190378
2013-04-18,71675.7000438,0.00315757154748,0.00275018786883,28.0055034657,1.11392299466,0.000391799784926,1.55838937253e-05,28005.5034657,0.391799784926,0.416731434436,0.416731434436,0.833462868873,4.71844785466e-16,4.64905891562e-16,0.08,71675.7000438
2013-04-19,71564.5132347,-0.000995694265117,-0.0015512483186,38.1830398165,1.6366858791,0.000532719454336,2.28345991472e-05,38183.0398165,0.532719454336,0.374224500642,0.374224500642,0.748449001283,1.38777878078e-16,1.52655665886e-16,0.08,71564.5132347
2013-04-22,71402.4071923,-0.00168183803548,-0.00226517354763,37.343733887,4.40238809242,0.000521819155879,6.15163562699e-05,37343.733887,0.521819155879,0.282629577087,0.282629577087,0.565259154174,3.05311331772e-16,3.12250225676e-16,0.08,71402.4071923
2013-04-23,71525.5644322,0.00195656692017,0.00172483316271,15.4405710065,1.10577710399,0.000216247205293,1.54865521692e-05,15440.5710065,0.216247205293,0.235207230897,0.235207230897,0.470414461794,1.73472347598e-16,1.80411241502e-16,0.08,71525.5644322
2013-04-24,71555.0849125,0.000675921223534,0.000412726282533,17.9033404122,0.921826298545,0.000250306873554,1.28880674464e-05,17903.3404122,0.250306873554,0.232845683513,0.232845683513,0.465691367027,1.66533453694e-16,1.17961196366e-16,0.08,71555.0849125
2013-04-25,71620.3230796,0.00116718372558,0.000911719513125,17.3668158716,0.912947542756,0.000242705544866,1.27586675898e-05,17366.8158716,0.242705544866,0.264759138075,0.264759138075,0.52951827615,-2.77555756156e-17,-4.85722573274e-17,0.08,71620.3230796
2013-04-26,71637.2492891,0.000581260097307,0.000236332492826,23.6648053757,1.03902109629,0.000330420254449,1.45073500315e-05,23664.8053757,0.330420254449,0.262968928533,0.262968928533,0.525937857066,3.46944695195e-17,4.16333634234e-17,0.08,71637.2492891
2013-04-29,71713.4479535,0.00158401217534,0.0010636737891,34.1788922211,3.09671846936,0.000477110617175,4.3227769074e-05,34178.8922211,0.477110617175,0.298727370735,0.298727370735,0.59745474147,8.32667268469e-17,4.85722573274e-17,0.08,71713.4479535
2013-04-30,71332.1185715,-0.00487245464059,-0.00531740409751,30.7350093233,1.17385039745,0.000428580833866,1.6368623054e-05,30735.0093233,0.428580833866,0.444129429378,0.444129429378,0.888258858757,-3.05311331772e-16,-2.63677968348e-16,0.08,71332.1185715
2013-05-01,71426.9408469,0.00179767971992,0.00132930687192,31.6740991391,1.73592839,0.000444036988854,2.4335859144e-05,31674.0991391,0.444036988854,0.28159038521,0.28159038521,0.56318077042,1.66533453694e-16,1.5959455979e-16,0.08,71426.9408469
2013-05-02,71352.1994749,-0.000714503863522,-0.00104640309608,22.6044569997,1.10208985137,0.00031646962241,1.54296101485e-05,22604.4569997,0.31646962241,0.269984800179,0.269984800179,0.539969600359,5.55111512313e-17,1.2490009027e-16,0.08,71352.1994749
2013-05-03,71121.4918318,-0.00270957635634,-0.00323336413983,36.3178482558,1.05556215439,0.00050899409581,1.47936876811e-05,36317.8482558,0.50899409581,0.413370296099,0.413370296099,0.826740592198,-5.55111512313e-17,5.55111512313e-17,0.08,71121.4918318
2013-05-06,71142.9456614,0.000730795905317,0.00030165044332,25.6886689543,4.83279651576,0.000361194180446,6.79512815505e-05,25688.6689543,0.361194180446,0.346878257627,0.346878257627,0.693756515254,5.55111512313e-17,1.52655665886e-16,0.08,71142.9456614
2013-05-07,71331.6063417,0.00302564639811,0.00265185365288,25.2405010154,1.35221594704,0.000354785717413,1.90070278152e-05,25240.5010154,0.354785717413,0.267287078543,0.267287078543,0.534574157086,-4.99600361081e-16,-3.45209971719e-16,0.08,71331.6063417
2013-05-08,71298.082643,-0.000131493922716,-0.000469969771284,23.0993127442,1.04471324202,0.00032382998125,1.46458673174e-05,23099.3127442,0.32382998125,0.191123034888,0.191123034888,0.382246069776,-2.22044604925e-16,-2.23779328401e-16,0.08,71298.082643
2013-05-09,71274.2310396,0.000124783324147,-0.000334533587004,32.0017462721,0.746668818434,0.000448844416089,1.04724950624e-05,32001.7462721,0.448844416089,0.298613162664,0.298613162664,0.597226325329,7.14706072102e-16,7.84095011142e-16,0.08,71274.2310396
2013-05-10,71333.545905,0.00124240789979,0.000832206318264,28.0705873059,1.16621498889,0.000393839216453,1.63623650775e-05,28070.5873059,0.393839216453,0.332155106399,0.332155106399,0.664310212799,-3.1918911958e-16,-3.05311331772e-16,0.08,71333.545905
2013-05-13,71482.8157624,0.00266194773396,0.0020925618579,36.7214420437,3.89487148437,0.000514785036658,5.46008394081e-05,36721.4420437,0.514785036658,0.217460835107,0.217460835107,0.434921670215,-6.93889390391e-17,-1.38777878078e-17,0.08,71482.8157624
2013-05-14,71501.8847539,0.000748886532598,0.000266763295239,33.6117614653,0.851765085563,0.000470207575161,1.19156621977e-05,33611.7614653,0.470207575161,0.337525871985,0.337525871985,0.67505174397,8.32667268469e-17,5.89805981832e-17,0.08,71501.8847539
2013-05-15,71324.5143402,-0.00188848167722,-0.00248063969583,41.0180179093,1.32239649316,0.000573663450278,1.84945683279e-05,41018.0179093,0.573663450278,0.3379696604,0.3379696604,0.6759393208,3.33066907388e-16,2.22044604925e-16,0.08,71324.5143402
2013-05-16,71472.3274313,0.00249096999747,0.00207240234953,28.5332836938,1.32085051451,0.000400048762446,1.85188855014e-05,28533.2836938,0.400048762446,0.298447555581,0.298447555581,0.596895111163,4.16333634234e-16,2.49800180541e-16,0.08,71472.3274313
2013-05-17,71385.0654278,-0.000837126652236,-0.00122092013254,26.2618055417,1.16880774869,0.000367440189589,1.63532907168e-05,26261.8055417,0.367440189589,0.341114785593,0.341114785593,0.682229571187,4.71844785466e-16,2.77555756156e-16,0.08,71385.0654278
2013-05-20,71576.404151,0.00308976288976,0.00268037469774,25.2213807436,4.00282212953,0.00035331452864,5.60736633852e-05,25221.3807436,0.35331452864,0.319440485551,0.319440485551,0.638880971103,3.05311331772e-16,2.7582103268e-16,0.08,71576.404151
2013-05-21,71469.5470348,-0.00107513189433,-0.00149290981376,28.6501972992,1.25284390663,0.000400274331172,1.75035882494e-05,28650.1972992,0.400274331172,0.441193148535,0.441193148535,0.882386297071,-5.20417042793e-17,-1.87350135405e-16,0.08,71469.5470348
2013-05-22,71672.6285485,0.00332186962908,0.00284151113523,32.6032300255,1.72777394415,0.000456183526806,2.4174967043e-05,32603.2300255,0.456183526806,0.383228891604,0.383228891604,0.766457783208,6.93889390391e-18,-2.77555756156e-17,0.08,71672.6285485
2013-05-23,71561.1766925,-0.00101100953887,-0.00155501281751,37.4851026184,1.50504230121,0.000523004435271,2.09988433756e-05,37485.1026184,0.523004435271,0.343989994078,0.343989994078,0.687979988156,-4.71844785466e-16,-4.30211422042e-16,0.08,71561.1766925
2013-05-24,71635.0310757,0.00140345864252,0.0010320454003,25.2299287215,1.34883993132,0.000352564475427,1.88487667988e-05,25229.9287215,0.352564475427,0.422278590077,0.422278590077,0.844557180153,-2.49800180541e-16,-2.22044604925e-16,0.08,71635.0310757
2013-05-28,71451.6504706,-0.00188323518577,-0.00255992916313,41.844870278,6.63012381869,0.000584139765833,9.25542115237e-05,41844.870278,0.584139765833,0.425020733097,0.425020733097,0.850041466194,-1.2490009027e-16,-9.71445146547e-17,0.08,71451.6504706
2013-05-29,71338.2860871,-0.00112161817889,-0.00158658873198,31.5588897199,1.66402371857,0.000441681745797,2.3288807293e-05,31558.8897199,0.441681745797,0.324854269295,0.324854269295,0.649708538589,2.77555756156e-17,3.46944695195e-17,0.08,71338.2860871
2013-05-30,71236.4496146,-0.00078078290255,-0.00142751498637,44.8669202363,1.2698381808,0.000628931849884,1.7800233934e-05,44866.9202363,0.628931849884,0.370557678815,0.370557678815,0.741115357631,-1.57512891619e-15,-1.38777878078e-15,0.08,71236.4496146
2013-05-31,71151.5558779,-0.000593447686554,-0.00119171768298,41.1722078035,1.44642265294,0.000577965466081,2.0304530346e-05,41172.2078035,0.577965466081,0.416450188907,0.416450188907,0.832900377814,-6.93889390391e-17,-1.2490009027e-16,0.08,71151.5558779
2013-06-03,71196.7450035,0.00113446477979,0.000635110856753,30.6589462752,4.87086228269,0.000430896357738,6.84575652998e-05,30658.9462752,0.430896357738,0.384154984207,0.384154984207,0.768309968414,-6.10622663544e-16,-5.6898930012e-16,0.08,71196.7450035
2013-06-04,71310.0264356,0.00192833025667,0.0015911040887,22.5107433283,1.49866216178,0.000316176579802,2.10495881757e-05,22510.7433283,0.316176579802,0.404914533833,0.404914533833,0.809829067665,-2.91433543964e-16,-2.63677968348e-16,0.08,71310.0264356
2013-06-05,71394.550614,0.00166858603468,0.00118530566715,32.8805732572,1.58216252667,0.000461093269779,2.21870977443e-05,32880.5732572,0.461093269779,0.335757516657,0.335757516657,0.671515033314,-5.96744875736e-16,-5.13478148889e-16,0.08,71394.550614
2013-06-06,71651.1196993,0.00398390413822,0.00359367883238,26.5464668137,1.31349353518,0.000371827633698,1.83976721456e-05,26546.4668137,0.371827633698,0.282590960223,0.282590960223,0.565181920446,9.02056207508e-17,1.38777878078e-16,0.08,71651.1196993
2013-06-07,71702.6465441,0.00130379147717,0.000719135234224,40.7817972563,1.10947718997,0.000569171806769,1.54844361766e-05,40781.7972563,0.569171806769,0.321146079227,0.321146079227,0.642292158454,5.13478148889e-16,4.64905891562e-16,0.08,71702.6465441
2013-06-10,71718.3241022,0.000934129480998,0.00021864685471,47.5167336736,3.78526418759,0.000662691489977,5.27911363113e-05,47516.7336736,0.662691489977,0.479567465112,0.479567465112,0.959134930224,-3.33066907388e-16,-3.88578058619e-16,0.08,71718.3241022
2013-06-11,71838.110627,0.0023140599114,0.00167023597224,44.2893835283,1.88459040503,0.000617546269838,2.62776693212e-05,44289.3835283,0.617546269838,0.284640132726,0.284640132726,0.569280265452,5.55111512313e-17,2.77555756156e-17,0.08,71838.110627
2013-06-12,71769.5257857,-0.000519751669852,-0.000954713879182,30.1264244443,1.12043886815,0.000419365489729,1.55967196014e-05,30126.4244443,0.419365489729,0.352818912203,0.352818912203,0.705637824406,-2.77555756156e-17,-9.71445146547e-17,0.08,71769.5257857
2013-06-13,71714.9679396,-0.000375707273032,-0.000760181225891,26.2060258207,1.38748745299,0.000365141409725,1.93325431344e-05,26206.0258207,0.365141409725,0.396328773974,0.396328773974,0.792657547949,5.55111512313e-17,-8.32667268469e-17,0.08,71714.9679396
2013-06-14,71582.3521376,-0.00133290875926,-0.00184920673989,35.4688846176,1.55740851064,0.000494581335481,2.17166451493e-05,35468.8846176,0.494581335481,0.315361772338,0.315361772338,0.630723544676,-2.77555756156e-17,-1.38777878078e-17,0.08,71582.3521376
2013-06-17,71589.115599,0.000587149568667,9.44850408922e-05,31.555235723,3.71084998985,0.000440824236431,5.18402913433e-05,31555.235723,0.440824236431,0.324173139667,0.324173139667,0.648346279334,-3.33066907388e-16,-3.05311331772e-16,0.08,71589.115599
2013-06-18,71472.1198926,-0.00119015599434,-0.00163426668194,30.5218602099,1.27163114355,0.000426347775838,1.77629117626e-05,30521.8602099,0.426347775838,0.289356216842,0.289356216842,0.578712433683,1.38777878078e-17,-4.16333634234e-17,0.08,71472.1198926
2013-06-19,71408.6152309,-0.000351133483492,-0.000888523550335,37.2752071648,1.13320012174,0.000521534931674,1.58551351694e-05,37275.2071648,0.521534931674,0.43354090888,0.43354090888,0.86708181776,2.77555756156e-16,1.66533453694e-16,0.08,71408.6152309
2013-06-20,71328.1796427,-0.000627901836386,-0.00112641293966,33.9016283319,1.69635923009,0.000474755437033,2.375566624e-05,33901.6283319,0.474755437033,0.437573827873,0.437573827873,0.875147655745,-3.1918911958e-16,-3.22658566532e-16,0.08,71328.1796427
2013-06-21,71198.415215,-0.00111909374976,-0.00181925892918,48.2312970347,1.71021066309,0.000676188531325,2.39766481026e-05,48231.2970347,0.676188531325,0.315367866489,0.315367866489,0.630735732979,-5.82867087928e-16,-5.48172618409e-16,0.08,71198.415215
2013-06-24,71242.5375663,0.00122403281442,0.000619709738401,39.3358273772,3.69101791295,0.000552481782894,5.18412931216e-05,39335.8273772,0.552481782894,0.217920865025,0.217920865025,0.43584173005,-1.66533453694e-16,-1.31838984174e-16,0.08,71242.5375663
2013-06-25,71107.4511658,-0.00151649163234,-0.00189614807573,26.1969906,0.85069783085,0.000367715574079,1.19408693164e-05,26196.9906,0.367715574079,0.239307848191,0.239307848191,0.478615696382,2.63677968348e-16,2.01227923213e-16,0.08,71107.4511658
2013-06-26,70959.4582361,-0.00182508786955,-0.00208125769118,17.2831682255,0.932414856374,0.000243057062828,1.3112758805e-05,17283.1682255,0.243057062828,0.17682761791,0.17682761791,0.353655235821,1.80411241502e-16,1.38777878078e-16,0.08,70959.4582361
2013-06-27,70930.8279243,-0.000176924785233,-0.000403474216865,15.3882856464,0.687539285923,0.00021686024709,9.68918454303e-06,15388.2856464,0.21686024709,0.225589582425,0.225589582425,0.45117916485,2.77555756156e-17,1.73472347598e-17,0.08,70930.8279243
2013-06-28,70978.106107,0.000903305029177,0.000666539276901,15.9172096905,0.876781142602,0.000224404679267,1.23610730096e-05,15917.2096905,0.224404679267,0.275057630403,0.275057630403,0.550115260805,8.60422844084e-16,7.14706072102e-16,0.08,70978.106107
2013-07-01,70951.69394,0.000135383668352,-0.000372117100875,32.81217172,3.2092717276,0.000462285816285,4.52149529429e-05,32812.17172,0.462285816285,0.341352462956,0.341352462956,0.682704925913,2.8449465006e-16,1.52655665886e-16,0.08,70951.69394
2013-07-02,71022.0693675,0.00171037268696,0.000991878046383,49.6513140016,1.32709783437,0.000699790396034,1.87042445456e-05,49651.3140016,0.699790396034,0.408380773316,0.408380773316,0.816761546633,6.24500451352e-16,5.55111512313e-16,0.08,71022.0693675
2013-07-03,71107.9763009,0.00159773328907,0.00120958082715,25.9781281927,1.58926288279,0.000365775433242,2.23770286749e-05,25978.1281927,0.365775433242,0.378582885011,0.378582885011,0.757165770022,1.80411241502e-16,1.94289029309e-16,0.08,71107.9763009
2013-07-05,71210.4503719,0.00196149974711,0.00144110515153,34.0540407815,2.95016578798,0.000478906060234,4.14885353437e-05,34054.0407815,0.478906060234,0.30077457577,0.30077457577,0.601549151541,1.2490009027e-16,1.38777878078e-16,0.08,71210.4503719
2013-07-08,71220.573269,0.000525258990904,0.000142154656138,23.7602169303,3.52081528784,0.000333661938749,4.94423960171e-05,23760.2169303,0.333661938749,0.369308712181,0.369308712181,0.738617424362,3.05311331772e-16,3.60822483003e-16,0.08,71220.573269
2013-07-09,71119.7675039,-0.000901760764579,-0.0014154023263,35.1406202778,1.44122620245,0.000493405467899,2.02360938181e-05,35140.6202778,0.493405467899,0.389237187681,0.389237187681,0.778474375361,7.6327832943e-16,7.21644966006e-16,0.08,71119.7675039
2013-07-10,71187.8585794,0.00149986977252,0.000957414203111,37.0624669481,1.51684702968,0.000521127504333,2.13280650784e-05,37062.4669481,0.521127504333,0.397703543022,0.397703543022,0.795407086043,1.02695629778e-15,9.29811783124e-16,0.08,71187.8585794
2013-07-11,71286.4454062,0.00186890929815,0.00138488260105,32.9055000303,1.55132403163,0.000462234722142,2.17919749601e-05,32905.5000303,0.462234722142,0.389537686949,0.389537686949,0.779075373899,2.77555756156e-17,-9.71445146547e-17,0.08,71286.4454062
2013-07-12,71290.4674029,0.000557255455049,5.64202167121e-05,34.1811881462,1.52157572901,0.000479490707545,2.13445307917e-05,34181.1881462,0.479490707545,0.314481797587,0.314481797587,0.628963595174,1.31838984174e-16,0,0.08,71290.4674029
2013-07-15,71327.6221943,0.000918345029212,0.000521174748833,24.629048734,3.68540619283,0.00034547464242,5.16956379595e-05,24629.048734,0.34547464242,0.265966745514,0.265966745514,0.531933491027,1.13450915329e-15,9.43689570931e-16,0.08,71327.6221943
2013-07-16,71276.4733912,-0.000194184728695,-0.000717096709149,36.2585736326,1.03949455015,0.000508338460152,1.45735203021e-05,36258.5736326,0.508338460152,0.405912186917,0.405912186917,0.811824373833,7.77156117238e-16,6.66133814775e-16,0.08,71276.4733912
2013-07-17,71165.5908089,-0.000950691587959,-0.00155566875031,41.5353241381,1.58531447616,0.00058273539868,2.22417636667e-05,41535.3241381,0.58273539868,0.269545752425,0.269545752425,0.53909150485,1.11022302463e-16,1.52655665886e-16,0.08,71165.5908089
2013-07-18,71458.5221618,0.00465596229264,0.00411619364856,37.3618649924,1.05108946418,0.000524999013817,1.47696302699e-05,37361.8649924,0.524999013817,0.311368358464,0.311368358464,0.622736716928,4.02455846427e-16,3.53883589099e-16,0.08,71458.5221618
2013-07-19,71748.1489887,0.00460585349217,0.00405307608098,38.2814830389,1.21917384897,0.000535716131272,1.70612799158e-05,38281.4830389,0.535716131272,0.317310902302,0.317310902302,0.634621804604,-5.30825383649e-16,-4.30211422042e-16,0.08,71748.1489887
2013-07-22,71684.9929848,-0.000348072023907,-0.000880245760393,34.4400471261,3.74243340725,0.000480013040218,5.21606962688e-05,34440.0471261,0.480013040218,0.221939264732,0.221939264732,0.443878529464,-1.2490009027e-16,-1.07552855511e-16,0.08,71684.9929848
2013-07-23,71551.7177785,-0.0016768909426,-0.0018591786188,12.1955256042,0.8717651855,0.0001701266206,1.21610556018e-05,12195.5256042,0.1701266206,0.25879453349,0.25879453349,0.51758906698,-2.49800180541e-16,-1.78676518026e-16,0.08,71551.7177785
2013-07-24,71675.0599297,0.00186903461375,0.00172381817006,9.37584526007,1.0146407355,0.000131035921305,1.4180522383e-05,9375.84526007,0.131035921305,0.265414243352,0.265414243352,0.530828486704,-1.87350135405e-16,-1.5959455979e-16,0.08,71675.0599297
2013-07-25,71679.612955,0.000295452218687,6.35231454043e-05,15.5811421833,1.04238804375,0.000217385827072,1.45432462111e-05,15581.1421833,0.217385827072,0.227860445101,0.227860445101,0.455720890202,-9.71445146547e-17,-6.93889390391e-17,0.08,71679.612955
2013-07-26,71992.0301455,0.00467171183381,0.00435852228568,21.554349509,0.894956082882,0.000300704044294,1.24855038412e-05,21554.349509,0.300704044294,0.215499609261,0.215499609261,0.430999218522,-2.56739074445e-16,-1.89084858881e-16,0.08,71992.0301455
2013-07-29,71890.0941865,-0.000821616954631,-0.00141593394166,40.2357980568,2.55028838898,0.000558892393721,3.54245933032e-05,40235.7980568,0.558892393721,0.27596804826,0.27596804826,0.551936096521,-6.59194920871e-17,-3.12250225676e-17,0.08,71890.0941865
2013-07-30,71882.0505657,0.000132114413802,-0.000111887748167,16.4542496944,1.08708871134,0.000228880625079,1.5121536891e-05,16454.2496944,0.228880625079,0.288915141112,0.288915141112,0.577830282224,1.66533453694e-16,1.87350135405e-16,0.08,71882.0505657
2013-07-31,71913.9301173,0.000709633100539,0.000443498083137,17.992368434,1.13796234425,0.000250304050766,1.58309666363e-05,17992.368434,0.250304050766,0.24673905415,0.24673905415,0.4934781083,9.71445146547e-17,8.67361737988e-17,0.08,71913.9301173
2013-08-01,71811.1381053,-0.00116054886076,-0.00142937553159,18.3601098114,0.972272608076,0.000255306722653,1.35199481726e-05,18360.1098114,0.255306722653,0.225101286819,0.225101286819,0.450202573638,-1.38777878078e-17,3.46944695195e-17,0.08,71811.1381053
2013-08-02,71691.1380699,-0.00138351819542,-0.00167105045931,19.7622777644,0.885741347696,0.000275197946806,1.2334317086e-05,19762.2777644,0.275197946806,0.225253955021,0.225253955021,0.450507910041,-4.16333634234e-17,1.04083408559e-17,0.08,71691.1380699
2013-08-05,71601.4896828,-0.000845203641452,-0.00125048073684,26.4001933437,2.65458285866,0.000368249047992,3.70280474007e-05,26400.1933437,0.368249047992,0.257798920711,0.257798920711,0.515597841422,7.97972798949e-17,1.17961196366e-16,0.08,71601.4896828
2013-08-06,71616.7910844,0.000402555768139,0.000213702280345,12.5107506873,1.0114403705,0.000174727519536,1.41259682581e-05,12510.7506873,0.174727519536,0.257348860028,0.257348860028,0.514697720056,1.94289029309e-16,2.42861286637e-16,0.08,71616.7910844
2013-08-07,71651.7253654,0.000803837915366,0.000487794557992,21.6241207127,1.009890386,0.000301942049976,1.41013073988e-05,21624.1207127,0.301942049976,0.272201598656,0.272201598656,0.544403197312,3.46944695195e-17,4.98732999343e-17,0.08,71651.7253654
2013-08-08,71636.499375,5.63578110421e-05,-0.000212499982343,18.195428106,1.068696668,0.000253942637294,1.49151560908e-05,18195.428106,0.253942637294,0.250045569345,0.250045569345,0.500091138691,1.11022302463e-16,1.04083408559e-16,0.08,71636.499375
2013-08-09,71664.3113463,0.000834449613064,0.00038823744309,30.9835770534,0.981500782034,0.000432511042887,1.37011270874e-05,30983.5770534,0.432511042887,0.307509504864,0.307509504864,0.615019009728,3.0184188482e-16,2.91433543964e-16,0.08,71664.3113463
2013-08-12,71515.7625832,-0.00149343050898,-0.00207284156239,37.9004984748,3.62259565455,0.000528861545764,5.05495076489e-05,37900.4984748,0.528861545764,0.382789293313,0.382789293313,0.765578586626,-3.95516952523e-16,-4.16333634234e-16,0.08,71515.7625832
2013-08-13,71537.2467696,0.000702483072948,0.000300411902914,27.2544006818,1.50002565589,0.000381096414236,2.0974755798e-05,27254.4006818,0.381096414236,0.300286349042,0.300286349042,0.600572698083,3.31332183912e-16,3.60822483003e-16,0.08,71537.2467696
2013-08-14,71302.998804,-0.00276887802298,-0.00327448953079,34.9929780172,1.17707718646,0.000489157461287,1.64540465228e-05,34992.9780172,0.489157461287,0.194469552221,0.194469552221,0.388939104441,-1.52655665886e-16,-7.2858385991e-17,0.08,71302.998804
2013-08-15,71219.8616124,-0.000966104103137,-0.00116597047723,13.4912766411,0.759795191748,0.000189210508218,1.06558658751e-05,13491.2766411,0.189210508218,0.19977449961,0.19977449961,0.39954899922,-4.02455846427e-16,-2.37657116209e-16,0.08,71219.8616124
2013-08-16,71158.9964442,-0.0006371102763,-0.000854609469901,14.7106508409,0.779611628269,0.000206552645678,1.09465479238e-05,14710.6508409,0.206552645678,0.204984227334,0.204984227334,0.409968454669,-5.13478148889e-16,-4.09394740331e-16,0.08,71158.9964442
2013-08-19,71154.3550254,9.01452295623e-05,-6.52260304402e-05,8.65828673466,2.3977762034,0.000121675222633,3.369603737e-05,8658.28673466,0.121675222633,0.159234690872,0.159234690872,0.318469381744,-1.38777878078e-17,6.24500451352e-17,0.08,71154.3550254
2013-08-20,71165.9373294,0.000308339984489,0.000162777163153,9.73659350473,0.620835163105,0.000136837632795,8.72518854094e-06,9736.59350473,0.136837632795,0.156231536312,0.156231536312,0.312463072624,-1.23165366794e-16,-4.33680868994e-17,0.08,71165.9373294
2013-08-21,71093.4375609,-0.000703930325157,-0.0010187425511,21.7946817328,0.609225409428,0.00030625159382,8.56063212669e-06,21794.6817328,0.30625159382,0.264440587404,0.264440587404,0.528881174809,1.52655665886e-16,2.06432093641e-16,0.08,71093.4375609
2013-08-22,70944.4516544,-0.00177037015832,-0.00209563514697,22.0940697019,1.03013645968,0.000310775093454,1.44898952002e-05,22094.0697019,0.310775093454,0.308300206821,0.308300206821,0.616600413641,-1.2420620088e-15,-1.00613961607e-15,0.08,70944.4516544
2013-08-23,70816.5353681,-0.00148902966442,-0.00180304848882,21.07941719,1.19847611605,0.00029712566238,1.68931620176e-05,21079.41719,0.29712566238,0.215707720068,0.215707720068,0.431415440136,-3.46944695195e-16,-2.35922392733e-16,0.08,70816.5353681
2013-08-26,70777.9092825,-0.000276362610907,-0.000545438792191,16.5439733107,2.51106959792,0.000233617377985,3.54588032988e-05,16543.9733107,0.233617377985,0.188483262686,0.188483262686,0.376966525372,-1.11022302463e-16,-6.93889390391e-17,0.08,70777.9092825
2013-08-27,70808.7680775,0.00070636585892,0.000435994723527,18.4053200624,0.730983631104,0.000260043285383,1.03278500102e-05,18405.3200624,0.260043285383,0.204994580658,0.204994580658,0.409989161316,-4.64905891562e-16,-3.60822483003e-16,0.08,70808.7680775
2013-08-28,70793.6575894,-9.51884819482e-06,-0.000213398545665,13.6411050786,0.795365135285,0.000192647117708,1.12325797621e-05,13641.1050786,0.192647117708,0.188498026927,0.188498026927,0.376996053855,-5.55111512313e-17,-2.77555756156e-17,0.08,70793.6575894
2013-08-29,70764.4391639,0.000103371121822,-0.000412726599108,35.8052417889,0.731203549291,0.00050576906192,1.03286590097e-05,35805.2417889,0.50576906192,0.379328377607,0.379328377607,0.758656755214,-1.11022302463e-16,-9.71445146547e-17,0.08,70764.4391639
2013-08-30,70767.3759677,0.000398030040292,4.15011250083e-05,23.7587216179,1.47084711782,0.000335743798702,2.07851165812e-05,23758.7216179,0.335743798702,0.367095563007,0.367095563007,0.734191126014,-8.32667268469e-17,-1.66533453694e-16,0.08,70767.3759677
2013-09-03,70999.3103856,0.00382798893904,0.00327742006418,33.268420925,5.69389363801,0.000470109573375,8.0459301481e-05,33268.420925,0.470109573375,0.413300784449,0.413300784449,0.826601568898,-1.11022302463e-16,-1.66533453694e-16,0.08,70999.3103856
2013-09-04,70904.3959119,-0.000772370722024,-0.00133683655684,38.4687907246,1.60789428371,0.000541819216492,2.2646618326e-05,38468.7907246,0.541819216492,0.300090949015,0.300090949015,0.60018189803,-2.08166817117e-17,-1.38777878078e-17,0.08,70904.3959119
2013-09-05,70750.8544781,-0.0017251320838,-0.0021654712929,30.0560805514,1.16590506622,0.000423895869428,1.64433396721e-05,30056.0805514,0.423895869428,0.172055757712,0.172055757712,0.344111515425,-6.93889390391e-17,-6.93889390391e-17,0.08,70750.8544781
2013-09-06,70645.8283238,-0.000958369017162,-0.0014844506829,36.5537086431,0.667018732932,0.000516653952984,9.42771275136e-06,36553.7086431,0.516653952984,0.253907308575,0.253907308575,0.507814617151,2.22044604925e-16,1.83880688454e-16,0.08,70645.8283238
2013-09-09,70679.381367,0.000888322912847,0.000474947267812,26.2546360088,2.94862884358,0.000371637457324,4.1738187711e-05,26254.6360088,0.371637457324,0.22603764194,0.22603764194,0.452075283881,6.93889390391e-17,8.32667268469e-17,0.08,70679.381367
2013-09-10,70844.1097496,0.00254177469444,0.00233064267808,14.0472720457,0.875408257424,0.000198746392145,1.23856242159e-05,14047.2720457,0.198746392145,0.248045983126,0.248045983126,0.496091966251,1.97758476261e-16,2.08166817117e-16,0.08,70844.1097496
2013-09-11,70939.1732485,0.00181531559169,0.00134186877664,32.5780361067,0.96288201926,0.00045985525433,1.35915607192e-05,32578.0361067,0.45985525433,0.293069402811,0.293069402811,0.586138805622,2.18575157973e-16,1.04083408559e-16,0.08,70939.1732485
2013-09-12,71028.8560651,0.00174080543556,0.0012642213394,32.6692981404,1.1391836241,0.000460525498738,1.60585974143e-05,32669.2981404,0.460525498738,0.210373160637,0.210373160637,0.420746321274,1.04083408559e-16,4.16333634234e-17,0.08,71028.8560651
2013-09-13,70951.9651656,-0.000745288932411,-0.00108253045027,23.1351085492,0.81877068202,0.000325714221386,1.15272964733e-05,23135.1085492,0.325714221386,0.235960087493,0.235960087493,0.471920174986,1.2490009027e-16,4.85722573274e-17,0.08,70951.9651656
2013-09-16,70773.8169364,-0.00228478195163,-0.00251082868233,13.2863778048,2.75208195752,0.00018725877111,3.87879595879e-05,13286.3778048,0.18725877111,0.191717724378,0.191717724378,0.383435448755,2.35922392733e-16,1.73472347598e-16,0.08,70773.8169364
2013-09-17,70814.402494,0.000782456741631,0.000573454413077,14.0484078758,0.743484664578,0.000198497247766,1.05050807878e-05,14048.4078758,0.198497247766,0.157401655444,0.157401655444,0.314803310888,0,-4.16333634234e-17,0.08,70814.402494
2013-09-18,70849.2968742,0.000686460360057,0.000492758237513,13.1061436763,0.610756393525,0.000185077374301,8.6247482435e-06,13106.1436763,0.185077374301,0.163620445494,0.163620445494,0.327240890987,1.80411241502e-16,1.2490009027e-16,0.08,70849.2968742
2013-09-19,70918.108721,0.0013488492788,0.000971242479763,26.1179765619,0.635199644793,0.000368641295174,8.96550386266e-06,26117.9765619,0.368641295174,0.256423300883,0.256423300883,0.512846601766,1.73472347598e-16,1.17961196366e-16,0.08,70918.108721
2013-09-20,70826.0359132,-0.000975279324657,-0.00129829756454,21.9114012563,0.996441398938,0.000308967648058,1.40505918292e-05,21911.4012563,0.308967648058,0.169958072128,0.169958072128,0.339916144256,1.80411241502e-16,1.31838984174e-16,0.08,70826.0359132
2013-09-23,71040.4200769,0.00331988480156,0.00302691179841,18.771356467,1.97875997594,0.000265034689927,2.79383132266e-05,18771.356467,0.265034689927,0.239985665031,0.239985665031,0.479971330062,4.16333634234e-17,3.81639164715e-17,0.08,71040.4200769
2013-09-24,71122.2061448,0.00165285685183,0.00115126104003,34.6994027976,0.934174381164,0.000488445912342,1.31498994538e-05,34699.4027976,0.488445912342,0.333208928054,0.333208928054,0.666417856109,6.10622663544e-16,5.82867087928e-16,0.08,71122.2061448
2013-09-25,71244.4685183,0.0021120858998,0.00171904641463,26.6552843798,1.29855090797,0.000374781461722,1.8258023455e-05,26655.2843798,0.374781461722,0.315295114309,0.315295114309,0.630590228618,3.60822483003e-16,4.4408920985e-16,0.08,71244.4685183
2013-09-26,71159.512058,-0.000752371479473,-0.00119246394911,30.123302983,1.23085111481,0.000422816025013,1.72764446197e-05,30123.302983,0.422816025013,0.285213809027,0.285213809027,0.570427618053,-8.46545056277e-16,-7.21644966006e-16,0.08,71159.512058
2013-09-27,71084.8200118,-0.000570773627072,-0.00104964247208,32.9639815431,1.11209180726,0.000463240691086,1.56281539193e-05,32963.9815431,0.463240691086,0.389658983827,0.389658983827,0.779317967653,-2.98372437868e-16,-1.66533453694e-16,0.08,71084.8200118
2013-09-30,71148.6427534,0.00141919212982,0.000897839250296,32.5070418393,4.55323376405,0.000457299347932,6.40535315879e-05,32507.0418393,0.457299347932,0.430631435764,0.430631435764,0.861262871529,1.38777878078e-16,1.66533453694e-16,0.08,71148.6427534
2013-10-01,70898.0187253,-0.0029439231963,-0.00352254123739,39.4890476285,1.67884066748,0.000555021798033,2.35962430556e-05,39489.0476285,0.555021798033,0.494112537776,0.494112537776,0.988225075551,-1.01307850997e-15,-8.18789480661e-16,0.08,70898.0187253
2013-10-02,70685.6672047,-0.00241103850716,-0.00299516861538,39.4941276267,1.9195397236,0.000557055448612,2.70746596042e-05,39494.1276267,0.557055448612,0.288694660371,0.288694660371,0.577389320741,-3.33066907388e-16,-2.63677968348e-16,0.08,70685.6672047
2013-10-03,70523.633007,-0.00181144216348,-0.00229232041107,32.8730312992,1.11816847598,0.000465059362092,1.58188854998e-05,32873.0312992,0.465059362092,0.444277652247,0.444277652247,0.888555304495,-1.45716771982e-16,-4.85722573274e-17,0.08,70523.633007
2013-10-04,70418.7088991,-0.0012554826107,-0.00148778648246,14.6660870199,1.7168259781,0.000207959890814,2.43439809451e-05,14666.0870199,0.207959890814,0.382392425818,0.382392425818,0.764784851637,-1.31838984174e-16,-1.04083408559e-16,0.08,70418.7088991
2013-10-07,70479.3044275,0.00120005307584,0.000860503257568,19.4842081514,4.4264516579,0.000276690789366,6.28590289016e-05,19484.2081514,0.276690789366,0.312201185008,0.312201185008,0.624402370016,-2.28983498829e-16,-2.08166817117e-16,0.08,70479.3044275
2013-10-08,70612.7929821,0.0022554492778,0.00189401067053,24.2682582166,1.20568341703,0.000344331693023,1.7106914247e-05,24268.2582166,0.344331693023,0.382456725267,0.382456725267,0.764913450534,-3.81639164715e-16,-2.49800180541e-16,0.08,70612.7929821
2013-10-09,70656.4510102,0.00116560063121,0.000618273632397,37.1684887421,1.47979931868,0.000526370465922,2.09565328913e-05,37168.4887421,0.526370465922,0.354513996615,0.354513996615,0.709027993229,-4.7878367937e-16,-3.46944695195e-16,0.08,70656.4510102
2013-10-10,70417.9724185,-0.00281651260106,-0.00337518497223,38.1012754715,1.37253155256,0.000539246946694,1.9425424472e-05,38101.2754715,0.539246946694,0.276936944205,0.276936944205,0.553873888411,-6.17561557448e-16,-4.51028103754e-16,0.08,70417.9724185
2013-10-11,70411.700692,0.000356581131784,-8.9064287652e-05,30.3128803831,1.06856647116,0.000430470792356,1.51746270797e-05,30312.8803831,0.430470792356,0.281525791957,0.281525791957,0.563051583914,-2.28983498829e-16,-1.94289029309e-16,0.08,70411.700692
2013-10-14,70344.237203,-0.000615392452341,-0.000958128951187,20.8741321346,3.25852763841,0.00029645828647,4.62782123765e-05,20874.1321346,0.29645828647,0.25673031777,0.25673031777,0.513460635541,1.5959455979e-16,1.45716771982e-16,0.08,70344.237203
2013-10-15,70284.4955725,-0.000567285254902,-0.000849275405326,18.8468204758,0.989561554545,0.000267922735752,1.40674146723e-05,18846.8204758,0.267922735752,0.196206100249,0.196206100249,0.392412200498,3.46944695195e-17,-5.20417042793e-18,0.08,70284.4955725
2013-10-16,70228.7783516,-0.000556143065744,-0.000792738432935,15.873356077,0.75562996078,0.000225844348,1.07510191917e-05,15873.356077,0.225844348,0.198637640987,0.198637640987,0.397275281975,1.66533453694e-16,1.49186218934e-16,0.08,70228.7783516
2013-10-17,70225.7394567,0.000418416831633,-4.32713620642e-05,31.6594099399,0.764387882804,0.000450803939397,1.08842543007e-05,31659.4099399,0.450803939397,0.336285731499,0.336285731499,0.672571462998,-1.80411241502e-16,-2.08166817117e-16,0.08,70225.7394567
2013-10-18,70139.7405152,-0.000612381193258,-0.0012246071339,41.6999967019,1.29402269388,0.000593799325212,1.84266154246e-05,41699.9967019,0.593799325212,0.24858079106,0.24858079106,0.49716158212,2.77555756156e-17,2.08166817117e-17,0.08,70139.7405152
2013-10-21,70119.9721587,-2.86704903843e-05,-0.000281842452974,14.8913238962,2.86609186553,0.000212309366799,4.08625957907e-05,14891.3238962,0.212309366799,0.292950198211,0.292950198211,0.585900396421,-2.77555756156e-17,1.04083408559e-17,0.08,70119.9721587
2013-10-22,70088.2375423,-0.000243177370619,-0.00045257599756,13.5574554944,1.12557039684,0.000193346561286,1.60520656554e-05,13557.4554944,0.193346561286,0.240986735818,0.240986735818,0.481973471636,-5.55111512313e-17,-2.42861286637e-17,0.08,70088.2375423
2013-10-23,70096.3954098,0.000313929470601,0.000116394244507,12.9193980092,0.925497840251,0.000184330473446,1.32047526476e-05,12919.3980092,0.184330473446,0.250439798832,0.250439798832,0.500879597664,4.57966997658e-16,3.81639164715e-16,0.08,70096.3954098
2013-10-24,70186.4476283,0.00153229053564,0.00128469114522,16.3939109573,0.961913817275,0.000233876661723,1.37227287031e-05,16393.9109573,0.233876661723,0.238193704707,0.238193704707,0.476387409414,6.93889390391e-18,-3.46944695195e-18,0.08,70186.4476283
2013-10-25,70193.0249413,0.000672605023334,9.37120092872e-05,39.7143910631,0.916053149633,0.0005658413042,1.3051709847e-05,39714.3910631,0.5658413042,0.362015009079,0.362015009079,0.724030018158,8.32667268469e-17,1.4224732503e-16,0.08,70193.0249413
2013-10-28,69948.8170433,-0.00287555025767,-0.00347909066671,38.1871880429,4.1771389416,0.000544031092474,5.9509316561e-05,38187.1880429,0.544031092474,0.428146225694,0.428146225694,0.856292451387,1.66533453694e-16,1.2490009027e-16,0.08,69948.8170433
2013-10-29,69824.9034168,-0.00103557269823,-0.00177148995211,49.835537405,1.64100394569,0.000712457186718,2.34600671613e-05,49835.537405,0.712457186718,0.247157746164,0.247157746164,0.494315492327,5.13478148889e-16,4.19803081186e-16,0.08,69824.9034168
2013-10-30,69863.2165802,0.000916268339213,0.000548703421819,24.7195538561,0.945631000251,0.000354022027193,1.35428902007e-05,24719.5538561,0.354022027193,0.348058899164,0.348058899164,0.696117798327,6.93889390391e-17,-1.38777878078e-17,0.08,69863.2165802
2013-10-31,69729.2665556,-0.00145374763806,-0.00191731831332,31.0541267463,1.33241174,0.000444498954763,1.90717205021e-05,31054.1267463,0.444498954763,0.201785578864,0.201785578864,0.403571157728,2.63677968348e-16,1.80411241502e-16,0.08,69729.2665556
2013-11-01,69735.3609442,0.000433408098786,8.74007267184e-05,23.3558616242,0.770978652915,0.00033495062802,1.10567440473e-05,23355.8616242,0.33495062802,0.255456792631,0.255456792631,0.510913585262,8.32667268469e-17,4.16333634234e-17,0.08,69735.3609442
2013-11-04,69704.7173858,-4.56380376568e-05,-0.000439426397244,24.5325835329,2.92838985859,0.000351795462169,4.19928974188e-05,24532.5835329,0.351795462169,0.263127972801,0.263127972801,0.526255945603,1.31838984174e-16,9.71445146547e-17,0.08,69704.7173858
2013-11-05,69629.4060653,-0.000675010093966,-0.00108043362498,27.2549320491,1.00500060167,0.0003910055599,1.44179711124e-05,27254.9320491,0.3910055599,0.265205053469,0.265205053469,0.530410106939,-1.00613961607e-16,-9.54097911787e-17,0.08,69629.4060653
2013-11-06,69626.7880929,0.000369430721968,-3.75986608621e-05,27.3293747059,1.0118394717,0.000392497599078,1.45317837517e-05,27329.3747059,0.392497599078,0.289734172552,0.289734172552,0.579468345105,4.16333634234e-17,3.12250225676e-17,0.08,69626.7880929
2013-11-07,69668.559807,0.0011593057203,0.000599937398263,37.841635524,1.10538410058,0.000543492476968,1.58758450714e-05,37841.635524,0.543492476968,0.288701017746,0.288701017746,0.577402035491,3.88578058619e-16,2.15105711021e-16,0.08,69668.559807
2013-11-08,69798.7111051,0.00225755878968,0.00186814968536,26.027468234,1.10210323952,0.000373589870468,1.58192338491e-05,26027.468234,0.373589870468,0.370969210796,0.370969210796,0.741938421592,6.93889390391e-16,3.98986399475e-16,0.08,69798.7111051
2013-11-11,69741.6621348,-0.000226797794684,-0.000817335583008,36.9623645211,4.25641196272,0.000529556548193,6.09812401308e-05,36962.3645211,0.529556548193,0.307335477164,0.307335477164,0.614670954327,4.23272528138e-16,3.29597460436e-16,0.08,69741.6621348
2013-11-12,69752.97274,0.000461034412235,0.000162178599811,19.668230576,1.17447052112,0.000282015512305,1.68403001186e-05,19668.230576,0.282015512305,0.296175428411,0.296175428411,0.592350856822,3.40005801291e-16,1.94289029309e-16,0.08,69752.97274
2013-11-13,69833.4957188,0.00154925031552,0.00115440210937,26.4098297723,1.13200638818,0.000378619415559,1.62287905979e-05,26409.8297723,0.378619415559,0.227860150776,0.227860150776,0.455720301552,1.80411241502e-16,5.55111512313e-17,0.08,69833.4957188
2013-11-14,69840.8981219,0.000723553416542,0.000106000751686,42.2539561246,0.871905252806,0.000605067177142,1.24854877138e-05,42253.9561246,0.605067177142,0.396718184728,0.396718184728,0.793436369455,1.38777878078e-16,8.32667268469e-17,0.08,69840.8981219
2013-11-15,69625.5264033,-0.0026123832697,-0.00308374783806,31.4023245599,1.51820023686,0.00044962658563,2.17379827248e-05,31402.3245599,0.44962658563,0.319245294961,0.319245294961,0.638490589922,-2.22044604925e-16,-1.66533453694e-16,0.08,69625.5264033
2013-11-18,69571.936715,-0.000307520188788,-0.000769684496565,28.5245775897,3.65385562412,0.000409685629153,5.24786786237e-05,28524.5775897,0.409685629153,0.277370278018,0.277370278018,0.554740556035,3.0184188482e-16,2.25514051877e-16,0.08,69571.936715
2013-11-19,69456.9089179,-0.00140077096948,-0.00165336488536,16.5160677974,1.05738013309,0.000237395544486,1.51983713982e-05,16516.0677974,0.237395544486,0.27134463164,0.27134463164,0.54268926328,-1.2490009027e-16,-1.47451495458e-16,0.08,69456.9089179
2013-11-20,69442.1725101,0.00019324325307,-0.000212166190814,27.125787675,1.0326991433,0.00039054124489,1.4868198994e-05,27125.787675,0.39054124489,0.335342999401,0.335342999401,0.670685998803,9.36750677027e-17,6.24500451352e-17,0.08,69442.1725101
2013-11-21,69501.4640298,0.00120282006036,0.000853825817325,22.9589213662,1.27599706381,0.000330619284167,1.83749588713e-05,22958.9213662,0.330619284167,0.406132968593,0.406132968593,0.812265937187,-8.32667268469e-17,-1.52655665886e-16,0.08,69501.4640298
2013-11-22,69548.0861724,0.00111425794788,0.000670808064955,29.2737401473,1.54667594016,0.000421196021637,2.22538612928e-05,29273.7401473,0.421196021637,0.316734265778,0.316734265778,0.633468531557,-6.93889390391e-17,-1.38777878078e-17,0.08,69548.0861724
2013-11-25,69227.7663709,-0.00415665107004,-0.0046057313588,27.6115904553,3.62108416604,0.000397014382062,5.20659067033e-05,27611.5904553,0.397014382062,0.297735804443,0.297735804443,0.595471608887,-4.99600361081e-16,-4.02455846427e-16,0.08,69227.7663709
2013-11-26,69261.4969006,0.000804629055465,0.000487239895579,20.8427407073,1.12940190193,0.000301074869231,1.63142906544e-05,20842.7407073,0.301074869231,0.328808135626,0.328808135626,0.657616271252,-1.11022302463e-16,-8.67361737988e-17,0.08,69261.4969006
2013-11-27,69250.8041634,0.000175912683203,-0.000154382127199,21.6288366216,1.24787636529,0.000312277926258,1.80168841439e-05,21628.8366216,0.312277926258,0.296652587487,0.296652587487,0.593305174975,-5.55111512313e-17,-1.04083408559e-17,0.08,69250.8041634
2013-11-29,69181.5731166,-0.000674695476359,-0.000999714698266,20.2565076647,2.25133482089,0.000292509349306,3.25098726014e-05,20256.5076647,0.292509349306,0.357668493417,0.357668493417,0.715336986834,2.77555756156e-16,2.23779328401e-16,0.08,69181.5731166
2013-12-02,69001.1166027,-0.00217092842435,-0.00260844767923,26.2007521248,4.06751819652,0.000378724434044,5.87948208357e-05,26200.7521248,0.378724434044,0.407456738878,0.407456738878,0.814913477756,4.85722573274e-16,5.34294830601e-16,0.08,69001.1166027
2013-12-03,68914.1316072,-0.000904987962637,-0.00126063170926,22.9992693312,1.54054629862,0.000333317349972,2.23263966509e-05,22999.2693312,0.333317349972,0.396420893823,0.396420893823,0.792841787647,1.38777878078e-16,1.90819582357e-16,0.08,68914.1316072
2013-12-04,68778.8096923,-0.00142940067783,-0.00196363085099,35.3190768645,1.49693159719,0.000512508480347,2.17216928122e-05,35319.0768645,0.512508480347,0.243937500482,0.243937500482,0.487875000963,-5.55111512313e-17,6.24500451352e-17,0.08,68778.8096923
2013-12-05,68776.8819809,0.00033046163844,-2.80276926059e-05,23.7371417549,0.919327721777,0.000345122892663,1.33664383826e-05,23737.1417549,0.345122892663,0.310277418832,0.310277418832,0.620554837664,1.11022302463e-16,2.02962646689e-16,0.08,68776.8819809
2013-12-06,68881.4840857,0.00191908123032,0.00152089047513,26.2170082513,1.16931032418,0.000381189252786,1.70015024018e-05,26217.0082513,0.381189252786,0.244911685106,0.244911685106,0.489823370213,3.05311331772e-16,3.46944695195e-16,0.08,68881.4840857
2013-12-09,68699.2913808,-0.00215407829229,-0.00264501712344,31.0434642698,2.7731310148,0.00045067937606,4.0259455086e-05,31043.4642698,0.45067937606,0.241036823202,0.241036823202,0.482073646404,1.14491749414e-16,1.04083408559e-16,0.08,68699.2913808
2013-12-10,68687.5049818,0.000125898193994,-0.000171565072669,19.5281699356,0.907345695925,0.000284255769501,1.32074971617e-05,19528.1699356,0.284255769501,0.308054647263,0.308054647263,0.616109294526,2.91433543964e-16,2.49800180541e-16,0.08,68687.5049818
2013-12-11,68620.0265408,-0.000376890811271,-0.000982397614685,40.431326638,1.159424938,0.000588627096715,1.68797066993e-05,40431.326638,0.588627096715,0.381688207993,0.381688207993,0.763376415985,1.38777878078e-17,4.85722573274e-17,0.08,68620.0265408
2013-12-12,68556.060952,-0.000371484907951,-0.000932170854765,37.0391363343,1.43514821714,0.000539771524458,2.09144223558e-05,37039.1363343,0.539771524458,0.289289275064,0.289289275064,0.578578550127,-1.31838984174e-16,-1.2490009027e-16,0.08,68556.060952
2013-12-13,68458.1736422,-0.000769625543594,-0.00142784326414,44.038100023,1.08671414652,0.000642366253421,1.58514671268e-05,44038.100023,0.642366253421,0.399339815419,0.399339815419,0.798679630838,-5.41233724505e-16,-4.02455846427e-16,0.08,68458.1736422
2013-12-16,68325.6633734,-0.00152387852516,-0.0019356383868,23.6943980643,4.49393004266,0.000346114960474,6.56449011647e-05,23694.3980643,0.346114960474,0.311164951701,0.311164951701,0.622329903403,-4.71844785466e-16,-3.05311331772e-16,0.08,68325.6633734
2013-12-17,68364.9238349,0.000932137709652,0.000574607835673,23.2635040761,1.16496173937,0.00034047973964,1.70501343398e-05,23263.5040761,0.34047973964,0.373016486203,0.373016486203,0.746032972406,-5.13478148889e-16,-3.60822483003e-16,0.08,68364.9238349
2013-12-18,68324.3697451,-0.000185762278151,-0.000593200248842,26.4571374135,1.39732842019,0.000386998711172,2.0439259518e-05,26457.1374135,0.386998711172,0.291500836892,0.291500836892,0.583001673783,-6.10622663544e-16,-4.57966997658e-16,0.08,68324.3697451
2013-12-19,68440.9145131,0.00216097175348,0.00170575694219,30.0109439317,1.09132114854,0.000439242162696,1.59726485968e-05,30010.9439317,0.439242162696,0.18667951384,0.18667951384,0.373359027679,-4.40619762898e-16,-3.74700270811e-16,0.08,68440.9145131
2013-12-20,68487.6259474,0.00112399019435,0.000682507453724,29.5153994065,0.700083104003,0.000431253726173,1.0229014457e-05,29515.3994065,0.431253726173,0.276840458643,0.276840458643,0.553680917286,-7.6327832943e-17,-1.31838984174e-16,0.08,68487.6259474
2013-12-23,68421.6560136,-0.00069767823807,-0.000963238728915,15.070871271,3.11673629238,0.000220052470246,4.55080205988e-05,15070.871271,0.220052470246,0.250928786596,0.250928786596,0.501857573192,-3.46944695195e-16,-3.64291929955e-16,0.08,68421.6560136
2013-12-24,68348.8563278,-0.000794799691905,-0.00106398602509,17.4774095901,0.940765102486,0.000255436810629,1.37495225532e-05,17477.4095901,0.255436810629,0.194537280162,0.194537280162,0.389074560324,-6.93889390391e-17,-8.67361737988e-17,0.08,68348.8563278
2013-12-26,68335.9979031,2.05968620888e-05,-0.000188129331841,12.8090568476,1.45713979312,0.000187407039939,2.13191539904e-05,12809.0568476,0.187407039939,0.204610408183,0.204610408183,0.409220816366,7.6327832943e-17,6.07153216592e-17,0.08,68335.9979031
2013-12-27,68255.1346468,-0.000943825533014,-0.00118331858457,15.5998456323,0.766151036961,0.000228281522345,1.12115292155e-05,15599.8456323,0.228281522345,0.176574709968,0.176574709968,0.353149419936,4.02455846427e-16,3.46944695195e-16,0.08,68255.1346468
2013-12-30,68236.0492937,0.000238408019503,-0.000279617837506,33.3767524666,1.98117215409,0.000488999877289,2.90259797207e-05,33376.7524666,0.488999877289,0.332676752916,0.332676752916,0.665353505832,-2.77555756156e-16,-3.81639164715e-16,0.08,68236.0492937
2013-12-31,68090.9637768,-0.00147260782144,-0.00212622973369,43.356711418,1.24386560607,0.000635393049081,1.82288631735e-05,43356.711418,0.635393049081,0.335079666334,0.335079666334,0.670159332668,6.80011602583e-16,5.20417042793e-16,0.08,68090.9637768
2014-01-02,68238.5872126,0.00269796036681,0.00216803269639,33.5829134908,2.50037232029,0.000493206611099,3.67210593243e-05,33582.9134908,0.493206611099,0.300193138093,0.300193138093,0.600386276186,3.46944695195e-16,2.08166817117e-16,0.08,68238.5872126
2014-01-03,68216.8676893,0.000258360119938,-0.000318287997338,38.2272004782,1.12245236353,0.000560199178203,1.64489390736e-05,38227.2004782,0.560199178203,0.350024198734,0.350024198734,0.700048397467,4.16333634234e-17,-6.93889390391e-18,0.08,68216.8676893
2014-01-06,68217.5077171,0.000537003092777,9.38225140312e-06,32.0675636818,3.92507744434,0.000470082616925,5.75382244494e-05,32067.5636818,0.470082616925,0.278677634669,0.278677634669,0.557355269338,-4.51028103754e-16,-4.23272528138e-16,0.08,68217.5077171
2014-01-07,68265.8286693,0.000985764095505,0.000708336522377,17.8837357646,1.04168184623,0.000262157565749,1.52700073791e-05,17883.7357646,0.262157565749,0.236952882252,0.236952882252,0.473905764503,-6.10622663544e-16,-5.55111512313e-16,0.08,68265.8286693
2014-01-08,68170.76727,-0.00101582441235,-0.00139251805914,24.8289595765,0.886344376026,0.000363709927214,1.29837195754e-05,24828.9595765,0.363709927214,0.304710548364,0.304710548364,0.609421096728,-3.88578058619e-16,-3.46944695195e-16,0.08,68170.76727
2014-01-09,68117.0065594,-0.000429072742057,-0.000788618242499,23.3722815718,1.13821106177,0.000342849032038,1.66964684035e-05,23372.2815718,0.342849032038,0.316257081706,0.316257081706,0.632514163412,-4.99600361081e-16,-4.71844785466e-16,0.08,68117.0065594
2014-01-10,68272.6701227,0.00260128735372,0.00228523787587,20.3479341798,1.18041017584,0.000298720322685,1.7329155162e-05,20347.9341798,0.298720322685,0.270466648826,0.270466648826,0.540933297652,-2.22044604925e-16,-1.87350135405e-16,0.08,68272.6701227
2014-01-13,68106.4098152,-0.00199648407733,-0.00243523956636,26.9195873487,3.03542141828,0.000394295217989,4.44602710399e-05,26919.5873487,0.394295217989,0.265195067685,0.265195067685,0.530390135371,-1.66533453694e-16,-1.52655665886e-16,0.08,68106.4098152
2014-01-14,68121.397309,0.000579493883117,0.000220059960641,23.4900836716,0.989670354013,0.00034490268589,1.45312365855e-05,23490.0836716,0.34490268589,0.242943009835,0.242943009835,0.485886019671,5.55111512313e-17,-2.42861286637e-17,0.08,68121.397309
2014-01-15,68127.396252,0.000462940402989,8.80625351292e-05,24.6303758339,0.90682834501,0.000361565922116,1.33119457444e-05,24630.3758339,0.361565922116,0.280914435934,0.280914435934,0.561828871868,-5.55111512313e-17,-4.85722573274e-17,0.08,68127.396252
2014-01-16,68061.295621,-0.000679257052446,-0.000970250363941,18.7759607983,1.04865584054,0.000275600739663,1.5392571832e-05,18775.9607983,0.275600739663,0.345677118403,0.345677118403,0.691354236806,8.32667268469e-17,9.71445146547e-17,0.08,68061.295621
2014-01-17,68084.9594946,0.000776780292308,0.000347684736361,27.9156360558,1.28916342712,0.00041015434398,1.89412119673e-05,27915.6360558,0.41015434398,0.362623365061,0.362623365061,0.725246730122,-6.93889390391e-17,-6.07153216592e-17,0.08,68084.9594946
2014-01-21,67947.6097962,-0.00152323023218,-0.00201732804668,28.2292988104,5.41133087605,0.000414618720786,7.9479093712e-05,28229.2988104,0.414618720786,0.399621464698,0.399621464698,0.799242929396,1.38777878078e-17,7.6327832943e-17,0.08,67947.6097962
2014-01-22,67960.8258053,0.000799923862148,0.000194502927487,39.6490520966,1.48785333422,0.000583523868103,2.18970665588e-05,39649.0520966,0.583523868103,0.407145253001,0.407145253001,0.814290506002,-3.12250225676e-16,-1.73472347598e-16,0.08,67960.8258053
2014-01-23,67907.3180187,-0.000383599599891,-0.000787332789094,25.9218805259,1.51616041735,0.000381423860272,2.23093289316e-05,25921.8805259,0.381423860272,0.325835319167,0.325835319167,0.651670638334,-1.94289029309e-16,-1.7694179455e-16,0.08,67907.3180187
2014-01-24,68136.5603425,0.00375666310872,0.00337581177538,24.6501760277,1.21241658304,0.000362997343245,1.78539900913e-05,24650.1760277,0.362997343245,0.302992186561,0.302992186561,0.605984373122,-5.13478148889e-16,-4.16333634234e-16,0.08,68136.5603425
2014-01-27,68078.9895661,-0.000155481464025,-0.000844932237593,43.5831310194,3.39367321692,0.00063964383879,4.98069347772e-05,43583.1310194,0.63964383879,0.464223795614,0.464223795614,0.928447591229,-1.27675647832e-15,-1.02695629778e-15,0.08,68078.9895661
2014-01-28,68407.653723,0.00527802468243,0.00482768852738,28.9267105685,1.73171983222,0.000424899234739,2.54369203076e-05,28926.7105685,0.424899234739,0.390867858823,0.390867858823,0.781735717647,-4.30211422042e-16,-3.33066907388e-16,0.08,68407.653723
2014-01-29,68419.1739353,0.000792567110199,0.000168405312371,41.2323288925,1.46511524043,0.000602744380906,2.14174169218e-05,41232.3288925,0.602744380906,0.362285317018,0.362285317018,0.724570634035,2.35922392733e-16,1.66533453694e-16,0.08,68419.1739353
2014-01-30,68225.173655,-0.00242093057263,-0.00283546656771,27.0040042069,1.35820614352,0.000394684744841,1.98512502475e-05,27004.0042069,0.394684744841,0.296589871344,0.296589871344,0.593179742689,1.45716771982e-16,2.77555756156e-17,0.08,68225.173655
2014-01-31,68008.2141141,-0.00282009579058,-0.00318005113505,23.4492544887,1.10876139599,0.000343703844672,1.62514997997e-05,23449.2544887,0.343703844672,0.259766620707,0.259766620707,0.519533241414,-3.33066907388e-16,-2.91433543964e-16,0.08,68008.2141141
2014-02-03,68073.5388656,0.00143439608177,0.000960542080819,29.3219209645,2.9040433908,0.00043115263864,4.2701362308e-05,29321.9209645,0.43115263864,0.447701084898,0.447701084898,0.895402169797,-3.74700270811e-16,-4.02455846427e-16,0.08,68073.5388656
2014-02-04,68015.9871391,-0.000334956920842,-0.000845434621326,33.0800730523,1.66995053167,0.000485946134189,2.45315662958e-05,33080.0730523,0.485946134189,0.279369221407,0.279369221407,0.558738442814,-2.63677968348e-16,-1.80411241502e-16,0.08,68015.9871391
2014-02-05,68119.4536203,0.00186619676477,0.00152120825729,22.4235517856,1.04118210248,0.00032968060494,1.53079025428e-05,22423.5517856,0.32968060494,0.300841686728,0.300841686728,0.601683373456,-4.57966997658e-16,-3.60822483003e-16,0.08,68119.4536203
2014-02-06,68116.630688,0.000349769405507,-4.14409129941e-05,25.5261196496,1.12291349732,0.000374725842516,1.64844759851e-05,25526.1196496,0.374725842516,0.307794698954,0.307794698954,0.615589397908,1.66533453694e-16,1.94289029309e-16,0.08,68116.630688
2014-02-07,68022.4891489,-0.00088249275323,-0.00138206394093,32.8802875835,1.14881851158,0.000482705724746,1.68654629564e-05,32880.2875835,0.482705724746,0.375151952611,0.375151952611,0.750303905222,-4.71844785466e-16,-3.64291929955e-16,0.08,68022.4891489
2014-02-10,67774.0215946,-0.00305194879089,-0.00365272658197,36.6715345345,4.19486623984,0.000539108976947,6.16688141279e-05,36671.5345345,0.539108976947,0.402392490929,0.402392490929,0.804784981859,3.88578058619e-16,4.02455846427e-16,0.08,67774.0215946
2014-02-11,67802.5151122,0.000983195060192,0.000420419459927,36.6472228157,1.49434286958,0.000540726696652,2.20489036126e-05,36647.2228157,0.540726696652,0.312846789656,0.312846789656,0.625693579311,6.38378239159e-16,5.41233724505e-16,0.08,67802.5151122
2014-02-12,67834.4279642,0.000883709892887,0.000470673572724,26.8426109735,1.16229036621,0.000395894030319,1.71422898441e-05,26842.6109735,0.395894030319,0.196680777701,0.196680777701,0.393361555403,4.68375338514e-16,3.88578058619e-16,0.08,67834.4279642
2014-02-13,67850.9429033,0.000544139819806,0.000243459546835,19.6654207255,0.731053591613,0.000289903244055,1.07770289151e-05,19665.4207255,0.289903244055,0.214370162396,0.214370162396,0.428740324792,5.6898930012e-16,4.16333634234e-16,0.08,67850.9429033
2014-02-14,68010.7108428,0.00281889950378,0.00235469004073,30.700051545,0.796998227338,0.000452463152779,1.17463102683e-05,30700.051545,0.452463152779,0.358816415236,0.358816415236,0.717632830472,1.02695629778e-15,8.32667268469e-16,0.08,68010.7108428
2014-02-18,67981.3604768,0.000174905947014,-0.00043155505427,35.8971622698,5.34868152598,0.000527816307533,7.86446937504e-05,35897.1622698,0.527816307533,0.21204432529,0.21204432529,0.424088650581,4.4408920985e-16,3.74700270811e-16,0.08,67981.3604768
2014-02-19,67932.8865752,-0.000349829750971,-0.00071304694844,23.9021328372,0.789866395322,0.00035159833033,1.16188671392e-05,23902.1328372,0.35159833033,0.252597750595,0.252597750595,0.50519550119,3.88578058619e-16,3.60822483003e-16,0.08,67932.8865752
2014-02-20,67971.0841048,0.000834370304016,0.000562283330083,17.5433963147,0.940257224127,0.000258246001298,1.38409726353e-05,17543.3963147,0.258246001298,0.232856074535,0.232856074535,0.46571214907,2.77555756156e-17,0,0.08,67971.0841048
2014-02-21,67993.4482477,0.000570859876267,0.000329024365631,15.5705626644,0.867259168577,0.000229076273676,1.27592369608e-05,15570.5626644,0.229076273676,0.26622453188,0.26622453188,0.532449063759,-2.77555756156e-17,-4.16333634234e-17,0.08,67993.4482477
2014-02-24,67851.6467969,-0.00169630507,-0.00208551639082,23.4882268249,2.9755929749,0.000345448384076,4.37629367473e-05,23488.2268249,0.345448384076,0.338472936686,0.338472936686,0.676945873373,-2.08166817117e-16,-1.7694179455e-16,0.08,67851.6467969
2014-02-25,67811.5298234,-0.000241377782671,-0.000591245392175,22.4806854575,1.25840800824,0.00033132114722,1.85464622842e-05,22480.6854575,0.33132114722,0.323862097202,0.323862097202,0.647724194404,-3.1918911958e-16,-2.98372437868e-16,0.08,67811.5298234
2014-02-26,67917.6577137,0.00206915637286,0.00156504197111,32.9813943088,1.20337448017,0.000486368533415,1.77458683398e-05,32981.3943088,0.486368533415,0.293409849424,0.293409849424,0.586819698848,2.77555756156e-17,-1.38777878078e-17,0.08,67917.6577137
2014-02-27,67957.1957905,0.000950520119725,0.000582147238015,23.9270939911,1.09192929989,0.000352295629687,1.60772520232e-05,23927.0939911,0.352295629687,0.211814460245,0.211814460245,0.423628920491,2.42861286637e-16,1.52655665886e-16,0.08,67957.1957905
2014-02-28,67794.9737486,-0.00214599899819,-0.00238712089387,15.5972381895,0.788729684721,0.000229515623887,1.16062717943e-05,15597.2381895,0.229515623887,0.247359677721,0.247359677721,0.494719355441,4.16333634234e-16,3.12250225676e-16,0.08,67794.9737486
2014-03-03,67753.4215013,-0.000391302268619,-0.000612910441539,12.2672502068,2.75667005877,0.00018094630809,4.06618648308e-05,12267.2502068,0.18094630809,0.251885086608,0.251885086608,0.503770173216,6.10622663544e-16,5.06539254985e-16,0.08,67753.4215013
2014-03-04,67898.6374817,0.00237347538573,0.00214330106536,14.6599702705,0.935127476319,0.000216372397816,1.38019225539e-05,14659.9702705,0.216372397816,0.202591271241,0.202591271241,0.405182542483,1.11022302463e-16,1.38777878078e-17,0.08,67898.6374817
2014-03-05,67928.3934976,0.000829117852936,0.000438241722141,25.7862212923,0.753735412766,0.00037977523922,1.11008915749e-05,25786.2212923,0.37977523922,0.236656596889,0.236656596889,0.473313193777,3.3653635434e-16,2.70616862252e-16,0.08,67928.3934976
2014-03-06,67923.2033992,0.000609505646357,-7.64054340637e-05,45.7119773677,0.88086040752,0.00067294359566,1.2967484761e-05,45711.9773677,0.67294359566,0.350048752321,0.350048752321,0.700097504642,-5.55111512313e-17,1.38777878078e-17,0.08,67923.2033992
2014-03-07,67931.0469237,0.000549918862867,0.000115476363187,28.2059080462,1.30281822485,0.000415261746128,1.91807535518e-05,28205.9080462,0.415261746128,0.339623962947,0.339623962947,0.679247925895,-3.33066907388e-16,-2.28983498829e-16,0.08,67931.0469237
2014-03-10,67997.0749415,0.00138847706818,0.000971985871108,24.5001880328,3.79249501864,0.000360662600421,5.58285966489e-05,24500.1880328,0.360662600421,0.392216553224,0.392216553224,0.784433106449,-5.55111512313e-17,-9.71445146547e-17,0.08,67997.0749415
2014-03-11,67964.3136187,-0.000165950548137,-0.000481804883517,20.0158241538,1.46134675961,0.000294363017395,2.14913179849e-05,20015.8241538,0.294363017395,0.5,0.5,1,-1.11022302463e-16,-5.55111512313e-17,0.0789871241287,67964.3136187
2014-03-12,67867.7287599,-0.000707177707775,-0.00142111136936,46.6599752891,1.86203598955,0.000686536401307,2.7397260274e-05,46659.9752891,0.686536401307,0.296683505525,0.296683505525,0.59336701105,1.11022302463e-16,9.02056207508e-17,0.08,67867.7287599
2014-03-13,67776.1239953,-0.000890821904473,-0.00134975438643,30.0434046195,1.10330058523,0.000442675851519,1.62566304397e-05,30043.4046195,0.442675851519,0.280245156401,0.280245156401,0.560490312801,4.71844785466e-16,3.88578058619e-16,0.08,67776.1239953
2014-03-14,67775.5222272,0.000317825895686,-8.87876232036e-06,21.1020120975,1.04076331339,0.000311348759026,1.53558989809e-05,21102.0120975,0.311348759026,0.341863533299,0.341863533299,0.683727066597,4.99600361081e-16,4.16333634234e-16,0.08,67775.5222272
2014-03-17,67789.9972609,0.000650292095031,0.000213573177253,25.7900889655,3.80876375339,0.000380522172578,5.61967451998e-05,25790.0889655,0.380522172578,0.339441463937,0.339441463937,0.678882927873,0,0,0.08,67789.9972609
2014-03-18,67771.7710175,7.61238149783e-05,-0.000268863315282,22.1258143737,1.26086224167,0.00032638759799,1.85995322705e-05,22125.8143737,0.32638759799,0.36039536381,0.36039536381,0.720790727619,9.43689570931e-16,7.21644966006e-16,0.08,67771.7710175
2014-03-19,67765.7307423,0.000580135399833,-8.9126712682e-05,44.0187426361,1.33833600394,0.000649514421347,1.97476911677e-05,44018.7426361,0.649514421347,0.298185782583,0.298185782583,0.596371565166,-3.46944695195e-16,-2.49800180541e-16,0.08,67765.7307423
2014-03-20,67592.1339307,-0.00206688544749,-0.00256171976196,32.4255882341,1.10722068239,0.00047849536748,1.63389469908e-05,32425.5882341,0.47849536748,0.31346774065,0.31346774065,0.626935481299,1.70002900646e-16,2.15105711021e-16,0.08,67592.1339307
2014-03-21,67622.0444248,0.000940297281445,0.000442514422949,32.485221886,1.16098375391,0.00048060654394,1.71763145561e-05,32485.221886,0.48060654394,0.293283798013,0.293283798013,0.586567596026,1.38777878078e-17,-4.16333634234e-17,0.08,67622.0444248
2014-03-24,67544.0850585,-0.000523155227451,-0.00115286911272,39.3224115546,3.26012877014,0.000581502849981,4.82110352898e-05,39322.4115546,0.581502849981,0.371742013782,0.371742013782,0.743484027564,-1.18655085757e-15,-8.81239525796e-16,0.08,67544.0850585
2014-03-25,67438.9078193,-0.00111961092104,-0.00155716431871,28.1783097068,1.37583420267,0.000417183972252,2.03694254127e-05,28178.3097068,0.417183972252,0.396315004829,0.396315004829,0.792630009658,2.08166817117e-16,2.35922392733e-16,0.08,67438.9078193
2014-03-26,67726.9684458,0.00473155316188,0.00427143077855,29.5656550457,1.46449594948,0.000438406492657,2.17158906756e-05,29565.6550457,0.438406492657,0.393138706123,0.393138706123,0.786277412246,2.49800180541e-16,2.77555756156e-16,0.08,67726.9684458
2014-03-27,67764.3270263,0.00102861132048,0.000551605679838,30.8471819859,1.45896398599,0.000455463793726,2.15418469108e-05,30847.1819859,0.455463793726,0.310856974483,0.310856974483,0.621713948965,3.74700270811e-16,3.33066907388e-16,0.08,67764.3270263
2014-03-28,67677.9800388,-0.000920583132868,-0.00127422482148,22.8100437126,1.15424732478,0.000336608429739,1.70332588758e-05,22810.0437126,0.336608429739,0.290127535295,0.290127535295,0.580255070591,1.80411241502e-16,1.66533453694e-16,0.08,67677.9800388
2014-03-31,67668.2999174,0.00036621936172,-0.000143032067116,31.2373964394,3.22771159601,0.000461559231253,4.76921975828e-05,31237.3964394,0.461559231253,0.407482035396,0.407482035396,0.814964070791,1.11022302463e-16,1.11022302463e-16,0.08,67668.2999174
2014-04-01,67697.7650154,0.000807599589887,0.000435434287854,23.6729101764,1.51088310039,0.000349837519271,2.23277827614e-05,23672.9101764,0.349837519271,0.387195037807,0.387195037807,0.774390075614,1.2490009027e-16,8.32667268469e-17,0.08,67697.7650154
2014-04-02,67683.169512,0.000288349881691,-0.000215598009618,32.6798588747,1.43628705121,0.000482731724855,2.12161664552e-05,32679.8588747,0.482731724855,0.25711279258,0.25711279258,0.514225585161,-1.80411241502e-16,-2.00360561475e-16,0.08,67683.169512
2014-04-03,67724.9885154,0.00121175079794,0.00061786414146,39.2425855577,0.953545683503,0.00057979828428,1.40883721962e-05,39242.5855577,0.57979828428,0.466457738604,0.466457738604,0.932915477207,2.22044604925e-16,1.80411241502e-16,0.08,67724.9885154
2014-04-04,67601.6029585,-0.00123096384381,-0.00182186161373,38.2875394768,1.73100520492,0.000565338441779,2.55593281427e-05,38287.5394768,0.565338441779,0.224086965415,0.224086965415,0.44817393083,2.63677968348e-16,2.08166817117e-16,0.08,67601.6029585
2014-04-07,67649.2241957,0.00115375618823,0.0007044394678,27.8843434583,2.49018707904,0.00041248050694,3.68362134929e-05,27884.3434583,0.41248050694,0.340764937281,0.340764937281,0.681529874562,8.32667268469e-17,2.77555756156e-17,0.08,67649.2241957
2014-04-08,67601.5290379,0.000250933275736,-0.000705036287388,63.4074495116,1.2631497885,0.000937297511767,1.86720513579e-05,63407.4495116,0.937297511767,0.452157492747,0.452157492747,0.904314985494,7.35522753814e-16,6.52256026967e-16,0.08,67601.5290379
2014-04-09,67850.9542282,0.00417302597373,0.00368963829418,31.0028674681,1.6748787877,0.000458611926525,2.47757530272e-05,31002.8674681,0.458611926525,0.388907048715,0.388907048715,0.777814097429,2.77555756156e-16,2.22044604925e-16,0.08,67850.9542281
2014-04-10,67716.0885534,-0.00158180830035,-0.00198767543147,26.0925699791,1.44590215679,0.000384557155842,2.1309975272e-05,26092.5699791,0.384557155842,0.351918075641,0.351918075641,0.703836151281,1.73472347598e-16,-1.38777878078e-17,0.08,67716.0885534
2014-04-11,67396.5041546,-0.00422158556868,-0.00471947517417,32.4093549399,1.30578167527,0.000478606423263,1.92831822269e-05,32409.3549399,0.478606423263,0.468319082972,0.468319082972,0.936638165945,7.14706072102e-16,4.16333634234e-16,0.08,67396.5041546
2014-04-14,67225.823105,-0.00202787497685,-0.00253249114011,28.8209156418,5.18844970212,0.00042763220442,7.69839588448e-05,28820.9156418,0.42763220442,0.432955998173,0.432955998173,0.865911996346,9.29811783124e-16,7.91033905045e-16,0.08,67225.823105
2014-04-15,66887.044791,-0.00450727378718,-0.00503940745327,34.1782840695,1.59483963537,0.000508410049753,2.37236163383e-05,34178.2840695,0.508410049753,0.366611141575,0.366611141575,0.73322228315,8.04911692853e-16,6.24500451352e-16,0.08,66887.044791
2014-04-16,66785.7673738,-0.00104841190077,-0.00151415595433,29.8085975717,1.34364579986,0.00044565577183,2.00882817301e-05,29808.5975717,0.44565577183,0.377689554167,0.377689554167,0.755379108335,3.33066907388e-16,2.63677968348e-16,0.08,66785.7673738
2014-04-17,66750.2540751,-9.400791774e-05,-0.000531749505318,27.8527551417,1.38215269612,0.000417046269541,2.06953180366e-05,27852.7551417,0.417046269541,0.398772659524,0.398772659524,0.797545319049,8.32667268469e-17,8.67361737988e-18,0.08,66750.2540751
2014-04-21,66711.845094,-2.2741598154e-05,-0.000575413255784,31.0568527249,5.83412084196,0.000465269430885,8.7402226745e-05,31056.8527249,0.465269430885,0.291729515606,0.291729515606,0.583459031211,6.93889390391e-17,2.77555756156e-17,0.08,66711.845094
2014-04-22,66898.650884,0.00307428080244,0.0028001892276,17.2187539014,1.06640078106,0.000258106395905,1.59851789373e-05,17218.7539014,0.258106395905,0.23113583651,0.23113583651,0.46227167302,4.02455846427e-16,3.26995375222e-16,0.08,66898.650884
2014-04-23,66839.2567986,-0.000620020014302,-0.000887821871437,17.0683130488,0.847269897724,0.000255136879792,1.2664977343e-05,17068.3130488,0.255136879792,0.261412339621,0.261412339621,0.522824679241,2.11636264069e-16,1.66533453694e-16,0.08,66839.2567986
2014-04-24,66890.1589732,0.00107363571543,0.00076156104955,19.9014356371,0.957403095793,0.000297750702063,1.43239638148e-05,19901.4356371,0.297750702063,0.232109076697,0.232109076697,0.464218153394,1.52655665886e-16,1.21430643318e-16,0.08,66890.1589732
2014-04-25,66826.7515551,-0.000549807189828,-0.000947933432823,25.7799982037,0.85072948161,0.000385407937423,1.27183055724e-05,25779.9982037,0.385407937423,0.28687631319,0.28687631319,0.573752626379,6.59194920871e-16,6.48786580015e-16,0.08,66826.7515551
2014-04-28,66731.8281562,-0.000968166701267,-0.00142044011976,27.0725641217,3.15139925073,0.000405115668376,4.71577501134e-05,27072.5641217,0.405115668376,0.255032061356,0.255032061356,0.510064122711,1.52655665886e-16,1.56125112838e-16,0.08,66731.8281562
2014-04-29,66748.739338,0.000799004010817,0.000253420029732,35.475281912,0.932534558504,0.000531609621558,1.39743595263e-05,35475.281912,0.531609621558,0.320761606389,0.320761606389,0.641523212778,5.27355936697e-16,4.6143644461e-16,0.08,66748.739338
2014-04-30,66782.5400005,0.000955540736262,0.000506386529926,28.8073026383,1.17317440299,0.000431578227904,1.75759784323e-05,28807.3026383,0.431578227904,0.209420207115,0.209420207115,0.41884041423,1.49880108324e-15,1.33920652345e-15,0.08,66782.5400005
2014-05-01,66765.3382565,1.71003228927e-05,-0.000257578463055,17.5774120313,0.766334978552,0.000263203706105,1.14750798419e-05,17577.4120313,0.263203706105,0.209676398303,0.209676398303,0.419352796607,4.16333634234e-16,4.37150315946e-16,0.08,66765.3382565
2014-05-02,66830.9406729,0.0013172815731,0.000982581952037,21.5792585839,0.767074830528,0.000323210503346,1.14891177153e-05,21579.2585839,0.323210503346,0.250989703458,0.250989703458,0.501979406916,7.49400541622e-16,6.10622663544e-16,0.08,66830.9406729
2014-05-05,66661.6569186,-0.00210315377178,-0.00253301468805,25.9706595872,2.75734980514,0.000388602334873,4.12585813903e-05,25970.6595872,0.388602334873,0.303047430446,0.303047430446,0.606094860892,2.22044604925e-16,2.49800180541e-16,0.08,66661.6569186
2014-05-06,66521.7104939,-0.00149454700051,-0.00209935412771,39.2105058272,1.10693938841,0.00058820178855,1.66053386546e-05,39210.5058272,0.58820178855,0.304245571617,0.304245571617,0.608491143233,-6.93889390391e-18,0,0.08,66521.7104939
2014-05-07,66543.9979814,0.000734579219304,0.000335040804657,25.4689959649,1.10898278543,0.000382867424421,1.66709902256e-05,25468.9959649,0.382867424421,0.31497929041,0.31497929041,0.629958580819,-2.28983498829e-16,-1.7694179455e-16,0.08,66543.9979814
2014-05-08,66794.4148682,0.00408644104535,0.00376317766383,20.3627456832,1.14849212412,0.00030600424232,1.72591392005e-05,20362.7456832,0.30600424232,0.2985276157,0.2985276157,0.597055231399,3.12250225676e-17,2.94902990916e-17,0.08,66794.4148682
2014-05-09,66775.7765169,-1.2507765874e-07,-0.00027904056651,17.5373953734,1.09260150206,0.000262557811279,1.63576775726e-05,17537.3953734,0.262557811279,0.249801481666,0.249801481666,0.499602963333,-3.12250225676e-17,-2.25514051877e-17,0.08,66775.7765169
2014-05-12,66741.8340264,-0.000177925274882,-0.00050830544016,19.3193611923,2.74203088986,0.000289316908018,4.10632572602e-05,19319.3611923,0.289316908018,0.306120122459,0.306120122459,0.612240244918,2.63677968348e-16,1.87350135405e-16,0.08,66741.8340264
2014-05-13,66666.4881015,-0.000719615129637,-0.00112891600923,26.1979835145,1.11950785782,0.000392527174248,1.67737053402e-05,26197.9835145,0.392527174248,0.211182513256,0.211182513256,0.422365026512,4.16333634234e-17,1.73472347598e-17,0.08,66666.4881015
2014-05-14,66770.8723481,0.00186102477958,0.0015657678931,18.9122988043,0.771440904505,0.00028368524191,1.1571644562e-05,18912.2988043,0.28368524191,0.294971915458,0.294971915458,0.589943830916,4.02455846427e-16,3.15719672628e-16,0.08,66770.8723481
2014-05-15,66801.8517887,0.000975348707886,0.000463966389525,33.0662362613,1.07920723909,0.000495219473678,1.61628446826e-05,33066.2362613,0.495219473678,0.253882063316,0.253882063316,0.507764126632,1.5959455979e-16,6.24500451352e-17,0.08,66801.8517887
2014-05-16,66744.934209,-0.000163857363652,-0.000852035956049,45.0423006641,0.92930366934,0.000674267246461,1.39113459351e-05,45042.3006641,0.674267246461,0.292895070856,0.292895070856,0.585790141712,-9.71445146547e-17,-1.04083408559e-16,0.08,66744.934209
2014-05-19,66643.5536387,-0.00113012580883,-0.00151892531566,22.7368201504,3.2135773536,0.000340652371897,4.81471349352e-05,22736.8201504,0.340652371897,0.249292900784,0.249292900784,0.498585801569,-1.90819582357e-16,-1.2490009027e-16,0.08,66643.5536387
2014-05-20,66587.597724,-0.000587413135702,-0.000839629817392,15.8982726778,0.910343276996,0.000238556796716,1.36598849745e-05,15898.2726778,0.238556796716,0.26782324956,0.26782324956,0.53564649912,4.85722573274e-17,1.04083408559e-16,0.08,66587.597724
2014-05-21,66542.0720307,-0.000361276879175,-0.000683696285702,20.4919443264,0.977189413853,0.000307744159976,1.46752465512e-05,20491.9443264,0.307744159976,0.269225154544,0.269225154544,0.538450309089,-2.31585584043e-16,-1.11022302463e-16,0.08,66542.0720307
2014-05-22,66413.6646709,-0.00164993494695,-0.00192971688251,17.6356368529,0.981632856228,0.0002650298723,1.47520632627e-05,17635.6368529,0.2650298723,0.198279591243,0.198279591243,0.396559182486,-2.28983498829e-16,-1.4224732503e-16,0.08,66413.6646709
2014-05-23,66368.5378288,-0.000344469302988,-0.000679481283042,21.5278130693,0.721560234734,0.000324147344917,1.08646351366e-05,21527.8130693,0.324147344917,0.328397340491,0.328397340491,0.656794680983,-8.32667268469e-17,-6.24500451352e-17,0.08,66368.5378288
2014-05-27,66169.9069186,-0.00263748461561,-0.00299284746506,18.8078713328,4.77704138417,0.000283385350168,7.19774992858e-05,18807.8713328,0.283385350168,0.316487395889,0.316487395889,0.632974791779,-8.60422844084e-16,-6.17561557448e-16,0.08,66169.9069186
2014-05-28,66087.5759475,-0.000821610641509,-0.00124423586099,26.8175677894,1.14750364531,0.000405283444366,1.73417751172e-05,26817.5677894,0.405283444366,0.30921609739,0.30921609739,0.61843219478,1.11022302463e-16,1.04083408559e-16,0.08,66087.5759475
2014-05-29,66064.210465,7.87178322956e-06,-0.000353553330087,22.765964841,1.11974478468,0.000344481765514,1.69433478022e-05,22765.964841,0.344481765514,0.371593714696,0.371593714696,0.743187429392,2.22044604925e-16,2.42861286637e-16,0.08,66064.210465
2014-05-30,66140.3775012,0.00162597530558,0.00115292433985,29.9065853894,1.34515317124,0.000452689666295,2.03612994354e-05,29906.5853894,0.452689666295,0.411498296141,0.411498296141,0.822996592282,-5.55111512313e-17,1.38777878078e-17,0.08,66140.3775012
2014-06-02,66070.0656997,-0.00052190519967,-0.00106306925033,31.3188243022,4.47397029828,0.000473520495127,6.76435555301e-05,31318.8243022,0.473520495127,0.346229070185,0.346229070185,0.69245814037,-6.24500451352e-17,-4.16333634234e-17,0.08,66070.0656997
2014-06-03,65977.407387,-0.00103496436597,-0.00140242501229,23.0247037066,1.25344533777,0.000348489190419,1.89714559005e-05,23024.7037066,0.348489190419,0.293980219634,0.293980219634,0.587960439269,3.60822483003e-16,3.05311331772e-16,0.08,65977.407387
2014-06-04,65927.7258045,-0.000328329287005,-0.000753009014536,26.9564699833,1.06279740902,0.000408571222345,1.61085051854e-05,26956.4699833,0.408571222345,0.333871627655,0.333871627655,0.667743255311,-1.07552855511e-16,-1.80411241502e-16,0.08,65927.7258045
2014-06-05,65945.2435491,0.000675263597018,0.000265711343174,25.7947447422,1.20610395189,0.000391257918082,1.82943357619e-05,25794.7447422,0.391257918082,0.268747115582,0.268747115582,0.537494231164,1.28369537222e-15,1.04083408559e-15,0.08,65945.2435491
2014-06-06,65925.1552236,0.000222547008344,-0.000304621293931,33.7931410443,0.971101040557,0.000512442432929,1.4725869347e-05,33793.1410443,0.512442432929,0.302290398444,0.302290398444,0.604580796888,2.81025203108e-16,1.80411241502e-16,0.08,65925.1552236
2014-06-09,65881.3176819,-4.94216535282e-05,-0.000664959249439,37.3034869361,3.27592462028,0.000565846023564,4.96915723469e-05,37303.4869361,0.565846023564,0.293739674352,0.293739674352,0.587479348703,-8.53483950181e-16,-7.35522753814e-16,0.08,65881.3176819
2014-06-10,65892.5559598,0.000598655977704,0.00017058368363,27.1415856021,1.06038119462,0.000411976969453,1.6095324622e-05,27141.5856021,0.411976969453,0.349992974401,0.349992974401,0.699985948802,2.77555756156e-17,1.80411241502e-16,0.08,65892.5559598
2014-06-11,65866.0186965,0.000133489034685,-0.000402735374675,34.0695294131,1.26366748774,0.000517046712133,1.91776972275e-05,34069.5294131,0.517046712133,0.5,0.5,1,-5.82867087928e-16,-3.74700270811e-16,0.0786121131316,65866.0186965
2014-06-12,65753.2271485,-0.00117184905724,-0.00171243913466,33.8019676889,1.80454845744,0.000513192817143,2.7397260274e-05,33801.9676889,0.513192817143,0.459619184903,0.459619184903,0.919238369806,-9.71445146547e-17,-2.77555756156e-17,0.08,65753.2271485
2014-06-13,65633.451499,-0.0013133988744,-0.00182159347346,31.7594653367,1.65596957078,0.000483009986187,2.51846128714e-05,31759.4653367,0.483009986187,0.298674189119,0.298674189119,0.597348378238,-2.22044604925e-16,-1.17961196366e-16,0.08,65633.451499
2014-06-16,65612.8681804,1.36380782757e-05,-0.000313610181617,18.2560188915,3.22241390229,0.000278151132914,4.90971269785e-05,18256.0188915,0.278151132914,0.311016693711,0.311016693711,0.622033387422,-3.0184188482e-16,-2.22044604925e-16,0.08,65612.8681804
2014-06-17,65704.2457268,0.00175323331338,0.00139267721277,22.538944705,1.11817519597,0.000343514089995,1.70420106143e-05,22538.944705,0.343514089995,0.288321783565,0.288321783565,0.576643567129,2.77555756156e-17,6.93889390391e-18,0.08,65704.2457268
2014-06-18,65696.2071245,0.000199203469542,-0.000122345249001,20.0890905195,1.03802549675,0.000305750264649,1.5798453894e-05,20089.0905195,0.305750264649,0.332033834154,0.332033834154,0.664067668309,-1.38777878078e-16,-1.19695919842e-16,0.08,65696.2071245
2014-06-19,65603.0902969,-0.00103640768635,-0.00141738513731,23.8335207311,1.19525279676,0.000362783816209,1.81936347482e-05,23833.5207311,0.362783816209,0.241393730439,0.241393730439,0.482787460878,2.35922392733e-16,1.31838984174e-16,0.08,65603.0902969
2014-06-20,65598.5922897,0.000263874732085,-6.85639532493e-05,20.9412694924,0.867735599732,0.000319211631611,1.32270537227e-05,20941.2694924,0.319211631611,0.278709485809,0.278709485809,0.557418971618,5.75928194024e-16,4.02455846427e-16,0.08,65598.5922897
2014-06-23,65529.8719374,-0.000545398597347,-0.00104758882579,29.937555621,3.00541642633,0.000456374970499,4.58152579412e-05,29937.555621,0.456374970499,0.353266389962,0.353266389962,0.706532779925,4.16333634234e-16,2.94902990916e-16,0.08,65529.8719374
2014-06-24,65505.1078949,-1.92529348603e-05,-0.000377904638281,22.233934371,1.26846582433,0.000339294640957,1.93570624637e-05,22233.934371,0.339294640957,0.368137902171,0.368137902171,0.736275804341,0,-2.77555756156e-17,0.08,65505.1078949
2014-06-25,65402.4648155,-0.00111563005288,-0.00156694771844,28.2422472812,1.32136509599,0.000431145725712,2.0171939845e-05,28242.2472812,0.431145725712,0.326284710296,0.326284710296,0.652569420591,6.38378239159e-16,3.85108611667e-16,0.08,65402.4648155
2014-06-26,65336.1819809,-0.000555992765209,-0.00101346080452,28.7502319051,1.16930544027,0.00043958942505,1.78786142628e-05,28750.2319051,0.43958942505,0.295725406962,0.295725406962,0.591450813924,9.71445146547e-17,4.16333634234e-17,0.08,65336.1819809
2014-06-27,65349.5292717,0.000483196962075,0.000204286360322,17.1642377226,1.0587161099,0.000262706469864,1.62041318883e-05,17164.2377226,0.262706469864,0.207645907929,0.207645907929,0.415291815859,-3.46944695195e-17,-1.64798730218e-17,0.08,65349.5292717
2014-06-30,65347.1696163,0.000362878572057,-3.61082233007e-05,23.8429862751,2.23061298713,0.000364853221451,3.41335739062e-05,23842.9862751,0.364853221451,0.182362021125,0.182362021125,0.364724042249,-7.6327832943e-17,-5.55111512313e-17,0.08,65347.1696163
2014-07-01,65369.363455,0.00053430907,0.00033962968517,12.0687691415,0.652977639781,0.000184686945316,9.99243951367e-06,12068.7691415,0.184686945316,0.190654922355,0.190654922355,0.381309844709,-1.04083408559e-17,1.38777878078e-17,0.08,65369.363455
2014-07-02,65358.3385755,6.37603576701e-05,-0.000168655145168,14.5099498659,0.68290361172,0.000221968657778,1.04468450605e-05,14509.9498659,0.221968657778,0.197110531667,0.197110531667,0.394221063335,-4.85722573274e-17,-2.08166817117e-17,0.08,65358.3385755
2014-07-03,65426.245888,0.00144656539358,0.00103899998113,25.9318904447,0.705907773452,0.000396764835365,1.08005770777e-05,25931.8904447,0.396764835365,0.288572682696,0.288572682696,0.577145365393,-4.16333634234e-17,5.20417042793e-18,0.08,65426.245888
2014-07-07,65301.5281372,-0.00150357995639,-0.0019062342506,22.2060268512,4.13813200979,0.000339405487046,6.32488071663e-05,22206.0268512,0.339405487046,0.265942390986,0.265942390986,0.531884781972,-2.08166817117e-16,-1.43114686768e-16,0.08,65301.5281372
2014-07-08,65265.2570731,-7.28162733013e-05,-0.00055543974483,30.5644642042,0.951586001527,0.000468051285721,1.45721858075e-05,30564.4642042,0.468051285721,0.375411960622,0.375411960622,0.750823921245,3.05311331772e-16,3.40005801291e-16,0.08,65265.2570731
2014-07-09,65237.2220378,0.000127150294539,-0.000429555273571,34.9909918458,1.34254017087,0.000536135049719,2.05705183903e-05,34990.9918458,0.536135049719,0.461338611894,0.461338611894,0.922677223789,4.99600361081e-16,3.81639164715e-16,0.08,65237.2220378
2014-07-10,65166.5784412,-0.000570732881664,-0.00108287254377,31.7614483326,1.64912051829,0.000486860834052,2.5278828049e-05,31761.4483326,0.486860834052,0.431735936724,0.431735936724,0.863471873448,2.77555756156e-16,2.49800180541e-16,0.08,65166.5784412
2014-07-11,65154.313281,0.000270931130584,-0.000188212431768,28.3791846273,1.54163034446,0.000435486798695,2.36567636561e-05,28379.1846273,0.435486798695,0.268473623912,0.268473623912,0.536947247824,3.46944695195e-16,3.12250225676e-16,0.08,65154.313281
2014-07-14,65147.5486453,0.000415267414765,-0.00010382483261,30.9456663702,2.87543253699,0.000474959596869,4.4132650506e-05,30945.6663702,0.474959596869,0.382100874095,0.382100874095,0.764201748191,8.32667268469e-16,6.93889390391e-16,0.08,65147.5486453
2014-07-15,65004.6225913,-0.00154254110928,-0.0021938823019,41.069285577,1.36399645384,0.000630404158423,2.0937034197e-05,41069.285577,0.630404158423,0.307033810401,0.307033810401,0.614067620803,5.89805981832e-16,4.71844785466e-16,0.08,65004.6225913
2014-07-16,64864.568267,-0.00161602746627,-0.00215452869009,33.9114459717,1.09362284756,0.000521677453386,1.68237704329e-05,33911.4459717,0.521677453386,0.332213210653,0.332213210653,0.664426421306,-2.08166817117e-16,-2.01227923213e-16,0.08,64864.568267
2014-07-17,64652.6865441,-0.00278624221395,-0.0032665248305,29.9725647611,1.18075980721,0.000462079152947,1.82034635974e-05,29972.5647611,0.462079152947,0.311086391346,0.311086391346,0.622172782691,-4.92661467177e-16,-3.95516952523e-16,0.08,64652.6865441
2014-07-18,64724.0517219,0.00137067660196,0.00110382385601,16.1506882555,1.10205868207,0.000249806916291,1.70458296628e-05,16150.6882555,0.249806916291,0.268438284694,0.268438284694,0.536876569389,-3.33066907388e-16,-2.22044604925e-16,0.08,64724.0517219
2014-07-21,64666.8746143,-0.000637968475213,-0.000883398149618,13.0291349804,2.85606795989,0.000201302833085,4.41268413196e-05,13029.1349804,0.201302833085,0.325984716356,0.325984716356,0.651969432712,-1.94289029309e-16,-1.73472347598e-16,0.08,64666.8746143
2014-07-22,64659.1232396,0.000163359971196,-0.000119866234381,17.1602624123,1.15509111117,0.000265364029338,1.78621762387e-05,17160.2624123,0.265364029338,0.260844642605,0.260844642605,0.52168928521,-1.66533453694e-16,-1.94289029309e-16,0.08,64659.1232396
2014-07-23,64568.7477272,-0.00092345784835,-0.00139772251526,29.7413739355,0.924163610553,0.000459971809782,1.4292857129e-05,29741.3739355,0.459971809782,0.351687408534,0.351687408534,0.703374817068,-3.60822483003e-16,-2.91433543964e-16,0.08,64568.7477272
2014-07-24,64669.7348983,0.00205984063287,0.001564025548,30.7698843088,1.24427482523,0.000476544541932,1.92705429334e-05,30769.8843088,0.476544541932,0.327478081077,0.327478081077,0.654956162154,-1.38777878078e-16,-8.67361737988e-17,0.08,64669.7348983
2014-07-25,64696.9568997,0.000833998878508,0.000420938813531,25.5520508888,1.16043401031,0.000395116060534,1.79440044426e-05,25552.0508888,0.395116060534,0.369097575862,0.369097575862,0.738195151725,-2.22044604925e-16,-1.38777878078e-16,0.08,64696.9568997
2014-07-28,64594.9481741,-0.00122965769843,-0.00157671597787,18.5282189373,3.92539560943,0.000286384705327,6.06735741144e-05,18528.2189373,0.286384705327,0.355277915984,0.355277915984,0.710555831968,-1.66533453694e-16,-7.97972798949e-17,0.08,64594.9481741
2014-07-29,64568.4930451,-0.000107856864595,-0.000409554147797,18.2306322319,1.25748814084,0.000282230000135,1.94672830676e-05,18230.6322319,0.282230000135,0.275286721056,0.275286721056,0.550573442113,4.16333634234e-17,9.71445146547e-17,0.08,64568.4930451
2014-07-30,64430.6499799,-0.00169260293251,-0.00213483478845,27.5802802004,0.973964314189,0.000427147652047,1.50842038935e-05,27580.2802004,0.427147652047,0.303282597817,0.303282597817,0.606565195634,-1.38777878078e-17,4.16333634234e-17,0.08,64430.6499799
2014-07-31,64452.8425254,0.000924948373028,0.000344440813019,36.3317564012,1.07072300849,0.000563889335471,1.66182245379e-05,36331.7564012,0.563889335471,0.456106367616,0.456106367616,0.912212735232,-4.30211422042e-16,-2.35922392733e-16,0.08,64452.8425254
2014-08-01,64494.1756299,0.00110431974569,0.000641292189319,28.2326283737,1.61081380202,0.000438035426639,2.49921297324e-05,28232.6283737,0.438035426639,0.472357064444,0.472357064444,0.944714128888,-1.36002320517e-15,-1.04083408559e-15,0.08,64494.1756299
2014-08-04,64535.4638589,0.00126052511681,0.000640185390202,35.0004725154,5.0078267629,0.00054269198999,7.7647736621e-05,35000.4725154,0.54269198999,0.317933701329,0.317933701329,0.635867402657,-9.99200722163e-16,-7.84095011142e-16,0.08,64535.4638589
2014-08-05,64439.4862055,-0.00105803027287,-0.00148720792708,26.5729050808,1.12427391187,0.000411756629485,1.74210247303e-05,26572.9050808,0.411756629485,0.348502087038,0.348502087038,0.697004174077,-7.21644966006e-16,-6.10622663544e-16,0.08,64439.4862055
2014-08-06,64455.5983676,0.000777785418342,0.000250035546579,32.7773938455,1.23053673591,0.000508653866994,1.90960047692e-05,32777.3938455,0.508653866994,0.382099321517,0.382099321517,0.764198643033,4.64905891562e-16,4.16333634234e-16,0.08,64455.5983676
2014-08-07,64396.3350731,-0.000443904463938,-0.000919443709732,29.3016630511,1.34950358379,0.000454602296669,2.09369491242e-05,29301.6630511,0.454602296669,0.414546251042,0.414546251042,0.829092502084,5.82867087928e-16,5.27355936697e-16,0.08,64396.3350731
2014-08-08,64510.212202,0.0022655911715,0.00176837903562,30.5558853711,1.46275393345,0.000474497272809,2.27148630708e-05,30555.8853711,0.474497272809,0.394473839933,0.394473839933,0.788947679866,7.21644966006e-16,6.93889390391e-16,0.08,64510.212202
2014-08-11,64333.7676357,-0.0021157822211,-0.00273514162036,35.7718406121,4.18316566393,0.000554514384483,6.48450147835e-05,35771.8406121,0.554514384483,0.353534812261,0.353534812261,0.707069624521,-8.32667268469e-17,-1.38777878078e-16,0.08,64333.7676357
2014-08-12,64349.6652046,0.000567349884127,0.000247110801636,19.3559277365,1.24625898428,0.000300867311956,1.93717705348e-05,19355.9277365,0.300867311956,0.304254356784,0.304254356784,0.608508713569,1.17961196366e-16,8.32667268469e-17,0.08,64349.6652046
2014-08-13,64383.4673912,0.000908853075998,0.000525289237927,23.6094009482,1.07280361623,0.000366892366466,1.66714716046e-05,23609.4009482,0.366892366466,0.262147423341,0.262147423341,0.524294846681,3.74700270811e-16,3.46944695195e-16,0.08,64383.4673912
2014-08-14,64359.8732132,0.00018352495359,-0.000366463301866,34.4853311802,0.924819730539,0.000535624013081,1.43642423748e-05,34485.3311802,0.535624013081,0.332186521534,0.332186521534,0.664373043068,2.49800180541e-16,2.63677968348e-16,0.08,64359.8732132
2014-08-15,64268.4487865,-0.000903559778652,-0.00142051906104,32.0999553828,1.17147848817,0.00049875728121,1.820200118e-05,32099.9553828,0.49875728121,0.254515404406,0.254515404406,0.509030808812,1.11022302463e-16,1.17961196366e-16,0.08,64268.4487865
2014-08-18,64296.9972583,0.000984334707199,0.000444206641409,32.0243200193,2.68887291509,0.00049828991712,4.18381486695e-05,32024.3200193,0.49828991712,0.378317345232,0.378317345232,0.756634690464,1.38777878078e-16,1.52655665886e-16,0.08,64296.9972583
2014-08-19,64192.2504659,-0.00124485377199,-0.0016291086188,23.3735742397,1.33285859228,0.000363525129266,2.0729717547e-05,23373.5742397,0.363525129266,0.297311611919,0.297311611919,0.594623223838,2.35922392733e-16,2.39391839685e-16,0.08,64192.2504659
2014-08-20,64255.8117316,0.00135018671058,0.000990170391267,22.064498757,1.04575898404,0.000343725272083,1.62910472284e-05,22064.498757,0.343725272083,0.363682419242,0.363682419242,0.727364838485,5.16947595841e-16,5.06539254985e-16,0.08,64255.8117316
2014-08-21,64252.9407871,0.000413557367592,-4.46799206203e-05,28.1639317109,1.28047720882,0.000438309484418,1.99278037941e-05,28163.9317109,0.438309484418,0.187814379509,0.187814379509,0.375628759018,1.38777878078e-16,1.2490009027e-16,0.08,64252.9407871
2014-08-22,64187.3440069,-0.000758320574526,-0.0010209148313,16.2112134395,0.661239792086,0.000252303057898,1.02911988772e-05,16211.2134395,0.252303057898,0.205752189724,0.205752189724,0.411504379449,1.80411241502e-16,1.45716771982e-16,0.08,64187.3440069
2014-08-25,64223.7188186,0.000842688716612,0.000566697568067,15.5441766167,2.17096217786,0.000242168870783,3.38222777629e-05,15544.1766167,0.242168870783,0.247241817805,0.247241817805,0.494483635609,-4.16333634234e-17,-7.4593109467e-17,0.08,64223.7188186
2014-08-26,64226.6676196,0.000293724076292,4.59145167244e-05,15.0451808448,0.870070629419,0.000234262062701,1.3547496866e-05,15045.1808448,0.234262062701,0.176283774573,0.176283774573,0.352567549145,-7.6327832943e-17,-7.2858385991e-17,0.08,64226.6676196
2014-08-27,64190.2673696,-5.41057421089e-05,-0.000566746669919,32.3048283748,0.620390103902,0.000502981542902,9.65938490809e-06,32304.8283748,0.502981542902,0.347402473138,0.347402473138,0.694804946275,-7.21644966006e-16,-6.73072708679e-16,0.08,64190.2673696
2014-08-28,64168.7591182,0.000265346499182,-0.000335070288763,37.319004144,1.22191000743,0.000581381035992,1.90357519527e-05,37319.004144,0.581381035992,0.368404959499,0.368404959499,0.736809918997,2.77555756156e-17,1.07552855511e-16,0.08,64168.7591182
2014-08-29,64141.5344316,0.0002809368609,-0.000424266995727,43.9567090569,1.29534734817,0.000685017283503,2.01865731232e-05,43956.7090569,0.685017283503,0.351308758674,0.351308758674,0.702617517348,1.94289029309e-16,2.01227923213e-16,0.08,64141.5344316
2014-09-02,64165.2985233,0.000915581651895,0.000370494593451,30.0238747733,4.9388455541,0.000468087878461,7.69991799833e-05,30023.8747733,0.468087878461,0.32481571921,0.32481571921,0.649631438421,2.22044604925e-16,1.80411241502e-16,0.08,64165.2985233
2014-09-03,64161.5703942,0.000539950520252,-5.81019512739e-05,37.2321935824,1.14202178565,0.000580254349925,1.77981216006e-05,37232.1935824,0.580254349925,0.303739380531,0.303739380531,0.607478761062,-2.77555756156e-16,-1.28369537222e-16,0.08,64161.5703942
2014-09-04,64006.5620201,-0.00175082763271,-0.0024159067991,41.6046664564,1.06785729564,0.000648435912662,1.66432537277e-05,41604.6664564,0.648435912662,0.370336777728,0.370336777728,0.740673555456,0,-7.97972798949e-17,0.08,64006.5620201
2014-09-05,64066.0279648,0.00151847439349,0.000929060128899,36.4275322476,1.29884843463,0.000569121838417,2.02924261769e-05,36427.5322476,0.569121838417,0.286188849541,0.286188849541,0.572377699081,1.38777878078e-16,6.93889390391e-17,0.08,64066.0279648
2014-09-08,63864.2080108,-0.00287791779806,-0.00315018677589,14.4292221661,3.01396978157,0.000225224235441,4.70447423903e-05,14429.2221661,0.225224235441,0.247552764487,0.247552764487,0.495105528974,1.66533453694e-16,6.93889390391e-17,0.08,63864.2080108
2014-09-09,63781.6454257,-0.00108762631657,-0.00129278335465,12.2359034674,0.866288287388,0.000191592503039,1.35645350404e-05,12235.9034674,0.191592503039,0.282345834889,0.282345834889,0.564691669778,1.2490009027e-16,9.02056207508e-17,0.08,63781.6454257
2014-09-10,63841.2020662,0.00124465650617,0.000933758296147,18.8428332623,0.986766133059,0.000295427205374,1.54710046515e-05,18842.8332623,0.295427205374,0.347385484902,0.347385484902,0.694770969804,-1.2490009027e-16,-2.01227923213e-16,0.08,63841.2020662
2014-09-11,63822.7301378,0.000214818546249,-0.000289341801407,30.970996769,1.21520585953,0.000485125526566,1.90348210905e-05,30970.996769,0.485125526566,0.323401469093,0.323401469093,0.646802938185,1.83880688454e-16,1.82145964978e-16,0.08,63822.7301378
2014-09-12,63648.2944785,-0.00233105748388,-0.00273312750714,24.5302277038,1.13097888702,0.000384349394813,1.77206284434e-05,24530.2277038,0.384349394813,0.297571307389,0.297571307389,0.595142614778,-5.55111512313e-17,0,0.08,63648.2944785
2014-09-15,63748.513668,0.00222002565688,0.00157457776867,37.9682480207,3.11340923853,0.000596532056856,4.89158313516e-05,37968.2480207,0.596532056856,0.484939388445,0.484939388445,0.969878776889,-2.77555756156e-16,-1.80411241502e-16,0.08,63748.513668
2014-09-16,63907.4214124,0.00309410118228,0.00249272861854,36.6426802373,1.69392686205,0.000574800542459,2.65720212846e-05,36642.6802373,0.574800542459,0.312133618677,0.312133618677,0.624267237354,-4.85722573274e-17,0,0.08,63907.4214124
2014-09-17,63815.5479295,-0.0011596338773,-0.0014376027213,16.6712498771,1.09302217566,0.000260865632014,1.71032119823e-05,16671.2498771,0.260865632014,0.301448311724,0.301448311724,0.602896623447,0,0,0.08,63815.5479295
2014-09-18,63696.0874338,-0.00153375276528,-0.00187196536869,20.5291355245,1.05408707863,0.000321694887697,1.65177157109e-05,20529.1355245,0.321694887697,0.262320869308,0.262320869308,0.524641738616,-2.77555756156e-17,-1.38777878078e-17,0.08,63696.0874338
2014-09-19,63749.908378,0.0012931374084,0.000844964681044,27.6312978286,0.915551398749,0.000433798981097,1.43737462635e-05,27631.2978286,0.433798981097,0.426836345469,0.426836345469,0.853672690938,0,1.38777878078e-17,0.08,63749.908378
2014-09-22,63612.4204841,-0.00140369698917,-0.00215667594474,43.5293348394,4.47300458894,0.000682814076866,7.01648787073e-05,43529.3348394,0.682814076866,0.261603823534,0.261603823534,0.523207647067,-1.38777878078e-16,-1.80411241502e-16,0.08,63612.4204841
2014-09-23,63644.6706055,0.000909470865413,0.000506978372649,24.6916722435,0.911849447829,0.000388158036679,1.4334456084e-05,24691.6722435,0.388158036679,0.312819245019,0.312819245019,0.625638490038,1.11022302463e-16,8.32667268469e-17,0.08,63644.6706055
2014-09-24,63572.7098859,-0.000737267772885,-0.00113066371392,23.946635753,1.09091933196,0.000376255160489,1.7140780549e-05,23946.635753,0.376255160489,0.219549025946,0.219549025946,0.439098051891,0,2.77555756156e-17,0.08,63572.7098859
2014-09-25,63598.4989188,0.000797082635332,0.000405662004069,24.1188852191,0.764785015461,0.000379390547649,1.20300836135e-05,24118.8852191,0.379390547649,0.305432171322,0.305432171322,0.610864342645,2.49800180541e-16,1.7694179455e-16,0.08,63598.4989188
2014-09-26,63636.8495379,0.000899648992049,0.000603011388126,17.8013212574,1.06438507494,0.000279901594535,1.67360093875e-05,17801.3212574,0.279901594535,0.2667354655,0.2667354655,0.533470931,-8.32667268469e-17,-1.14491749414e-16,0.08,63636.8495379
2014-09-29,63481.0444795,-0.00180380633166,-0.00244834650842,38.2262260276,2.7902802221,0.000600693250927,4.38469258356e-05,38226.2260276,0.600693250927,0.385794235178,0.385794235178,0.771588470355,6.0368376964e-16,5.6898930012e-16,0.08,63481.0444795
2014-09-30,63433.9176456,-0.000267310274941,-0.000742376473867,28.8157466689,1.34195183579,0.000453926788779,2.11394101467e-05,28815.7466689,0.453926788779,0.322326061202,0.322326061202,0.644652122405,3.60822483003e-16,3.60822483003e-16,0.08,63433.9176456
2014-10-01,63407.4221301,5.78064566651e-05,-0.000417686884627,29.0420545034,1.12035094911,0.000457831639308,1.76617019837e-05,29042.0545034,0.457831639308,0.285544968109,0.285544968109,0.571089936218,-1.66533453694e-16,-1.52655665886e-16,0.08,63407.4221301
2014-10-02,63350.870903,-0.000449861234912,-0.000891870780931,27.034594345,0.992091524933,0.000426363246396,1.56462996224e-05,27034.594345,0.426363246396,0.323815639031,0.323815639031,0.647631278062,8.881784197e-16,8.39606162373e-16,0.08,63350.870903
2014-10-03,63267.6666911,-0.000878608081753,-0.00131338702681,26.4195698747,1.12405494491,0.00041703562237,1.77433226866e-05,26419.5698747,0.41703562237,0.398571238484,0.398571238484,0.797142476968,1.94289029309e-16,1.7694179455e-16,0.08,63267.6666911
2014-10-06,63246.9413267,0.000253266623574,-0.000327582246636,32.6037463179,4.14520640039,0.000515330310459,6.55185597508e-05,32603.7463179,0.515330310459,0.344191839418,0.344191839418,0.688383678836,1.11022302463e-16,1.14491749414e-16,0.08,63246.9413267
2014-10-07,63206.9024852,-0.000223659924841,-0.000633055774416,24.7002089173,1.19282636015,0.000390536022758,1.88598268174e-05,24700.2089173,0.390536022758,0.385429247054,0.385429247054,0.770858494108,8.32667268469e-17,7.97972798949e-17,0.08,63206.9024852
2014-10-08,63132.4797652,-0.000820366314708,-0.00117744608732,21.2350138278,1.33489253882,0.00033596036181,2.11194107975e-05,21235.0138278,0.33596036181,0.355513489038,0.355513489038,0.711026978077,5.34294830601e-16,5.13478148889e-16,0.08,63132.4797652
2014-10-09,62969.3450668,-0.00212402203587,-0.0025840058719,27.8100874444,1.22983277551,0.00044050364484,1.94801911802e-05,27810.0874444,0.44050364484,0.335038587131,0.335038587131,0.670077174263,6.93889390391e-16,6.0368376964e-16,0.08,62969.3450668
2014-10-10,62796.2168396,-0.00241387630912,-0.00274940492161,19.9720081907,1.15600878925,0.000317170333748,1.83582787469e-05,19972.0081907,0.317170333748,0.290288840082,0.290288840082,0.580577680165,-1.52655665886e-16,-9.71445146547e-17,0.08,62796.2168396
2014-10-13,62627.8784395,-0.00225677256651,-0.00268070926199,23.6250659791,2.99655467637,0.00037621798204,4.77187134382e-05,23625.0659791,0.37621798204,0.193236405787,0.193236405787,0.386472811574,7.00828284295e-16,6.66133814775e-16,0.08,62627.8784395
2014-10-14,62583.8198644,-0.000388335337478,-0.000703497805915,19.0748342342,0.663122527765,0.000304574172229,1.05882962075e-05,19074.8342342,0.304574172229,0.290367822302,0.290367822302,0.580735644604,-6.83481049535e-16,-6.59194920871e-16,0.08,62583.8198644
2014-10-15,62809.3989234,0.00409101048988,0.00360443097679,29.4562606251,0.995743971801,0.000470668947484,1.59105656056e-05,29456.2606251,0.470668947484,0.351699680067,0.351699680067,0.703399360134,6.93889390391e-17,8.32667268469e-17,0.08,62809.3989234
2014-10-16,62987.2598761,0.00337626678698,0.00283175696353,32.9899212662,1.21041345241,0.000525238608102,1.92712153461e-05,32989.9212662,0.525238608102,0.40799874808,0.40799874808,0.815997496161,7.07767178199e-16,7.49400541622e-16,0.08,62987.2598761
2014-10-17,63061.4595585,0.00188042384887,0.00117801095853,42.8349140491,1.40814921504,0.000680056794554,2.23560957852e-05,42834.9140491,0.680056794554,0.310587171481,0.310587171481,0.621174342961,2.08166817117e-16,2.22044604925e-16,0.08,63061.4595585
2014-10-20,63012.4208157,-0.0003645769711,-0.000777634123925,22.8283572911,3.21962964719,0.000362001727376,5.10554254489e-05,22828.3572911,0.362001727376,0.248344119555,0.248344119555,0.49668823911,-8.60422844084e-16,-7.77156117238e-16,0.08,63012.4208157
2014-10-21,62972.7453847,-0.000216537956648,-0.000629644607693,25.1733836076,0.85746652978,0.000399498754084,1.36078969619e-05,25173.3836076,0.399498754084,0.270851521025,0.270851521025,0.541703042051,-4.23272528138e-16,-3.60822483003e-16,0.08,62972.7453847
2014-10-22,62968.3617853,0.000236644559878,-6.96110566138e-05,18.3511671589,0.934589801127,0.000291414437258,1.48411792343e-05,18351.1671589,0.291414437258,0.284285329197,0.284285329197,0.568570658394,2.35922392733e-16,2.77555756156e-16,0.08,62968.3617853
2014-10-23,62966.9390775,0.000280646366271,-2.25940104098e-05,18.1136740504,0.980875696391,0.000287663098368,1.55772783122e-05,18113.6740504,0.287663098368,0.219251193048,0.219251193048,0.438502386097,-4.7011006199e-16,-4.23272528138e-16,0.08,62966.9390775
2014-10-24,62988.1934869,0.000584359082137,0.000337548715237,14.7844233902,0.756469946047,0.000234796602897,1.20137640027e-05,14784.4233902,0.234796602897,0.165601298564,0.165601298564,0.331202597128,-5.34294830601e-16,-4.71844785466e-16,0.08,62988.1934869
2014-10-27,62925.5950846,-0.000850103581736,-0.000993811678868,7.33724055616,1.71467287161,0.000116485965861,2.72221312708e-05,7337.24055616,0.116485965861,0.17092333083,0.17092333083,0.34184666166,-2.77555756156e-17,1.21430643318e-17,0.08,62925.5950846
2014-10-28,62959.4416017,0.000965731526297,0.000537881557365,26.3333740495,0.589339852402,0.000418484306968,9.3656619633e-06,26333.3740495,0.418484306968,0.355718032093,0.355718032093,0.711436064186,-2.77555756156e-17,6.24500451352e-17,0.08,62959.4416017
2014-10-29,62953.7764658,0.000490080008783,-8.99807196918e-05,35.2931319616,1.22716759826,0.000560569329456,1.94913990188e-05,35293.1319616,0.560569329456,0.394178716096,0.394178716096,0.788357432192,1.11022302463e-16,9.02056207508e-17,0.08,62953.7764658
2014-10-30,62966.4552007,0.000653291694026,0.000201397527936,27.0887161658,1.35972815237,0.000430295332331,2.15988337587e-05,27088.7161658,0.430295332331,0.324328513988,0.324328513988,0.648657027976,-8.32667268469e-17,-1.38777878078e-17,0.08,62966.4552007
2014-10-31,62874.1956355,-0.000961679008511,-0.00146521770969,30.5870434069,1.11900366281,0.000485767275756,1.7771425424e-05,30587.0434069,0.485767275756,0.383455030651,0.383455030651,0.766910061303,4.4408920985e-16,4.02455846427e-16,0.08,62874.1956355
2014-11-03,62588.1316297,-0.00396062983125,-0.00454978394403,33.0793975307,3.9631934161,0.000526120409119,6.30337036687e-05,33079.3975307,0.526120409119,0.39810973434,0.39810973434,0.796219468681,3.33066907388e-16,2.98372437868e-16,0.08,62588.1316297
2014-11-04,62533.1186649,-0.000202064133597,-0.000878967998778,41.0008361896,1.36531202498,0.000655089633163,2.18142320186e-05,41000.8361896,0.655089633163,0.413098803793,0.413098803793,0.826197607586,6.10622663544e-16,5.75928194024e-16,0.08,62533.1186649
2014-11-05,62453.5380854,-0.00065510675666,-0.00127261491488,37.1992393446,1.41547159002,0.00059487260733,2.26355508928e-05,37199.2393446,0.59487260733,0.362912489107,0.362912489107,0.725824978214,8.32667268469e-16,7.21644966006e-16,0.08,62453.5380854
2014-11-06,62624.3050297,0.00305433636234,0.0027343037642,18.7452409902,1.24192706631,0.000300146982298,1.98856158415e-05,18745.2409902,0.300146982298,0.37385532974,0.37385532974,0.747710659481,4.4408920985e-16,3.40005801291e-16,0.08,62624.3050297
2014-11-07,62877.3017702,0.004489497383,0.004039912945,26.8720400938,1.28287288803,0.000429099214451,2.04852235474e-05,26872.0400938,0.429099214451,0.316177190107,0.316177190107,0.632354380213,2.35922392733e-16,2.15105711021e-16,0.08,62877.3017702
2014-11-10,62833.1365382,7.68586406359e-05,-0.000702403423616,45.7298901756,3.26800579647,0.000727287731632,5.19743326203e-05,45729.8901756,0.727287731632,0.449688261496,0.449688261496,0.899376522993,4.30211422042e-16,3.46944695195e-16,0.08,62833.1365382
2014-11-11,62895.7326097,0.00164610467655,0.000996227069392,39.2856114955,1.5482369279,0.000625237154469,2.46404526847e-05,39285.6114955,0.625237154469,0.252808568338,0.252808568338,0.505617136676,3.60822483003e-16,2.32452945781e-16,0.08,62895.7326097
2014-11-12,62820.5619751,-0.00080615620656,-0.0011951627146,23.595584649,0.87126466387,0.000375153983744,1.38525242925e-05,23595.584649,0.375153983744,0.231459076548,0.231459076548,0.462918153096,2.77555756156e-17,2.08166817117e-17,0.08,62820.5619751
2014-11-13,62739.2304377,-0.000979722578574,-0.00129466427698,18.9880808252,0.796733658247,0.000302259009283,1.26826891259e-05,18988.0808252,0.302259009283,0.15831496548,0.15831496548,0.31662993096,2.77555756156e-17,3.46944695195e-17,0.08,62739.2304377
2014-11-14,62639.8129051,-0.00133279948356,-0.001584615111,15.2544688644,0.544249813752,0.000243140834817,8.67479262904e-06,15254.4688644,0.243140834817,0.187659214919,0.187659214919,0.375318429837,1.94289029309e-16,2.18575157973e-16,0.08,62639.8129051
2014-11-17,62646.6195746,0.000342532494456,0.00010866363053,12.7171832868,1.93231859382,0.000203020773802,3.08480901236e-05,12717.1832868,0.203020773802,0.25826209998,0.25826209998,0.516524199961,8.32667268469e-16,8.11850586757e-16,0.08,62646.6195746
2014-11-18,62547.490882,-0.00127281593334,-0.00158234703181,18.504542861,0.886534111123,0.000295379750523,1.41513479441e-05,18504.542861,0.295379750523,0.337069974278,0.337069974278,0.674139948556,1.49880108324e-15,1.54043444667e-15,0.08,62547.490882
2014-11-19,62358.4867823,-0.00271940314606,-0.00302176949176,17.7570298868,1.15522636399,0.000283896758069,1.84695876317e-05,17757.0298868,0.283896758069,0.320545534531,0.320545534531,0.641091069062,1.18655085757e-15,1.17961196366e-15,0.08,62358.4867823
2014-11-20,62384.5474081,0.000810066199783,0.000417916263005,23.3586035271,1.09527312209,0.000374585797899,1.75641388784e-05,23358.6035271,0.374585797899,0.224142732645,0.224142732645,0.44828546529,9.43689570931e-16,8.18789480661e-16,0.08,62384.5474081
2014-11-21,62379.0537592,0.000383540347799,-8.80610517282e-05,28.6544457333,0.766194133199,0.000459319605958,1.22817935696e-05,28654.4457333,0.459319605958,0.323403822381,0.323403822381,0.646807644761,3.60822483003e-16,3.05311331772e-16,0.08,62379.0537592
2014-11-24,62327.2141302,-0.000395582782809,-0.000831042247786,23.847337142,3.31621223379,0.000382297192805,5.31622721721e-05,23847.337142,0.382297192805,0.305614331619,0.305614331619,0.611228663237,1.94289029309e-16,1.66533453694e-16,0.08,62327.2141302
2014-11-25,62334.3729443,0.000517602571836,0.00011485856091,24.0581812559,1.04373095277,0.000385998020153,1.67459907736e-05,24058.1812559,0.385998020153,0.309244065803,0.309244065803,0.618488131606,-1.94289029309e-16,-8.32667268469e-17,0.08,62334.3729443
2014-11-26,62469.7343868,0.00251895702186,0.00217153772699,20.5999154052,1.05624848924,0.000330474414551,1.6944880318e-05,20599.9154052,0.330474414551,0.22065874509,0.22065874509,0.441317490181,-1.11022302463e-16,-9.71445146547e-17,0.08,62469.7343868
2014-11-28,62327.4086726,-0.00155649029778,-0.00227831470159,43.5815493883,1.51062939133,0.000697642623522,2.41817802839e-05,43581.5493883,0.697642623522,0.380977611581,0.380977611581,0.761955223161,4.71844785466e-16,4.71844785466e-16,0.08,62327.4086726
2014-12-01,62640.4325867,0.00570586931908,0.00502225137868,38.7047899865,3.90334476034,0.000620991483696,6.26264566982e-05,38704.7899865,0.620991483696,0.41332044784,0.41332044784,0.82664089568,8.04911692853e-16,6.52256026967e-16,0.08,62640.4325867
2014-12-02,62802.2583923,0.00298907618424,0.00258340817546,23.9925580967,1.41866146025,0.000383020313014,2.26476957721e-05,23992.5580967,0.383020313014,0.359018532091,0.359018532091,0.718037064183,0,-8.32667268469e-17,0.08,62802.2583923
2014-12-03,62884.9153002,0.00169574298449,0.00131614546953,22.6041195967,1.23546162302,0.000359925266628,1.96722483338e-05,22604.1195967,0.359925266628,0.300331486995,0.300331486995,0.60066297399,5.55111512313e-16,4.92661467177e-16,0.08,62884.9153002
2014-12-04,62837.5844038,-0.000499693931897,-0.000752658982411,14.8728189195,1.03486685598,0.000236508530678,1.64565198353e-05,14872.8189195,0.236508530678,0.27121741421,0.27121741421,0.54243482842,2.49800180541e-16,1.56125112838e-16,0.08,62837.5844038
2014-12-05,62608.8792223,-0.0032401076158,-0.00363962402036,24.1708021124,0.933843679847,0.000384655176383,1.48612281759e-05,24170.8021124,0.384655176383,0.386112390173,0.386112390173,0.772224780346,5.55111512313e-17,-3.46944695195e-17,0.08,62608.8792223
2014-12-08,61979.5129708,-0.00936935121634,-0.0100523481547,38.7878540822,3.97381874015,0.000619526408458,6.34705298915e-05,38787.8540822,0.619526408458,0.312956890193,0.312956890193,0.625913780386,-4.4408920985e-16,-4.99600361081e-16,0.08,61979.5129708
2014-12-09,62048.8559163,0.0018537048518,0.00111880429828,44.4859336964,1.06284469233,0.000717752230763,1.71483227503e-05,44485.9336964,0.717752230763,0.454904161184,0.454904161184,0.909808322369,1.11022302463e-16,5.55111512313e-17,0.08,62048.8559163
2014-12-10,61833.7884423,-0.00308014683624,-0.00346609894333,22.4012410531,1.5466456303,0.000361025851683,2.49262554074e-05,22401.2410531,0.361025851683,0.394505349997,0.394505349997,0.789010699995,-5.55111512313e-16,-4.30211422042e-16,0.08,61833.7884423
2014-12-11,61747.6288899,-0.00104629158554,-0.00139340568658,20.1267354865,1.3366444028,0.000325497369538,2.16167315067e-05,20126.7354865,0.325497369538,0.359299238291,0.359299238291,0.718598476583,-5.55111512313e-16,-4.4408920985e-16,0.08,61747.6288899
2014-12-12,61633.6995036,-0.00160746689938,-0.00184508115322,13.4564523252,1.2156644398,0.000217926624343,1.96876294954e-05,13456.4523252,0.217926624343,0.416258969877,0.416258969877,0.832517939754,-4.16333634234e-16,-4.16333634234e-16,0.08,61633.6995036
2014-12-15,61611.4928205,0.000180317750637,-0.000360300992197,29.1029774818,4.21735566001,0.0004721926108,6.84261320346e-05,29102.9774818,0.4721926108,0.377659314217,0.377659314217,0.755318628435,-1.15185638805e-15,-1.02695629778e-15,0.08,61611.4928205
2014-12-16,62016.6466436,0.00727149648865,0.00657594556726,41.5789632497,1.2749673494,0.00067485726033,2.0693661053e-05,41578.9632497,0.67485726033,0.426623195062,0.426623195062,0.853246390124,-9.43689570931e-16,-8.881784197e-16,0.08,62016.6466436
2014-12-17,62006.178901,0.000490040315377,-0.000168789238876,39.4086604898,1.44973917469,0.000635452940825,2.3376613428e-05,39408.6604898,0.635452940825,0.337027689448,0.337027689448,0.674055378897,-8.881784197e-16,-8.25728374565e-16,0.08,62006.178901
2014-12-18,61883.5075953,-0.00145590412536,-0.00197837228312,31.2511691722,1.14508488803,0.000504000887106,1.84672706547e-05,31251.1691722,0.504000887106,0.436390133447,0.436390133447,0.872780266893,-3.33066907388e-16,-3.1918911958e-16,0.08,61883.5075953
2014-12-19,61760.7163433,-0.00136873924699,-0.00198423225856,36.6091211336,1.47974532261,0.000591581223434,2.39117881341e-05,36609.1211336,0.591581223434,0.264825718614,0.264825718614,0.529651437229,-1.38777878078e-16,-1.66533453694e-16,0.08,61760.7163433
2014-12-22,61880.0940151,0.00234891679987,0.00193290620568,23.0044833577,2.68862894593,0.000372477599351,4.35329948407e-05,23004.4833577,0.372477599351,0.27269461666,0.27269461666,0.545389233319,-2.22044604925e-16,-1.97758476261e-16,0.08,61880.0940151
2014-12-23,61767.2480555,-0.00151182165664,-0.00182362295048,18.3696704446,0.924622932401,0.000296859123067,1.49421707759e-05,18369.6704446,0.296859123067,0.320647497203,0.320647497203,0.641294994406,-5.82867087928e-16,-5.89805981832e-16,0.08,61767.2480555
2014-12-24,61776.8949871,0.000659571354049,0.000156181987472,30.0077422575,1.08523361633,0.000485819640703,1.75697258741e-05,30007.7422575,0.485819640703,0.304173573803,0.304173573803,0.608347147605,4.16333634234e-16,3.74700270811e-16,0.08,61776.8949871
2014-12-26,61882.227294,0.00203566548498,0.00170504372196,18.3655093403,2.0592765947,0.000297287672748,3.33340902797e-05,18365.5093403,0.297287672748,0.287401003271,0.287401003271,0.574802006542,8.18789480661e-16,7.77156117238e-16,0.08,61882.227294
2014-12-29,61941.8022492,0.00152973070199,0.000962715108638,32.1646238478,2.92356397955,0.000519771592818,4.72440005377e-05,32164.6238478,0.519771592818,0.34274180234,0.34274180234,0.685483604681,3.05311331772e-16,2.77555756156e-16,0.08,61941.8022492
2014-12-30,61958.4827047,0.000847638757834,0.000269292381617,34.6605267334,1.16329013387,0.000559566003487,1.8780372731e-05,34660.5267334,0.559566003487,0.30349094027,0.30349094027,0.60698188054,2.91433543964e-16,2.87964097012e-16,0.08,61958.4827047
2014-12-31,61849.7143063,-0.00135189894896,-0.00175550455096,23.9764434137,1.03034729719,0.000386975961435,1.66296405627e-05,23976.4434137,0.386975961435,0.33999929399,0.33999929399,0.679998587981,-6.24500451352e-17,-7.97972798949e-17,0.08,61849.7143063
2015-01-02,61919.5105756,0.00181967869007,0.00112848167705,40.4458052694,2.30453251481,0.000653936816411,3.72601966017e-05,40445.8052694,0.653936816411,0.308271870395,0.308271870395,0.616543740791,-4.4408920985e-16,-4.71844785466e-16,0.08,61919.5105756
2015-01-05,61934.337142,0.000611520976231,0.000239449024049,19.9007526291,3.1377605489,0.000321397124171,5.06748280102e-05,19900.7526291,0.321397124171,0.301319003155,0.301319003155,0.602638006311,-1.08940634291e-15,-1.11022302463e-15,0.08,61934.337142
2015-01-06,61890.1047345,-0.000207123076899,-0.000714182302399,30.3818020791,1.02257494404,0.000490548595191,1.65106303099e-05,30381.8020791,0.490548595191,0.255881549057,0.255881549057,0.511763098115,2.04697370165e-16,1.17961196366e-16,0.08,61890.1047345
2015-01-07,61834.5881252,-0.000522087309679,-0.000897019152788,22.3368156482,0.867755390181,0.000360910936312,1.40209067977e-05,22336.8156482,0.360910936312,0.228935355163,0.228935355163,0.457870710326,-1.38777878078e-16,-1.99493199737e-16,0.08,61834.5881252
2015-01-08,61843.6805754,0.000445231941034,0.000147044728293,17.6626054898,0.77567799418,0.000285642809718,1.25444030226e-05,17662.6054898,0.285642809718,0.238582493783,0.238582493783,0.477164987566,1.48492329544e-15,1.38430933383e-15,0.08,61843.6805754
2015-01-09,61777.1207516,-0.000754725874688,-0.00107625909668,19.0763146131,0.808483262268,0.000308460208636,1.3073013358e-05,19076.3146131,0.308460208636,0.252434343257,0.252434343257,0.504868686515,9.92261828259e-16,9.52363188311e-16,0.08,61777.1207516
2015-01-12,61686.5817429,-0.00123237362458,-0.00146557507991,11.8430075768,2.56350688854,0.000191705398904,4.14960564259e-05,11843.0075768,0.191705398904,0.288928524848,0.288928524848,0.577857049696,4.6143644461e-16,4.83987849798e-16,0.08,61686.5817429
2015-01-13,61653.3088148,-0.000249292176409,-0.000539386804046,16.9183425052,0.976603455666,0.000274262927645,1.58316999917e-05,16918.3425052,0.274262927645,0.388233534349,0.388233534349,0.776467068698,2.8449465006e-16,3.50414142147e-16,0.08,61653.3088148
2015-01-14,61438.9128632,-0.00295762961301,-0.00347744436915,30.7367445096,1.31155517729,0.000498541685767,2.12730703753e-05,30736.7445096,0.498541685767,0.441884733041,0.441884733041,0.883769466082,1.56819002228e-15,1.55431223448e-15,0.08,61438.9128632
2015-01-15,61131.118718,-0.00439832545162,-0.00500975897602,36.0781991036,1.48761192377,0.000587220662318,2.42128620844e-05,36078.1991036,0.587220662318,0.375812300207,0.375812300207,0.751624600413,9.02056207508e-17,1.94289029309e-16,0.08,61131.118718
2015-01-16,61024.1525998,-0.00128095199534,-0.00174978178765,27.401249893,1.25883979943,0.000448237337507,2.05924548058e-05,27401.249893,0.448237337507,0.277268328921,0.277268328921,0.554536657843,-4.16333634234e-17,-3.46944695195e-17,0.08,61024.1525998
2015-01-20,60920.6985531,-0.00130687030834,-0.00169529673472,19.9948861606,3.70850735675,0.000327655285797,6.07711405855e-05,19994.8861606,0.327655285797,0.267274490848,0.267274490848,0.534548981695,-2.42861286637e-16,-2.01227923213e-16,0.08,60920.6985531
2015-01-21,60863.1817522,-0.000644176614198,-0.000944125761544,17.3809171381,0.892194448651,0.000285303969765,1.46451775807e-05,17380.9171381,0.285303969765,0.324592029992,0.324592029992,0.649184059985,-5.55111512313e-17,-8.32667268469e-17,0.08,60863.1817522
2015-01-22,61067.2136546,0.00363645660113,0.00335230424219,16.2119123538,1.08250431325,0.000266366494276,1.77858646571e-05,16211.9123538,0.266366494276,0.378781339849,0.378781339849,0.757562679697,-2.22044604925e-16,-2.08166817117e-16,0.08,61067.2136546
2015-01-23,60920.6780794,-0.00186732710273,-0.00239957853773,31.2356534139,1.26745868542,0.000511496293094,2.07551419095e-05,31235.6534139,0.511496293094,0.231549674913,0.231549674913,0.463099349826,1.45716771982e-16,1.52655665886e-16,0.08,60920.6780794
2015-01-26,60954.7492574,0.000976935897453,0.000559271155843,23.12559792,2.31882134873,0.00037960178135,3.80629602597e-05,23125.59792,0.37960178135,0.232234210283,0.232234210283,0.464468420567,5.72458747072e-16,6.38378239159e-16,0.08,60954.7492574
2015-01-27,60985.5660268,0.000772329029388,0.000505567979109,15.4846938598,0.775659071606,0.000254035888071,1.27251622073e-05,15484.6938598,0.254035888071,0.240289860865,0.240289860865,0.480579721729,-2.49800180541e-16,-1.80411241502e-16,0.08,60985.5660268
2015-01-28,60712.6658637,-0.00407376063222,-0.0044748320117,23.65659451,0.80297058495,0.000387904811764,1.31665677186e-05,23656.59451,0.387904811764,0.21830247419,0.21830247419,0.436604948379,-6.93889390391e-17,-7.97972798949e-17,0.08,60712.6658637
2015-01-29,60724.0120626,0.000458218241228,0.000186883556308,15.7472205465,0.726231516312,0.000259372905512,1.19617794076e-05,15747.2205465,0.259372905512,0.243375231301,0.243375231301,0.486750462602,1.2490009027e-16,1.73472347598e-16,0.08,60724.0120626
2015-01-30,60619.3862376,-0.00145761339414,-0.00172297286483,15.3038987961,0.809792903082,0.000252023841579,1.33356291124e-05,15303.8987961,0.252023841579,0.287351037709,0.287351037709,0.574702075418,1.73472347598e-16,2.35922392733e-16,0.08,60619.3862376
2015-02-02,60744.8679215,0.00241957163493,0.00206999264879,18.3278591643,2.86340441764,0.000302343199129,4.72357870207e-05,18327.8591643,0.302343199129,0.265295845593,0.265295845593,0.530591691186,-2.77555756156e-16,-2.49800180541e-16,0.08,60744.8679215
2015-02-03,60544.0503246,-0.00314562902523,-0.00330591873417,8.85374371381,0.883033484967,0.000145752950278,1.45367586626e-05,8853.74371381,0.145752950278,0.242816664334,0.242816664334,0.485633328668,-3.46944695195e-16,-2.63677968348e-16,0.08,60544.0503246
2015-02-04,60564.9366294,0.000647121311925,0.000344976998322,17.4875005639,0.805539964115,0.000288839290899,1.33050227032e-05,17487.5005639,0.288839290899,0.210981645957,0.210981645957,0.421963291914,4.16333634234e-17,1.11022302463e-16,0.08,60564.9366294
2015-02-05,60688.2531582,0.00225441758575,0.00203610431552,12.521960061,0.700169316019,0.000206752632099,1.15606381346e-05,12521.960061,0.206752632099,0.16927964732,0.16927964732,0.338559294639,-2.77555756156e-17,-1.38777878078e-17,0.08,60688.2531582
2015-02-06,60616.0722507,-0.00097756243245,-0.00118937197525,12.291431369,0.562919785812,0.000202533945688,9.27559711341e-06,12291.431369,0.202533945688,0.185974312914,0.185974312914,0.371948625827,1.66533453694e-16,1.5959455979e-16,0.08,60616.0722507
2015-02-09,60553.3682452,-0.000592028148148,-0.00103444520812,24.9644832574,1.85310121452,0.000411845940036,3.0571119931e-05,24964.4832574,0.411845940036,0.305726167754,0.305726167754,0.611452335508,1.11022302463e-16,9.71445146547e-17,0.08,60553.3682452
2015-02-10,60536.2841436,-8.73910470369e-05,-0.000282132969871,10.7778821487,1.01439721744,0.000177989804053,1.6752118781e-05,10777.8821487,0.177989804053,0.26876987571,0.26876987571,0.537539751421,-9.02056207508e-17,-1.38777878078e-16,0.08,60536.2841436
2015-02-11,60529.0161194,0.000246247629302,-0.000120060625697,21.2834157011,0.891524907684,0.000351581138522,1.47271164773e-05,21283.4157011,0.351581138522,0.217338140673,0.217338140673,0.434676281346,1.45716771982e-16,1.80411241502e-16,0.08,60529.0161194
2015-02-12,60339.2520325,-0.00286881858149,-0.00313509287101,15.396484389,0.720836373708,0.000254365350308,1.1908939215e-05,15396.484389,0.254365350308,0.228037013961,0.228037013961,0.456074027922,3.33066907388e-16,3.60822483003e-16,0.08,60339.2520325
2015-02-13,60473.8162506,0.00246493601244,0.00223012738102,13.4142274447,0.753949745652,0.000222313452567,1.24951788472e-05,13414.2274447,0.222313452567,0.260400653622,0.260400653622,0.520801307244,1.94289029309e-16,2.49800180541e-16,0.08,60473.8162506
2015-02-17,60481.7177559,0.000575022058669,0.000130659940874,23.4207834649,3.45148959533,0.000387288001933,5.70741158624e-05,23420.7834649,0.387288001933,0.316200233682,0.316200233682,0.632400467364,3.67761376907e-16,4.51028103754e-16,0.08,60481.7177559
2015-02-18,60371.1710533,-0.00148973989498,-0.00182777055022,19.3967660094,1.04790867331,0.000320704615033,1.73260402018e-05,19396.7660094,0.320704615033,0.329459564098,0.329459564098,0.658919128197,6.10622663544e-16,7.14706072102e-16,0.08,60371.1710533
2015-02-19,60183.73884,-0.00264527511296,-0.00310466419747,26.6440016749,1.08985532599,0.000441336505654,1.80525788547e-05,26644.0016749,0.441336505654,0.304857450555,0.304857450555,0.609714901111,-2.42861286637e-16,-1.45716771982e-16,0.08,60183.73884
2015-02-20,60137.9330395,-0.000254133896751,-0.000761099282422,29.5057320331,1.00534033905,0.000490260867833,1.67045178387e-05,29505.7320331,0.490260867833,0.298683191257,0.298683191257,0.597366382515,1.73472347598e-16,2.48065457065e-16,0.08,60137.9330395
2015-02-23,60047.7792017,-0.00103931463403,-0.00149911766682,24.6989152704,2.95268872699,0.000410704426009,4.90986067821e-05,24698.9152704,0.410704426009,0.36197614066,0.36197614066,0.72395228132,8.32667268469e-17,8.67361737988e-17,0.08,60047.7792017
2015-02-24,60045.2685631,0.000336822967175,-4.18106821641e-05,21.5451035617,1.19100621209,0.000358799340262,1.98343090773e-05,21545.1035617,0.358799340262,0.252184937222,0.252184937222,0.504369874444,1.52655665886e-16,1.5959455979e-16,0.08,60045.2685631
2015-02-25,60242.5166588,0.00360185878746,0.00328498981555,18.1967558172,0.829726700441,0.000303050619186,1.38183527245e-05,18196.7558172,0.303050619186,0.31719808738,0.31719808738,0.63439617476,2.35922392733e-16,2.63677968348e-16,0.08,60242.5166588
2015-02-26,60048.8202527,-0.00271275856629,-0.0032152774622,29.2259448178,1.04705814045,0.000485138178794,1.73807171167e-05,29225.9448178,0.485138178794,0.318675189198,0.318675189198,0.637350378397,-5.55111512313e-17,-8.32667268469e-17,0.08,60048.8202527
2015-02-27,60084.5476373,0.000975160551693,0.000594972298198,21.7813043618,1.04855173453,0.000362726599293,1.74616542026e-05,21781.3043618,0.362726599293,0.284805335982,0.284805335982,0.569610671965,3.88578058619e-16,4.09394740331e-16,0.08,60084.5476373
2015-03-02,59899.6529769,-0.00273007233338,-0.00307724144862,18.0465020193,2.81299722365,0.000300351799737,4.68173155039e-05,18046.5020193,0.300351799737,0.267124555457,0.267124555457,0.534249110913,1.38777878078e-16,9.02056207508e-17,0.08,59899.6529769
2015-03-03,59914.1655051,0.000529274183804,0.000242280673305,16.3140627445,0.876748941011,0.000272356548556,1.46369619428e-05,16314.0627445,0.272356548556,0.284687633837,0.284687633837,0.569375267673,4.16333634234e-16,3.67761376907e-16,0.08,59914.1655051
2015-03-04,59858.6813499,-0.00070908664223,-0.000926060720331,12.0652004415,0.934620384162,0.000201374755699,1.5599322402e-05,12065.2004415,0.201374755699,0.235311556048,0.235311556048,0.470623112097,2.22044604925e-16,1.80411241502e-16,0.08,59858.6813499
2015-03-05,59929.6081789,0.00165128389101,0.00118490463601,27.1450423119,0.771804901449,0.000453485471109,1.28937838931e-05,27145.0423119,0.453485471109,0.388268456164,0.388268456164,0.776536912327,3.33066907388e-16,3.81639164715e-16,0.08,59929.6081789
2015-03-06,60085.5157576,0.0033138084143,0.00260151173084,41.4126596976,1.2750014491,0.000691021699558,2.12749838994e-05,41412.6596976,0.691021699558,0.281629546676,0.281629546676,0.563259093352,1.94289029309e-16,9.71445146547e-17,0.08,60085.5157576
2015-03-09,59938.8212636,-0.00195995325926,-0.00244142855673,26.1480165208,2.78167505171,0.000435180029515,4.62952679467e-05,26148.0165208,0.435180029515,0.300683532471,0.300683532471,0.601367064942,-2.35922392733e-16,-1.94289029309e-16,0.08,59938.8212636
2015-03-10,59963.5591891,0.000730632821993,0.00041271958606,18.0678039953,0.987540630667,0.000301437425935,1.64758099984e-05,18067.8039953,0.301437425935,0.318175307211,0.318175307211,0.636350614423,-1.66533453694e-16,-2.01227923213e-16,0.08,59963.5591891
2015-03-11,59805.1168948,-0.00229113460155,-0.00264230970391,20.0122885507,1.04542048583,0.000333740838959,1.74342634088e-05,20012.2885507,0.333740838959,0.300922663471,0.300922663471,0.601845326943,-5.55111512313e-17,-2.77555756156e-17,0.08,59805.1168948
2015-03-12,59895.1062577,0.00191332252208,0.00150471009223,23.4509927585,0.986121373435,0.000392123516785,1.64889130669e-05,23450.9927585,0.392123516785,0.417215285461,0.417215285461,0.834430570923,-1.05471187339e-15,-1.11022302463e-15,0.08,59895.1062577
2015-03-13,59828.723098,-0.000454904367887,-0.001108323598,37.767345514,1.36926870439,0.000630558118579,2.28611115321e-05,37767.345514,0.630558118579,0.381091767271,0.381091767271,0.762183534542,-2.22044604925e-16,-1.52655665886e-16,0.08,59828.723098
2015-03-16,59799.207565,2.07291235277e-05,-0.000493333828941,27.0077463967,3.74798364148,0.000451417730451,6.26452220171e-05,27007.7463967,0.451417730451,0.346816475654,0.346816475654,0.693632951309,-2.77555756156e-16,-3.40005801291e-16,0.08,59799.207565
2015-03-17,59773.905801,-4.69653640499e-05,-0.000423112028398,21.3568696938,1.13640276244,0.000357143021846,1.90036425016e-05,21356.8696938,0.357143021846,0.433226794994,0.433226794994,0.866453589989,-2.77555756156e-16,-4.68375338514e-16,0.08,59773.905801
2015-03-18,59870.3168133,0.00212845760879,0.00161292810017,29.3962721418,1.41894014435,0.000491791054104,2.37384545202e-05,29396.2721418,0.491791054104,0.336559455811,0.336559455811,0.673118911622,2.22044604925e-16,2.25514051877e-16,0.08,59870.3168133
2015-03-19,59745.1871358,-0.0015517753135,-0.00209001194905,31.1202926168,1.10410527375,0.000519795021528,1.8441614017e-05,31120.2926168,0.519795021528,0.331419847246,0.331419847246,0.662839694493,8.25728374565e-16,8.32667268469e-16,0.08,59745.1871358
2015-03-20,59959.3351356,0.00419515773693,0.00358435566257,35.4075121369,1.08497209832,0.000592642082725,1.81599916299e-05,35407.5121369,0.592642082725,0.40940813829,0.40940813829,0.81881627658,-1.38777878078e-17,1.04083408559e-17,0.08,59959.3351356
2015-03-23,59878.0366678,-0.000717093379137,-0.00135589341733,34.2667642427,4.03526133221,0.00057150007026,6.72999679381e-05,34266.7642427,0.57150007026,0.333313429339,0.333313429339,0.666626858678,5.41233724505e-16,5.06539254985e-16,0.08,59878.0366678
2015-03-24,59874.575636,0.000389065178554,-5.78013573181e-05,25.6638933552,1.09359746541,0.00042860278632,1.82637495528e-05,25663.8933552,0.42860278632,0.328966507957,0.328966507957,0.657933015914,2.77555756156e-16,2.87964097012e-16,0.08,59874.575636
2015-03-25,59874.2847873,0.000467020733045,-4.85763241898e-06,27.1742440038,1.07927288013,0.000453852803384,1.80255620798e-05,27174.2440038,0.453852803384,0.409113614266,0.409113614266,0.818227228532,4.16333634234e-16,5.13478148889e-16,0.08,59874.2847873
2015-03-26,59894.6734362,0.00100510057594,0.000340524300322,38.4488163099,1.3422128795,0.000642159091277,2.24171843434e-05,38448.8163099,0.642159091277,0.303740313043,0.303740313043,0.607480626086,7.35522753814e-16,7.07767178199e-16,0.08,59894.6734362
2015-03-27,59787.0227502,-0.00122247218857,-0.00179733321692,33.4342682569,0.99684530735,0.000558217723526,1.66433048243e-05,33434.2682569,0.558217723526,0.348089467708,0.348089467708,0.696178935417,-3.1918911958e-16,-3.53883589099e-16,0.08,59787.0227502
2015-03-30,59771.5711197,0.000364197077977,-0.000258444553617,33.8048648029,3.42102459041,0.000565421445122,5.72201864726e-05,33804.8648029,0.565421445122,0.348687769112,0.348687769112,0.697375538224,-3.12250225676e-17,6.93889390391e-18,0.08,59771.5711197
2015-03-31,59824.015681,0.00129402637554,0.00087741647456,23.7594219808,1.14200634466,0.000397503721848,1.91061791294e-05,23759.4219808,0.397503721848,0.298754194976,0.298754194976,0.597508389952,-9.36750677027e-17,-7.4593109467e-17,0.08,59824.015681
2015-04-01,59682.1535012,-0.00193798544424,-0.00237132493006,24.9447835016,0.979324692876,0.000416969392939,1.63700928754e-05,24944.7835016,0.416969392939,0.32600391831,0.32600391831,0.652007836619,-1.00613961607e-16,-1.04083408559e-16,0.08,59682.1535012
2015-04-02,59638.1471061,-9.5594284232e-05,-0.000737345965388,37.2350064049,1.06611593943,0.000623888452755,1.78632284005e-05,37235.0064049,0.623888452755,0.383518215812,0.383518215812,0.767036431624,-7.2858385991e-16,-7.14706072102e-16,0.08,59638.1471061
2015-04-06,59586.2017957,-0.000258421246822,-0.00087100812041,31.520435776,5.01311030629,0.000528528086561,8.40587870273e-05,31520.435776,0.528528086561,0.313687163976,0.313687163976,0.627374327953,-1.2490009027e-16,-1.11022302463e-16,0.08,59586.2017957
2015-04-07,59619.8720814,0.00121185347244,0.000565068502003,37.5152720049,1.02418776183,0.000629596632683,1.71883377521e-05,37515.2720049,0.629596632683,0.313590381813,0.313590381813,0.627180763626,-1.66533453694e-16,-1.17961196366e-16,0.08,59619.8720814
2015-04-08,59728.3884224,0.00214519127728,0.00182013709859,18.3552382274,1.02445032601,0.000307871144077,1.71830346199e-05,18355.2382274,0.307871144077,0.313606814152,0.313606814152,0.627213628305,-3.88578058619e-16,-3.97251675999e-16,0.08,59728.3884224
2015-04-09,59596.763142,-0.00172209745868,-0.00220373065318,27.7408057728,1.02636874562,0.000464449259482,1.71839350221e-05,27740.8057728,0.464449259482,0.420510612348,0.420510612348,0.841021224697,0,-1.38777878078e-17,0.08,59596.763142
2015-04-10,59644.9130678,0.00156770999834,0.000807928538922,43.9073062868,1.37320938974,0.000736739782027,2.3041677389e-05,43907.3062868,0.736739782027,0.389050126806,0.389050126806,0.778100253613,-4.71844785466e-16,-4.92661467177e-16,0.08,59644.9130678
2015-04-13,59685.224926,0.0012744513991,0.000675864146315,31.8881869584,3.81449769738,0.000534633807281,6.39534455024e-05,31888.1869584,0.534633807281,0.337526798712,0.337526798712,0.675053597425,-4.16333634234e-16,-3.92047505571e-16,0.08,59685.224926
2015-04-14,59636.9362082,-0.000212784329712,-0.000809056477615,34.4847817633,1.10385550135,0.000577777528795,1.84946191075e-05,34484.7817633,0.577777528795,0.333497698634,0.333497698634,0.666995397268,-5.82867087928e-16,-6.05418493116e-16,0.08,59636.9362082
2015-04-15,59626.8730074,0.000242673035474,-0.000168741076421,23.4456809281,1.08979621803,0.000393140265394,1.82738465005e-05,23445.6809281,0.393140265394,0.342434068247,0.342434068247,0.684868136495,2.49800180541e-16,2.8449465006e-16,0.08,59626.8730074
2015-04-16,59490.9425041,-0.00154724918709,-0.00227968525554,42.5540629762,1.11880946306,0.000713672557857,1.87635105889e-05,42554.0629762,0.713672557857,0.387229411664,0.387229411664,0.774458823328,6.80011602583e-16,7.21644966006e-16,0.08,59490.9425041
2015-04-17,59317.8295876,-0.0024439982916,-0.00290990374809,26.4548729342,1.26228178988,0.000444687406531,2.12180499542e-05,26454.8729342,0.444687406531,0.389175898259,0.389175898259,0.778351796518,-1.16573417586e-15,-1.24379673228e-15,0.08,59317.8295876
2015-04-20,59366.0372168,0.00126723464892,0.000812700491275,23.1671737412,3.7948059637,0.000390560037383,6.39741202618e-05,23167.1737412,0.390560037383,0.427521803914,0.427521803914,0.855043607827,-7.21644966006e-16,-8.04911692853e-16,0.08,59366.0372168
2015-04-21,59414.7154719,0.00134539940421,0.000819968071444,29.8020760379,1.39070001765,0.000502005480492,2.34258522692e-05,29802.0760379,0.502005480492,0.443475145853,0.443475145853,0.886950291706,-3.1918911958e-16,-3.46944695195e-16,0.08,59414.7154719
2015-04-22,59337.3829911,-0.000605571948763,-0.00130157117075,39.9088176823,1.4437780608,0.000671699213997,2.43000079919e-05,39908.8176823,0.671699213997,0.455428014146,0.455428014146,0.910856028292,-1.87350135405e-16,-1.66533453694e-16,0.08,59337.3829911
2015-04-23,59196.8753386,-0.00156686337541,-0.00236794488475,46.0533183268,1.48076200001,0.000776126549662,2.49549596792e-05,46053.3183268,0.776126549662,0.357518498688,0.357518498688,0.715036997376,9.71445146547e-17,1.52655665886e-16,0.08,59196.8753386
2015-04-24,58817.4195228,-0.00578243771521,-0.00641006494958,35.993901125,1.15967002729,0.00060803717965,1.95900547226e-05,35993.901125,0.60803717965,0.249886672831,0.249886672831,0.499773345662,2.22044604925e-16,3.33066907388e-16,0.08,58817.4195228
2015-04-27,58636.4326328,-0.00262623992735,-0.00307709674296,24.1021759582,2.41605850998,0.000409779554318,4.10772612873e-05,24102.1759582,0.409779554318,0.240230552563,0.240230552563,0.480461105125,6.80011602583e-16,7.25114412958e-16,0.08,58636.4326328
2015-04-28,58604.4239771,-0.000297156446696,-0.000545883408691,13.8126117448,0.771850006119,0.000235563644046,1.31633179486e-05,13812.6117448,0.235563644046,0.243934679579,0.243934679579,0.487869359158,8.32667268469e-17,1.3791051634e-16,0.08,58604.4239771
2015-04-29,58573.0931079,-0.000296627953256,-0.00053461610924,13.1638354312,0.783323363548,0.000224621872171,1.33662838125e-05,13163.8354312,0.224621872171,0.238929104015,0.238929104015,0.477858208029,-3.46944695195e-17,-1.38777878078e-17,0.08,58573.0931079
2015-04-30,58637.7420962,0.00133815482858,0.00110373184723,12.9640398446,0.766839268802,0.000221330975653,1.30920056994e-05,12964.0398446,0.221330975653,0.28066901274,0.28066901274,0.56133802548,-1.11022302463e-16,-1.75207071074e-16,0.08,58637.7420962
2015-05-01,58698.9015306,0.00136326094755,0.00104300459437,17.8773123365,0.901797105942,0.000304877229195,1.53791239858e-05,17877.3123365,0.304877229195,0.254102991531,0.254102991531,0.508205983062,-2.98372437868e-16,-3.34801630864e-16,0.08,58698.9015306
2015-05-04,58722.6643792,0.000881343030035,0.000404826120305,25.5191452202,2.45187394167,0.000434746554958,4.17703547722e-05,25519.1452202,0.434746554958,0.33725506676,0.33725506676,0.67451013352,-4.99600361081e-16,-5.6898930012e-16,0.08,58722.6643792
2015-05-05,58584.3148019,-0.00196481038906,-0.00235598262985,21.8854972465,1.08517896414,0.00037269251111,1.84797296855e-05,21885.4972465,0.37269251111,0.278124731893,0.278124731893,0.556249463786,0,-8.32667268469e-17,0.08,58584.3148019
2015-05-06,58607.0332528,0.000671730818644,0.00038779067259,15.7416308549,0.892808046433,0.000268700434717,1.52397113366e-05,15741.6308549,0.268700434717,0.277132591921,0.277132591921,0.554265183842,-2.77555756156e-16,-3.40005801291e-16,0.08,58607.0332528
2015-05-07,58694.9569829,0.00207033768958,0.0015002248925,32.5226514902,0.889968166035,0.000554927449577,1.51853475025e-05,32522.6514902,0.554927449577,0.39375329668,0.39375329668,0.78750659336,0,-4.16333634234e-17,0.08,58694.9569829
2015-05-08,58706.9624724,0.000842720946794,0.000204540390824,36.1916058794,1.26637440058,0.000616605032864,2.15755231057e-05,36191.6058794,0.616605032864,0.245013086066,0.245013086066,0.490026172131,8.32667268469e-17,1.2490009027e-16,0.08,58706.9624724
2015-05-11,58593.3007662,-0.00134515253119,-0.0019360856252,32.3273980887,2.36448888475,0.000550656970269,4.02761237368e-05,32327.3980887,0.550656970269,0.396109360604,0.396109360604,0.792218721207,3.60822483003e-16,2.91433543964e-16,0.08,58593.3007662
2015-05-12,58601.2085969,0.000731549568818,0.000134961344922,33.6843277622,1.27174547409,0.000574883601397,2.17046224988e-05,33684.3277622,0.574883601397,0.5,0.5,1,-5.55111512313e-17,-1.94289029309e-16,0.0798790582503,58601.2085969
2015-05-13,58581.6280261,0.000319602118445,-0.00033413254113,36.7041285885,1.6055125643,0.000626337399301,2.7397260274e-05,36704.1285885,0.626337399301,0.303503424845,0.303503424845,0.607006849691,1.38777878078e-16,1.31838984174e-16,0.08,58581.6280261
2015-05-14,58659.0853847,0.00176358783046,0.00132221246081,24.8822562321,0.974231492545,0.000424745045,1.66303246491e-05,24882.2562321,0.424745045,0.271090536938,0.271090536938,0.542181073876,5.55111512313e-17,4.16333634234e-17,0.08,58659.0853847
2015-05-15,58707.3018759,0.00123225189528,0.000821978229977,23.1949397202,0.871338244012,0.000395419389308,1.48542759966e-05,23194.9397202,0.395419389308,0.256774956842,0.256774956842,0.513549913684,2.22044604925e-16,2.22044604925e-16,0.08,58707.3018759
2015-05-18,58658.8120911,-0.000463622164183,-0.000825958326245,18.7937677773,2.4780106694,0.000320126580115,4.22095819466e-05,18793.7677773,0.320126580115,0.319051824402,0.319051824402,0.638103648803,5.55111512313e-17,5.55111512313e-17,0.08,58658.8120911
2015-05-19,58655.7693857,0.000327703828726,-5.18712403499e-05,21.2399321848,1.02549046657,0.000362092777328,1.7482291748e-05,21239.9321848,0.362092777328,0.292970890088,0.292970890088,0.585941780175,-2.77555756156e-17,2.08166817117e-17,0.08,58655.7693857
2015-05-20,58676.9305887,0.000979514223296,0.00036076933524,35.3513446972,0.941612765245,0.000602691688599,1.60531994569e-05,35351.3446972,0.602691688599,0.382912164121,0.382912164121,0.765824328242,0,1.38777878078e-17,0.08,58676.9305887
2015-05-21,58863.1871929,0.00345594736009,0.00317427313277,15.2966497438,1.23112934113,0.000260692738872,2.0981488445e-05,15296.6497438,0.260692738872,0.308464378168,0.308464378168,0.616928756336,5.55111512313e-17,1.5959455979e-16,0.08,58863.1871929
2015-05-22,58830.9407321,-4.22937162529e-05,-0.000547820503882,28.7620030581,0.994914873121,0.000488624629921,1.69021577078e-05,28762.0030581,0.488624629921,0.270204373732,0.270204373732,0.540408747465,4.16333634234e-17,7.6327832943e-17,0.08,58830.9407321
2015-05-26,58775.1273753,-0.000510704222408,-0.000948707535169,22.2840094,3.4841375335,0.000378780436326,5.92228764345e-05,22284.0094,0.378780436326,0.332841182492,0.332841182492,0.665682364984,-2.22044604925e-16,-1.80411241502e-16,0.08,58775.1273753
2015-05-27,58644.0524809,-0.00190255921999,-0.00223010821552,18.1798006242,1.07193330941,0.000309311122511,1.82378730133e-05,18179.8006242,0.309311122511,0.213916749107,0.213916749107,0.427833498214,-1.52655665886e-16,-1.5092094241e-16,0.08,58644.0524809
2015-05-28,58624.3175839,0.000155149187674,-0.000336520007032,28.1460798077,0.687394249928,0.000479947729002,1.17214657045e-05,28146.0798077,0.479947729002,0.268719903625,0.268719903625,0.53743980725,-7.6327832943e-17,-4.16333634234e-17,0.08,58624.3175839
2015-05-29,58671.9114828,0.00112364130392,0.000811845677817,17.4155991772,0.863206628561,0.000297071247819,1.47243782808e-05,17415.5991772,0.297071247819,0.360349215545,0.360349215545,0.720698431091,-5.55111512313e-17,-2.77555756156e-17,0.08,58671.9114828
2015-06-01,58578.7021999,-0.000991057194681,-0.00158865256785,31.5866035587,3.47545927847,0.000538359885684,5.92354874869e-05,31586.6035587,0.538359885684,0.458177725925,0.458177725925,0.916355451851,2.22044604925e-16,2.77555756156e-16,0.08,58578.7021999
2015-06-02,58707.4720703,0.00261259634223,0.00219823699704,22.8019775317,1.47065515406,0.000389253716374,2.51056288178e-05,22801.9775317,0.389253716374,0.364622218255,0.364622218255,0.729244436509,-1.11022302463e-16,-1.66533453694e-16,0.08,58707.4720703
2015-06-03,58602.274614,-0.00126686038938,-0.00179189211629,29.650351269,1.17293417504,0.000505052427287,1.99792996304e-05,29650.351269,0.505052427287,0.392097674615,0.392097674615,0.784195349231,5.55111512313e-17,5.55111512313e-17,0.08,58602.274614
2015-06-04,58625.041679,0.000820629642586,0.000388501387176,24.0646403028,1.25905838922,0.000410643451321,2.14848040885e-05,24064.6403028,0.410643451321,0.336992138516,0.336992138516,0.673984277031,-2.77555756156e-17,-1.07552855511e-16,0.08,58625.041679
2015-06-05,58369.6443547,-0.0038532541093,-0.0043564544601,28.417611228,1.08253031046,0.000484735028141,1.84653226584e-05,28417.611228,0.484735028141,0.45024884329,0.45024884329,0.90049768658,-2.49800180541e-16,-3.22658566532e-16,0.08,58369.6443547
2015-06-08,58399.5479017,0.00101445661335,0.000512313332146,24.9897825714,4.32014216777,0.000428129772722,7.4013508486e-05,24989.7825714,0.428129772722,0.283962941005,0.283962941005,0.56792588201,-9.99200722163e-16,-1.06728861859e-15,0.08,58399.5479017
2015-06-09,58296.433366,-0.00151788618165,-0.00176567352623,13.5619945226,0.908674376741,0.000232227731376,1.55596132058e-05,13561.9945226,0.232227731376,0.242984963445,0.242984963445,0.48596992689,1.52655665886e-16,1.04083408559e-16,0.08,58296.433366
2015-06-10,58276.9747877,-0.000128506953277,-0.000333786770913,11.1909082387,0.776172971529,0.000191965573064,1.33142445723e-05,11190.9082387,0.191965573064,0.235188470709,0.235188470709,0.470376941418,-8.32667268469e-17,-1.39645239816e-16,0.08,58276.9747877
2015-06-11,58274.0698508,0.000160917609084,-4.98470784981e-05,11.5317107089,0.751017675501,0.000197877648091,1.28870394909e-05,11531.7107089,0.197877648091,0.268459364288,0.268459364288,0.536918728576,-7.21644966006e-16,-7.6327832943e-16,0.08,58274.0698508
2015-06-12,58189.9778286,-0.00117212913461,-0.00144304357723,14.9300696325,0.857217520363,0.000256204340468,1.47101021528e-05,14930.0696325,0.256204340468,0.300287820444,0.300287820444,0.600575640888,2.22044604925e-16,1.31838984174e-16,0.08,58189.9778286
2015-06-15,58078.1630248,-0.00141612954662,-0.00192154745374,26.5378609279,2.87239588172,0.000456055525679,4.93623814428e-05,26537.8609279,0.456055525679,0.372076532576,0.372076532576,0.744153065151,-1.11022302463e-16,-2.08166817117e-16,0.08,58078.1630248
2015-06-16,57998.1441111,-0.000882672118184,-0.00137777969473,27.5708551749,1.18408337077,0.00047471982134,2.03877552096e-05,27570.8551749,0.47471982134,0.384498377454,0.384498377454,0.768996754907,-2.77555756156e-16,-3.05311331772e-16,0.08,57998.1441111
2015-06-17,57999.8273069,0.000484140337246,2.90215447678e-05,25.1741169683,1.22192834554,0.000434050388234,2.1068404244e-05,25174.1169683,0.434050388234,0.402234510588,0.402234510588,0.804469021176,-6.10622663544e-16,-6.24500451352e-16,0.08,57999.8273069
2015-06-18,58110.5356675,0.002329162103,0.00190877052107,23.1043086247,1.27833052882,0.000398351334779,2.20402471555e-05,23104.3086247,0.398351334779,0.281498789421,0.281498789421,0.562997578843,1.17961196366e-16,7.2858385991e-17,0.08,58110.5356675
2015-06-19,58045.7197901,-0.000627796596107,-0.00111538943144,27.4379495918,0.896331257152,0.000472168244134,1.54245912012e-05,27437.9495918,0.472168244134,0.392998795233,0.392998795233,0.785997590466,8.32667268469e-17,1.11022302463e-16,0.08,58045.7197901
2015-06-22,57999.5900709,-0.000389842936888,-0.000794713535524,19.7511042875,3.74990103221,0.000340268056955,6.46025416821e-05,19751.1042875,0.340268056955,0.280469597414,0.280469597414,0.560939194829,-2.91433543964e-16,-2.98372437868e-16,0.08,57999.5900709
2015-06-23,58024.4435854,0.000749957042867,0.000428511898576,17.7523374661,0.891349133007,0.000306076947172,1.53681971186e-05,17752.3374661,0.306076947172,0.228289330491,0.228289330491,0.456578660981,6.93889390391e-17,1.04083408559e-16,0.08,58024.4435854
2015-06-24,58003.4103425,-0.000138478687801,-0.000362489350663,12.2722660491,0.725828020723,0.000211501658452,1.25090044104e-05,12272.2660491,0.211501658452,0.185761143405,0.185761143405,0.37152228681,1.38777878078e-16,9.71445146547e-17,0.08,58003.4103425
2015-06-25,57963.4673759,-0.000545698800399,-0.000688631346695,7.70017623952,0.590398894609,0.000132753853507,1.01786927893e-05,7700.17623952,0.132753853507,0.155889828889,0.155889828889,0.311779657778,-1.38777878078e-17,-6.93889390391e-18,0.08,57963.4673759
2015-06-26,57911.7614508,-0.000491756047721,-0.000892043341012,22.7069208349,0.495118630742,0.000391745384858,8.54190843228e-06,22706.9208349,0.391745384858,0.277684426148,0.277684426148,0.555368852295,2.08166817117e-16,2.46330733589e-16,0.08,57911.7614508
2015-06-29,57940.7366427,0.00121095062604,0.00050033345764,38.5096079536,2.64348398559,0.000664970413415,4.56467549832e-05,38509.6079536,0.664970413415,0.5,0.5,1,-3.33066907388e-16,-3.81639164715e-16,0.0788540038621,57940.7366427
2015-06-30,57804.9310819,-0.00145268351054,-0.00234387010985,50.0485906079,1.58741744226,0.000863789339037,2.7397260274e-05,50048.5906079,0.863789339037,0.294278885612,0.294278885612,0.588557771225,2.22044604925e-16,2.22044604925e-16,0.08,57804.9310819
2015-07-01,57822.2891414,0.000616234315551,0.000300286829481,17.3312256331,0.93209702475,0.000299822615626,1.61248704445e-05,17331.2256331,0.299822615626,0.342626159343,0.342626159343,0.685252318686,-9.85322934355e-16,-9.83588210879e-16,0.08,57822.2891414
2015-07-02,57737.5383356,-0.000826747158558,-0.00146571170167,35.8608348173,1.08555774537,0.00062019050698,1.87740361284e-05,35860.8348173,0.62019050698,0.252194165931,0.252194165931,0.504388331861,-3.88578058619e-16,-3.81639164715e-16,0.08,57737.5383356
2015-07-06,57534.7469093,-0.00284414052876,-0.00351229775564,35.3862860328,3.19146746815,0.000612881793247,5.52754336286e-05,35386.2860328,0.612881793247,0.472649836692,0.472649836692,0.945299673383,-5.41233724505e-16,-4.71844785466e-16,0.08,57534.7469093
2015-07-07,57545.7377535,0.000779132019905,0.000191029678239,32.3462487691,1.49007061538,0.000562203720477,2.58986211886e-05,32346.2487691,0.562203720477,0.327118763978,0.327118763978,0.654237527956,-3.74700270811e-16,-3.53883589099e-16,0.08,57545.7377535
2015-07-08,57426.409146,-0.00147823960277,-0.00207363068177,33.230750914,1.03146797842,0.000577466763158,1.79243158344e-05,33230.750914,0.577466763158,0.396263766015,0.396263766015,0.79252753203,1.5959455979e-15,1.65145674913e-15,0.08,57426.409146
2015-07-09,57581.2324788,0.00304438262377,0.00269603018998,18.7577249977,1.24690439216,0.000326639350721,2.17130830693e-05,18757.7249977,0.326639350721,0.439480915504,0.439480915504,0.878961831008,1.21430643318e-15,1.25247034966e-15,0.08,57581.2324788
2015-07-10,57487.02457,-0.00105698399313,-0.00163608705071,31.9588457178,1.38662206935,0.000555021911516,2.4081146055e-05,31958.8457178,0.555021911516,0.338937109731,0.338937109731,0.677874219462,1.47104550763e-15,1.34614541736e-15,0.08,57487.02457
2015-07-13,57396.9990594,-0.00105872113446,-0.00156601443937,25.9598534855,3.20292919805,0.00045157761564,5.57156892709e-05,25959.8534855,0.45157761564,0.348448140655,0.348448140655,0.696896281309,4.16333634234e-16,3.46944695195e-16,0.08,57396.9990594
2015-07-14,57457.3963195,0.00137802111453,0.00105227208846,17.6011328384,1.09588370419,0.00030665597726,1.9093048803e-05,17601.1328384,0.30665597726,0.357436781691,0.357436781691,0.714873563382,3.05311331772e-16,3.05311331772e-16,0.08,57457.3963195
2015-07-15,57392.7228363,-0.000642504873486,-0.00112559021676,26.6314897601,1.12533626437,0.000463499766192,1.95855770789e-05,26631.4897601,0.463499766192,0.248477350673,0.248477350673,0.496954701346,-8.32667268469e-17,-8.32667268469e-17,0.08,57392.7228363
2015-07-16,57384.7699885,0.000282027790967,-0.000138568924283,23.3577774594,0.781413244838,0.000406981517953,1.36151972972e-05,23357.7774594,0.406981517953,0.368872286369,0.368872286369,0.737744572738,2.77555756156e-16,2.25514051877e-16,0.08,57384.7699885
2015-07-17,57266.6369138,-0.00163044711379,-0.00205861371751,23.4103707668,1.15987130457,0.000407954423648,2.0212180075e-05,23410.3707668,0.407954423648,0.314972464627,0.314972464627,0.629944929254,7.77156117238e-16,7.84095011142e-16,0.08,57266.6369138
2015-07-20,57084.3876138,-0.00288140387529,-0.00318246905704,14.2759361323,2.9650543183,0.000249288886194,5.17762955551e-05,14275.9361323,0.249288886194,0.270345875451,0.270345875451,0.540691750901,0,4.33680868994e-17,0.08,57084.3876138
2015-07-21,57174.4150075,0.00178368117361,0.00157709309695,10.9473358307,0.845618013371,0.000191774604026,1.48134726274e-05,10947.3358307,0.191774604026,0.3048134656,0.3048134656,0.609626931201,-3.88578058619e-16,-3.40005801291e-16,0.08,57174.4150075
2015-07-22,57177.1245795,0.000411449029184,4.7391337876e-05,19.8598522921,0.954933237376,0.000347355583604,1.67021077041e-05,19859.8522921,0.347355583604,0.326776692053,0.326776692053,0.653553384105,-2.22044604925e-16,-1.66533453694e-16,0.08,57177.1245795
2015-07-23,57057.7796825,-0.00164173602591,-0.00208728399482,24.4513625945,1.02378913047,0.00042764239675,1.79055721673e-05,24451.3625945,0.42764239675,0.357205703566,0.357205703566,0.714411407132,1.66533453694e-16,1.38777878078e-16,0.08,57057.7796825
2015-07-24,56895.5787286,-0.00258291745882,-0.00284274913487,13.7086314401,1.11678708687,0.000240258760793,1.95729152639e-05,13708.6314401,0.240258760793,0.363631666084,0.363631666084,0.727263332168,1.94289029309e-16,1.94289029309e-16,0.08,56895.5787286
2015-07-27,56833.0789663,-0.000782598360568,-0.0010984994569,14.5724385867,3.40093711001,0.000256126027933,5.97750683973e-05,14572.4385867,0.256126027933,0.312281749037,0.312281749037,0.624563498074,-1.38777878078e-16,-1.94289029309e-16,0.08,56833.0789663
2015-07-28,57133.2804213,0.00553185979146,0.00528216067912,13.2186798735,0.972489496042,0.000232587783627,1.71113287144e-05,13218.6798735,0.232587783627,0.26966835303,0.26966835303,0.539336706059,-3.05311331772e-16,-2.77555756156e-16,0.08,57133.2804213
2015-07-29,57082.1057325,-0.000321542648924,-0.000895707167284,31.9596811952,0.84422124024,0.000559388170249,1.47763481112e-05,31959.6811952,0.559388170249,0.308649671234,0.308649671234,0.617299342467,-8.32667268469e-17,-1.38777878078e-16,0.08,57082.1057325
2015-07-30,56970.0370489,-0.00141679993877,-0.00196328923406,30.2293694251,0.965390310557,0.000529576984541,1.69123107525e-05,30229.3694251,0.529576984541,0.363794560252,0.363794560252,0.727589120503,-4.51028103754e-17,-2.77555756156e-17,0.08,56970.0370489
2015-07-31,56769.5367365,-0.0031962063395,-0.00351939936871,17.2766810632,1.13563778497,0.000303259080705,1.99339485069e-05,17276.6810632,0.303259080705,0.400638791464,0.400638791464,0.801277582928,1.66533453694e-16,1.11022302463e-16,0.08,56769.5367365
2015-08-03,56635.5599533,-0.00177860542942,-0.00236001191584,29.2674242446,3.73875264494,0.000515548054945,6.58584314735e-05,29267.4242446,0.515548054945,0.308634216081,0.308634216081,0.617268432162,2.08166817117e-16,2.35922392733e-16,0.08,56635.5599533
2015-08-04,56543.0032067,-0.00134134414328,-0.00163425146185,15.6311797742,0.957790227315,0.000275995854674,1.69114638949e-05,15631.1797742,0.275995854674,0.343734469593,0.343734469593,0.687468939187,1.16573417586e-15,9.71445146547e-16,0.08,56543.0032067
2015-08-05,56389.3690516,-0.00235491810784,-0.00271712053371,19.415038724,1.06497420364,0.000343367660416,1.88347654572e-05,19415.038724,0.343367660416,0.29822350603,0.29822350603,0.596447012059,-1.11022302463e-16,-1.11022302463e-16,0.08,56389.3690516
2015-08-06,56782.4590744,0.00721409666239,0.00697099523247,12.7868767779,0.92145947076,0.00022676041589,1.6341014029e-05,12786.8767779,0.22676041589,0.286325192639,0.286325192639,0.572650385278,-8.32667268469e-17,-1.11022302463e-16,0.08,56782.4590744
2015-08-07,56575.0789116,-0.00342340102435,-0.00365218706951,12.100171313,0.890862933315,0.000213096993512,1.56890516515e-05,12100.171313,0.213096993512,0.239698643388,0.239698643388,0.479397286775,3.88578058619e-16,3.67761376907e-16,0.08,56575.0789116
2015-08-10,56832.3145443,0.0048985267997,0.00454680112938,17.6697070608,2.22920049282,0.000312323153599,3.94025167213e-05,17669.7070608,0.312323153599,0.307941821875,0.307941821875,0.615883643749,1.66533453694e-16,1.66533453694e-16,0.08,56832.3145443
2015-08-11,56759.2858269,-0.000668990054601,-0.0012849858044,34.0495027597,0.958961451076,0.000599122225317,1.68735244863e-05,34049.5027597,0.599122225317,0.260131878941,0.260131878941,0.520263757881,1.66533453694e-16,2.01227923213e-16,0.08,56759.2858269
2015-08-12,56767.479504,0.000523758965954,0.000144358355149,20.7254721132,0.809035598327,0.000365146809219,1.42538015858e-05,20725.4721132,0.365146809219,0.287388166247,0.287388166247,0.574776332494,1.11022302463e-16,9.36750677027e-17,0.08,56767.479504
2015-08-13,56875.3815119,0.00242851092211,0.00190077151232,29.0645017816,0.893934347239,0.000511992113011,1.57472967806e-05,29064.5017816,0.511992113011,0.336090510789,0.336090510789,0.672181021579,-1.11022302463e-16,-4.85722573274e-17,0.08,56875.3815119
2015-08-14,56939.9003955,0.00178135629396,0.00113439034334,35.7490228821,1.04741238486,0.000628550032225,1.84159183994e-05,35749.0228821,0.628550032225,0.301169345534,0.301169345534,0.602338691068,-1.66533453694e-16,-1.5959455979e-16,0.08,56939.9003955
2015-08-17,56965.222119,0.00082696990537,0.000444709655755,18.9469203952,2.81894014305,0.000332752959938,4.95072896768e-05,18946.9203952,0.332752959938,0.319387838331,0.319387838331,0.638775676662,8.32667268469e-17,7.6327832943e-17,0.08,56965.222119
2015-08-18,56919.8188386,-1.74347981529e-05,-0.000797035080519,43.4131717886,0.996931460417,0.000762099578896,1.75007034702e-05,43413.1717886,0.762099578896,0.385866357024,0.385866357024,0.771732714047,3.88578058619e-16,3.05311331772e-16,0.08,56919.8188386
2015-08-19,56625.9973456,-0.00464280263588,-0.00516202438793,28.3505317275,1.20347633631,0.000498078390023,2.11433620287e-05,28350.5317275,0.498078390023,0.312123678887,0.312123678887,0.624247357775,-4.99600361081e-16,-4.99600361081e-16,0.08,56625.9973456
2015-08-20,56719.5914437,0.00200705877158,0.00165284679241,19.0891509971,0.968455595187,0.000337109311835,1.71026673363e-05,19089.1509971,0.337109311835,0.353074340012,0.353074340012,0.706148680025,-3.33066907388e-16,-4.02455846427e-16,0.08,56719.5914437
2015-08-21,56626.645978,-0.00118253906385,-0.00163868362378,24.7750052807,1.09732779807,0.000436798020756,1.93465391788e-05,24775.0052807,0.436798020756,0.290500795888,0.290500795888,0.581001591775,-2.08166817117e-16,-2.15105711021e-16,0.08,56626.645978
2015-08-24,56493.1049447,-0.00204039586863,-0.00235827199402,15.2961351368,2.70412368083,0.000270122569907,4.77535554884e-05,15296.1351368,0.270122569907,0.299001880401,0.299001880401,0.598003760803,-2.70616862252e-16,-2.98372437868e-16,0.08,56493.1049447
2015-08-25,56519.7355754,0.000743494887794,0.000471396125131,14.4461398663,0.925564088119,0.000255715097984,1.63836646795e-05,14446.1398663,0.255715097984,0.239664846409,0.239664846409,0.479329692817,-7.49400541622e-16,-7.2858385991e-16,0.08,56519.7355754
2015-08-26,56433.763039,-0.000909360347936,-0.00152110648805,33.8334948048,0.742235273739,0.000598613819763,1.31323203512e-05,33833.4948048,0.598613819763,0.338702664894,0.338702664894,0.677405329788,6.93889390391e-16,6.66133814775e-16,0.08,56433.763039
2015-08-27,56607.8447671,0.0036021415965,0.00308470884686,28.1533201447,1.04735703733,0.000498873699514,1.85590501312e-05,28153.3201447,0.498873699514,0.361463994592,0.361463994592,0.722927989184,-3.60822483003e-16,-4.16333634234e-16,0.08,56607.8447671
2015-08-28,56755.9176248,0.00320592084814,0.00261576568385,32.2862230141,1.12118891478,0.000570348918015,1.9806246279e-05,32286.2230141,0.570348918015,0.312331916604,0.312331916604,0.624663833207,-1.71390679427e-15,-1.73472347598e-15,0.08,56755.9176248
2015-08-31,56669.8475675,-0.000729428608727,-0.00151649485992,41.7566917789,2.91397553924,0.00073572401833,5.13422328663e-05,41756.6917789,0.73572401833,0.5,0.5,1,8.32667268469e-16,8.11850586757e-16,0.0787913486935,56669.8475675
2015-09-01,56619.6936199,-0.000254529432175,-0.000885019984389,34.1772049232,1.55259856349,0.00060309329194,2.7397260274e-05,34177.2049232,0.60309329194,0.34237831484,0.34237831484,0.68475662968,-1.94289029309e-16,-1.73472347598e-16,0.08,56619.6936199
2015-09-02,56677.0425125,0.00144688743751,0.0010128788931,23.5112195645,1.06221124868,0.000415248088807,1.87604556077e-05,23511.2195645,0.415248088807,0.237240936548,0.237240936548,0.474481873095,3.33066907388e-16,3.34801630864e-16,0.08,56677.0425125
2015-09-03,56671.01652,0.000182484510313,-0.000106321576308,15.631901444,0.736773405283,0.000275806583248,1.29995033725e-05,15631.901444,0.275806583248,0.265757914912,0.265757914912,0.531515829824,2.22044604925e-16,2.8449465006e-16,0.08,56671.01652
2015-09-04,56653.893961,-8.80449865053e-06,-0.000302139613662,15.7983514125,0.825247736236,0.000278773037482,1.45620775294e-05,15798.3514125,0.278773037482,0.279781857112,0.279781857112,0.559563714224,4.71844785466e-16,5.13478148889e-16,0.08,56653.893961
2015-09-08,56798.0609981,0.00295771772307,0.00254469776232,19.9250560923,3.47413296767,0.000351697909875,6.13220508738e-05,19925.0560923,0.351697909875,0.279908850839,0.279908850839,0.559817701678,-5.27355936697e-16,-5.06539254985e-16,0.08,56798.0609981
2015-09-09,56755.8768255,-3.67417931228e-05,-0.000742704450099,39.2261714241,0.871138629253,0.000690625185697,1.53374712789e-05,39226.1714241,0.690625185697,0.325200691386,0.325200691386,0.650401382772,1.90819582357e-16,2.28983498829e-16,0.08,56755.8768255
2015-09-10,56805.3662768,0.00121991759359,0.000871970517505,18.7366961656,1.01134522651,0.00033012786012,1.78192159663e-05,18736.6961656,0.33012786012,0.238194941298,0.238194941298,0.476389882595,-1.14491749414e-16,-1.17961196366e-16,0.08,56805.3662768
2015-09-11,56625.9534313,-0.00267441883118,-0.00315837846409,26.7500932029,0.741411007435,0.0004709078553,1.30517776053e-05,26750.0932029,0.4709078553,0.312552934025,0.312552934025,0.625105868051,1.52655665886e-16,7.6327832943e-17,0.08,56625.9534313
2015-09-14,56687.1815867,0.00166829208531,0.001081273722,30.3311143034,2.90936020059,0.000535639798812,5.13785644973e-05,30331.1143034,0.535639798812,0.391522323941,0.391522323941,0.783044647881,-8.04911692853e-16,-7.91033905045e-16,0.08,56687.1815867
2015-09-15,56706.8435026,0.000693127724841,0.000346849417805,18.4134154035,1.21612586698,0.000324825029012,2.14532780241e-05,18413.4154035,0.324825029012,0.420763496351,0.420763496351,0.841526992702,-6.10622663544e-16,-5.62050406216e-16,0.08,56706.8435026
2015-09-16,57113.8726037,0.00772746929944,0.00717777742289,29.8638846569,1.30740656105,0.000526636342498,2.30555340466e-05,29863.8846569,0.526636342498,0.337494804123,0.337494804123,0.674989608245,-3.88578058619e-16,-4.16333634234e-16,0.08,57113.8726037
2015-09-17,57027.0520336,-0.00108321112599,-0.0015201310306,23.8979885782,1.05619919162,0.000418427038629,1.84928659793e-05,23897.9885782,0.418427038629,0.238071408298,0.238071408298,0.476142816595,-1.80411241502e-16,-1.38777878078e-16,0.08,57027.0520336
2015-09-18,56878.9775239,-0.00216812852731,-0.00259656609433,23.688613039,0.743918388422,0.000415392558343,1.30450086738e-05,23688.613039,0.415392558343,0.304435758333,0.304435758333,0.608871516665,6.38378239159e-16,6.93889390391e-16,0.08,56878.9775239
2015-09-21,56936.876478,0.0013533753392,0.00101793240055,16.233186493,2.8464648749,0.000285398704402,5.00442342465e-05,16233.186493,0.285398704402,0.376971939392,0.376971939392,0.753943878783,1.80411241502e-16,2.42861286637e-16,0.08,56936.876478
2015-09-22,56853.6597138,-0.00105326075743,-0.00146156180928,22.0712986234,1.17608793144,0.000387645055167,2.0655996679e-05,22071.2986234,0.387645055167,0.382173020418,0.382173020418,0.764346040836,9.08995101412e-16,9.43689570931e-16,0.08,56853.6597138
2015-09-23,56869.899571,0.000633256817068,0.00028564312847,18.5725385906,1.19057177286,0.000326672701178,2.09409874202e-05,18572.5385906,0.326672701178,0.438336804162,0.438336804162,0.876673608323,0,5.55111512313e-17,0.08,56869.899571
2015-09-24,56743.7802718,-0.00170789513472,-0.00221768106053,27.625547279,1.36592712498,0.000485767470796,2.40184550225e-05,27625.547279,0.485767470796,0.390936857529,0.390936857529,0.781873715058,-1.52655665886e-16,-9.71445146547e-17,0.08,56743.7802718
2015-09-25,57039.1690148,0.0057307639068,0.00520565851534,28.5809452191,1.21551973391,0.000503684193795,2.14211976728e-05,28580.9452191,0.503684193795,0.344112110079,0.344112110079,0.688224220159,-2.22044604925e-16,-1.66533453694e-16,0.08,57039.1690148
2015-09-28,56886.0211812,-0.00204484673949,-0.00268495905969,33.2849758388,3.22649898195,0.000583545945947,5.65663742596e-05,33284.9758388,0.583545945947,0.343713880388,0.343713880388,0.687427760775,1.66533453694e-16,2.39391839685e-16,0.08,56886.0211812
2015-09-29,57085.4667314,0.00392613442927,0.00350605554823,22.8252454351,1.07137068931,0.000401245243755,1.88336372815e-05,22825.2454351,0.401245243755,0.277093212286,0.277093212286,0.554186424571,-3.60822483003e-16,-3.33066907388e-16,0.08,57085.4667314
2015-09-30,57042.5807619,-0.000449632334612,-0.000751258978425,16.3517582693,0.866739471311,0.000286443454098,1.51831897143e-05,16351.7582693,0.286443454098,0.330804844546,0.330804844546,0.661609689092,8.881784197e-16,8.881784197e-16,0.08,57042.5807619
2015-10-01,57061.8217219,0.000725139267212,0.000337308721596,21.0888846963,1.03397052392,0.000369704252764,1.81262928518e-05,21088.8846963,0.369704252764,0.368368728941,0.368368728941,0.736737457882,8.74300631892e-16,8.881784197e-16,0.08,57061.8217219
2015-10-02,57143.0854226,0.0018432100407,0.00142413435565,22.7614526727,1.15176935555,0.000398891097162,2.01845878872e-05,22761.4526727,0.398891097162,0.240812204355,0.240812204355,0.48162440871,1.2490009027e-16,5.55111512313e-17,0.08,57143.0854226
2015-10-05,57070.664757,-0.000555929322443,-0.0012673565853,38.3911073691,2.26204148454,0.000671841695021,3.95855678392e-05,38391.1073691,0.671841695021,0.378622624854,0.378622624854,0.757245249708,3.1918911958e-16,2.70616862252e-16,0.08,57070.664757
2015-10-06,56950.0017593,-0.00168784729213,-0.00211427356371,23.1524173704,1.18401341876,0.000405679826387,2.07464451975e-05,23152.4173704,0.405679826387,0.243117076884,0.243117076884,0.486234153768,2.04697370165e-16,1.38777878078e-16,0.08,56950.0017593
2015-10-07,56870.9584911,-0.000928063405358,-0.00138794145315,25.4313971128,0.758658518151,0.000446556564129,1.33214836649e-05,25431.3971128,0.446556564129,0.302132846864,0.302132846864,0.604265693728,-8.32667268469e-17,-1.38777878078e-16,0.08,56870.9584911
2015-10-08,56613.172078,-0.00429514571413,-0.00453283046211,12.5758479516,0.941511484537,0.00022112952349,1.65552244857e-05,12575.8479516,0.22112952349,0.324889159429,0.324889159429,0.649778318858,1.11022302463e-16,6.93889390391e-17,0.08,56613.172078
2015-10-09,56769.0686394,0.00303303484868,0.00275371535714,14.8053265005,1.00783593913,0.000261517345824,1.78021457221e-05,14805.3265005,0.261517345824,0.352261314423,0.352261314423,0.704522628845,1.49880108324e-15,1.4155343564e-15,0.08,56769.0686394
2015-10-12,57034.1243814,0.00507477238685,0.00466901692038,19.7470919696,3.28726795684,0.000347849496968,5.79059694941e-05,19747.0919696,0.347849496968,0.343236301403,0.343236301403,0.686472602805,4.4408920985e-16,4.16333634234e-16,0.08,57034.1243814
2015-10-13,57084.1340061,0.00133215590703,0.00087683689728,24.8960535334,1.07266750172,0.000436511541177,1.880746857e-05,24896.0535334,0.436511541177,0.394152496115,0.394152496115,0.788304992229,1.88737914186e-15,1.91513471748e-15,0.08,57084.1340061
2015-10-14,56726.6598653,-0.00555864340391,-0.00626223287749,38.930927088,1.23286870723,0.000681992076534,2.15973970474e-05,38930.927088,0.681992076534,0.188589415331,0.188589415331,0.377178830663,2.35922392733e-16,2.08166817117e-16,0.08,56726.6598653
2015-10-15,56897.2342064,0.00339103713672,0.00300695196073,21.2016747476,0.586194390011,0.000373751509395,1.03336665935e-05,21201.6747476,0.373751509395,0.193825849313,0.193825849313,0.387651698627,-1.14491749414e-16,-1.11022302463e-16,0.08,56897.2342064
2015-10-16,56850.3292288,-0.00051473059541,-0.000824380628094,17.01394798,0.604282451707,0.000299029438201,1.06205944829e-05,17013.94798,0.299029438201,0.19078218349,0.19078218349,0.38156436698,-4.16333634234e-16,-4.30211422042e-16,0.08,56850.3292288
2015-10-19,56802.8057287,-0.000606364381312,-0.000835940630036,11.2685762914,1.78290903162,0.000198214793903,3.13614548203e-05,11268.5762914,0.198214793903,0.209189396935,0.209189396935,0.41837879387,3.33066907388e-16,2.70616862252e-16,0.08,56802.8057287
2015-10-20,56793.4999069,-9.63299964549e-06,-0.000163826799673,8.10754212919,0.651098338335,0.000142731367318,1.14624327088e-05,8107.54212919,0.142731367318,0.212422232241,0.212422232241,0.424844464482,-9.15933995316e-16,-9.15933995316e-16,0.08,56793.4999069
2015-10-21,56898.9247434,0.00204677162595,0.00185628349556,10.1574354501,0.661052165862,0.000178848556028,1.16395743694e-05,10157.4354501,0.178848556028,0.23871591091,0.23871591091,0.477431821821,-5.55111512313e-17,-8.32667268469e-17,0.08,56898.9247434
2015-10-22,56682.4272555,-0.00336271938281,-0.00380494866748,24.418114423,0.74425636438,0.000429148960777,1.30803238855e-05,24418.114423,0.429148960777,0.264608551829,0.264608551829,0.529217103659,8.32667268469e-17,9.71445146547e-17,0.08,56682.4272555
2015-10-23,56583.9357013,-0.0013304142835,-0.00173760297443,22.2585992436,0.821844109055,0.000392689592195,1.44990987304e-05,22258.5992436,0.392689592195,0.310695738834,0.310695738834,0.621391477668,9.43689570931e-16,9.78384040451e-16,0.08,56583.9357013
2015-10-26,56538.8522836,-0.000306507091898,-0.000796752950515,24.8501133952,2.88992674666,0.00043917258648,5.10732721371e-05,24850.1133952,0.43917258648,0.390965525089,0.390965525089,0.781931050177,-2.77555756156e-17,1.04083408559e-17,0.08,56538.8522836
2015-10-27,56502.744935,-0.000349472225703,-0.000638628962298,15.1373712735,1.21121874361,0.000267733968097,2.1422768498e-05,15137.3712735,0.267733968097,0.295478952821,0.295478952821,0.590957905642,-1.73472347598e-16,-2.01227923213e-16,0.08,56502.744935
2015-10-28,56599.297457,0.00201990279139,0.00170881117469,16.662715371,0.914814898899,0.000294900989149,1.61906275518e-05,16662.715371,0.294900989149,0.293240537756,0.293240537756,0.586481075511,1.66533453694e-16,1.11022302463e-16,0.08,56599.297457
2015-10-29,56682.8326366,0.00176885033393,0.00147590488532,15.6710705066,0.909436077966,0.000276877473939,1.60679746715e-05,15671.0705066,0.276877473939,0.338102137206,0.338102137206,0.676204274411,4.4408920985e-16,4.02455846427e-16,0.08,56682.8326366
2015-10-30,56786.283593,0.00231387661946,0.0018250844493,26.6560104271,1.05011434834,0.000470266025659,1.85261445044e-05,26656.0104271,0.470266025659,0.356752449,0.356752449,0.713504898001,-6.66133814775e-16,-6.38378239159e-16,0.08,56786.283593
2015-11-02,56884.4639095,0.00244080456387,0.00172894421559,37.0937152751,3.33018834106,0.000653216110091,5.86442381919e-05,37093.7152751,0.653216110091,0.233514795187,0.233514795187,0.467029590375,-1.04083408559e-17,-2.77555756156e-17,0.08,56884.4639095
2015-11-03,56903.0103519,0.000956584336218,0.00032603704339,35.1404891638,0.727855558311,0.000617751961584,1.27953312431e-05,35140.4891638,0.617751961584,0.438569241562,0.438569241562,0.877138483125,-2.22044604925e-16,-1.94289029309e-16,0.08,56903.0103519
2015-11-04,56987.4134943,0.00209049900143,0.00148328079301,33.1850968714,1.36744712837,0.000583187017105,2.40311913185e-05,33185.0968714,0.583187017105,0.436544526659,0.436544526659,0.873089053318,3.88578058619e-16,4.4408920985e-16,0.08,56987.4134943
2015-11-05,57257.2438067,0.00515850376733,0.00473491067321,22.7763217421,1.36315306572,0.000399672846082,2.39202480361e-05,22776.3217421,0.399672846082,0.432235200693,0.432235200693,0.864470401386,-4.4408920985e-16,-3.88578058619e-16,0.08,57257.2438067
2015-11-06,57356.8430043,0.00219390840031,0.00173950387764,24.661863075,1.35608746673,0.000430720402091,2.36841205859e-05,24661.863075,0.430720402091,0.394200671768,0.394200671768,0.788401343535,-6.10622663544e-16,-6.52256026967e-16,0.08,57356.8430043
2015-11-09,57429.8656014,0.00204496907507,0.00127312790044,40.5536433171,3.71672976045,0.000707041064204,6.48001104275e-05,40553.6433171,0.707041064204,0.425967973934,0.425967973934,0.851935947869,-1.01307850997e-15,-1.03736463863e-15,0.08,57429.8656014
2015-11-10,57382.9582925,-0.000238704553915,-0.000816775530392,31.8580845971,1.34045389006,0.000554730265576,2.33407109005e-05,31858.0845971,0.554730265576,0.446158419657,0.446158419657,0.892316839314,-7.35522753814e-16,-7.42461647718e-16,0.08,57382.9582925
2015-11-11,57385.7208921,0.000523671469709,4.81432078523e-05,25.88437513,1.40284328696,0.000451081225163,2.44470366935e-05,25884.37513,0.451081225163,0.390258994476,0.390258994476,0.780517988953,-4.99600361081e-16,-6.38378239159e-16,0.08,57385.7208921
2015-11-12,57374.473246,0.000226290257178,-0.000196000781592,23.0063363035,1.22713938261,0.000400906984278,2.13840544919e-05,23006.3363035,0.400906984278,0.419235145572,0.419235145572,0.838470291144,-2.77555756156e-16,-3.60822483003e-16,0.08,57374.473246
2015-11-13,57221.765824,-0.00228432962786,-0.00266159170315,20.3272185637,1.31799428183,0.000354290286493,2.29717887985e-05,20327.2185637,0.354290286493,0.405636999966,0.405636999966,0.811273999933,1.11022302463e-16,5.55111512313e-17,0.08,57221.765824
2015-11-16,57547.0604618,0.00648410758315,0.00568480600098,41.9218974773,3.81555048027,0.000732621527379,6.6680054789e-05,41921.8974773,0.732621527379,0.273255976782,0.273255976782,0.546511953563,1.66533453694e-16,9.02056207508e-17,0.08,57547.0604618
2015-11-17,57649.2389758,0.00221783140401,0.00177556443662,24.589515791,0.861648121501,0.000427294037153,1.49729302346e-05,24589.515791,0.427294037153,0.313134533539,0.313134533539,0.626269067078,3.05311331772e-16,2.01227923213e-16,0.08,57649.2389758
2015-11-18,57383.9026669,-0.00406076017498,-0.0046025986396,30.2474262259,0.989148907154,0.000524680407985,1.71580566323e-05,30247.4262259,0.524680407985,0.285732575706,0.285732575706,0.571465151412,5.13478148889e-16,5.23886489745e-16,0.08,57383.9026669
2015-11-19,57418.7772793,0.000898688984689,0.000607742081234,15.7972331555,0.898435633594,0.000275290323964,1.56565794908e-05,15797.2331555,0.275290323964,0.191698570135,0.191698570135,0.383397140269,2.28983498829e-16,2.28983498829e-16,0.08,57418.7772793
2015-11-20,57420.8736622,0.00030614853195,3.65104063853e-05,14.8791628475,0.603128630319,0.000259134094324,1.05040312403e-05,14879.1628475,0.259134094324,0.213662842388,0.213662842388,0.427325684776,1.94289029309e-16,2.08166817117e-16,0.08,57420.8736622
2015-11-23,57353.0846181,-0.000679399761189,-0.00118056448357,26.7605424415,2.01677376642,0.000466042063361,3.51226590227e-05,26760.5424415,0.466042063361,0.293516124987,0.293516124987,0.587032249973,3.60822483003e-16,3.97251675999e-16,0.08,57353.0846181
2015-11-24,57502.5143021,0.00283022187456,0.00260543412647,11.9698567562,0.922413980995,0.000208704672746,1.60830753417e-05,11969.8567562,0.208704672746,0.224679478991,0.224679478991,0.449358957982,9.29811783124e-16,9.92261828259e-16,0.08,57502.5143021
2015-11-25,57546.4851846,0.00121621384506,0.00076467756298,25.2565463152,0.707925202963,0.000439225077751,1.23112043283e-05,25256.5463152,0.439225077751,0.345552987873,0.345552987873,0.691105975745,0,9.02056207508e-17,0.08,57546.4851846
2015-11-27,57519.3668497,-1.84581039636e-05,-0.000471242244445,23.8769183091,2.17921752297,0.000414915319893,3.78688205888e-05,23876.9183091,0.414915319893,0.221339533995,0.221339533995,0.442679067989,8.18789480661e-16,8.74300631892e-16,0.08,57519.3668497
2015-11-30,57458.381416,-0.000789502330509,-0.0010602591287,13.4809415437,2.09281805822,0.000234372217255,3.63845809306e-05,13480.9415437,0.234372217255,0.192562271009,0.192562271009,0.385124542017,2.28983498829e-16,2.63677968348e-16,0.08,57458.381416
2015-12-01,57409.5199146,-0.000195837887356,-0.000850380747739,37.0027094119,0.606263913092,0.000643991503068,1.05513573155e-05,37002.7094119,0.643991503068,0.414208151107,0.414208151107,0.828416302213,3.33066907388e-16,2.8449465006e-16,0.08,57409.5199146
2015-12-02,57598.107793,0.00395607559067,0.0032849582908,37.2255361785,1.30298581368,0.000648420962827,2.26963370469e-05,37225.5361785,0.648420962827,0.223837726248,0.223837726248,0.447675452496,-2.35922392733e-16,-2.63677968348e-16,0.08,57598.107793
2015-12-03,57642.682489,0.00139975545092,0.000773891672332,35.3421239314,0.70644545121,0.000613598697694,1.22650808903e-05,35342.1239314,0.613598697694,0.329879773019,0.329879773019,0.659759546039,0,-8.32667268469e-17,0.08,57642.682489
2015-12-04,57418.1561484,-0.0032348920843,-0.00389514038715,37.0165569831,1.04192630223,0.000642172698854,1.80756040011e-05,37016.5569831,0.642172698854,0.350325003263,0.350325003263,0.700650006527,6.62664367823e-16,6.10622663544e-16,0.08,57418.1561484
2015-12-07,57296.8701065,-0.00152370478691,-0.00211232909588,30.4911445551,3.30657792987,0.000531036637198,5.75876717693e-05,30491.1445551,0.531036637198,0.348225928574,0.348225928574,0.696451857147,5.55111512313e-16,5.55111512313e-16,0.08,57296.8701065
2015-12-08,57056.3922469,-0.00384060015957,-0.00419705053923,19.3302168126,1.09327429026,0.000337369506862,1.90808727986e-05,19330.2168126,0.337369506862,0.313412947712,0.313412947712,0.626825895424,1.94289029309e-16,2.08166817117e-16,0.08,57056.3922469
2015-12-09,57404.6412242,0.00643036958006,0.00610359266501,17.6648646052,0.979847237256,0.000309603602849,1.71733122034e-05,17664.8646052,0.309603602849,0.314265813813,0.314265813813,0.628531627627,7.07767178199e-16,7.91033905045e-16,0.08,57404.6412242
2015-12-10,57269.9057642,-0.00192916622044,-0.00234711788273,23.0038547413,0.988510481697,0.000400731617701,1.72200445925e-05,23003.8547413,0.400731617701,0.29801479747,0.29801479747,0.596029594941,2.77555756156e-16,4.02455846427e-16,0.08,57269.9057642
2015-12-11,57210.6883774,-0.000586327869118,-0.00103400531254,24.7032516076,0.935193389998,0.00043134786548,1.63295779436e-05,24703.2516076,0.43134786548,0.364988950577,0.364988950577,0.729977901154,1.94289029309e-16,2.22044604925e-16,0.08,57210.6883774
2015-12-14,57315.9419034,0.00266170402789,0.0018397528328,43.5918562955,3.43253738838,0.000761953011436,5.99981836565e-05,43591.8562955,0.761953011436,0.421270424217,0.421270424217,0.842540848434,3.46944695195e-17,3.46944695195e-17,0.08,57315.9419034
2015-12-15,57593.650929,0.00544556453803,0.00484523182219,33.085593356,1.3230417074,0.000577249404917,2.3083310916e-05,33085.593356,0.577249404917,0.388479336657,0.388479336657,0.776958673314,-3.05311331772e-16,-3.40005801291e-16,0.08,57593.650929
2015-12-16,57788.4772335,0.00411624924845,0.00338277399204,41.0175483866,1.22596949636,0.000712188717419,2.12865389949e-05,41017.5483866,0.712188717419,0.276351343175,0.276351343175,0.55270268635,-1.4224732503e-16,-2.63677968348e-16,0.08,57788.4772335
2015-12-17,57800.5474683,0.000640609385755,0.000208869231032,24.0745418114,0.875064290604,0.000416597615371,1.51425393521e-05,24074.5418114,0.416597615371,0.256400889211,0.256400889211,0.512801778422,5.55111512313e-17,-1.38777878078e-17,0.08,57800.5474683
2015-12-18,57782.7015818,-8.40311541457e-07,-0.00030874943673,16.9852550876,0.812060918781,0.000293859761396,1.40493637924e-05,16985.2550876,0.293859761396,0.309941892716,0.309941892716,0.619883785432,2.77555756156e-16,1.97758476261e-16,0.08,57782.7015818
2015-12-21,57786.4046594,0.000402331458687,6.40862662022e-05,16.6007298033,2.94399121554,0.000287295840257,5.09493522273e-05,16600.7298033,0.287295840257,0.237199544852,0.237199544852,0.474399089703,-1.11022302463e-16,-1.35308431126e-16,0.08,57786.4046594
2015-12-22,57795.645708,0.000553968864565,0.000159917348001,22.0197568923,0.751063500483,0.00038105428123,1.29972353343e-05,22019.7568923,0.38105428123,0.268533752279,0.268533752279,0.537067504558,5.55111512313e-17,-4.16333634234e-17,0.08,57795.645708
2015-12-23,57947.4582344,0.003097596094,0.0026267121784,26.3646245246,0.85041543054,0.000456169737386,1.47141782071e-05,26364.6245246,0.456169737386,0.304224133114,0.304224133114,0.608448266228,7.21644966006e-16,6.80011602583e-16,0.08,57947.4582344
2015-12-24,57879.9613062,-0.000620741317841,-0.00116479532081,30.5605731762,0.965973438221,0.000527384187458,1.66698155131e-05,30560.5731762,0.527384187458,0.216247949509,0.216247949509,0.432495899017,-1.52655665886e-16,-1.54390389362e-16,0.08,57879.9613062
2015-12-28,57857.5283672,0.000202478694844,-0.000387576953518,31.4090725176,2.74332557811,0.00054265883751,4.73968108512e-05,31409.0725176,0.54265883751,0.355664115393,0.355664115393,0.711328230787,5.82867087928e-16,5.13478148889e-16,0.08,57857.5283672
2015-12-29,57794.0293305,5.25218962605e-05,-0.00109750690089,65.4102705134,1.12755324085,0.00113054035247,1.94884446791e-05,65410.2705134,1.13054035247,0.415719566096,0.415719566096,0.831439132193,6.93889390391e-16,6.38378239159e-16,0.08,57794.0293305
2015-12-30,57718.1159163,-0.000577572273909,-0.00131351655385,41.2166861885,1.31649911212,0.000713165125636,2.27791543067e-05,41216.6861885,0.713165125636,0.39417971702,0.39417971702,0.788359434041,1.90125692967e-15,1.87350135405e-15,0.08,57718.1159163
2015-12-31,57595.109356,-0.00132421300155,-0.00213116035221,45.3288335678,1.2466471561,0.000785348462059,2.15988886039e-05,45328.8335678,0.785348462059,0.319689014315,0.319689014315,0.63937802863,2.77555756156e-16,2.63677968348e-16,0.08,57595.109356
2016-01-04,57670.6834683,0.00190670446511,0.00131216197261,30.2071182306,4.03562164151,0.00052447366744,7.00688250553e-05,30207.1182306,0.52447366744,0.35512925831,0.35512925831,0.710258516619,4.23272528138e-16,3.05311331772e-16,0.08,57670.6834683
2016-01-05,57543.9608432,-0.00141353309894,-0.00219734911303,44.0809834903,1.12222175596,0.000764356876653,1.94591374416e-05,44080.9834903,0.764356876653,0.337292038388,0.337292038388,0.674584076776,4.16333634234e-16,4.33680868994e-16,0.08,57543.9608432
2016-01-06,57555.634496,0.000604822492344,0.0002028649511,22.0667155975,1.06351341642,0.000383475785716,1.84817555281e-05,22066.7155975,0.383475785716,0.401746096678,0.401746096678,0.803492193356,3.88578058619e-16,3.46944695195e-16,0.08,57555.634496
2016-01-07,57179.7266007,-0.00622562963506,-0.006531209299,16.3208313649,1.26700008222,0.00028356617919,2.20134847495e-05,16320.8313649,0.28356617919,0.314392067717,0.314392067717,0.628784135434,7.21644966006e-16,6.93889390391e-16,0.08,57179.7266007
2016-01-08,57334.4642382,0.00291047547094,0.00270616259779,10.6975212151,0.985033012466,0.000187085910533,1.72269626146e-05,10697.5212151,0.187085910533,0.293670010105,0.293670010105,0.587340020211,-4.99600361081e-16,-5.48172618409e-16,0.08,57334.4642382
2016-01-11,57526.1408444,0.00365040162837,0.00334313067562,14.8494215844,2.76779386721,0.000258996430536,4.82745222091e-05,14849.4215844,0.258996430536,0.306867740003,0.306867740003,0.613735480006,-2.77555756156e-17,6.93889390391e-18,0.08,57526.1408444
2016-01-12,57651.4947977,0.00262906386174,0.00217907809389,24.9186615454,0.967283114082,0.000433171097168,1.68146706851e-05,24918.6615454,0.433171097168,0.338277970991,0.338277970991,0.676555941983,-1.17961196366e-15,-1.20736753928e-15,0.08,57651.4947977
2016-01-13,57639.7088771,0.000278884785115,-0.000204433911212,26.7954299269,1.06861537999,0.000464782917094,1.85357792324e-05,26795.4299269,0.464782917094,0.269159912106,0.269159912106,0.538319824213,6.93889390391e-17,1.66533453694e-16,0.08,57639.7088771
2016-01-14,57683.819982,0.00114476201868,0.000765290209609,21.0225460281,0.850098573984,0.000364723320738,1.47484883346e-05,21022.5460281,0.364723320738,0.315760527004,0.315760527004,0.631521054008,2.08166817117e-16,3.0184188482e-16,0.08,57683.819982
2016-01-15,57576.1837686,-0.00146014051532,-0.00186596888747,22.4116883848,0.998042377925,0.000388526425465,1.73019466851e-05,22411.6883848,0.388526425465,0.402749785546,0.402749785546,0.805499571093,-6.73072708679e-16,-5.96744875736e-16,0.08,57576.1837686
2016-01-19,57274.5987653,-0.00470834766019,-0.00523801654833,25.4138374782,5.08247576228,0.000441394962547,8.82739255992e-05,25413.8374782,0.441394962547,0.343932441179,0.343932441179,0.687864882359,-1.38777878078e-16,-1.17961196366e-16,0.08,57274.5987653
2016-01-20,57122.127039,-0.0022315564033,-0.00266211775532,23.5808537457,1.07937493539,0.000411715738811,1.88456132153e-05,23580.8537457,0.411715738811,0.413008606372,0.413008606372,0.826017212743,-2.22044604925e-16,-2.42861286637e-16,0.08,57122.127039
2016-01-21,57183.3423675,0.00147674321572,0.00107165702129,21.8466765626,1.29270849761,0.000382455585866,2.26306085683e-05,21846.6765626,0.382455585866,0.336364683828,0.336364683828,0.672729367655,3.1918911958e-16,3.74700270811e-16,0.08,57183.3423675
2016-01-22,57161.0453461,8.07527449219e-05,-0.000389921617614,25.860790374,1.0539428425,0.000452243420956,1.84309415796e-05,25860.790374,0.452243420956,0.31958018167,0.31958018167,0.63916036334,3.46944695195e-16,3.1918911958e-16,0.08,57161.0453461
2016-01-25,56910.472403,-0.00384813874718,-0.00438363122377,27.6064268997,3.00288283663,0.000482958748088,5.25337284937e-05,27606.4268997,0.482958748088,0.221879360905,0.221879360905,0.44375872181,1.11022302463e-16,1.2490009027e-16,0.08,56910.472403
2016-01-26,57004.0834926,0.00189003033922,0.00164488336949,13.2595252394,0.691904616196,0.000232989196531,1.21577732003e-05,13259.5252394,0.232989196531,0.277141104896,0.277141104896,0.554282209793,5.41233724505e-16,6.66133814775e-16,0.08,57004.0834926
2016-01-27,57231.680497,0.0044034150014,0.0039926438687,22.5499785375,0.865653407273,0.000395585318734,1.51858139669e-05,22549.9785375,0.395585318734,0.264066420292,0.264066420292,0.528132840583,-2.77555756156e-17,-2.25514051877e-17,0.08,57231.680497
2016-01-28,57128.585284,-0.00120990322088,-0.00180136616867,33.0223107828,0.828107671021,0.000576993554898,1.44693928927e-05,33022.3107828,0.576993554898,0.389038711985,0.389038711985,0.778077423971,3.12250225676e-16,2.91433543964e-16,0.08,57128.585284
2016-01-29,57144.3108828,0.00073414954328,0.000275266729274,24.9975050857,1.21782088967,0.000437565624309,2.13171896978e-05,24997.5050857,0.437565624309,0.319566967484,0.319566967484,0.639133934967,4.30211422042e-16,3.43475248243e-16,0.08,57144.3108828
2016-02-01,57200.9105591,0.00139069093585,0.000990469137573,19.8685192787,3.00187958429,0.000347690241982,5.25315562987e-05,19868.5192787,0.347690241982,0.338758420656,0.338758420656,0.677516841313,-8.32667268469e-17,-1.66533453694e-16,0.08,57200.9105591
2016-02-02,57345.2079194,0.00276753430306,0.00252264096528,12.9463525892,1.0617693217,0.000226331232539,1.85621052414e-05,12946.3525892,0.226331232539,0.344355672438,0.344355672438,0.688711344876,7.42461647718e-16,6.31439345256e-16,0.08,57345.2079194
2016-02-03,57313.446754,-0.000166591959236,-0.000553859102278,21.1258793512,1.0820354868,0.000368398339072,1.88688039692e-05,21125.8793512,0.368398339072,0.400173615653,0.400173615653,0.800347231306,1.38777878078e-15,1.33226762955e-15,0.08,57313.446754
2016-02-04,57602.3685326,0.00580520696084,0.00504108189187,42.5379110864,1.25673036784,0.000742197747572,2.19273214056e-05,42537.9110864,0.742197747572,0.36661074536,0.36661074536,0.733221490721,3.60822483003e-16,4.4408920985e-16,0.08,57602.3685326
2016-02-05,57906.9646145,0.00605166095213,0.00528790898144,42.8367911264,1.15713135684,0.000743663710671,2.00882600197e-05,42836.7911264,0.743663710671,0.370488192855,0.370488192855,0.740976385711,4.16333634234e-17,1.11022302463e-16,0.08,57906.9646145
2016-02-08,57924.4269115,0.000916239512188,0.000301557802016,32.0676923129,3.52665972719,0.000553779541484,6.09021686885e-05,32067.6923129,0.553779541484,0.343731163883,0.343731163883,0.687462327765,2.49800180541e-16,2.49800180541e-16,0.08,57924.4269115
2016-02-09,58212.2293563,0.00534383628465,0.00496858510627,20.6452269523,1.09098250299,0.000356416594055,1.88345843223e-05,20645.2269523,0.356416594055,0.316873140241,0.316873140241,0.633746280481,4.71844785466e-16,5.27355936697e-16,0.08,58212.2293563
2016-02-10,58446.0239308,0.00424501100899,0.00401624499024,12.3062461489,1.01073380365,0.000211403106959,1.7362911794e-05,12306.2461489,0.211403106959,0.311897677652,0.311897677652,0.623795355304,0,2.77555756156e-17,0.08,58446.0239308
2016-02-11,58300.2481301,-0.00195863878676,-0.00249419534358,30.3022922055,0.998859130521,0.00051846627311,1.7090283707e-05,30302.2922055,0.51846627311,0.385858323978,0.385858323978,0.771716647956,-5.67254576644e-16,-5.48172618409e-16,0.08,58300.2481301
2016-02-12,58522.4913838,0.00456097639232,0.0038120464465,42.430164083,1.23263759074,0.000727787023965,2.11429218618e-05,42430.164083,0.727787023965,0.386965024614,0.386965024614,0.773930049228,8.74300631892e-16,9.86190296093e-16,0.08,58522.4913838
2016-02-16,58679.1794578,0.00333288586212,0.00267739924137,33.397168785,4.96354133015,0.000570672368782,8.48142519701e-05,33397.168785,0.570672368782,0.259555116485,0.259555116485,0.51911023297,1.94289029309e-16,2.25514051877e-16,0.08,58679.1794578
2016-02-17,58658.416935,0.000260674288778,-0.000353831172448,35.2241293188,0.834546918324,0.000600283263062,1.42221981636e-05,35224.1293188,0.600283263062,0.300286436141,0.300286436141,0.600572872281,4.85722573274e-16,5.13478148889e-16,0.08,58658.416935
2016-02-18,58816.5663839,0.00348092636785,0.00269610837067,45.0710126957,0.965168601153,0.000768363945888,1.64540512954e-05,45071.0126957,0.768363945888,0.461055633487,0.461055633487,0.922111266975,-2.77555756156e-16,-2.77555756156e-16,0.08,58816.5663839
2016-02-19,58580.7895194,-0.00316154977888,-0.00400868120949,48.3394601461,1.48590187801,0.000821868108223,2.52633223829e-05,48339.4601461,0.821868108223,0.248971731263,0.248971731263,0.497943462526,1.80411241502e-16,1.78025996722e-16,0.08,58580.7895194
2016-02-22,58653.3018398,0.00153287594455,0.00123781739716,14.8872348927,2.39752776746,0.00025413168745,4.09268599337e-05,14887.2348927,0.25413168745,0.231670397588,0.231670397588,0.463340795176,1.73472347598e-16,1.38777878078e-16,0.08,58653.3018398
2016-02-23,58596.2382289,-0.000659396081449,-0.000972896820856,17.6432927416,0.744560753813,0.000300806471046,1.2694268361e-05,17643.2927416,0.300806471046,0.229958239505,0.229958239505,0.459916479011,1.17961196366e-16,9.71445146547e-17,0.08,58596.2382289
2016-02-24,58637.9147083,0.000986713863819,0.000711248378008,15.4029021737,0.738339056699,0.000262865034331,1.26004514797e-05,15402.9021737,0.262865034331,0.261555293445,0.261555293445,0.52311058689,9.02056207508e-16,9.15933995316e-16,0.08,58637.9147083
2016-02-25,58604.403992,-0.000206078379044,-0.000571485470622,20.5863231855,0.840386684304,0.000351075294677,1.43317969011e-05,20586.3231855,0.351075294677,0.31183551539,0.31183551539,0.623671030779,6.10622663544e-16,6.24500451352e-16,0.08,58604.403992
2016-02-26,58495.1732754,-0.00131890357894,-0.00186386532659,30.9357921442,1.00136627523,0.000527874870094,1.70868775556e-05,30935.7921442,0.527874870094,0.326911208884,0.326911208884,0.653822417767,2.41473507856e-15,2.28983498829e-15,0.08,58495.1732754
2016-02-29,58463.0461441,-0.000186805396488,-0.000549227048063,18.056455202,3.14346210564,0.000308682822717,5.37388288576e-05,18056.455202,0.308682822717,0.240243980109,0.240243980109,0.480487960217,1.45716771982e-16,1.5959455979e-16,0.08,58463.0461441
2016-03-01,58395.3412516,-0.000897308904554,-0.00115808013752,14.475869947,0.769610679175,0.000247607179265,1.31640537046e-05,14475.869947,0.247607179265,0.205122205105,0.205122205105,0.41024441021,1.38777878078e-16,1.30104260698e-16,0.08,58395.3412516
2016-03-02,58386.6462994,0.000130284441225,-0.000148898045001,15.6466178606,0.656338693994,0.000267942913344,1.12395728825e-05,15646.6178606,0.267942913344,0.205149061924,0.205149061924,0.410298123847,1.12757025938e-16,1.2490009027e-16,0.08,58386.6462994
2016-03-03,58508.497379,0.00232944439253,0.00208696829329,13.5010393537,0.656326888613,0.00023123505475,1.1241044489e-05,13501.0393537,0.23123505475,0.243337051931,0.243337051931,0.486674103863,-1.11022302463e-16,-1.66533453694e-16,0.08,58508.497379
2016-03-04,58377.7781423,-0.0017331488501,-0.0022341923402,28.5351765073,0.780125220008,0.000487709953008,1.33335370921e-05,28535.1765073,0.487709953008,0.351344686908,0.351344686908,0.702689373815,-1.36696209907e-15,-1.22124532709e-15,0.08,58377.7781423
2016-03-07,58354.7343625,0.000117178139054,-0.000394735472271,26.5127536656,3.37162556446,0.000454158320327,5.77552909985e-05,26512.7536656,0.454158320327,0.343978112551,0.343978112551,0.687956225102,-4.37150315946e-16,-4.4408920985e-16,0.08,58354.7343625
2016-03-08,58508.8229209,0.00329722774981,0.00264054939298,37.2204142858,1.09987678819,0.000637830241066,1.88481157562e-05,37220.4142858,0.637830241066,0.413549002948,0.413549002948,0.827098005895,1.94289029309e-16,2.77555756156e-16,0.08,58508.8229209
2016-03-09,58466.0853549,-0.000183539994525,-0.000730446518085,30.6730341806,1.32582276069,0.00052424630422,2.26602193396e-05,30673.0341806,0.52424630422,0.341556839019,0.341556839019,0.683113678037,-2.77555756156e-17,-2.77555756156e-17,0.08,58466.0853549
2016-03-10,58412.7650728,-0.000513701360959,-0.000911986526666,22.1919557923,1.09421870157,0.000379569722473,1.87154432339e-05,22191.9557923,0.379569722473,0.35460955283,0.35460955283,0.709219105661,1.38777878078e-16,1.52655665886e-16,0.08,58412.7650728
2016-03-11,58411.4523618,0.000376797774197,-2.24730168568e-05,22.1875123154,1.13499860285,0.000379840130625,1.94306604291e-05,22187.5123154,0.379840130625,0.261248543884,0.261248543884,0.522497087768,8.32667268469e-17,8.32667268469e-17,0.08,58411.4523618
2016-03-14,58367.3104361,-0.000170826132078,-0.000755706695942,31.6552453509,2.50847784257,0.000541935597746,4.29449661179e-05,31655.2453509,0.541935597746,0.377826071032,0.377826071032,0.755652142064,2.42861286637e-16,2.63677968348e-16,0.08,58367.3104361
2016-03-15,58474.5790429,0.00238244885062,0.00183781993734,30.5801581921,1.20836666185,0.000523926114868,2.07027984127e-05,30580.1581921,0.523926114868,0.333240994985,0.333240994985,0.66648198997,6.66133814775e-16,6.80011602583e-16,0.08,58474.5790429
2016-03-16,58421.0576612,-0.000572963504488,-0.000915293151436,18.9498490183,1.06773298091,0.000324069866401,1.82597805471e-05,18949.8490183,0.324069866401,0.298521366633,0.298521366633,0.597042733266,2.08166817117e-17,5.55111512313e-17,0.08,58421.0576612
2016-03-17,58388.414055,-3.16741091583e-05,-0.000558764381599,29.8375583784,0.955612820447,0.000510732937282,1.6357335158e-05,29837.5583784,0.510732937282,0.277249539112,0.277249539112,0.554499078224,2.22044604925e-16,2.42861286637e-16,0.08,58388.414055
2016-03-18,58421.4869978,0.000964704323889,0.000566429886875,22.3675902216,0.887022514313,0.000383082681447,1.51917555678e-05,22367.5902216,0.383082681447,0.343693901294,0.343693901294,0.687387802588,-3.60822483003e-16,-3.0184188482e-16,0.08,58421.4869978
2016-03-21,58516.6319788,0.00209168541453,0.00162859567518,23.7537157693,3.30067541682,0.000406592111737,5.649762761e-05,23753.7157693,0.406592111737,0.256110317395,0.256110317395,0.512220634789,5.55111512313e-17,2.77555756156e-17,0.08,58516.6319788
2016-03-22,58514.823239,0.000339266878515,-3.09098425423e-05,20.8403051895,0.821189763779,0.000356143279009,1.4033442049e-05,20840.3051895,0.356143279009,0.149228544879,0.149228544879,0.298457089758,0,-9.54097911787e-18,0.08,58514.823239
2016-03-23,58597.5202604,0.0016825470345,0.00141326619259,15.2784506235,0.47847024251,0.000261103935342,8.17690656872e-06,15278.4506235,0.261103935342,0.200340819785,0.200340819785,0.400681639571,2.42861286637e-16,2.88939878967e-16,0.08,58597.5202604
2016-03-24,58491.103184,-0.00126660124599,-0.00181606791401,31.5541252944,0.643258917609,0.000538489088858,1.09775791663e-05,31554.1252944,0.538489088858,0.288641727912,0.288641727912,0.577283455824,3.33066907388e-16,3.40005801291e-16,0.08,58491.103184
2016-03-28,58540.2770258,0.0013215756156,0.000840706348501,24.4261962561,3.70037766367,0.000417605326733,6.32639403642e-05,24426.1962561,0.417605326733,0.378115014201,0.378115014201,0.756230028402,1.11022302463e-16,1.19695919842e-16,0.08,58540.2770258
2016-03-29,58539.3269792,0.00059585854861,-1.62289397649e-05,34.6188967401,1.21287439337,0.00059136885746,2.07186309151e-05,34618.8967401,0.59136885746,0.351098173164,0.351098173164,0.702196346328,8.881784197e-16,8.46545056277e-16,0.08,58539.3269792
2016-03-30,58674.3492475,0.00293327450046,0.00230652238926,35.5634522104,1.12619456223,0.000607513855139,1.92382560638e-05,35563.4522104,0.607513855139,0.261641554275,0.261641554275,0.52328310855,3.60822483003e-16,5.34294830601e-16,0.08,58674.3492475
2016-03-31,58619.621161,-0.00044432123175,-0.000932742965884,27.8166412206,0.84118618812,0.000474085210613,1.43365235219e-05,27816.6412206,0.474085210613,0.280707728338,0.280707728338,0.561415456677,6.93889390391e-18,2.63677968348e-16,0.08,58619.621161
2016-04-01,58587.2903181,-0.000134457480931,-0.000551536195734,23.5473534784,0.901642777652,0.000401697469415,1.53812453884e-05,23547.3534784,0.401697469415,0.3391905369,0.3391905369,0.678381073799,2.77555756156e-16,3.60822483003e-16,0.08,58587.2903181
2016-04-04,58695.9795176,0.00253511776179,0.00185516686092,36.5698088655,3.26667196578,0.000624193552338,5.57573485314e-05,36569.8088655,0.624193552338,0.498752549117,0.498752549117,0.997505098235,4.57966997658e-16,6.66133814775e-16,0.08,58695.9795176
2016-04-05,58790.6013116,0.00217897575529,0.00161206601825,31.6712253597,1.60409695383,0.000539580830237,2.73289068009e-05,31671.2253597,0.539580830237,0.372765360113,0.372765360113,0.745530720226,6.38378239159e-16,7.77156117238e-16,0.08,58790.6013116
2016-04-06,58702.3544606,-0.00102198692249,-0.00150103671413,26.9627979299,1.20082737913,0.000458624292461,2.04254991843e-05,26962.7979299,0.458624292461,0.279111956939,0.279111956939,0.558223913878,4.71844785466e-16,6.27969898304e-16,0.08,58702.3544606
2016-04-07,58628.9716266,-0.000907788914732,-0.00125008331729,19.1957049363,0.897782412625,0.0003270005967,1.52938058597e-05,19195.7049363,0.3270005967,0.161883758285,0.161883758285,0.32376751657,2.35922392733e-16,2.53269627493e-16,0.08,58628.9716266
2016-04-08,58655.8409484,0.000625272695866,0.000458294271383,9.26971422789,0.520059083358,0.000158108081563,8.87034291972e-06,9269.71422789,0.158108081563,0.189287868293,0.189287868293,0.378575736586,-1.38777878078e-17,-1.38777878078e-17,0.08,58655.8409484
2016-04-11,58705.7430235,0.00108996983151,0.000850760543625,12.2058977086,1.82512423497,0.00020809347392,3.1115813966e-05,12205.8977086,0.20809347392,0.23144762035,0.23144762035,0.4628952407,6.24500451352e-17,3.12250225676e-17,0.08,58705.7430235
2016-04-12,58668.6566424,-0.000400995494744,-0.000631733441906,12.801132795,0.744509836914,0.000218055885773,1.26820613891e-05,12801.132795,0.218055885773,0.331179428787,0.331179428787,0.662358857574,-1.11022302463e-16,-1.73472347598e-16,0.08,58668.6566424
2016-04-13,58825.1444916,0.00299618276383,0.00266731604377,18.2295192446,1.06464943532,0.000310719902037,1.81468180157e-05,18229.5192446,0.310719902037,0.31101090509,0.31101090509,0.622021810179,-2.32452945781e-16,-2.35922392733e-16,0.08,58825.1444916
2016-04-14,58796.7992298,0.000130669654535,-0.000481856219409,35.0294429612,1.00248007838,0.000595484180514,1.70416934296e-05,35029.4429612,0.595484180514,0.320099739925,0.320099739925,0.64019947985,1.80411241502e-16,2.91433543964e-16,0.08,58796.7992298
2016-04-15,58881.646114,0.001893459411,0.00144305277337,25.4511897321,1.03127891188,0.000432866925845,1.75397117767e-05,25451.1897321,0.432866925845,0.296072086024,0.296072086024,0.592144172048,-2.77555756156e-16,-3.88578058619e-16,0.08,58881.646114
2016-04-18,58881.8141674,0.000533342526496,2.85408733358e-06,28.3702990968,2.86573344551,0.000481819055158,4.8669384004e-05,28370.2990968,0.481819055158,0.343642566134,0.343642566134,0.687285132269,7.6327832943e-17,1.04083408559e-16,0.08,58881.8141674
2016-04-19,58905.6891707,0.000791923712491,0.000405473297016,21.6461729067,1.10872864214,0.000367620685823,1.88297296512e-05,21646.1729067,0.367620685823,0.298530746266,0.298530746266,0.597061492533,-3.1918911958e-16,-4.16333634234e-16,0.08,58905.6891707
2016-04-20,58699.7183699,-0.00303551896142,-0.00349661982943,26.1978940321,0.963570375204,0.000444743018899,1.63578491105e-05,26197.8940321,0.444743018899,0.267178000829,0.267178000829,0.534356001659,-3.33066907388e-16,-5.75928194024e-16,0.08,58699.7183699
2016-04-21,58725.7131866,0.000846296262113,0.000442843976582,22.8231780896,0.859357446757,0.000388812395075,1.46398904564e-05,22823.1780896,0.388812395075,0.31965302738,0.31965302738,0.63930605476,0,-8.32667268469e-17,0.08,58725.7131866
2016-04-22,58638.9553042,-0.00125561110766,-0.00147734063488,11.9926299902,1.02859463042,0.000204214292845,1.7515234377e-05,11992.6299902,0.204214292845,0.270873668086,0.270873668086,0.541747336172,-1.04083408559e-16,-1.38777878078e-16,0.08,58638.9553042
2016-04-25,58661.2450021,0.000819465010348,0.000380117582621,23.1518469584,2.61102721907,0.000394820249411,4.45271783155e-05,23151.8469584,0.394820249411,0.333444136504,0.333444136504,0.666888273009,-3.74700270811e-16,-5.41233724505e-16,0.08,58661.2450021
2016-04-26,58528.1488398,-0.00207128155855,-0.00226889426406,10.5204129126,1.07179442115,0.000179341793925,1.82709115893e-05,10520.4129126,0.179341793925,0.272301838335,0.272301838335,0.54460367667,-2.35922392733e-16,-2.11636264069e-16,0.08,58528.1488398
2016-04-27,58347.6201768,-0.00280507342134,-0.0030844758741,15.4796303944,0.873277946489,0.000264481804076,1.49206486759e-05,15479.6303944,0.264481804076,0.253301974781,0.253301974781,0.506603949561,-3.46944695195e-16,-4.23272528138e-16,0.08,58347.6201768
2016-04-28,58292.7649292,-0.000534387115146,-0.000940145414842,22.8651918439,0.809839310384,0.000391878739434,1.38795602619e-05,22865.1918439,0.391878739434,0.218860350387,0.218860350387,0.437720700774,1.2490009027e-16,2.08166817117e-17,0.08,58292.7649292
2016-04-29,58261.1972309,-0.000290663007512,-0.000541537159427,13.9250808434,0.699067120955,0.000238881803948,1.19923479664e-05,13925.0808434,0.238881803948,0.262457170034,0.262457170034,0.524914340068,5.55111512313e-17,-4.16333634234e-17,0.08,58261.1972309
2016-05-02,58305.2601997,0.0010864548387,0.000756300435061,16.7215904518,2.51360037501,0.000287010759246,4.31436443891e-05,16721.5904518,0.287010759246,0.179513729174,0.179513729174,0.359027458348,-7.6327832943e-17,-1.80411241502e-16,0.08,58305.2601997
2016-05-03,58454.8014329,0.00268274596638,0.00256479831712,6.30345634215,0.573512037748,0.000108111280536,9.83636872187e-06,6303.45634215,0.108111280536,0.165081076938,0.165081076938,0.330162153875,-2.77555756156e-17,-1.11022302463e-16,0.08,58454.8014329
2016-05-04,58432.5779246,-0.000187284497191,-0.000380182770076,10.7470750836,0.52875515467,0.000183852734423,9.04553846234e-06,10747.0750836,0.183852734423,0.218587545891,0.218587545891,0.437175091782,-5.55111512313e-17,-8.32667268469e-17,0.08,58432.5779246
2016-05-05,58343.3899913,-0.00101205399912,-0.0015263391842,29.3511388075,0.699870345677,0.000502307785314,1.19773997748e-05,29351.1388075,0.502307785314,0.35007956813,0.35007956813,0.70015913626,2.49800180541e-16,2.49800180541e-16,0.08,58343.3899913
2016-05-06,58348.9793139,0.000493231187255,9.58004439466e-05,22.0682881516,1.1191686998,0.000378248301219,1.91824420893e-05,22068.2881516,0.378248301219,0.377416624839,0.377416624839,0.754833249678,-8.32667268469e-17,-1.38777878078e-16,0.08,58348.9793139
2016-05-09,58344.4892599,0.000457682388926,-7.69517145889e-05,27.575320027,3.62003421953,0.0004725930145,6.20410890147e-05,27575.320027,0.4725930145,0.310156716798,0.310156716798,0.620313433597,5.55111512313e-17,1.94289029309e-16,0.08,58344.4892599
2016-05-10,58358.8245939,0.000567482561364,0.000245701593024,17.7825881564,0.991558094911,0.000304786079748,1.69948885917e-05,17782.5881564,0.304786079748,0.27456768209,0.27456768209,0.54913536418,1.22124532709e-15,1.37563571645e-15,0.08,58358.8245939
2016-05-11,58290.6982371,-0.000646030880559,-0.00116737026914,29.5467568251,0.877997106753,0.000506294584079,1.50448044981e-05,29546.7568251,0.506294584079,0.37393140105,0.37393140105,0.747862802099,9.71445146547e-17,6.24500451352e-17,0.08,58290.6982371
2016-05-12,58132.4151358,-0.00220015959411,-0.00271540925254,28.8399213994,1.19434095671,0.000494760266588,2.04893918383e-05,28839.9213994,0.494760266588,0.285412305865,0.285412305865,0.570824611731,-1.38777878078e-17,-2.08166817117e-17,0.08,58132.4151358
2016-05-13,58020.5717114,-0.00156999386905,-0.00192394250381,19.6667543616,0.909134610927,0.000338309604301,1.56390304584e-05,19666.7543616,0.338309604301,0.368414794775,0.368414794775,0.736829589549,1.87350135405e-16,1.45716771982e-16,0.08,58020.5717114
2016-05-16,58179.9455696,0.00327009968714,0.00274685087456,26.8453919076,3.51380334572,0.000462687476454,6.05613361273e-05,26845.3919076,0.462687476454,0.301130219853,0.301130219853,0.602260439705,-2.77555756156e-16,-3.1918911958e-16,0.08,58179.9455696
2016-05-17,58155.0564053,-9.44148903927e-05,-0.000427796279911,18.4361253536,0.959985742486,0.000316881103499,1.65002860193e-05,18436.1253536,0.316881103499,0.327266545886,0.327266545886,0.654533091772,-5.55111512313e-17,-2.77555756156e-17,0.08,58155.0564053
2016-05-18,57896.3937977,-0.00397941380469,-0.0044478094184,26.1967128181,1.04286051702,0.000450463200233,1.79324134732e-05,26196.7128181,0.450463200233,0.5,0.5,1,-1.05471187339e-15,-8.04911692853e-16,0.0794606703341,57896.3937977
2016-05-19,57810.0069588,-0.000864127523657,-0.00149209360389,34.7707689029,1.5862025698,0.000600568819958,2.7397260274e-05,34770.7689029,0.600568819958,0.33347491586,0.33347491586,0.666949831719,-4.57966997658e-16,-4.71844785466e-16,0.08,57810.0069588
2016-05-20,57767.1703287,-0.000272423271986,-0.000740989879336,26.0314998065,1.05633902501,0.00045029400922,1.82725981293e-05,26031.4998065,0.45029400922,0.339055576056,0.339055576056,0.678111152113,-4.89192020225e-16,-4.99600361081e-16,0.08,57767.1703287
2016-05-23,57713.4792959,-0.000664840921713,-0.000929438511506,12.065391373,3.21966266514,0.000208862426606,5.57351631873e-05,12065.391373,0.208862426606,0.30009907747,0.30009907747,0.600198154939,-2.22044604925e-16,-1.80411241502e-16,0.08,57713.4792959
2016-05-24,57682.4414071,-0.00030819034895,-0.000537792717357,12.3021234863,0.949028049001,0.00021315858334,1.64437850668e-05,12302.1234863,0.21315858334,0.28426463725,0.28426463725,0.568529274501,-7.1991024253e-16,-7.35522753814e-16,0.08,57682.4414071
2016-05-25,57562.8652157,-0.00180359111723,-0.00207300849988,14.6421823455,0.898470042865,0.000253841238136,1.55761445069e-05,14642.1823455,0.253841238136,0.293476341948,0.293476341948,0.586952683896,-1.2490009027e-16,-1.23165366794e-16,0.08,57562.8652157
2016-05-26,57534.397934,-8.38740393245e-05,-0.000494542472853,22.7135892703,0.925662417291,0.00039458753808,1.60808954492e-05,22713.5892703,0.39458753808,0.229995093026,0.229995093026,0.459990186053,-6.93889390391e-17,-3.46944695195e-17,0.08,57534.397934
2016-05-27,57504.2789673,-8.45675033042e-05,-0.000523494948982,24.5283507509,0.72507557288,0.000426324974827,1.26024708508e-05,24528.3507509,0.426324974827,0.311669325023,0.311669325023,0.623338650047,6.10622663544e-16,7.59808882478e-16,0.08,57504.2789673
2016-05-31,57358.1782838,-0.00195898928319,-0.00254069238186,29.5222375772,3.92817968476,0.000513392013731,6.83110849366e-05,29522.2375772,0.513392013731,0.409178394188,0.409178394188,0.818356788375,6.45317133063e-16,6.93889390391e-16,0.08,57358.1782838
2016-06-01,57247.083569,-0.00145591262538,-0.00193685919135,26.300206422,1.2860124539,0.000458525832042,2.24207339281e-05,26300.206422,0.458525832042,0.407747334774,0.407747334774,0.815494669548,8.04911692853e-16,8.32667268469e-16,0.08,57247.083569
2016-06-02,57264.1478404,0.000803978827755,0.000298081060162,27.682139135,1.27903264377,0.000483555447878,2.23423197137e-05,27682.139135,0.483555447878,0.208196147888,0.208196147888,0.416392295776,-2.77555756156e-17,-5.55111512313e-17,0.08,57264.1478404
2016-06-03,57291.2329698,0.000905680151128,0.000472985811781,24.1246027555,0.653269862601,0.000421286331244,1.14080081035e-05,24124.6027555,0.421286331244,0.344584672297,0.344584672297,0.689169344594,2.22044604925e-16,2.49800180541e-16,0.08,57291.2329698
2016-06-06,57353.8255142,0.00154865063437,0.00109253268043,22.8863521684,3.24520779262,0.000399473898221,5.66440557201e-05,22886.3521684,0.399473898221,0.278212262073,0.278212262073,0.556424524146,1.11022302463e-16,7.97972798949e-17,0.08,57353.8255142
2016-06-07,57380.7418713,0.000836038977095,0.0004693036058,20.1593456713,0.874330823827,0.000351490863784,1.52445075109e-05,20159.3456713,0.351490863784,0.286255566381,0.286255566381,0.572511132761,2.22044604925e-16,2.98372437868e-16,0.08,57380.7418713
2016-06-08,57231.6620947,-0.00213128750369,-0.00259808032665,25.8848879735,0.9000305076,0.000451107586438,1.5685236514e-05,25884.8879735,0.451107586438,0.378955446664,0.378955446664,0.757910893327,3.81639164715e-17,-8.32667268469e-17,0.08,57231.6620947
2016-06-09,57151.753999,-0.00111810326509,-0.00139622182465,14.7287901588,1.18839726424,0.000257353877552,2.0764682009e-05,14728.7901588,0.257353877552,0.401921542457,0.401921542457,0.803843084913,3.81639164715e-16,4.30211422042e-16,0.08,57151.753999
2016-06-10,57279.4386404,0.00267877092414,0.0022341333814,24.1531567697,1.25865869158,0.000422614444521,2.20230982168e-05,24153.1567697,0.422614444521,0.435729846788,0.435729846788,0.871459693577,6.10622663544e-16,6.86950496487e-16,0.08,57279.4386404
2016-06-13,57135.1419799,-0.00219122764675,-0.00251917029914,14.6816267577,4.10274427774,0.000256315828265,7.16268241296e-05,14681.6267577,0.256315828265,0.377638718842,0.377638718842,0.755277437684,7.70217223334e-16,8.63892291036e-16,0.08,57135.1419799
2016-06-14,56832.2601871,-0.00486010949185,-0.00530114710923,24.0164761028,1.18227078455,0.000420345084839,2.06925325393e-05,24016.4761028,0.420345084839,0.347023366245,0.347023366245,0.69404673249,4.16333634234e-16,5.72458747072e-16,0.08,56832.2601871
2016-06-15,56930.5534534,0.00223197591762,0.00172953294474,27.4743055311,1.08066423241,0.000483427993901,1.90149789723e-05,27474.3055311,0.483427993901,0.277269512427,0.277269512427,0.554539024854,4.23272528138e-16,4.99600361081e-16,0.08,56930.5534534
2016-06-16,56931.0173387,0.000344413889449,8.14826633233e-06,18.2788506726,0.864937358808,0.000321072773121,1.5192849996e-05,18278.8506726,0.321072773121,0.252953005365,0.252953005365,0.50590601073,-2.08166817117e-17,0,0.08,56931.0173387
2016-06-17,56826.2954933,-0.0013381335353,-0.00183945150275,27.751453024,0.789088873114,0.0004874575288,1.38604386501e-05,27751.453024,0.4874575288,0.30770352415,0.30770352415,0.615407048301,8.74300631892e-16,9.95731275211e-16,0.08,56826.2954933
2016-06-20,56840.6931974,0.000830682243298,0.000253363411145,29.932536897,2.87435365277,0.000526737430923,5.05814012302e-05,29932.536897,0.526737430923,0.312542634767,0.312542634767,0.625085269535,2.22044604925e-16,1.94289029309e-16,0.08,56840.6931974
2016-06-21,56835.3822646,0.000235899496457,-9.34353977214e-05,17.7461913497,0.97343232953,0.000312209270355,1.71256238229e-05,17746.1913497,0.312209270355,0.256596044137,0.256596044137,0.513192088274,1.66533453694e-16,1.52655665886e-16,0.08,56835.3822646
2016-06-22,56798.006286,-9.27554193241e-05,-0.000657618144005,31.3050801579,0.799108726363,0.000550802667468,1.4060057213e-05,31305.0801579,0.550802667468,0.339121613802,0.339121613802,0.678243227604,2.22044604925e-16,1.38777878078e-16,0.08,56798.006286
2016-06-23,56727.9255785,-0.000787965563329,-0.00123385858338,24.2704136487,1.05542090698,0.000427311013813,1.85820062357e-05,24270.4136487,0.427311013813,0.261500502912,0.261500502912,0.523001005824,2.77555756156e-17,-5.55111512313e-17,0.08,56727.9255785
2016-06-24,56744.0122812,0.000625043391597,0.000283576431411,18.5578695067,0.812842798243,0.000327138165506,1.43287946801e-05,18557.8695067,0.327138165506,0.226076846674,0.226076846674,0.452153693347,3.33066907388e-16,4.85722573274e-16,0.08,56744.0122812
2016-06-27,56635.1006558,-0.00116881387559,-0.00191935009424,40.4796406772,2.10879573109,0.000713372901385,3.71633172614e-05,40479.6406772,0.713372901385,0.319616119898,0.319616119898,0.639232239795,8.32667268469e-17,8.32667268469e-17,0.08,56635.1006558
2016-06-28,56759.9074375,0.00254988784065,0.00220370018262,18.6145103311,0.991862527213,0.00032867444598,1.75132120492e-05,18614.5103311,0.32867444598,0.200788925979,0.200788925979,0.401577851957,-3.74700270811e-16,-3.67761376907e-16,0.08,56759.9074375
2016-06-29,56767.7461999,0.000466491858233,0.000138103861209,18.0147922679,0.624480046741,0.000317385864093,1.10021329303e-05,18014.7922679,0.317385864093,0.242832650993,0.242832650993,0.485665301985,4.57966997658e-16,4.99600361081e-16,0.08,56767.7461999
2016-06-30,56862.3059487,0.00204253368614,0.001665730193,20.6349391864,0.755345879485,0.000363497594456,1.33058986845e-05,20634.9391864,0.363497594456,0.290898728634,0.290898728634,0.581797457269,2.20309881449e-16,2.28983498829e-16,0.08,56862.3059487
2016-07-01,56833.1548805,-0.000206992440657,-0.00051266067537,16.4746350642,0.906365616861,0.00028972857835,1.59396563635e-05,16474.6350642,0.28972857835,0.214332139643,0.214332139643,0.428664279286,5.96744875736e-16,6.69603261727e-16,0.08,56833.1548805
2016-07-05,56770.7009167,-0.000719340708639,-0.00109890017569,18.9017161276,2.66984584947,0.000332582559728,4.6976907319e-05,18901.7161276,0.332582559728,0.23605031448,0.23605031448,0.47210062896,6.52256026967e-16,6.41847686111e-16,0.08,56770.7009167
2016-07-06,56762.3001505,0.000168737604594,-0.000147977142733,17.2458309742,0.734287222171,0.00030378048352,1.29342638071e-05,17245.8309742,0.30378048352,0.290890995727,0.290890995727,0.581781991453,1.36002320517e-15,1.15879528195e-15,0.08,56762.3001505
2016-07-07,56928.582967,0.00320978182106,0.00292945874301,15.007035188,0.904747507426,0.000264383845409,1.59392326426e-05,15007.035188,0.264383845409,0.329743891676,0.329743891676,0.659487783353,1.04083408559e-15,1.10328413072e-15,0.08,56928.582967
2016-07-08,56942.6077305,0.000976101791887,0.000246357150249,40.5147337189,1.02859465727,0.00071167648319,1.8068158448e-05,40514.7337189,0.71167648319,0.415171366971,0.415171366971,0.830342733942,1.30451205393e-15,1.47104550763e-15,0.08,56942.6077305
2016-07-11,56888.7009393,-0.000387092869481,-0.00094668638011,27.9785317987,3.88618196554,0.000491346162634,6.82473479953e-05,27978.5317987,0.491346162634,0.260113561065,0.260113561065,0.520227122131,5.06539254985e-16,5.6898930012e-16,0.08,56888.7009393
2016-07-12,56948.5584517,0.00137770155521,0.0010521863119,17.7073161725,0.810823155381,0.000311262445444,1.42527978666e-05,17707.3161725,0.311262445444,0.308321461055,0.308321461055,0.616642922109,4.16333634234e-17,6.93889390391e-17,0.08,56948.5584517
2016-07-13,56867.1018393,-0.00108835271058,-0.00143035424622,18.5143868951,0.962107547769,0.000325107209005,1.68943266331e-05,18514.3868951,0.325107209005,0.262260147539,0.262260147539,0.524520295077,5.13478148889e-16,4.64905891562e-16,0.08,56867.1018393
2016-07-14,56783.2693981,-0.00113380454212,-0.00147418170598,18.5390587577,0.817204083204,0.000326006744814,1.43704190432e-05,18539.0587577,0.326006744814,0.273208707959,0.273208707959,0.546417415919,5.6898930012e-16,5.55111512313e-16,0.08,56783.2693981
2016-07-15,56827.8990964,0.00125126439249,0.000785965633368,25.5711199312,0.850064858409,0.000450328418957,1.49703401622e-05,25571.1199312,0.450328418957,0.344310776934,0.344310776934,0.688621553868,2.08166817117e-16,2.70616862252e-16,0.08,56827.8990964
2016-07-18,56757.6449699,-0.000833196294721,-0.0012362611956,19.6889274467,3.21640406949,0.00034646586905,5.65990318247e-05,19688.9274467,0.34646586905,0.329173539607,0.329173539607,0.658347079214,5.41233724505e-16,5.6898930012e-16,0.08,56757.6449699
2016-07-19,56780.9630712,0.000824644231294,0.000410836307769,22.4630308862,1.02373232299,0.000395771017245,1.80369062798e-05,22463.0308862,0.395771017245,0.304679786033,0.304679786033,0.609359572067,-5.20417042793e-17,2.77555756156e-17,0.08,56780.9630712
2016-07-20,56704.4260962,-0.000685458378642,-0.00134793372428,36.6680422908,0.947945845442,0.000645780562842,1.66947827964e-05,36668.0422908,0.645780562842,0.397191439659,0.397191439659,0.794382879319,2.77555756156e-17,8.32667268469e-17,0.08,56704.4260962
2016-07-21,56635.8301937,-0.000639348233329,-0.00120970984468,31.1079175573,1.23411028144,0.000548597696844,2.17639145019e-05,31107.9175573,0.548597696844,0.5,0.5,1,1.11022302463e-16,2.49800180541e-16,0.0762030156525,56635.8301937
2016-07-22,56502.1258048,-0.00188749184278,-0.00236077388598,25.2530548519,1.55166658065,0.000445884782928,2.7397260274e-05,25253.0548519,0.445884782928,0.415258980807,0.415258980807,0.830517961615,1.2490009027e-16,1.11022302463e-16,0.08,56502.1258048
2016-07-25,56385.8972051,-0.00170111370654,-0.00205706595994,16.2551250011,3.85693400139,0.000287690503137,6.82617502697e-05,16255.1250011,0.287690503137,0.386939915399,0.386939915399,0.773879830799,2.08166817117e-16,1.38777878078e-16,0.08,56385.8972051
2016-07-26,56501.2539079,0.0024556539216,0.00204584317084,21.912042521,1.19550434489,0.000388608563614,2.12021871452e-05,21912.042521,0.388608563614,0.351545924933,0.351545924933,0.703091849866,1.38777878078e-17,0,0.08,56501.2539079
2016-07-27,56659.3882635,0.0032678155214,0.0027987760402,25.4129470083,1.08837181178,0.000449776690792,1.92627904073e-05,25412.9470083,0.449776690792,0.283382654896,0.283382654896,0.566765309793,-2.35922392733e-16,-3.05311331772e-16,0.08,56659.3882635
2016-07-28,56661.9165229,0.000448471795618,4.46220723029e-05,22.0020816778,0.879796595667,0.000388321906609,1.55278167066e-05,22002.0816778,0.388321906609,0.293926514096,0.293926514096,0.587853028191,-2.63677968348e-16,-1.73472347598e-16,0.08,56661.9165229
2016-07-29,56571.8133419,-0.00131989842076,-0.00159018943336,14.4026347598,0.912572033181,0.000254185450186,1.61055624162e-05,14402.6347598,0.254185450186,0.299366014059,0.299366014059,0.598732028119,-1.66533453694e-16,-1.11022302463e-16,0.08,56571.8133419
2016-08-01,56178.7613643,-0.00672116295116,-0.0069478412369,10.0396545569,2.78394711259,0.000177467434112,4.92108516262e-05,10039.6545569,0.177467434112,0.244020948126,0.244020948126,0.488041896253,-2.8449465006e-16,-1.52655665886e-16,0.08,56178.7613643
2016-08-02,56370.697835,0.00357535574896,0.00341653083894,8.17141989073,0.751166828093,0.000145453899165,1.33710108562e-05,8171.41989073,0.145453899165,0.256642491107,0.256642491107,0.513284982215,-1.45716771982e-16,-4.85722573274e-17,0.08,56370.697835
2016-08-03,56426.8537837,0.00126424448703,0.000996190411321,14.3176766029,0.792718702348,0.000253991473457,1.40626022525e-05,14317.6766029,0.253991473457,0.196853329028,0.196853329028,0.393706658056,-9.36750677027e-17,0,0.08,56426.8537837
2016-08-04,56359.8945509,-0.00074480823856,-0.00118665543656,24.3233998933,0.608647343227,0.000431060714222,1.07864837824e-05,24323.3998933,0.431060714222,0.313092051745,0.313092051745,0.626184103489,-2.77555756156e-16,-2.49800180541e-16,0.08,56359.8945509
2016-08-05,56463.6092993,0.00219043018219,0.00184022254129,18.7707706423,0.966895069647,0.000333051912036,1.71557288627e-05,18770.7706423,0.333051912036,0.26858201927,0.26858201927,0.537164038541,-2.49800180541e-16,-1.80411241502e-16,0.08,56463.6092993
2016-08-08,56340.1547885,-0.00172654313337,-0.00218644384112,23.4747590512,2.49289482754,0.000415750238828,4.41504689212e-05,23474.7590512,0.415750238828,0.240028230801,0.240028230801,0.480056461601,-2.70616862252e-16,-2.49800180541e-16,0.08,56340.1547885
2016-08-09,56320.1661787,2.0562094804e-05,-0.000354784431404,20.406082609,0.740998776817,0.000362194294383,1.31522318247e-05,20406.082609,0.362194294383,0.222600560868,0.222600560868,0.445201121736,-1.2490009027e-16,-1.52655665886e-16,0.08,56320.1661787
2016-08-10,56371.9484053,0.00121794490611,0.000919426026006,16.1256794787,0.686953456415,0.000286321589101,1.21972910065e-05,16125.6794787,0.286321589101,0.327504124282,0.327504124282,0.655008248565,-8.46545056277e-16,-8.04911692853e-16,0.08,56371.9484053
2016-08-11,56322.4171863,-0.000469349568012,-0.000878650114612,22.0614503584,1.0116189368,0.000391355115132,1.79454314675e-05,22061.4503584,0.391355115132,0.20466820613,0.20466820613,0.409336412261,-2.77555756156e-17,-2.08166817117e-17,0.08,56322.4171863
2016-08-12,56379.1174293,0.00124773857369,0.00100670826646,12.943770719,0.631638799477,0.000229815611005,1.12146962263e-05,12943.770719,0.229815611005,0.129110505726,0.129110505726,0.258221011452,1.61329283266e-16,1.80411241502e-16,0.08,56379.1174293
2016-08-15,56334.5713089,4.08788797906e-05,-0.000790117377173,45.6542651935,1.19657036115,0.000809772612187,2.12236447769e-05,45654.2651935,0.809772612187,0.40025645743,0.40025645743,0.800512914859,0,4.85722573274e-17,0.08,56334.5713089
2016-08-16,56204.6391869,-0.00177236908791,-0.00230643668759,28.8509473083,1.23552196948,0.000512135738996,2.19318606811e-05,28850.9473083,0.512135738996,0.27546496985,0.27546496985,0.5509299397,1.80411241502e-16,1.94289029309e-16,0.08,56204.6391869
2016-08-17,56294.5906409,0.00194926361033,0.00160042756832,18.757852685,0.84835119118,0.000333742071053,1.50939709507e-05,18757.852685,0.333742071053,0.209736323016,0.209736323016,0.419472646032,-1.66533453694e-16,-1.38777878078e-16,0.08,56294.5906409
2016-08-18,56242.9877059,-0.000363734089738,-0.000916658855008,30.4797132916,0.646960024477,0.000541432364009,1.14924012611e-05,30479.7132916,0.541432364009,0.321602759367,0.321602759367,0.643205518734,-1.11022302463e-16,-2.04697370165e-16,0.08,56242.9877059
2016-08-19,56285.3308722,0.00107727311886,0.000752861255827,17.2547746139,0.991117810479,0.000306789794029,1.76220690064e-05,17254.7746139,0.306789794029,0.35483951488,0.35483951488,0.70967902976,8.32667268469e-17,1.38777878078e-16,0.08,56285.3308722
2016-08-22,56320.7703438,0.00114476001145,0.000629639570664,25.7106132978,3.28311115094,0.000456790657519,5.83297832679e-05,25710.6132978,0.456790657519,0.212284486859,0.212284486859,0.424568973717,-5.20417042793e-16,-5.06539254985e-16,0.08,56320.7703438
2016-08-23,56355.3237368,0.000895919850342,0.000613510660565,15.2503784173,0.655124703119,0.0002707771631,1.16320266772e-05,15250.3784173,0.2707771631,0.163096371922,0.163096371922,0.326192743843,-3.88578058619e-16,-3.74700270811e-16,0.08,56355.3237368
2016-08-24,56365.2202204,0.000420017482274,0.000175608671596,13.270102097,0.503635552873,0.000235472023175,8.93678750255e-06,13270.102097,0.235472023175,0.162985613596,0.162985613596,0.325971227192,-1.52655665886e-16,-1.52655665886e-16,0.08,56365.2202204
2016-08-25,56294.4319532,-0.000748068742739,-0.00125588557864,28.1198258691,0.503381917978,0.000498886117347,8.93071855321e-06,28119.8258691,0.498886117347,0.226545324474,0.226545324474,0.453090648947,-5.20417042793e-16,-5.34294830601e-16,0.08,56294.4319532
2016-08-26,56258.9946429,-0.000242431286653,-0.000629499384211,21.0909709886,0.698807690569,0.000374654655121,1.24134424369e-05,21090.9709886,0.374654655121,0.226663726342,0.226663726342,0.453327452683,-2.49800180541e-16,-3.33066907388e-16,0.08,56258.9946429
2016-08-29,56278.9678925,0.000650961163659,0.000355023223098,14.5529726511,2.09619836153,0.000258678149929,3.72597906315e-05,14552.9726511,0.258678149929,0.203468593033,0.203468593033,0.406937186067,-1.52655665886e-16,-2.70616862252e-16,0.08,56278.9678925
2016-08-30,56243.0185105,-0.000374601183532,-0.000638771167756,14.2397618732,0.627452187094,0.000253021020222,1.11489640018e-05,14239.7618732,0.253021020222,0.256426248328,0.256426248328,0.512852496657,-5.13478148889e-16,-5.23886489745e-16,0.08,56243.0185105
2016-08-31,56141.5754451,-0.00142917267777,-0.00180365613529,20.2718232532,0.790256779798,0.000360432704185,1.40507533331e-05,20271.8232532,0.360432704185,0.293976059707,0.293976059707,0.587952119415,-4.4408920985e-16,-3.34801630864e-16,0.08,56141.5754451
2016-09-01,56035.7817328,-0.00149789804053,-0.00188440939531,20.7950123224,0.904344062197,0.000370403077534,1.61082772442e-05,20795.0123224,0.370403077534,0.349836482626,0.349836482626,0.699672965251,-5.27355936697e-16,-5.37764277553e-16,0.08,56035.7817328
2016-09-02,56074.4918149,0.00112217169491,0.000690810066061,23.097529327,1.07415675521,0.000412192506515,1.91691223357e-05,23097.529327,0.412192506515,0.246679980105,0.246679980105,0.49335996021,-5.55111512313e-17,-3.46944695195e-17,0.08,56074.4918149
2016-09-06,56089.3137315,0.000554407221523,0.000264325472852,13.2344157867,3.03177085486,0.000236014903717,5.40668449545e-05,13234.4157867,0.236014903717,0.258586381751,0.258586381751,0.517172763502,1.38777878078e-16,1.52655665886e-16,0.08,56089.3137315
2016-09-07,56109.0511944,0.000662123176592,0.000351893464318,16.6058356226,0.794736037957,0.000296060595466,1.41691168083e-05,16605.8356226,0.296060595466,0.26860660324,0.26860660324,0.53721320648,0,6.93889390391e-17,0.08,56109.0511944
2016-09-08,56076.4653761,-0.000217186972439,-0.000580758676858,19.5738408198,0.825822556293,0.000348853534378,1.47181700406e-05,19573.8408198,0.348853534378,0.199895736093,0.199895736093,0.399791472185,-5.55111512313e-17,-5.55111512313e-17,0.08,56076.4653761
2016-09-09,56094.7399304,0.000698304698764,0.00032588634477,20.2696886962,0.614216236922,0.000361465162975,1.09531910188e-05,20269.6886962,0.361465162975,0.229402947263,0.229402947263,0.458805894527,-7.8062556419e-17,-8.32667268469e-17,0.08,56094.7399304
2016-09-12,55995.7606861,-0.00119873697685,-0.00176450134843,29.6210685181,2.11533676701,0.000528054298048,3.77100735228e-05,29621.0685181,0.528054298048,0.362948863413,0.362948863413,0.725897726826,-9.50628464835e-16,-9.02056207508e-16,0.08,55995.7606861
2016-09-13,56103.0498587,0.00228969744997,0.00191602312889,19.8105560662,1.11362179162,0.000353786712127,1.98876089541e-05,19810.5560662,0.353786712127,0.264575554476,0.264575554476,0.529151108952,-4.85722573274e-17,-1.11022302463e-16,0.08,56103.0498587
2016-09-14,56182.0260032,0.00180485363074,0.00140769788221,21.468306541,0.813342220503,0.000382658457875,1.44972906562e-05,21468.306541,0.382658457875,0.234298739907,0.234298739907,0.468597479815,-1.38777878078e-16,-1.66533453694e-16,0.08,56182.0260032
2016-09-15,56005.6772431,-0.00282090767411,-0.00313888217741,17.143170832,0.721280980712,0.000305136216181,1.28382871182e-05,17143.170832,0.305136216181,0.250001408729,0.250001408729,0.500002817458,-1.17961196366e-16,-3.46944695195e-18,0.08,56005.6772431
2016-09-16,55880.375172,-0.0019627368657,-0.00223731016763,14.6104583458,0.767205381238,0.000260874594595,1.36987073276e-05,14610.4583458,0.260874594595,0.213303550532,0.213303550532,0.426607101063,2.08166817117e-17,3.29597460436e-17,0.08,55880.375172
2016-09-19,55939.0453415,0.00130864710402,0.00104992440256,12.4981546482,1.95936697467,0.000223659104108,3.50635973477e-05,12498.1546482,0.223659104108,0.223652994607,0.223652994607,0.447305989215,4.64905891562e-16,5.29090660173e-16,0.08,55939.0453415
2016-09-20,55935.8251879,0.000132591766519,-5.75654006599e-05,9.95167971159,0.685530685265,0.000177902208571,1.22549586086e-05,9951.67971159,0.177902208571,0.219846354972,0.219846354972,0.439692709943,6.59194920871e-17,1.32706345912e-16,0.08,55935.8251879
2016-09-21,55959.3278922,0.000751405215446,0.000420172656147,17.8539425729,0.673823960542,0.000319186183684,1.20463756149e-05,17853.9425729,0.319186183684,0.314831066169,0.314831066169,0.629662132338,5.82867087928e-16,6.31439345256e-16,0.08,55959.3278922
2016-09-22,55884.2901579,-0.000877109514743,-0.00134093344327,24.9899199657,0.965355334925,0.000446572911202,1.72510173243e-05,24989.9199657,0.446572911202,0.1774928913,0.1774928913,0.3549857826,1.2490009027e-16,4.85722573274e-17,0.08,55884.2901579
2016-09-23,55900.8407188,0.000580778608793,0.000296157664241,15.3623290811,0.543510369226,0.000274895306672,9.72563787945e-06,15362.3290811,0.274895306672,0.217923768447,0.217923768447,0.435847536895,5.55111512313e-17,2.08166817117e-17,0.08,55900.8407188
2016-09-26,55840.8656625,-0.000389427089496,-0.00107288290356,36.2032140192,2.00254058117,0.000647632728841,3.58230852242e-05,36203.2140192,0.647632728841,0.364321189049,0.364321189049,0.728642378099,5.55111512313e-17,-4.85722573274e-17,0.08,55840.8656625
2016-09-27,55761.0248809,-0.000660693649926,-0.00142979125879,41.8323359523,1.11474030552,0.000749134803983,1.99628048794e-05,41832.3359523,0.749134803983,0.388494225531,0.388494225531,0.776988451063,2.91433543964e-16,2.96637714392e-16,0.08,55761.0248809
2016-09-28,55457.6098879,-0.00483826536977,-0.00544134534108,32.4413525636,1.18700472197,0.00058179261649,2.12873548236e-05,32441.3525636,0.58179261649,0.3042686967,0.3042686967,0.6085373934,2.91433543964e-16,1.97758476261e-16,0.08,55457.6098879
2016-09-29,55253.3267499,-0.0031810095343,-0.00368359073631,26.9473486936,0.924603544257,0.000485908944652,1.66722573534e-05,26947.3486936,0.485908944652,0.301376664219,0.301376664219,0.602753328437,-8.32667268469e-17,-8.32667268469e-17,0.08,55253.3267499
2016-09-30,55377.85695,0.00258826968586,0.00225380456657,17.5678686978,0.912441824814,0.00031795132947,1.65137898202e-05,17567.8686978,0.31795132947,0.322887282844,0.322887282844,0.645774565689,-3.60822483003e-16,-3.33066907388e-16,0.08,55377.85695
2016-10-03,55339.6277944,-0.000340779714743,-0.000690332881785,16.4181947449,2.93931053595,0.000296475805479,5.30773615635e-05,16418.1947449,0.296475805479,0.364481010679,0.364481010679,0.728962021358,-5.55111512313e-17,-7.2858385991e-17,0.08,55339.6277944
2016-10-04,55516.204506,0.00360798221473,0.00319078242058,21.9824625042,1.10521882022,0.000397228231926,1.9971562229e-05,21982.4625042,0.397228231926,0.372268978271,0.372268978271,0.744537956541,-4.99600361081e-16,-5.79397640976e-16,0.08,55516.204506
2016-10-05,55569.0748704,0.001273361331,0.000952341121632,16.6893873897,1.13243620432,0.000300621909192,2.03983001792e-05,16689.3873897,0.300621909192,0.364224250942,0.364224250942,0.728448501883,1.38777878078e-16,1.52655665886e-16,0.08,55569.0748704
2016-10-06,55382.0168382,-0.00253353043148,-0.00336622541708,45.1630705649,1.10901943398,0.000812737492395,1.99574932023e-05,45163.0705649,0.812737492395,0.465035682992,0.465035682992,0.930071365984,-1.56819002228e-15,-1.41900380335e-15,0.08,55382.0168382
2016-10-07,55347.9111795,2.57486445187e-05,-0.000615825509725,34.1204588859,1.41121172744,0.000616092746957,2.54814072872e-05,34120.4588859,0.616092746957,0.469190882273,0.469190882273,0.938381764546,-4.16333634234e-16,-4.71844785466e-16,0.08,55347.9111795
2016-10-10,55258.7861655,-0.00101690260577,-0.00161026879041,28.5727456881,4.26883319642,0.000516238916325,7.71272683188e-05,28572.7456881,0.516238916325,0.335778856333,0.335778856333,0.671557712666,-8.46545056277e-16,-7.84095011142e-16,0.08,55258.7861655
2016-10-11,55164.0603205,-0.00139857306089,-0.00171422232578,16.4256975867,1.01669764499,0.000297250423444,1.83988414429e-05,16425.6975867,0.297250423444,0.29634631805,0.29634631805,0.5926926361,2.35922392733e-16,1.38777878078e-16,0.08,55164.0603205
2016-10-12,55172.1220423,0.000469342165076,0.000146140833107,16.9333352428,0.895762529571,0.000306963177554,1.62381544137e-05,16933.3352428,0.306963177554,0.334740975846,0.334740975846,0.669481951691,-1.31838984174e-16,4.16333634234e-17,0.08,55172.1220423
2016-10-13,55201.2374745,0.000836657142629,0.000527719999707,16.0327522748,1.01196547791,0.000290595171643,1.83419712792e-05,16032.7522748,0.290595171643,0.253354850741,0.253354850741,0.506709701482,-1.80411241502e-16,-1.11022302463e-16,0.08,55201.2374745
2016-10-14,55185.8857891,0.000193900546454,-0.000278104008177,25.2889066719,0.766328837319,0.000458122097056,1.38824575749e-05,25288.9066719,0.458122097056,0.358624587495,0.358624587495,0.71724917499,-1.94289029309e-16,-1.52655665886e-16,0.08,55185.8857891
2016-10-17,55196.1910269,0.000743605238286,0.000186736838759,27.4779582751,3.25331762082,0.000497916412542,5.89519869855e-05,27477.9582751,0.497916412542,0.292390005875,0.292390005875,0.58478001175,2.77555756156e-17,1.17961196366e-16,0.08,55196.1910269
2016-10-18,55243.2782898,0.00128745901246,0.000853088989758,23.0912521401,0.884318609241,0.000418348652516,1.60213701849e-05,23091.2521401,0.418348652516,0.371276239483,0.371276239483,0.742552478965,2.77555756156e-17,1.38777878078e-16,0.08,55243.2782898
2016-10-19,55283.3371857,0.00132897322497,0.000725136110459,32.2340778341,1.12386392439,0.000583493210975,2.03439035333e-05,32234.0778341,0.583493210975,0.279073827508,0.279073827508,0.558147655017,0,8.32667268469e-17,0.08,55283.3371857
2016-10-20,55256.8716535,-0.000233408360425,-0.000478725300587,12.7165619967,0.845377123609,0.000230025223586,1.52917165758e-05,12716.5619967,0.230025223586,0.21969110087,0.21969110087,0.43938220174,-2.77555756156e-16,-2.49800180541e-16,0.08,55256.8716535
2016-10-21,55257.2914577,0.000204355288996,7.5973210778e-06,10.2070548231,0.665174956943,0.000184720099377,1.20378685408e-05,10207.0548231,0.184720099377,0.197904716549,0.197904716549,0.395809433098,-1.94289029309e-16,-2.22044604925e-16,0.08,55257.2914577
2016-10-24,55252.9301661,0.000251845243201,-7.89269895508e-05,16.4799318735,1.79764579779,0.00029823995058,3.25322821725e-05,16479.9318735,0.29823995058,0.211127306331,0.211127306331,0.422254612662,-1.38777878078e-16,-1.52655665886e-16,0.08,55252.9301661
2016-10-25,55307.763859,0.00127843779211,0.000992412399086,15.1645409395,0.639200126732,0.000274456773495,1.1568619525e-05,15164.5409395,0.274456773495,0.310586707449,0.310586707449,0.621173414899,-1.38777878078e-16,-1.38777878078e-16,0.08,55307.763859
2016-10-26,55348.4311556,0.00109935862298,0.000735290920627,19.1945181117,0.941252398541,0.000347049252626,1.70184497233e-05,19194.5181117,0.347049252626,0.231425394262,0.231425394262,0.462850788523,-4.16333634234e-16,-4.05925293379e-16,0.08,55348.4311556
2016-10-27,55392.5587071,0.00106860425612,0.000797268334011,14.3161528105,0.701864794628,0.000258655078592,1.26808435212e-05,14316.1528105,0.258655078592,0.241998593525,0.241998593525,0.483997187051,-4.85722573274e-17,-1.49186218934e-16,0.08,55392.5587071
2016-10-28,55371.7521615,-5.02782960505e-05,-0.000375619869774,17.2869859868,0.734516235556,0.000312081376818,1.32601969055e-05,17286.9859868,0.312081376818,0.314123632954,0.314123632954,0.628247265908,-2.63677968348e-16,-2.63677968348e-16,0.08,55371.7521615
2016-10-31,55281.3322316,-0.000824940054509,-0.00163296132645,41.8823356463,2.85921796471,0.000756384510357,5.16367615814e-05,41882.3356463,0.756384510357,0.5,0.5,1,-9.71445146547e-17,-1.11022302463e-16,0.0782807143059,55281.3322316
2016-11-01,55173.2477954,-0.00138458741248,-0.0019551706117,30.028042354,1.51455704744,0.000543185938939,2.7397260274e-05,30028.042354,0.543185938939,0.42638199315,0.42638199315,0.852763986301,-9.02056207508e-17,-1.38777878078e-16,0.08,55173.2477954
2016-11-02,55220.4210988,0.00124052176821,0.000855003198196,19.9812771075,1.28903448568,0.00036215517313,2.33633968849e-05,19981.2771075,0.36215517313,0.305549323905,0.305549323905,0.611098647809,-3.46944695195e-17,-3.46944695195e-17,0.08,55220.4210988
2016-11-03,55054.7426544,-0.00272136356092,-0.00300031113651,14.4790786254,0.924523963422,0.000262205146888,1.67424287071e-05,14479.0786254,0.262205146888,0.258869811433,0.258869811433,0.517739622867,-3.60822483003e-16,-3.74700270811e-16,0.08,55054.7426544
2016-11-04,55110.9233063,0.0012944251077,0.00102045072238,14.3026571765,0.78093210134,0.000259789738121,1.41846472018e-05,14302.6571765,0.259789738121,0.21106420048,0.21106420048,0.42212840096,-2.77555756156e-16,-2.82759926584e-16,0.08,55110.9233063
2016-11-07,55091.5963724,5.72464704565e-05,-0.000350691527283,20.5697394937,1.91210021348,0.00037324251273,3.46954850104e-05,20569.7394937,0.37324251273,0.224533839941,0.224533839941,0.449067679883,-3.92047505571e-16,-4.03323208165e-16,0.08,55091.5963724
2016-11-08,55072.2646202,-7.90837085541e-05,-0.000350902015804,14.2971002131,0.677804256548,0.000259515083143,1.23032241064e-05,14297.1002131,0.259515083143,0.224188271021,0.224188271021,0.448376542042,-2.42861286637e-17,-5.55111512313e-17,0.08,55072.2646202
2016-11-09,55329.060553,0.00498081661842,0.00466289037805,16.8323944345,0.676523604735,0.000305641951544,1.22842888231e-05,16832.3944345,0.305641951544,0.256034368487,0.256034368487,0.512068736975,2.01227923213e-16,1.5959455979e-16,0.08,55329.060553
2016-11-10,55566.5232993,0.00510885129533,0.00429182682483,44.4289694935,0.776226908366,0.00080299519004,1.40292804651e-05,44428.9694935,0.80299519004,0.390156077349,0.390156077349,0.780312154698,7.49400541622e-16,6.90419943439e-16,0.08,55566.5232993
2016-11-11,55625.8277524,0.00156874247587,0.00106726945704,26.6771879788,1.18792420616,0.000480094603636,2.13784151972e-05,26677.1879788,0.480094603636,0.447705676691,0.447705676691,0.895411353383,7.21644966006e-16,6.86950496487e-16,0.08,55625.8277524
2016-11-14,55159.5542732,-0.00802082090846,-0.00838231983432,16.0148689518,4.09380803103,0.000287903472162,7.35954537027e-05,16014.8689518,0.287903472162,0.437073324394,0.437073324394,0.874146648789,5.55111512313e-16,6.0368376964e-16,0.08,55159.5542732
2016-11-15,55637.3993007,0.00898875388306,0.00866296027643,16.6496016473,1.32102847991,0.000301844383383,2.39492232545e-05,16649.6016473,0.301844383383,0.467799083007,0.467799083007,0.935598166014,-7.21644966006e-16,-7.21644966006e-16,0.08,55637.3993007
2016-11-16,55735.8878888,0.00201232017845,0.00177018676892,12.0455293887,1.4261438013,0.000216500583062,2.56328264661e-05,12045.5293887,0.216500583062,0.44478979745,0.44478979745,0.889579594899,-6.66133814775e-16,-7.2858385991e-16,0.08,55735.8878888
2016-11-17,55654.663427,-0.000906750448495,-0.00145730990981,29.3275229168,1.35839749505,0.000526187417617,2.43720436959e-05,29327.5229168,0.526187417617,0.315047530184,0.315047530184,0.630095060369,2.77555756156e-17,6.93889390391e-18,0.08,55654.663427
2016-11-18,55626.1376027,-2.93902717553e-06,-0.000512550477959,27.4014940867,0.960759685257,0.000492348572417,1.72628783663e-05,27401.4940867,0.492348572417,0.36765032088,0.36765032088,0.73530064176,8.84708972748e-17,1.38777878078e-16,0.08,55626.1376027
2016-11-21,55697.0875614,0.0016205672581,0.00127547879076,15.8341357196,3.36180285024,0.000284652798163,6.04356691858e-05,15834.1357196,0.284652798163,0.32835443766,0.32835443766,0.656708875319,-6.24500451352e-17,-4.16333634234e-17,0.08,55697.0875614
2016-11-22,55482.5291737,-0.00311423094329,-0.00385223711213,40.1026908715,1.0021033351,0.000720014144857,1.79920239813e-05,40102.6908715,0.720014144857,0.468106898826,0.468106898826,0.936213797652,1.66533453694e-16,3.05311331772e-16,0.08,55482.5291737
2016-11-23,55524.2709014,0.00130209275772,0.000752340030602,29.0785618757,1.42310984496,0.000524103034032,2.56496930864e-05,29078.5618757,0.524103034032,0.338059563522,0.338059563522,0.676119127045,-2.77555756156e-17,0,0.08,55524.2709014
2016-11-25,55584.0477806,0.00150169108537,0.00107659007873,21.5463811754,2.0570422779,0.000388053383243,3.70476233997e-05,21546.3811754,0.388053383243,0.304553769655,0.304553769655,0.60910753931,0,1.38777878078e-17,0.08,55584.0477806
2016-11-28,55544.6142624,-0.000171429977726,-0.000709439484179,27.1220067239,2.78273938919,0.000487945873085,5.00636333679e-05,27122.0067239,0.487945873085,0.332519785105,0.332519785105,0.665039570211,1.38777878078e-16,1.75207071074e-16,0.08,55544.6142624
2016-11-29,55627.6802833,0.00190489375189,0.00149548290148,21.7285303252,1.01203743552,0.00039119058821,1.82202621976e-05,21728.5303252,0.39119058821,0.212530482578,0.212530482578,0.425060965157,2.22044604925e-16,2.01227923213e-16,0.08,55627.6802833
2016-11-30,55609.4508711,0.000227583298729,-0.000327703979415,30.2415306953,0.647812478648,0.000543641772249,1.16455058947e-05,30241.5306953,0.543641772249,0.298197236182,0.298197236182,0.596394472364,4.4408920985e-16,3.88578058619e-16,0.08,55609.4508711
2016-12-01,55512.6784405,-0.00108574291448,-0.00174021554014,35.486228553,0.908634770157,0.000638133051076,1.63395745853e-05,35486.228553,0.638133051076,0.297912572758,0.297912572758,0.595825145516,-6.66133814775e-16,-6.38378239159e-16,0.08,55512.6784405
2016-12-02,55616.774497,0.00229918156754,0.00187517625662,22.6314828189,0.906187663282,0.00040768133433,1.63239765895e-05,22631.4828189,0.40768133433,0.339509318892,0.339509318892,0.679018637785,-2.77555756156e-16,-3.74700270811e-16,0.08,55616.774497
2016-12-05,55647.8886633,0.000826176042777,0.000559438524077,11.7311220885,3.10395833893,0.000210927767649,5.58097510508e-05,11731.1220885,0.210927767649,0.293063562676,0.293063562676,0.586127125352,-1.45716771982e-16,-1.17961196366e-16,0.08,55647.8886633
2016-12-06,55671.7484621,0.000738389443528,0.000428763774791,16.3364055079,0.893609233263,0.00029356739133,1.60582774069e-05,16336.4055079,0.29356739133,0.356509137743,0.356509137743,0.713018275486,-1.22124532709e-15,-1.27675647832e-15,0.08,55671.7484621
2016-12-07,55699.6782626,0.000900821540971,0.000501687145062,21.1329761551,1.08753353649,0.000379599648636,1.95347472736e-05,21132.9761551,0.379599648636,0.408112351096,0.408112351096,0.816224702192,-6.10622663544e-16,-5.55111512313e-16,0.08,55699.6782626
2016-12-08,55492.1665394,-0.00300684492828,-0.00372554617431,38.7858541078,1.24557406307,0.000696338925422,2.2362320608e-05,38785.8541078,0.696338925422,0.339200340377,0.339200340377,0.678400680753,2.22044604925e-16,2.8449465006e-16,0.08,55492.1665394
2016-12-09,55600.1992975,0.00246267857789,0.00194681096301,27.5952164316,1.03139516594,0.000497281294865,1.85863200206e-05,27595.2164316,0.497281294865,0.393644857388,0.393644857388,0.787289714777,-1.31838984174e-16,-1.38777878078e-16,0.08,55600.1992975
2016-12-12,55850.0064463,0.00484084779179,0.00449291822513,15.7471342025,3.59781904492,0.000283220822973,6.47087436803e-05,15747.1342025,0.283220822973,0.370951774596,0.370951774596,0.741903549192,-6.66133814775e-16,-5.55111512313e-16,0.08,55850.0064463
2016-12-13,55956.4687481,0.00247028692144,0.00190621825409,30.3680245158,1.13521419191,0.000543742542715,2.03261246354e-05,30368.0245158,0.543742542715,0.278452340736,0.278452340736,0.556904681472,1.5959455979e-15,1.54390389362e-15,0.08,55956.4687481
2016-12-14,55932.8128189,2.19059191156e-05,-0.000422755932391,24.0279420821,0.85376491519,0.000429404189001,1.52576625061e-05,24027.9420821,0.429404189001,0.349999041219,0.349999041219,0.699998082439,1.4155343564e-15,1.29063426613e-15,0.08,55932.8128189
2016-12-15,55948.4636906,0.000928415428275,0.000279815566227,35.2053335354,1.07268114298,0.000629421832392,1.91780296559e-05,35205.3335354,0.629421832392,0.274975620694,0.274975620694,0.549951241387,8.32667268469e-17,9.71445146547e-17,0.08,55948.4636906
2016-12-16,55963.4469224,0.000606656016793,0.000267804168407,18.1152560329,0.842984303024,0.000323784691087,1.50671572983e-05,18115.2560329,0.323784691087,0.309220515949,0.309220515949,0.618441031898,7.56339435526e-16,7.07767178199e-16,0.08,55963.4469224
2016-12-19,55956.4179416,0.000365138781596,-0.000125599497737,24.6187405636,2.84466508465,0.000439907509588,5.08307697451e-05,24618.7405636,0.439907509588,0.299796723623,0.299796723623,0.599593447246,4.7878367937e-16,4.4408920985e-16,0.08,55956.4179416
2016-12-20,56049.5776052,0.00218096891323,0.0016648611013,27.960336166,0.919208261072,0.000499680594194,1.64272177328e-05,27960.336166,0.499680594194,0.203264945137,0.203264945137,0.406529890273,2.39391839685e-16,2.63677968348e-16,0.08,56049.5776052
2016-12-21,55998.7206673,-0.000580819959895,-0.000907356309647,17.6779551987,0.624269277636,0.000315398544539,1.1137805213e-05,17677.9551987,0.315398544539,0.239278227898,0.239278227898,0.478556455795,4.16333634234e-17,7.4593109467e-17,0.08,55998.7206673
2016-12-22,56043.4235718,0.00108362798377,0.000798284388471,15.2446694574,0.734206829907,0.000272232459523,1.31111357752e-05,15244.6694574,0.272232459523,0.205801215853,0.205801215853,0.411602431707,1.11022302463e-16,1.35308431126e-16,0.08,56043.4235718
2016-12-23,56004.5154314,-0.00039120602981,-0.000694249884773,16.3516258253,0.631989299269,0.000291767076012,1.12767789509e-05,16351.6258253,0.291767076012,0.262535405327,0.262535405327,0.525070810654,-2.77555756156e-17,-1.90819582357e-17,0.08,56004.5154314
2016-12-27,56007.7351667,0.000458867795163,5.749063769e-05,19.2563210103,3.22261219922,0.000343835150825,5.7542006647e-05,19256.3210103,0.343835150825,0.247689860444,0.247689860444,0.495379720888,-3.95516952523e-16,-3.26128013484e-16,0.08,56007.7351667
2016-12-28,55945.019101,-0.000732235595428,-0.00111977507277,20.9450687915,0.760139622314,0.000373967430198,1.35720471476e-05,20945.0687915,0.373967430198,0.30452745513,0.30452745513,0.60905491026,-7.6327832943e-16,-6.80011602583e-16,0.08,55945.019101
2016-12-29,55930.5189911,3.84697981025e-05,-0.000259185003446,15.7187805831,0.933522975016,0.000280968365651,1.66864358975e-05,15718.7805831,0.280968365651,0.227221887409,0.227221887409,0.454443774819,-4.57966997658e-16,-3.66026653431e-16,0.08,55930.5189911
2016-12-30,55891.2714415,-0.000236693588528,-0.000701719744947,25.3127905421,0.696363730901,0.000452575642041,1.24505143786e-05,25312.7905421,0.452575642041,0,0,0,0,0,0,55891.2714415
