baseline_net_mean,graph_net_mean,graph_minus_baseline_mean
-0.000229362724806,-0.000261667338271,-3.23046134646e-05
-0.000223976268811,-0.000169868402549,5.41078662624e-05
-0.000284373106082,-0.00022809757504,5.62755310424e-05
-0.000232300913017,-0.000147725670186,8.4575242831e-05
-0.000314203629681,-0.000231537842531,8.26657871506e-05
-0.0002576383526,-0.000127712417357,0.000129925935243
-0.000179979024069,-0.000157057393145,2.29216309243e-05
-0.000205355400207,-0.000238930629876,-3.35752296691e-05
-0.000176035997906,-0.000192239649613,-1.62036517071e-05
-0.000190146810084,-0.000234664022989,-4.45172129053e-05
-0.000178258968797,-0.000205576226136,-2.73172573386e-05
-0.00032644744526,-0.000255729741531,7.07177037295e-05
-0.000120335173334,2.07393562157e-05,0.00014107452955
-0.000197211614878,-0.000192505504991,4.70610988689e-06
-9.32089745151e-05,-0.00011311155345,-1.99025789349e-05
-6.92086253233e-05,-4.94916005512e-05,1.97170247721e-05
-0.000142432323262,-0.00016465543323,-2.22231099678e-05
-0.000427596898137,-0.000291749531929,0.000135847366208
-0.000307731784215,-0.000305935311592,1.79647262317e-06
-0.000368569555654,-0.000265901073998,0.000102668481655
-0.000298612656987,-0.000219427580399,7.91850765876e-05
-5.19978619034e-05,-8.51335105473e-05,-3.31356486439e-05
-0.000278840983947,-0.000219534063495,5.93069204524e-05
-0.000115873218191,-0.000140273018839,-2.43998006477e-05
-0.000185354067655,-3.90653913195e-05,0.000146288676336
-0.000357393490679,-0.000336804789641,2.0588701038e-05
-0.000100150609961,-0.000108369777647,-8.21916768632e-06
-0.000212774168132,-0.00015316148414,5.96126839927e-05
-0.000287975304221,-0.000248518329237,3.94569749834e-05
-9.63669243455e-05,-0.000131156954318,-3.47900299726e-05
-0.000446727899983,-0.0003347808312,0.000111947068783
-0.000369980452146,-0.000351799648187,1.81808039585e-05
-0.000131311526193,-0.000176261682383,-4.49501561902e-05
-0.000290076038208,-0.000223554038096,6.65220001121e-05
-0.000191407095039,-0.000203633301366,-1.22262063271e-05
-0.000323290459666,-0.000276598289304,4.66921703616e-05
-0.000249537674104,-0.000212098827139,3.7438846965e-05
-0.000329164695732,-0.000274913989335,5.42507063965e-05
-0.000320313475336,-0.000176573546275,0.00014373992906
-0.00020605789828,-0.000161346926481,4.47109717989e-05
-0.000176041641151,-0.000196853989246,-2.08123480946e-05
-0.000233872652883,-0.000202769699015,3.11029538681e-05
-0.000177185828417,-0.000155303974265,2.18818541516e-05
-0.000308929418089,-0.000222606639393,8.63227786963e-05
-0.000262343066753,-0.000255621997563,6.72106918987e-06
-3.12440529861e-05,-8.11916488468e-05,-4.99475958607e-05
-0.000135533066216,-0.000168895363155,-3.33622969384e-05
-0.00021054583383,-0.00020265749761,7.88833622075e-06
1.29064979247e-05,-1.88907717797e-06,-1.47955751027e-05
-0.000222858528479,-0.000232329402538,-9.47087405908e-06
-0.000141679428104,-0.000153019822462,-1.13403943574e-05
-0.000211590724731,-0.000247212963866,-3.56222391348e-05
-2.38071246317e-05,-9.24334047357e-05,-6.8626280104e-05
-0.0002266532744,-0.000246216878182,-1.9563603782e-05
-0.000183042193324,-0.000146963413183,3.60787801415e-05
-0.000182117419779,-0.000128010697942,5.41067218364e-05
-0.000131634885775,-0.000134751288813,-3.11640303778e-06
-0.000325041464263,-0.000326868245984,-1.8267817211e-06
-0.000293537806586,-0.000256791448848,3.67463577374e-05
-0.000107339547773,-0.000124078827593,-1.673927982e-05
-0.000436718718585,-0.000353304640916,8.3414077669e-05
-5.3898751038e-05,-5.81381484048e-05,-4.23939736679e-06
-0.000350365206171,-0.000241740724115,0.000108624482056
-0.000233998363273,-0.000189292274747,4.47060885259e-05
-0.000295197003849,-0.000185810464319,0.00010938653953
-0.000135611490368,-0.000187278038247,-5.16665478787e-05
-0.000223289839865,-0.000198170497364,2.51193425015e-05
-0.000222789433391,-0.000205238683816,1.75507495748e-05
-0.000254807475547,-0.000171739795401,8.30676801457e-05
-0.00014450757918,-6.23269179236e-05,8.21806612568e-05
-9.25552053219e-05,-0.00013341617915,-4.08609738283e-05
-0.000207648979152,-0.000211567201995,-3.91822284361e-06
-0.000175446791784,-0.000166238622624,9.20816915977e-06
-0.000315709533852,-0.000255826586113,5.98829477388e-05
-9.34953854613e-05,-4.31407068604e-05,5.03546786008e-05
-0.000102047021553,-0.000104905831661,-2.85881010776e-06
-0.000195495038941,-0.000172342526271,2.31525126702e-05
-6.40626208603e-05,-8.59300521245e-05,-2.18674312642e-05
-0.000395429034552,-0.000352362547407,4.30664871459e-05
-0.000239236784181,-0.000160055248376,7.91815358047e-05
-0.000219289240672,-0.00015505025583,6.42389848414e-05
-0.000241508541663,-0.000166625727288,7.48828143746e-05
-0.000126213894777,-0.000158059206823,-3.18453120467e-05
-0.000260201050409,-0.000217303875691,4.28971747184e-05
-0.000364083716687,-0.000275995718617,8.80879980695e-05
-0.000186489213656,-0.00016368255141,2.28066622457e-05
-0.000347641275208,-0.000348727425735,-1.08615052668e-06
-3.20177189864e-05,-1.70811912272e-05,1.49365277591e-05
-0.000189420718631,-0.000225393892749,-3.59731741182e-05
-0.000251006827092,-0.000298601355704,-4.75945286122e-05
-0.000306431959817,-0.000203156394885,0.000103275564932
-0.000294205687239,-0.00027426026905,1.99454181885e-05
-0.000282870671691,-0.000249152123961,3.371854773e-05
-0.000276012775788,-0.000200975868317,7.50369074708e-05
-0.000166991823694,-0.000150282772167,1.67090515271e-05
-0.000158734531894,-0.000152710229077,6.02430281724e-06
-0.000276869976076,-0.000271795199392,5.0747766838e-06
-0.000317914379013,-0.000248408067104,6.95063119092e-05
-0.000136560555128,-0.000163878632011,-2.73180768824e-05
-0.000291729086988,-0.000247947237144,4.3781849844e-05
-0.000229022603135,-0.00023214381819,-3.12121505524e-06
-1.45953929416e-05,-6.77445477098e-05,-5.31491547681e-05
-0.000445483989672,-0.000391588863291,5.38951263812e-05
-8.82298024951e-05,-7.74195477816e-05,1.08102547135e-05
-0.000264855408379,-0.000207653051674,5.72023567052e-05
-0.000408052549966,-0.00031437205479,9.3680495176e-05
-0.000350617320963,-0.000268656138268,8.19611826946e-05
-0.000232885916455,-0.000164741769495,6.81441469602e-05
-9.21888561111e-05,-0.000114247041021,-2.20581849095e-05
-5.3300104928e-05,-0.000123294883177,-6.99947782491e-05
-0.000358972188042,-0.000301931091915,5.70410961266e-05
-0.000201622393213,-0.000129832117105,7.17902761083e-05
-0.000153409167444,-0.000136222816937,1.71863505064e-05
-0.000112534778868,-0.0001614784079,-4.8943629032e-05
-0.000312289187274,-0.000229589540256,8.26996470182e-05
-0.000213585179766,-0.000187417023812,2.61681559542e-05
-0.000228287821431,-0.000219732581624,8.55523980665e-06
-0.000147633051278,-0.00011386235389,3.37706973879e-05
-0.000218672319705,-0.00021859509602,7.72236855706e-08
-0.000119512678255,-0.000132825481312,-1.33128030571e-05
-0.00012242077882,-0.000150077114669,-2.76563358495e-05
-9.63798230732e-05,-0.000104140365856,-7.76054278278e-06
4.0869083271e-05,-7.03954275955e-06,-4.79086260306e-05
-0.000255426550726,-0.000181534011214,7.38925395124e-05
-0.000197297456056,-0.000185082496275,1.22149597807e-05
-0.000260971773498,-0.00027708216548,-1.61103919825e-05
-0.000266329374588,-0.000255536419506,1.07929550823e-05
-0.000229465460561,-0.000203894717547,2.5570743014e-05
-0.000313414997556,-0.000251616477592,6.17985199642e-05
-0.000252088609676,-0.000289046674095,-3.69580644189e-05
-0.000202725943906,-0.00020250527868,2.20665225875e-07
-3.54389950885e-05,-7.13122465035e-06,2.83077704381e-05
-0.000171777479579,-0.0001905026977,-1.87252181213e-05
-0.000100586925671,-7.85778372749e-05,2.20090883962e-05
1.28279660663e-05,-4.69497067978e-05,-5.97776728641e-05
-0.000414481879917,-0.000364703016808,4.97788631097e-05
-0.000193455052434,-0.000197826156316,-4.37110388193e-06
-0.000161470249662,-0.000233017736629,-7.15474869664e-05
-0.000143920898754,-0.000128834068729,1.50868300245e-05
-0.000190100289901,-0.000177118489756,1.29818001448e-05
-0.000141641138581,-5.12777076943e-05,9.03634308865e-05
-9.33771252973e-05,-0.000119562351008,-2.61852257103e-05
-0.000282232623441,-0.000236598866201,4.56337572395e-05
-0.000279958758847,-0.000236076150046,4.38826088019e-05
-0.000118712904763,-0.000103364264528,1.5348640235e-05
-0.000317032931817,-0.00025998407315,5.70488586665e-05
-0.000167979241202,-0.000190082854441,-2.21036132391e-05
-0.000119667339356,-0.000116837879361,2.82945999494e-06
-0.000101688764899,-8.04806753662e-05,2.12080895325e-05
-0.000261225488787,-0.00018972043636,7.15050524274e-05
-0.000370379968668,-0.000346803262762,2.35767059058e-05
-0.000218229546016,-0.000264593735146,-4.63641891297e-05
-0.000325045660425,-0.000251516285868,7.35293745573e-05
-0.00027368536318,-0.000282862731097,-9.17736791676e-06
-0.00032296266785,-0.000242190534374,8.07721334752e-05
2.6663762792e-05,-1.9667050393e-05,-4.6330813185e-05
-0.000371155240084,-0.000265654585959,0.000105500654125
-0.000333745833318,-0.000259323924384,7.44219089333e-05
-0.000211682096324,-0.000135800585673,7.58815106517e-05
-3.87599103946e-05,-4.11002912427e-05,-2.34038084805e-06
-0.000296435830997,-0.000266212836178,3.02229948191e-05
-0.000175620798393,-0.000183906719958,-8.28592156509e-06
-0.000193281741008,-0.000132183095082,6.10986459262e-05
-0.000314387698736,-0.000270011890352,4.43758083843e-05
-8.55564692463e-05,-6.81971385162e-05,1.73593307301e-05
-0.000176375546948,-0.000133140760781,4.32347861665e-05
-0.000140492183375,-7.54101183128e-05,6.50820650622e-05
-0.000219370024467,-0.000191788166591,2.75818578754e-05
-0.000143842748938,-0.000160317226708,-1.64744777696e-05
-0.000260830909736,-0.000176937684138,8.38932255981e-05
-0.00042729020982,-0.000304669991677,0.000122620218143
-0.000295474364284,-0.000298813510303,-3.33914601885e-06
-1.69437274649e-05,1.34348054004e-06,1.8287208005e-05
-0.000204571386663,-0.000165570824218,3.90005624445e-05
-0.000250047968129,-0.000218185173833,3.18627942954e-05
-0.000300624185539,-0.000245764440784,5.48597447546e-05
-0.000166728064933,-0.000103736428348,6.29916365853e-05
-0.000209202698579,-7.72619545525e-05,0.000131940744027
-0.000296834638698,-0.000219169998632,7.76646400664e-05
-7.26459622755e-05,-6.50336718764e-05,7.61229039904e-06
-0.000173559161064,-0.000170671278263,2.88788280101e-06
-5.50910586141e-05,-4.74479050024e-05,7.64315361176e-06
-0.000380517122671,-0.000311314391058,6.92027316132e-05
-0.000270228231569,-0.000201849509379,6.83787221901e-05
-0.000225201574965,-0.000162611321436,6.2590253529e-05
-0.000196198938266,-0.00016376243573,3.24365025364e-05
-0.00024806850336,-0.000174673503709,7.3394999651e-05
-0.00019164203434,-0.000228184011982,-3.65419776427e-05
-0.00028229029434,-0.000313519478761,-3.1229184421e-05
-0.000172509835449,-0.000233110100378,-6.06002649294e-05
-0.000195053002691,-0.00018480554121,1.02474614804e-05
-0.000396718399581,-0.000337490509062,5.92278905185e-05
-0.00036932330527,-0.000285604713082,8.37185921879e-05
-0.000227642678843,-0.000154428613559,7.32140652839e-05
-0.000317025188597,-0.000226160374048,9.08648145489e-05
-0.00023775813437,-0.000181863868221,5.58942661486e-05
-0.000207550620705,-0.000114760610621,9.27900100838e-05
-0.000141241945661,-0.000163824361157,-2.25824154963e-05
-0.00033834884385,-0.000283485034731,5.48638091195e-05
-0.000128944950662,-0.000139302837288,-1.03578866265e-05
-0.000236213364799,-0.000173613263801,6.26001009978e-05
-0.000234281971748,-0.000197001767562,3.72802041857e-05
-0.000376993125492,-0.000280035031016,9.69580944758e-05
-0.000130322093073,-8.20552081473e-05,4.82668849257e-05
-0.000196756319773,-0.000134697564824,6.20587549491e-05
-0.000236976938639,-0.000229861419545,7.11551909319e-06
-9.70913830896e-05,-5.92708175398e-05,3.78205655498e-05
-0.000191599608502,-0.000209677002232,-1.80773937302e-05
-4.32718324841e-05,-5.71552390871e-05,-1.3883406603e-05
-9.23783119532e-05,-0.000135711768953,-4.33334569998e-05
-0.000173802361343,-0.000172134974132,1.66738721185e-06
-0.000233546142708,-0.000240923621028,-7.37747832027e-06
-0.000183336500073,-9.24622152958e-05,9.08742847777e-05
-0.000235754089485,-0.000252581838119,-1.68277486341e-05
-0.000288229745605,-0.000278234850321,9.99489528407e-06
-0.000175313087844,-0.000185584417628,-1.02713297835e-05
-0.00023002960095,-0.000197178865512,3.28507354382e-05
-0.000252527802496,-0.000237902431175,1.46253713206e-05
7.7997502493e-06,-4.86925330567e-05,-5.6492283306e-05
-0.000163999991098,-0.00016515295617,-1.1529650715e-06
-0.000190957568285,-0.000176859914866,1.4097653419e-05
-0.000243749621089,-0.000254803886656,-1.10542655668e-05
-0.00019736411956,-0.000187366070656,9.99804890407e-06
-9.08750313937e-05,-8.61968622511e-05,4.67816914256e-06
-0.000379063474744,-0.000294748198849,8.4315275895e-05
-0.000198774266998,-0.000181079480201,1.76947867978e-05
-6.49333515355e-05,-8.05678547374e-05,-1.5634503202e-05
-6.39028667655e-06,-4.43024817402e-05,-3.79121950636e-05
-0.000268406311564,-0.000231565117274,3.68411942906e-05
-0.000208656968725,-0.000192084276622,1.65726921025e-05
-0.000124981410465,-9.61171847378e-05,2.88642257271e-05
-0.000323941629723,-0.000252694483206,7.1247146517e-05
-0.000134392457295,-7.69834669881e-05,5.74089903068e-05
-0.000272590729244,-0.000231040343498,4.15503857462e-05
-0.000334498450091,-0.000280778475425,5.37199746658e-05
-0.000208375211517,-0.000184085346768,2.42898647495e-05
8.92430091097e-06,-6.30735571053e-05,-7.19978580163e-05
-0.000224806018472,-0.000180420503423,4.43855150491e-05
-0.000147151214822,-0.000145107392437,2.04382238539e-06
-0.000152768476213,-0.000250204466514,-9.74359903013e-05
-0.000361034885007,-0.000290880888645,7.01539963618e-05
-0.000245544528889,-0.000210453709201,3.50908196879e-05
-0.00036110923342,-0.000291468503624,6.96407297955e-05
-0.000278035955521,-0.000253981125161,2.40548303594e-05
-0.000118806682821,-0.000191639764144,-7.28330813235e-05
-0.000302428295105,-0.000247980013016,5.4448282089e-05
-0.000208119652952,-0.00016237960634,4.57400466121e-05
-6.88104379014e-05,-0.000105971067921,-3.71606300195e-05
-0.000322955493144,-0.000282217702591,4.07377905527e-05
-0.000319553804169,-0.000290088063687,2.94657404815e-05
-0.00025142761733,-0.000226329078919,2.50985384119e-05
-0.000191011445489,-0.000156239769496,3.47716759921e-05
-0.00014489965889,-7.6907625446e-05,6.79920334444e-05
-0.000254940847882,-0.000234595700413,2.03451474692e-05
-0.000358323870254,-0.000260700771669,9.76230985853e-05
-0.000265112621451,-0.000238873070181,2.623955127e-05
-0.000293771758151,-0.00020943163876,8.43401193916e-05
-9.28270477023e-05,-0.000145172791846,-5.23457441432e-05
-0.000347968101487,-0.000279300437889,6.86676635984e-05
-0.00018265886137,-0.000215894179596,-3.32353182258e-05
-0.000235096751558,-0.000257152962541,-2.20562109824e-05
-0.000350950163057,-0.000270687895974,8.02622670824e-05
-0.000295704844179,-0.000273093912934,2.26109312453e-05
-0.000224469915527,-0.00020945021315,1.5019702377e-05
-0.000293003520007,-0.000206193060224,8.68104597826e-05
-0.000206457019431,-0.000157452032162,4.90049872683e-05
-0.000106290844131,-9.21381291267e-05,1.41527150047e-05
-0.000285854243777,-0.000211424650567,7.44295932101e-05
-0.000248211576468,-0.000229750691734,1.84608847346e-05
-0.000196591504676,-0.000228477232629,-3.18857279535e-05
-0.00026201058147,-0.000178987397536,8.30231839345e-05
-0.000342648711404,-0.000311255439827,3.13932715771e-05
-0.000135593503266,-0.000160985238878,-2.53917356125e-05
-0.000136929482211,-0.000145613155612,-8.68367340074e-06
-0.000252253437069,-0.000218527048584,3.37263884853e-05
-0.000228177287262,-0.000250999528348,-2.28222410865e-05
-9.70852249062e-05,-0.00010148631176,-4.4010868541e-06
-0.000304993424434,-0.000265644398911,3.93490255228e-05
-0.000213464536315,-0.000159834710836,5.36298254786e-05
-0.000335004456574,-0.000272612149761,6.23923068137e-05
-0.0001774679739,-0.000183471840495,-6.00386659519e-06
-6.8915429894e-05,-0.000129671417964,-6.07559880698e-05
-0.000210887002389,-0.000180091631506,3.07953708827e-05
-0.000137328114321,-8.18244633395e-05,5.5503650982e-05
-8.88498296319e-05,-0.000113543468086,-2.46936384544e-05
-0.000227530689865,-0.000140605424931,8.69252649344e-05
-0.000185245173699,-0.000162315921389,2.29292523097e-05
-0.000241011344362,-0.000243384583851,-2.37323948927e-06
-0.000182098809568,-0.000112929884914,6.91689246543e-05
-0.000339948486869,-0.000275069192609,6.48792942608e-05
-0.000160591660247,-0.000122898231328,3.76934289196e-05
-0.000234181313548,-0.000234457362795,-2.76049247334e-07
-0.000246678542186,-0.000165881706095,8.07968360906e-05
-0.000317680340634,-0.000256430192083,6.12501485503e-05
-0.000353913779373,-0.000245321179862,0.00010859259951
-0.000448284984962,-0.000374098234291,7.41867506713e-05
-0.000320284657809,-0.000346373308768,-2.60886509599e-05
-0.000157042068228,-0.000140264811536,1.67772566922e-05
-0.000196675038095,-0.0001438450468,5.28299912948e-05
-0.000297358651451,-0.000228609381882,6.87492695691e-05
-0.000180046513981,-0.000172408845152,7.63766882951e-06
-9.25342542046e-05,-0.000113204641882,-2.0670387677e-05
-0.00027910839362,-0.000214363948304,6.4744445316e-05
-0.000147809445926,-0.000172418039016,-2.46085930907e-05
-1.7187029645e-06,-3.47685819841e-05,-3.30498790196e-05
-0.000217793319651,-0.000191837357369,2.59559622813e-05
-0.000217050891152,-0.000228413034737,-1.13621435842e-05
0.000140893025878,3.57866336984e-05,-0.000105106392179
-0.000324135887034,-0.000246332509333,7.78033777006e-05
-0.000290525234735,-0.000179474470977,0.000111050763758
-0.000241215663138,-0.00017273522864,6.84804344981e-05
-0.000308152961501,-0.000331514463217,-2.3361501716e-05
-0.000158070942589,-0.000156843564596,1.22737799331e-06
-0.00021356328958,-0.000125483173544,8.80801160359e-05
-0.000175250095395,-0.000156781938185,1.84681572093e-05
-0.000288601802507,-0.000234259717265,5.4342085242e-05
-0.000250872571706,-0.000165123478913,8.5749092793e-05
3.16715763136e-05,-2.83538631872e-05,-6.00254395008e-05
-0.000205240516144,-0.000248716299748,-4.34757836031e-05
-0.000272112403363,-0.000255695718295,1.64166850685e-05
-0.000249442705393,-0.000149047423948,0.000100395281445
-0.000368529179151,-0.000286917785777,8.16113933738e-05
-0.000243392101737,-0.000209973023822,3.34190779153e-05
-0.000109668260841,-0.000141725559475,-3.20572986341e-05
-0.000385215041675,-0.00031640303411,6.88120075651e-05
-0.000207501301065,-0.000125303008587,8.21982924782e-05
-0.000271462343002,-0.00015007341146,0.000121388931542
-0.000414956041129,-0.000342022313685,7.29337274444e-05
-0.000162684945593,-0.000121832752978,4.08521926151e-05
-0.000275728317779,-0.000256581902779,1.91464150001e-05
-7.73809757401e-05,-9.90218687989e-05,-2.16408930587e-05
-0.000253391876734,-0.000216926138932,3.64657378021e-05
-8.66036908696e-05,-0.000118250104384,-3.16464135141e-05
-0.000265933163924,-0.000164030616208,0.000101902547716
-5.51970293846e-05,-9.08896592293e-05,-3.56926298447e-05
-6.19375490031e-05,-0.000104766946964,-4.28293979614e-05
-8.07574982754e-05,-0.000140916846563,-6.01593482876e-05
-0.000180021034765,-0.000104490809542,7.55302252228e-05
-0.000194916351732,-0.000145581087165,4.93352645671e-05
-0.000223803907569,-0.000135022583157,8.8781324412e-05
-0.000113016752912,-0.000112835018283,1.81734629535e-07
-0.000164759849723,-0.000181542237032,-1.67823873083e-05
-0.000208236610425,-0.000121211879862,8.70247305628e-05
-9.11333735865e-05,-9.85688342089e-05,-7.43546062248e-06
-0.000128137446824,-0.000183776370498,-5.56389236739e-05
-0.000316847821781,-0.000158867077808,0.000157980743973
-0.000364205204378,-0.000310901900087,5.33033042906e-05
-0.000258566961728,-0.000220418949247,3.81480124808e-05
-0.00026020357965,-0.000179631742299,8.05718373506e-05
-0.00014457504489,-0.000122604748465,2.19702964246e-05
-0.00027399361109,-0.000209449203604,6.45444074863e-05
-0.000270476326642,-0.00019419779973,7.62785269119e-05
-8.05914030904e-05,-9.87880732075e-05,-1.81966701172e-05
-0.000382818632946,-0.000375651991412,7.16664153411e-06
-0.000172841044851,-0.000229998809449,-5.71577645979e-05
-0.000297331983238,-0.00023727802627,6.00539569683e-05
-0.000207011109937,-0.000228420980803,-2.14098708662e-05
-0.000180273860901,-0.000119757302112,6.05165587884e-05
-0.000328592433984,-0.000264683252449,6.39091815348e-05
-0.000273456305637,-0.000283895946548,-1.04396409111e-05
-4.68296553744e-05,-0.000100826105393,-5.3996450019e-05
-3.42560301624e-05,-3.23175939447e-05,1.93843621773e-06
-0.000273521183274,-0.000271218763643,2.30241963096e-06
-0.000234220416338,-0.000155266494332,7.89539220055e-05
-0.000217494910746,-0.00024697834842,-2.94834376737e-05
-0.000311481555946,-0.000285987216321,2.54943396246e-05
-0.000293752908219,-0.000220155983683,7.35969245365e-05
-0.000326629867504,-0.000228913206975,9.77166605289e-05
1.08653359638e-05,-4.5361807752e-05,-5.62271437158e-05
-1.79114839323e-05,-0.000100448479477,-8.25369955445e-05
-0.000197177456415,-0.000168233343182,2.89441132335e-05
-0.00014775988141,-0.000199813786707,-5.20539052971e-05
-0.000159177700677,-0.000124477197958,3.47005027186e-05
-0.000311978301464,-0.000211315384498,0.000100662916966
-0.000245974634112,-0.000222596554986,2.3378079126e-05
-0.000361588307813,-0.000320083771871,4.15045359424e-05
-5.29135463709e-05,-0.000116501879778,-6.35883334068e-05
-0.000332480810603,-0.000281643499928,5.08373106746e-05
-0.000167134037669,-0.000200776194715,-3.36421570461e-05
-8.575453614e-05,-9.44401721788e-05,-8.68563603879e-06
-9.97290257368e-05,-0.000157673370207,-5.79443444703e-05
-0.000199961753041,-0.000130980013049,6.89817399915e-05
-0.000151919478683,-0.000125292004377,2.66274743058e-05
-0.000264317128313,-0.000259837352165,4.47977614719e-06
-0.000178747704498,-0.000178443101891,3.04602606852e-07
-9.63730017096e-05,-0.000123916692331,-2.75436906218e-05
-0.000355104013183,-0.000325328743887,2.97752692953e-05
-0.000275581237591,-0.000219299596846,5.6281640745e-05
-0.000216263897215,-0.000193610288281,2.26536089337e-05
-0.000195466704868,-0.000136104168658,5.93625362096e-05
-0.000283855651009,-0.000190375057895,9.34805931143e-05
-7.27656029134e-05,-0.00011323626207,-4.04706591566e-05
-0.000357115894034,-0.000251672702433,0.000105443191601
-0.000461375755694,-0.000332190620704,0.00012918513499
-0.000411516346217,-0.000271023168574,0.000140493177643
-0.000221772010323,-0.000194105240437,2.7666769886e-05
-0.000233618584622,-0.000169465910452,6.415267417e-05
-0.000217170221416,-0.000160349011372,5.68212100435e-05
-0.000265409690718,-0.000255324087745,1.00856029725e-05
-0.000287180437063,-0.000182443482925,0.000104736954137
-9.66488671772e-05,-0.000115817990916,-1.91691237383e-05
-0.000146920643879,-0.000162772131158,-1.58514872793e-05
-0.000277624160345,-0.000174071232761,0.000103552927584
-0.000387272645314,-0.000242683827514,0.0001445888178
-0.000244357065265,-0.000236258691952,8.09837331324e-06
-0.000296032456037,-0.000236939614977,5.90928410594e-05
-0.000320788437292,-0.000240407767933,8.03806693591e-05
-0.000455519203151,-0.000344648759231,0.00011087044392
-0.000102093307768,-0.000111978270661,-9.88496289321e-06
-0.00029667400659,-0.000233203229722,6.34707768685e-05
-0.000238836561326,-0.000178129421387,6.07071399392e-05
-0.000135166624776,-0.000140374435883,-5.20781110745e-06
-0.000208656369884,-0.000191067962396,1.75884074884e-05
-8.60269496999e-05,-0.00012546877994,-3.94418302399e-05
-0.000223746746823,-0.00016423935125,5.95073955729e-05
-0.000166380979984,-0.000158362083707,8.01889627644e-06
-0.000121574391189,-7.95802745211e-05,4.19941166678e-05
-0.000317590696731,-0.000259207687105,5.83830096257e-05
-0.000187209680015,-0.000186888843048,3.20836967018e-07
-0.000335800042062,-0.000262776851892,7.30231901698e-05
-0.000230603683203,-0.000103054006578,0.000127549676625
-0.000214363704358,-0.000143060096972,7.13036073863e-05
-0.000330027906332,-0.00034233154057,-1.23036342382e-05
-0.000340943119137,-0.000243169017355,9.77741017823e-05
-0.000280980411198,-0.000266764064778,1.42163464204e-05
-0.000127657612564,-0.000112231179907,1.5426432657e-05
-0.000102222296819,-0.000118885196057,-1.66628992382e-05
-0.000128487079078,-0.000128438725275,4.8353802757e-08
-0.000164229925758,-0.000184486043195,-2.02561174377e-05
-0.000129630976775,-0.000149325961368,-1.96949845929e-05
-0.00021504954675,-0.000173790520347,4.12590264026e-05
-0.000129538507133,-0.000162749888896,-3.32113817628e-05
-0.0003030819358,-0.000256265487742,4.68164480575e-05
-0.000524443388525,-0.000383591853506,0.000140851535019
-7.44609481472e-05,-9.78472148353e-05,-2.33862666881e-05
-0.000183467155662,-0.000116259472925,6.72076827374e-05
-0.000230531501145,-0.000182911834791,4.76196663534e-05
-9.43872367504e-05,-5.78319678309e-05,3.65552689195e-05
-0.00022474990593,-0.000113290505446,0.000111459400484
-0.000138261557134,-0.000108603924314,2.96576328199e-05
-0.000137604381829,-0.000199635548571,-6.20311667422e-05
-0.000271358605217,-0.000203911692964,6.74469122534e-05
-6.85148003806e-05,-3.91603457558e-05,2.93544546248e-05
-0.000344635015927,-0.000257467180175,8.71678357517e-05
-0.000356314754971,-0.000202233034387,0.000154081720584
-0.000255488987473,-0.000217908901912,3.75800855603e-05
-0.000158460879041,-0.000208446294044,-4.9985415003e-05
-0.000254377830421,-0.000281691664531,-2.73138341096e-05
-0.000362050036131,-0.000345140637761,1.69093983699e-05
-0.000188248280178,-0.000253952633314,-6.57043531353e-05
-0.000301143654549,-0.000260085801142,4.10578534066e-05
-0.000242985884523,-0.000220897706122,2.20881784007e-05
-6.58764372997e-05,-7.62643914519e-05,-1.03879541522e-05
-0.00022408569162,-0.000158355966717,6.57297249028e-05
-0.000379957038763,-0.000276974507862,0.000102982530901
-0.000264539313122,-0.000188027303002,7.65120101207e-05
-0.000280273943187,-0.000305622468184,-2.53485249972e-05
-0.000292444196068,-0.000245074748977,4.73694470904e-05
-8.9831373068e-05,-7.8580564362e-05,1.1250808706e-05
-0.0001981010517,-0.000143448432636,5.46526190642e-05
-0.000213838861106,-0.000160284770386,5.35540907203e-05
-0.000130164777763,-0.000169445068266,-3.92802905032e-05
-0.00022628131577,-0.000165953647027,6.03276687439e-05
-0.000136427252441,-0.00012242268789,1.40045645507e-05
-0.000290974538424,-0.000252176296058,3.87982423659e-05
-0.000222117260121,-0.000167349692436,5.47675676848e-05
-1.84866319952e-05,-4.74146462191e-05,-2.89280142239e-05
-9.41583217139e-05,-0.000133095359551,-3.89370378367e-05
-0.000219427239372,-0.000230626394491,-1.11991551195e-05
-0.000162544072064,-0.000168215660229,-5.67158816473e-06
-0.000158016908842,-0.000125909475025,3.2107433817e-05
-0.000118387345547,-0.000122903165189,-4.515819642e-06
-0.000282310729602,-0.000196528177779,8.57825518236e-05
-0.000108815916837,-0.000186826480385,-7.80105635485e-05
-0.000230284986902,-0.000214147055681,1.61379312211e-05
-0.000189278215385,-0.000241216463203,-5.19382478179e-05
-0.000142166186713,-0.000150817346932,-8.65116021918e-06
-0.000420340203964,-0.000326023478861,9.43167251032e-05
-0.000297622683088,-0.000199483208463,9.8139474625e-05
-0.000241082277533,-0.000223926690196,1.71555873377e-05
-9.78750383472e-05,-0.000147797459016,-4.99224206685e-05
-5.99572311201e-05,-7.62644546731e-05,-1.6307223553e-05
-0.000226022300795,-0.000157270188934,6.87521118611e-05
-0.000366151955564,-0.000262768610988,0.000103383344576
-8.72745076725e-05,-7.9796138973e-05,7.47836869947e-06
-8.8256356173e-07,-5.2346229171e-05,-5.14636656092e-05
-0.0002732170099,-0.000237879551539,3.53374583612e-05
-0.000103132667135,-0.000122150910328,-1.90182431924e-05
-0.000226188091877,-0.00022983612167,-3.64802979263e-06
-0.000276033102435,-0.00017325834141,0.000102774761024
-0.000159097608511,-0.000140232076863,1.88655316485e-05
-0.000177534323737,-0.000148456496152,2.90778275858e-05
-0.000218739460547,-0.000227327564007,-8.58810346053e-06
-0.00010075887514,-0.000119200415816,-1.84415406762e-05
-0.000247147008566,-0.000228031399577,1.9115608989e-05
-0.000217233742726,-0.000200588765046,1.66449776797e-05
-0.00014690528767,-0.000147307904865,-4.02617195064e-07
-6.68194903898e-05,-6.1097939797e-05,5.72155059277e-06
-6.85037613716e-05,-0.000109657710747,-4.1153949375e-05
1.28800543539e-05,-4.05296161088e-05,-5.34096704626e-05
-0.000242541711504,-0.000186376294978,5.61654165261e-05
-7.74546509911e-05,-0.000108478791488,-3.10241404966e-05
-0.000199250196046,-0.000204103976992,-4.85378094532e-06
-0.000190160805158,-0.000153045413512,3.71153916464e-05
-0.00023802138973,-0.000246839059302,-8.81766957226e-06
-0.000333337854246,-0.000260650922689,7.26869315577e-05
-0.000202996624138,-0.000177497422289,2.54992018495e-05
-0.000302054453071,-0.000224037915865,7.80165372056e-05
-0.000153081391471,-7.20623581016e-05,8.10190333699e-05
-0.000294295429367,-0.000289310674538,4.98475482911e-06
-0.000235657759948,-0.00017022177322,6.54359867278e-05
-0.000200143058678,-0.000198859509509,1.28354916933e-06
-0.000361109944918,-0.000207665356833,0.000153444588086
-0.000176145849528,-0.000141977744377,3.41681051505e-05
-0.000328656308763,-0.000227909666925,0.000100746641838
-3.79718256325e-05,-0.000101966429981,-6.39946043485e-05
-0.000239941926431,-0.000248541374936,-8.59944850456e-06
-0.000192105820203,-0.000159704035616,3.24017845864e-05
-0.000266887912144,-0.000245288945193,2.15989669509e-05
-0.00010931614598,-0.000155586909171,-4.62707631913e-05
-0.000159353068813,-0.000199636430941,-4.02833621283e-05
-0.000168946400808,-9.61583570265e-05,7.27880437813e-05
-0.000116500066178,-0.000115859630742,6.40435436197e-07
-0.000213195670771,-0.000197890437161,1.53052336102e-05
-0.000174552433141,-0.00018140587759,-6.85344444882e-06
-0.000290911994173,-0.000290024639919,8.87354253981e-07
-0.000238911114037,-0.000185867074011,5.30440400264e-05
-0.000202759466646,-0.000246110701643,-4.33512349972e-05
-0.000286249553936,-0.000199696458002,8.65530959341e-05
-0.000198783899905,-0.000144239719493,5.45441804123e-05
-0.000146642323292,-0.000119666802567,2.69755207254e-05
-9.4682922245e-05,-0.000112088328404,-1.74054061588e-05
-0.000198110941469,-0.000217501482594,-1.93905411249e-05
-8.1202431676e-05,-8.84121963029e-05,-7.20976462694e-06
-9.25520175332e-05,-0.000132190376375,-3.96383588419e-05
-0.000469652165571,-0.000334690488066,0.000134961677506
-0.000139385069903,-0.000136352429252,3.03264065117e-06
-0.000291698508056,-0.000231686728146,6.00117799093e-05
-0.000211324780711,-0.00017165493358,3.96698471309e-05
-9.94136162535e-05,-9.40862434372e-05,5.32737281626e-06
-0.000427360997975,-0.000386253151529,4.11078464463e-05
-0.000176534484982,-0.000176079052232,4.5543274961e-07
-0.000345825532619,-0.000296493444062,4.93320885569e-05
-0.000285002529988,-0.000248910935134,3.60915948538e-05
-0.000242592267653,-0.000276456191497,-3.38639238443e-05
-0.000321758034113,-0.000240834642416,8.09233916969e-05
-0.000177049826155,-0.000189155312264,-1.21054861087e-05
-4.22636102914e-05,-0.000104234325769,-6.19707154777e-05
-0.000252988218682,-0.000227994612638,2.4993606044e-05
2.16054937152e-05,2.82339720916e-05,6.62847837642e-06
-0.000285520882571,-0.000237810939749,4.77099428212e-05
-0.000227011326212,-0.000150520139878,7.6491186334e-05
-0.000121511376272,-0.000157251743243,-3.57403669704e-05
-0.000237258220194,-0.000166503708496,7.07545116979e-05
-0.000179996270763,-0.000165623818065,1.43724526985e-05
-0.000295876917747,-0.00024796314415,4.79137735964e-05
-0.00027433579726,-0.000238037079877,3.62987173827e-05
-6.13189232627e-05,-5.09932770593e-05,1.03256462034e-05
-0.000225052276148,-0.00015050025977,7.45520163782e-05
-0.000348308733679,-0.00029614613498,5.21625986987e-05
-0.000325172960587,-0.000200945938612,0.000124227021975
-0.000383779936536,-0.000277487093999,0.000106292842538
-0.000152880186209,-0.000155732539368,-2.85235315932e-06
-0.000309418213705,-0.000292595207255,1.68230064495e-05
-0.000165247143444,-0.0002245091248,-5.92619813565e-05
-0.00020294809688,-0.00017754258138,2.54055154993e-05
-0.000226985603621,-0.000240202308079,-1.3216704458e-05
-0.000332759236112,-0.000306917386125,2.58418499868e-05
-0.000123715204161,-9.68366939386e-05,2.68785102222e-05
-6.80962524864e-05,-9.4271535323e-05,-2.61752828366e-05
-0.000304886114089,-0.000231969803662,7.29163104269e-05
-0.00032616194839,-0.000285400338096,4.07616102941e-05
-0.000212482592753,-0.000207656966587,4.82562616544e-06
-0.000293313672339,-0.000202979901222,9.03337711164e-05
-0.000136504519392,-8.95662307775e-05,4.69382886149e-05
-0.000224078149855,-0.000213195252848,1.08828970074e-05
-0.000189900966156,-0.000107522668454,8.23782977016e-05
-0.000249383645005,-0.000250613303224,-1.22965821929e-06
-0.000170661946958,-0.000110252013494,6.04099334641e-05
-0.000269755044397,-0.000257889919851,1.18651245462e-05
-0.00019438224498,-0.000172703089074,2.1679155906e-05
-0.000240266130712,-0.000210980521392,2.92856093206e-05
-0.000272003150523,-0.000233096863936,3.89062865878e-05
-0.000245106800183,-0.000193711818675,5.1394981508e-05
-0.000354578111094,-0.00024456935862,0.000110008752474
-0.000374807105331,-0.000341113551052,3.36935542792e-05
-0.000278557846343,-0.000213635319303,6.49225270404e-05
-0.000326436238842,-0.000313756947493,1.26792913496e-05
-0.000277319622525,-0.000247576330581,2.97432919442e-05
-0.000271777908392,-0.000236027624561,3.57502838314e-05
-0.000231029532557,-0.000218944916704,1.20846158525e-05
-0.000254209295441,-0.000208562202203,4.56470932377e-05
3.95762097199e-06,-8.14034074374e-05,-8.53610284093e-05
-0.000366215004841,-0.000260694895863,0.000105520108978
-0.000233687626506,-0.000205420731732,2.82668947738e-05
-0.000301074067315,-0.000260693364659,4.03807026562e-05
-0.000305416992521,-0.000230266214689,7.51507778326e-05
-0.000142743051247,-0.000124908559649,1.78344915978e-05
-0.000296249619678,-0.000294229901564,2.01971811408e-06
-0.000240748911708,-0.000229587625093,1.11612866155e-05
-0.000234777512966,-0.000206653143182,2.81243697837e-05
-0.000104930524922,-7.64471985164e-05,2.84833264056e-05
-0.000310562883767,-0.000226478487465,8.40843963027e-05
-0.000250253302864,-0.00017559507528,7.46582275841e-05
-0.0001645895163,-0.00014305790289,2.15316134106e-05
-0.000246400561131,-0.00026651628132,-2.01157201888e-05
-0.000157548502526,-0.000148250676153,9.29782637312e-06
-0.000255168845708,-0.000301414446308,-4.62456005999e-05
-0.000130881662421,-9.72861997128e-05,3.35954627084e-05
-0.000400148338745,-0.000298673110449,0.000101475228296
-0.000158028612724,-0.000142928227631,1.51003850929e-05
-0.000192119512845,-8.91073286238e-05,0.000103012184221
-0.000178904155195,-0.000206443560873,-2.75394056784e-05
-0.000367929569432,-0.000286969233896,8.09603355356e-05
-0.000247662809791,-0.000175288491241,7.23743185498e-05
-0.000119316358327,-9.61162875648e-05,2.32000707626e-05
-0.000270124415697,-0.000162734060037,0.000107390355661
-0.00016802482628,-3.03823643107e-05,0.00013764246197
-0.000332673781728,-0.000275368537418,5.73052443105e-05
-0.000298614874314,-0.00022479180642,7.38230678938e-05
-0.000127767407404,-0.000194626560715,-6.68591533108e-05
-0.000327819680425,-0.000244898826274,8.29208541517e-05
-0.000292031409474,-0.00020525712442,8.67742850542e-05
-0.00040383289221,-0.000262871174322,0.000140961717888
-0.000182570702064,-0.000222542547595,-3.99718455314e-05
-0.000247917084491,-0.000217855531144,3.00615533472e-05
-0.000321367062124,-0.000346719226776,-2.53521646524e-05
-0.000239583919114,-0.000229414158795,1.01697603199e-05
-0.000260554818836,-0.000240397710292,2.01571085442e-05
-0.000328183212118,-0.000257239059375,7.09441527423e-05
-0.000171485035571,-0.000112745440305,5.87395952658e-05
-0.000170280492698,-0.000170399156412,-1.18663714584e-07
-0.000252643986455,-0.000249018226413,3.62576004181e-06
-0.000248679313746,-0.000260830147121,-1.21508333746e-05
-0.000139447271564,-0.000124719749501,1.47275220635e-05
-0.000145221243718,-6.30130218662e-05,8.22082218513e-05
-0.000393286268065,-0.000265566164892,0.000127720103173
-0.000358271533159,-0.000203755366362,0.000154516166797
-0.000112688564942,-0.000137534541303,-2.48459763609e-05
2.6493636327e-05,-1.45817941394e-05,-4.10754304665e-05
-8.98573548363e-06,-3.90272511846e-05,-3.00415157009e-05
-0.000206519414876,-0.000172835067962,3.36843469132e-05
-0.000234774192118,-0.000194414242205,4.03599499123e-05
-0.000175551829221,-0.000181546009181,-5.99417996063e-06
-0.000256959705755,-0.000267569578687,-1.06098729319e-05
1.09265762928e-06,-4.51213820157e-05,-4.6214039645e-05
-0.000184532185813,-0.000177943821596,6.58836421655e-06
-0.000175706582769,-0.000160419338159,1.528724461e-05
-0.000349934325729,-0.000285756790226,6.41775355022e-05
-5.46020508542e-05,-8.15690454076e-05,-2.69669945533e-05
-0.00019706106385,-0.00012500230226,7.20587615902e-05
-0.000265183998644,-0.00024038009552,2.48039031243e-05
-0.000114734146004,-0.000131493068787,-1.6758922783e-05
-0.000260341282972,-0.000200813987233,5.95272957391e-05
-0.000376780882636,-0.000284875202973,9.19056796626e-05
-0.000243299132592,-0.000283705931267,-4.04067986752e-05
-0.000341564731671,-0.000280084413165,6.14803185061e-05
-0.000199363294213,-0.00015396551718,4.53977770324e-05
-0.000167150102713,-0.000117773366216,4.93767364966e-05
-0.000133120375018,-0.000146984429697,-1.38640546789e-05
-0.000191865168865,-0.000155900105468,3.59650633968e-05
-0.000337558105295,-0.000360510321674,-2.29522163788e-05
-0.000241386296544,-0.000142441012415,9.89452841287e-05
-0.000325957310995,-0.0002445377839,8.14195270954e-05
-0.000141691555906,-0.000164358998927,-2.26674430207e-05
-0.000198147055375,-0.000245492541335,-4.734548596e-05
-0.0002494781227,-0.000259898567018,-1.04204443184e-05
-0.000221543690925,-0.000216188623627,5.35506729753e-06
-0.000123803852839,-8.2073310798e-05,4.17305420415e-05
-0.000105347492762,-0.000137126876226,-3.17793834635e-05
-0.00020386546588,-0.000147260756853,5.66047090276e-05
-0.000150667537264,-0.000122865991042,2.78015462215e-05
-0.000356872916477,-0.000283814762621,7.30581538565e-05
-0.000347074641515,-0.00028883076524,5.82438762751e-05
-0.000204665792507,-0.00018666040393,1.8005388577e-05
-0.000251457250181,-0.00017034212253,8.11151276511e-05
-0.000101670133902,-9.83752576029e-05,3.29487629956e-06
-9.34189723011e-05,-8.76467858011e-05,5.77218650005e-06
-0.000299750560709,-0.000252024530204,4.77260305054e-05
-0.000308867847465,-0.000286158670451,2.27091770141e-05
-0.000231242634719,-0.000275957769196,-4.47151344771e-05
-0.000338913046103,-0.000287160501754,5.17525443493e-05
-0.000314649700438,-0.000258159850895,5.64898495421e-05
-0.000257998201077,-0.000238559804909,1.94383961677e-05
-0.000158747194915,-0.000145267737216,1.3479457699e-05
-0.000102044821623,-0.000123642180874,-2.15973592512e-05
-7.03475720108e-05,-4.75051429285e-05,2.28424290823e-05
-0.000362754626839,-0.000283372993418,7.93816334206e-05
-0.000188367667812,-7.80420736866e-05,0.000110325594125
-0.00022538720255,-0.000210237314996,1.51498875547e-05
-0.000341869010555,-0.000305341488016,3.65275225396e-05
-0.000180657795455,-0.000194050717235,-1.33929217799e-05
-0.000191331362382,-0.000176085012932,1.52463494507e-05
-0.000315074055649,-0.000294723442771,2.03506128785e-05
-0.000264642069285,-0.000251930606296,1.27114629888e-05
-0.000413910907841,-0.000330327975851,8.35829319896e-05
-0.000204043391089,-0.000130212010454,7.3831380635e-05
-0.000218902292588,-0.000237662180571,-1.87598879833e-05
-0.000438307756928,-0.000285574184669,0.00015273357226
-0.000273734731685,-0.000289166371357,-1.54316396712e-05
-7.55344626128e-05,-6.60638490548e-05,9.47061355807e-06
-0.000189894838317,-0.000187703654119,2.19118419855e-06
-0.000332001485711,-0.000262067602415,6.9933883296e-05
-0.000278321933815,-0.000220380305027,5.79416287874e-05
-0.000242878241319,-0.000197979835387,4.48984059315e-05
-8.99836725125e-05,-0.00014046881435,-5.04851418378e-05
-0.000278579276791,-0.00020108626583,7.74930109607e-05
-0.000343504820785,-0.000284842951314,5.86618694703e-05
-0.000200188389704,-0.000220525638082,-2.03372483783e-05
-0.000146698917181,-0.000120343745828,2.63551713527e-05
-0.000184133702647,-0.00020166236615,-1.75286635033e-05
-0.000120534307278,-0.000134381040743,-1.38467334646e-05
-0.000312241017914,-0.000243009976189,6.92310417249e-05
-0.000215222037669,-0.000202344885242,1.28771524266e-05
-0.00020840599177,-0.000251702063097,-4.32960713266e-05
-0.000275871437622,-0.00015358892277,0.000122282514852
-0.000135769833076,-0.000128358374339,7.41145873734e-06
-0.000125492271674,-7.68805220444e-05,4.86117496293e-05
-0.000367071664897,-0.000294367671384,7.27039935127e-05
-0.000210201243577,-0.000183755013857,2.64462297206e-05
-0.00028139401942,-0.000216474679822,6.49193395979e-05
-0.000237858703347,-0.000201720073568,3.61386297793e-05
-0.00017524654729,-0.000169043313883,6.20323340707e-06
-0.000297543131967,-0.000273761931931,2.37812000358e-05
-0.000330956606945,-0.000299232241315,3.17243656308e-05
-8.47446082266e-05,-8.15864534425e-05,3.15815478409e-06
-0.000233070919385,-0.00019557756925,3.74933501348e-05
-0.000278165205809,-0.000252412193556,2.5753012253e-05
-0.000217454067359,-0.000174655218239,4.279884912e-05
-0.000156084467444,-0.000142900969294,1.318349815e-05
-0.000230076757135,-0.00020374730127,2.63294558651e-05
-0.000218530279769,-0.000214466974571,4.06330519733e-06
-0.000363583632021,-0.000218128280417,0.000145455351604
-0.000266416328474,-0.00033221879,-6.5802461526e-05
-0.000184108997445,-0.000211399945164,-2.72909477191e-05
-0.000250115683744,-0.000292403806459,-4.22881227146e-05
-0.000315356707472,-0.000286298817765,2.90578897067e-05
-0.000206159917273,-0.000205924591882,2.35325391612e-07
-8.71457315191e-06,-6.51066422787e-05,-5.63920691267e-05
-0.000212833806252,-0.000150580833873,6.22529723783e-05
-0.00026699974039,-0.000149957964751,0.000117041775639
-0.00014555302287,-0.000165437567728,-1.98845448579e-05
-0.000283762274998,-0.000211816738474,7.19455365246e-05
-0.000132423148003,-9.9400248691e-05,3.30228993117e-05
-9.21380436263e-05,-0.000137391464668,-4.52534210421e-05
-0.000153630608664,-0.000100729815614,5.29007930507e-05
-0.000182378234184,-0.000197520489309,-1.51422551249e-05
-0.000129775697274,-8.14657003376e-05,4.83099969363e-05
-0.000156360350869,-0.000124358691188,3.20016596809e-05
-0.000371801195187,-0.000325119254253,4.66819409338e-05
-0.000218065853454,-0.000144092843673,7.39730097805e-05
-0.000112478908136,-0.000142360407494,-2.98814993581e-05
-0.000248168672895,-0.000226492199601,2.16764732943e-05
-0.000244452250344,-0.00016700200495,7.74502453938e-05
-6.39990909125e-05,-0.000106217297577,-4.22182066643e-05
-0.000295605393577,-0.000250273044826,4.53323487509e-05
-0.000284654059906,-0.000205152750226,7.95013096798e-05
-0.000239485242267,-0.000178097638176,6.13876040913e-05
-0.000100271202027,-0.000120401091545,-2.01298895177e-05
-0.000221591529538,-0.000134713415321,8.6878114217e-05
-0.000213804788923,-0.000150893459153,6.29113297705e-05
-0.000295750416627,-0.000214419283385,8.13311332419e-05
-0.000157437850479,-0.000178460408954,-2.10225584747e-05
-9.86848950086e-05,-5.55880603028e-05,4.30968347058e-05
-1.107016419e-05,-4.78100720358e-05,-3.67399078458e-05
-0.000312649480233,-0.000193280099787,0.000119369380446
-0.000237116808986,-0.000168322170633,6.8794638353e-05
-3.24886269627e-05,-7.79659531623e-05,-4.54773261996e-05
-7.51786147205e-05,-6.79849795166e-05,7.19363520388e-06
-0.000265205387507,-0.00022670901505,3.84963724566e-05
-0.000263414668438,-0.000251466053167,1.19486152716e-05
-0.000236982402707,-0.000232148526584,4.8338761238e-06
-0.000293474663019,-0.000282652257116,1.08224059028e-05
-0.000147344987999,-0.000136734815281,1.06101727175e-05
-0.000216861409324,-0.000213764841737,3.09656758712e-06
-7.4747897496e-05,-0.000131864372425,-5.71164749292e-05
-9.17690104058e-05,-9.17157941813e-05,5.321622456e-08
-0.000253101789475,-0.000209753735636,4.33480538395e-05
-0.000186819632231,-0.000188092161457,-1.27252922558e-06
-0.000246266660615,-0.00026661938388,-2.03527232653e-05
-0.000187072757218,-0.00014751360935,3.95591478675e-05
-0.000310158106645,-0.000319571034851,-9.41292820608e-06
-0.000124212069456,-0.000169995210876,-4.57831414202e-05
-0.000215110779958,-0.000133446018513,8.16647614448e-05
-0.000222189006076,-0.00014227449853,7.99145075462e-05
-0.000152866159997,-0.000140936751619,1.19294083785e-05
-6.37270867976e-05,-1.78355947945e-05,4.5891492003e-05
-0.000219151259239,-0.000205497557968,1.36537012716e-05
-5.53104990716e-05,-0.000111158233704,-5.58477346325e-05
-0.0001222724206,-0.000107537454738,1.47349658622e-05
-0.000175459163082,-0.000191140691328,-1.56815282453e-05
-0.000267705669498,-0.00026576739997,1.93826952763e-06
-0.000141694875938,-7.32354452913e-05,6.8459430647e-05
-0.000175637692793,-0.000106669850396,6.89678423972e-05
-0.000224251115251,-0.000208858956701,1.53921585503e-05
-0.000215616729384,-0.000188789360342,2.6827369042e-05
-0.000205186842525,-0.000193165058895,1.20217836296e-05
-0.000202649897186,-0.000156107444369,4.65424528172e-05
-0.000223926886908,-0.000209843465648,1.40834212601e-05
-0.000198306021743,-0.000177543637596,2.07623841473e-05
-0.000347652412519,-0.000236757937646,0.000110894474872
-0.000161327219714,-0.000171920756832,-1.05935371178e-05
-0.000220320003573,-0.000242007147145,-2.16871435718e-05
-0.000285301616218,-0.000321605002618,-3.63033864003e-05
-0.000164054775067,-0.000159724917146,4.32985792109e-06
-3.56400876989e-05,-4.89396252845e-05,-1.32995375856e-05
-0.000269881417901,-0.000263245264382,6.63615351945e-06
-0.00040757767937,-0.000323798316955,8.37793624156e-05
-0.000261695162076,-0.00022595610069,3.57390613862e-05
-0.000126275581689,-0.000134311297472,-8.03571578321e-06
-0.000240494398323,-0.000198933680418,4.15607179042e-05
-0.000342763706912,-0.0002619568035,8.08069034112e-05
-0.000221398600277,-0.000215682978,5.7156222766e-06
-3.28057866746e-05,-4.61937768522e-05,-1.33879901776e-05
-0.000249654991048,-0.000227890839492,2.1764151556e-05
-0.000146073682467,-0.000122196309385,2.38773730815e-05
-0.00036148960329,-0.000286755353876,7.47342494132e-05
-0.000200683096478,-0.000181437461215,1.92456352632e-05
-0.000255308744221,-0.000164941115356,9.03676288651e-05
-0.000276809726833,-0.000200186196046,7.66235307861e-05
-0.000199461723169,-0.000194961565724,4.50015744506e-06
-0.000388771937457,-0.000370823720546,1.79482169118e-05
-0.000268609183184,-0.000151174682852,0.000117434500332
-0.000253914901499,-0.000252624781568,1.29011993018e-06
-0.000377560728928,-0.000294724287729,8.28364411994e-05
-0.000295422396837,-0.000175798949724,0.000119623447113
-0.000271769514645,-0.000198303209504,7.34663051413e-05
-0.000131877681588,-0.000216452548715,-8.45748671269e-05
-0.000189417226237,-0.000159665877199,2.97513490382e-05
-0.000235132539712,-0.000213886299834,2.12462398776e-05
-0.000299641376157,-0.000238648097393,6.09932787647e-05
-5.70701229658e-05,-9.95663390376e-05,-4.24962160718e-05
-0.00015957615222,-0.000141758542647,1.78176095731e-05
-0.000341051834928,-0.000295530178138,4.5521656789e-05
-0.000313122114572,-0.000228502003056,8.46201115152e-05
-0.000264230449971,-0.000166487578676,9.77428712947e-05
-0.000184356543818,-0.000176944729694,7.41181412325e-06
-0.000167675001349,-9.05771664033e-05,7.70978349456e-05
-0.00015348572366,-0.000161430182155,-7.94445849572e-06
-0.000147545641045,-0.000180108681145,-3.25630400996e-05
-8.20826835823e-05,-5.42839614135e-05,2.77987221688e-05
-0.000211030095961,-0.000187909569395,2.3120526566e-05
-0.000247820818037,-0.000176440448705,7.13803693319e-05
-0.000194452257461,-0.000187892065265,6.56019219566e-06
-7.3526989451e-05,-0.00016172402666,-8.8197037209e-05
-0.000176916693449,-0.000154916909106,2.19997843434e-05
-3.1745871756e-05,-5.23545338562e-05,-2.06086621002e-05
-0.000193065947445,-0.000205485873615,-1.24199261701e-05
-0.000104209700423,-9.8784664277e-05,5.42503614636e-06
-0.000248123753539,-0.000208124839665,3.99989138744e-05
-0.000217389105447,-0.000201114233177,1.62748722699e-05
-0.00020926166267,-0.000118093782048,9.11678806219e-05
-0.000169867840507,-0.000120641826289,4.92260142177e-05
-0.000282775228241,-0.000177518658265,0.000105256569976
-0.000193288215194,-0.00012756156484,6.57266503543e-05
-0.000188735709799,-0.000195007175711,-6.27146591165e-06
-0.00033857847226,-0.000362321256574,-2.37427843135e-05
-0.000241185825161,-0.000255953946891,-1.47681217304e-05
-3.73522044375e-05,-8.47938190546e-05,-4.74416146171e-05
-0.000325124761057,-0.000255565835169,6.95589258879e-05
-0.000250987004335,-0.000320269540135,-6.92825358004e-05
-0.000212714190707,-0.000195022740875,1.76914498323e-05
-0.000301594792251,-0.000201091583766,0.000100503208485
-0.000467750785731,-0.000419714998652,4.80357870796e-05
-0.000208495725836,-0.000131097671124,7.73980547125e-05
-0.00017972324252,-0.00018613724909,-6.41400656978e-06
-0.000414659868607,-0.000299215633654,0.000115444234953
-0.000417792865495,-0.000346393096602,7.13997688934e-05
-0.000165047584619,-0.00015896312584,6.08445877833e-06
-0.000185584270443,-0.000235157471466,-4.95732010231e-05
-0.000119616993444,-0.000153724065355,-3.41070719107e-05
-7.2249122448e-06,-3.3754338133e-05,-2.65294258882e-05
-0.000314955638923,-0.000281596904332,3.33587345906e-05
-0.000232882289226,-0.000174916589011,5.79657002155e-05
-0.000222554395713,-0.000196641615982,2.59127797315e-05
-0.000195318330921,-0.000198429851405,-3.1115204844e-06
-0.000149986555402,-0.000206952857315,-5.69663019127e-05
-0.00032251883774,-0.000189473808237,0.000133045029503
-5.74976758826e-06,1.36919569161e-05,1.94417245044e-05
-0.000260183058728,-0.000239148686615,2.10343721126e-05
-0.000184132093886,-0.000159863138969,2.42689549162e-05
-0.000209586127734,-0.000243949241093,-3.43631133586e-05
-0.000177574367587,-0.000150675236454,2.68991311331e-05
-0.00021357526976,-0.000186856581259,2.67186885007e-05
-0.000214392146961,-0.000224101533984,-9.70938702223e-06
-0.000163311386419,-0.000171391830795,-8.08044437609e-06
0.000137962214901,6.80638197837e-05,-6.98983951173e-05
-0.000167351505952,-8.92502285084e-05,7.8101277444e-05
-0.00020479976467,-0.000183570263377,2.12295012928e-05
-0.0002135108841,-0.000134174298747,7.9336585353e-05
-0.000153050546064,-0.000102580598629,5.04699474344e-05
-0.000201555961059,-0.000208967486285,-7.41152522605e-06
-0.000141893283213,-0.000141316177106,5.77106107286e-07
-0.000363385932057,-0.000295072496965,6.8313435092e-05
-0.000165421462152,-0.000158318197839,7.1032643132e-06
-3.58385463072e-05,-0.000127864003653,-9.20254573457e-05
-0.000222953614041,-0.000190196811792,3.27568022493e-05
-4.45586008787e-05,-2.47022955784e-05,1.98563053003e-05
-0.00016963442772,-0.000200368573182,-3.07341454621e-05
-0.000217930816754,-0.000280475823287,-6.25450065332e-05
-0.000197363065072,-0.000200489154611,-3.12608953962e-06
-8.10972804163e-05,-6.95584178379e-05,1.15388625784e-05
-0.000338882220996,-0.000177588251708,0.000161293969289
-0.00024324449351,-0.000248867583548,-5.62309003856e-06
-0.000258931734174,-0.000221503230738,3.7428503436e-05
-8.60737585579e-05,-0.000120243108273,-3.41693497155e-05
-8.30844434075e-05,-8.87694278021e-05,-5.68498439461e-06
-0.000213771252382,-0.000161598122724,5.21731296583e-05
-0.000286994310332,-0.000260516142568,2.64781677635e-05
-3.23133765689e-05,-0.000106763551117,-7.44501745484e-05
-0.000283240222586,-0.000272277473659,1.09627489271e-05
-0.000268935172362,-0.000195661318512,7.32738538506e-05
-0.000209606499733,-0.000173891853231,3.57146465019e-05
-0.000516121767958,-0.000299349476693,0.000216772291265
-0.000360489207825,-0.000250171100064,0.000110318107761
-0.000265677742057,-0.000238915610534,2.67621315234e-05
-0.000317909622501,-0.000301070238867,1.68393836332e-05
-0.000234681046912,-0.000221423281004,1.32577659077e-05
-0.000262007465444,-0.00016809619665,9.3911268794e-05
-0.000259453722144,-0.000227637227092,3.18164950522e-05
-0.000354676661692,-0.000248257770024,0.000106418891668
-0.000271355076603,-0.000222827287016,4.8527789587e-05
-0.000411275076822,-0.000367495416013,4.37796608082e-05
-0.00027676118892,-0.000278654326492,-1.89313757246e-06
-0.000167450831768,-0.000177117974536,-9.66714276789e-06
-0.000182972555488,-0.000163957551497,1.90150039915e-05
-0.000306702153963,-0.000231197505611,7.55046483523e-05
-0.000133448077481,-0.000188096950375,-5.46488728937e-05
-0.000248846912676,-0.000156791609655,9.20553030213e-05
-0.000350805734332,-0.00028319765825,6.76080760825e-05
-0.000257429647452,-0.000156063510071,0.000101366137381
-0.000262776575376,-0.000240987780731,2.17887946447e-05
-0.000120014529366,-0.000121410764923,-1.3962355567e-06
-0.000170478713034,-0.000213359289738,-4.28805767036e-05
-0.000160617713614,-0.000134467822751,2.61498908639e-05
-0.000113131871986,-0.000123279616433,-1.01477444471e-05
-0.000171710944874,-0.000156127598953,1.55833459204e-05
-0.000339396153904,-0.000278145928701,6.12502252031e-05
-0.00024463552076,-0.000194698269217,4.99372515428e-05
-0.000276386250212,-0.000192591091361,8.37951588502e-05
-0.000243331520551,-0.000159382079737,8.39494408141e-05
-0.000159222230621,-0.000132987353978,2.62348766434e-05
-0.000205705227127,-0.000184873392132,2.08318349949e-05
-0.000181426088746,-0.000155070005209,2.63560835371e-05
-0.000193893750841,-0.000222074817128,-2.81810662865e-05
-0.000339402974381,-0.000314336151892,2.50668224889e-05
-0.000279867994714,-0.000215716802502,6.41511922117e-05
-0.000154747546112,-0.00020572630285,-5.09787567381e-05
-0.000327486105753,-0.000206918230997,0.000120567874755
-0.000331842374954,-0.000250872912488,8.09694624663e-05
-0.000125779652912,-5.4881629588e-05,7.08980233245e-05
-0.000378147670849,-0.000305081025727,7.30666451225e-05
-0.00030573941048,-0.000266007379756,3.97320307237e-05
-0.000116874160436,-7.5245229589e-05,4.16289308474e-05
-0.00033838807261,-0.000229107057324,0.000109281015287
-0.000120711075098,-0.000213803035494,-9.3091960396e-05
-0.000172833531711,-0.00023433477698,-6.15012452692e-05
-0.000187500245177,-0.000159515939538,2.79843056384e-05
-0.000281920831289,-0.000233062181928,4.88586493608e-05
-0.000214944376141,-0.000125717002608,8.92273735328e-05
-7.29336171479e-05,-0.00010675159073,-3.38179735823e-05
-0.000391322271363,-0.000279959462897,0.000111362808466
-0.000163250304546,-0.000104991850254,5.82584542921e-05
-9.01696002923e-05,-0.000117353961834,-2.7184361542e-05
-0.000367779862581,-0.0001909801732,0.000176799689382
-0.000218321099013,-0.000229212921711,-1.0891822698e-05
-0.000116349358027,-9.16959636299e-05,2.46533943968e-05
-0.000214378884614,-0.000203383417192,1.09954674215e-05
-0.000322756986925,-0.000286129080059,3.66279068661e-05
-0.000330848168797,-0.000292092468565,3.87557002321e-05
-0.000295109189803,-0.000299177075375,-4.06788557253e-06
-0.000318438814934,-0.000270655105764,4.77837091699e-05
-0.00023355633807,-0.000170155270358,6.34010677113e-05
-0.000127313264633,-0.000152162303107,-2.48490384746e-05
-0.00036314917063,-0.000271613481805,9.15356888255e-05
-0.000379565145979,-0.000306417128402,7.31480175764e-05
-0.000299930832566,-0.000286876101566,1.30547310001e-05
-0.000137485798378,-0.000155694967981,-1.82091696027e-05
-0.000286880917697,-0.000271555575884,1.5325341813e-05
-0.000372442445998,-0.000300533868924,7.19085770748e-05
-0.000273171733698,-0.000166937094498,0.0001062346392
-0.000270234071425,-0.000215178028131,5.50560432939e-05
-0.000298325048226,-0.000237520501486,6.08045467404e-05
-0.000166804888876,-0.000226714421346,-5.99095324705e-05
-0.000148184586912,-0.000179394988209,-3.12104012965e-05
-0.00023764831435,-0.000209281057828,2.83672565214e-05
-0.000299584806122,-0.000169181691221,0.000130403114901
-0.000168428642422,-0.000189878607396,-2.14499649747e-05
-9.62019873606e-05,-8.41449722582e-05,1.20570151023e-05
-0.000158987962564,-0.000122756840572,3.62311219919e-05
-0.000163994239953,-0.000113990186149,5.00040538037e-05
-0.000111356864964,-0.000121356876466,-1.00000115014e-05
-0.000228461253418,-0.000152545566545,7.59156868733e-05
-0.00017341723429,-0.000179559693211,-6.14245892112e-06
-0.000294715046379,-0.000267248603242,2.74664431363e-05
-8.32058940525e-05,-0.000110256797035,-2.70509029828e-05
-0.000502671734901,-0.000310126767132,0.000192544967769
-8.55123426194e-05,-4.07950809878e-05,4.47172616316e-05
-0.000229755089468,-0.000228157859376,1.5972300914e-06
-0.000260619407197,-0.000193518907728,6.71004994692e-05
4.45193815735e-05,-4.09889451867e-05,-8.55083267602e-05
-0.000208774903316,-0.000130454693408,7.83202099074e-05
-0.000115214152237,-0.000133352335265,-1.81381830276e-05
-0.000171998367763,-0.000171040757161,9.57610602582e-07
-8.67860939706e-05,-0.000116408420567,-2.96223265961e-05
-0.000134093993383,-0.00010956235952,2.45316338639e-05
-3.11385157973e-06,-5.318737161e-05,-5.00735200303e-05
-8.77856013121e-05,-9.28793354007e-05,-5.0937340886e-06
-0.000283306024558,-0.000217912904145,6.53931204125e-05
-0.000402312283464,-0.000251526995121,0.000150785288343
-0.000176493357022,-0.000174893848329,1.59950869273e-06
-0.000220399652369,-0.000271013674869,-5.06140225004e-05
-0.000225856611252,-0.000209125806126,1.67308051255e-05
-0.000155514569683,-0.000131632814066,2.38817556171e-05
-0.000127961193657,-0.000115391298943,1.25698947138e-05
-3.44779090589e-05,-6.10130619132e-05,-2.65351528543e-05
-0.00012456295894,-5.95606981813e-05,6.50022607587e-05
-0.000156210889836,-0.000217218441065,-6.10075512291e-05
-0.000216936208905,-0.000150583744266,6.63524646389e-05
-0.000280179367226,-0.000278629383885,1.54998334109e-06
-0.000249146483683,-0.000184441995868,6.4704487815e-05
-0.000386225792827,-0.000271616119541,0.000114609673286
-0.000365910275551,-0.000327469186146,3.84410894044e-05
-0.000193078776965,-0.000109296157675,8.37826192902e-05
-0.000317851325668,-0.000280604274724,3.72470509439e-05
-7.4524997039e-05,-3.95266068828e-05,3.49983901562e-05
-0.000323009924623,-0.000203121926718,0.000119887997906
-0.000309960743084,-0.000305594246688,4.36649639515e-06
-9.70126961955e-06,1.87900446529e-06,1.15802740848e-05
-9.49349043174e-05,-0.000159718462033,-6.47835577157e-05
-5.65921244862e-05,-5.91764772589e-05,-2.58435277272e-06
-0.000386611886499,-0.000388067830098,-1.45594359881e-06
-0.000267405487548,-0.000272543814575,-5.13832702705e-06
-0.000102343759173,-7.41797268012e-05,2.81640323715e-05
-0.000200526278532,-0.000210668921103,-1.01426425707e-05
-0.000241517741532,-0.000214096129638,2.74216118941e-05
-0.0002516991318,-0.00020569480424,4.60043275602e-05
-0.000239867164274,-0.000242725329327,-2.85816505359e-06
-0.000231454381315,-0.000178479566419,5.29748148968e-05
-0.000247544779594,-0.000233133137314,1.44116422804e-05
-0.000217469768214,-0.000148287918746,6.91818494681e-05
-0.000376424820188,-0.00031720288409,5.9221936098e-05
-0.000301782260836,-0.000237472129447,6.43101313887e-05
-0.000293666348419,-0.000305577701076,-1.19113526562e-05
-7.66695872418e-05,-0.00014257144182,-6.59018545785e-05
-0.000407076015283,-0.000356979656466,5.00963588178e-05
-0.000199941963959,-0.000221527995373,-2.15860314133e-05
-0.000314709550087,-0.000196513236563,0.000118196313523
-0.000179090314398,-0.000114894330211,6.41959841873e-05
-6.3889265195e-05,-0.000110305895667,-4.64166304718e-05
-0.000228791855074,-0.00024618927749,-1.73974224167e-05
-5.71434535204e-05,-9.65436668648e-05,-3.94002133444e-05
-0.000202891227407,-0.000222238661236,-1.93474338295e-05
-0.000307877245913,-0.000228263991752,7.96132541617e-05
-0.00028987358434,-0.000200465455422,8.94081289179e-05
-0.000282404472891,-0.000222657708008,5.97467648826e-05
-0.000217334291579,-0.000177166113752,4.01681778266e-05
-0.000253916343736,-0.000202239583404,5.1676760332e-05
-7.31053698531e-05,-0.000133670700344,-6.05653304909e-05
-0.000291446430014,-0.00024140288571,5.0043544304e-05
-0.000138393938438,-0.000146111776113,-7.71783767467e-06
-0.000254543577573,-0.000241862360498,1.2681217075e-05
-0.000244523819183,-0.000257747898875,-1.32240796913e-05
-0.000321875642224,-0.000270024543787,5.18510984363e-05
-4.87402603945e-05,-2.43797151447e-05,2.43605452497e-05
-0.000156660813614,-0.000166486514217,-9.82570060332e-06
-0.000111455201977,-5.2774774946e-05,5.86804270307e-05
-0.000365052614646,-0.000313103299159,5.19493154862e-05
-0.000321336284448,-0.000262540009381,5.87962750668e-05
-0.000146903599493,-0.000118750167471,2.81534320219e-05
-0.000294969253529,-0.000265217793656,2.97514598725e-05
-0.00015893869006,-0.000149620010623,9.31867943722e-06
-0.00028242596646,-0.000290538665911,-8.11269945164e-06
-0.000408402911567,-0.000275439421188,0.000132963490379
-0.00017725850691,-0.000236163008361,-5.89045014513e-05
-0.000267269334107,-0.000209313832005,5.79555021017e-05
-0.000129062639356,-6.97910690288e-05,5.92715703272e-05
-0.000264095457234,-0.000215585510224,4.85099470101e-05
-0.000324486455279,-0.000285701696264,3.87847590152e-05
-0.000233507122293,-0.000219610923101,1.38961991913e-05
-0.000182874648021,-8.70602838404e-05,9.58143641807e-05
-0.000284318728154,-0.000212114541285,7.22041868694e-05
-0.000292725882996,-0.00025526458771,3.7461295286e-05
-5.52236946011e-05,-8.69894882068e-05,-3.17657936057e-05
-0.000182170374312,-0.000170691075568,1.14792987439e-05
-0.000148970318916,-0.000198459749982,-4.94894310663e-05
-0.000241599965153,-0.000207622623824,3.39773413287e-05
-0.000427303027399,-0.000331033713716,9.62693136823e-05
-0.000299934273181,-0.000204702640647,9.52316325348e-05
-0.000277514497639,-0.000241689835558,3.58246620808e-05
-0.000473178002526,-0.000235421577095,0.000237756425432
-9.06737474094e-05,-0.000100755016415,-1.00812690058e-05
-0.000226559511234,-0.000190991667758,3.55678434762e-05
-0.00022906113675,-0.000179899016889,4.91621198614e-05
-0.000113724749728,-0.000137065943368,-2.334119364e-05
-0.000386778330834,-0.000331029250166,5.57490806672e-05
-0.000227366848157,-0.000238714893144,-1.13480449876e-05
-0.000222258192315,-0.00024388547092,-2.16272786049e-05
-0.000160603561642,-0.000186206613949,-2.56030523065e-05
-0.000345484017089,-0.00028069827695,6.47857401395e-05
-0.000319026689931,-0.000233108275977,8.59184139534e-05
-0.000150495075301,-0.000138087654168,1.24074211329e-05
-0.000238021616518,-0.00025786112744,-1.98395109219e-05
-0.000118958369511,-0.000155127585035,-3.61692155242e-05
-0.000281627699042,-0.000238050698263,4.35770007795e-05
-0.000337089863003,-0.000271236708396,6.58531546063e-05
-6.98995411708e-05,-0.000148399021895,-7.8499480724e-05
-4.7010430855e-05,-0.000104832218193,-5.78217873385e-05
-0.000252627792262,-0.000203955281861,4.86725104009e-05
-0.000198206675163,-0.000170707801604,2.74988735586e-05
-0.000182427793146,-0.000184166769551,-1.73897640536e-06
-0.000218169812406,-0.000160837774399,5.73320380072e-05
-0.000214944261187,-0.000213412317974,1.5319432128e-06
1.51250711982e-06,-5.30833205939e-05,-5.45958277137e-05
-0.000179910965257,-0.000261703381016,-8.17924157596e-05
-0.000265403944726,-0.000230978546597,3.44253981299e-05
-0.000337925685618,-0.000274347731226,6.35779543919e-05
-0.000247502002373,-0.000295879740098,-4.83777377249e-05
-0.000139207388499,-5.35104158522e-05,8.56969726469e-05
-0.000338422090371,-0.000270900983931,6.75211064397e-05
-0.000215743464861,-9.76107546316e-05,0.000118132710229
-0.000204007846362,-0.000216159654749,-1.21518083865e-05
-0.000244277590991,-0.000206688861358,3.75887296326e-05
-0.000365162335297,-0.000307068909246,5.80934260512e-05
-0.000299630771085,-0.00023437835333,6.52524177551e-05
-0.000253958319034,-0.000204705273501,4.92530455335e-05
-0.000215315371253,-0.000205685667972,9.62970328086e-06
-0.000284158639067,-0.000279055274116,5.10336495089e-06
-0.000141708410868,-0.000162424518816,-2.07161079479e-05
-9.14730576921e-05,-0.000143199422425,-5.17263647333e-05
-0.000187171148599,-0.000150622392228,3.65487563713e-05
-0.000373644585645,-0.00020218913191,0.000171455453736
-0.000252957358622,-0.000171972464303,8.09848943194e-05
-0.000165640569388,-0.000130892209318,3.47483600704e-05
-0.000388098210552,-0.000326694816658,6.14033938939e-05
-0.000139703612234,-9.3982330871e-05,4.57212813625e-05
-0.000126154667674,-0.000153509342763,-2.73546750889e-05
-0.000446596404897,-0.00037199593999,7.46004649072e-05
-1.81937296467e-05,-5.67392913225e-06,1.25198005144e-05
-0.000253228775805,-0.000206800650633,4.64281251716e-05
-0.000213052286097,-0.000147194172787,6.58581133091e-05
-0.000352897023528,-0.00032682822987,2.60687936576e-05
-0.00019629411327,-0.000207039533139,-1.07454198692e-05
-0.000218981178728,-0.000145052454078,7.39287246499e-05
-0.000125279628577,-0.000117668050056,7.61157852117e-06
-0.000280858524465,-0.000273553471721,7.30505274454e-06
-0.000173663059867,-0.000110782343878,6.28807159887e-05
-0.000211246857476,-0.000119693079179,9.15537782964e-05
-0.000250519293215,-0.00019794788372,5.25714094951e-05
-0.00025672290682,-0.000215822998194,4.08999086268e-05
-0.00019825793219,-0.000154869468925,4.33884632649e-05
-0.000310079644601,-0.00022258722999,8.74924146119e-05
-0.000288624916504,-0.000212486266321,7.61386501837e-05
-0.000246708576151,-0.000238826892097,7.88168405383e-06
-0.000160757275724,-8.0506348464e-05,8.02509272598e-05
-0.000255115671517,-0.000218126685397,3.69889861195e-05
-0.000355675465648,-0.000281759418262,7.3916047386e-05
-0.000321511851785,-0.000291897195502,2.96146562833e-05
-0.000197690730453,-0.000107316570028,9.03741604242e-05
-0.000226784004923,-0.000229618059536,-2.8340546126e-06
-0.000328521924876,-0.000288449032112,4.00728927641e-05
-0.000325577290954,-0.000212023414436,0.000113553876518
-0.000285058481263,-0.000228882390127,5.61760911366e-05
-2.00619800713e-05,-8.60309515356e-07,1.9201670556e-05
-0.000314402972845,-0.000220279765434,9.41232074106e-05
-0.000138954919607,-0.000144155707257,-5.20078765028e-06
-0.000154028857453,-0.000146360176531,7.66868092214e-06
-0.000328712403905,-0.000184662974186,0.000144049429719
-4.64767186436e-05,-3.59634395375e-05,1.05132791061e-05
-0.000351374871315,-0.000222526262663,0.000128848608652
-0.00027900431778,-0.000291785725908,-1.27814081278e-05
-0.000101587144861,-0.00018234132625,-8.07541813893e-05
-0.000129787862693,-0.000213696053937,-8.39081912443e-05
-0.000389046926594,-0.000240828439651,0.000148218486944
-0.000268185876479,-0.000269329866857,-1.14399037786e-06
-0.000202119863243,-0.000180216718637,2.19031446059e-05
-0.000200589580199,-0.000200566188906,2.33912928538e-08
-0.000191739709373,-0.000197568351745,-5.82864237164e-06
-0.00026697686792,-0.000308692640293,-4.17157723729e-05
-0.000144790957449,-0.00015016885479,-5.37789734087e-06
-0.000239826289326,-0.000220428532654,1.93977566727e-05
-0.000196387468948,-0.000180206607823,1.61808611249e-05
-0.000312962051503,-0.000342284692775,-2.93226412718e-05
-8.02104296193e-05,-2.9057707566e-05,5.11527220533e-05
-0.000232094134525,-0.000231367820538,7.26313987123e-07
-0.000142069521738,-0.000159135254265,-1.70657325276e-05
-0.000124716658958,-9.25339093187e-05,3.2182749639e-05
-0.00039702983103,-0.000398868237953,-1.83840692346e-06
-0.000275022248984,-0.000201332347832,7.36899011516e-05
-0.00039042194561,-0.000289960133478,0.000100461812132
-8.55699909873e-05,-6.20470273847e-05,2.35229636026e-05
-0.000170224131388,-0.000160985324584,9.23880680424e-06
-0.000412484252966,-0.00030419968436,0.000108284568606
-0.000210747688128,-0.000243456354654,-3.27086665263e-05
-0.000306813254295,-0.00019328105451,0.000113532199785
-0.000297309956828,-0.000251421922038,4.58880347895e-05
-0.000238531150589,-0.000228675765495,9.85538509484e-06
-0.000255196583472,-0.000214345185253,4.08513982181e-05
-0.000316692493819,-0.00023636602909,8.03264647294e-05
-0.000274260694184,-0.000232081678139,4.21790160444e-05
-9.93642072547e-05,-0.000137323580667,-3.79593734127e-05
-0.000353141938603,-0.000208799886722,0.000144342051882
-0.00023742586487,-0.000181667828161,5.57580367091e-05
-4.20916159093e-05,-0.00014235358496,-0.000100261969051
-4.07724744186e-05,-3.65043082004e-05,4.2681662182e-06
-0.0001608656507,-0.000141796406848,1.90692438514e-05
-0.000158398129497,-0.000145612100426,1.27860290706e-05
-8.75312805075e-05,-6.629991778e-05,2.12313627276e-05
-0.000263849555827,-0.000194438330379,6.94112254483e-05
-0.000194901002021,-0.000167834900541,2.70661014805e-05
-0.000145043045034,-0.000144510866503,5.32178530583e-07
-0.000102051717481,-0.000155454592802,-5.34028753213e-05
-0.000236757420012,-0.000196275301747,4.04821182652e-05
-0.000272299198841,-0.000244089305453,2.8209893388e-05
-0.000139764553064,-0.000121070767731,1.8693785333e-05
-0.000200611565773,-0.000184314419116,1.62971466565e-05
-7.29754864941e-05,-2.37238899907e-05,4.92515965034e-05
-0.000343749027824,-0.00024869458707,9.50544407538e-05
-0.000157348307052,-0.000129380700825,2.79676062268e-05
-0.000242428995059,-0.000192803803843,4.96251912162e-05
-8.94639608864e-05,-0.000131295550004,-4.18315891175e-05
-0.000258748474919,-0.000236828618005,2.19198569145e-05
-0.000131588167525,-0.000137361919985,-5.77375246001e-06
-0.000327035422464,-0.000213209346952,0.000113826075512
-0.000283745303653,-0.000179062545945,0.000104682757708
-0.00014031115103,-0.00013327200888,7.03914215046e-06
-0.000315032220596,-0.000250698063427,6.43341571688e-05
-0.000209076160629,-0.000238775469056,-2.9699308427e-05
-0.000170676530186,-0.000133220695992,3.74558341939e-05
-0.000219932309467,-0.000109674942929,0.000110257366538
-0.000295101387744,-0.000180250735512,0.000114850652232
-0.000327079570193,-0.000257604853683,6.94747165101e-05
-9.8802399336e-05,-0.000135740078958,-3.69376796223e-05
-0.000196723146677,-0.000218453430447,-2.17302837707e-05
-0.000278893043649,-0.000297341806654,-1.84487630042e-05
-0.000159738289283,-0.000143572872764,1.61654165188e-05
-0.000287656044128,-0.000260013449451,2.76425946774e-05
-0.000218892506661,-0.000222453217096,-3.56071043453e-06
-0.000177593116983,-0.000185310822221,-7.71770523768e-06
-0.000202880785366,-0.000182652243948,2.02285414178e-05
-0.000375035814439,-0.000296692427557,7.83433868818e-05
-0.000192681580567,-0.000155156799659,3.75247809083e-05
-0.000268332127398,-0.000232991612828,3.53405145702e-05
-0.000258345894573,-0.00026773680501,-9.39091043736e-06
-0.000202302433921,-0.000148561418286,5.37410156346e-05
-0.000355685728098,-0.000304525842727,5.11598853708e-05
-0.00035953535377,-0.000304079120432,5.54562333372e-05
-0.000201998816745,-0.000212376680207,-1.03778634618e-05
-0.000254293678899,-0.000203463256103,5.08304227965e-05
-0.000175763382813,-0.000174780083953,9.8329885942e-07
-0.000159938541798,-0.000126133829313,3.38047124851e-05
-0.000167375260131,-0.000184065741949,-1.66904818171e-05
-0.000279980253562,-0.000231743691403,4.82365621589e-05
-2.86670584e-06,-5.85745418012e-05,-5.57078359612e-05
-0.000314316010696,-0.000245135711307,6.91802993889e-05
-0.000125730741242,-0.000153005788358,-2.72750471159e-05
-0.000199360027884,-0.000172071566303,2.72884615819e-05
-0.000215719472518,-0.000123734329898,9.19851426196e-05
-0.000220750520771,-0.000233149050844,-1.23985300735e-05
-6.61400234715e-05,-7.98979705873e-05,-1.37579471157e-05
-0.000133229448169,-0.000175268720077,-4.20392719073e-05
-0.000192101507276,-0.000188501712853,3.59979442261e-06
-0.000298851160548,-0.000190868796876,0.000107982363672
-0.000192723469829,-0.000135024393872,5.76990759577e-05
-0.00037402792724,-0.000308231197044,6.57967301961e-05
-0.000195252877546,-0.00015074746574,4.45054118063e-05
-0.000147485100205,-0.000117800616046,2.96844841591e-05
-0.000339934365919,-0.000267495889954,7.24384759646e-05
-0.000272100247072,-0.000245852582699,2.62476643726e-05
-0.000178624149447,-0.00015396659415,2.46575552969e-05
-9.94714920983e-05,-0.0001527045391,-5.32330470013e-05
-3.3776688437e-05,-6.83313204043e-05,-3.45546319673e-05
-0.000283567486067,-0.000186117919375,9.74495666917e-05
-0.000258616171414,-0.000143749081952,0.000114867089462
-0.000252307141827,-0.000227848803041,2.44583387853e-05
-0.000128186128071,-0.000165207432202,-3.70213041313e-05
-0.000533826973051,-0.000403614567448,0.000130212405602
-0.000236460974329,-0.000215935644488,2.05253298412e-05
-0.000267768451743,-0.000176431354662,9.13370970804e-05
-0.000146869681339,-0.000146552712361,3.16968977569e-07
-0.000171378327855,-0.000172390025553,-1.01169769778e-06
-0.000151300990921,-0.000131537032278,1.97639586432e-05
-0.000195854767594,-0.000188174191522,7.68057607211e-06
-0.00038415838464,-0.000394426568145,-1.02681835049e-05
-0.00026752413689,-0.000218741469194,4.87826676964e-05
-0.00024566708732,-0.000232909071931,1.27580153891e-05
-0.000223591661299,-0.000193176408914,3.04152523843e-05
-0.000211220554428,-0.000249400652886,-3.81800984583e-05
-6.49797167676e-05,-9.39274920643e-05,-2.89477752967e-05
-0.000204874970045,-0.000160960456761,4.39145132845e-05
-0.000167398094522,-0.000173117777623,-5.71968310151e-06
-0.000336734090039,-0.000241106005359,9.56280846798e-05
-0.000193611898437,-0.000141923575344,5.1688323093e-05
-0.000218568512064,-0.000207138437257,1.1430074808e-05
-0.000387227034688,-0.000245683679625,0.000141543355063
-0.000219449042742,-0.000166232495891,5.3216546851e-05
-0.000331493544282,-0.000251427654057,8.00658902251e-05
-6.95498247763e-05,-8.06852828832e-05,-1.11354581069e-05
-0.000309915178396,-0.000272601702924,3.73134754717e-05
-0.000184791691401,-0.000155964480857,2.88272105435e-05
-0.000228354880515,-0.00024788952697,-1.95346464554e-05
-0.00018791740201,-0.000183369647784,4.54775422671e-06
-0.000136889214694,-0.000162946974812,-2.6057760118e-05
-0.00030842630447,-0.000170539612005,0.000137886692465
-0.000251334695608,-0.000151646316009,9.96883795988e-05
-0.000306101420342,-0.000312878996789,-6.77757644776e-06
-0.000207524016229,-0.000170908389325,3.66156269044e-05
-0.000139357769146,-0.000103662091236,3.56956779102e-05
-0.000404736768432,-0.000300329815988,0.000104406952444
-0.000191326178774,-0.000170049933333,2.12762454411e-05
-8.40349209243e-05,-0.000122893288008,-3.88583670838e-05
-0.0002372826407,-0.000163477648669,7.38049920311e-05
-0.000166006106679,-0.000195922480504,-2.99163738249e-05
-0.000269281841249,-0.000204312053408,6.49697878418e-05
-0.000277120323726,-0.000268842914092,8.27740963376e-06
-0.000142010570493,-0.000122518149908,1.94924205848e-05
-0.000197217170407,-0.000149655863559,4.75613068477e-05
-0.000139311900878,-0.000108896272526,3.04156283521e-05
-0.00032069930122,-0.000266773845818,5.39254554014e-05
-0.000266883750092,-0.000245158903502,2.17248465899e-05
-0.000389124650561,-0.000325839899452,6.32847511086e-05
-0.000215804256156,-0.000200200594014,1.56036621427e-05
-0.000183819648956,-0.000132878579999,5.0941068957e-05
-0.00029531228026,-0.000286944467633,8.36781262742e-06
-0.000189430556422,-0.000136722114978,5.27084414439e-05
-0.000262573523734,-0.000222803601334,3.97699224002e-05
-0.00012411391533,-7.51436614579e-05,4.89702538723e-05
-0.00033702717304,-0.00024334026818,9.36869048601e-05
-0.000108917059943,-0.000166549046191,-5.76319862488e-05
-0.000201052192277,-0.000175372110941,2.56800813357e-05
-0.000144480657418,-0.000111623017785,3.28576396322e-05
-0.000132125888594,-0.000107483451468,2.46424371257e-05
-0.00018277000532,-0.000148249682007,3.45203233128e-05
-0.000388426878621,-0.000327693781809,6.07330968115e-05
-0.000404136958935,-0.000284277970193,0.000119858988741
-9.09052783734e-05,-0.000135948894084,-4.50436157105e-05
-0.000434872007427,-0.000300297346408,0.000134574661019
-0.000113276144133,-0.000126269177408,-1.29930332743e-05
-6.84623826129e-05,-7.88915209883e-05,-1.04291383755e-05
-6.43284876077e-05,-0.000106751347277,-4.24228596695e-05
-0.000309324307304,-0.000332743147776,-2.34188404719e-05
-0.000285310033402,-0.000294984606438,-9.67457303589e-06
-5.41144847544e-05,-0.000117865397497,-6.37509127422e-05
-6.9291055582e-05,-0.000139300205326,-7.00091497444e-05
-0.000196397618898,-0.000184930473699,1.14671451989e-05
-0.0001539147035,-0.000147467129168,6.44757433214e-06
-0.000309191646151,-0.000204362156223,0.000104829489929
-0.000137055152849,-0.000131117082534,5.93807031438e-06
-0.000100551261909,-0.000138161073862,-3.76098119529e-05
-0.00025157404384,-0.000228595337949,2.29787058916e-05
-0.000231703031127,-0.000228481579805,3.22145132237e-06
-0.000371219644377,-0.000272919593245,9.83000511321e-05
-0.000233993130278,-0.000299272078649,-6.52789483709e-05
-0.000223380814365,-0.000171682441339,5.16983730259e-05
7.53063676228e-05,3.42761471668e-05,-4.1030220456e-05
-0.00014432344291,-8.38460402439e-05,6.04774026657e-05
5.68281726471e-05,2.16329811224e-05,-3.51951915248e-05
-0.000168955599208,-0.00016732387362,1.63172558854e-06
-4.07857557113e-05,-6.5434821049e-05,-2.46490653377e-05
-0.000389213714757,-0.000270208896909,0.000119004817847
-0.000331942808962,-0.000253712556428,7.82302525338e-05
-8.75573838068e-05,-9.82765093811e-05,-1.07191255743e-05
-9.37857322242e-05,-9.13679248421e-05,2.41780738205e-06
-0.000417298748436,-0.000327349356303,8.99493921332e-05
-0.000113265193434,-7.31837571374e-05,4.00814362968e-05
-0.000293811932847,-0.000260239016518,3.35729163287e-05
-0.000104751599913,-0.000103020398899,1.73120101372e-06
-0.000393334321567,-0.000380989154459,1.23451671078e-05
-5.11241984134e-06,-3.48952967725e-05,-2.97828769312e-05
-0.000151329029663,-0.000189547290639,-3.82182609759e-05
-0.000264499278657,-0.000292534447301,-2.80351686443e-05
-0.000273101529495,-0.000291931289871,-1.88297603757e-05
-0.000256259043425,-0.000160539650353,9.57193930724e-05
-0.000225286479717,-0.000155724754635,6.95617250817e-05
-0.000127638044064,-0.000199862995818,-7.22249517547e-05
-9.96734666317e-05,-0.000105784515259,-6.11104862682e-06
-0.00035523414408,-0.000254545913321,0.000100688230759
-0.000147403468556,-0.000152580640641,-5.17717208505e-06
-0.000375046875614,-0.000305955446974,6.90914286403e-05
-6.97005487014e-05,-4.55476625427e-05,2.41528861587e-05
-0.000235025002722,-0.000234428866993,5.96135728684e-07
-0.000229900428635,-0.000147243823561,8.26566050743e-05
-0.000306191159442,-0.000253926758667,5.22644007757e-05
-0.000172937376744,-0.000220703167671,-4.77657909265e-05
-0.000405303938821,-0.000343809389824,6.14945489973e-05
-0.000300411463203,-0.000330926356514,-3.05148933115e-05
-0.00018473792366,-0.000168866390606,1.58715330539e-05
-0.000176114300317,-0.000186404701048,-1.02904007314e-05
-0.000223474545681,-0.000275391057138,-5.1916511457e-05
-0.000253500023739,-0.000239729299815,1.37707239243e-05
-0.000142567707185,-0.000156262242765,-1.36945355801e-05
-0.000206610179368,-0.000227743501914,-2.1133322546e-05
-0.000255201964499,-0.000257873873733,-2.67190923338e-06
-9.13550404298e-05,-3.88397191928e-05,5.2515321237e-05
5.25301720051e-05,-3.16731222311e-05,-8.42032942362e-05
-0.000262026719741,-0.000213450149673,4.85765700682e-05
-0.000238425423069,-0.000174168781629,6.42566414401e-05
-0.000301027834693,-0.000196167989657,0.000104859845036
-0.000127613505982,-0.000112361569247,1.52519367355e-05
-0.000116500607834,-0.000177710817964,-6.12102101302e-05
-0.000157250411449,-0.000171353895825,-1.41034843766e-05
-0.000164317714468,-8.94087290526e-05,7.49089854151e-05
-0.000334747049446,-0.000290548393419,4.41986560272e-05
-0.000271440927876,-0.000260005524841,1.14354030351e-05
-0.000349151163022,-0.00028851803816,6.06331248614e-05
-0.000211754378453,-0.000124718508445,8.70358700079e-05
-0.000281263218953,-0.00024127887956,3.99843393922e-05
-0.000232413521252,-0.00021677588922,1.56376320317e-05
-0.000366408103359,-0.000252574854723,0.000113833248636
-9.93616055794e-05,-6.29338030505e-05,3.6427802529e-05
-0.000151066068661,-0.000166229556206,-1.51634875448e-05
-0.000165534591412,-0.000226796898097,-6.12623066853e-05
-9.95129076306e-05,-4.73261575837e-05,5.21867500468e-05
-0.000395535813157,-0.000231524601904,0.000164011211252
-0.000186151103833,-0.000238725103943,-5.25740001091e-05
-0.000143017076614,-0.000195996355407,-5.29792787921e-05
-0.000136742354419,-0.000149796499202,-1.30541447827e-05
-3.94660391462e-07,-9.4794072964e-06,-9.08474690493e-06
-0.000205324758184,-0.000216836423238,-1.15116650546e-05
-0.000323459632104,-0.000248649553191,7.4810078913e-05
-0.000339728342602,-0.000316063707523,2.3664635079e-05
-0.000195406192259,-0.000177612872279,1.77933199791e-05
-0.000428701352663,-0.000376294490369,5.24068622943e-05
-0.000221886838011,-0.000251686490565,-2.97996525541e-05
-0.000291317537971,-0.000219380411214,7.19371267577e-05
-2.99792282259e-05,-0.000105675916269,-7.56966880429e-05
-0.000293618337998,-0.00027614234335,1.74759946482e-05
-0.000202487798664,-0.000209077228998,-6.58943033383e-06
-0.00019166996298,-0.000224189834298,-3.25198713182e-05
-0.000185662453692,-0.000178453360958,7.2090927342e-06
-0.000184872029297,-0.000245173606185,-6.0301576888e-05
-0.000300574943326,-0.000216063983317,8.45109600088e-05
2.41859353209e-05,1.00394733201e-05,-1.41464620007e-05
-0.000214339674969,-0.000156041662463,5.82980125067e-05
-0.000263964840346,-0.000215797589723,4.81672506221e-05
-0.000103545250138,-2.52745907877e-05,7.82706593503e-05
-3.69553233357e-05,-9.42012007395e-05,-5.72458774038e-05
-0.000204205614409,-0.00018061967042,2.35859439895e-05
-0.000215044291193,-0.000182314373702,3.27299174911e-05
-0.000114241419084,-0.000140625828989,-2.63844099056e-05
-0.000296172252663,-0.000238945460734,5.72267919289e-05
-7.99816650753e-05,-4.88811276474e-05,3.1100537428e-05
-0.00028482736275,-0.000254604413612,3.02229491376e-05
-0.00010791532262,-5.13326548595e-05,5.65826677605e-05
-0.000218059911664,-0.000187147232148,3.09126795164e-05
-0.000319408549546,-0.000204975608123,0.000114432941423
-0.0002645015659,-0.000255326182508,9.17538339267e-06
-0.000221993880127,-0.000171178418105,5.08154620224e-05
-0.000126158505796,-0.000100791955548,2.53665502473e-05
-0.000374892015587,-0.000270524934006,0.000104367081581
-0.000161655234789,-0.000131901435412,2.9753799377e-05
-0.000254221334587,-0.000244280721777,9.94061281026e-06
-0.000354133950152,-0.000340926498573,1.32074515796e-05
-0.00014465048885,-0.000105070137674,3.95803511763e-05
-0.000193979291544,-0.000126260659792,6.77186317522e-05
-0.000257614212655,-0.000217548096643,4.00661160119e-05
-0.000182224465727,-0.000282966037205,-0.000100741571478
-0.000318345711835,-0.000264451404915,5.38943069203e-05
-0.000282664311546,-0.000206654985216,7.60093263295e-05
-0.000243233777678,-0.000212308748645,3.09250290331e-05
6.12695044665e-06,-2.51515261726e-05,-3.12784766193e-05
-0.00019222419697,-0.000130338731451,6.18854655193e-05
-8.74964858139e-05,-0.000167658799277,-8.01623134629e-05
-0.000194953117344,-0.000132683336367,6.22697809764e-05
-0.000163053041064,-0.000138272530297,2.47805107664e-05
-0.000307251132014,-0.000201336761299,0.000105914370715
-0.000294857171179,-0.000171864785792,0.000122992385387
-8.47063809734e-05,-6.40146126924e-05,2.0691768281e-05
-0.000177279098099,-0.000190145432653,-1.28663345542e-05
-9.02063597878e-05,-6.69654170899e-05,2.32409426979e-05
-0.000135152351122,-0.000199364184903,-6.42118337808e-05
-0.000172059234528,-0.000171624059931,4.35174597872e-07
-0.000175144340374,-7.51508081943e-05,9.99935321801e-05
-0.000212399375746,-0.000153347317703,5.90520580429e-05
-0.000330027866719,-0.000255158778986,7.48690877334e-05
-0.000215536889327,-0.000249821959021,-3.42850696944e-05
-0.000339266583575,-0.000250582150235,8.86844333401e-05
-0.000249333827018,-0.000262951825668,-1.36179986498e-05
-0.000240954003477,-0.000219616883374,2.13371201029e-05
-0.000271007377237,-0.000242714350043,2.8293027194e-05
-0.000300488779983,-0.000233070986717,6.74177932665e-05
-0.000350282516635,-0.000274796469814,7.54860468207e-05
-0.000390815058398,-0.000290214409506,0.000100600648891
-0.000283106029514,-0.000235541535521,4.75644939934e-05
-0.000224328297857,-0.00015068617723,7.36421206271e-05
-0.000359270738716,-0.000243961579078,0.000115309159638
-0.000205455045539,-0.000191741273119,1.37137724198e-05
-0.000256247985477,-0.000156476094631,9.97718908461e-05
-0.000260293812576,-0.00022516804369,3.51257688856e-05
-0.000132578465165,-0.000134180890269,-1.60242510419e-06
-0.000244925844264,-0.000142907239647,0.000102018604617
-0.000193480856178,-4.62487115174e-05,0.000147232144661
-0.000117925579373,-0.000164252660802,-4.63270814292e-05
-7.23513187208e-05,-0.00015701854346,-8.46672247396e-05
-0.000171311761467,-0.000252314049762,-8.10022882955e-05
-0.000154518098552,-8.56462387304e-05,6.88718598219e-05
-0.000299791085582,-0.000213112895247,8.66781903345e-05
-0.000311669360092,-0.000242848858474,6.88205016174e-05
-8.69797783332e-05,-0.000123494506105,-3.6514727772e-05
-0.000186275353263,-0.000111670281797,7.4605071466e-05
-0.000257517055402,-0.000216734682942,4.07823724604e-05
-0.000183013120358,-0.00013174523253,5.12678878278e-05
-0.000169044791433,-0.00013928831224,2.97564791936e-05
-0.000200177237855,-0.000169328132938,3.08491049163e-05
1.75935168433e-05,-1.21303258888e-05,-2.97238427321e-05
-0.000125249915837,-0.000122657804491,2.59211134573e-06
-0.000244168295378,-0.000199871990487,4.42963048912e-05
-0.000239741872542,-0.000243014607194,-3.27273465204e-06
-0.000288673672537,-0.000238267072405,5.04066001312e-05
-0.000119724992261,-5.95339120724e-05,6.01910801884e-05
-0.000317241876625,-0.00024700376893,7.02381076948e-05
-0.000383956002676,-0.000328266709905,5.56892927711e-05
-0.000182552437902,-0.000201647023129,-1.90945852266e-05
-0.000196282127368,-0.000136636216097,5.96459112713e-05
-0.000394461221162,-0.000277347109801,0.000117114111362
-0.000349825287261,-0.000272871569284,7.69537179774e-05
-0.000126725247998,-0.000101677060764,2.50481872337e-05
-0.000160900473755,-9.10428774561e-05,6.98575962988e-05
-0.000506031501761,-0.000319517520187,0.000186513981574
-0.000165049173132,-0.000115891376928,4.91577962047e-05
-0.000352408593097,-0.000221900255704,0.000130508337392
-0.000299622416906,-0.000213640417723,8.59819991831e-05
-0.000277191015089,-0.00024210673356,3.50842815286e-05
-0.000181889428264,-0.00010808681051,7.38026177535e-05
-0.00030808456729,-0.000287396194987,2.06883723026e-05
-0.000134555362413,-9.04386390262e-05,4.41167233871e-05
-0.000117540187879,-5.91853564595e-05,5.83548314194e-05
-0.00022125302969,-0.000205585410788,1.56676189023e-05
-0.000197685837733,-0.000135383618397,6.23022193351e-05
-0.000248813639532,-0.000235892848188,1.29207913446e-05
-0.000146667713334,-0.000136623707445,1.00440058889e-05
-0.000322243231211,-0.000250024421371,7.22188098395e-05
-0.000305691879148,-0.000251519853064,5.41720260843e-05
-0.000182761980535,-0.000146677387769,3.60845927655e-05
-1.75667265308e-05,-4.89368755929e-05,-3.13701490622e-05
-0.000268259611732,-0.000161162753024,0.000107096858708
-7.99453957264e-05,-4.26874157121e-05,3.72579800143e-05
-0.00029395151179,-0.000224371483832,6.95800279585e-05
-0.00023790860743,-0.000269298734585,-3.13901271553e-05
-0.000223623915837,-0.000175474412998,4.81495028385e-05
-0.000177767874567,-0.000116269441561,6.14984330064e-05
-8.96260823786e-05,-0.000123066534301,-3.34404519226e-05
-0.000113681396909,-0.000192191699437,-7.85103025282e-05
-0.000332235116675,-0.000278891101836,5.33440148386e-05
-0.000186114201517,-0.000153766956896,3.23472446209e-05
-0.000157384086005,-0.000112124247373,4.52598386327e-05
-0.00023429130246,-0.000166853643997,6.74376584631e-05
-0.00026569314278,-0.000160548445695,0.000105144697086
-0.00019643731354,-0.000230714167927,-3.42768543867e-05
-0.000140776281109,-0.000153143111149,-1.23668300404e-05
-0.000312361452934,-0.000281702004953,3.0659447981e-05
-0.000228487996069,-0.000214753707901,1.37342881686e-05
-0.000237795758275,-0.000262553031261,-2.47572729862e-05
-0.000296753950056,-0.000221906744122,7.48472059343e-05
-0.000368300213888,-0.000314780804761,5.35194091272e-05
-0.00021016223888,-0.000107545742924,0.000102616495956
-0.00024009171386,-0.000219909224654,2.01824892057e-05
-4.66036053676e-05,-0.000130652531144,-8.40489257764e-05
-0.000395275386288,-0.000316671269631,7.86041166569e-05
-0.000362570960374,-0.000265334653651,9.72363067238e-05
-0.000323206119232,-0.000204835859471,0.000118370259761
-0.000166615072621,-0.000165009593738,1.60547888282e-06
-0.000367755244401,-0.00031152073747,5.62345069318e-05
-0.00026594634712,-0.000268269929143,-2.32358202315e-06
-8.77255645379e-05,-0.000118498640289,-3.07730757515e-05
-0.00021795036808,-0.00018112363933,3.68267287497e-05
-0.000112594665263,-0.000157088337877,-4.44936726147e-05
-0.000413508758706,-0.000374373508588,3.91352501177e-05
-0.000121767760329,-8.41903682484e-05,3.75773920811e-05
-0.000156468277508,-9.36524297928e-05,6.28158477149e-05
-0.000248898433387,-0.000207751673377,4.11467600096e-05
-0.000226171807132,-0.000191983127352,3.41886797798e-05
-0.000220140936904,-0.000174991990762,4.51489461416e-05
-0.00035003370029,-0.000305873764574,4.41599357163e-05
-0.000301028587006,-0.000237557505259,6.34710817462e-05
-0.000221427444651,-0.000121780120045,9.96473246056e-05
-0.000350817564213,-0.000309127668646,4.1689895567e-05
-0.000337121721737,-0.000264595439724,7.25262820125e-05
-0.000404455530163,-0.000326569398314,7.78861318486e-05
-0.000235038130419,-0.000238301225979,-3.2630955596e-06
4.33436231655e-05,-2.27732533135e-05,-6.6116876479e-05
-0.000215867487672,-0.000184687883412,3.11796042596e-05
-0.000125803032385,-0.000147302838872,-2.14998064864e-05
-0.000213077068258,-0.000192436215307,2.06408529505e-05
-0.000186932917934,-0.000185677827787,1.25509014629e-06
-0.000178285031184,-0.000105104906844,7.31801243399e-05
-0.000197404316938,-0.000112394031776,8.50102851616e-05
-7.2665771087e-05,-0.000139960745821,-6.72949747339e-05
-0.000177410387766,-0.000135836131607,4.15742561586e-05
-0.000226545302644,-0.000251402627257,-2.48573246126e-05
-7.80375947015e-05,-7.23542152521e-05,5.68337944937e-06
-0.000367226164832,-0.00032437090663,4.28552582021e-05
-0.000214448323871,-0.000145643423759,6.8804900112e-05
-0.000411252228064,-0.000314671158808,9.65810692553e-05
-0.000151171863122,-0.000156647887836,-5.47602471439e-06
-0.000285684778604,-0.00022192333008,6.37614485246e-05
-0.000199013231969,-0.000251885958744,-5.28727267746e-05
-0.000256082075437,-0.000204536822607,5.15452528299e-05
-0.00040986105462,-0.000346032646446,6.38284081747e-05
-0.000266983994308,-0.000254223166811,1.27608274966e-05
-0.000178702260854,-0.000151377287278,2.73249735764e-05
-0.000102070334611,-0.000142866652638,-4.07963180265e-05
-0.00016027235039,-0.000133294214051,2.69781363393e-05
-0.000279381076083,-0.000214353840751,6.50272353321e-05
-0.000224238047252,-0.000210059544648,1.41785026039e-05
-0.000221663597137,-0.000178200617787,4.34629793501e-05
-0.00010585860452,-0.000162894478922,-5.70358744019e-05
-0.00019456991878,-0.000184697480352,9.87243842761e-06
-0.000428031954344,-0.000318853047777,0.000109178906567
-0.00014585499978,-0.000171410174667,-2.55551748864e-05
-0.000276455783632,-0.000204364129611,7.20916540212e-05
-0.000321022050344,-0.000234743647747,8.62784025971e-05
-0.000262174182141,-0.00025821005588,3.96412626152e-06
-0.000320470307032,-0.000287194442046,3.32758649857e-05
-0.000343853605624,-0.000259599804293,8.42538013313e-05
-0.000196949205668,-0.000190887787908,6.06141776016e-06
-0.000154133531054,-0.000119367718527,3.47658125271e-05
-0.000312200313672,-0.000224532738646,8.76675750268e-05
-0.000125369290899,-7.64019152557e-05,4.8967375643e-05
-8.47267044781e-05,-0.000111436493631,-2.67097891524e-05
-0.000240147346003,-0.000250832351021,-1.06850050178e-05
-0.000174373859232,-0.00020151628554,-2.71424263076e-05
-0.000417712723077,-0.000257460198701,0.000160252524376
-0.000257455084978,-0.000240468487834,1.69865971438e-05
-0.000134947553107,-0.000152223692348,-1.72761392407e-05
-0.000242831171381,-0.000179628795545,6.32023758359e-05
-0.000247455754554,-0.00017930786835,6.81478862041e-05
-0.000330461954882,-0.000232384940339,9.8077014543e-05
-0.000226781227402,-0.000167973763165,5.88074642378e-05
-0.00020683843556,-0.000168159448127,3.86789874335e-05
-9.24898112616e-05,-0.000134496664215,-4.20068529533e-05
-0.000189630824058,-0.000213159870053,-2.35290459948e-05
-0.000163060629961,-0.000131258242711,3.18023872498e-05
-0.000156793794174,-9.4475028596e-05,6.23187655784e-05
-0.000413188857725,-0.000323048827466,9.01400302583e-05
-0.000190609594903,-0.000114404843259,7.62047516445e-05
-0.000210173762225,-0.000181196147613,2.89776146114e-05
-4.72202988735e-05,-4.054632114e-05,6.67397773359e-06
-0.000316239819922,-0.000249303384229,6.69364356926e-05
-0.000175493493787,-0.000112587893736,6.29056000513e-05
-0.000190945457691,-0.000132674707635,5.82707500561e-05
-0.000281962315636,-0.000228377074707,5.3585240929e-05
-0.000215931922602,-0.000226340556481,-1.04086338791e-05
-9.76160914864e-05,-0.00012095679274,-2.3340701254e-05
-0.000237820256801,-0.000189416116666,4.84041401349e-05
-0.000288914381148,-0.000261952874711,2.69615064375e-05
-0.000183781736637,-0.000147066807324,3.67149293134e-05
-0.000167668759357,-0.000140170586775,2.74981725822e-05
-0.000247085764213,-9.48138348442e-05,0.000152271929369
-0.000346027371856,-0.000268905381927,7.71219899292e-05
-0.000104392396317,-0.000127564789175,-2.31723928575e-05
-7.62416890565e-05,-5.91802992221e-05,1.70613898344e-05
-0.000109946161826,1.26318447877e-05,0.000122578006614
-8.11966987568e-05,-0.000103963158408,-2.27664596515e-05
-0.000181433774383,-0.000157633440797,2.38003335865e-05
-8.7546453901e-05,-5.24386634005e-05,3.51077905005e-05
-0.000332639511939,-0.000253775878988,7.88636329516e-05
-0.000208540473165,-0.000182757043432,2.57834297322e-05
-0.000473947164366,-0.000396287030759,7.76601336069e-05
-0.000348781455572,-0.000262822483206,8.59589723668e-05
-0.00011531558315,-0.000154139470749,-3.88238875993e-05
-8.8972560327e-05,-0.000112111367393,-2.31388070664e-05
-0.000301721599315,-0.000233238877778,6.84827215369e-05
-0.000237504309535,-0.00018755943147,4.99448780656e-05
-0.000221534897668,-0.000187239493422,3.42954042462e-05
-0.00029339203367,-0.000228520396377,6.4871637293e-05
-0.00010281996362,-0.000112421456419,-9.60149279888e-06
-0.000319383251868,-0.000227333996039,9.20492558283e-05
-0.000231068328102,-0.000236998884565,-5.93055646373e-06
-0.000419527317622,-0.000350212454492,6.93148631301e-05
-0.000205602772134,-0.000219924997436,-1.43222253016e-05
-0.00035997378789,-0.000268297715269,9.16760726214e-05
-0.000250352962046,-0.000207055654515,4.32973075308e-05
-0.000144184526388,-0.00014234735716,1.83716922809e-06
-0.000296383650752,-0.000158026476381,0.000138357174371
-0.000222700170115,-0.000160747966264,6.19522038503e-05
-0.000262163640468,-0.000242571204678,1.959243579e-05
-0.000104106797639,-7.84491759931e-05,2.56576216461e-05
-0.000188092057956,-0.000132852187257,5.52398706992e-05
-0.000164201922282,-0.00016102356664,3.17835564188e-06
-0.000292234167995,-0.00015666308705,0.000135571080946
-0.000221844095486,-0.000190168228913,3.1675866573e-05
-0.000274648851184,-0.000270377490635,4.27136054875e-06
-0.000126813379506,-0.000192113941116,-6.53005616093e-05
-0.000100046001141,-0.000162294054371,-6.22480532292e-05
-0.000120812017851,-0.000134539352708,-1.37273348567e-05
-0.00026250735598,-0.000230240108579,3.22672474007e-05
-0.000357893500224,-0.000295947097193,6.19464030311e-05
-0.00011511729291,-0.00011583655697,-7.1926406003e-07
-0.000323196596228,-0.000222190732331,0.000101005863897
-0.000294827236605,-0.000226861246905,6.79659896999e-05
-0.000322067706308,-0.000244424653898,7.76430524093e-05
-0.000305028163139,-0.00025712889656,4.78992665786e-05
-0.00017003891916,-0.000185728481717,-1.56895625566e-05
-0.000268785754997,-0.000216380494066,5.2405260931e-05
-0.000207375085973,-0.000213919567512,-6.54448153917e-06
-0.000159967306065,-0.000182739526378,-2.27722203126e-05
-0.000164965739876,-0.000158007601222,6.95813865414e-06
-0.000254147483937,-0.000242407060128,1.17404238086e-05
-0.000298025485221,-0.000350341309903,-5.2315824682e-05
-0.000189897400092,-0.000156336935677,3.35604644144e-05
-9.48820654997e-05,-0.000166010253796,-7.11281882961e-05
-0.000219047920908,-0.000193509503533,2.55384173747e-05
-0.000373332745996,-0.000250476928143,0.000122855817853
-0.000258222061571,-0.000150191925593,0.000108030135978
-0.000252607877614,-0.000314559924464,-6.19520468501e-05
-0.000111712062104,-0.000111995720899,-2.83658794888e-07
-0.00012314749602,-0.000100854149137,2.22933468832e-05
-0.000112526090322,-0.000109629752077,2.89633824553e-06
-0.000144890471531,-0.000204085683291,-5.91952117604e-05
-0.000105165577726,-0.000163860568353,-5.86949906276e-05
-0.000212491682169,-0.000174837788294,3.76538938751e-05
-0.000216905354666,-0.000217584068092,-6.78713426184e-07
-0.000115884975028,-7.78524007226e-05,3.80325743057e-05
-0.000160906625826,-0.000204170515238,-4.32638894123e-05
-0.000231668104879,-0.000223663770318,8.00433456099e-06
-0.00031173806862,-0.000219067246625,9.26708219948e-05
-0.000247134841888,-0.000257578695496,-1.04438536089e-05
-0.000144792713759,-0.000157237026647,-1.24443128878e-05
-0.000229830988094,-0.000234248441635,-4.41745354028e-06
-0.000136904446028,-0.000116655006571,2.02494394573e-05
-0.000135282274886,-0.000114377601131,2.09046737545e-05
-0.000331697072594,-0.000245474715204,8.62223573899e-05
-0.000170489419929,-0.000184576566881,-1.40871469522e-05
-6.66470449136e-05,-0.000125618171274,-5.89711263602e-05
-0.000442594429967,-0.000287123479717,0.00015547095025
-0.000180800164092,-0.000216514510964,-3.57143468723e-05
-6.1383281876e-05,-9.26261387959e-05,-3.12428569199e-05
-0.000319181556576,-0.00019496315213,0.000124218404447
-0.000318111890134,-0.00025782718057,6.02847095634e-05
-0.000239045132369,-0.000200954029001,3.80911033678e-05
-9.46000059578e-05,-0.000124620604415,-3.00205984568e-05
-0.0003146579548,-0.000225121104429,8.95368503706e-05
-0.000243135379543,-0.000203546332511,3.95890470319e-05
-0.000194484406019,-0.000107351950542,8.71324554778e-05
-0.000103945558215,-0.000186138209937,-8.21926517213e-05
-0.000355880901952,-0.000326249397745,2.96315042073e-05
-8.73814526108e-05,-0.000164618313024,-7.72368604136e-05
-9.47359366167e-05,-0.000102054749398,-7.31881278103e-06
-0.000409661505157,-0.000308670042575,0.000100991462582
-0.000268440379279,-0.000232752173199,3.56882060799e-05
-0.000200602459366,-0.000158424948409,4.21775109566e-05
-0.000178593882914,-0.000201485744423,-2.28918615087e-05
-0.000253092785806,-0.00027766415275,-2.45713669445e-05
-0.000320054790031,-0.00026973788044,5.03169095912e-05
-0.00017036888682,-0.000139480929412,3.08879574083e-05
-0.000408312967816,-0.000279541605447,0.000128771362369
-0.000212270348762,-0.00023265795672,-2.03876079573e-05
-0.000343919237974,-0.000249880777545,9.4038460429e-05
-0.000132750764669,-9.76930012052e-05,3.50577634636e-05
-0.000106801804523,-0.000146019519978,-3.92177154545e-05
-0.000248345305584,-0.000212549675973,3.57956296117e-05
-0.000242127854519,-0.000161017101949,8.11107525695e-05
-0.000276904483899,-0.000195951938856,8.09525450428e-05
-0.000201536652027,-0.000138011366915,6.35252851114e-05
-9.85067414088e-05,-0.000165163501788,-6.66567603793e-05
-0.000279900817642,-0.000239697224376,4.02035932655e-05
-0.000273216061116,-0.000254076979568,1.91390815486e-05
-7.64346907391e-05,-6.8017984566e-05,8.41670617317e-06
-0.000302835947513,-0.000260174636467,4.26613110464e-05
-8.00388018837e-05,-0.000141975459459,-6.19366575753e-05
-0.000148507656037,-0.000138298224465,1.02094315727e-05
-0.000316455395256,-0.000279262412212,3.71929830447e-05
-0.000192259887389,-0.000154202768252,3.80571191368e-05
-0.000232789987118,-0.000182937318088,4.98526690306e-05
-0.000168987794006,-0.000243994048462,-7.50062544561e-05
-0.000182393515302,-0.000146311272186,3.6082243116e-05
-0.000276505995138,-0.000133548127248,0.00014295786789
-0.000234254442446,-0.000206779330286,2.747511216e-05
-0.000225464132403,-0.000163569946598,6.18941858049e-05
-0.000271694088878,-0.000211277673951,6.04164149276e-05
-0.000220224834389,-0.000244106715718,-2.38818813281e-05
-0.000114980263706,-7.51941743878e-05,3.9786089318e-05
-0.000186291789342,-0.000183371816611,2.91997273105e-06
-0.000245515295707,-0.00025028507456,-4.76977885311e-06
-0.000149591958479,-0.000170228029721,-2.06360712422e-05
-0.000178192702902,-0.000152290536398,2.59021665041e-05
-0.000292136374276,-0.000256297624854,3.58387494218e-05
-0.00024016677593,-0.000137925040533,0.000102241735397
-0.000167879501119,-0.000144826352103,2.30531490166e-05
-1.02539870251e-06,-4.69524322788e-05,-4.59270335763e-05
-0.000260604905171,-0.000144177533856,0.000116427371315
-0.000289833249762,-0.000219547205304,7.02860444579e-05
-0.000288972493785,-0.000218091622678,7.08808711073e-05
-0.000118645787116,-0.000142342984145,-2.36971970292e-05
-0.000278643448993,-0.000167225503274,0.000111417945719
-0.000165105781466,-0.000141616117718,2.34896637488e-05
-0.000263387308014,-0.00021948857095,4.38987370638e-05
-0.000183899894414,-0.00016369443611,2.02054583046e-05
-0.000184252830258,-0.000162338022415,2.19148078424e-05
-0.000171869372577,-0.000179983647191,-8.11427461345e-06
-0.000235078553917,-0.000247245930937,-1.21673770196e-05
-0.000139432207529,-0.000151048553444,-1.16163459154e-05
-0.000273401599637,-0.000227122940432,4.62786592048e-05
-0.000375334346128,-0.000322809687397,5.25246587308e-05
-0.000152936648494,-0.000179268677862,-2.6332029368e-05
3.42167030362e-05,-3.06688015791e-06,-3.72835831941e-05
-0.000332924794403,-0.000263865098082,6.90596963218e-05
-0.00014710366153,-0.000103792722886,4.33109386438e-05
-5.7836000053e-05,-0.000106354134524,-4.85181344705e-05
-0.000215908829322,-0.000224493229306,-8.5843999843e-06
-0.000117992684171,-0.000103340941998,1.46517421726e-05
-0.000211386702208,-0.000165923506253,4.54631959549e-05
-0.000169541408281,-0.000109581935248,5.99594730324e-05
-0.000236192324926,-0.000216208958253,1.99833666733e-05
-0.000282576479555,-0.000251632660396,3.09438191588e-05
6.14583466834e-05,-1.46290973601e-05,-7.60874440435e-05
-0.000205429367057,-0.000172336166483,3.30932005737e-05
-0.000242321580859,-0.000154915552413,8.74060284463e-05
-0.000180845656686,-0.000180479109623,3.66547062429e-07
-0.000315836722655,-0.000242171616136,7.36651065185e-05
-0.000316306361812,-0.000360290573425,-4.39842116128e-05
-6.81184170001e-05,-5.64913305124e-05,1.16270864878e-05
-0.000200863863276,-0.000180805541507,2.00583217691e-05
-0.000226924975525,-0.000228336306804,-1.41133127856e-06
-0.000329183357996,-0.000244401117958,8.47822400374e-05
-0.000290854187168,-0.000191869119097,9.89850680709e-05
-0.000316112351771,-0.000260943570208,5.51687815633e-05
-0.000204105507759,-0.000170653559161,3.34519485988e-05
-0.000352794071532,-0.000274242024475,7.8552047057e-05
-0.000107355571872,-0.000141061200461,-3.37056285895e-05
-0.000195909263725,-0.000197659232438,-1.74996871313e-06
-0.000252817593282,-0.000204070685492,4.87469077898e-05
-0.000250486926041,-0.000182223979135,6.82629469061e-05
-0.000437862516169,-0.000385341133594,5.25213825747e-05
-0.000224577287493,-0.000172193923686,5.23833638069e-05
-0.000277653096079,-0.000212229525421,6.54235706581e-05
-0.000251886365812,-0.000239843152911,1.20432129008e-05
-0.000168765154517,-0.000161691290929,7.07386358725e-06
-0.000279080212568,-0.000287885031974,-8.80481940589e-06
-0.000175274910809,-7.01971055901e-05,0.000105077805219
-0.000284140515372,-0.000160867773503,0.000123272741869
-0.000333755293237,-0.000301671130065,3.20841631719e-05
-4.95908024992e-05,-7.76584724432e-05,-2.8067669944e-05
-0.000144739863973,-0.000140606537537,4.13332643546e-06
-0.000122791444973,-0.000134193158085,-1.14017131121e-05
-0.000174547131202,-0.000107829326881,6.67178043208e-05
-0.000255226515395,-0.000227473660866,2.77528545287e-05
-0.000331537167287,-0.000239481916166,9.20552511204e-05
-0.000211594496252,-0.00013311971162,7.8474784632e-05
-0.000232566615668,-0.000214832457713,1.77341579544e-05
-0.000243438879995,-0.000266788850474,-2.33499704788e-05
-0.000129917426999,-0.00012958043909,3.36987908861e-07
-0.000186105840764,-0.000110229903924,7.58759368404e-05
-0.000310217690236,-0.000205836609402,0.000104381080834
-0.000341407044577,-0.000256301644203,8.51054003743e-05
-0.00018638867279,-0.000138485768779,4.79029040103e-05
-0.000232093105924,-0.000177554245334,5.45388605904e-05
-0.000242753679404,-0.000240744476971,2.00920243283e-06
-0.000264321275562,-0.000151715914318,0.000112605361245
-0.000328728783848,-0.000282035518276,4.6693265572e-05
-0.000145106169969,-0.000208879692343,-6.37735223738e-05
-0.000258414469415,-0.000264040843954,-5.62637453951e-06
-5.2081445003e-05,1.07525462556e-06,5.31566996286e-05
-0.000330723547548,-0.000286894783921,4.38287636269e-05
-0.000371749466932,-0.000286029675549,8.57197913834e-05
-0.000157415379217,-0.000209320271584,-5.1904892367e-05
-0.000151621490726,-0.000170789413503,-1.9167922777e-05
-0.000118776017839,-0.000149805417617,-3.10293997777e-05
-0.000221725488815,-0.000175801135144,4.59243536713e-05
-0.000224668990278,-0.000236731225641,-1.20622353631e-05
-0.000398599768207,-0.000308649913116,8.99498550907e-05
-0.000253495500593,-0.000171041197503,8.24543030906e-05
-0.000153561256405,-0.000178377543242,-2.48162868372e-05
-0.000264021055215,-0.000204384353563,5.96367016524e-05
-0.000177528217731,-0.000166682672867,1.08455448641e-05
-0.000178480787334,-0.000121801056163,5.66797311718e-05
-0.00021379594181,-0.000176337451964,3.74584898458e-05
-0.000108084668184,-8.26667142126e-05,2.54179539715e-05
-0.000334993754441,-0.000261731571965,7.32621824764e-05
-0.000165288004001,-0.000127902902524,3.73851014771e-05
-0.000256102675859,-0.000235226551121,2.08761247377e-05
-0.000280779381172,-0.000170578140539,0.000110201240632
-0.000318167770648,-0.000208124429769,0.000110043340879
-0.000284497243875,-0.000181261789375,0.0001032354545
-0.000111303271719,-0.000129945027369,-1.86417556492e-05
-0.000407729797105,-0.000296626691361,0.000111103105744
-0.000152664560964,-0.000131620035293,2.10445256713e-05
-0.000401267203703,-0.000262452642091,0.000138814561612
-0.000308442486332,-0.000283130879409,2.53116069235e-05
-9.16084496049e-05,-5.53254968501e-05,3.62829527548e-05
-0.000332929072923,-0.000243854379747,8.90746931753e-05
-0.00030928528479,-0.000213124030297,9.61612544925e-05
-0.000291931676322,-0.000183267493522,0.000108664182801
-0.000264181054956,-0.000194570501595,6.96105533611e-05
-0.000134366071166,-0.000176761815999,-4.23957448331e-05
-0.000202852429056,-0.000177821120105,2.5031308951e-05
-0.000203349842192,-0.00011566960688,8.76802353113e-05
-0.000294046314734,-0.000257736517943,3.6309796791e-05
-0.000233118894843,-0.000261337988865,-2.82190940222e-05
-0.000218932066459,-0.000226113558687,-7.18149222809e-06
-0.000226064968997,-0.000170634457926,5.54305110711e-05
-0.000183025155394,-0.000128906326383,5.41188290104e-05
-0.000177425162985,-0.000100402143388,7.70230195966e-05
-0.000216348248765,-0.00024536510857,-2.90168598053e-05
-0.000493872148723,-0.000375264126336,0.000118608022387
-9.81196298298e-05,-0.000107705029264,-9.58539943433e-06
-0.000368861500335,-0.000209237108722,0.000159624391613
-0.000194623431806,-0.000229496675113,-3.48732433075e-05
-0.000342592871124,-0.000298026650013,4.45662211109e-05
-0.000255488746952,-0.000270532671602,-1.50439246496e-05
-0.000259237774387,-0.000170864951987,8.83728224009e-05
-0.000164503945952,-0.000166765352004,-2.26140605209e-06
-0.000334118812161,-0.000276431485761,5.76873264007e-05
-0.000210212598713,-0.000193853732087,1.63588666258e-05
-0.000192752467981,-0.000172266184487,2.04862834942e-05
-0.000318723683772,-0.000321085304828,-2.36162105647e-06
-0.00021727312125,-0.000187107195528,3.01659257216e-05
-0.000278034160744,-0.000237368894045,4.06652666983e-05
-0.00027121091299,-0.00021730559887,5.39053141205e-05
-0.000188792348564,-0.000158329380177,3.04629683865e-05
-0.000130829407723,-0.000111209188585,1.96202191377e-05
-9.88138957203e-05,-9.13624925609e-05,7.45140315939e-06
-0.000192428846248,-0.00018618876127,6.2400849778e-06
-0.000137223256677,-0.000155073510442,-1.78502537648e-05
-0.000243985226147,-0.000235140339191,8.8448869552e-06
-8.02548353676e-05,-8.82511060295e-05,-7.99627066193e-06
-0.000148660768065,-0.000102807226241,4.58535418238e-05
-0.000189781943587,-0.000161858286352,2.79236572355e-05
-1.98253947971e-05,2.76088708122e-07,2.01014835052e-05
-0.000302859271156,-0.000174752707708,0.000128106563448
-0.000155521263617,-0.000128622832367,2.68984312501e-05
-0.00015030080296,-0.000138810293137,1.14905098226e-05
-8.89013006437e-05,-0.000192085765006,-0.000103184464362
-0.000221203999522,-0.0001253304342,9.58735653213e-05
-0.000288642069016,-0.000279672898367,8.96917064905e-06
-0.00021471531748,-0.000155810300024,5.89050174558e-05
-0.000240271917701,-0.000250192404151,-9.92048645005e-06
-0.000270729599875,-0.000264685112908,6.04448696695e-06
-0.000202282272804,-0.000198038486821,4.24378598276e-06
-0.000146474619472,-0.000158817258332,-1.23426388604e-05
-0.000140618879375,-0.000196385177692,-5.57662983172e-05
-0.000262444327306,-0.000234138745711,2.83055815948e-05
-0.000220605441,-0.000157709845939,6.28955950608e-05
-0.000136819909315,-0.000153489268706,-1.66693593909e-05
-0.000123887545515,-6.52589554839e-05,5.86285900314e-05
-0.000296013748071,-0.0002032376728,9.27760752716e-05
-0.000266029570824,-0.000214176507217,5.18530636063e-05
-0.000216399598493,-0.000187633931919,2.87656665736e-05
-0.000226115099781,-0.000205338519564,2.07765802163e-05
-0.000212750651385,-0.000256345680958,-4.35950295732e-05
-0.000334978253754,-0.00026748571204,6.74925417137e-05
-0.000281904439238,-0.000202981058024,7.89233812143e-05
-0.000109833897437,-0.00010683366241,3.00023502656e-06
-0.000168282322663,-0.000133493615324,3.47887073388e-05
-0.000273826143975,-0.000209687236396,6.41389075787e-05
-0.000202814041561,-0.000187433677148,1.53803644126e-05
-0.000289848298523,-0.000201269684222,8.85786143006e-05
-0.000209687248465,-0.000218873098413,-9.18584994717e-06
-4.70301890696e-05,-5.47678277808e-05,-7.73763871113e-06
-0.000344493163341,-0.000335502818765,8.99034457587e-06
-0.000183120600688,-0.000114633958392,6.84866422961e-05
-0.000142632137841,-0.000145253112541,-2.62097469957e-06
-0.000228017146915,-0.000179242636553,4.87745103628e-05
-0.000236966882776,-0.00014919923846,8.77676443152e-05
-0.000339837775985,-0.000326065998315,1.37717776705e-05
-0.000339306095641,-0.000181234854611,0.000158071241031
-6.94834163694e-05,-8.7940720659e-05,-1.84573042896e-05
-7.50702681645e-05,-1.74697249544e-05,5.76005432101e-05
-9.06568870588e-05,-0.000113201665504,-2.25447784454e-05
-7.48097510448e-05,-0.00015629148151,-8.14817304652e-05
-0.000397076755903,-0.0003218047816,7.52719743028e-05
-0.000267490782453,-0.000232565033881,3.49257485715e-05
-0.000379677632276,-0.000215520914727,0.000164156717548
-0.000190716383115,-0.000131481122483,5.92352606324e-05
-0.000160273696653,-0.000169074889271,-8.80119261844e-06
-0.000310628704033,-0.000215700049418,9.49286546152e-05
-0.000264904200138,-0.000240465654197,2.4438545941e-05
-0.000277800637654,-0.00023423650515,4.35641325031e-05
-0.000110569403269,-0.000166270483889,-5.57010806202e-05
-0.000152511287766,-0.000144057494842,8.45379292438e-06
-0.000144766489675,-0.000133752071036,1.10144186394e-05
-0.000110938263933,-6.18062053601e-05,4.91320585729e-05
-0.000276470497563,-0.000233109378181,4.33611193811e-05
-0.000442063287017,-0.00037572333101,6.63399560074e-05
-0.000268378648136,-0.000213492867203,5.48857809321e-05
-0.000226288614867,-0.00015765055778,6.86380570869e-05
-0.000141660984059,-0.000129035839568,1.26251444912e-05
2.16603795651e-05,5.9810856898e-06,-1.56792938753e-05
4.56178681809e-05,-7.0883307755e-06,-5.27061989564e-05
-0.000276691589416,-0.000219102600141,5.7588989275e-05
-0.000203087290511,-0.000199250559604,3.83673090692e-06
-0.000269095094523,-0.000188753765906,8.03413286164e-05
-0.000262625945739,-0.000244892762801,1.77331829386e-05
-0.000156826131776,-0.000159311957349,-2.48582557357e-06
-1.13384011264e-05,-2.88376820744e-05,-1.74992809481e-05
-0.000211054732216,-0.000213683319467,-2.62858725176e-06
-0.000228029769645,-0.000207553666024,2.0476103621e-05
-0.000263638894149,-0.000192777235406,7.08616587434e-05
-8.05525948656e-05,-0.000189837763809,-0.000109285168944
-0.000309775869183,-0.000261903215407,4.78726537767e-05
-0.000327893157521,-0.000316692742449,1.1200415072e-05
-0.000270406391739,-0.000274977752381,-4.57136064217e-06
-0.000231294630728,-0.000223326477734,7.96815299372e-06
-0.000362673828467,-0.000311565661215,5.1108167252e-05
-8.10334478944e-05,-0.000107815445392,-2.6781997498e-05
-0.00017823944927,-0.000171464655645,6.77479362433e-06
-0.00025729807698,-0.000164760770231,9.2537306749e-05
-0.000234155448749,-0.000221500669386,1.26547793635e-05
-0.000271600648883,-0.000220306015897,5.12946329853e-05
-0.000345541251276,-0.000241338310332,0.000104202940944
-0.000168142838364,-8.67663695724e-05,8.13764687916e-05
-0.000229096560256,-0.000176567759602,5.25288006544e-05
-0.000229225686819,-0.000169541351673,5.96843351455e-05
-0.000143843916054,-0.000103103875357,4.07400406962e-05
-0.000162020248695,-0.000164346015089,-2.32576639355e-06
-0.000167954554728,-0.000171573406156,-3.61885142831e-06
-0.000212840650806,-0.000226513937048,-1.36732862429e-05
-9.11286666579e-05,-0.000150675289068,-5.95466224105e-05
-0.000240476590408,-0.000250738839991,-1.02622495827e-05
-0.000200302769568,-0.000165495979711,3.48067898572e-05
-0.000109045269767,-0.000149008576102,-3.99633063345e-05
-0.000180614990117,-0.000199579335119,-1.89643450019e-05
-0.000220761224004,-0.000151526126889,6.92350971146e-05
-0.000188064350216,-0.000103608336161,8.44560140547e-05
-3.16745232803e-05,-8.00499873826e-05,-4.83754641023e-05
-0.000366052452462,-0.000310824122884,5.52283295778e-05
-0.000285086309482,-0.000306552813601,-2.14665041194e-05
-0.000340363484667,-0.000252584467236,8.77790174316e-05
-0.00015471491881,-0.000147471398138,7.24352067192e-06
-0.000317187311553,-0.000270380599487,4.68067120654e-05
-0.000240719269569,-0.000192865835827,4.7853433742e-05
-0.000331023898107,-0.000265845859393,6.51780387138e-05
-0.000209924743192,-0.00019012268458,1.98020586127e-05
-0.000237030911552,-0.000148218180242,8.88127313104e-05
-0.000222564912279,-0.00019609473846,2.64701738192e-05
-0.000285151791365,-0.000291694014293,-6.54222292802e-06
-0.000369455187221,-0.00034943663337,2.00185538516e-05
-0.000298388744198,-0.000236748546738,6.16401974598e-05
-0.000298401188059,-0.000240805081282,5.75961067771e-05
-0.000229482538449,-0.000143970650629,8.55118878206e-05
-0.000181013225812,-0.000172972751645,8.04047416716e-06
-0.000126592257307,-0.000101280349739,2.53119075676e-05
-0.000251922555864,-0.00021509942012,3.68231357434e-05
-0.000148897193372,-0.000117758301261,3.11388921107e-05
-0.000207216097274,-0.000223671233285,-1.64551360109e-05
-0.000152751351509,-0.000134353227713,1.83981237957e-05
-0.000243509284925,-0.00030439696999,-6.08876850642e-05
-0.000199695725215,-0.000205094834292,-5.39910907746e-06
-0.000268460841444,-0.000214206987567,5.42538538773e-05
-4.10316592534e-05,-7.32992176461e-05,-3.22675583927e-05
-0.000143620937501,-0.000105520732425,3.81002050759e-05
-0.000303869080176,-0.000198174703795,0.000105694376381
-0.000248071948286,-0.000165107033855,8.29649144311e-05
-0.000220992871178,-0.000208882416367,1.21104548111e-05
-0.000243006127036,-0.000272949345521,-2.99432184858e-05
-0.000105215814062,-6.93542679767e-05,3.58615460853e-05
-0.000291438155699,-0.000199937764484,9.15003912149e-05
-0.000228189232773,-0.000140260856419,8.79283763538e-05
-0.000213193593839,-0.000147296808556,6.58967852832e-05
-0.000179730083155,-0.000207959561293,-2.82294781376e-05
-0.000311701097383,-0.00020967908503,0.000102022012353
-4.8501792385e-05,-3.16202904608e-05,1.68815019242e-05
-0.000246348833217,-0.000179689597512,6.66592357046e-05
-0.000236499367976,-0.000166059218234,7.04401497422e-05
-0.000170001640124,-0.000183377209937,-1.33755698126e-05
-0.000232975770392,-0.000174465273811,5.85104965811e-05
-0.000353151186907,-0.000219597898618,0.00013355328829
-0.000205679302524,-0.000208029634456,-2.35033193208e-06
-0.000155593118306,-0.000163391423335,-7.79830502823e-06
-0.000110158002126,-0.000152568232807,-4.24102306802e-05
-0.00027298473977,-0.000205035990711,6.79487490597e-05
-0.000159358974268,-0.000166693161981,-7.33418771326e-06
-0.000267013147691,-0.000198720011946,6.82931357446e-05
-0.000226372369615,-0.000202677163164,2.36952064515e-05
-0.000125411864765,-0.000175504156686,-5.00922919209e-05
-0.000187427022055,-0.000150413407813,3.70136142413e-05
-0.000282025530233,-0.000261164297175,2.08612330581e-05
-0.000466053129215,-0.000322523550238,0.000143529578977
-0.000100831573087,-0.000172785493415,-7.19539203284e-05
-0.000232284543355,-0.000156638964832,7.5645578523e-05
-0.000241661740484,-0.000177362690351,6.42990501336e-05
-9.31741325116e-05,-8.43061120405e-05,8.86802047113e-06
-0.000341650319097,-0.000205722569799,0.000135927749298
5.8481184699e-05,3.07967770204e-05,-2.76844076786e-05
-0.000131075445338,-0.000211764643676,-8.06891983382e-05
-0.000359712793219,-0.000258462058754,0.000101250734465
-0.000356618742532,-0.000216110431977,0.000140508310555
-0.000255068278327,-0.000231318155806,2.37501225206e-05
-0.00022973873126,-0.000180840675349,4.88980559115e-05
-0.000235549819647,-0.000108307653622,0.000127242166025
-0.000106353572784,-5.33841626018e-05,5.29694101823e-05
-4.45982753255e-05,-6.83207899137e-05,-2.37225145882e-05
-0.000307962674646,-0.000250651448953,5.73112256926e-05
-0.000134242035027,-0.00015600237668,-2.17603416534e-05
-0.000134409746576,-0.000112158833396,2.22509131801e-05
-0.000211432602648,-7.18305483232e-05,0.000139602054325
-0.000295468412011,-0.00025354647162,4.19219403905e-05
-0.000232556929381,-0.000218170393439,1.43865359416e-05
-0.00019754793108,-6.43428267999e-05,0.00013320510428
-0.00016442019169,-0.000123200138148,4.12200535426e-05
-9.96703765475e-05,-0.000101601466796,-1.93109024847e-06
-0.000192594136341,-0.000150020875973,4.2573260368e-05
-0.000132957565448,-0.000122551558594,1.0406006854e-05
-0.00024369276614,-0.000258612852404,-1.49200862634e-05
-0.000153457714998,-0.000146387211231,7.0705037675e-06
-0.000231355494217,-0.000256639581266,-2.52840870488e-05
-0.000322525944134,-0.000285757956984,3.67679871502e-05
-0.000251587496426,-0.00018701480682,6.45726896054e-05
-0.000428666140071,-0.00034184262776,8.68235123118e-05
-0.000149566965755,-0.000133981055391,1.5585910364e-05
-0.000264487252682,-0.000187320407189,7.71668454929e-05
-0.000225812399452,-0.000191318569736,3.44938297162e-05
-0.00029848001485,-0.000268109796039,3.03702188115e-05
-0.000174854582014,-0.000149961551411,2.48930306028e-05
-0.000164551826818,-0.000100828347257,6.37234795603e-05
-0.000233461032026,-0.000181486945499,5.19740865273e-05
-0.000246479920276,-0.000217830755866,2.86491644101e-05
-0.000242147532887,-0.000139067540103,0.000103079992783
-0.00016610750461,-0.000192741302129,-2.66337975186e-05
-0.000203613347906,-0.00014834180253,5.52715453759e-05
-8.64576884071e-05,-4.96855726511e-05,3.6772115756e-05
-0.000350793833327,-0.000293953294486,5.68405388413e-05
-0.000322324303822,-0.000339557668559,-1.72333647373e-05
-0.000239042407173,-0.00018100545178,5.80369553925e-05
-0.000303013885627,-0.000215087039748,8.79268458789e-05
-0.000141366815925,-0.000183312615408,-4.19457994831e-05
-3.75307045479e-05,-0.000114161836612,-7.66311320639e-05
-0.00023959786872,-0.0001867475662,5.28503025199e-05
-0.000215042190852,-0.000221496091518,-6.4539006658e-06
-0.000230945107691,-0.000188119690957,4.28254167336e-05
-0.000171171278246,-0.000175062523899,-3.89124565247e-06
-9.46544793309e-05,-0.000163742294824,-6.90878154929e-05
-0.000158447078775,-0.000126964363431,3.14827153437e-05
-0.000195922126247,-0.000188030050343,7.89207590397e-06
-0.000359547205729,-0.000386017239036,-2.64700333071e-05
-0.000321318940869,-0.000315539524055,5.77941681318e-06
-0.000134758164455,-0.000134268108558,4.900558974e-07
-9.85146355385e-05,-6.39674855712e-05,3.45471499673e-05
-0.000168025463526,-0.000150914207316,1.71112562106e-05
-0.000323940758439,-0.000221170666456,0.000102770091983
-0.000170225391759,-0.000135654608484,3.45707832752e-05
-0.000242547905094,-0.000166444491036,7.61034140583e-05
-0.000226205250634,-0.000236428364484,-1.02231138503e-05
-0.000151079796604,-0.000180170104457,-2.90903078534e-05
-0.000260520565368,-0.000229137134829,3.13834305387e-05
-0.000413384347038,-0.000373667918627,3.97164284117e-05
-0.000341787923902,-0.000287673151313,5.41147725884e-05
-0.000105400727197,-8.22273095084e-05,2.31734176888e-05
-0.000209148471823,-0.000262170116337,-5.30216445145e-05
-0.000231040454894,-0.000176561849376,5.44786055188e-05
-0.000335908685315,-0.000285839661822,5.0069023493e-05
-0.00025465470638,-0.000226357203631,2.82975027495e-05
-0.000268303336403,-0.000209402355524,5.89009808797e-05
-6.32135274351e-05,-8.00770674739e-05,-1.68635400387e-05
-0.000374542044192,-0.00028334859785,9.11934463427e-05
-0.000125142678891,-8.75592122711e-05,3.75834666203e-05
-0.000317904739402,-0.000296907372505,2.09973668978e-05
-0.000259219067424,-0.000170075270638,8.91437967859e-05
-0.000226871400108,-0.000229114642702,-2.24324259383e-06
-0.000184615775477,-0.000119933353826,6.4682421651e-05
-0.000164811851411,-0.000116230468571,4.85813828397e-05
-0.000144875613347,-0.000138897432327,5.9781810202e-06
-0.000284837355278,-0.000202058065686,8.27792895924e-05
-0.000235115071118,-0.000232818446354,2.29662476472e-06
-0.000124240466459,-0.000163271813241,-3.90313467821e-05
-0.000198165233823,-0.000153454932199,4.47103016243e-05
-0.000191081208463,-0.000146983675333,4.40975331302e-05
-8.43188025306e-05,-0.000152823633233,-6.85048307027e-05
-0.000390437744414,-0.000301897716242,8.85400281725e-05
-0.000192730260304,-0.00015023959793,4.24906623743e-05
-0.000349900098209,-0.000258234159544,9.16659386652e-05
-3.37147856368e-05,-4.49389986582e-05,-1.12242130213e-05
-6.90323558487e-05,-0.000120501145075,-5.14687892265e-05
-0.00021616419767,-0.00014460770204,7.15564956296e-05
-0.000170576937679,-0.000213162828746,-4.25858910664e-05
-9.87129046394e-05,-0.000201995008722,-0.000103282104082
-0.000243431467076,-0.000188079190814,5.5352276262e-05
-0.000280990079678,-0.000244621461774,3.63686179042e-05
-7.32862828206e-05,-0.00011531696334,-4.20306805195e-05
-0.000289931598876,-0.000189942350263,9.99892486126e-05
-0.000243557309399,-0.000251393119435,-7.83581003516e-06
-0.000127258165206,-0.000202535713863,-7.5277548657e-05
-0.00038098367536,-0.00024763699091,0.00013334668445
-6.06947573539e-05,-0.000109570009995,-4.88752526412e-05
-0.000187736655892,-0.000198456208236,-1.07195523438e-05
-9.71175039097e-05,-8.52387011696e-05,1.18788027401e-05
-0.000318105965444,-0.00025582826134,6.22777041039e-05
-0.000200131241903,-0.000221224876042,-2.10936341389e-05
-0.00033632181269,-0.000280922429917,5.53993827728e-05
-0.000319989454257,-0.000290813776434,2.9175677823e-05
-0.000293747445164,-0.000278996669879,1.47507752844e-05
-0.000241464563169,-0.000171549489635,6.99150735343e-05
-0.000201473966935,-0.000156734112842,4.47398540939e-05
-0.000293470780779,-0.000226695898251,6.6774882528e-05
-0.000234089456749,-0.000188747488907,4.53419678425e-05
-0.000164721774897,-0.000116110215685,4.86115592118e-05
-0.000271293147922,-0.000224994141169,4.6299006753e-05
-0.000229835334512,-0.000182567181314,4.7268153198e-05
-0.000302736908789,-0.000231484446896,7.12524618929e-05
-0.000220905877759,-0.000264898625695,-4.3992747936e-05
-0.000151579236151,-0.000147809558991,3.76967716048e-06
-0.000346945709798,-0.00029241741333,5.45282964682e-05
-0.000124944301422,-0.000149683798351,-2.47394969285e-05
-0.000266675179212,-0.000194082701957,7.25924772556e-05
-0.00026961781671,-0.000200292435016,6.93253816947e-05
-5.90126934806e-05,-7.51681293284e-05,-1.61554358478e-05
-0.000166817707522,-0.000128486803952,3.83309035707e-05
-0.000428389001869,-0.000273459370271,0.000154929631599
-0.000193836176824,-0.00020871797052,-1.4881793696e-05
-0.000302712647567,-0.000299879642064,2.8330055023e-06
-0.000192327101896,-0.000133351564027,5.89755378686e-05
-4.30735500227e-05,-2.39951363536e-05,1.90784136691e-05
-0.000180271429383,-0.000174631815503,5.63961387983e-06
-0.000456859928063,-0.000253099524284,0.000203760403779
-0.000157419849837,-0.000166570120006,-9.15027016939e-06
-0.000230927345465,-0.000267449101247,-3.65217557822e-05
-0.000208513436757,-0.000113914617653,9.4598819104e-05
-0.000185518606349,-0.000224313605216,-3.87949988674e-05
-0.000211051469698,-0.000210636123257,4.15346441808e-07
-0.000221338254647,-0.000267635936536,-4.62976818885e-05
-0.000248468307532,-0.000243054172062,5.41413546963e-06
-0.000177474799133,-0.000163942875988,1.35319231447e-05
-0.00014100547395,-0.000176179836146,-3.51743621967e-05
-0.000113401165504,-0.000186781348494,-7.33801829895e-05
-0.000362331603806,-0.000213400619455,0.000148930984351
-0.000190557206013,-0.000163498802642,2.70584033708e-05
-0.000119144038089,-7.0093240284e-05,4.90507978047e-05
-0.000136716416481,-0.00014361205869,-6.89564220966e-06
-0.00023470363475,-9.62349352254e-05,0.000138468699525
-0.000171685132864,-0.000127774321389,4.39108114745e-05
-0.000422989717727,-0.000320246839426,0.000102742878301
-0.000313299857004,-0.000280954461142,3.23453958616e-05
-0.000187383592961,-0.000268698413336,-8.13148203747e-05
-0.000367194184454,-0.00038557253457,-1.83783501162e-05
-0.000284970850219,-0.000248242048077,3.67288021414e-05
-0.000234497729352,-0.000196991737106,3.75059922467e-05
-0.00016794746525,-0.000118368207474,4.95792577762e-05
-0.00014542920817,-0.000110949610129,3.44795980413e-05
-0.000102103004746,-0.000198028560914,-9.5925556168e-05
-0.000343513364062,-0.000212632053916,0.000130881310146
-0.000220657656387,-0.000235297786883,-1.46401304962e-05
-0.000166883843492,-0.000120135874653,4.67479688386e-05
-6.28477368017e-05,-0.000116996695435,-5.41489586332e-05
-0.000235468745056,-0.000198081033392,3.73877116639e-05
-3.02771944308e-05,-2.20801348831e-05,8.19705954766e-06
-4.60126180072e-05,-4.2659023711e-05,3.35359429619e-06
-0.000286900871185,-0.000208044454362,7.88564168232e-05
-0.000225992517735,-0.000210024475767,1.59680419686e-05
-0.000177482675157,-0.000149764448588,2.77182265697e-05
-0.000201550568241,-0.000150945820631,5.06047476097e-05
-0.000183064515772,-0.000184639603049,-1.5750872772e-06
-0.000183106096877,-0.000106337994607,7.67681022693e-05
-0.000202618194929,-0.000154053993803,4.85642011251e-05
-0.000188632817323,-0.0002234015081,-3.47686907772e-05
-0.000367892140585,-0.000295067397643,7.28247429426e-05
-0.000300112169011,-0.00030945404079,-9.34187177905e-06
-0.000216515933334,-0.000189679253175,2.68366801596e-05
-8.97259887907e-05,-0.000116634652281,-2.69086634902e-05
-0.000246008176772,-0.000221459997121,2.45481796512e-05
-0.00023387282057,-0.000107184568059,0.000126688252511
-0.000201456152903,-0.000125004427742,7.64517251608e-05
-0.000309684524861,-0.000293727294642,1.59572302182e-05
-0.000325252387312,-0.000189603316568,0.000135649070744
-0.000332291241861,-0.000280525999646,5.17652422146e-05
-4.48540552852e-05,-2.25351702186e-05,2.23188850666e-05
-0.000338306305202,-0.00029355520057,4.47511046313e-05
-0.000349111943152,-0.000349908461891,-7.96518739646e-07
-0.000124985285438,-0.000144297636942,-1.93123515044e-05
-0.00032610037595,-0.000288308069038,3.77923069122e-05
-0.000223293939258,-0.000151972454073,7.13214851845e-05
-0.000435061976651,-0.000320449932904,0.000114612043747
-0.000396070755388,-0.000305285748065,9.07850073229e-05
-0.000287644905905,-0.000164682942512,0.000122961963393
-2.75098940032e-05,-2.22864722841e-05,5.2234217191e-06
-0.000142069351303,-0.00012545029828,1.66190530229e-05
-0.000169822527889,-0.000205281954895,-3.5459427006e-05
-0.000291110671721,-0.000256428283445,3.46823882762e-05
-0.000252554084829,-0.000205840706155,4.67133786736e-05
-0.000207616722493,-0.000166129720733,4.14870017601e-05
-0.000106890972614,-0.000130995326052,-2.41043534375e-05
-0.00019073737581,-0.000178575122407,1.21622534024e-05
-0.000180880403942,-0.000203712818775,-2.28324148334e-05
-0.00013400552023,-0.000111165901168,2.2839619062e-05
-0.00027063815109,-0.000274891482981,-4.25333189088e-06
-0.000122758709921,-0.000140295681259,-1.75369713382e-05
-0.000364478595793,-0.000282238128523,8.22404672691e-05
-0.000426181142303,-0.000336184081864,8.99970604391e-05
-0.000239278986178,-0.000224912294197,1.43666919813e-05
-0.000166823690809,-0.000171079020311,-4.25532950253e-06
-0.000250413235012,-0.000224700198069,2.57130369431e-05
-0.000162912830561,-0.000104989625197,5.79232053643e-05
-0.000244039936515,-0.000224935219904,1.91047166113e-05
-0.000331344796459,-0.000187804602691,0.000143540193768
-0.000262293178293,-0.000285196722028,-2.29035437341e-05
-0.000135884287283,-0.000143210071744,-7.32578446133e-06
-9.93687060706e-05,-0.000144229578247,-4.4860872176e-05
-7.55360486753e-05,-8.44701104083e-05,-8.93406173306e-06
-0.00020763151534,-0.000220643727015,-1.3012211675e-05
-0.000167022460834,-0.000163121715614,3.9007452202e-06
-0.000118826886051,-0.000170194238528,-5.13673524762e-05
-0.000116920078496,-8.74054540789e-05,2.95146244167e-05
-0.000353205834223,-0.000241245992245,0.000111959841978
-0.000144338405548,-0.000184012285859,-3.96738803115e-05
-0.000153473660687,-8.01875303844e-05,7.32861303021e-05
-0.00018569481511,-0.000184038520123,1.65629498753e-06
-2.59181009916e-05,-5.06269617078e-05,-2.47088607162e-05
-0.000194943560255,-0.000136964245072,5.79793151827e-05
-0.000230470068374,-0.000213504175605,1.69658927695e-05
-0.000158585389478,-0.000112851148588,4.57342408898e-05
-8.60377996289e-05,-0.000161958870818,-7.59210711892e-05
-0.000230289124262,-0.000221421864754,8.86725950799e-06
-0.000434686005226,-0.000341697112954,9.29888922724e-05
-0.00028522015013,-0.000252769502485,3.24506476452e-05
-0.000147836252733,-0.000186273677631,-3.8437424898e-05
-0.000162984016128,-8.11227775357e-05,8.1861238592e-05
-0.000293023723815,-0.000195366310426,9.76574133887e-05
-0.000179761117434,-0.000141795368931,3.79657485032e-05
-0.000162679067979,-0.000116417009756,4.6262058223e-05
-0.000403467179879,-0.000277974924227,0.000125492255652
-6.89707085592e-05,-0.000106989671418,-3.80189628585e-05
-0.000188704613962,-0.000116571119883,7.21334940781e-05
-0.00026289963797,-0.000208577873882,5.43217640875e-05
-0.000233423708588,-0.000215830053096,1.75936554928e-05
-9.43511171888e-05,-0.000138689455086,-4.43383378968e-05
-0.00030335904831,-0.000331776788422,-2.84177401124e-05
-5.7989477814e-05,-4.5100564989e-05,1.2888912825e-05
-0.000322006674537,-0.000300167544122,2.1839130415e-05
-0.000149293614065,-0.000200739793648,-5.14461795827e-05
-6.39068718171e-05,-7.36889733415e-05,-9.78210152442e-06
-0.000295918664682,-0.000201698598655,9.42200660269e-05
-0.000121067788147,-5.92547792133e-05,6.18130089339e-05
-0.000313979587302,-0.000245712036611,6.82675506907e-05
-6.18917532537e-05,-9.86479990985e-05,-3.67562458447e-05
-2.2538882118e-05,-7.42807169123e-05,-5.17418347942e-05
-0.000218167037624,-0.000246136763512,-2.79697258878e-05
-0.000315077992753,-0.000225336803711,8.9741189042e-05
-8.42413637645e-05,-9.82574502761e-05,-1.40160865116e-05
-0.000259456869098,-0.000221245630426,3.82112386723e-05
-0.000260991258019,-0.000256578422347,4.41283567235e-06
-0.000304163656721,-0.000231606800616,7.25568561049e-05
-0.00019678056064,-0.000213422004784,-1.66414441435e-05
-0.000312222833875,-0.000249663048883,6.25597849919e-05
-0.000253761432998,-0.000245500811213,8.26062178478e-06
-0.000376970089321,-0.000296071282706,8.08988066145e-05
-0.000184313953976,-0.000158585051388,2.57289025888e-05
-0.000284793109861,-0.000250772532565,3.40205772958e-05
-0.000116402789032,-0.000110657443798,5.74534523432e-06
-0.000259121233574,-0.000185513945224,7.36072883501e-05
-0.000363066727552,-0.000221152802478,0.000141913925074
-0.000316222620403,-0.000198308839209,0.000117913781195
-0.000259272929247,-0.000281623188521,-2.23502592743e-05
-0.000280104379935,-0.000194611184505,8.54931954307e-05
-0.000138811745373,-0.00013860385216,2.07893213077e-07
-0.000223778916876,-0.000244791131319,-2.10122144431e-05
-0.000394910705214,-0.000322085243326,7.28254618884e-05
-0.000171192864032,-0.000164264312486,6.92855154583e-06
-0.000132899676575,-7.34978765284e-05,5.94018000463e-05
-0.000217688476184,-0.00014555253463,7.21359415541e-05
-0.000147949963078,-0.000100897066092,4.70528969862e-05
-0.000220474248339,-0.000207681367216,1.27928811235e-05
-0.000397127906392,-0.000338569719087,5.8558187305e-05
-0.000189288573797,-0.00014020415941,4.90844143865e-05
-8.78641611184e-05,-7.2585304438e-05,1.52788566804e-05
-0.000236996541322,-0.000151682340498,8.53142008235e-05
-7.60088789153e-05,-0.000102217671811,-2.62087928952e-05
-0.000205077327311,-0.000201861512968,3.21581434297e-06
-0.000316687720737,-0.000255720783522,6.09669372143e-05
-0.000235254953094,-0.000272064789781,-3.68098366866e-05
-0.000320578249945,-0.000265459391324,5.51188586211e-05
-3.92937110221e-05,-1.94955616341e-05,1.9798149388e-05
-0.000432921805004,-0.000347264760615,8.56570443892e-05
-0.000262514294734,-0.000192423420266,7.00908744678e-05
-0.000233767732864,-0.000220866498135,1.29012347287e-05
-0.000203996856554,-0.000184327651608,1.96692049454e-05
-0.000329347615639,-0.000312824677471,1.65229381686e-05
-0.000182406967432,-0.000154391308613,2.80156588196e-05
-0.000357313640706,-0.000286769947562,7.05436931441e-05
-0.000306234911411,-0.000266806673258,3.94282381521e-05
-0.00014097113908,-0.00016306540479,-2.20942657096e-05
-0.000230669750128,-0.000187285942745,4.33838073831e-05
-2.49953368101e-05,-5.92315199923e-05,-3.42361831822e-05
-0.000124836152308,-0.000128682560172,-3.84640786362e-06
-0.000226229116569,-0.000215865255881,1.03638606872e-05
-0.000239287726487,-0.000196967433008,4.23202934794e-05
-0.000100945019867,-0.000179728903746,-7.8783883879e-05
-0.000231442117316,-0.000179146017549,5.22960997668e-05
-0.00039384176518,-0.000314860513457,7.89812517235e-05
-0.000125551391848,-0.000151455812213,-2.5904420365e-05
-0.000148869984785,-0.000131381491602,1.74884931832e-05
-0.000200843572871,-0.00019697142055,3.87215232074e-06
-0.000282680603747,-0.0002716967594,1.09838443471e-05
-8.43471001826e-05,-0.000112591231903,-2.82441317202e-05
-0.000272609864739,-0.000174541848013,9.80680167253e-05
-0.000192420337563,-0.000142798517012,4.96218205515e-05
-0.00015262113066,-0.000229733280359,-7.71121496991e-05
-0.000253099700771,-0.000180604265501,7.24954352694e-05
-0.000139079797404,-7.47076389565e-05,6.43721584479e-05
-0.000263105136161,-0.000157195403687,0.000105909732474
-0.000218509102705,-0.000179347008781,3.91620939242e-05
-0.00025799927522,-0.00020550586583,5.24934093894e-05
-0.000454165866457,-0.000361031029504,9.31348369526e-05
-0.000131264168133,-0.00015465700316,-2.33928350277e-05
-0.000310502074601,-0.000303633271137,6.86880346405e-06
-0.000244494658837,-0.000225053610513,1.94410483245e-05
-0.000228269729433,-0.00019092235858,3.7347370853e-05
-0.000223060554494,-0.000186376961275,3.66835932189e-05
-0.000391287577112,-0.000270535458531,0.00012075211858
-0.000385561478119,-0.000261118117515,0.000124443360603
-0.000310898623509,-0.000233660303316,7.72383201937e-05
-0.000169913922603,-0.000131566094495,3.83478281084e-05
-0.000294192568904,-0.000221775571826,7.24169970781e-05
-0.000266649613764,-0.000265552885339,1.09672842482e-06
-0.000207770043245,-0.000242145726901,-3.43756836558e-05
-6.08790311693e-05,-0.000127779861006,-6.69008298372e-05
-0.000322169964585,-0.000320329627965,1.84033662064e-06
-0.000170537890085,-0.000144811743701,2.57261463839e-05
-0.000229078258226,-0.000130276190168,9.8802068058e-05
-0.000306262926047,-0.000263342469743,4.29204563039e-05
-0.000257600963338,-0.000206333734482,5.12672288562e-05
-0.000282427964612,-0.000191398681971,9.10292826403e-05
-0.000139010776658,-0.000167086767817,-2.80759911591e-05
-0.000305163613225,-0.00023843812436,6.67254888645e-05
-0.000146599399263,-0.000132970337161,1.36290621028e-05
-0.000192203889889,-0.00023273205846,-4.05281685708e-05
-9.91394163074e-05,-9.74860693611e-05,1.65334694634e-06
-0.000285109464746,-0.000232555413586,5.25540511597e-05
-0.000143813562457,-0.000172530689446,-2.87171269897e-05
-0.000316039447805,-0.000295446774834,2.05926729711e-05
-0.000131092618434,-0.00018784017372,-5.67475552867e-05
-0.00031946581466,-0.000272695575948,4.6770238711e-05
-0.000110541685426,-0.00015518307782,-4.46413923938e-05
-0.000116902714034,-9.78675068165e-05,1.9035207218e-05
-0.000198176985486,-0.000228174540785,-2.99975552988e-05
-0.000230041342312,-0.000213646468186,1.63948741267e-05
-0.000102512995873,-0.00013400599774,-3.1493001867e-05
-0.000306139477628,-0.000247936703429,5.8202774199e-05
-0.000112760399186,-5.84052159251e-05,5.43551832613e-05
-0.000190960062078,-0.00016096465278,2.99954092976e-05
-0.0002520712857,-0.000221835578312,3.02357073878e-05
-0.000111709103332,-0.000118710434785,-7.00133145351e-06
-0.000244435007074,-0.000245378707679,-9.43700604506e-07
-0.000307574618789,-0.000281166229,2.64083897891e-05
-0.000399065799541,-0.000363967030772,3.50987687688e-05
-0.00028393044929,-0.000235974372256,4.79560770343e-05
-0.000264054473972,-0.000216794560027,4.72599139452e-05
-0.000382128180331,-0.000312794806738,6.93333735926e-05
-0.000293802727468,-0.000299197142323,-5.39441485485e-06
-0.000212766151919,-0.000140878977201,7.18871747183e-05
-0.000122960593126,-0.000145384866713,-2.24242735877e-05
-7.29521351657e-05,-0.000107715942576,-3.47638074102e-05
-0.000216713057496,-0.000197535343219,1.9177714277e-05
-0.00027254872757,-0.000240845718065,3.1703009505e-05
-0.000250020308617,-0.000183972375607,6.604793301e-05
-0.000365074877446,-0.000328774394741,3.63004827052e-05
-0.000337341809458,-0.000303334161963,3.40076474952e-05
-0.000214703382438,-0.000251131220664,-3.64278382251e-05
-4.02942538358e-05,-7.36142266215e-05,-3.33199727856e-05
-0.000209713464359,-0.000206769468567,2.94399579191e-06
-0.000315564305821,-0.000275163720085,4.04005857363e-05
-0.000202882849642,-0.000192324409415,1.05584402272e-05
-0.000217418873803,-0.00020455715565,1.28617181524e-05
-7.44529084969e-05,-7.71162872415e-06,6.67412797727e-05
-0.000329019514663,-0.000251554449485,7.7465065178e-05
-0.000255400174531,-0.000243813823128,1.15863514028e-05
-0.000266521660003,-0.000236191065756,3.03305942473e-05
-0.000356078302242,-0.000314658991965,4.14193102764e-05
-0.000300814546456,-0.000272663556089,2.81509903673e-05
-0.000294503598617,-0.000232613568611,6.18900300056e-05
-0.000194830623304,-0.000158916031475,3.59145918288e-05
-0.000276689303315,-0.000194528916732,8.21603865831e-05
-0.000223790002526,-0.000201746012927,2.20439895992e-05
-0.00021797407201,-0.000266521033336,-4.85469613259e-05
-0.00015265699413,-0.000142872450256,9.78454387305e-06
-0.000272603528085,-0.00029908644269,-2.64829146047e-05
-4.270007346e-05,1.90158587256e-05,6.17159321856e-05
-0.000158447611492,-0.000144975975445,1.34716360473e-05
-7.8885059521e-05,-6.9004513331e-05,9.88054618995e-06
-0.000102609073296,-9.79062649517e-05,4.70280834428e-06
-0.000103914463687,-0.000119683701258,-1.57692375708e-05
-0.000144573584555,-0.000160340594233,-1.57670096782e-05
-0.000222784597184,-0.000112389070346,0.000110395526838
-0.000300746464824,-0.000178945925766,0.000121800539058
-0.000346959537877,-0.000276700223154,7.02593147236e-05
-0.00032268619505,-0.00027852014454,4.416605051e-05
-0.000216883078553,-0.000195814816271,2.10682622818e-05
-0.000224228559092,-0.000267839400304,-4.36108412122e-05
-0.000231552875341,-0.000223058378979,8.49449636152e-06
-0.000144685449136,-0.000136428268839,8.25718029662e-06
-0.000218443474813,-0.000203913004019,1.45304707942e-05
-0.000180236872703,-0.000251239964869,-7.10030921663e-05
-0.000233326775811,-0.000283407088358,-5.00803125479e-05
-0.000182337799,-0.000219788534584,-3.74507355838e-05
-8.75903033041e-05,-9.51626385217e-05,-7.57233521758e-06
-0.00021888711059,-0.00020913290669,9.75420390041e-06
-0.000122317370612,-0.000120397390654,1.9199799581e-06
-0.000123837296099,-0.000111491018972,1.23462771264e-05
-0.000187389118128,-0.000212535665285,-2.5146547157e-05
-0.000291361044808,-0.000214625554373,7.67354904347e-05
-0.000337274582956,-0.000262084276474,7.51903064813e-05
-0.000246134662831,-0.000254772530458,-8.63786762733e-06
-0.000183891147612,-0.000190242384426,-6.3512368144e-06
-0.000128201889755,-0.000139047884035,-1.084599428e-05
-9.56947348757e-05,-0.000139392865297,-4.36981304213e-05
-0.000178492858087,-0.000169856319345,8.63653874234e-06
-0.000531254060032,-0.000396959168556,0.000134294891476
-0.000283119404821,-0.000184068381771,9.90510230507e-05
-0.00013616185597,-0.00017162064622,-3.54587902505e-05
-0.000306687760522,-0.000280750497572,2.59372629502e-05
-0.000228213194429,-0.000233136129922,-4.92293549378e-06
-0.000213110413997,-0.000207761532645,5.34888135214e-06
-0.000241286117901,-0.000203402214644,3.78839032568e-05
-0.000175448488675,-0.000135993693715,3.94547949595e-05
-0.000262628497536,-0.00018997048003,7.26580175056e-05
-5.0642175956e-05,-0.000111832264862,-6.1190088906e-05
-7.46561468445e-05,-0.000169442493043,-9.47863461982e-05
-0.000295511638541,-0.000239972049234,5.55395893064e-05
-0.000158358187803,-0.00015492676882,3.43141898338e-06
-0.000242209276883,-0.00021347650813,2.87327687524e-05
-0.000217111557903,-0.000237549408838,-2.04378509351e-05
-0.000234569518224,-0.000231495457491,3.07406073303e-06
-0.000344412386294,-0.000302851811371,4.15605749224e-05
-0.00013882489773,-0.0001933500218,-5.45251240694e-05
-0.000196748230032,-0.000163401560991,3.33466690416e-05
-0.000228057288766,-0.000138783217775,8.92740709913e-05
-0.000208571855697,-0.000189203616919,1.93682387783e-05
-0.000150276641466,-6.39777214459e-05,8.62989200202e-05
-0.000231354437225,-0.000160634335349,7.07201018764e-05
-0.000106105175399,-0.000119363711529,-1.32585361306e-05
-0.000274377081056,-0.000139704516046,0.00013467256501
-0.000213981690792,-0.000149162356241,6.48193345519e-05
-0.000130522216203,-0.000107850462132,2.26717540706e-05
-0.000114185573993,-0.000102051717398,1.2133856595e-05
-0.000219572817056,-0.000241237780628,-2.16649635717e-05
-0.00042162689239,-0.000287789742935,0.000133837149454
-0.000205714673104,-0.000150755378348,5.49592947557e-05
-0.000158589771293,-0.000123011581795,3.55781894988e-05
-0.000373774798052,-0.000299221450288,7.45533477634e-05
-0.000252862024769,-0.000188413473958,6.44485508107e-05
-0.000260647687824,-0.000245381694957,1.52659928663e-05
-0.00023648692949,-0.000167342480305,6.91444491846e-05
-0.000204633010937,-0.000143561690525,6.10713204118e-05
-0.000275210384912,-0.000252317977033,2.2892407879e-05
-0.000192236922054,-0.000161002461928,3.1234460126e-05
-0.000310050943151,-0.000292325267498,1.77256756534e-05
-0.000181954865593,-0.000145392518466,3.65623471267e-05
-0.000238130404361,-0.00020189739241,3.62330119511e-05
-0.000273583200909,-0.000253555011131,2.00281897773e-05
-0.000261418433951,-0.000221319153808,4.00992801434e-05
-0.000280931292331,-0.000182490516558,9.84407757735e-05
-0.000232000317407,-0.000194225595562,3.77747218449e-05
-0.000180376737505,-0.000128129127869,5.2247609636e-05
-0.000376197694324,-0.000309227611605,6.69700827191e-05
-0.000226089793562,-0.000189605504842,3.64842887208e-05
-0.000167271462053,-0.000183800016417,-1.65285543634e-05
-0.000398654997436,-0.000339425087869,5.92299095671e-05
-0.000226788579301,-0.000202927285883,2.38612934174e-05
-0.000423086203526,-0.000279676609381,0.000143409594145
-6.65053855337e-05,-5.59255981143e-05,1.05797874194e-05
-0.000253612349956,-0.000278222005679,-2.46096557231e-05
-0.000435594515816,-0.000272762204057,0.000162832311759
-0.000195234838837,-0.000198665503526,-3.43066468922e-06
-0.000342205313148,-0.000293285175152,4.89201379964e-05
-0.000387868017584,-0.000339130247016,4.87377705675e-05
-0.00016831570561,-0.000106702180684,6.16135249256e-05
-0.000327480232662,-0.000240743168646,8.67370640165e-05
-0.000280263127504,-0.000228463978029,5.1799149475e-05
-0.000166350069857,-0.000210099430311,-4.37493604542e-05
-0.000163863907734,-0.000132948722651,3.09151850834e-05
-0.000319409343892,-0.00020582038435,0.000113588959542
-0.000210466622139,-0.000158403379943,5.20632421967e-05
-0.000231589639064,-0.000184866354089,4.67232849749e-05
-0.000223835109746,-0.000145025258809,7.88098509374e-05
-0.00019823756724,-0.000160184373342,3.80531938974e-05
-0.000227181650856,-0.000195323362256,3.18582885995e-05
-0.000196525767097,-0.000152024569216,4.45011978809e-05
-0.000314622016685,-0.000251150902197,6.34711144882e-05
-0.000196182697197,-0.00018547198344,1.07107137564e-05
-0.000273667315328,-0.00016222974821,0.000111437567118
-6.69674831627e-05,-0.000136177496928,-6.92100137649e-05
-0.000102343157424,-7.21969918878e-05,3.01461655358e-05
-0.000272817048718,-0.0002090583264,6.37587223181e-05
-0.00029721048219,-0.000223998017611,7.32124645788e-05
-0.000204062395771,-0.00018690760958,1.71547861914e-05
-0.000201672560014,-0.000175763213837,2.59093461773e-05
-0.000226701525953,-0.000195535981355,3.1165544598e-05
-0.000218091074983,-0.000144581408539,7.35096664443e-05
-0.000233413405317,-0.000227328531006,6.0848743108e-06
-0.000169222347571,-0.000161677658929,7.54468864192e-06
-0.000161290816757,-0.00017477695763,-1.34861408731e-05
-0.000160982725061,-0.000158550044677,2.43268038491e-06
-0.000240622541223,-0.000195926501083,4.46960401396e-05
-0.000240516131274,-0.000238097835678,2.41829559624e-06
7.06063611077e-05,1.92558396818e-05,-5.13505214259e-05
-0.00014876872501,-0.000178264861193,-2.94961361826e-05
-0.000284216868633,-0.000258517230503,2.56996381296e-05
-0.000282797737592,-0.000137970154124,0.000144827583468
-0.000342550988677,-0.000205930118557,0.00013662087012
-0.000228173999057,-0.000131472573272,9.67014257848e-05
-0.000159700457322,-0.000182647392594,-2.29469352722e-05
-0.000231198800006,-0.00021660640228,1.45923977261e-05
-0.000374651137064,-0.000326382514916,4.82686221475e-05
-0.000305255817451,-0.000304026258829,1.22955862252e-06
-0.000123221765103,-0.000154647599146,-3.14258340426e-05
-8.53749163593e-05,-8.71904015416e-05,-1.81548518233e-06
-0.000210753603592,-0.000145738797208,6.50148063839e-05
-0.00012128596164,-0.000107172647402,1.41133142388e-05
-0.000436644795441,-0.000379898137302,5.67466581389e-05
-0.000359664296966,-0.000295239466905,6.44248300614e-05
-0.00014173229771,-0.000152621541079,-1.08892433684e-05
-5.43837965806e-05,-6.77789465158e-05,-1.33951499352e-05
-0.000313544976846,-0.000223707500399,8.98374764472e-05
-0.000432916594334,-0.000317049354099,0.000115867240235
-0.00032078005689,-0.00027493157081,4.58484860798e-05
-0.000256270438111,-0.000265915222176,-9.64478406514e-06
-2.61444960636e-05,-2.7733086098e-05,-1.58859003449e-06
-0.000261881290909,-0.000213838524122,4.80427667873e-05
-0.000239145949714,-0.000195695127685,4.3450822029e-05
-0.000350490215337,-0.000260543321765,8.9946893572e-05
-0.000313546900087,-0.000286057845926,2.74890541601e-05
-0.000156382599483,-9.59809876086e-05,6.04016118744e-05
-0.000163989603605,-0.000179422996499,-1.54333928933e-05
-0.000277835422966,-0.000277797387013,3.80359524607e-08
-0.000230047794007,-0.000164962050057,6.50857439498e-05
-0.000167132089592,-0.000148852212922,1.82798766694e-05
-0.000201541724253,-0.000169663581315,3.18781429376e-05
-0.000227375911845,-0.000182423818754,4.49520930918e-05
-0.000223063159645,-0.000130770508246,9.22926513983e-05
-0.000146538812547,-0.000160623957073,-1.40851445262e-05
-0.000168663056755,-0.000116138307306,5.2524749449e-05
-0.000253689101839,-0.000184476618164,6.92124836751e-05
-0.000229929194973,-0.000221503382148,8.42581282446e-06
-0.000338642856883,-0.000324441711052,1.4201145831e-05
-0.00026593136905,-0.00021264859547,5.32827735797e-05
-0.000256439136483,-0.000194232947913,6.22061885699e-05
-0.000176560345963,-0.000145073492373,3.14868535902e-05
-0.000199646573726,-0.000143287439069,5.63591346567e-05
-0.000306518566335,-0.000221594410321,8.4924156014e-05
-0.000209648446772,-0.000188790499762,2.08579470098e-05
-0.000294600711274,-0.000250142596414,4.44581148608e-05
-0.000273372541312,-0.000195572432983,7.78001083293e-05
-0.000233761995267,-0.000180111548051,5.3650447216e-05
-0.000162001733096,-0.00017958157927,-1.75798461745e-05
-0.000184326232348,-0.000189989639163,-5.66340681506e-06
-0.000421810967308,-0.000360990659026,6.08203082826e-05
-0.000289847433048,-0.000208625967119,8.12214659289e-05
-0.000344233539395,-0.000242773886428,0.000101459652967
-0.000224576003105,-0.000208311463209,1.62645398957e-05
-5.56613105955e-05,-5.47340004296e-05,9.27310165947e-07
-0.000219659982548,-0.000228911624547,-9.2516419988e-06
-0.000295780542195,-0.000221345173714,7.44353684809e-05
-0.000336686397108,-0.000329092137891,7.59425921711e-06
-5.88515662462e-05,-0.000110771446125,-5.19198798787e-05
-0.00033985417425,-0.000282035235923,5.78189383278e-05
-0.000229431757343,-0.000223979543628,5.45221371495e-06
-0.000185301121895,-0.000199210719673,-1.39095977783e-05
-0.000315468843373,-0.000341146762077,-2.56779187038e-05
-0.0002127891785,-0.000236850395695,-2.40612171944e-05
-0.000186123920432,-0.000191741627528,-5.61770709674e-06
-0.000444039360715,-0.000383381930283,6.06574304324e-05
-0.000231079367212,-0.000212574340019,1.85050271935e-05
-0.000126930948995,-0.000131353858786,-4.4229097914e-06
-0.000293259474795,-0.000228973179087,6.42862957088e-05
-0.000203926918466,-0.000139112622625,6.48142958406e-05
-5.20310743734e-05,-3.02897897985e-05,2.1741284575e-05
-0.000262142008391,-0.000207188652224,5.49533561666e-05
-0.000311601308684,-0.00029256734518,1.90339635041e-05
-0.000395796189346,-0.00031262062843,8.31755609152e-05
-0.000254172936566,-0.000195150483191,5.90224533751e-05
-0.000279567776942,-0.000222778059259,5.67897176826e-05
-0.000124385373371,-0.000150376835696,-2.59914623252e-05
-0.000203242888142,-0.000148423526641,5.48193615008e-05
3.74357421419e-05,-4.57215958466e-05,-8.31573379885e-05
-0.00017318929744,-0.000132507057313,4.06822401267e-05
-0.000309393863608,-0.000288424163014,2.09697005939e-05
-0.000306061468908,-0.000154355483404,0.000151705985504
-6.57031058988e-05,-9.48064111466e-05,-2.91033052477e-05
-0.000124848056342,-0.000115304380404,9.54367593746e-06
-0.000300909719418,-0.000257488103775,4.34216156429e-05
-1.05497433641e-05,5.8277870217e-05,6.88276135811e-05
-0.000178014711314,-0.00014542338275,3.25913285637e-05
-0.000288126301534,-0.000199337155216,8.87891463175e-05
-0.000192742711215,-0.000195666003948,-2.92329273304e-06
-0.000282940976395,-0.000203449302672,7.94916737235e-05
-0.000195193836552,-0.000165256135322,2.99377012301e-05
-0.000276362011532,-0.000210946328519,6.54156830134e-05
-0.000289558169694,-0.000253324478515,3.62336911794e-05
-0.000203310414523,-0.000223488466102,-2.01780515784e-05
-0.000313332850734,-0.000269005524722,4.43273260122e-05
-0.000361899203004,-0.000242033649933,0.000119865553071
-0.000135110333714,-0.000141839081818,-6.72874810396e-06
-0.000299771258083,-0.000279347307764,2.04239503181e-05
-0.000374610071355,-0.000268195106166,0.000106414965189
-0.00024679888661,-0.000222852447576,2.39464390344e-05
-0.000301395355612,-0.00024814902995,5.32463256613e-05
-0.00017882588581,-0.000139260344908,3.95655409017e-05
-0.000202196939228,-0.000179696933916,2.25000053124e-05
-0.000218726791002,-0.000211274146368,7.45264463408e-06
-0.00026336835706,-0.000187325992944,7.60423641153e-05
-0.00028414256789,-0.000212750873317,7.13916945729e-05
-5.78542505397e-05,-6.39866313382e-05,-6.13238079841e-06
-0.000319964887797,-0.000182460942254,0.000137503945543
-0.000312148890761,-0.000248423332057,6.37255587037e-05
-0.000224910949826,-0.000238146173359,-1.32352235328e-05
-0.000119749688402,-0.00012695499241,-7.20530400753e-06
-0.000191624967278,-0.000189163540141,2.46142713621e-06
-0.00020199008112,-0.000203427926803,-1.43784568369e-06
-0.000322988121237,-0.000312948761634,1.00393596031e-05
-0.000322690556921,-0.000202978816924,0.000119711739997
-0.000213304346095,-0.000134682729014,7.86216170816e-05
-0.000163266102908,-0.000196313632106,-3.30475291972e-05
-0.000252486002442,-0.00020319796393,4.92880385121e-05
-0.000324958977815,-0.000194213511747,0.000130745466068
-2.46915192768e-05,-2.73320569684e-05,-2.64053769167e-06
-0.000156618887284,-0.000161821826024,-5.20293873984e-06
-0.000223392491747,-0.000197464673562,2.59278181849e-05
-0.000350420218908,-0.000199408585181,0.000151011633727
-5.48825896451e-05,-7.97916732772e-05,-2.49090836321e-05
-0.000205099023285,-0.000128063707902,7.70353153832e-05
-0.000284228971941,-0.00020519300086,7.9035971082e-05
-0.000217633895778,-0.000185515367265,3.21185285133e-05
-0.000347070505323,-0.000307494608927,3.9575896396e-05
-0.000214502822292,-0.000191572207678,2.29306146133e-05
-0.000129126487396,-0.000175160852469,-4.60343650731e-05
-0.000242437017802,-0.000243040259489,-6.0324168767e-07
-0.000200950582998,-0.000184469708305,1.64808746928e-05
-0.000225201812827,-0.000186802226152,3.83995866758e-05
-5.64819412072e-05,-7.47760777223e-05,-1.8294136515e-05
-0.000140349656284,-0.000108097215971,3.22524403124e-05
-0.000266260879835,-0.000159094457716,0.000107166422118
-0.000121181348088,-0.000135003492533,-1.38221444459e-05
-0.000310579263639,-0.000234420897113,7.61583665253e-05
-0.000178109389826,-0.00019026378137,-1.21543915439e-05
-0.000232605380462,-0.000170030176716,6.25752037464e-05
-0.000280177775158,-0.000218274057292,6.1903717866e-05
-0.000362414365003,-0.000240240111736,0.000122174253267
-0.000256343861333,-0.000208122087888,4.82217734442e-05
-0.000288224340888,-0.000198204151005,9.00201898834e-05
-0.000125990663265,-0.000155905658365,-2.99149951004e-05
-0.000323470192371,-0.000226832193903,9.66379984675e-05
-0.00016550315755,-0.000182301891464,-1.67987339133e-05
-0.000238713292162,-0.000221102349563,1.76109425988e-05
-0.000110522353425,-0.00011511903689,-4.59668346494e-06
-0.000318180692909,-0.000261612199213,5.65684936964e-05
-0.000270609791246,-0.000240817006229,2.97927850163e-05
-0.000362556223624,-0.000261686445,0.000100869778624
-0.000271786819015,-0.000176344566977,9.54422520386e-05
-0.000168595043014,-0.000157067495741,1.15275472728e-05
-0.000303255114022,-0.000279547667078,2.37074469442e-05
-0.000290742660643,-0.000173131639605,0.000117611021039
-0.000244797937445,-0.000200300470251,4.44974671939e-05
-9.323438346e-05,-0.000147234708906,-5.40003254455e-05
-0.000415177221501,-0.000319894518205,9.52827032957e-05
-0.000486282986828,-0.000428817836525,5.74651503032e-05
-0.000128621667687,-0.00016168816103,-3.30664933431e-05
-0.000222037939805,-0.000193204006604,2.88339332016e-05
-0.000128797019877,-0.000117650049197,1.11469706795e-05
-0.000316047349,-0.000283213420638,3.28339283618e-05
-0.000258547128229,-0.000193393634197,6.51534940316e-05
-0.000363324802728,-0.000275891619514,8.74331832131e-05
-0.000167879300366,-0.000198575754783,-3.06964544176e-05
-0.000166587035988,-0.000131297063401,3.52899725875e-05
-0.00032199460886,-0.000225040077036,9.69545318244e-05
-0.000388092443969,-0.000312985761162,7.51066828065e-05
-0.000330296159559,-0.000260723493036,6.95726665236e-05
-7.60525420501e-05,-8.21922895795e-05,-6.13974752943e-06
-0.000242885740883,-0.000180132911094,6.27528297891e-05
-0.000114650156283,-0.000185250647716,-7.06004914328e-05
-0.000289613878393,-0.000220771279222,6.88425991706e-05
2.12272500568e-05,-4.15633345645e-05,-6.27905846214e-05
-0.000234092159831,-0.000253018136598,-1.89259767672e-05
-8.58251641854e-05,-6.06999868748e-05,2.51251773106e-05
-0.000136369810856,-0.000233198292041,-9.68284811858e-05
-8.23512615271e-05,-0.000109512585458,-2.71613239305e-05
-0.000240322666295,-0.000191501469726,4.88211965693e-05
-0.000377097811717,-0.000247912834396,0.000129184977321
-0.000323013717802,-0.000262995898438,6.00178193634e-05
-8.93299360192e-05,-6.61497531195e-05,2.31801828997e-05
-0.000139668792602,-0.000170954087079,-3.12852944773e-05
-0.000111897674963,-0.000154386846805,-4.24891718428e-05
-0.000261814665548,-0.000260981722884,8.32942663472e-07
-0.000179272293588,-0.000140408485006,3.88638085823e-05
-0.000265228981058,-0.000244281609044,2.09473720146e-05
-0.000243964783095,-0.000205771276113,3.81935069812e-05
-0.000101793914694,-0.000107172636429,-5.37872173496e-06
-0.000236629634499,-0.000190446871668,4.61827628309e-05
-0.000281194598046,-0.000224308529582,5.68860684641e-05
-0.000273028875313,-0.0002250453932,4.79834821128e-05
-0.000304848019121,-0.000261280099334,4.35679197868e-05
-0.0003014357996,-0.000195852749016,0.000105583050583
-0.000294772397457,-0.000280542164248,1.42302332096e-05
-0.000206110863595,-0.000198456418038,7.65444555699e-06
-0.000173211833344,-0.00017343005183,-2.18218485416e-07
-0.00027782014859,-0.000241096281231,3.67238673588e-05
-0.00013938527344,-0.00010723696412,3.214830932e-05
-0.00038289441573,-0.00027257222435,0.000110322191379
-0.000268704551848,-0.000166126551814,0.000102578000034
-0.000266423915703,-0.000214921028494,5.15028872088e-05
-6.63196923929e-05,-0.000138661094914,-7.23414025209e-05
-0.000223432744275,-0.00019189148624,3.15412580349e-05
-0.000233529496022,-0.000262476666537,-2.89471705155e-05
-0.000196444540092,-0.000111551381876,8.48931582154e-05
-0.000270984180244,-0.000242982542968,2.80016372758e-05
-0.000150439196061,-0.000115083749479,3.53554465816e-05
-0.000314824618508,-0.000241551559208,7.32730593001e-05
-0.000281719018149,-0.000183944796338,9.77742218107e-05
-0.000233422140661,-0.000203789015909,2.96331247519e-05
-0.000168293580671,-0.00013067885478,3.76147258912e-05
-0.000224219144017,-0.000203065156769,2.11539872477e-05
-0.000355236840241,-0.000333552116578,2.1684723663e-05
-0.000155769417657,-0.000204630579921,-4.88611622646e-05
-0.000280335975379,-0.000254269772671,2.60662027088e-05
-0.000277145607417,-0.000287285944756,-1.01403373387e-05
-0.000243494116001,-0.000207475746713,3.60183692879e-05
-0.000196699271916,-0.00015247200874,4.42272631755e-05
-0.00025733220684,-0.000130016192116,0.000127316014725
4.93252644822e-05,-2.1150496327e-05,-7.04757608093e-05
-0.000215244210541,-0.000184349211403,3.08949991381e-05
-0.000138948577298,-0.000110336537429,2.86120398695e-05
-0.000227901335483,-0.000228903773699,-1.00243821592e-06
-0.000244761473178,-0.000240422257763,4.33921541516e-06
-0.000420811540295,-0.000278403134245,0.00014240840605
-0.000177098534142,-0.000208214434029,-3.11158998874e-05
-0.000246871883135,-0.000229446357535,1.74255255995e-05
-0.000157652296638,-0.000123343059569,3.43092370693e-05
-0.000232007590703,-0.000190748394277,4.12591964253e-05
-0.00025584122762,-0.000214062597009,4.17786306112e-05
-0.000324173194907,-0.000264954624026,5.9218570881e-05
-0.000249484414383,-0.000216379882609,3.31045317741e-05
-0.000353332249473,-0.000293744661718,5.95875877548e-05
-0.000325526101611,-0.000235462192037,9.00639095745e-05
-0.00024451317391,-0.000207291125163,3.72220487469e-05
-0.000242643471751,-0.000175658182453,6.69852892983e-05
-0.000226237661247,-0.000217968669562,8.26899168478e-06
-0.000149552405261,-0.000212702445109,-6.31500398478e-05
-0.00020796392006,-0.000212351898788,-4.38797872758e-06
-0.000247715974186,-0.000211537489178,3.61784850072e-05
-0.000215321531072,-0.000221209823961,-5.88829288961e-06
-0.000247891942016,-0.000199195439004,4.86965030121e-05
-0.000225689822416,-0.000195474860295,3.02149621212e-05
-0.000409732103999,-0.000307641223284,0.000102090880715
-0.000176091003545,-0.000114024787776,6.20662157698e-05
-0.00039030534442,-0.000301291931349,8.90134130706e-05
-0.000152504474592,-0.000136874493429,1.56299811631e-05
-0.000237683322354,-0.000277151125197,-3.94678028429e-05
-0.000196222238947,-0.000118198252215,7.80239867315e-05
-0.00027938174319,-0.000296673154553,-1.72914113629e-05
-0.000200172342614,-0.000100221436263,9.99509063509e-05
-0.000172591982691,-0.00015703108047,1.55609022201e-05
-0.000173951537115,-0.000203376426311,-2.94248891959e-05
-0.000190908374655,-0.000242663993031,-5.17556183767e-05
-0.000212951059814,-0.000247485785785,-3.45347259707e-05
-0.0002272295042,-0.000141528064951,8.5701439249e-05
-0.000110063989585,-6.43909046361e-05,4.56730849494e-05
-0.000368690736233,-0.000235308868492,0.000133381867741
-0.000243863041584,-0.000190043861009,5.38191805757e-05
-0.000160031176997,-0.000144832285412,1.5198891585e-05
-8.58863256345e-06,-6.80752300759e-05,-5.94865975125e-05
-0.000204116803375,-0.000132939372952,7.11774304225e-05
-0.00028488119764,-0.000274036193851,1.08450037893e-05
-0.000282197495777,-0.000295346603362,-1.31491075841e-05
-0.000347585625514,-0.000268939871754,7.86457537608e-05
-0.000145073426932,-0.000116544213682,2.85292132498e-05
-0.000332200818956,-0.000290812573576,4.13882453805e-05
-0.000204472416767,-0.000254032877955,-4.95604611881e-05
-0.000181834037249,-0.000125299464116,5.65345731324e-05
-0.000160084847538,-9.94019167432e-05,6.06829307945e-05
-0.000189956713624,-0.00019488453922,-4.92782559549e-06
-0.000230027889833,-0.000172665404993,5.73624848409e-05
-0.000141300717627,-0.000161466204178,-2.01654865512e-05
-8.65947024687e-05,-7.63885660139e-05,1.02061364547e-05
-0.00020431739247,-0.000230368069477,-2.6050677007e-05
-0.000260740802483,-0.000281114683299,-2.03738808162e-05
-0.000379954485702,-0.000291867320055,8.80871656466e-05
-0.000126175355052,-0.000158299928132,-3.21245730798e-05
-9.36950569823e-05,-0.00010489777349,-1.12027165079e-05
-0.00021917809389,-0.000186337910865,3.28401830255e-05
-0.000255073399643,-0.000162672576212,9.2400823431e-05
-0.000318792060567,-0.000319063937094,-2.71876526965e-07
-0.000174452119806,-0.000171314609387,3.1375104199e-06
-0.000183293124634,-0.000125958971032,5.73341536017e-05
-1.7784071402e-05,-0.000108319970524,-9.05358991217e-05
-8.39086106144e-05,-8.41954145821e-05,-2.86803967689e-07
-0.000148820311067,-0.00019100950796,-4.21891968933e-05
-0.000321273082171,-0.00024631386258,7.49592195908e-05
-0.000152335641802,-0.000155407912052,-3.07227025034e-06
-0.000127787572713,-0.000126624684397,1.16288831577e-06
-0.000219893904156,-0.00019928496956,2.06089345962e-05
-0.000181607692278,-0.000220437973643,-3.88302813646e-05
-7.7678079224e-05,-5.98342373254e-05,1.78438418986e-05
-0.000143805493299,-0.000181475258655,-3.76697653554e-05
-6.25289402917e-05,-0.000137454201356,-7.49252610644e-05
-0.000182070637412,-0.000174272406347,7.79823106479e-06
-0.000101696296212,-8.40044945694e-05,1.76918016424e-05
-0.000329122404839,-0.000220278159095,0.000108844245744
-0.000340508901038,-0.000289771021349,5.07378796885e-05
-0.000258578084169,-0.000212526061693,4.60520224756e-05
-0.000365744983846,-0.000308273911122,5.74710727239e-05
-0.000272858775627,-0.000316055720036,-4.31969444088e-05
-0.000266868699163,-0.000178252384554,8.86163146088e-05
-0.00029611192952,-0.000224733730157,7.13781993626e-05
-0.000332980934665,-0.000237136466775,9.58444678891e-05
-0.000211338017808,-0.000155682029112,5.56559886965e-05
-0.000104074297399,-9.15674480843e-05,1.25068493146e-05
-0.000362414006994,-0.000264469545143,9.79444618512e-05
-0.000446597515789,-0.000225125600819,0.00022147191497
-0.000288831847955,-0.000146382727528,0.000142449120427
-0.000258867739612,-0.000173120383725,8.57473558874e-05
-0.000233129947717,-0.00021307565416,2.00542935573e-05
-7.2317316081e-05,-8.86275441555e-05,-1.63102280745e-05
-0.000110812466457,-5.11304627735e-05,5.96820036834e-05
-0.00017829519647,-0.00024470577199,-6.641057552e-05
-0.000298980375791,-0.000245898894544,5.30814812469e-05
-6.15531735599e-05,-3.67200156266e-05,2.48331579333e-05
-0.00022024904478,-0.000207647934466,1.26011103138e-05
-2.36108543789e-05,-7.26001114272e-05,-4.89892570483e-05
-0.000218221286993,-0.000193112249144,2.51090378488e-05
-0.000230437550731,-0.000187250964203,4.31865865283e-05
-0.00013983216634,-0.000123004291279,1.68278750613e-05
-4.90878106557e-05,-2.91009128787e-05,1.9986897777e-05
-0.000275482775461,-0.000223565721438,5.19170540229e-05
-0.000247316748132,-0.000153921361682,9.33953864501e-05
-0.000220020075385,-0.000199605786827,2.04142885576e-05
-0.000132362471116,-0.000132389365065,-2.68939493015e-08
-4.59452894867e-05,-8.14306527291e-05,-3.54853632425e-05
-0.000327169944505,-0.000293741137358,3.34288071464e-05
-0.000309444568437,-0.00028193233436,2.75122340769e-05
-0.000396346941279,-0.000319687984884,7.66589563952e-05
-0.000292805305383,-0.000221266843178,7.15384622051e-05
-0.000251634451262,-0.000255976312657,-4.3418613951e-06
-0.000322127836409,-0.000237739885526,8.43879508827e-05
-0.000172171660836,-0.000155763506488,1.64081543478e-05
-0.000248103546181,-0.000222753545871,2.53500003097e-05
-3.05694343595e-05,-7.48355975594e-05,-4.42661631999e-05
-0.000127640596083,-0.000141738069594,-1.40974735114e-05
-0.000179851377008,-0.000151574456375,2.82769206338e-05
-0.000153962012205,-0.000188135510361,-3.41734981553e-05
-0.000139935223005,-0.000153283704876,-1.33484818712e-05
-0.000230941731464,-0.000170308491709,6.06332397549e-05
-0.000152883465119,-0.000158970958635,-6.0874935159e-06
-0.000189147678671,-0.000164218406868,2.49292718028e-05
-0.000301687965321,-0.000214999642426,8.66883228954e-05
-0.000265706244337,-0.000259107661253,6.59858308417e-06
-0.000277889608571,-0.000235166161773,4.27234467976e-05
-0.000311033879017,-0.000256786162116,5.42477169014e-05
-0.000297175663717,-0.000318897444709,-2.17217809923e-05
-0.000452159745355,-0.000276165308747,0.000175994436609
-0.000302891977819,-0.000221565845488,8.13261323314e-05
-0.000324922306814,-0.000203754405032,0.000121167901782
-0.000267403906004,-0.000211177015194,5.62268908104e-05
-0.000276404088169,-0.000213094766612,6.33093215569e-05
-0.000152291852578,-5.8907143775e-05,9.33847088026e-05
-0.000175580662701,-0.000112547907398,6.30327553037e-05
-0.000281069335962,-0.000238628087616,4.24412483454e-05
-0.00040728978184,-0.000309595290654,9.76944911862e-05
-0.000138436068928,-9.69217349144e-05,4.1514334014e-05
-0.000232537613685,-0.000162055909577,7.0481704108e-05
-0.000321746261721,-0.000313937029426,7.80923229451e-06
-0.000120744505052,-0.000136856319167,-1.61118141158e-05
-0.00012951825029,-8.55692370996e-05,4.39490131899e-05
-0.000198285516815,-0.000113235845432,8.50496713839e-05
-0.000361441083158,-0.000229256310774,0.000132184772384
-0.000211821917456,-0.000165005346909,4.68165705467e-05
-0.000156282319292,-0.000205781115893,-4.94987966009e-05
-7.35034240623e-05,-9.37429025637e-05,-2.02394785014e-05
-0.000277024361063,-0.00015616030877,0.000120864052292
-0.00020436422363,-0.000217466505214,-1.31022815846e-05
-0.000332736163922,-0.000290844478163,4.18916857591e-05
-0.000416589537742,-0.000351895931044,6.46936066983e-05
-0.000187330685158,-0.000201863168921,-1.45324837629e-05
-0.000264532538308,-0.000193866594631,7.0665943677e-05
-0.000174759865988,-0.000113812242053,6.09476239356e-05
-0.000245648524087,-0.000206207217084,3.94413070031e-05
-0.000188820127503,-0.000194615792076,-5.79566457287e-06
-0.000316227146348,-0.000404134654933,-8.79075085854e-05
-0.000209830816606,-0.00013279401616,7.70368004455e-05
-0.000252684436509,-0.000224420201146,2.82642353634e-05
-0.000234795446748,-0.000203040698808,3.17547479405e-05
-0.000194373289285,-0.000187090818131,7.28247115398e-06
3.77337106577e-05,3.44528131755e-05,-3.2808974822e-06
-0.000224224201755,-0.00016834038034,5.58838214149e-05
-0.000177429305017,-0.000201029863015,-2.36005579974e-05
-0.00040586705436,-0.000246014394361,0.000159852659999
-0.000331698582459,-0.000320224676342,1.14739061168e-05
-0.000397929687121,-0.000263538481585,0.000134391205536
-0.000270819610277,-0.000227598810901,4.32207993759e-05
-0.000294259209026,-0.000179632808436,0.00011462640059
-0.000121016514014,-8.14227805146e-05,3.9593733499e-05
-0.000282054514719,-0.000153919575162,0.000128134939557
-0.000294242257588,-0.000231660658159,6.25815994294e-05
-0.000395027402242,-0.000339290677545,5.57367246967e-05
-8.58087489856e-05,-9.82283016113e-05,-1.24195526256e-05
-0.000250443956377,-0.000194155030367,5.62889260099e-05
-3.06853677998e-05,-6.46903120212e-05,-3.40049442213e-05
-0.000327051419686,-0.000264942142706,6.21092769799e-05
-0.000246975503522,-0.000236452919565,1.05225839574e-05
-0.000168738770481,-0.00015667634654,1.20624239413e-05
-0.000167818312074,-0.000128623614775,3.91946972986e-05
-7.80592072619e-05,-0.00010939310088,-3.13338936176e-05
-0.00031781300636,-0.000298224711884,1.95882944759e-05
-0.000246821248797,-0.000201205612339,4.56156364579e-05
-0.000347236464622,-0.000268593349325,7.8643115297e-05
-0.000323425236,-0.000250951051162,7.24741848381e-05
-9.14559407812e-05,-0.000109370968774,-1.79150279932e-05
-0.000302353959624,-0.000301867870188,4.86089435174e-07
-0.00018591957462,-0.00018522811854,6.91456080076e-07
-0.000380947798797,-0.000250302543672,0.000130645255125
-0.00028879290057,-0.00016570309654,0.00012308980403
-0.000242975517413,-0.000204832172009,3.81433454035e-05
-0.000342477601014,-0.000294506794673,4.79708063401e-05
-7.58165207401e-05,-7.52977473655e-05,5.18773374614e-07
-0.000241345793761,-0.000233104535379,8.24125838188e-06
-0.000183199706266,-0.000191824342,-8.6246357337e-06
-3.76269232672e-05,-0.000115669485773,-7.80425625056e-05
-0.000194984193557,-0.000194077508816,9.06684741194e-07
-0.000323282841147,-0.000332131373068,-8.84853192114e-06
-0.000166642427628,-0.000147579321579,1.90631060493e-05
-0.000264753999485,-0.000202097579091,6.26564203946e-05
-0.000109687232983,-2.89632123072e-05,8.07240206758e-05
-0.000254880642312,-0.000173469957533,8.14106847796e-05
-0.000292155154748,-0.000225939422161,6.62157325866e-05
-0.000269188032885,-0.000205966570236,6.32214626494e-05
-0.000198292598851,-0.000172480433398,2.58121654537e-05
-0.000326324918679,-0.000299139668937,2.71852497419e-05
-0.000254498205118,-0.000229635252973,2.48629521448e-05
-0.00031045039824,-0.000307492745415,2.95765282476e-06
-0.000258041121897,-0.000243102413316,1.49387085811e-05
-0.000311564922044,-0.000182447842683,0.000129117079361
-6.84858936642e-05,-3.5089838817e-05,3.33960548472e-05
-0.000218362995985,-0.000194362499368,2.40004966167e-05
-0.00024193379512,-0.000230799602565,1.11341925552e-05
-0.000329875508456,-0.000228619268381,0.000101256240075
-0.000109692994224,-9.81657877617e-05,1.15272064626e-05
-0.000205657603905,-0.000125831454334,7.98261495704e-05
-0.000582837589579,-0.000433205547758,0.00014963204182
-0.000273606327802,-0.000229308141491,4.42981863101e-05
-0.000472978442552,-0.000370356611804,0.000102621830749
-0.000224143166676,-0.000223312923992,8.30242683906e-07
-8.90500665607e-05,-9.0946038367e-05,-1.8959718063e-06
-0.000314752855945,-0.000241907733288,7.28451226572e-05
-6.73898146897e-05,-8.56764506835e-05,-1.82866359938e-05
-0.000325575003823,-0.000292758619599,3.28163842246e-05
-3.82509591984e-05,-7.51680392317e-05,-3.69170800333e-05
-0.000342165824403,-0.000237654456214,0.000104511368188
-0.000221398489736,-0.000171436034445,4.99624552911e-05
-0.000148012368702,-0.000187043300008,-3.9030931306e-05
-0.000237254193519,-0.000199675685129,3.75785083893e-05
-0.000311211918213,-0.000286650340722,2.45615774917e-05
-0.000257609991554,-0.000202207918004,5.54020735505e-05
1.91528396464e-05,-5.2047747754e-05,-7.12005874004e-05
-0.000311191293288,-0.000223873916918,8.73173763705e-05
-0.000150800257854,-0.000142861942026,7.93831582724e-06
-0.000262513759462,-0.00022073899602,4.17747634414e-05
-0.000123589504374,-0.000163347987044,-3.97584826703e-05
-0.000343920448526,-0.000190253904426,0.0001536665441
-0.000300635311944,-0.000358375844988,-5.77405330445e-05
-0.00041492020098,-0.000328766826464,8.61533745165e-05
-0.000170142609163,-0.000110220564404,5.99220447597e-05
-0.000373167991967,-0.000311808164309,6.13598276583e-05
-8.14633760805e-05,-8.08759630425e-05,5.87413038014e-07
-0.000199987172229,-0.000143527730162,5.64594420671e-05
-0.000390109839923,-0.000279394309563,0.00011071553036
-0.000315674765642,-0.000215379335773,0.000100295429869
-0.00016474388214,-0.000127224648326,3.75192338136e-05
-0.000207963782224,-0.000225624965417,-1.76611831923e-05
-0.000124044174135,-0.000128668648252,-4.62447411696e-06
-0.000138317847531,-0.000159438995571,-2.11211480394e-05
-0.000114881160003,-0.000198898424676,-8.40172646732e-05
-0.000336741995044,-0.000231778727734,0.00010496326731
-0.000370877887079,-0.000225926813771,0.000144951073309
-0.000300165914381,-0.00019457111395,0.000105594800431
-0.000323777713157,-0.000231420799657,9.23569134994e-05
-0.000130498178184,-0.000142211397151,-1.1713218967e-05
-0.000266032569425,-0.000298390896383,-3.23583269579e-05
-0.000271296323368,-0.000149795831365,0.000121500492003
-0.000186366236178,-0.000161008983463,2.53572527146e-05
-0.000187976182479,-0.000162347705834,2.56284766449e-05
-0.000465910921125,-0.000334991698819,0.000130919222307
-0.000175228455855,-0.000187475861902,-1.22474060479e-05
-0.00035119842631,-0.000179664432372,0.000171533993938
-0.000268744322727,-0.000175289545026,9.34547777011e-05
-0.000201223353772,-0.000161704006114,3.95193476575e-05
-0.000105205143516,-9.55383848253e-05,9.66675869024e-06
-0.000326812070018,-0.000206724951806,0.000120087118211
-0.000204412595038,-0.000151317186292,5.3095408746e-05
-7.36120621037e-05,-6.72317881532e-05,6.38027395047e-06
-0.000202389028692,-0.000183745282497,1.86437461948e-05
-0.000227935510502,-0.000200310953772,2.76245567302e-05
-0.000255595334094,-0.000239744410499,1.58509235951e-05
-0.000287959877918,-0.000211713895428,7.62459824898e-05
-0.000324614453343,-0.000269925551621,5.46889017216e-05
-0.000320091441459,-0.000244294240853,7.5797200606e-05
-0.00032467110406,-0.000292231205656,3.24398984042e-05
-0.000163776701984,-0.000174706431877,-1.09297298937e-05
-0.000234899721782,-0.000201854816834,3.30449049473e-05
-0.000211632581857,-0.000233534582009,-2.19020001526e-05
-0.000297853878803,-0.000353129662444,-5.52757836409e-05
-0.000275437615703,-0.000224743314721,5.06943009821e-05
-0.00026196307706,-0.000188578074862,7.33850021976e-05
-0.000301759100662,-0.000271015348066,3.07437525961e-05
-0.000282555014181,-0.000205502583722,7.70524304591e-05
-0.000151418171299,-0.000172162365807,-2.07441945082e-05
-0.000362493482509,-0.000255159378996,0.000107334103513
-0.00014394416485,-0.000116927637903,2.70165269469e-05
-0.000305121192439,-0.000227730678165,7.73905142744e-05
-5.50394858222e-07,-1.15892756373e-05,-1.10388807791e-05
-0.000284125775447,-0.00023287423378,5.12515416667e-05
-0.00016587459693,-0.000208543808135,-4.26692112055e-05
-0.000174857827162,-0.000145787364463,2.90704626985e-05
-0.000165854751973,-0.000128457850967,3.73969010061e-05
-0.000106335181223,-9.51580727725e-05,1.11771084509e-05
-0.000184137084766,-0.000216950584987,-3.28135002208e-05
-6.78741800825e-05,-0.00010132096422,-3.34467841378e-05
-8.90474689013e-05,-9.23472775047e-05,-3.29980860342e-06
-0.00034173014942,-0.000272350617799,6.93795316209e-05
-0.000278596776355,-0.00021986443155,5.87323448045e-05
3.30452964372e-06,-9.5485653146e-06,-1.28530949583e-05
-0.000148454968313,-0.000178660502336,-3.02055340228e-05
-0.000264939357248,-0.000230806956428,3.41324008199e-05
-0.000221973953236,-0.000271624122875,-4.96501696385e-05
-0.000145154740387,-0.000173516485631,-2.83617452447e-05
-0.000128865925654,-5.83587594012e-05,7.05071662526e-05
-0.000149533216149,-0.00015620904227,-6.67582612056e-06
-1.7705425583e-05,-8.21983845351e-05,-6.44929589521e-05
-0.000236442140399,-0.000202044904669,3.43972357299e-05
-0.000126004848861,-0.000184281130157,-5.82762812956e-05
-0.00027194356419,-0.000237330670515,3.46128936749e-05
-0.000431154754112,-0.000302903265407,0.000128251488705
-0.00031533619692,-0.000256822521248,5.85136756724e-05
-9.30516353717e-05,-0.000108942333844,-1.58906984722e-05
-7.49615751252e-05,-9.63111963242e-05,-2.1349621199e-05
-0.000252393468963,-0.000279853692086,-2.74602231225e-05
-0.00028020608905,-0.00016981110302,0.00011039498603
-0.000414055828876,-0.000275944418619,0.000138111410257
-0.000239981337968,-0.000176849257357,6.31320806108e-05
-0.000242084958271,-0.0002299265504,1.21584078704e-05
-0.000216631638206,-0.000160779084304,5.58525539018e-05
1.14719127003e-05,-7.41196583287e-06,-1.88838785332e-05
-0.000303895522529,-0.000296418312163,7.47721036603e-06
-0.000280767375223,-0.000259114488929,2.16528862938e-05
-0.00039801815887,-0.000303895222926,9.41229359441e-05
4.98594990145e-05,-1.97338910911e-05,-6.95933901056e-05
-0.000325402361233,-0.000311807543996,1.3594817237e-05
-0.000245985906247,-0.000151908375671,9.40775305755e-05
-0.000196593152576,-0.000230827228412,-3.42340758356e-05
-0.000385754315935,-0.000338118412245,4.76359036898e-05
-0.000255997033055,-0.000249432365438,6.56466761692e-06
-0.000140518614539,-0.000103210912745,3.73077017934e-05
-9.99234481785e-05,-0.00013521529282,-3.52918446415e-05
-0.000399476501359,-0.000309575098689,8.99014026692e-05
-5.98465039204e-05,-8.8103156911e-05,-2.82566529905e-05
-0.000249776674521,-0.000209433304451,4.03433700699e-05
-0.000176768828703,-0.00020216885409,-2.54000253872e-05
-0.000264328725118,-0.000296702598248,-3.23738731298e-05
-0.000250216541254,-0.0002269264871,2.32900541534e-05
-0.000146654037096,-0.000210946873904,-6.42928368075e-05
-0.00010689991349,-6.88708849137e-05,3.80290285761e-05
-0.00016805326604,-0.000144353900764,2.3699365276e-05
-0.00023636400502,-0.000202055060984,3.43089440364e-05
-0.000201615403382,-0.000150811574222,5.08038291598e-05
-0.000245931963229,-0.000198067426978,4.78645362517e-05
-0.000323938767583,-0.000271531489688,5.24072778949e-05
-9.25812952849e-05,-0.000133175727388,-4.05944321027e-05
-0.000147573576383,-0.000162568971911,-1.49953955272e-05
-0.000367953895739,-0.00023799654654,0.000129957349199
-0.00029718395971,-0.000240444817469,5.67391422406e-05
-7.11295812253e-05,-0.000104686077576,-3.35564963508e-05
-0.000215454989187,-0.000163798706387,5.16562827996e-05
-0.00020196663498,-0.000143756984732,5.82096502481e-05
-0.000323125104145,-0.000334561449954,-1.14363458093e-05
-0.000270911038316,-0.000227548794604,4.33622437118e-05
-0.000347733046279,-0.000221400299734,0.000126332746545
-0.00014839980831,-0.000139681303679,8.71850463116e-06
-0.000355945385565,-0.000356523130889,-5.77745324114e-07
-0.000190554071663,-0.00019191697447,-1.36290280772e-06
-9.92710706173e-05,-0.000131782185782,-3.25111151649e-05
-0.000233574641891,-0.000192945960268,4.06286816236e-05
-0.000320634598602,-0.000157915655604,0.000162718942997
-0.000269436330071,-0.000232342188261,3.70941418102e-05
-0.000140664305979,-8.94939462467e-05,5.11703597323e-05
-0.000353298353071,-0.000292725705469,6.05726476021e-05
-0.000244663541208,-0.000287797530333,-4.31339891255e-05
-8.48173974412e-05,-0.00015105784016,-6.62404427184e-05
-0.000171772095065,-8.74921893837e-05,8.42799056813e-05
-0.000219571208696,-0.000191689296326,2.78819123701e-05
-0.000273955438988,-0.000266478140212,7.47729877539e-06
-0.000170007848195,-0.00019063131819,-2.06234699947e-05
-0.000162295734114,-0.000169440440666,-7.14470655219e-06
-0.000308096629052,-0.000255689018346,5.24076107058e-05
-0.000130582978712,-0.000134016317459,-3.43333874716e-06
-8.08965748287e-05,-0.000116540437697,-3.5643862868e-05
-0.000161391510459,-0.000137465818179,2.39256922804e-05
-0.000207367628328,-0.000171828548559,3.55390797696e-05
-0.000278067807686,-0.00026407875463,1.39890530567e-05
-0.000324363046106,-0.000240773386411,8.35896596946e-05
-2.90155871015e-05,-4.08919455215e-05,-1.187635842e-05
-0.000197655652605,-0.000194455305339,3.20034726587e-06
-0.000236038307723,-0.000242053667328,-6.0153596047e-06
-4.20396360735e-05,-5.71981919791e-05,-1.51585559056e-05
-0.000323055000139,-0.000237509412073,8.55455880663e-05
-0.000241025952422,-0.000212976202916,2.80497495062e-05
-9.62230147304e-05,-1.61120278695e-05,8.01109868608e-05
-0.000331107342571,-0.000263273624565,6.78337180053e-05
-0.000235173596172,-0.000219339722478,1.58338736942e-05
-0.000168113654246,-0.000151559467291,1.65541869553e-05
-9.3882977155e-05,-0.000102426664797,-8.54368764168e-06
-9.55637115246e-05,-0.000225989993658,-0.000130426282133
-0.000342991516578,-0.000210298112712,0.000132693403867
-0.000268414506453,-0.000249781149559,1.86333568942e-05
3.61373496645e-05,-7.76999317197e-06,-4.39073428364e-05
-8.32868991226e-05,-7.81514353849e-05,5.13546373769e-06
-0.000146214969969,-0.000105647059767,4.05679102021e-05
-0.000194069886236,-0.000147090639213,4.69792470229e-05
-0.000425983181068,-0.000330609018039,9.53741630294e-05
-9.93871177473e-05,-0.000190612033583,-9.12249158354e-05
-0.000204903349718,-0.000153027534579,5.18758151393e-05
-8.23518969563e-05,-0.000140158342931,-5.7806445975e-05
-0.000229219744918,-0.000135350756801,9.38689881166e-05
-0.000280482297912,-0.000215231379839,6.52509180731e-05
-0.000229049665295,-0.000183268480876,4.57811844191e-05
-0.000275235337428,-0.000254374706778,2.08606306503e-05
-0.000317638039393,-0.0002860793981,3.15586412924e-05
-0.000335855657132,-0.000206180463166,0.000129675193965
-0.000168551172176,-8.66338010057e-05,8.19173711702e-05
-0.00030099879138,-0.000253675788443,4.7323002936e-05
-0.000366468878667,-0.00024267071336,0.000123798165306
-0.000401491293674,-0.000296270667147,0.000105220626526
-0.000151282704418,-0.000100501999925,5.07807044929e-05
-0.000146885890905,-0.000145638844352,1.24704655284e-06
-0.000215487842641,-0.000192193267728,2.32945749132e-05
-0.00027010567521,-0.00017088506816,9.92206070495e-05
-0.000119734449437,-9.92739218353e-05,2.04605276018e-05
-0.000236577360076,-0.0002210398854,1.55374746755e-05
-0.000308120474442,-0.000320063565683,-1.19430912409e-05
-0.000252359044065,-0.000182164093739,7.01949503262e-05
-0.000232565170874,-0.000184526960986,4.80382098878e-05
-0.000493338184807,-0.000318984809196,0.00017435337561
-0.000464609698794,-0.000307838226698,0.000156771472096
-0.00013710696544,-6.84814325801e-05,6.86255328602e-05
-0.000287904775641,-0.000226938343712,6.09664319285e-05
-0.000248784912555,-0.000207207108724,4.15778038311e-05
-0.000245519234476,-0.00025520818479,-9.68895031343e-06
-0.000290072346426,-0.000194253568515,9.58187779107e-05
-0.000124828338294,-0.000149301149733,-2.44728114386e-05
-0.000210547862069,-0.000178626064413,3.1921797656e-05
-2.54166736143e-05,-5.36699037456e-05,-2.82532301313e-05
-0.000134878408919,-0.000136760336606,-1.88192768765e-06
-0.000274531443261,-0.000217873396183,5.66580470785e-05
-0.000205497761216,-0.000203022619034,2.47514218224e-06
-9.16876380596e-05,-0.000100464471064,-8.77683300459e-06
-0.000141878885478,-4.87506021242e-05,9.31282833537e-05
-0.000129854462618,-0.000167555364088,-3.77009014703e-05
-0.000210343695241,-0.000125547152558,8.47965426825e-05
-0.000177307115095,-0.000102586424689,7.47206904061e-05
-0.000171908461368,-0.000169021935948,2.88652541951e-06
-0.000363868667779,-0.000353393242255,1.0475425524e-05
-0.000298590621358,-0.000288305827093,1.02847942652e-05
-0.00030669988156,-0.000270300017091,3.63998644684e-05
-3.16822925743e-05,-0.000161061419946,-0.000129379127372
-0.00017340387294,-0.000226731807811,-5.33279348712e-05
-0.000207588840075,-0.00021873979599,-1.11509559147e-05
-0.000174784032048,-0.000195741638955,-2.09576069067e-05
-0.000275620383849,-0.000203773198457,7.18471853919e-05
-0.000210231114121,-0.00015740888262,5.28222315012e-05
-0.000318965122586,-0.00021519296542,0.000103772157166
-0.000346564501098,-0.00029413895562,5.24255454781e-05
-0.000196714182491,-0.000247766727483,-5.10525449921e-05
-0.000202515220568,-0.000190219312987,1.22959075812e-05
-0.000252273725607,-0.000245006156682,7.26756892469e-06
-8.17458774666e-05,-7.52946947639e-05,6.45118270277e-06
-0.000185647071112,-0.000217352874439,-3.17058033267e-05
-0.000115191911979,-0.000147418094113,-3.22261821338e-05
-0.00013352559174,-0.000124132084672,9.39350706765e-06
-0.000310924030753,-0.000323312120512,-1.23880897586e-05
-9.63247251728e-05,-6.38582219301e-05,3.24665032427e-05
-0.000259483217547,-0.000277255663788,-1.77724462411e-05
-0.000174567906705,-0.000228819590428,-5.4251683723e-05
-0.000243745395159,-0.00017870440839,6.50409867692e-05
-0.000263706442645,-0.000263424227865,2.82214779969e-07
-0.000235655200742,-0.000226278412598,9.37678814316e-06
-0.00028873301691,-0.00019470798245,9.40250344607e-05
-0.000244514410953,-0.000220125950699,2.4388460254e-05
-0.000382205638855,-0.000238142258736,0.000144063380119
-0.000273548334077,-0.000223353816089,5.01945179875e-05
-0.000113022761382,-0.000153196216498,-4.01734551154e-05
-0.000298502782489,-0.000250502803524,4.79999789656e-05
-8.82507118081e-05,-0.000146813733982,-5.85630221743e-05
-0.000202138467691,-0.000197908890017,4.22957767429e-06
-0.000332066976065,-0.000230270046668,0.000101796929397
-0.000175092683002,-0.000161681198489,1.34114845137e-05
-0.000256574784199,-0.000275373895603,-1.87991114041e-05
-2.97355490483e-05,-3.63825021316e-05,-6.64695308335e-06
-0.000315422138285,-0.000283452007398,3.19701308872e-05
-0.000166393475016,-0.000147085860925,1.93076140909e-05
-0.000193265129571,-0.000163910981399,2.93541481713e-05
-0.000114433170276,-9.74255235496e-05,1.70076467264e-05
-0.000168508765968,-0.00018675326291,-1.8244496942e-05
-0.000107405109774,-6.08649269565e-05,4.65401828174e-05
-0.000219384723263,-0.000158333276944,6.10514463197e-05
-0.000186911802877,-0.000141651472947,4.52603299307e-05
-0.000292800676941,-0.000310779131038,-1.79784540968e-05
-0.000116899802702,-5.72708099675e-05,5.96289927347e-05
-0.000323003213682,-0.000240754846362,8.22483673199e-05
-0.000325082940114,-0.000256059502348,6.90234377656e-05
-0.000339328006992,-0.000252707390498,8.66206164938e-05
-6.49274590372e-05,-0.000116592974368,-5.16655153307e-05
-0.000132860268781,-8.26766784309e-05,5.01835903502e-05
-4.16370492793e-05,-4.97880532661e-05,-8.15100398677e-06
-0.000297496680505,-0.000221626803628,7.58698768777e-05
-0.000218784918639,-0.000213674874408,5.11004423103e-06
-0.000304869303078,-0.000212739186027,9.2130117051e-05
-0.000399055742835,-0.000370438831269,2.86169115665e-05
-0.000340602121839,-0.000312319416412,2.8282705427e-05
-0.000396639683499,-0.000280500012949,0.00011613967055
-0.000129139928149,-0.000119689503972,9.45042417684e-06
-0.0003112481931,-0.000286559041825,2.46891512747e-05
-0.000140507273133,-0.000261370092451,-0.000120862819318
-0.000404430010113,-0.000338321817932,6.61081921811e-05
-0.000311875680753,-0.000286509629993,2.53660507591e-05
-0.000238396915596,-0.00016789432085,7.05025947458e-05
-0.000177634763553,-0.000168141157655,9.49360589823e-06
-0.000414490707464,-0.000307743470662,0.000106747236803
-0.000210086136206,-0.000195244056184,1.48420800214e-05
-0.000144954332152,-0.000162746929065,-1.77925969133e-05
-0.000221154299876,-0.000163142146392,5.80121534837e-05
-0.000214270757692,-0.000118137911728,9.61328459636e-05
-0.000194340798625,-0.00017230508739,2.2035711235e-05
-0.000188915376464,-0.00010240551012,8.65098663437e-05
-0.000232310437,-0.000145246018269,8.70644187311e-05
-0.000317685255655,-0.000315496596019,2.18865963603e-06
-0.000235190773384,-0.000198337018355,3.68537550296e-05
-0.000211016318157,-0.000208169864079,2.84645407865e-06
-9.92750484613e-05,-9.0333513027e-05,8.94153543429e-06
-0.000299583894313,-0.000259665717321,3.99181769921e-05
-0.000184801458051,-0.000185739113273,-9.37655222161e-07
-0.000299704936643,-0.000257654774072,4.20501625718e-05
-0.000201398358128,-0.000240410317373,-3.90119592448e-05
-0.000266823888576,-0.000187134976508,7.96889120675e-05
-0.000345113421153,-0.000269840596905,7.52728242485e-05
-0.000159952403841,-9.04150187262e-05,6.9537385115e-05
-0.000193265055604,-0.000196784968379,-3.51991277543e-06
-0.000399977872304,-0.000404474378382,-4.49650607789e-06
-0.000258052058435,-0.000216448904328,4.16031541066e-05
-0.000285098667879,-0.000166085649002,0.000119013018876
-0.000143396953393,-0.00014639808562,-3.0011322267e-06
-0.000191106629178,-0.000120419482478,7.06871467002e-05
-0.000323538107291,-0.000232684162035,9.08539452562e-05
-0.000292733088253,-0.000242150133087,5.05829551659e-05
-0.000272690058195,-0.00020007950171,7.26105564844e-05
-0.000219944393428,-0.000155754948255,6.41894451729e-05
-0.000303922906961,-0.000168392175617,0.000135530731344
-0.000185037942122,-0.000174994749892,1.00431922304e-05
-0.000292135048929,-0.00019097250674,0.000101162542189
-0.000244543536342,-0.000232976485219,1.15670511224e-05
-0.000167741537471,-0.000177515811452,-9.77427398125e-06
-0.000386745954785,-0.000289291948142,9.74540066427e-05
-0.000118647532523,-0.000139050239023,-2.04027064996e-05
-0.000224753318677,-0.000160039001372,6.47143173051e-05
-0.000202166159412,-0.000165498759491,3.66673999211e-05
-0.000409412603615,-0.00033062513876,7.8787464855e-05
-0.000169300699848,-0.000167113259819,2.18744002945e-06
-0.000242058817665,-0.000247844357814,-5.78554014891e-06
-0.000253737902048,-0.000155606906847,9.81309952014e-05
-0.000229026252209,-0.000231528690599,-2.50243838983e-06
-0.000232620218759,-0.000218259218609,1.43610001499e-05
-0.000234849550474,-0.000210880799992,2.39687504813e-05
-0.00015101723771,-0.000185275279184,-3.42580414733e-05
-8.17431659707e-05,-3.83574992353e-05,4.33856667354e-05
-0.000251725382436,-0.000170748569829,8.09768126076e-05
-0.000301365198502,-0.000304037319327,-2.67212082545e-06
-0.000148209832702,-0.000133436808178,1.47730245237e-05
-0.000476802730081,-0.000363176033044,0.000113626697037
-0.000211311678507,-0.000182318818844,2.89928596624e-05
-0.000283472397882,-0.000268338704377,1.51336935055e-05
-0.000266566820348,-0.000244916679346,2.16501410016e-05
-0.00023575835866,-0.0002685693659,-3.28110072399e-05
-0.000166064127649,-0.000183427166403,-1.73630387537e-05
-0.00024328030182,-0.000202160408053,4.11198937667e-05
-0.000273242076134,-0.000233083290281,4.01587858524e-05
-0.000115855200858,-7.45064051704e-05,4.13487956877e-05
-0.000314686121169,-0.000241145501108,7.35406200608e-05
-0.000271042854088,-0.000271342948221,-3.00094132695e-07
-0.000249633639748,-0.00023132441438,1.83092253678e-05
-0.000172650801212,-0.000218830653453,-4.61798522404e-05
-0.000207210440175,-0.000185743771081,2.14666690942e-05
-0.000103735117451,-0.000103162779956,5.72337494877e-07
-0.00020189033763,-0.00010430580835,9.75845292804e-05
-0.000286463454621,-0.000272024597802,1.44388568186e-05
-0.00026588648577,-0.000192594488867,7.32919969032e-05
-0.000392656275215,-0.00032252002365,7.0136251565e-05
-0.000334500712638,-0.00027832154057,5.61791720677e-05
-0.000301816201316,-0.000259802284946,4.20139163699e-05
-0.000185801995361,-0.000198980998189,-1.31790028278e-05
-0.000291221611607,-0.000257382334603,3.38392770045e-05
-0.00022020416602,-0.000228531273788,-8.32710776824e-06
-0.000105822311456,-0.000140609161271,-3.47868498151e-05
-2.55122965933e-05,-8.38922339604e-05,-5.83799373671e-05
-0.000267241074129,-0.000227210675433,4.00303986955e-05
-0.000290325074097,-0.000207313758613,8.30113154842e-05
-0.000368255137476,-0.000177025261871,0.000191229875605
-0.000299463175138,-0.000289282283766,1.01808913721e-05
-0.00014355658043,-8.59185621181e-05,5.76380183114e-05
-0.000217179556812,-0.000167177511922,5.00020448899e-05
-0.000182617237277,-0.000187859250018,-5.24201274086e-06
-0.000100247996152,-0.000136769905299,-3.65219091467e-05
-0.000207809679118,-0.000166829571176,4.09801079422e-05
-0.000334315339565,-0.000278956181596,5.53591579686e-05
-0.000201634549447,-0.00018392042073,1.77141287171e-05
-0.000448352848895,-0.000400211434582,4.81414143134e-05
-0.000167635318672,-0.000119415576905,4.82197417668e-05
-0.000184666837424,-0.000110125931525,7.45409058995e-05
-0.000358614730192,-0.000284300334491,7.43143957006e-05
-0.000296176093529,-0.000210364049553,8.58120439764e-05
-0.00026702971778,-0.000218169184471,4.88605333096e-05
-0.000238523694638,-0.000246291065449,-7.76737081114e-06
-3.65770286345e-05,-8.91772024534e-05,-5.26001738188e-05
-0.000317982297054,-0.000289504618314,2.847767874e-05
-8.78469914896e-05,-0.000102185910981,-1.43389194917e-05
-8.77844315266e-05,-9.95448425991e-05,-1.17604110725e-05
-0.000157643572207,-0.000135714573012,2.19289991952e-05
-0.000238583405082,-0.000122350799598,0.000116232605484
-0.000233079484916,-0.000172751439475,6.03280454416e-05
-0.000165673814861,-0.000117315145427,4.83586694334e-05
-0.00034919417864,-0.000233287313932,0.000115906864708
-8.25790518944e-06,-7.4550669742e-05,-6.62927645525e-05
-0.000296178341299,-0.000261668047967,3.4510293332e-05
-0.000239767463043,-0.000189013345997,5.0754117046e-05
-0.000191763188366,-0.000133208646844,5.8554541522e-05
-0.00020079512092,-0.000199271081996,1.52403892434e-06
-6.48809364792e-05,-3.67244065583e-05,2.81565299209e-05
-0.000324800649382,-0.000249983602689,7.48170466927e-05
-0.000247961746295,-0.000221540206295,2.64215399998e-05
-0.000351667198993,-0.000250810423127,0.000100856775866
4.28187933105e-05,2.19009952225e-05,-2.09177980881e-05
-0.000226799281006,-0.000142042826442,8.47564545643e-05
-0.000214335728207,-0.000189690471749,2.46452564574e-05
-0.000235926941648,-0.000186111683563,4.98152580855e-05
-0.000366715073344,-0.000275367891569,9.13471817746e-05
-0.000134490376606,-9.91642454578e-05,3.53261311479e-05
-0.000240902806091,-0.000239046113146,1.8566929454e-06
-8.66715814279e-05,-3.75382044986e-05,4.91333769293e-05
-0.000213149284377,-0.0002061480914,7.00119297672e-06
-0.00023341384988,-0.000172813664997,6.06001848827e-05
-0.00024987214953,-0.000250323222298,-4.51072768471e-07
-0.000239398403078,-0.000225940790292,1.34576127863e-05
-0.000234955387659,-0.000169499324319,6.54560633403e-05
-3.39876886423e-06,3.67144310979e-05,4.01131999621e-05
-0.000132950464079,-0.000178065867488,-4.51154034095e-05
-0.000130290672175,-7.7543481342e-05,5.27471908331e-05
-0.000197511729309,-0.000142805135073,5.47065942355e-05
-0.000185397973227,-0.000166884006589,1.8513966638e-05
-0.000101274615066,-0.000114346687999,-1.30720729323e-05
-0.000197129340084,-0.000171077780259,2.60515598246e-05
-8.28870341497e-05,-9.38377639127e-05,-1.09507297631e-05
-0.000193603080779,-0.000159478603814,3.4124476965e-05
-0.000160019070592,-0.000165222383596,-5.20331300362e-06
-0.000262557922096,-0.000252519377528,1.00385445678e-05
-0.000259226207961,-0.000217433437237,4.17927707245e-05
-0.000209219815655,-0.000138278145396,7.09416702588e-05
-2.95756362306e-05,-8.28093763047e-05,-5.32337400741e-05
-0.000156118751122,-6.81998910461e-05,8.79188600759e-05
-0.000275726444426,-0.000197046625212,7.86798192139e-05
-0.000388996363484,-0.000244717223513,0.000144279139971
-0.000229936530996,-0.000207487838524,2.24486924725e-05
-0.000253718862434,-0.000233133134269,2.05857281652e-05
-0.000223149981505,-0.000193168129802,2.9981851703e-05
-0.000200529621842,-0.000207579424502,-7.04980266072e-06
-8.85773413222e-05,-0.00011406454683,-2.54872055075e-05
-0.000115366403625,-0.000119769718261,-4.40331463567e-06
-0.000236782038191,-0.000235644839366,1.13719882538e-06
-0.000142168983558,-0.000112498379915,2.96706036434e-05
-0.000176838035915,-0.000182065533671,-5.22749775577e-06
-0.000310066994079,-0.000205161361292,0.000104905632788
-9.36674700546e-05,-6.74948983129e-05,2.61725717417e-05
-0.000221506562023,-0.000229723405739,-8.21684371639e-06
-0.000173765551868,-0.000110949101639,6.28164502286e-05
-0.000287546720174,-0.00024703160605,4.05151141234e-05
-0.00022289145714,-0.00016138176113,6.15096960099e-05
-0.000256761807676,-0.000196262556518,6.04992511581e-05
-0.000361336242688,-0.000278877434529,8.2458808159e-05
-0.000271305104298,-0.000231692754354,3.9612349944e-05
-0.000176386577609,-0.000162387501226,1.39990763827e-05
-0.000222741884606,-0.000187642493258,3.50993913479e-05
-0.000217052679269,-0.000154294616321,6.27580629481e-05
-6.37611502391e-05,-7.05195361427e-05,-6.75838590356e-06
-0.000218215937657,-0.00017917596184,3.90399758171e-05
8.83283031578e-05,9.06431585972e-05,2.31485543945e-06
-0.000265232055383,-0.000179806612765,8.54254426181e-05
-0.000238215540477,-0.00010225353856,0.000135962001917
-0.000113269029029,-8.1572703732e-05,3.16963252972e-05
-0.00014538617881,-0.000121383472435,2.40027063753e-05
-0.000266393323412,-0.00027568719162,-9.2938682086e-06
-0.000288325130314,-0.000300321054063,-1.19959237485e-05
-0.00020814030349,-0.000216163391493,-8.02308800279e-06
-0.00023563514125,-0.000228700647564,6.93449368635e-06
-0.000228184378487,-0.000157892068244,7.02923102431e-05
-0.000267151789141,-0.000218735910655,4.84158784861e-05
-0.000154511528601,-8.85671574248e-05,6.59443711758e-05
-0.000131726451184,-0.000144389707024,-1.26632558407e-05
-0.00019396440392,-0.000152497664453,4.14667394673e-05
-0.000204374701457,-0.000188131088517,1.62436129403e-05
-0.000204314102166,-0.000131076930883,7.32371712825e-05
-0.000364845632345,-0.000257528478727,0.000107317153618
-0.000345004436222,-0.000288267007735,5.67374284866e-05
-0.000248046272832,-0.0002334213209,1.46249519325e-05
-8.83780754117e-05,-9.0695301542e-05,-2.31722613024e-06
-8.75107533346e-05,-9.79635222423e-05,-1.04527689077e-05
-0.000196213642926,-0.000124085511957,7.21281309686e-05
-0.000216848490915,-0.000178929921285,3.79185696303e-05
-0.000375746614646,-0.00034349611529,3.22504993558e-05
-0.000357325825839,-0.000285758808256,7.1567017583e-05
-8.23862609757e-05,-4.34124372078e-05,3.8973823768e-05
-0.000124161651857,-0.000159958883982,-3.57972321254e-05
-0.000147041119499,-0.000156004126243,-8.96300674458e-06
-0.000102653896193,-0.000106290999876,-3.63710368359e-06
-0.000227206548755,-0.000308054122142,-8.0847573387e-05
-0.000152567839741,-0.000158833099022,-6.2652592813e-06
-0.00020521103305,-0.000226563993314,-2.1352960264e-05
-0.000273949121626,-0.000222046296191,5.19028254351e-05
-0.000173396196551,-0.000136999720109,3.63964764421e-05
-0.00024727774882,-0.000257837095015,-1.05593461951e-05
-0.000361292554972,-0.000335934482347,2.53580726252e-05
-7.40401484192e-05,-6.2335011336e-06,6.78066472856e-05
-0.000329913946142,-0.000232544510378,9.7369435764e-05
-0.000243291442299,-0.000239502298307,3.7891439915e-06
-0.000182719330027,-0.000146642287986,3.60770420411e-05
-0.000327602552324,-0.000328803292512,-1.20074018794e-06
-0.000259948769238,-0.0002492772548,1.06715144375e-05
-0.000290096217268,-0.000231572330788,5.85238864798e-05
-0.00029972796467,-0.000278861482589,2.08664820809e-05
-7.41467281635e-05,-0.000113515310647,-3.93685824831e-05
-0.00042846964723,-0.000289103884598,0.000139365762632
-0.000183803382357,-0.000170545819604,1.32575627532e-05
-0.000354554761292,-0.000247638217822,0.00010691654347
-0.000319392716202,-0.000260371821964,5.90208942374e-05
-0.000182738243941,-0.000153806487471,2.89317564702e-05
-0.000315623108562,-0.000226895959948,8.87271486143e-05
-0.00024962625431,-0.000191930640556,5.76956137533e-05
-0.000123005161782,-0.000109990620123,1.3014541659e-05
-0.000410582067082,-0.000390300585317,2.0281481765e-05
-0.000268825889093,-0.000292155476045,-2.33295869522e-05
-0.00020403451865,-0.000195754880675,8.27963797523e-06
-0.000196184289894,-0.000119427844732,7.67564451625e-05
-9.403182937e-05,-0.000127905980641,-3.38741512709e-05
-0.000291258745215,-0.000174130436918,0.000117128308296
-0.000311962487553,-0.000259095510399,5.28669771537e-05
-0.000201559801892,-0.000224336013085,-2.27762111937e-05
-0.000311750932485,-0.000223882098889,8.78688335965e-05
-0.00018179384835,-0.000118317282521,6.34765658288e-05
-0.000282594788072,-0.000262240215019,2.03545730527e-05
-0.00018039984708,-0.000202907690385,-2.2507843305e-05
-6.90207412741e-05,-0.000143733280193,-7.4712538919e-05
-0.000184020452999,-0.000179220382747,4.80007025187e-06
-0.000168888366924,-0.000161262254415,7.62611250866e-06
-0.000339431195648,-0.000197031830325,0.000142399365323
-0.00026149806456,-0.00019658166539,6.49163991702e-05
-6.58001855801e-05,5.83287213638e-07,6.63834727938e-05
-0.000101844349241,-0.000113899360197,-1.20550109558e-05
-0.000292481828758,-0.000263864305832,2.86175229257e-05
-9.27053282151e-05,-0.000107773011281,-1.50676830662e-05
-0.000229023698111,-0.00018614566496,4.28780331509e-05
-0.000195432644287,-0.000131914925833,6.35177184539e-05
-0.000138329978746,-0.000159446132922,-2.11161541752e-05
-0.000327914933392,-0.000247021466169,8.08934672228e-05
-0.000256665715952,-0.000240765945065,1.58997708871e-05
-0.000175205734866,-0.000122988891024,5.22168438422e-05
-0.000304040697758,-0.000240064958842,6.39757389163e-05
-0.000132129389986,-0.000126438419667,5.69097031892e-06
-0.000264682832898,-0.000232381688009,3.23011448891e-05
-0.000167563203929,-0.000160318786368,7.24441756118e-06
-7.59728160336e-05,-9.5427219818e-05,-1.94544037844e-05
-0.000202945509592,-0.00015379386715,4.9151642442e-05
-7.261586535e-05,-5.77858759862e-05,1.48299893638e-05
-0.000219260850565,-0.000255146975398,-3.58861248328e-05
-0.000226475386967,-0.000181672726544,4.4802660423e-05
-9.6911028905e-05,-0.000127005832704,-3.00948037985e-05
-0.000178340994088,-0.000137033373382,4.13076207064e-05
-0.000445989558212,-0.000321127831861,0.000124861726351
-0.000163717589655,-0.000185320059486,-2.16024698304e-05
-9.03603201694e-05,-9.37575359749e-05,-3.3972158055e-06
-0.000219919000987,-0.000194156714759,2.5762286228e-05
-7.80387628958e-05,2.7419883874e-05,0.00010545864677
-0.000238503762026,-0.000228212309016,1.02914530107e-05
-0.000137517020596,-0.000159709135032,-2.21921144363e-05
-0.000136367184241,-0.000128444569425,7.92261481617e-06
-0.000241234727418,-0.000216111390235,2.5123337183e-05
-0.000273405313663,-0.000259610991043,1.37943226194e-05
-0.000267848326509,-0.000233426562974,3.44217635349e-05
-0.00030118714287,-0.00022655483997,7.46323028996e-05
-0.000191575039009,-0.000148911350309,4.26636887005e-05
-0.000282814870787,-0.000178960886131,0.000103853984656
-0.000382778130964,-0.000274536681514,0.00010824144945
-0.000130097333954,-0.0001395309552,-9.43362124575e-06
-0.000197804764987,-0.000161922520345,3.58822446411e-05
-0.000164716336414,-0.000155684023114,9.03231329961e-06
-0.000191850520428,-0.000151836199738,4.00143206894e-05
-7.87329316845e-05,-8.96424853605e-05,-1.09095536761e-05
-0.000227182114351,-0.000254508123485,-2.73260091337e-05
-0.000100490011962,-0.000173777861217,-7.32878492552e-05
-0.000296419620826,-0.000253706739207,4.27128816187e-05
-0.000116799545155,-0.000112531192263,4.26835289214e-06
-0.000196902810668,-0.000145434448772,5.14683618963e-05
-0.000296726077868,-0.000289486101158,7.23997670936e-06
-0.000254852212118,-0.000198461560233,5.63906518854e-05
-0.000323094488943,-0.000247075839946,7.60186489971e-05
-0.000251848680386,-0.000199719403038,5.21292773481e-05
-0.000335799483758,-0.000256485582575,7.93139011825e-05
-0.00020639584762,-0.000172724139199,3.36717084209e-05
-9.5516338535e-05,-0.000175424509663,-7.9908171128e-05
-5.75941285343e-05,-0.000109930437199,-5.2336308665e-05
-9.49120094042e-05,-0.000181756459181,-8.68444497767e-05
-0.000307773291337,-0.000289809347601,1.7963943736e-05
-0.000431309806204,-0.000307348597344,0.00012396120886
-0.000346356813892,-0.000203943893475,0.000142412920417
-0.000211342432061,-0.000168942060225,4.24003718361e-05
-0.000248063256407,-0.000230403982534,1.76592738729e-05
-0.000267153367692,-0.000206421272563,6.07320951284e-05
-0.000298202213738,-0.000282635373707,1.55668400305e-05
-9.01616888413e-05,-0.000119926831812,-2.97651429709e-05
-0.000297243128089,-0.000186105572616,0.000111137555473
-0.000258361701218,-0.00019192952117,6.6432180048e-05
-0.00030577388475,-0.00027326871729,3.25051674601e-05
-0.000332470728011,-0.000269836859846,6.26338681649e-05
-0.000242789887285,-0.00020440514044,3.83847468453e-05
-0.000158125109803,-0.000144283512609,1.38415971938e-05
-0.000270255921773,-0.000239860089618,3.03958321543e-05
-0.000103995920193,-8.82083290401e-05,1.57875911533e-05
-0.000149927347354,-0.000179122020838,-2.91946734849e-05
-0.000318462627743,-0.000243749130239,7.47134975048e-05
-0.000322039668497,-0.000296812744086,2.52269244114e-05
-0.000331849220054,-0.000253322040286,7.85271797686e-05
-0.000265598516376,-0.00018224075393,8.33577624455e-05
-0.000222943174021,-0.000254294706441,-3.13515324201e-05
-0.000179097650246,-0.000182376646121,-3.27899587542e-06
-0.000172396927905,-0.000114553456061,5.78434718438e-05
-0.00016865155955,-0.00017967243811,-1.10208785603e-05
-0.000263783994412,-0.000285360578301,-2.15765838896e-05
-0.000123411999963,-9.44177233152e-05,2.89942766474e-05
-0.000169969624056,-0.000115346557379,5.46230666778e-05
-0.000288514931799,-0.000223869899725,6.46450320738e-05
-0.000241507230822,-0.000180495828108,6.10114027138e-05
-0.000261912355344,-0.000293512426873,-3.16000715291e-05
-0.000211518728056,-0.000225732014588,-1.42132865318e-05
-0.000190232675672,-0.000149307500715,4.09251749562e-05
-0.000168525169501,-0.000160810067741,7.71510176014e-06
-0.000452631699333,-0.000288028650732,0.000164603048601
-0.000448441627065,-0.000366834615991,8.1607011075e-05
-0.000261325361032,-0.000234764331725,2.6561029307e-05
-0.000140088384828,-0.000117508531282,2.25798535463e-05
-0.000212472973818,-0.000182417532534,3.00554412837e-05
-0.000162438975167,-0.000141189431597,2.12495435703e-05
-0.000243649476529,-0.000187804311398,5.5845165131e-05
-8.40154435085e-05,-3.64378448479e-05,4.75775986606e-05
-0.000181273608974,-0.000161009627643,2.02639813314e-05
-0.000135875649383,-0.000125464825329,1.04108240532e-05
-0.000344124080921,-0.000291211614713,5.29124662085e-05
-0.000316970566647,-0.000278386879863,3.85836867838e-05
-0.000216005220921,-0.000160594241385,5.54109795358e-05
-0.00034689512622,-0.000292665281658,5.42298445616e-05
-0.000295402610356,-0.000189116526887,0.00010628608347
-0.000363687077393,-0.000198649513142,0.000165037564251
-0.000172686899818,-9.98139139806e-05,7.28729858372e-05
-0.000202842500604,-0.00014341746741,5.94250331942e-05
-0.00024476813537,-0.000161229929785,8.35382055846e-05
-0.000225449493928,-0.000216226942897,9.22255103158e-06
-0.000223693409483,-0.00018674837829,3.69450311923e-05
-0.000155625045126,-0.000156047133829,-4.22088702239e-07
-0.000199965424617,-0.000129933256087,7.00321685298e-05
-0.000160944426458,-0.000151826341102,9.1180853564e-06
-0.000237069485232,-0.000162866906798,7.42025784345e-05
-7.50380445757e-06,-4.0666955933e-05,-3.31631514755e-05
-9.14796868856e-05,-8.48509837827e-05,6.62870310287e-06
-0.000327351482977,-0.000315300412924,1.20510700528e-05
-0.000122176517579,-9.17564353361e-05,3.04200822426e-05
-0.000199316983303,-0.000176948302557,2.23686807464e-05
-0.000203762161261,-0.000123863589546,7.98985717146e-05
-0.000110928816599,-0.000119130493472,-8.20167687356e-06
-0.00026432958426,-0.000195691083296,6.86385009637e-05
-0.000190351704553,-0.000200209531416,-9.85782686303e-06
1.28450603372e-05,1.33354975945e-05,4.90437257345e-07
-0.000280706996652,-0.000211265985817,6.94410108357e-05
-0.000210169540242,-0.000231311726343,-2.1142186101e-05
-0.00014740047935,-0.000137883890018,9.51658933191e-06
-0.000323092210913,-0.000261185960489,6.19062504238e-05
-9.16307721506e-05,-0.000104452383753,-1.28216116028e-05
-0.000202737614547,-0.000101376347957,0.00010136126659
-0.00018684645916,-0.000170036118883,1.68103402772e-05
-0.000425590186363,-0.000305411732924,0.000120178453438
-0.000208157439351,-0.000119192093372,8.89653459794e-05
-0.000271681575858,-0.000205361840544,6.63197353149e-05
-7.34196013013e-05,-4.53285479159e-05,2.80910533854e-05
-0.00016393260995,-0.000106482157205,5.74504527444e-05
-0.000124570723962,-0.000100284779938,2.42859440249e-05
-0.000317884115441,-0.000257222037603,6.06620778379e-05
-0.000274828017852,-0.000297271968326,-2.2443950474e-05
-0.000198156470856,-0.000286469741031,-8.83132701749e-05
-0.000194187986055,-0.000131497648218,6.26903378374e-05
-0.000256983452903,-0.000225906000551,3.10774523519e-05
-2.40527742657e-05,-5.3522477127e-05,-2.94697028613e-05
-0.000299391799354,-0.00027392901278,2.54627865734e-05
-0.000328418334294,-0.000258391624602,7.00267096915e-05
-0.000263668843208,-0.000219386043332,4.42827998752e-05
-0.000234472441921,-0.000175332643313,5.91397986079e-05
-0.000295930640466,-0.000206488171581,8.9442468885e-05
-0.000418273911431,-0.000356309797873,6.19641135577e-05
-0.000368499553223,-0.000289651254932,7.88482982916e-05
-0.000288342653293,-0.000222373214541,6.59694387519e-05
-0.000133923147254,-0.000170304243288,-3.63810960341e-05
-0.000203426340597,-0.000219573401579,-1.61470609819e-05
-0.000198775806794,-0.000138713709168,6.00620976257e-05
-0.000126003850653,-0.000124199320885,1.80452976827e-06
-0.000233365659072,-0.000256910069964,-2.35444108919e-05
-0.000241982101521,-0.000270173508372,-2.81914068513e-05
-0.000206203974333,-0.000240529135288,-3.43251609554e-05
-0.000331504123037,-0.000310054955487,2.14491675501e-05
-0.000162433258873,-0.000168258965919,-5.82570704641e-06
-0.000116924747566,-0.000160722828448,-4.3798080882e-05
-0.00041194949235,-0.00035250833155,5.94411607997e-05
-0.000131301128926,-0.000150579751697,-1.92786227714e-05
-0.000116926110824,-0.000149683784891,-3.27576740675e-05
-0.000338879716308,-0.0002201951152,0.000118684601107
-0.000498985527989,-0.000336123579715,0.000162861948273
-0.000251639780768,-0.00018362025738,6.80195233878e-05
-0.000204892681921,-0.00015096497064,5.39277112804e-05
-0.00017479449316,-0.000117898527102,5.68959660577e-05
-0.000357146676147,-0.000245429302826,0.000111717373321
-0.000208846845615,-0.00013217751985,7.66693257652e-05
-0.000188469292965,-0.000146067395159,4.24018978065e-05
-0.000263447094733,-0.00018496967523,7.84774195033e-05
-0.000243701148519,-0.000213669177507,3.0031971012e-05
-0.000244068343333,-0.000181856614056,6.22117292769e-05
-0.000110052006088,-0.000103530339526,6.52166656228e-06
-0.000220608010395,-0.000160979525356,5.96284850397e-05
-0.000148057478872,-0.000149478421761,-1.42094288875e-06
-9.86620130458e-05,-0.000138687470671,-4.00254576255e-05
-0.000202993314042,-0.00017509532601,2.78979880322e-05
-0.000105049288711,-0.00016653016522,-6.14808765086e-05
-0.000166334875678,-0.00012874075174,3.75941239382e-05
-0.000286071133653,-0.000190419726798,9.56514068544e-05
-0.00013197231378,-0.000194287249836,-6.23149360557e-05
-0.000279565230791,-0.00023098468577,4.85805450214e-05
-0.000201734220083,-0.000154544143751,4.71900763328e-05
-0.000218342978664,-0.000197229134888,2.11138437766e-05
-8.08646326402e-05,-5.67407058623e-05,2.4123926778e-05
-0.000362011176692,-0.000275837257302,8.617391939e-05
-0.000191989181316,-0.00021147151683,-1.94823355142e-05
-0.000379727254361,-0.000322700978055,5.70262763063e-05
-0.000200077174914,-0.00018028810141,1.97890735033e-05
-0.000234015025156,-0.00019609355139,3.79214737659e-05
-0.000236239336453,-0.000215811848796,2.04274876564e-05
-0.000288352869082,-0.000263605515989,2.47473530931e-05
-0.00035549752797,-0.000275703303421,7.97942245489e-05
-0.000360494650603,-0.000259423912242,0.000101070738361
-0.000346995620645,-0.000357125490664,-1.01298700191e-05
-0.000240737603587,-0.000154120206676,8.66173969113e-05
-0.000111487092682,-0.000125929879788,-1.44427871061e-05
-0.000163050447423,-0.000209618931939,-4.65684845163e-05
-0.000377410637225,-0.000306509062042,7.09015751825e-05
-0.00041076624822,-0.000340437383658,7.03288645618e-05
-0.000190412220073,-0.000197770713199,-7.35849312601e-06
-0.000285586469205,-0.000229139521883,5.64469473218e-05
-0.000108411897987,-0.00017174749952,-6.33356015332e-05
-0.000208186198005,-0.000133991634919,7.41945630852e-05
-0.000143365194371,-9.91762655886e-05,4.41889287821e-05
-0.000303655236148,-0.000216680318992,8.69749171557e-05
-0.000152935235666,-0.000216116196867,-6.31809612004e-05
-0.000328688039473,-0.000283266010325,4.54220291477e-05
-0.000289692610184,-0.00018665757753,0.000103035032654
-0.000141088856729,-7.03437342576e-05,7.07451224709e-05
-0.000357862823068,-0.000300449530274,5.74132927936e-05
-8.3196480733e-05,-0.000174597298257,-9.14008175238e-05
-0.000132520880225,-7.43768808771e-05,5.81439993476e-05
-0.000195104600295,-0.000159051662611,3.60529376841e-05
-0.000226791047813,-0.000163722672681,6.30683751318e-05
-0.000369397590095,-0.000301665425363,6.77321647325e-05
-0.00019400750187,-0.000221132267173,-2.71247653033e-05
-0.000189379483732,-9.17016038872e-05,9.76778798446e-05
-9.36328330375e-05,-3.4847156903e-05,5.87856761345e-05
-9.74749987882e-06,-6.52943880874e-05,-5.55468882086e-05
-6.41800237987e-05,-9.28725881493e-05,-2.86925643506e-05
-0.000210516611562,-0.000164773093187,4.57435183745e-05
-0.000116865740712,-0.000126564537282,-9.69879656996e-06
-4.73436634951e-05,-3.56047720413e-05,1.17388914538e-05
-0.000391571883041,-0.000276935794711,0.00011463608833
-0.000115159622055,-0.000171009219663,-5.58495976082e-05
-0.000125129311642,-0.000144983243806,-1.98539321636e-05
-0.000253271360058,-0.000213234592459,4.00367675985e-05
-0.000274340951791,-0.000252269683576,2.20712682146e-05
-0.000320496494555,-0.000254704336722,6.57921578324e-05
-0.000207494807776,-0.0002167210307,-9.22622292398e-06
-0.000113689032796,-0.000101901366274,1.17876665222e-05
-0.000326989488183,-0.00026971681724,5.72726709429e-05
-7.64767713473e-05,-5.10625339992e-05,2.54142373482e-05
-6.44568279219e-05,-0.000129055003006,-6.45981750837e-05
-0.000296036353172,-0.000256227667873,3.98086852991e-05
-9.48384202871e-05,-3.56011922163e-05,5.92372280709e-05
-0.000280231963843,-0.000234282918401,4.59490454425e-05
-0.000166885142933,-0.000121603212104,4.5281930829e-05
-0.000222287526041,-0.000219243344602,3.04418143956e-06
-0.000295543104275,-0.00027814053957,1.74025647046e-05
1.37533691067e-05,1.20113474276e-05,-1.74202167915e-06
-0.000236923790693,-0.000188758208941,4.8165581752e-05
-0.000342443286225,-0.000252594322617,8.98489636083e-05
-0.00019424115511,-0.000188638956804,5.60219830638e-06
-0.00030857761561,-0.000261144993494,4.74326221161e-05
-0.000184566305725,-0.000205941676058,-2.13753703332e-05
-0.000283604998281,-0.000185385578016,9.82194202649e-05
-0.00018434938709,-8.67836520526e-05,9.75657350378e-05
-0.000281742337242,-0.000286743431214,-5.0010939727e-06
-0.00027221838642,-0.000219052313208,5.31660732121e-05
-0.000163226158055,-0.00015595421301,7.27194504505e-06
-0.000191076421435,-0.000132065622989,5.90107984461e-05
-0.000237431339898,-0.000185377599649,5.20537402496e-05
-0.000354341175679,-0.000300579836544,5.37613391349e-05
-0.000237223136793,-0.000202392369079,3.48307677142e-05
-0.000146268171626,-0.000108223200964,3.80449706617e-05
-0.000350427765358,-0.000321608652322,2.88191130363e-05
-3.0336280164e-05,-1.99461255777e-05,1.03901545863e-05
-0.000132574603336,-8.94989952252e-05,4.3075608111e-05
-0.000372269246476,-0.000307058012743,6.52112337328e-05
-0.000228179526646,-0.000177240736036,5.09387906097e-05
-0.000167122910385,-0.000199230411041,-3.21075006557e-05
-4.34009968913e-05,-3.68896435159e-05,6.51135337541e-06
-0.000140864347499,-0.000108402926564,3.24614209346e-05
-0.000244035292457,-0.000224819067391,1.92162250661e-05
-0.000376841566801,-0.000276219221089,0.000100622345712
-0.00014584916038,-0.00010590640921,3.99427511704e-05
-0.000303088487706,-0.000308029707498,-4.94121979226e-06
-4.0086803084e-05,-0.000112680365869,-7.25935627853e-05
-0.00030748094298,-0.000233334007829,7.41469351508e-05
-9.33903358379e-05,-5.01507791316e-05,4.32395567063e-05
-0.000256746850645,-0.000229498271423,2.72485792229e-05
-0.000283384598565,-0.000252268142467,3.11164560976e-05
-0.00019154167496,-0.000219210622327,-2.76689473675e-05
-0.000358758078033,-0.000237606423414,0.000121151654619
-0.000169461633655,-0.000223030110454,-5.35684767987e-05
-5.3092183806e-05,-0.000125344934661,-7.22527508552e-05
-0.000130649343952,-0.000168133192286,-3.74838483333e-05
-0.000229144677875,-0.000133242244533,9.59024333424e-05
-0.000264990755692,-0.000284168488475,-1.91777327824e-05
-0.000294641272781,-0.000199354900321,9.52863724596e-05
-0.000300091564301,-0.000332916642821,-3.282507852e-05
-0.000213937424982,-0.000181945888547,3.19915364356e-05
-0.000119300417562,-9.36261118817e-05,2.56743056799e-05
-0.000225680657671,-0.000218702988539,6.97766913282e-06
-9.63893561274e-05,-9.90176151864e-05,-2.628259059e-06
-0.000160735203806,-0.000174887118187,-1.41519143812e-05
-0.000270858931659,-0.000258796622105,1.20623095541e-05
-0.000235921225409,-0.000178298909408,5.7622316001e-05
-0.000171403022881,-0.000179161870637,-7.75884775623e-06
-0.000264930101825,-0.00026350750766,1.4225941656e-06
-0.000347344297197,-0.000277741898224,6.96023989728e-05
-0.000194644494538,-0.000227790733391,-3.31462388526e-05
-0.000349797143519,-0.000259410657276,9.03864862428e-05
-0.000122807095637,-0.000125102067757,-2.29497211921e-06
-8.68156277033e-05,-9.12113236238e-05,-4.39569592057e-06
-0.00016825463008,-0.000199280459646,-3.10258295661e-05
-9.42799667578e-05,-0.00013150350292,-3.72235361624e-05
-0.000327403417337,-0.000261143860311,6.62595570257e-05
-0.000324430043355,-0.000254867294442,6.95627489127e-05
-0.000258557555906,-0.000168293289187,9.02642667196e-05
-0.000413890857476,-0.000324148264782,8.97425926943e-05
5.44194575213e-06,-4.15810382268e-05,-4.70229839789e-05
-0.000487574420588,-0.000374875512115,0.000112698908473
-0.000391139201255,-0.000366064436291,2.50747649639e-05
-0.000207164729756,-0.000182302876895,2.48618528608e-05
-0.000250710249652,-0.000305986374738,-5.52761250862e-05
-0.000147135964682,-0.000198932826835,-5.1796862153e-05
-0.000270700545943,-0.000263247802628,7.45274331446e-06
-0.000225876946592,-0.000175197671388,5.06792752044e-05
-0.000275216030109,-0.000259839768551,1.5376261558e-05
-0.000182769047582,-0.000186541954663,-3.77290708073e-06
-0.000220981494,-0.000204023467036,1.69580269649e-05
-0.000142165613903,-0.00011828379666,2.38818172436e-05
-0.000184093354156,-0.00015861611022,2.54772439365e-05
-0.000290961302813,-0.000242916437592,4.80448652218e-05
-0.000294034609436,-0.000195845410934,9.81891985018e-05
-0.000328740432135,-0.000267030042629,6.17103895056e-05
-0.000185107648155,-0.000169295166031,1.58124821239e-05
-0.000160754073935,-0.000232698460202,-7.1944386267e-05
-0.000111125153162,-5.66531353034e-05,5.44720178585e-05
-0.000270260188826,-0.000293832615495,-2.35724266687e-05
-0.000203324655598,-0.000193283973333,1.00406822656e-05
-0.000141260785026,-0.000105961608631,3.52991763958e-05
-8.57837026074e-05,-7.92335132563e-05,6.55018935113e-06
-0.000281420511185,-0.00015827032669,0.000123150184495
-0.000234699385845,-0.00022580894731,8.89043853424e-06
-0.000454293557171,-0.00039611605915,5.81774980216e-05
-0.000199140054942,-0.00018747017955,1.16698753925e-05
-0.000303714478007,-0.000238075922555,6.56385554523e-05
-0.000238655140956,-0.000231470017721,7.18512323472e-06
-0.000135139474238,-0.00023343761521,-9.82981409718e-05
-0.000164702080969,-0.000143151623769,2.15504572e-05
-0.000302219347802,-0.000170736673022,0.00013148267478
-0.000160923427775,-0.000136660481624,2.42629461515e-05
-0.000226031356443,-0.000182439173583,4.35921828602e-05
-0.000301446781248,-0.000209724616521,9.17221647274e-05
-0.000202507885299,-0.000215470315816,-1.29624305172e-05
-0.000281660306263,-0.000225474941668,5.61853645952e-05
-5.88075544788e-05,-6.30525059505e-05,-4.24495147162e-06
-8.40996749727e-05,-0.00013538044348,-5.12807685074e-05
-0.000258586939356,-0.000168121054467,9.04658848892e-05
-0.000229723786306,-0.000212100885266,1.76229010393e-05
8.27190156815e-05,1.64839324788e-05,-6.62350832027e-05
-0.000263827630034,-0.000250106921748,1.37207082861e-05
-0.000194567289852,-0.00012579837612,6.87689137316e-05
-0.000161234776287,-0.000109167846112,5.20669301752e-05
-0.000243728402802,-0.000172751771677,7.09766311249e-05
-0.000186147658399,-0.000146065318671,4.00823397275e-05
-0.000214887301137,-0.000197995522725,1.68917784115e-05
-0.000311160746237,-0.00023477353748,7.63872087571e-05
-0.000258034677163,-0.000152630497221,0.000105404179942
-0.000132218723731,-0.00012396959531,8.24912842055e-06
-0.000211993656808,-0.000179043264503,3.29503923055e-05
-0.000176690404522,-0.000190408578339,-1.37181738178e-05
-0.000302755202602,-0.00031013676053,-7.38155792716e-06
-0.000325409300034,-0.00027313529551,5.2274004524e-05
-0.000237109068352,-0.000198970795865,3.81382724875e-05
-9.28962753264e-05,-0.000103064016286,-1.01677409592e-05
-0.000127379164025,-0.00014588826257,-1.85090985447e-05
-0.000329145249447,-0.000217882539532,0.000111262709916
-0.000363357712565,-0.000259823070338,0.000103534642227
-6.36989903147e-05,-9.36827923951e-05,-2.99838020804e-05
-0.000280596319809,-0.000237125145464,4.34711743449e-05
-0.000272508379701,-0.000209928323236,6.25800564646e-05
-0.000283663895527,-0.000213076784323,7.05871112043e-05
-0.000208091771881,-0.00021338747141,-5.29569952916e-06
-0.000380194485192,-0.000330262775904,4.99317092877e-05
-0.000446636054126,-0.000297600038403,0.000149036015723
-0.00024852230682,-0.00020892829007,3.95940167502e-05
-0.000201892850052,-0.000225093873497,-2.32010234452e-05
-0.000172215960093,-0.000147768153668,2.44478064253e-05
-0.000247611291747,-0.000242140190848,5.47110089851e-06
-0.000156850758733,-0.000126711099083,3.01396596506e-05
-0.000230720194957,-9.16843309723e-05,0.000139035863985
-0.000241288211774,-0.000141910303693,9.93779080808e-05
-0.000127601258944,-0.000127038043811,5.63215133208e-07
-0.000134436056201,-0.000115891908947,1.85441472542e-05
-0.000319675804113,-0.000269693016434,4.99827876788e-05
-9.93002688224e-05,-0.000151319984507,-5.20197156843e-05
-0.000280160033087,-0.000217038238752,6.31217943342e-05
-0.000173340303934,-0.00017657511047,-3.23480653601e-06
-0.000248485796652,-0.000277448659172,-2.89628625201e-05
-8.43827198359e-05,-0.000101340985714,-1.69582658783e-05
-0.000281684978743,-0.000218566923352,6.31180553905e-05
-0.000205169683099,-0.000252639939067,-4.74702559685e-05
-0.00016337739933,-7.69690622153e-05,8.64083371147e-05
-0.000186839671883,-0.000177316073357,9.52359852695e-06
-0.000252148924716,-0.000203904026347,4.82448983688e-05
-0.000223577471047,-0.000206339491257,1.72379797895e-05
-0.000255460487743,-0.000173024412836,8.24360749065e-05
-0.000322459972365,-0.000219450477869,0.000103009494496
-0.000137439044915,-0.000165242735489,-2.78036905747e-05
-0.000138913574402,-0.000128746715871,1.01668585315e-05
-0.000300791940948,-0.000304243543,-3.45160205202e-06
-0.000279371301366,-0.000157396743097,0.000121974558269
-0.000164573026418,-0.000160278000306,4.29502611241e-06
-0.000285871867999,-0.000182861238963,0.000103010629036
-0.000379430355608,-0.000290831300932,8.85990546763e-05
-0.000224757218169,-0.000227356126382,-2.59890821272e-06
-0.00018116877105,-0.000232163403047,-5.09946319968e-05
-0.000168888622892,-0.00016005759054,8.8310323525e-06
-0.000309104118971,-0.000270271312941,3.88328060302e-05
-0.000177062546335,-0.000142481193695,3.45813526395e-05
-0.000264208622619,-0.000194602682488,6.96059401309e-05
-0.000310807025571,-0.000278981279115,3.18257464557e-05
-8.31684760026e-05,-0.000142236193443,-5.90677174403e-05
-0.000164282636022,-0.000143900743514,2.03818925086e-05
-0.000164416260941,-0.000172600054359,-8.18379341761e-06
-7.58525094549e-05,-7.25586157537e-05,3.29389370119e-06
-0.000409259346227,-0.00030499738596,0.000104261960268
-0.000155108386527,-0.000152933445318,2.17494120812e-06
-0.000294765947052,-0.000268697469477,2.6068477575e-05
-0.00026233477386,-0.000208239782223,5.40949916372e-05
-0.000285695814706,-0.000225222925442,6.04728892644e-05
-0.00015514771468,-0.000201241317559,-4.60936028797e-05
-0.000296146927414,-0.000218358993181,7.77879342323e-05
-0.000296411681504,-0.000228632921788,6.77787597155e-05
-0.000344856238244,-0.000331187839902,1.36683983421e-05
-0.000286421642712,-0.000259667661991,2.67539807215e-05
-0.000164678580045,-0.000167817430741,-3.13885069543e-06
-0.000239925658873,-0.000242897391355,-2.97173248225e-06
-0.000113111349658,-7.12568502597e-05,4.18544993988e-05
-4.21461007714e-05,-8.54430228058e-05,-4.32969220343e-05
-0.000379967679682,-0.000273331407014,0.000106636272668
-0.000259428940043,-0.000192531784424,6.68971556191e-05
-0.000107420494953,-0.000163597110302,-5.61766153496e-05
-0.000334884597459,-0.000237183602201,9.77009952575e-05
-0.00014552447426,-0.000126549312091,1.89751621689e-05
-0.000144074060591,-0.000140966545523,3.10751506835e-06
-0.000312510916593,-0.000292382730836,2.01281857571e-05
-0.000388345178187,-0.000292227842322,9.61173358645e-05
-0.000299733494074,-0.000169746423773,0.000129987070301
7.11621915564e-05,3.36019851517e-05,-3.75602064047e-05
-0.000240118556914,-0.000244730536067,-4.61197915369e-06
-0.00017887612138,-0.000171997806257,6.87831512324e-06
-0.000271342844577,-0.000264871486799,6.47135777875e-06
-0.000109790636717,-0.000125075361493,-1.52847247762e-05
-0.000205368549297,-0.00013725144997,6.81170993268e-05
-0.000187242716726,-0.000140476500703,4.67662160235e-05
-0.000336360908623,-0.000202879802014,0.000133481106609
-0.000334159189981,-0.000227578802471,0.00010658038751
-0.000270253230288,-0.000187927927927,8.23253023609e-05
-9.14474939748e-05,-0.000164415108797,-7.29676148227e-05
-0.000262180586314,-0.000220160596147,4.20199901666e-05
-8.46819922946e-05,-6.67728629496e-05,1.79091293451e-05
-0.000269967371105,-0.000196497677619,7.34696934857e-05
-0.000177656078481,-0.000151809783817,2.58462946642e-05
-0.000210239973843,-0.000116256040186,9.39839336567e-05
-0.00016063923813,-0.000175297996955,-1.46587588252e-05
-0.000141553443884,-0.000175483786564,-3.39303426806e-05
-2.60896421919e-05,-8.40367885086e-05,-5.79471463167e-05
-0.000359902151961,-0.000305618036513,5.42841154478e-05
-0.000160355961085,-0.000161578073283,-1.2221121982e-06
-0.000156752499379,-0.000169866861985,-1.31143626061e-05
-0.000143716723225,-0.000146514379148,-2.79765592235e-06
-8.03348053529e-05,-0.000121730721425,-4.13959160725e-05
-0.000247089789745,-0.000246087982298,1.00180744745e-06
-0.000222132889025,-0.000199854057233,2.22788317916e-05
-0.000172814126589,-0.000196693601439,-2.38794748492e-05
0.000101537153833,6.67488015853e-05,-3.47883522474e-05
-0.000187351654277,-0.000152239261056,3.51123932215e-05
-0.000328612581327,-0.000197574569049,0.000131038012277
-0.000250807512449,-0.000202724743533,4.80827689159e-05
-0.000221371670869,-0.000165279358237,5.60923126323e-05
-0.000299716051155,-0.000238573781133,6.11422700219e-05
-0.000215809034016,-0.000185590384056,3.02186499598e-05
-0.000311692167638,-0.000260498807068,5.11933605696e-05
-0.000118434134931,-0.000106434899998,1.19992349327e-05
-0.000410034053379,-0.000336751963538,7.32820898407e-05
-0.000367827827301,-0.000331293158265,3.6534669035e-05
-0.000226792364379,-0.000210948115274,1.58442491049e-05
-0.000121571186411,-0.000137738440122,-1.61672537109e-05
-0.000335373245168,-0.000337361766957,-1.98852178987e-06
-0.000233485169105,-0.000240036933558,-6.55176445314e-06
-0.000179448011012,-0.00022305111282,-4.36031018078e-05
-0.000225513703581,-0.000220133864278,5.37983930308e-06
-0.000249467403519,-0.00019178814978,5.76792537392e-05
-7.61546734175e-05,-5.61855354246e-05,1.99691379929e-05
-0.000414296255815,-0.000325086826929,8.92094288863e-05
-0.000245777115018,-9.3846249851e-05,0.000151930865167
-0.000189197634808,-0.00014661720963,4.25804251778e-05
-0.000251956688101,-0.000172620467779,7.9336220322e-05
-0.000155240759986,-0.00010437533765,5.08654223364e-05
-0.000231431199729,-0.000231102176513,3.29023215918e-07
-0.000287253700316,-0.000252260809113,3.49928912035e-05
-0.000228626731613,-0.000223510487362,5.11624425193e-06
-0.000197529700218,-0.000130969799767,6.65599004512e-05
-0.000235736808278,-0.000257141085255,-2.14042769764e-05
-0.000343285740072,-0.000313633102836,2.96526372365e-05
-0.000189300428053,-0.000184186592085,5.11383596757e-06
-0.000283249235969,-0.00020384047578,7.94087601885e-05
-0.000166995280927,-0.00016610482664,8.90454287008e-07
-0.000214522167578,-0.000122111371112,9.24107964655e-05
-0.000273423381297,-0.000292408848252,-1.89854669549e-05
-0.000245430351652,-0.000250620924309,-5.19057265684e-06
-0.000166320137144,-0.000152843821293,1.34763158501e-05
-0.000256000931756,-0.000237818345204,1.81825865516e-05
-0.000196224166444,-0.000176991968273,1.92321981707e-05
-0.0003180330268,-0.000278248957104,3.97840696966e-05
-0.000316819761165,-0.000279609108913,3.7210652252e-05
-0.000349815110589,-0.00023318699314,0.00011662811745
-0.000136660067332,-5.421834321e-05,8.24417241224e-05
-0.000143749814792,-0.000166349379995,-2.25995652027e-05
-0.000210925309422,-0.00024038564359,-2.94603341677e-05
-0.000273014939575,-0.00025099534346,2.20195961145e-05
-0.000170656869317,-0.000112219908105,5.84369612115e-05
-0.000216113525685,-0.000151897307178,6.4216218507e-05
-0.000224997794927,-0.000167118870071,5.78789248562e-05
-0.000310496092945,-0.00026206356931,4.84325236348e-05
-0.000368357955184,-0.000305254247107,6.31037080764e-05
-1.05669737276e-05,-6.3601766869e-05,-5.30347931415e-05
-5.34536703654e-05,-4.75497046229e-05,5.90396574254e-06
-0.00021680964572,-0.000160587174198,5.6222471522e-05
-0.000244565036796,-0.000115576055522,0.000128988981273
-0.000403396633004,-0.000330424831182,7.29718018214e-05
-0.000293173210697,-0.000268086156227,2.508705447e-05
-0.000146813095437,-0.000112757274403,3.40558210334e-05
-0.000312441288345,-0.000238766493913,7.36747944316e-05
-0.00022762307361,-0.000209855806911,1.77672666987e-05
-0.000301725460226,-0.000254019694544,4.77057656815e-05
-5.07218155307e-05,-0.000118165565796,-6.74437502652e-05
-0.000199787412747,-0.000187353171452,1.24342412949e-05
-0.00023175729727,-0.000198983635314,3.27736619558e-05
-9.60962646218e-05,-0.000137526758745,-4.14304941234e-05
-0.000214329366305,-0.000190060526487,2.42688398177e-05
-0.00023989168448,-0.000256019688671,-1.61280041909e-05
-0.0003003573813,-0.000249126697349,5.12306839518e-05
-6.56929544656e-05,-0.000117349918546,-5.16569640804e-05
-0.000268722612168,-0.00026411286255,4.60974961759e-06
-0.000209506069547,-0.000209031376992,4.7469255526e-07
-0.000469072027543,-0.000386244657831,8.28273697115e-05
-7.71230682407e-05,-0.000100491336675,-2.33682684346e-05
-0.000312185693503,-0.000245022420052,6.71632734507e-05
-0.000307295227816,-0.000226935317493,8.03599103228e-05
-0.000339540912584,-0.000245471020306,9.40698922777e-05
-0.000436446208929,-0.000355420567041,8.10256418875e-05
-0.000339256880321,-0.000223957259024,0.000115299621297
-0.000116462250946,-7.0475198283e-05,4.59870526627e-05
-0.000339374380091,-0.000263636052351,7.57383277404e-05
-0.000294894751125,-0.000186674836008,0.000108219915117
-0.000267648903534,-0.000220531211375,4.71176921593e-05
-0.000325351270122,-0.000294723163317,3.06281068056e-05
-0.000580425197084,-0.00050086516019,7.95600368943e-05
-0.000298238209622,-0.00019287128442,0.000105366925202
-0.000296487026151,-0.000288766957317,7.72006883422e-06
-5.61617720626e-05,-7.95413671249e-05,-2.33795950623e-05
-0.000296908399979,-0.000269623693907,2.72847060713e-05
-0.000163472314991,-0.000107726087852,5.57462271387e-05
-0.000195844257929,-0.000158069412095,3.77748458341e-05
-0.000135788181475,-0.000206048824323,-7.02606428481e-05
-0.000162160026451,-0.000190343503388,-2.81834769371e-05
-0.000347065654312,-0.000262855036261,8.42106180504e-05
-8.71481003925e-05,-7.33901241277e-05,1.37579762647e-05
-0.000256691768105,-0.000204024018783,5.26677493216e-05
-0.000174667528601,-0.000125359757248,4.93077713523e-05
-0.000139412640298,-0.000161358504386,-2.19458640885e-05
-0.000323378817331,-0.000193171970303,0.000130206847027
-0.000367914902308,-0.000360746653512,7.16824879663e-06
-0.000171159066303,-0.000133283424957,3.78756413453e-05
-0.000208965581237,-0.000161264383674,4.77011975627e-05
-0.00028143208383,-0.000201004453273,8.04276305573e-05
-0.000289492988542,-0.000271783809312,1.77091792299e-05
-0.000236984586577,-0.000154126236978,8.28583495992e-05
-0.000346749232988,-0.000353692821044,-6.94358805551e-06
-0.000185587895227,-0.000176910313024,8.67758220289e-06
-0.000226633696612,-0.000178591899905,4.80417967069e-05
-0.000270531051534,-0.000271684815485,-1.15376395159e-06
-0.000310325786952,-0.000273051791469,3.72739954832e-05
-0.000135357647361,-0.000162826473785,-2.74688264238e-05
-0.000171447991321,-0.000167260421695,4.18756962594e-06
-0.000107879746827,-0.000116761850923,-8.88210409588e-06
-1.19673677217e-05,-6.48044402059e-05,-5.28370724842e-05
-0.000176351858901,-0.000222784505513,-4.64326466122e-05
-0.000175436435544,-0.00019211046384,-1.66740282967e-05
-0.000312173456246,-0.000279280219706,3.28932365407e-05
-0.00025322951474,-0.000148603398083,0.000104626116657
-0.000264630910317,-0.000237221512501,2.74093978155e-05
-0.000188928276024,-0.000202519170686,-1.3590894662e-05
-0.000215023258934,-0.000161395825831,5.36274331027e-05
-0.000273560732895,-0.000199781057392,7.37796755039e-05
-0.000186673403802,-0.000162423503117,2.42499006856e-05
-0.000173324636394,-0.00016807442651,5.25020988373e-06
-0.000146308447779,-0.00019226208865,-4.59536408706e-05
-0.000245659185498,-0.000206603995496,3.9055190002e-05
-0.000388860342125,-0.000267420425228,0.000121439916896
-0.000113007262941,-0.000107651892609,5.35537033201e-06
-0.000175288600408,-0.000194939596894,-1.96509964858e-05
-1.15497376187e-05,-1.47516159048e-05,-3.20187828604e-06
-0.000175175368438,-0.000188849266654,-1.36738982153e-05
-0.000294759223078,-0.000356564608846,-6.18053857683e-05
-0.00022003457009,-0.000137832145695,8.2202424395e-05
-0.000295562684064,-0.000238220205058,5.73424790065e-05
-0.000244730829077,-0.000220989707259,2.37411218186e-05
-0.000151193574479,-0.000158303179989,-7.10960550999e-06
-0.000256011131313,-0.000138250767356,0.000117760363957
-0.000261112814015,-0.000128729421552,0.000132383392463
-0.000329784466958,-0.00029008281358,3.97016533777e-05
-0.000265733790608,-0.000308459756295,-4.27259656862e-05
-0.000191534981853,-0.000135496350989,5.60386308644e-05
-0.000266597685527,-0.000223115536871,4.34821486563e-05
-0.000256613985972,-0.000181671210203,7.49427757689e-05
-0.000242257622527,-0.000236171694188,6.08592833873e-06
-0.000369432764761,-0.000284941976828,8.4490787933e-05
-0.000287954872998,-0.000215532051214,7.24228217845e-05
-0.000356668960042,-0.000376009625146,-1.93406651038e-05
-0.000265802316193,-0.000183760808129,8.20415080645e-05
-0.000102497029372,-0.000109382509076,-6.88547970428e-06
-0.000166851331338,-0.000154889372858,1.19619584801e-05
-0.000323960381925,-0.000258732977203,6.52274047213e-05
-0.000161724267527,-9.88522474533e-05,6.28720200742e-05
-0.000274340862205,-0.000264169990308,1.01708718977e-05
-0.000162082146908,-0.000118902585794,4.31795611141e-05
-0.000364473331722,-0.000301144562988,6.33287687339e-05
-0.000218076045075,-0.00021914689789,-1.07085281447e-06
-0.000170769911443,-0.000178844113554,-8.07420211147e-06
-7.52628221629e-05,-0.000169635848078,-9.43730259152e-05
-0.000195940701564,-0.000191929918349,4.01078321549e-06
-0.000197423942428,-0.000152678534925,4.47454075034e-05
-6.07895475486e-05,-0.000107361365953,-4.65718184048e-05
-0.000288835586852,-0.000248519197415,4.03163894364e-05
-0.000173725687359,-0.000187828693936,-1.41030065775e-05
-0.000110351975996,-0.000115128397505,-4.7764215085e-06
-0.00036523846843,-0.000285066512211,8.01719562194e-05
-4.53192831142e-06,-6.46883879658e-05,-6.01564596544e-05
-0.000365928647733,-0.000254918656894,0.00011100999084
-0.000123257009815,-0.000206665334701,-8.34083248854e-05
-0.000129896498133,-0.000132959094866,-3.06259673292e-06
-8.35779229334e-05,-5.00415105871e-05,3.35364123462e-05
-0.000341746631172,-0.000268972337976,7.27742931963e-05
-0.000175824398885,-0.000175550349396,2.74049489265e-07
-2.32799111767e-05,-2.25904187477e-05,6.89492429001e-07
-0.000188814830515,-0.000185738021605,3.07680891019e-06
-0.000117307389622,-7.14845292801e-05,4.58228603416e-05
-0.000276803363635,-0.000178467420509,9.83359431264e-05
-7.19450161462e-05,-0.000127168382273,-5.52233661264e-05
-0.000168124977331,-0.000143467937301,2.46570400296e-05
-5.02398397855e-05,-0.0001035401103,-5.33002705141e-05
-0.000121513228764,-0.000137135586359,-1.56223575952e-05
-0.000285683549289,-0.000181964538054,0.000103719011235
-0.000102468839545,-6.28964284583e-05,3.95724110864e-05
-0.000119158641026,-0.000111655857481,7.50278354488e-06
-0.000153481030824,-0.000136654905792,1.68261250313e-05
-0.000188335497003,-0.000218487956136,-3.01524591331e-05
-0.000265462652537,-0.00021244953893,5.30131136066e-05
-0.000131686731496,-0.000149170818629,-1.74840871326e-05
-0.000231980405337,-0.000277830506253,-4.58501009151e-05
-0.000305908691148,-0.000227014571937,7.88941192115e-05
-0.000124041543526,-0.000179172239973,-5.51306964472e-05
-0.000273521800723,-0.000171361145063,0.00010216065566
-0.000122942471036,-0.000120988496909,1.953974127e-06
-0.000226085125488,-0.000229919718639,-3.83459315171e-06
-0.000316931698739,-0.000289149936837,2.77817619024e-05
-0.000166725036232,-0.000178052160903,-1.13271246703e-05
-0.00017740795416,-0.000145242370798,3.21655833625e-05
-0.000135785579245,-0.000216092422318,-8.0306843073e-05
-0.000403302304396,-0.000347485326534,5.58169778613e-05
-0.000215968814793,-0.000138275057381,7.76937574124e-05
-0.000327349792475,-0.000235393258622,9.19565338526e-05
-0.000157312312387,-0.000241001952514,-8.36896401273e-05
-0.000149876482766,-0.000154028738424,-4.15225565794e-06
-0.000278377849862,-0.000186125804941,9.22520449211e-05
-0.000436055579139,-0.00037022294539,6.58326337497e-05
-0.000174258065657,-0.000136829989185,3.74280764723e-05
-0.000231775985572,-0.000210118886826,2.16570987461e-05
-0.000114203100753,-0.000148480381128,-3.42772803744e-05
-0.000118479502429,-0.000171508461072,-5.30289586436e-05
-0.000138224907,-7.41315316394e-05,6.40933753605e-05
-0.000228354885737,-0.000187460940584,4.08939451527e-05
-0.000469581722227,-0.000368730750722,0.000100850971505
-0.000339105935082,-0.000265613914506,7.34920205765e-05
-0.000254081435054,-0.000270541177453,-1.64597423986e-05
-0.000110488997931,-0.000168265761389,-5.77767634581e-05
-0.000303284296808,-0.000189296720074,0.000113987576734
-0.000198452989141,-0.000219286970126,-2.08339809848e-05
-0.000208295875271,-0.000160232256137,4.80636191347e-05
-0.000158805723989,-0.00015701037738,1.79534660896e-06
-0.000270288840314,-0.00033146220549,-6.11733651762e-05
-0.000183644889469,-0.000121445156913,6.21997325556e-05
-0.000223565604194,-0.000180337013922,4.32285902725e-05
-3.43949459807e-05,-8.82453927807e-05,-5.38504468e-05
-0.000292942054956,-0.000240282933004,5.26591219512e-05
-0.000174177436068,-9.69707407041e-05,7.72066953638e-05
-0.000165700545764,-0.000151438727755,1.42618180085e-05
4.91757025772e-05,2.39943631342e-05,-2.5181339443e-05
-0.000171996524745,-0.000168712045392,3.284479353e-06
-0.000331141657202,-0.000299034817046,3.21068401567e-05
-0.000147026675123,-0.000118970556272,2.80561188501e-05
-0.000145821290026,-7.90229402969e-05,6.67983497289e-05
-0.000119217929165,-0.00016530520694,-4.60872777751e-05
-0.000299478054994,-0.000258175218541,4.13028364535e-05
-4.47416894611e-07,1.78735510503e-05,1.83209679449e-05
-9.12124924381e-05,-0.000131605358605,-4.03928661671e-05
-0.000178702822866,-0.000154832235475,2.3870587391e-05
-0.000344136482234,-0.000378837573252,-3.47010910182e-05
-0.000312393441338,-0.00027571957869,3.66738626475e-05
-0.000171028838589,-0.000188499316921,-1.74704783324e-05
1.27824186682e-06,-2.79376099551e-05,-2.92158518219e-05
-0.000141352381424,-0.000101275490941,4.00768904832e-05
-0.000170161551083,-0.000122223742272,4.79378088107e-05
-0.000272693047652,-0.00020222154387,7.0471503782e-05
-0.000275933895924,-0.000200416109507,7.55177864169e-05
-0.000229764455765,-0.000243678257479,-1.39138017145e-05
-0.000229593643142,-0.000235136792186,-5.54314904478e-06
-0.00025009659319,-0.000233746201734,1.63503914562e-05
-0.000317796752136,-0.000281661757421,3.61349947152e-05
-0.000205444102691,-0.000196037065159,9.40703753155e-06
-0.000300739386729,-0.000238746651919,6.19927348099e-05
-0.000236233141815,-0.000183717188089,5.25159537265e-05
-0.000230405269273,-0.000216015824874,1.4389444399e-05
-0.000242768414014,-0.000230196913096,1.25715009179e-05
-0.000280908075339,-0.000236621674309,4.42864010301e-05
-0.000214264552167,-0.000220811082716,-6.5465305498e-06
-6.89180671649e-05,-4.83526369582e-05,2.05654302068e-05
-0.000220753973955,-0.000149999430005,7.075454395e-05
-0.000274088617994,-0.000242499924173,3.15886938207e-05
-0.000147814482492,-0.000119696253767,2.81182287246e-05
-0.000231795152729,-0.000166272944529,6.55222081999e-05
-0.000252388318979,-0.000225602591909,2.67857270704e-05
-0.000184214129401,-0.000183684894409,5.29234991859e-07
-0.000168915561596,-0.000168457386367,4.58175229194e-07
-0.000289804251313,-0.000238911873916,5.08923773973e-05
-0.00024505887337,-0.000313321119831,-6.82622464611e-05
-0.000134771292504,-0.000101233249014,3.35380434894e-05
3.79858998555e-05,5.95258226277e-06,-3.20333175927e-05
-0.000154904843882,-0.000213706802696,-5.8801958814e-05
-0.000213166480997,-0.000245918615464,-3.27521344672e-05
-0.000196060307414,-0.000191745154428,4.31515298513e-06
-0.000130635192891,-0.000147743814306,-1.71086214156e-05
-0.000239962565875,-0.000193206175786,4.67563900884e-05
-0.000225942523825,-0.000201039926053,2.49025977717e-05
-0.000285914117682,-0.000264717898318,2.11962193645e-05
-0.000108009126028,-0.000123927680141,-1.59185541125e-05
-0.000307176813182,-0.000270261884529,3.69149286521e-05
-0.00022998117661,-0.000193846380395,3.61347962156e-05
-0.000169893580522,-0.000164154398581,5.73918194046e-06
-0.000174761169109,-0.000177456312912,-2.69514380255e-06
-0.000362312377327,-0.000300620218349,6.16921589785e-05
-0.000278883536699,-0.000245097805639,3.37857310603e-05
-0.000281748506766,-0.000279794180381,1.95432638472e-06
-0.000167798407148,-0.000175649352369,-7.85094522069e-06
-1.74408202685e-05,-6.27568017142e-05,-4.53159814458e-05
-0.000106093454796,-7.49884061663e-05,3.11050486296e-05
-6.2350596175e-05,-0.000122613244209,-6.02626480341e-05
-0.000168416722222,-0.00017345259494,-5.03587271787e-06
-0.000299124385913,-0.000219524360072,7.96000258406e-05
-0.0003114451488,-0.000225652265328,8.5792883472e-05
-0.000262021528145,-0.000167763216194,9.42583119512e-05
-0.000382984565147,-0.000309651463928,7.33331012188e-05
-0.000283650680577,-0.000239208104767,4.44425758101e-05
-0.000190971384811,-0.000122182396733,6.87889880776e-05
-0.000143566204153,-0.000110135343671,3.34308604815e-05
-0.000177265564034,-0.000107333567693,6.99319963415e-05
-0.000283696330475,-0.000273088866349,1.06074641252e-05
-0.000143795011517,-0.000210308250129,-6.65132386121e-05
-0.000252873417089,-0.00017768105715,7.51923599395e-05
-0.000211915409723,-0.000239026292085,-2.71108823613e-05
-0.000252844983968,-0.000135051530513,0.000117793453455
-0.000304407034818,-0.000277259607233,2.71474275851e-05
-0.000223634887201,-0.000183928340173,3.97065470282e-05
-0.000237680344257,-0.000213347640878,2.43327033795e-05
-0.000175920941309,-0.000157261752647,1.86591886626e-05
-0.000197851655732,-0.000168606759538,2.92448961936e-05
-0.000416058292167,-0.000253443813373,0.000162614478795
-0.000143921930291,-0.000107089871565,3.68320587257e-05
-0.000222365730032,-0.000203458112315,1.89076177164e-05
-0.000188076667769,-0.000213862840816,-2.57861730461e-05
-0.000245858953306,-0.000192921762075,5.29371912302e-05
-0.000124222292267,-0.000168367778565,-4.4145486298e-05
-0.000118926540868,-9.74309035901e-05,2.14956372783e-05
-0.000339185284999,-0.000223306145717,0.000115879139282
-0.000298629457692,-0.000216479519505,8.21499381868e-05
-0.000321347542711,-0.000256750401767,6.45971409443e-05
-0.0002580208373,-0.000242970756239,1.50500810613e-05
-0.000161137431075,-0.000162507877387,-1.37044631234e-06
-0.000172433301342,-7.94059139896e-05,9.3027387352e-05
-0.000134844256749,-0.000125112764166,9.73149258309e-06
-0.000242327469028,-0.000181807657352,6.05198116757e-05
-0.000323435255568,-0.000270787563767,5.26476918012e-05
-0.000279276962625,-0.000259937475751,1.93394868741e-05
-0.000248848304189,-0.000226640396299,2.22079078905e-05
-0.000375612988131,-0.000199880625481,0.00017573236265
-8.65200937776e-05,-6.52411675056e-05,2.12789262721e-05
-0.000105052918271,-0.000140864109624,-3.58111913529e-05
-0.000284501894334,-0.000238962754637,4.55391396972e-05
-0.000118622791835,-8.16866534516e-05,3.69361383837e-05
-2.85314869969e-05,-5.19268236052e-05,-2.33953366084e-05
-0.000402380115331,-0.000328549321795,7.38307935366e-05
-0.00015149396521,-0.000188582997768,-3.70890325585e-05
-0.000216123206425,-0.000203002135349,1.31210710759e-05
-0.000231578581692,-0.000224837494386,6.74108730604e-06
-0.000222885453855,-0.00011514095694,0.000107744496915
-0.000269013051522,-0.000227962352998,4.10506985235e-05
-8.39663090713e-05,-9.18692543773e-05,-7.90294530605e-06
-8.80733283021e-05,-0.000100488110137,-1.24147818353e-05
-0.00033461748101,-0.000265044633819,6.95728471914e-05
-0.000209904075882,-0.00014569303206,6.4211043822e-05
-0.000335417494815,-0.000223480021202,0.000111937473613
-0.000225610119434,-0.000143211416023,8.23987034117e-05
-0.00016229957196,-0.00018823153597,-2.593196401e-05
-0.000465633740619,-0.000298895838234,0.000166737902386
-0.000263955986381,-0.000167284770853,9.66712155282e-05
-0.000115258636897,-0.000120331594039,-5.07295714142e-06
-0.00014906376584,-0.000165648378194,-1.65846123536e-05
-0.000235648943188,-0.000182536437099,5.31125060889e-05
-0.000304015319954,-0.00021451789451,8.94974254441e-05
-0.000131621289385,-0.000108187698734,2.34335906505e-05
-0.000266111850443,-0.000161471418373,0.00010464043207
-0.00045275599938,-0.000377038259375,7.57177400044e-05
-0.000181225611775,-0.000161587092883,1.96385188919e-05
-0.000370263800826,-0.000249458564978,0.000120805235848
-0.000128656583932,-0.000108545558483,2.01110254495e-05
-0.000320364704639,-0.000156015018632,0.000164349686007
-0.000168271482868,-0.000157614096243,1.06573866243e-05
-0.000275811253762,-0.000240402444377,3.54088093848e-05
-0.000314317861356,-0.000201493994679,0.000112823866677
-0.000314771739778,-0.00035282348955,-3.80517497721e-05
-0.000246237701674,-0.00015547100894,9.07666927342e-05
-0.000266892114502,-0.000200414001594,6.64781129082e-05
-9.85526006518e-05,-9.84162776295e-05,1.3632302226e-07
-0.000175455404476,-0.000157411101472,1.80443030048e-05
-0.000246690022757,-0.000169894009479,7.67960132782e-05
-9.60203299499e-05,-0.000114332850099,-1.83125201489e-05
-0.000101863424998,-0.000116719696671,-1.48562716728e-05
-0.000255253174395,-0.000210721840235,4.45313341606e-05
-0.000207336796784,-0.000245153215119,-3.78164183348e-05
-5.06178558086e-05,-3.45063963751e-05,1.61114594335e-05
-0.000182309636153,-0.000187196212618,-4.88657646502e-06
-0.000278917538103,-0.000153315330514,0.000125602207589
-0.00015911344123,-0.000268809945729,-0.000109696504499
-0.000269822691384,-0.000227633094353,4.21895970313e-05
-0.000149169936782,-0.000148128274007,1.04166277491e-06
-0.000284785757846,-0.000214538250401,7.02475074453e-05
-8.34000532877e-05,-7.81157956964e-05,5.28425759128e-06
-0.000248258147704,-0.000257997357898,-9.73921019395e-06
-0.000132773138446,-0.000148579948782,-1.5806810336e-05
-0.000177791294827,-0.000234342003604,-5.65507087765e-05
-0.000445010721556,-0.000310189181656,0.0001348215399
5.06042985171e-05,3.83678771584e-05,-1.22364213587e-05
-0.000364587926397,-0.000304713581104,5.98743452935e-05
-0.000347407019982,-0.000245939731163,0.000101467288819
-0.000155742012144,-0.000168812474299,-1.30704621553e-05
-6.3069475847e-05,-0.000150429871473,-8.7360395626e-05
-0.000155784564139,-0.000258290941648,-0.000102506377509
-0.00032078315207,-0.000341736858355,-2.09537062852e-05
-0.00021247499278,-0.00018685957771,2.561541507e-05
-0.000303517917333,-0.000241236752207,6.22811651258e-05
-0.000138652482961,-0.000194721013854,-5.60685308929e-05
-0.000253869794188,-0.000163255955611,9.06138385766e-05
-0.000199374107193,-0.000156706552907,4.2667554286e-05
-0.000256405303408,-0.000254621971931,1.78333147797e-06
-0.000313753647837,-0.000311773061849,1.98058598767e-06
-0.000323121057634,-0.000266300334078,5.68207235565e-05
-0.000301109157475,-0.000250740256724,5.03689007508e-05
-0.000470278229303,-0.000336436751001,0.000133841478302
-0.000284343772874,-0.000267214300412,1.71294724627e-05
-0.000197954199039,-0.000146447203472,5.15069955676e-05
-0.000248231267139,-0.000189337156719,5.88941104198e-05
-0.000297741582197,-0.000198736645936,9.90049362603e-05
-0.00021251062592,-0.000189576384894,2.2934241026e-05
-0.000349236673267,-0.000260725942125,8.8510731142e-05
-0.000306156994447,-0.000331470177208,-2.53131827614e-05
-0.000196209578666,-0.000242981837786,-4.67722591198e-05
-0.000111099646139,-0.000162093116843,-5.09934707042e-05
-0.000125037172317,-0.000153537764702,-2.85005923856e-05
-0.00026009854618,-0.000219753722405,4.03448237755e-05
-0.000232945457648,-0.000169475753693,6.34697039548e-05
-0.000298357615534,-0.000245933966371,5.2423649163e-05
-0.000338904895519,-0.000224811802534,0.000114093092985
-0.00033104516728,-0.000212380514571,0.000118664652709
-0.000232764591407,-0.000195981257097,3.67833343099e-05
-0.000224514535381,-0.000259876763262,-3.53622278806e-05
-0.000250497081523,-0.000255942260916,-5.44517939277e-06
-0.000269270251733,-0.000186128112803,8.31421389306e-05
-0.00021272866786,-0.000140831788291,7.18968795695e-05
-0.000143168855169,-0.000145106631971,-1.93777680205e-06
-0.000200541243571,-0.000196967792475,3.5734510959e-06
-0.000250964768087,-0.000113000739357,0.00013796402873
-0.00023771981122,-0.000254035121499,-1.63153102792e-05
-0.000272796469956,-0.000255286259892,1.75102100637e-05
-3.29207112395e-05,-9.66164041306e-05,-6.36956928911e-05
-0.000294944771831,-0.000235017171318,5.99276005126e-05
-0.000181299831762,-0.000158402040045,2.28977917169e-05
-0.000114432116594,-6.57902238758e-05,4.86418927178e-05
-0.000284037165815,-0.000300863095819,-1.68259300045e-05
-0.000236653244818,-0.000110553610187,0.000126099634631
-0.000109903307447,-0.000103725925651,6.17738179581e-06
-0.000117630036863,-0.000168136098759,-5.05060618966e-05
-0.000309876376615,-0.000256206560877,5.36698157377e-05
-0.000222450879261,-0.000197306273485,2.51446057762e-05
-0.000374727933376,-0.000229751154243,0.000144976779132
-0.000185669705251,-0.000175859956945,9.80974830603e-06
-0.000364033343123,-0.000379801194852,-1.57678517295e-05
-0.000240864368953,-0.000140044947868,0.000100819421085
-2.83702888303e-05,-8.87474067763e-05,-6.0377117946e-05
-0.000337672230863,-0.000305708478242,3.19637526201e-05
-0.000332785108604,-0.000259924498284,7.28606103203e-05
-0.000298321778001,-0.000271974076618,2.63477013829e-05
-0.000469879304531,-0.000359457911838,0.000110421392693
-0.000349732278027,-0.000319421319284,3.03109587425e-05
-0.000275229868632,-0.000252248811015,2.2981057617e-05
-0.000267953228186,-0.000257434822184,1.05184060014e-05
-0.000211643632529,-0.000184070495898,2.75731366308e-05
-0.00021230082262,-0.000161163573641,5.11372489787e-05
-0.000176605013308,-0.000187636958447,-1.10319451389e-05
-0.000167904201394,-0.00014008744401,2.78167573837e-05
-0.000343600501227,-0.000238665868025,0.000104934633203
-0.000183715899707,-0.000172871973505,1.08439262027e-05
-0.000344404724332,-0.000297808766255,4.65959580775e-05
-0.000261983306812,-0.000168116944742,9.38663620695e-05
-8.58683442665e-05,-0.000100945713144,-1.50773688771e-05
-0.000311308315074,-0.000246223841567,6.50844735063e-05
-0.000123550755957,-6.58929604102e-05,5.76577955467e-05
-0.000116714883699,-0.000155550240063,-3.88353563631e-05
-8.27471764334e-05,-0.000107447738162,-2.4700561729e-05
-0.000207413430065,-0.000199618800985,7.79462907995e-06
-0.000244491747191,-0.000191072484159,5.34192630324e-05
-0.000251156150903,-0.000266261993317,-1.5105842414e-05
-0.000207924130119,-0.000143276428094,6.46477020248e-05
-0.000273625051407,-0.000255229194747,1.83958566604e-05
-0.000285556228229,-0.000298991563924,-1.34353356954e-05
-0.000153988551518,-0.000136865188302,1.71233632159e-05
-0.000176267191731,-0.000123144166474,5.31230252569e-05
-0.000265933736142,-0.000219697858521,4.6235877621e-05
-0.000131635887173,-6.34068756446e-05,6.82290115289e-05
-0.00018524719503,-0.000183205419717,2.04177531282e-06
-0.000245078116259,-0.000181055927464,6.4022188795e-05
-0.000212545989016,-0.000198918142686,1.36278463301e-05
-0.000168055212687,-0.000187387078192,-1.93318655051e-05
-4.65887953837e-05,-9.71998165237e-05,-5.061102114e-05
-0.000328655512476,-0.000285028674687,4.36268377882e-05
-0.000167964636885,-8.90078883467e-05,7.89567485386e-05
1.11959055292e-06,-0.000133325285886,-0.000134444876439
-0.000197011986154,-0.000222832421054,-2.58204348996e-05
-0.000260329784523,-0.000181614858445,7.87149260774e-05
-0.000356346068398,-0.000287322339154,6.90237292443e-05
-0.000355659110463,-0.000249134966617,0.000106524143846
-0.000303727285244,-0.000255060721694,4.86665635497e-05
-0.00027043628945,-0.000200163616381,7.02726730694e-05
2.94844826105e-06,-7.97939224532e-05,-8.27423707142e-05
-0.000174093250787,-0.000129951775925,4.41414748621e-05
-0.000218369931075,-0.000169949911318,4.84200197562e-05
-0.000254810977494,-0.000314241881507,-5.94309040128e-05
-0.000130121973851,-0.000119839601011,1.028237284e-05
-0.000291037901965,-0.000177678928374,0.000113358973591
-0.000323854547775,-0.00027303656652,5.08179812549e-05
-0.000191747426685,-0.000158888169977,3.28592567084e-05
-0.000177679901021,-0.00017311601514,4.56388588109e-06
-0.000130436661332,-0.000168560426177,-3.8123764845e-05
-0.000214614578676,-0.000228420299366,-1.38057206902e-05
-0.000315964417753,-0.000211424209224,0.000104540208529
-0.000258037771204,-0.000188672766533,6.93650046704e-05
-0.00019227011063,-0.000155602901106,3.66672095241e-05
-0.00013147631948,-0.000163405871056,-3.19295515759e-05
-0.000247855162747,-0.000217892209793,2.99629529537e-05
-0.000146279563066,-7.52934191049e-05,7.09861439607e-05
-0.0001589735935,-0.000136068925067,2.29046684332e-05
-0.00015101758634,-0.000139381703936,1.1635882404e-05
-0.00020992295416,-0.000108572812822,0.000101350141339
-0.000239049121426,-0.000225464146001,1.35849754254e-05
-0.000427690707625,-0.000293138349616,0.000134552358009
-0.00023803649409,-0.000156161940159,8.18745539313e-05
-0.000258360917607,-0.000204755636343,5.36052812639e-05
-0.000187926763249,-0.000259148929577,-7.1222166328e-05
-0.000110558996161,-0.000119099314715,-8.54031855365e-06
-0.000219461883629,-0.000201757962785,1.77039208438e-05
-0.000146137081787,-0.000185187687368,-3.90506055807e-05
-0.000294072640924,-0.000197127956327,9.69446845965e-05
-0.000155527114757,-0.000182954668243,-2.7427553486e-05
-0.00028340270235,-0.000239763641059,4.36390612913e-05
-0.000299271183433,-0.000200528588498,9.87425949345e-05
-0.000204339957886,-0.000188639740231,1.57002176554e-05
-0.000297951497838,-0.000245028799835,5.29226980032e-05
-0.000238115824567,-0.000152319908142,8.57959164248e-05
-0.000310379299179,-0.000224515110714,8.58641884645e-05
-0.000299672362899,-0.000144616273217,0.000155056089682
-8.77377872889e-05,-9.12714983999e-05,-3.53371111105e-06
-0.000398357740059,-0.00040215905058,-3.80131052046e-06
-0.000256472362096,-0.000260759683735,-4.28732163971e-06
-0.000124543238391,-0.000253667282703,-0.000129124044312
-0.00035137270284,-0.000338661201239,1.27115016007e-05
-0.000338583029725,-0.000255362878775,8.32201509506e-05
-8.73535084097e-05,-6.32046800837e-05,2.4148828326e-05
-0.000195745337705,-0.000195777370896,-3.20331909037e-08
-0.000155401589007,-0.000158506916844,-3.10532783713e-06
-0.000129373403732,-7.03895957378e-05,5.89838079946e-05
-0.000132858526638,-0.000138161526904,-5.30300026606e-06
-0.000270256322636,-0.000164640850184,0.000105615472453
-0.000140341818657,-0.000167536924659,-2.71951060018e-05
-0.000293718128677,-0.000291696178145,2.02195053224e-06
-0.000245324732056,-0.000193655232305,5.16694997513e-05
-0.000352394266823,-0.000273160507845,7.92337589772e-05
-0.000205674100395,-0.000137216218761,6.8457881634e-05
-0.000227934062125,-0.000162575299048,6.53587630768e-05
-0.000213473750748,-0.000227466453371,-1.39927026235e-05
-0.000245672727845,-0.000207543628906,3.81290989397e-05
-0.000330128660954,-0.000238488089057,9.1640571897e-05
-0.000349365569476,-0.000285143641744,6.42219277316e-05
-0.00016456243745,-0.000124687721242,3.9874716208e-05
-0.000175419501944,-9.75220552897e-05,7.78974466539e-05
-9.52027330633e-05,-8.02055540988e-05,1.49971789645e-05
-0.00022850191252,-0.00015288987438,7.56120381407e-05
-0.000287071021806,-0.000270610790429,1.64602313769e-05
-0.000243153619248,-0.000235399057177,7.75456207181e-06
-0.000244457270354,-0.00020161799191,4.28392784432e-05
-0.000328237567668,-0.000277693448948,5.05441187197e-05
-0.000163980997293,-0.000134943436251,2.90375610418e-05
-0.00014130002315,-0.000186040359376,-4.47403362263e-05
-0.000181595119803,-0.000196109027124,-1.45139073208e-05
-2.99939236277e-05,-2.958630896e-05,4.07614667724e-07
-4.82714340149e-05,-0.000113240331708,-6.49688976928e-05
-8.05367138854e-05,-0.000109334297179,-2.87975832933e-05
-0.000265410124319,-0.000204843634698,6.05664896216e-05
-0.000413897325559,-0.000353263100631,6.06342249282e-05
-0.00019442518925,-0.000132381598142,6.2043591108e-05
-0.000368726927666,-0.000356060226239,1.26667014268e-05
-0.000230936535743,-0.000192310706161,3.86258295817e-05
-0.000259924723361,-0.000236040223559,2.38844998024e-05
-0.000214547532896,-0.000224884435947,-1.03369030512e-05
-0.000346453640368,-0.00032648834079,1.99652995787e-05
-5.97372345415e-05,-8.08159326978e-05,-2.10786981562e-05
-0.000305953809897,-0.000258623504299,4.73303055984e-05
-0.000269522585523,-0.000116658286075,0.000152864299448
-0.000270728182762,-0.000195770406014,7.49577767479e-05
-0.000103657674769,-0.000121293555021,-1.76358802519e-05
-0.00018483866093,-0.000187530386503,-2.69172557296e-06
-0.000190626106072,-0.000259249996618,-6.86238905464e-05
-0.000243869990931,-0.000185842467151,5.802752378e-05
-0.000293632376759,-0.000228946036256,6.46863405024e-05
-0.000213430308438,-0.00019907469227,1.43556161683e-05
-0.000211177505575,-0.000204491867036,6.68563853936e-06
-0.000314872018092,-0.000135199404722,0.00017967261337
-0.000101209680329,-0.000153558062507,-5.23483821781e-05
-9.62438720034e-05,-8.96557299937e-05,6.58814200975e-06
-0.000359180274012,-0.000227781755043,0.000131398518969
-0.000341642501823,-0.000252800905367,8.88415964553e-05
-0.00028154072984,-0.000228402464229,5.31382656113e-05
-0.000263750673717,-0.000238127850737,2.562282298e-05
-0.000223454631141,-0.000202776226083,2.06784050577e-05
-0.000266367051389,-0.000270660390479,-4.29333908949e-06
-5.88759190129e-05,-9.09707270574e-05,-3.20948080445e-05
-0.000105654562877,-9.30718452082e-05,1.25827176685e-05
-0.000315234839951,-0.000301905964092,1.33288758592e-05
-0.000260010222437,-0.000222931616268,3.70786061686e-05
-0.00017371758949,-0.000163137319734,1.05802697563e-05
-0.000123653028422,-0.000199212457471,-7.55594290485e-05
-0.00019085548539,-0.000209403784906,-1.85482995167e-05
-9.58242656736e-05,-9.6986228334e-05,-1.16196266041e-06
-0.000152204713254,-0.000161742057971,-9.5373447167e-06
-0.000216094077538,-0.000213684905358,2.40917217945e-06
-0.000265923077991,-0.000140337771117,0.000125585306874
-0.000102335610443,-8.97473171899e-05,1.25882932529e-05
-0.000179950668703,-0.000131746193188,4.82044755154e-05
-0.000160328117661,-0.000194324249452,-3.39961317904e-05
-0.00018090548943,-0.000241278776627,-6.03732871963e-05
-0.000283509956189,-0.000238221274951,4.5288681238e-05
-0.000128092942732,-0.000106034711249,2.20582314832e-05
-0.000134116056843,-0.00013684011165,-2.72405480746e-06
-0.000182538688289,-0.000125013046512,5.75256417763e-05
-0.000145206875434,-0.000154057828102,-8.85095266763e-06
-0.000306037804146,-0.000235311170714,7.07266334318e-05
-0.000249936876593,-0.000251337083119,-1.40020652633e-06
-0.000182426478097,-0.000157197155719,2.5229322378e-05
-0.000302091279465,-0.0002874078664,1.46834130644e-05
-0.00027162583576,-0.000265084427563,6.54140819668e-06
-0.0001809874258,-0.000182072655491,-1.08522969086e-06
-0.000141613958748,-0.000181526372674,-3.99124139265e-05
-0.000153931468357,-0.000133484482573,2.04469857847e-05
-0.000268936367347,-0.00025423477214,1.47015952073e-05
-0.000192085960698,-0.000148253635915,4.38323247834e-05
-0.000265759445666,-0.000230156230906,3.56032147596e-05
-0.000125688204386,-0.00012013649854,5.55170584609e-06
-0.00021214327516,-0.000194752297161,1.73909779997e-05
-6.76930421649e-05,-0.000116231938688,-4.85388965233e-05
-0.000331951485204,-0.000270560184527,6.13913006771e-05
-0.00012326092421,-0.000159153916187,-3.58929919769e-05
-0.000165021105863,-0.000126726249516,3.82948563464e-05
-7.35698253073e-05,-0.000117684782229,-4.4114956922e-05
-0.000290911276402,-0.000204726748743,8.61845276586e-05
-0.000147315686627,-0.000163539841553,-1.62241549257e-05
-0.000264248312301,-0.000241118755359,2.31295569417e-05
-0.000355673556458,-0.000330443620101,2.52299363562e-05
-9.92524268423e-05,-0.00020509540677,-0.000105842979928
-0.000332775455693,-0.000286661750298,4.61137053948e-05
-0.000204951319449,-0.000235748489177,-3.07971697277e-05
-0.000202805621628,-0.000192468206282,1.03374153465e-05
-0.000263479674727,-0.000232316188471,3.11634862552e-05
-0.000293898525597,-0.000251037969506,4.28605560905e-05
-0.000257746267775,-0.000131422289269,0.000126323978506
-0.000163353138956,-0.000154162322247,9.19081670937e-06
-0.000196959731785,-0.000192894975394,4.06475639094e-06
-0.000182037987264,-0.000112147048887,6.9890938377e-05
-0.000238800916053,-0.000167188643372,7.16122726815e-05
-0.000308247131592,-0.000244801115435,6.34460161579e-05
-0.000169959056079,-0.000161147614816,8.81144126347e-06
-0.000313446777347,-0.000212732787016,0.000100713990331
-0.00020558466692,-0.000161283086238,4.4301580682e-05
-0.000120921688385,-6.29556619218e-05,5.79660264632e-05
-0.000193959877637,-0.000176618886654,1.7340990983e-05
-0.000347026938893,-0.000254217239061,9.28096998323e-05
-0.000272050912646,-0.000236970383521,3.5080529125e-05
-0.000175233727579,-9.6300768702e-05,7.8932958877e-05
-0.000240091481431,-0.000207553216979,3.25382644519e-05
-0.000211480366062,-0.000180417343411,3.10630226504e-05
-0.000205299515187,-0.000217274594185,-1.1975078998e-05
-0.000354215089451,-0.00029519276201,5.90223274412e-05
-0.000192551305515,-0.000140305859402,5.22454461129e-05
-0.00027114230777,-0.000217804098942,5.33382088281e-05
-0.000143505226886,-0.00013587946721,7.62575967616e-06
-0.000307933387188,-0.000231078035308,7.68553518791e-05
-0.000355467856338,-0.000208945028243,0.000146522828095
-0.00011455671585,-3.31330686104e-05,8.14236472394e-05
-0.000187868663795,-0.000188564980665,-6.96316870083e-07
-0.000182128397999,-0.00017781577437,4.31262362894e-06
-0.000197804996487,-0.000143937975331,5.38670211561e-05
-0.000266145231105,-0.000193263445494,7.28817856111e-05
-0.000163371171233,-0.000133582311439,2.97888597941e-05
-0.000390361198087,-0.000340344048838,5.00171492488e-05
-0.000348250837376,-0.000287075438902,6.11753984739e-05
-0.000164542928792,-0.000183920924437,-1.93779956447e-05
-0.000145700646603,-0.000192337557482,-4.66369108798e-05
-0.000339738340246,-0.000285929944221,5.38083960244e-05
-0.000158614025381,-0.000176180243099,-1.75662177178e-05
-0.000363640710041,-0.000264278551307,9.93621587342e-05
-8.44086580725e-05,-0.000105206823561,-2.07981654888e-05
-7.43774005397e-05,-3.93608276254e-05,3.50165729143e-05
-0.00036666458813,-0.000265340583314,0.000101324004816
-0.000116194907825,-0.000113654973343,2.53993448267e-06
-0.000298377836542,-0.000248974453757,4.94033827848e-05
-8.71257385355e-05,-9.75494383085e-05,-1.0423699773e-05
-0.000200421208175,-0.000186184710016,1.4236498159e-05
-0.000358779421444,-0.000230786616919,0.000127992804525
-0.000423705526184,-0.000314949534806,0.000108755991378
-0.000207674494453,-0.000175249462678,3.24250317754e-05
-0.000317699215426,-0.000276133232448,4.15659829781e-05
-0.000167901446894,-0.000161165186229,6.73626066529e-06
-0.000103335742424,-8.35010528696e-05,1.9834689554e-05
-0.000135671729535,-6.21296053039e-05,7.35421242316e-05
-0.000281027796558,-0.000271423236249,9.60456030918e-06
-0.000448003460968,-0.000326743620765,0.000121259840203
-0.000338705461003,-0.00023219437661,0.000106511084393
-0.000195544181412,-0.000186089701447,9.45447996432e-06
-0.000302777473756,-0.000256115118557,4.66623551988e-05
-0.000402214025784,-0.000305472924126,9.67411016586e-05
4.38138065453e-06,-6.34342793684e-05,-6.78156600229e-05
-0.00029878994201,-0.000287301332193,1.14886098168e-05
-0.000150344788058,-0.000141324771165,9.02001689377e-06
-0.000244679418537,-0.000224532838853,2.01465796838e-05
-0.000168535375597,-0.000138284613799,3.0250761798e-05
-0.000206814300368,-0.00018853737942,1.8276920948e-05
-0.000161560098966,-0.000112875024446,4.86850745198e-05
-0.00027883600463,-0.000238262859873,4.05731447574e-05
-9.31067682998e-05,-8.03994361756e-05,1.27073321242e-05
-0.000317725266061,-0.000225090419123,9.26348469381e-05
-0.000268139409529,-0.000197701243704,7.04381658248e-05
-0.000193100822776,-0.000172968187502,2.01326352738e-05
-0.000252638779651,-0.000221787177708,3.08516019424e-05
-8.4548505825e-05,-8.94300877947e-05,-4.88158196969e-06
-9.38942646933e-05,-0.000102446644474,-8.55237978073e-06
-0.000177951955099,-0.00018383821508,-5.88625998162e-06
-0.000123640812733,-0.000118419977121,5.2208356119e-06
-0.000212118495167,-0.000259308028971,-4.71895338037e-05
-0.000191429276984,-0.000214225348158,-2.27960711742e-05
-0.000162070883238,-0.00010676722998,5.53036532581e-05
-0.000197981924737,-0.000114982661871,8.29992628657e-05
-0.000321088705437,-0.000236922580604,8.41661248329e-05
-0.000317073380443,-0.000304964119296,1.21092611472e-05
-0.00027899836788,-0.000296278940028,-1.72805721486e-05
-0.000226663799023,-0.000217881642901,8.78215612138e-06
-0.000278396338631,-0.00030011234245,-2.17160038199e-05
-0.00051604142586,-0.000405955623353,0.000110085802507
-0.000211158779261,-0.000123928544685,8.72302345757e-05
-9.10396863551e-05,-0.000104967869592,-1.39281832366e-05
-0.000215299315598,-0.000192764392937,2.25349226618e-05
-0.00023531510171,-0.00018337431112,5.19407905891e-05
-0.000287152324538,-0.000305425805892,-1.8273481354e-05
-0.000256309307271,-0.000237226951042,1.90823562296e-05
-0.000281056026353,-0.0001958653434,8.51906829536e-05
-0.000158616424632,-0.000122643949559,3.59724750727e-05
-0.000167106733297,-0.00012723665268,3.98700806174e-05
-0.000194496908552,-0.000152536875734,4.1960032818e-05
-0.000237173747394,-0.000268969056224,-3.17953088294e-05
-0.000387143060364,-0.000320178330195,6.69647301697e-05
-0.000107383868914,-0.000135096420789,-2.7712551875e-05
-0.000260484163763,-0.000181828351079,7.86558126839e-05
-8.44765252457e-05,-0.000100044522677,-1.55679974309e-05
-0.000355214871011,-0.000274046483214,8.1168387797e-05
-0.000210784130402,-0.000215928649829,-5.14451942755e-06
-0.000164973519774,-0.000158979373528,5.99414624532e-06
-0.000289448415653,-0.000240563382524,4.88850331291e-05
-0.000297607550167,-0.000190863509341,0.000106744040826
-0.000220839446647,-0.000146467142981,7.43723036663e-05
-0.000153248065474,-0.000196980825853,-4.37327603793e-05
-0.000128997574533,-9.90151817878e-05,2.99823927457e-05
-0.000143371388379,-0.000153858527462,-1.04871390834e-05
-0.000198764972848,-0.000247840707195,-4.90757343473e-05
-0.000179370983013,-0.000159069267515,2.03017154977e-05
-0.000319352163717,-0.000325840463296,-6.48829957831e-06
-0.000149559916568,-0.000149275901612,2.84014956161e-07
-0.000319301358279,-0.000240928819349,7.83725389301e-05
-9.6153354136e-05,-9.32732368553e-05,2.88011728074e-06
-2.73803062584e-05,-0.000164172698929,-0.00013679239267
-0.000138827070918,-9.77714155181e-05,4.10556553997e-05
-0.000303864089327,-0.000307270233254,-3.40614392677e-06
-0.000223141333902,-0.000188151019446,3.49903144562e-05
-0.000169679214193,-0.000161230658373,8.44855582052e-06
-0.000259355962941,-0.000239352759699,2.00032032414e-05
-0.000233888821229,-0.000250204101444,-1.63152802156e-05
-0.000183975367313,-0.000213429243573,-2.94538762602e-05
-0.000157910846881,-0.000131465193353,2.64456535279e-05
-0.000221081962788,-0.000187383711179,3.36982516087e-05
-0.000272973463034,-0.00021023841209,6.27350509441e-05
-0.000115640882159,-0.000124414367905,-8.77348574596e-06
-0.000104489513934,-8.0514821144e-05,2.39746927897e-05
-0.000315012556419,-0.000257081776006,5.7930780413e-05
-0.000184177004076,-0.00012772877796,5.64482261152e-05
-0.000140058140842,-0.000140526213811,-4.68072968842e-07
-0.000263603178797,-0.000253617055004,9.98612379343e-06
-0.000249714832375,-0.000243440010395,6.27482198008e-06
-0.000145863554939,-0.000132547238777,1.3316316163e-05
-0.000221351395879,-0.000214116105725,7.23529015462e-06
-0.000148829966451,-0.000138955298203,9.8746682476e-06
-9.95400611907e-05,-8.01629627236e-05,1.93770984671e-05
-0.000290201914311,-0.000233787106348,5.64148079625e-05
-5.09869986409e-05,-5.05938788368e-05,3.93119804134e-07
-0.000125570971234,-9.94531409236e-05,2.61178303105e-05
-0.000196712326326,-0.000209995936129,-1.32836098025e-05
-0.000364175022564,-0.000230872212393,0.000133302810171
-0.000246072444571,-0.000185055595632,6.1016848939e-05
-0.000227345526169,-0.000208015294018,1.9330232151e-05
-0.000179398933029,-0.000103137615641,7.62613173885e-05
-0.00028794334102,-0.000311324824035,-2.33814830156e-05
-0.000170424655439,-0.000181125048122,-1.07003926834e-05
-0.000134660722537,-0.000134543401063,1.17321474659e-07
-0.000230449126356,-0.000239549484001,-9.10035764553e-06
-0.000195451525912,-0.000297923331461,-0.000102471805549
-0.000217451016031,-0.000176562274162,4.08887418687e-05
-7.0279592722e-05,-9.64455771138e-05,-2.61659843918e-05
-0.000232847894087,-0.000226736330387,6.11156370071e-06
-8.15724876845e-05,-0.000115199902258,-3.36274145733e-05
-0.000210762561662,-0.000246798690305,-3.60361286437e-05
-0.000147738940914,-0.000155280479442,-7.5415385284e-06
-0.000241277817416,-0.000124859178058,0.000116418639358
-6.04461854083e-05,-0.000102327761665,-4.18815762569e-05
-0.000330930651986,-0.000265090174304,6.58404776816e-05
-0.000141284635834,-0.00015419304579,-1.29084099556e-05
-0.000246755150958,-0.000168993248872,7.77619020856e-05
-0.000113065502505,-0.00014513173535,-3.2066232845e-05
-0.000241356987114,-0.000290847714916,-4.94907278018e-05
-0.000343374742862,-0.000268249396522,7.51253463399e-05
-0.000190153492925,-0.000205099588544,-1.49460956185e-05
-0.000240038370473,-0.000274572192191,-3.45338217183e-05
-0.000241852478917,-0.000223543828656,1.83086502606e-05
-0.000204472861791,-0.000107974722924,9.64981388671e-05
-0.000105795130331,-0.000151992885825,-4.6197755494e-05
-0.000115514776556,-8.61607195661e-05,2.93540569902e-05
-0.000275214038966,-0.000249091539228,2.61224997385e-05
-0.000116179251802,-0.000111842502167,4.33674963496e-06
-0.000169247645605,-0.000118664397472,5.05832481329e-05
-0.000315654539085,-0.000287053066535,2.86014725498e-05
-0.000199205958742,-0.000274241971556,-7.50360128145e-05
-0.000144203318306,-0.000203244445684,-5.90411273784e-05
-0.000116218904951,-0.000201869850419,-8.56509454675e-05
-0.000129185015655,-0.000139197587484,-1.00125718293e-05
-0.000249430877201,-0.00020135820609,4.80726711108e-05
-0.000175529479554,-0.000138451401324,3.70780782295e-05
-0.000406196188424,-0.000282475293085,0.00012372089534
-0.000150571818717,-0.000160027736947,-9.45591823022e-06
-0.000167774271403,-0.000101241823751,6.65324476524e-05
-0.000263113400094,-0.00025228798736,1.08254127335e-05
-0.000238583746706,-0.000173966413322,6.46173333839e-05
-0.00019763458044,-0.000154862066194,4.27725142463e-05
-0.00022674185055,-0.000186620579178,4.01212713726e-05
-0.000204553602561,-0.000137824995587,6.67286069749e-05
-0.000185030403682,-0.000212467306231,-2.74369025489e-05
-0.000216281934018,-0.000188805776437,2.74761575812e-05
-0.000319162682339,-0.000250575538563,6.85871437757e-05
-0.000218150845051,-0.000162789797823,5.53610472283e-05
-0.000215035698384,-0.000213431675858,1.604022526e-06
-0.000343552763939,-0.000272146638605,7.14061253338e-05
-0.000134324029204,-0.000141771913863,-7.44788465843e-06
-0.000192481452215,-0.000184154788582,8.32666363302e-06
-0.000257061050164,-0.000256246713524,8.14336639566e-07
-0.000125259531362,-0.000139862119337,-1.46025879751e-05
-0.000357585437417,-0.000264794313874,9.27911235434e-05
-0.000204004757007,-0.000145726544284,5.82782127238e-05
-0.000311170522691,-0.000279004391116,3.21661315745e-05
-0.000183684087235,-0.000164855442568,1.88286446673e-05
-0.000240649055995,-0.000162570527747,7.80785282476e-05
-0.000203982913983,-0.000125462942959,7.8519971023e-05
-0.000264549867245,-0.000168711635042,9.58382322031e-05
-0.000242330446524,-0.000175379244091,6.69512024327e-05
-0.000241350217016,-0.00025505577512,-1.37055581047e-05
-0.00026546787289,-0.000248954862687,1.65130102037e-05
-0.000130554383081,-0.00016557313542,-3.50187523394e-05
-0.00023727034433,-0.00020188368962,3.53866547102e-05
-0.000206904267422,-0.000157518954634,4.93853127877e-05
-0.000303258083707,-0.000213259573307,8.99985104003e-05
-0.000306870788192,-0.000258886114333,4.79846738595e-05
-0.000176917455665,-0.000122650538689,5.42669169758e-05
-0.000197665214834,-0.000206458113131,-8.79289829706e-06
-0.000122467862094,-5.96531170661e-05,6.28147450283e-05
-0.000182682577653,-0.000184855490993,-2.1729133393e-06
-0.000238322213059,-0.000230459366933,7.86284612647e-06
-0.00034622609567,-0.000212323526237,0.000133902569433
-0.000205949792459,-0.000178660892675,2.7288899784e-05
-0.000211797738999,-0.000231490484269,-1.96927452701e-05
-0.000136030477931,-0.000173718616557,-3.76881386259e-05
-0.000189438588931,-0.000171078360516,1.83602284153e-05
-0.000312112906576,-0.000276111850635,3.60010559408e-05
-0.000301712400094,-0.000217454824537,8.42575755573e-05
-9.03328718486e-05,-0.000130734224215,-4.04013523663e-05
-0.000123466844401,-0.000131730587976,-8.26374357465e-06
-0.000184255575448,-0.000208645422954,-2.43898475058e-05
-0.000258458837644,-0.000275183386226,-1.67245485823e-05
-0.000295203038141,-0.000265460297303,2.97427408374e-05
-0.000157335997798,-0.000137858250426,1.94777473721e-05
-0.000368812438812,-0.000252835024775,0.000115977414037
-9.34499280129e-05,-0.000176620971792,-8.31710437795e-05
-0.000156801145266,-0.000238463311711,-8.16621664442e-05
-0.000255903137735,-0.000183824910961,7.20782267738e-05
-0.000145153917631,-0.000179643052535,-3.44891349037e-05
-0.000123158074067,-0.000166780898718,-4.36228246515e-05
-0.000276066800306,-0.000210402822616,6.56639776892e-05
-0.000179270058857,-0.000170337365389,8.93269346812e-06
-0.000217925490559,-0.000199345919391,1.85795711675e-05
-0.000234906101748,-0.000216757018737,1.81490830101e-05
-0.000303169076419,-0.000319546918197,-1.63778417771e-05
-0.000124310350859,-0.000165241879307,-4.09315284477e-05
-0.000226610610491,-0.000188544840551,3.80657699396e-05
-0.000161677612121,-0.000149576648974,1.21009631464e-05
-0.000249748124548,-0.000182142954297,6.76051702513e-05
-0.000215972640725,-0.000217270002556,-1.29736183105e-06
-0.000312309963427,-0.000245259636879,6.70503265476e-05
-0.000117107249355,-0.000104510080067,1.25971692886e-05
-0.000137206145121,-0.00011734743868,1.98587064414e-05
-0.000288925381663,-0.000206419587372,8.2505794291e-05
-0.000230114933256,-0.000162451828534,6.76631047213e-05
-0.000154064798224,-0.000105207816126,4.88569820986e-05
-0.000150996401872,-0.000201572615992,-5.05762141204e-05
-0.000111854131107,-0.000124941189702,-1.30870585959e-05
-0.000351787880636,-0.000248915743248,0.000102872137389
-7.70105449808e-05,-7.84361913756e-05,-1.42564639476e-06
-0.000163439938189,-0.000155768834559,7.67110362916e-06
-0.000227570568743,-0.000238844687268,-1.12741185246e-05
-0.000161163316006,-0.000166756567014,-5.59325100825e-06
-0.00023979559127,-0.000227967850142,1.18277411287e-05
-0.000122775583477,-0.000140587221278,-1.78116378007e-05
-0.000251025374363,-0.000268356360274,-1.73309859116e-05
-0.000378718336498,-0.000385435512636,-6.71717613786e-06
-9.58143297958e-05,-0.000102089066912,-6.27473711594e-06
-0.000215418384891,-0.000138281767363,7.71366175281e-05
-0.000362242489066,-0.000254762374031,0.000107480115035
-0.000200845632608,-0.000138491668021,6.23539645865e-05
-0.000185647873795,-0.000181494068205,4.15380559055e-06
-0.000153126455851,-0.000177363092732,-2.42366368802e-05
-0.000191598188132,-0.000119544247724,7.20539404081e-05
-0.00042744144756,-0.00036851485427,5.89265932898e-05
-0.000201544798618,-0.000151849911775,4.9694886843e-05
-0.000208207424153,-0.00019574150835,1.24659158036e-05
-3.34505932056e-05,-7.403039199e-05,-4.05797987844e-05
-0.000214348246165,-0.000185936104829,2.84121413356e-05
-0.000349910995672,-0.000290962188499,5.8948807173e-05
-0.000319280646447,-0.000264950143456,5.43305029914e-05
-0.000258571015342,-0.000244980385843,1.35906294997e-05
-0.000245480687921,-0.000220672119927,2.4808567994e-05
-0.00038784971818,-0.000310756674114,7.70930440667e-05
-0.000199474541278,-0.000231231308224,-3.17567669456e-05
-0.000274857473123,-0.000238946901309,3.5910571814e-05
-0.000256582412364,-0.000206645199654,4.99372127102e-05
-0.000310123834159,-0.000234390350515,7.57334836437e-05
-0.000329582204759,-0.000254768733762,7.48134709973e-05
-0.000208116709465,-0.00015804595686,5.00707526054e-05
-0.000207253510265,-0.000242477734866,-3.52242246011e-05
-0.000306887435235,-0.000319711338704,-1.28239034688e-05
-0.000186182387748,-0.000186563635465,-3.81247716651e-07
-0.000215516579994,-0.000175295314327,4.02212656667e-05
-0.00023730933731,-0.000143173961584,9.41353757265e-05
-0.000248256644099,-0.000168322335682,7.99343084169e-05
-0.000282657351292,-0.000229413279749,5.32440715431e-05
-0.000229125017693,-0.000261901226719,-3.27762090267e-05
-0.000406287740683,-0.000224149404294,0.000182138336389
-0.000179521881995,-0.000120524048733,5.89978332624e-05
-0.00016547301184,-0.000144541077763,2.09319340772e-05
-0.000175422486546,-0.000158058889605,1.73635969412e-05
-0.000216968878119,-0.000119418081296,9.75507968226e-05
-0.00026337714397,-0.0001619179281,0.00010145921587
-0.000161928147546,-0.000177661347415,-1.57331998689e-05
-0.000237791287023,-0.000118658094273,0.00011913319275
-0.000174615385841,-0.00016368800805,1.09273777907e-05
-0.000297663030747,-0.00029333804646,4.32498428656e-06
-0.000269794214722,-0.000260192929909,9.60128481265e-06
-0.000293344951329,-0.000235061654815,5.82832965132e-05
-0.000292781866161,-0.000212078688445,8.07031777156e-05
-0.000364728217955,-0.000282080512635,8.26477053197e-05
-0.000321699398866,-0.000206985274437,0.00011471412443
-5.02194847892e-05,-8.54025464119e-05,-3.51830616227e-05
-0.000207386321816,-0.000197432468926,9.95385288984e-06
-0.00025541446262,-0.000292096749398,-3.66822867774e-05
-0.000137894685415,-0.00014535350938,-7.45882396459e-06
-0.000218316488348,-0.000169797731422,4.85187569268e-05
-0.000331556772584,-0.000219861051178,0.000111695721406
-0.000271022277206,-0.000256084370543,1.49379066626e-05
-0.000181544306291,-0.000203711137954,-2.21668316623e-05
-0.000345066148051,-0.00028895235623,5.61137918203e-05
-0.000232986389402,-0.000251101529342,-1.81151399403e-05
-0.000271307383239,-0.000172850173017,9.84572102222e-05
-7.18175139433e-05,-0.000111698996191,-3.98814822479e-05
-0.000216511208779,-0.00021440467148,2.10653729939e-06
-0.000441139221973,-0.000374472451055,6.66667709187e-05
-0.000248014405349,-0.000251786379029,-3.77197367934e-06
-0.000141379133241,-9.90216662961e-05,4.23574669444e-05
-0.00016762497074,-0.000173127982853,-5.50301211315e-06
-0.000223200885582,-0.000195918670852,2.72822147293e-05
-0.000342203326784,-0.00025153155112,9.06717756634e-05
-0.000287195281974,-0.000198779404665,8.84158773096e-05
-0.000171762284263,-7.64766453595e-05,9.52856389036e-05
-0.000110760762173,-0.000190883960548,-8.01231983748e-05
-0.000203027021228,-0.000134993884994,6.80331362345e-05
-0.000155430219376,-0.000155971927428,-5.41708051799e-07
-0.000279611476984,-0.000174962686955,0.000104648790029
-0.00028327700305,-0.000203740251929,7.95367511207e-05
-0.000205075308547,-0.000151650285994,5.34250225536e-05
-0.000499526441094,-0.000402914301235,9.66121398591e-05
-0.000318287458332,-0.000283575335413,3.47121229192e-05
-0.000193431842901,-0.000162776544969,3.06552979321e-05
-1.34643054382e-05,-8.1275907169e-06,5.33671472134e-06
-0.000305549466938,-0.000215379097251,9.01703696871e-05
-0.000221558836589,-0.00018362362921,3.79352073781e-05
-0.000391761606238,-0.000347615961673,4.41456445659e-05
-0.000298307386429,-0.000208073957425,9.02334290043e-05
-0.000292452492507,-0.000265134995574,2.73174969327e-05
-7.6369618358e-05,-0.000120281935797,-4.3912317439e-05
-0.000319795098292,-0.000319140840646,6.54257646149e-07
-0.000139105101834,-0.000150515814046,-1.14107122115e-05
-0.000179575488094,-0.00018049346033,-9.17972236119e-07
-0.000170140391198,-0.000199561857496,-2.94214662981e-05
-0.000264082339419,-0.000285904569368,-2.18222299495e-05
-0.000250366774539,-0.000155842812874,9.45239616648e-05
-0.000366488553247,-0.000274948338579,9.15402146683e-05
-0.000312928463209,-0.00020727850618,0.000105649957029
-6.42643911578e-05,-6.43626285197e-05,-9.82373619244e-08
-0.000280780589941,-0.00021832533797,6.24552519711e-05
-0.000224523283751,-0.000191723718022,3.27995657292e-05
-0.000242372598435,-0.000181160243168,6.12123552668e-05
-0.000171599940758,-0.000222343242293,-5.07433015349e-05
-0.000198100768716,-0.000153589241651,4.45115270652e-05
-0.000314844393613,-0.000209888903342,0.000104955490271
-3.05506920533e-05,-9.00816430765e-05,-5.95309510233e-05
-0.00019661274422,-0.000225347298054,-2.87345538337e-05
-0.000226433140318,-0.000190162036972,3.6271103346e-05
-0.000282452377198,-0.000258415676171,2.40367010268e-05
-4.07434956323e-05,-8.97483388851e-05,-4.90048432528e-05
-0.000378798297039,-0.000322791911566,5.60063854725e-05
-0.000371417663319,-0.000268401419864,0.000103016243455
-0.000122094314837,-5.54676080534e-05,6.66267067836e-05
-0.000324264033104,-0.00022884329885,9.54207342541e-05
-9.00307197858e-05,-0.000145250429439,-5.52197096534e-05
-0.000164566576919,-0.000162049355036,2.51722188224e-06
-0.00010479932459,-0.000115147230125,-1.03479055344e-05
-0.000108661403844,-0.000141138194914,-3.24767910698e-05
3.26761792558e-05,-3.90217660427e-05,-7.16979452985e-05
-0.000222758503128,-0.000177908246386,4.48502567418e-05
-0.000270090379773,-0.000190750071574,7.93403081983e-05
-0.000277973896386,-0.000220525891454,5.74480049314e-05
-0.000352554945569,-0.000269382164089,8.31727814803e-05
-0.000197654435907,-0.000174363477513,2.32909583939e-05
-0.000126966347437,-9.58919385144e-05,3.10744089227e-05
-0.000238754728542,-0.000239712402224,-9.57673682309e-07
-0.000319643739693,-0.000317258962745,2.3847769487e-06
-0.000241778257536,-0.000278463150161,-3.6684892625e-05
-0.000247449808305,-0.000212539605844,3.49102024609e-05
-0.00011994093566,-6.69775814534e-05,5.29633542071e-05
-0.000191492891881,-0.000110868861544,8.06240303377e-05
-0.000256513900681,-0.000232036586264,2.44773144173e-05
-0.000268098280284,-0.000187168028697,8.0930251587e-05
-0.000255153545222,-0.000173501347201,8.16521980205e-05
-0.000105710935609,-0.00012058026791,-1.4869332301e-05
-0.000315984450315,-0.000273365735138,4.26187151772e-05
-0.000226581220905,-0.000249038312151,-2.24570912468e-05
2.0835406317e-05,-2.92594624896e-05,-5.00948688066e-05
-0.00022865008108,-0.00027100031687,-4.23502357897e-05
-0.000256277581001,-0.000151223968112,0.000105053612889
-0.000278622267525,-0.000216987052645,6.16352148796e-05
-0.000217658691667,-0.000188635875915,2.90228157529e-05
-0.000102366701704,-7.3042672532e-05,2.93240291717e-05
-0.000313166024868,-0.000318516295361,-5.35027049334e-06
-0.000175217516229,-0.000185594627718,-1.03771114884e-05
-0.000226243134702,-0.000188484905934,3.77582287679e-05
-0.000209802935591,-0.000118779564155,9.10233714365e-05
-0.000293024265639,-0.000238979341607,5.40449240317e-05
-0.000177465522928,-0.00012417981367,5.32857092577e-05
-0.000233396172727,-0.000179193960762,5.42022119647e-05
-0.000175642044052,-0.00020855327669,-3.29112326385e-05
-0.000167918452458,-0.000134250512611,3.36679398463e-05
-0.000153888927748,-0.000177330650618,-2.34417228706e-05
-0.000161688272103,-0.000177162181893,-1.54739097909e-05
-0.000171483561709,-0.000234773534432,-6.32899727233e-05
-0.000275272765193,-0.000210098323777,6.51744414159e-05
-0.000292764374858,-0.000172047527718,0.00012071684714
-0.000221231158954,-0.000155768993575,6.54621653788e-05
-0.000183915487733,-0.000203737917084,-1.98224293507e-05
-0.000309979660072,-0.000219000202139,9.09794579331e-05
-0.000207944189168,-0.000189569576503,1.83746126652e-05
-0.000307201629685,-0.000265217474174,4.19841555104e-05
-0.000295926410366,-0.000208405254017,8.75211563492e-05
-0.000193206059112,-0.000175655068115,1.75509909977e-05
-0.000207821238423,-0.00018732508563,2.0496152793e-05
-0.000223695952936,-0.000183418068725,4.02778842109e-05
-0.000446518355262,-0.000271604080345,0.000174914274917
-0.000199459633112,-0.000186213902614,1.32457304985e-05
-0.000180119136884,-0.000149529636406,3.05895004782e-05
-0.000226504847563,-0.000209412860954,1.70919866099e-05
-0.000366558512721,-0.000316344636139,5.02138765819e-05
-0.000179337458073,-0.000162246651778,1.7090806295e-05
-0.000122934149716,-0.000108964431805,1.39697179106e-05
-0.000136283507365,-0.000156915865679,-2.06323583142e-05
-0.000207094665226,-0.000125795489936,8.12991752898e-05
-0.000169077091955,-0.000163276358188,5.80073376721e-06
-0.000347190361593,-0.000248544792741,9.86455688523e-05
-0.000238934060184,-0.000225141455362,1.37926048216e-05
-0.000265101107249,-0.000228657049429,3.64440578192e-05
-0.000238210933336,-0.000231989914483,6.22101885222e-06
-0.000315993611438,-0.000253687966952,6.23056444857e-05
-2.14857722666e-05,-3.23599273641e-05,-1.08741550975e-05
-0.00037022474051,-0.000270136927208,0.000100087813301
-0.000215287017273,-0.000172109648621,4.31773686513e-05
-4.48687995051e-05,-6.63468331504e-05,-2.14780336454e-05
-0.000268621860497,-0.000234490158323,3.41317021738e-05
-0.000376595078701,-0.000295093589847,8.15014888536e-05
-0.000269001141196,-0.000248872787981,2.0128353215e-05
-0.000161311501176,-0.000118957474929,4.23540262467e-05
-0.000170727868837,-0.000203643539614,-3.29156707774e-05
-0.000175020006579,-0.000172802662215,2.21734436405e-06
-3.36039553978e-06,-5.0411148066e-05,-4.70507525262e-05
-0.0002568134391,-0.000232639887207,2.41735518932e-05
-0.000183734300528,-6.54836488811e-05,0.000118250651647
-0.000224965438618,-0.000236768609741,-1.18031711223e-05
-0.00023764610654,-0.000181535006045,5.61111004952e-05
-0.00034818993,-0.000219720562284,0.000128469367717
-0.000256928568082,-0.000186379930747,7.05486373353e-05
-0.00018756196914,-0.000138917807817,4.86441613235e-05
-0.000224671799631,-0.000238553229172,-1.38814295414e-05
-9.92467360696e-05,-0.000155968348529,-5.67216124594e-05
-0.000257061736069,-0.00018985585089,6.72058851787e-05
-0.000346484343395,-0.000254053612132,9.24307312635e-05
-0.000241042432555,-0.000132704698387,0.000108337734169
-0.000220857086394,-0.000135581963962,8.52751224322e-05
-0.00029554677247,-0.00028051419635,1.50325761201e-05
-0.000273115054369,-0.000246692033682,2.64230206874e-05
-0.000175268831852,-0.00013467174434,4.0597087513e-05
-0.000210057967858,-0.000238421562515,-2.83635946571e-05
-0.000341070455403,-0.000255145510746,8.5924944657e-05
-0.000345864302742,-0.000224476303194,0.000121387999548
-0.000255271957726,-0.000171440173369,8.38317843568e-05
-0.000265806876126,-0.000200525501278,6.52813748478e-05
-0.00013641095086,-0.000141325403677,-4.91445281781e-06
1.60374482339e-05,-5.30349306458e-05,-6.90723788798e-05
-0.000417656221435,-0.000363665079435,5.39911419996e-05
-0.000344414609846,-0.00028225401083,6.21605990158e-05
-0.000178187622926,-0.000106969062871,7.12185600548e-05
-0.000212492520265,-0.000154721356233,5.77711640324e-05
-0.000198836001086,-0.000193614033858,5.22196722741e-06
-9.04877508659e-05,-6.98944459419e-05,2.05933049241e-05
-9.17012700574e-05,-0.000125089072498,-3.33878024406e-05
-0.000186688206614,-0.000125748484517,6.09397220963e-05
-0.000149813208555,-0.000109016385167,4.07968233877e-05
-0.000271795218628,-0.000241803378149,2.99918404791e-05
-0.000273447724042,-0.000257054140025,1.6393584017e-05
-8.10114297727e-05,-9.04248706671e-05,-9.41344089444e-06
-0.000307161145516,-0.0002388528803,6.83082652158e-05
-0.000142376054964,-0.000120543805064,2.18322499006e-05
-0.000334026700877,-0.000279282481702,5.47442191751e-05
-0.000331862435396,-0.000249617716734,8.22447186623e-05
-0.000297505547483,-0.000238506717901,5.89988295819e-05
-0.000348442794987,-0.000286697332534,6.17454624528e-05
-0.000146990140325,-0.000115772059065,3.12180812595e-05
-0.000303320148231,-0.000310209093535,-6.88894530474e-06
-0.000209483903005,-0.000129097835759,8.03860672453e-05
-3.64271270655e-05,-7.40856212718e-05,-3.76584942062e-05
-0.000254706300597,-0.000155764421759,9.89418788373e-05
-0.000267669430651,-0.000225580576156,4.20888544951e-05
-0.000203749149775,-0.000228248905747,-2.44997559715e-05
-0.000174705029152,-0.000146303370277,2.84016588748e-05
-0.000234795674226,-0.000228836031652,5.95964257426e-06
-0.00036065810289,-0.000267007098121,9.36510047683e-05
-0.000105909998131,-8.20708921291e-05,2.38391060024e-05
-0.000227637438896,-0.000156421012838,7.12164260583e-05
-0.000227582700223,-0.000239346352691,-1.17636524676e-05
-0.000263855877408,-0.000209220849031,5.46350283776e-05
-0.000270847367496,-0.000232876685702,3.7970681794e-05
-0.000313794762537,-0.000227455471038,8.63392914989e-05
-9.49106531222e-05,-0.000115319440825,-2.04087877024e-05
-0.000366028834178,-0.000365533666224,4.95167954373e-07
-0.000238110594582,-0.000166910212207,7.12003823748e-05
-0.000173764787867,-0.000245081811499,-7.13170236327e-05
-0.000188493850839,-0.000221496872915,-3.3003022076e-05
-0.000116795539808,-0.000150065749793,-3.32702099854e-05
-0.00014750439081,-0.000206228116528,-5.87237257186e-05
-0.000252027426628,-0.000214704638973,3.73227876552e-05
-9.68034446177e-05,-9.28193954506e-05,3.98404916709e-06
-0.000308492871259,-0.000207165835006,0.000101327036254
-0.000203415866609,-0.000242185028449,-3.87691618405e-05
-0.000155037012733,-0.000177034829071,-2.19978163376e-05
-0.000379083362318,-0.000288403432596,9.06799297217e-05
-0.000176384739779,-0.000201980905379,-2.55961656004e-05
-7.45150099291e-05,-6.16731120121e-05,1.2841897917e-05
-0.000133769246166,-0.000142155471652,-8.38622548638e-06
-8.90984502437e-05,-5.92948062832e-05,2.98036439605e-05
-0.000251213523047,-0.000207593239921,4.3620283126e-05
-0.000196136234624,-0.000216354875504,-2.02186408796e-05
-0.000353626530672,-0.000281695770051,7.19307606207e-05
-0.000348618083403,-0.000297474940828,5.11431425751e-05
-7.19048723433e-06,-1.03174189481e-05,-3.12693171381e-06
-0.000264071370285,-0.000195938597315,6.81327729702e-05
-0.000260464824168,-0.000261684686733,-1.21986256533e-06
-0.00023462534007,-0.000236847970246,-2.22263017587e-06
-0.000225469345266,-0.000197797257106,2.76720881597e-05
-0.000234485993902,-0.000186544262723,4.79417311796e-05
-7.60492605669e-05,-0.000116759328277,-4.07100677104e-05
-0.000282427579685,-0.000226659723961,5.57678557232e-05
-0.000272041663006,-0.000267230469903,4.81119310269e-06
7.95415014581e-05,-3.90153263109e-05,-0.000118556827769
-0.000232280940686,-0.000239047721366,-6.76678067926e-06
-0.000396484639441,-0.00029264157385,0.000103843065591
-0.0002457849299,-0.000166155213753,7.96297161473e-05
-0.000169303802583,-0.000196454384974,-2.71505823905e-05
-0.000207381147817,-0.000184722889063,2.26582587539e-05
-0.000164792316143,-0.000183567644376,-1.87753282336e-05
-0.000307648792299,-0.000173815267941,0.000133833524358
-0.000151342144823,-0.000154577997,-3.23585217739e-06
-0.000197821388442,-0.000199124679109,-1.30329066687e-06
-0.000159215997678,-0.000176500061308,-1.72840636303e-05
-0.000274972187429,-0.00024503381669,2.99383707391e-05
-0.000251770126819,-0.000246702796521,5.06733029753e-06
-0.000306687364635,-0.000298564567405,8.12279723043e-06
-0.000359791432083,-0.000343604426602,1.61870054816e-05
-0.000199172655607,-0.000227781031468,-2.86083758616e-05
-0.000346470802645,-0.000345229274085,1.24152855961e-06
-0.000163550850876,-0.000115670624532,4.78802263442e-05
-0.000302715778191,-0.00024912965631,5.35861218806e-05
-0.000235617106593,-0.000167245225348,6.83718812457e-05
-0.000165702953145,-0.000131701459547,3.40014935977e-05
-0.000204627318838,-0.000152790494847,5.18368239906e-05
-0.000333184149057,-0.000254042327771,7.91418212856e-05
-0.00036918436004,-0.000331915661268,3.72686987714e-05
-0.00021649649916,-0.000178868767742,3.76277314173e-05
-7.81285144822e-05,-8.55645003132e-05,-7.43598583093e-06
-0.000135688924527,-0.000113763627543,2.19252969844e-05
-0.000251091451578,-0.000231847368935,1.92440826425e-05
-0.000242216935095,-0.000204655283402,3.75616516928e-05
-0.000263081659658,-0.000179327613614,8.37540460445e-05
-0.000262765463285,-0.000245754558236,1.70109050485e-05
-0.000235723165015,-0.000222642108498,1.30810565172e-05
-0.000165435863181,-0.000173773770002,-8.33790682172e-06
-0.000357689586071,-0.000303694795933,5.39947901385e-05
-0.000210886400119,-0.000153162815555,5.77235845646e-05
-0.000350198200492,-0.000320625386982,2.95728135099e-05
-0.000147827692282,-0.000194362613045,-4.6534920763e-05
-0.000183316397118,-0.000219955134637,-3.66387375194e-05
-0.000356874917318,-0.000195578823213,0.000161296094104
-0.000397948870417,-0.000312891474623,8.50573957943e-05
-0.000234710224297,-0.000224140710503,1.05695137936e-05
-0.000278693286127,-0.00020746605873,7.12272273973e-05
-0.000321885278848,-0.000243452377642,7.84329012065e-05
-0.000230974070717,-0.000213241128995,1.77329417218e-05
-0.000245244474085,-0.000264780720557,-1.95362464722e-05
-0.000166744765734,-0.000143034860075,2.37099056592e-05
-0.000151713578465,-0.000106545426941,4.51681515245e-05
-0.000253827522837,-0.000233258032459,2.05694903778e-05
-8.47033934327e-05,-0.000122883325376,-3.81799319438e-05
-0.00024291901731,-0.000236541023143,6.3779941668e-06
-0.000180293826733,-0.000215990808422,-3.56969816885e-05
-0.000207778877519,-0.000188224273397,1.95546041221e-05
-0.000240319863869,-0.000133962838969,0.0001063570249
-0.000209774460306,-0.000219563114281,-9.78865397542e-06
-0.000285899444308,-0.000192980495739,9.2918948569e-05
-9.54834018411e-05,-9.62079789252e-05,-7.2457708408e-07
-0.000247717764491,-0.000230653769426,1.70639950652e-05
-0.000303926113967,-0.000283193012771,2.07331011958e-05
-3.25742147527e-05,-3.6332506097e-05,-3.75829134425e-06
-0.000207760748326,-0.000213946458911,-6.1857105849e-06
-0.000231820513233,-0.000196325496256,3.54950169766e-05
-0.000300593123972,-0.000200437035397,0.000100156088575
-0.000183016885309,-0.000177860396712,5.1564885963e-06
-0.000404688178498,-0.000310513983061,9.41741954369e-05
-0.000281935129631,-0.000183024538143,9.89105914877e-05
-0.000256181901729,-0.000263927343304,-7.74544157587e-06
-0.000100702721375,-0.000106089930087,-5.38720871179e-06
-0.000175447139827,-0.000167130365674,8.31677415258e-06
-0.000129931638014,-0.000126846056727,3.08558128655e-06
-0.000180670976703,-0.000129651559101,5.10194176022e-05
-3.69674240613e-06,-9.51842517519e-05,-9.14875093458e-05
-0.000246962783974,-0.000177143160556,6.98196234177e-05
-7.22957805618e-05,-7.17433624494e-05,5.52418112425e-07
-0.00013886344262,-0.00015369888768,-1.48354450604e-05
-0.000336514306162,-0.000255205031502,8.13092746601e-05
-0.00018177972108,-0.000162264843209,1.95148778714e-05
-0.000157023106404,-0.000123274282831,3.37488235731e-05
-8.54577167297e-05,-0.000107705865124,-2.22481483943e-05
-0.000331759726074,-0.000281537410851,5.02223152231e-05
-0.000226792764819,-0.000155917852089,7.087491273e-05
-0.000159939135974,-0.000157469002031,2.47013394339e-06
-0.00021935641106,-0.000198761086053,2.05953250064e-05
-0.000219556035227,-0.000188363505153,3.11925300747e-05
-0.000252985758582,-0.000179510355471,7.34754031105e-05
-5.95633135427e-05,-4.64558606459e-05,1.31074528967e-05
-0.000294582382485,-0.000276815273096,1.77671093882e-05
-0.000380797518633,-0.000279564861524,0.000101232657109
-0.000297751616606,-0.000230729975051,6.70216415547e-05
-0.000176275529578,-0.000160292159116,1.59833704615e-05
-0.000336356585986,-0.000198974574827,0.000137382011159
-0.000166841572221,-0.000149496006163,1.73455660586e-05
-0.00047573662839,-0.000299691352001,0.000176045276389
-0.000258458748534,-0.000178477561684,7.99811868508e-05
-0.000172139162533,-0.000120516083236,5.16230792968e-05
-0.000129330150451,-0.000102606837591,2.67233128602e-05
-0.000268320288781,-0.000158148350032,0.000110171938749
-0.000143562658688,-0.000119602100495,2.39605581927e-05
-0.000238555997335,-0.000156472380393,8.20836169411e-05
-0.000221594092318,-0.000191339860696,3.02542316219e-05
-0.000273966695987,-0.0002707071822,3.25951378765e-06
-0.000203379908843,-0.000157075950383,4.63039584607e-05
-0.000236317272331,-0.000167052508026,6.92647643049e-05
-0.000151814352138,-0.000136346239989,1.54681121493e-05
-0.000270878875689,-0.000177547249383,9.33316263069e-05
-0.000285524128066,-0.000253460853,3.20632750666e-05
-0.000287885522747,-0.00028260380488,5.28171786724e-06
-0.00047239267562,-0.000393014593706,7.93780819134e-05
-6.7448281524e-05,-4.6380493586e-05,2.10677879381e-05
-0.000409252278926,-0.000317826080357,9.14261985694e-05
-0.000246695143867,-0.000210005735732,3.66894081354e-05
-7.96093318815e-05,-8.69652164784e-05,-7.35588459698e-06
-0.00013690303855,-0.000130028911617,6.87412693281e-06
-0.0002991982337,-0.000162663345112,0.000136534888588
-0.000292670665182,-0.000234796336547,5.78743286344e-05
-0.000312158155904,-0.000210860523546,0.000101297632358
-0.000195547053903,-0.000155623128786,3.99239251164e-05
-0.000226804781524,-0.000182546175063,4.42586064614e-05
-0.000289613373377,-0.000193689790017,9.59235833602e-05
-8.49557048276e-05,-0.000195683991431,-0.000110728286603
-0.000290781678152,-0.00025412671108,3.66549670714e-05
-0.000275637734009,-0.000211075068888,6.45626651209e-05
-0.000261887420457,-0.0002442379956,1.76494248563e-05
-0.000242954195507,-0.00018957106527,5.33831302363e-05
-0.000241903722238,-0.000205909958486,3.59937637511e-05
-0.000113059414609,-0.000149276798664,-3.62173840549e-05
-0.000204057862244,-0.000130485363132,7.35724991118e-05
-0.000152669208409,-0.00012809306288,2.45761455287e-05
-0.000208398016705,-0.000181054237768,2.73437789369e-05
-0.000227197580945,-0.000160345464864,6.68521160801e-05
-0.000159473611375,-0.000179688534054,-2.02149226789e-05
-0.000179467475493,-0.000106827162354,7.26403131389e-05
-0.000324967684593,-0.000264017159036,6.09505255563e-05
-9.04831603699e-05,-0.000150010070571,-5.95269102008e-05
-0.000275632292894,-0.000263182509361,1.24497835327e-05
-0.000120458397204,-0.000111215320831,9.24307637287e-06
-0.000367972438953,-0.000260770942212,0.00010720149674
-0.000238315037388,-0.000233739239402,4.57579798632e-06
-0.000433672822538,-0.000337207287125,9.64655354138e-05
-0.000119484388718,-0.000158301269565,-3.88168808477e-05
-0.000321566959009,-0.000316603419395,4.96353961373e-06
-0.000118835292813,-0.000124915506638,-6.08021382543e-06
-8.2798314023e-05,-0.000142197568677,-5.93992546544e-05
-0.000340564234156,-0.000211328504183,0.000129235729973
-0.000170164906153,-0.000169622539232,5.42366921246e-07
-8.0962583383e-05,-5.71519777683e-05,2.38106056147e-05
-0.00045017486567,-0.000316221945828,0.000133952919843
-0.000220240800574,-0.000201899304702,1.83414958719e-05
-0.000304746744841,-0.00023243085562,7.23158892213e-05
-0.000154119173894,-0.000181043641005,-2.69244671106e-05
-0.000266948512362,-0.000180049675218,8.68988371435e-05
-0.00021553274366,-0.000232830229765,-1.72974861047e-05
-0.000246218210624,-0.000294400176488,-4.81819658636e-05
-0.000316447661756,-0.000290039149083,2.64085126721e-05
-0.000233929142412,-0.000175705840995,5.82233014174e-05
-0.000247855778446,-0.000183061906131,6.47938723155e-05
-0.000513406268506,-0.000350596129246,0.00016281013926
-0.000297221110775,-0.000243501271801,5.37198389737e-05
-0.000401414374085,-0.000312736687759,8.86776863261e-05
-0.000270800244141,-0.000220645088139,5.01551560015e-05
-0.000345391248453,-0.000250949177573,9.44420708804e-05
-0.000453701466727,-0.000328270391558,0.00012543107517
-0.000394757029733,-0.000222305300804,0.000172451728929
-0.000163773475016,-0.000253742974804,-8.99694997888e-05
-0.000309914261666,-0.00024464319058,6.52710710863e-05
-0.000240635200661,-0.000244868699114,-4.23349845261e-06
-0.000407109512972,-0.000328202692397,7.89068205747e-05
-0.000190853478344,-0.000152457495499,3.83959828451e-05
-0.000306289798221,-0.000258258250316,4.80315479048e-05
-0.000205540283888,-0.000147101735272,5.84385486163e-05
-0.000364234479106,-0.000250024300041,0.000114210179065
-0.00018413965323,-0.000153828919799,3.03107334317e-05
-0.000158108319852,-0.000121299842368,3.68084774839e-05
-0.000229762339721,-0.000248798253047,-1.90359133261e-05
-0.000114799309481,-0.000127170011244,-1.23707017629e-05
-0.00027584970559,-0.000215203179735,6.06465258544e-05
-0.000284483909891,-0.000222272246506,6.22116633847e-05
-0.000104376424838,-0.000135301815142,-3.09253903039e-05
-0.000122460491204,-0.000106991226436,1.54692647685e-05
-0.000343263804963,-0.00022621024766,0.000117053557303
-0.000253294595813,-0.000210540672763,4.27539230497e-05
-0.000269568157106,-0.000222708020977,4.68601361296e-05
-0.00018282929552,-0.000128281829689,5.45474658316e-05
-0.000202910000437,-0.000225035657026,-2.21256565889e-05
-0.000228472380044,-0.000143775519543,8.46968605007e-05
-0.000164639557489,-0.000125483380187,3.91561773015e-05
-0.000188775219706,-0.000156577271767,3.21979479392e-05
-0.000265530383585,-0.00027436741097,-8.83702738511e-06
-7.68024712335e-05,-9.40014159497e-05,-1.71989447161e-05
-0.000244071978832,-0.000294611627354,-5.05396485221e-05
-0.000146806109935,-8.0248000864e-05,6.65581090705e-05
-0.000304481090217,-0.000224377960181,8.0103130036e-05
-0.000403992408684,-0.000359475819086,4.45165895982e-05
-0.000117235020053,-7.70517032046e-05,4.01833168487e-05
-0.000265362665994,-0.000293289856462,-2.79271904688e-05
-0.000397225358908,-0.000345893268007,5.13320909001e-05
-0.000295695854194,-0.000247627508362,4.80683458326e-05
-0.000206306605813,-0.000218746844284,-1.2440238471e-05
-0.00029029509414,-0.000313316126134,-2.3021031994e-05
-0.000381725151273,-0.000400115206162,-1.83900548892e-05
-0.000101526137991,-4.56665273942e-05,5.58596105968e-05
-9.33945257683e-05,-6.74375340024e-05,2.59569917658e-05
-0.00019036405004,-0.000184420241171,5.94380886832e-06
-0.000199539743793,-0.000137828125788,6.17116180047e-05
-0.000334957294073,-0.000327576797044,7.38049702885e-06
-0.000147528876936,-0.000163210366757,-1.56814898211e-05
-0.000213839729973,-0.000175084286194,3.87554437794e-05
-0.000149031022155,-0.000112205810459,3.68252116967e-05
-0.000239360105811,-0.000237351469039,2.0086367721e-06
-0.000135411136477,-0.000101965641568,3.34454949084e-05
-0.000334075753949,-0.000282774845031,5.13009089189e-05
-0.000132913996242,-0.000167564875874,-3.46508796323e-05
-0.000212687792028,-0.000196461327045,1.6226464984e-05
-0.000255348452193,-0.000225987686389,2.93607658038e-05
-0.00026383620079,-0.000203290530923,6.05456698669e-05
-0.000299583607412,-0.000172816575747,0.000126767031665
-0.000206557672862,-0.000172886141696,3.36715311658e-05
-0.000415313733732,-0.000326756852591,8.85568811413e-05
-0.000246726321622,-0.0002139689369,3.27573847218e-05
-0.000354451115392,-0.000338514794675,1.59363207171e-05
-0.000141284948909,-0.000122153408805,1.91315401048e-05
-3.37789028216e-05,-6.58173725276e-05,-3.20384697061e-05
-0.000178903085424,-0.000119476594747,5.9426490677e-05
-4.42967842083e-05,-5.73479376689e-05,-1.30511534606e-05
-5.96511598345e-05,-2.51654268507e-05,3.44857329838e-05
-0.000289852468445,-0.000232298198512,5.75542699339e-05
-0.000272081202678,-0.000207180823442,6.49003792363e-05
-0.000213319450184,-0.000177616285675,3.57031645088e-05
-0.000156431226927,-0.000109606502907,4.68247240203e-05
-8.65386305282e-05,-2.45855227594e-05,6.19531077687e-05
-0.00025905927793,-0.00015078023787,0.00010827904006
-0.000186245583806,-0.000104230739647,8.20148441599e-05
-0.000223508096435,-0.000135158285804,8.83498106308e-05
-0.000158364970104,-0.000172015939895,-1.36509697911e-05
-0.000136440587507,-0.00019241564749,-5.59750599832e-05
-0.000294914706211,-0.000277100444063,1.7814262148e-05
-0.000178257901249,-0.000188044266084,-9.78636483426e-06
-0.0001240122229,-9.54028374075e-05,2.86093854927e-05
-0.000301061550673,-0.000258064424387,4.29971262861e-05
-0.000270279019536,-0.000176901490516,9.33775290197e-05
-6.70858019465e-05,-0.000102195093963,-3.51092920161e-05
-0.000194683682161,-0.000203663397654,-8.97971549256e-06
-0.000107915436181,-0.000121771673494,-1.38562373132e-05
-0.000223477154809,-0.000188113093547,3.53640612619e-05
-0.000144774657479,-0.000126919968845,1.78546886338e-05
-0.000267750686853,-0.000248580353925,1.91703329285e-05
-0.000393336751528,-0.000297475604158,9.586114737e-05
-3.79839568902e-05,-3.94349091606e-05,-1.45095227042e-06
-0.000261782570992,-0.000331012029858,-6.92294588659e-05
-0.00017586490404,-0.000100198246888,7.56666571524e-05
-0.00029233663113,-0.000224784381955,6.75522491751e-05
-0.000246464364594,-0.000233138965618,1.33253989753e-05
-0.000260791052953,-0.000169746648043,9.104440491e-05
-0.000270874802918,-0.000205879543988,6.49952589309e-05
-0.000274914849184,-0.000180930430881,9.39844183029e-05
-5.04365610574e-05,-0.000168329176207,-0.00011789261515
-0.000241887693924,-0.000235221033242,6.66666068202e-06
-0.000439007356225,-0.000252712975637,0.000186294380588
-0.000156486442763,-0.000183866047956,-2.73796051932e-05
-0.00028072971401,-0.000207338482194,7.3391231816e-05
-0.000337966567211,-0.000307147323193,3.08192440173e-05
-0.000175518635214,-0.000143278038847,3.22405963665e-05
-0.000384628812132,-0.000296722532411,8.79062797209e-05
-0.000361441466478,-0.0003281261826,3.33152838782e-05
-0.000220972622422,-0.000219814694864,1.15792755818e-06
-0.000275403168949,-0.000270519806256,4.88336269314e-06
-3.38419006826e-05,-4.98458939213e-05,-1.60039932387e-05
-0.00018286866076,-0.000126194386405,5.66742743544e-05
-0.000325864435901,-0.000314044906054,1.18195298468e-05
-0.00019003966371,-0.00017247725148,1.75624122305e-05
-0.000242671101302,-0.000253855413131,-1.1184311829e-05
-0.000275156371557,-0.000270737323496,4.41904806191e-06
-5.06498288498e-05,-1.31298716174e-05,3.75199572323e-05
-0.000304884786497,-0.000256009293685,4.88754928117e-05
-0.000182716852209,-0.000157591924688,2.51249275218e-05
-0.000136939962733,-0.000185763912153,-4.88239494197e-05
-0.00014691064477,-0.00015456105317,-7.65040840025e-06
-0.000187958187354,-0.000172746601664,1.52115856906e-05
-0.0002264357028,-0.000260161835253,-3.37261324536e-05
-0.000369372125375,-0.000240930854047,0.000128441271327
-0.000389872385607,-0.00028841873457,0.000101453651037
-0.000461096529983,-0.000386963834846,7.41326951374e-05
-9.06286542592e-05,-9.59076682135e-05,-5.27901395425e-06
-0.000136309606865,-9.59315563495e-05,4.03780505159e-05
-0.000371101228967,-0.000268828546206,0.000102272682761
-0.000265527543071,-0.000221163771237,4.4363771834e-05
-0.000172181169169,-0.000190027460956,-1.78462917868e-05
-0.000192965585181,-0.000194451427657,-1.48584247532e-06
-0.000245492610706,-0.000251366095302,-5.87348459592e-06
-0.000179022338145,-0.000161863953666,1.71583844782e-05
-0.00024082375351,-0.000227270690638,1.35530628719e-05
-0.000284322407155,-0.000229252390353,5.50700168028e-05
-0.000216688787597,-0.000145479887734,7.12088998626e-05
-0.000286480718374,-0.000248307358414,3.81733599601e-05
-0.000385521035539,-0.000291410094779,9.41109407605e-05
-0.000298606230579,-0.00021199420236,8.6612028219e-05
-0.000357430941658,-0.000251148594703,0.000106282346954
-0.000434005407224,-0.000285019761325,0.000148985645899
-0.000257844986468,-0.000231802608724,2.60423777447e-05
-0.000400567182789,-0.000324504843017,7.60623397718e-05
-0.000185887576621,-0.000164988603333,2.08989732876e-05
-0.000197997764211,-0.000198557534626,-5.59770414531e-07
-0.000119766436041,-4.88934197635e-05,7.08730162775e-05
-0.000109161372642,-0.000142644855974,-3.34834833315e-05
-0.000283697338727,-0.00026093422751,2.27631112174e-05
-0.000273100641848,-0.000195108792103,7.79918497446e-05
-0.000307780665964,-0.000191286740185,0.000116493925779
-0.000229937106605,-0.000233872286363,-3.93517975756e-06
5.03402849717e-05,5.3508761149e-05,3.16847617735e-06
-0.000246019333241,-0.000187754256538,5.82650767025e-05
-0.000181566999538,-0.000176184827232,5.38217230574e-06
-8.15612235263e-05,-0.000111168949191,-2.96077256645e-05
-0.00021461607133,-0.000145142989125,6.94730822048e-05
-0.000281245480045,-0.000221054156605,6.01913234402e-05
-0.000262607257491,-0.000238800772587,2.38064849037e-05
-0.000252837135646,-0.000199088018158,5.37491174883e-05
-0.000284696616459,-0.000307852599157,-2.31559826974e-05
-0.000187109589684,-0.000166880605616,2.02289840681e-05
-0.000319022287804,-0.000232006674171,8.70156136333e-05
-0.000271572034874,-0.000179923658736,9.16483761371e-05
-0.000262172662847,-0.000225891142116,3.62815207303e-05
-0.00022653881399,-0.000209136770451,1.74020435396e-05
-0.000175716180261,-0.000180831464837,-5.11528457688e-06
-0.000231018012216,-0.000153909955401,7.71080568151e-05
-0.000195903936696,-0.000154179081481,4.17248552155e-05
-0.000307221375972,-0.000242823550695,6.43978252765e-05
-0.000118396301324,-9.846563208e-05,1.99306692439e-05
-0.00014199871459,-0.000127291274047,1.47074405431e-05
-0.000277530624172,-0.00024120531269,3.63253114816e-05
-0.00015051466644,-0.000101946985088,4.85676813519e-05
-8.49526630961e-05,-9.94497636367e-05,-1.44971005406e-05
-0.000230926802274,-0.000118297712343,0.000112629089931
-0.000424366712196,-0.000328830567844,9.55361443521e-05
-0.000199218885227,-0.000185203683718,1.40152015094e-05
-5.63177888879e-06,-8.46786925539e-05,-7.90469136651e-05
-0.000183065034681,-0.000138881715279,4.41833194013e-05
-0.000298402600192,-0.000288346261811,1.00563383809e-05
-0.00034629429009,-0.000263148253515,8.31460365755e-05
-0.000327806297822,-0.000257288450475,7.05178473467e-05
-0.000150004795562,-0.000113167727094,3.68370684678e-05
-0.000162666877993,-0.000172726808834,-1.00599308413e-05
-0.000390696281596,-0.00033857710206,5.21191795368e-05
-0.000219124794734,-0.000186722031654,3.24027630804e-05
-0.000249266569192,-0.000222124428884,2.71421403082e-05
-0.000311076113654,-0.000242108314028,6.89677996259e-05
-0.000283890180142,-0.000227003951916,5.68862282255e-05
-0.00013486851866,-0.000149616248756,-1.4747730096e-05
-0.000239640814447,-0.00021879512931,2.08456851365e-05
5.35216504249e-05,-3.96874932562e-05,-9.32091436811e-05
-0.00022784349469,-0.000188817945044,3.90255496456e-05
-0.000219452720131,-0.000209682326822,9.77039330935e-06
-0.00023449932982,-0.000172870491338,6.1628838482e-05
-0.000303131510031,-0.000307846472368,-4.71496233645e-06
-0.000212442622586,-0.000228222436497,-1.57798139102e-05
-2.73891880662e-06,-7.5975022416e-05,-7.32361036094e-05
-0.000333343643096,-0.000280642673423,5.2700969673e-05
-0.000139843850602,-0.000159186210114,-1.93423595119e-05
-0.000204354165896,-0.000211180563708,-6.82639781191e-06
-1.19662286969e-05,-8.77577914028e-05,-7.57915627059e-05
-0.000175644403537,-0.000218503766404,-4.28593628667e-05
-0.000196592359688,-0.000139431841254,5.71605184344e-05
-6.3973225781e-05,-0.000137292710426,-7.33194846455e-05
-0.000334834616027,-0.000204890956162,0.000129943659865
-0.000226155644037,-0.000232619772961,-6.46412892475e-06
-0.000175651675616,-0.000162510725489,1.31409501275e-05
-0.000215097558559,-0.00023681686734,-2.17193087813e-05
-0.000127326529666,-0.000142729531834,-1.54030021681e-05
-0.000243506182626,-0.000169052675583,7.44535070427e-05
-0.000166993433719,-0.000165202139876,1.79129384352e-06
-0.000152007684773,-0.000178445772153,-2.64380873808e-05
-0.000162238619854,-0.000121692083006,4.05465368481e-05
-0.000114627779894,-9.21515795394e-05,2.24762003547e-05
-0.000285700963755,-0.000231464025173,5.42369385816e-05
-0.00010921918594,-0.000121277577813,-1.20583918726e-05
-0.00013498068566,-0.00017322434425,-3.82436585895e-05
-0.000217566364325,-0.000226148203163,-8.58183883788e-06
-9.06870794198e-05,-9.24018860045e-05,-1.71480658466e-06
-0.000161828099981,-0.000121016785032,4.08113149488e-05
-9.78999567086e-05,-9.38622424214e-05,4.03771428719e-06
-0.000196190183717,-0.000190312173525,5.87801019224e-06
-0.000227116300558,-0.000194517692313,3.25986082448e-05
-0.000206372578218,-0.000174369240878,3.20033373405e-05
-0.000208664853813,-0.00025971995172,-5.10550979069e-05
-0.000354981916551,-0.000267623728362,8.73581881887e-05
-0.000262931833702,-0.00023168981654,3.1242017162e-05
-0.00023994633768,-0.000275849588402,-3.5903250722e-05
-0.000240816483604,-0.000232061227835,8.75525576891e-06
-0.000146546433782,-0.000162751240591,-1.62048068094e-05
-0.000414418014033,-0.000356420591618,5.79974224152e-05
-0.000166449665325,-0.000106528563764,5.99211015604e-05
-0.000187505399424,-0.000236994347801,-4.94889483775e-05
-0.000230414541927,-0.000266325103233,-3.59105613069e-05
-9.70971146864e-05,-0.000108720688288,-1.16235736014e-05
-0.000224155637642,-0.000195872751645,2.82828859978e-05
-0.000281177918826,-0.00016489221516,0.000116285703666
-0.000147397517204,-0.000185159585117,-3.77620679139e-05
-0.000279745868305,-0.000187914358507,9.18315097981e-05
-0.000226758143049,-0.000234634211395,-7.87606834547e-06
-0.000348370054441,-0.000245258183062,0.000103111871379
-0.000238465588829,-0.000181464842956,5.7000745873e-05
-0.000171064992237,-0.000113998478339,5.70665138986e-05
-8.38747675976e-05,-9.90357224093e-05,-1.51609548117e-05
-0.000167117065991,-0.000213902397315,-4.67853313236e-05
-0.000264985255011,-0.000193416349352,7.15689056594e-05
-0.000320188979197,-0.000257427357616,6.27616215816e-05
-0.000160785275364,-0.000200455149002,-3.96698736375e-05
-6.59280084862e-05,-7.57425806851e-05,-9.81457219887e-06
-0.000276621639862,-0.000189721168599,8.69004712629e-05
-0.000199943690886,-0.000129254509694,7.06891811927e-05
-0.000301672028107,-0.000309517431884,-7.84540377745e-06
-0.000208802673679,-0.000233790424709,-2.49877510305e-05
-0.000282285645904,-0.000208210743353,7.40749025508e-05
-0.000346985364219,-0.000266597792696,8.03875715231e-05
-0.000265671869284,-0.000174105196579,9.15666727047e-05
-0.0002113075556,-0.000201747192062,9.56036353761e-06
-0.000283441515535,-0.000135778050494,0.000147663465041
-9.07539405103e-05,-7.33986637221e-05,1.73552767882e-05
-0.000234332088663,-0.000167503596949,6.68284917134e-05
-0.00017780756201,-0.000218318229826,-4.05106678165e-05
-0.000268466477658,-0.00012940273793,0.000139063739728
-0.000259691544637,-0.000211540324477,4.81512201606e-05
-0.000155237790783,-0.000113344609564,4.18931812188e-05
-9.8551458408e-05,-0.000106095645914,-7.54418750571e-06
-0.000261561892465,-0.000225665376672,3.58965157928e-05
-0.000140642504363,-0.000213885164512,-7.32426601487e-05
-6.25706391069e-05,-3.27553549732e-05,2.98152841337e-05
-0.000140715739028,-0.000126677655272,1.40380837563e-05
-0.000221371129425,-0.000178569493867,4.28016355582e-05
-0.000254966423347,-0.000283307831559,-2.83414082114e-05
-0.000131402121251,-0.000163883293257,-3.24811720059e-05
-0.00033632702975,-0.000300238152945,3.60888768053e-05
-2.09778743241e-05,-0.000116560914692,-9.55830403674e-05
-0.000180029254803,-0.000208943467609,-2.89142128057e-05
-9.01315721689e-05,-7.76443310343e-05,1.24872411345e-05
-0.000342233294334,-0.000242005921974,0.000100227372359
-0.000285306925632,-0.000247436023381,3.78709022507e-05
-0.000201552649236,-0.000153444979009,4.81076702278e-05
-0.000164316289061,-0.000135641864588,2.86744244732e-05
-0.000183889178987,-0.00020525544016,-2.13662611727e-05
-0.000168417890586,-0.000161149092857,7.26879772858e-06
-0.000298725636284,-0.000223554801827,7.51708344575e-05
-0.000288618472702,-0.000256882544232,3.17359284698e-05
-0.000322616777482,-0.000259121723401,6.34950540814e-05
-0.000263017466546,-0.000192731733897,7.02857326494e-05
-0.000137056633298,-0.000126118773675,1.09378596236e-05
-0.000152793590527,-0.000119844870677,3.29487198504e-05
-0.000253635348868,-0.000207687736376,4.59476124923e-05
-0.000225505636185,-0.000199641928578,2.58637076071e-05
-0.000256383226727,-0.000247820840927,8.56238579959e-06
-8.12974674718e-05,-0.000110462482827,-2.91650153547e-05
-0.000179213192417,-0.000183671136862,-4.45794444459e-06
-0.00018734094277,-0.000148612592157,3.87283506135e-05
-0.000349924141828,-0.000260247173434,8.96769683935e-05
-0.000155139073863,-0.00018472037819,-2.95813043271e-05
-0.000211268450026,-0.000124197856292,8.70705937341e-05
-0.000272107737292,-0.00020947966058,6.26280767122e-05
-7.27518881594e-05,-8.00089812231e-05,-7.25709306375e-06
-0.000212005582966,-0.000160381169327,5.16244136391e-05
-0.000134105659907,-7.39163065967e-05,6.018935331e-05
-0.000364109703872,-0.000320807638842,4.33020650299e-05
-0.000251498424132,-0.000246235540199,5.26288393303e-06
-0.00025822454178,-0.000252399289487,5.82525229359e-06
-0.000388930687616,-0.000280888252106,0.00010804243551
-0.000319992905135,-0.000284063837588,3.59290675469e-05
-0.000254628625647,-0.000198625795038,5.60028306091e-05
-0.000177527127301,-0.00017606950972,1.4576175809e-06
-0.000184223432853,-0.000205906252318,-2.16828194644e-05
-0.000133276367508,-0.000150418637635,-1.7142270127e-05
-0.000212698346594,-0.000120728585042,9.19697615515e-05
-0.000235943346892,-0.000215123686638,2.08196602542e-05
-0.000257684553171,-0.000150429984535,0.000107254568636
-0.000299590539331,-0.0002701659418,2.94245975306e-05
-0.000343274148971,-0.000260053783231,8.32203657403e-05
-0.000350507853087,-0.000291583679911,5.89241731756e-05
-0.000226724031803,-0.000154187466003,7.25365657997e-05
-0.000209739989497,-0.000176427827465,3.33121620312e-05
-0.000368128861221,-0.000297160003518,7.09688577025e-05
-0.000303376509414,-0.000265920980495,3.74555289192e-05
-0.000233268943484,-0.00023081327528,2.45566820437e-06
-0.000190175829267,-0.000188798513379,1.37731588874e-06
-0.000252111997009,-0.000239943859107,1.21681379017e-05
-0.000254804987074,-0.000183109742807,7.16952442669e-05
-0.000301933965256,-0.000201998338163,9.99356270926e-05
-0.000215712859265,-0.000133775632412,8.19372268526e-05
-0.000170840319655,-0.000224310977584,-5.34706579293e-05
-0.000188692341196,-0.000220795809149,-3.21034679533e-05
-0.000402846189189,-0.000235692450014,0.000167153739175
-0.000266998685788,-0.000215027855979,5.19708298086e-05
-0.000240973636086,-0.000172293685785,6.86799503007e-05
-0.000260412678007,-0.000208747005563,5.16656724436e-05
-0.000232434966127,-0.000179825230909,5.26097352171e-05
-0.000193799894875,-0.000165265470755,2.85344241201e-05
-0.000171393171598,-0.000151864644478,1.95285271202e-05
-0.000210717473363,-0.000204654054245,6.06341911785e-06
-0.000131795993776,-8.2994796248e-05,4.88011975284e-05
-0.000302833753031,-0.000280015382412,2.28183706191e-05
-0.000254185313541,-0.00021631338513,3.78719284108e-05
-0.000178721473128,-0.000154531935759,2.41895373692e-05
-7.99906335243e-05,-9.60707186125e-05,-1.60800850882e-05
-0.000290238729101,-0.000212272216242,7.79665128593e-05
-0.000354812751608,-0.00029225389848,6.25588531275e-05
-1.67003487912e-05,-5.90021862606e-05,-4.23018374695e-05
-0.000299719118864,-0.00029112274627,8.59637259394e-06
-0.000253158006176,-0.000186983940967,6.61740652086e-05
-0.000348148422658,-0.000274193355251,7.39550674074e-05
-0.000242238959717,-0.00017454591186,6.76930478571e-05
-0.000152239850208,-0.000178339936391,-2.61000861833e-05
-0.000295856812638,-0.000195419142937,0.000100437669701
-0.000175925847665,-0.000202418280557,-2.64924328925e-05
-0.000106843105842,-8.2485103468e-05,2.43580023736e-05
-0.000270632794369,-0.000259741496195,1.08912981735e-05
-0.000190292362451,-0.000108053027377,8.22393350739e-05
-0.000283854777258,-0.00023757708661,4.62776906485e-05
-0.000262856097647,-0.000252111126834,1.07449708134e-05
-0.000152305833107,-0.00014863414356,3.67168954718e-06
-8.3146148932e-05,-0.00018344384065,-0.000100297691718
-0.000294199086812,-0.000224399813548,6.97992732637e-05
-0.000163992230619,-0.000144746263115,1.92459675044e-05
-0.000212255869206,-0.00014053912005,7.17167491562e-05
-0.00016196366937,-0.000175971453053,-1.40077836823e-05
-0.000267247347885,-0.000237881738746,2.93656091388e-05
-0.000289931858834,-0.000261351606926,2.85802519079e-05
-0.000126357801573,-0.000147372246746,-2.10144451733e-05
-0.000377758354957,-0.000299546745947,7.82116090106e-05
-9.01571892008e-05,-3.03644280086e-05,5.97927611922e-05
-0.000303809415511,-0.000241195034677,6.26143808342e-05
-0.000167023696918,-0.000169965213634,-2.94151671579e-06
-0.00023058415553,-0.000253892689351,-2.33085338211e-05
-0.000360756131516,-0.000216725859838,0.000144030271678
-0.000183194620511,-0.0002250155231,-4.18209025889e-05
-0.000259602333649,-0.000254063047151,5.53928649799e-06
-0.000399080408358,-0.000226896905986,0.000172183502372
-0.000233788141086,-0.000192529410653,4.12587304334e-05
-0.000216809794088,-0.000218627394916,-1.8176008275e-06
-0.000213582278246,-0.000123680867991,8.99014102548e-05
-0.000357245013937,-0.000270459451158,8.67855627788e-05
-0.000257500766426,-0.000220967849317,3.65329171091e-05
-0.000147810673315,-0.000149155461291,-1.34478797678e-06
-0.00029768332342,-0.000271198411943,2.64849114773e-05
-0.000390666770837,-0.000298800590175,9.18661806622e-05
-0.000322363843516,-0.000286438925562,3.59249179541e-05
-0.000138649608826,-0.000189869759518,-5.12201506917e-05
-0.000269614715422,-0.000193286620632,7.63280947898e-05
-0.000171694660571,-0.000141406235049,3.02884255219e-05
-0.000234577433187,-0.00020575149162,2.88259415668e-05
-0.000116828614068,-0.000119341195767,-2.51258169923e-06
-0.000203538068693,-0.000238819136021,-3.52810673279e-05
-0.000224743194639,-0.000184021848719,4.07213459202e-05
-0.000438798566997,-0.000348132273505,9.06662934924e-05
2.33546309851e-05,1.98579641985e-05,-3.49666678656e-06
-1.2316629568e-05,3.63231724654e-06,1.59489468146e-05
-0.000154882757374,-8.27085654756e-05,7.2174191898e-05
-0.000139159393876,-0.000193802896903,-5.46435030276e-05
-0.000314139242635,-0.000275884995523,3.82542471121e-05
-8.47071137714e-05,-0.000159150576703,-7.44434629317e-05
-0.000228262215276,-0.000206945524075,2.13166912011e-05
-7.31029502715e-05,-8.00595442055e-05,-6.95659393398e-06
-0.000208145965038,-0.000174246351544,3.38996134939e-05
-2.8101800598e-05,-3.737622062e-05,-9.27442002199e-06
-0.000271749612721,-0.000265034829626,6.71478309492e-06
-0.000227482208471,-0.000229148805807,-1.66659733626e-06
-0.000196364020651,-0.000179517754407,1.68462662437e-05
-0.000304023203808,-0.000306291967181,-2.26876337227e-06
-0.000109613489142,-0.000175481441434,-6.58679522923e-05
-0.000235581339165,-0.00021784544407,1.77358950946e-05
-0.000169817741133,-0.000100849698321,6.89680428114e-05
-0.000162879479924,-0.000139006238141,2.38732417829e-05
-0.000416024561549,-0.000326614857833,8.94097037162e-05
-0.000334040022214,-0.000231153113135,0.000102886909079
-0.000268316752527,-0.000176502195588,9.18145569389e-05
-0.000222698864097,-0.000156383904319,6.63149597777e-05
-0.000177996527846,-0.000195818851825,-1.78223239794e-05
-0.000217791523724,-0.000249549530687,-3.17580069626e-05
-0.000216067981133,-0.000120430039858,9.56379412746e-05
-0.000379162293553,-0.000358607839042,2.05544545111e-05
-0.000344203922724,-0.000283066565605,6.11373571192e-05
-0.000298792741836,-0.000256781813652,4.20109281841e-05
-0.000183688423995,-0.000208703437937,-2.50150139416e-05
-0.000223376487135,-0.000243726429092,-2.03499419572e-05
-0.000177286074726,-0.000125978821462,5.13072532644e-05
-0.000175005594842,-0.000181290716339,-6.28512149647e-06
-0.000138773179676,-0.000181358155124,-4.25849754481e-05
-0.000152964141493,-0.000216280336037,-6.3316194544e-05
-0.000261708710125,-0.000258399611726,3.30909839926e-06
-0.000313277402714,-0.000250659189163,6.26182135512e-05
-0.000328883980763,-0.000301460617562,2.74233632013e-05
-0.000269186611787,-0.000234883266004,3.43033457835e-05
-0.000187036536529,-0.000121131650084,6.59048864449e-05
-0.000175759934862,-0.000207076072041,-3.13161371791e-05
-0.000333987467756,-0.000340181206274,-6.19373851745e-06
-0.000177221092392,-0.000197601904052,-2.03808116604e-05
-0.000161390338548,-0.000155790947106,5.59939144164e-06
-0.000286631552383,-0.000280163724397,6.46782798529e-06
-0.000292673226845,-0.000248904755756,4.37684710892e-05
-0.00026717384082,-0.000209840279452,5.73335613679e-05
-0.000413007102391,-0.000311183148334,0.000101823954057
-0.000139564097721,-0.000131445150901,8.11894682037e-06
-0.000171923165282,-0.000182684416113,-1.0761250831e-05
-0.000338980450683,-0.000293436265705,4.55441849776e-05
-0.000266347671547,-0.00026578486721,5.62804337049e-07
-2.24847636718e-05,-2.89864359259e-05,-6.50167225414e-06
-0.000137055058348,-7.16558940055e-05,6.53991643428e-05
-0.00011627016922,-0.000215663621533,-9.93934523137e-05
-6.26391098493e-05,-0.000117387776501,-5.47486666521e-05
-0.000128944675926,-0.000222407146006,-9.34624700802e-05
-0.000261793137,-0.000210312441662,5.14806953379e-05
-0.000276912614061,-0.000245013573694,3.18990403678e-05
-0.000193107236587,-0.000171882438429,2.12247981584e-05
-0.000245266278284,-0.000133020603364,0.000112245674919
-0.000100563433785,-0.000203334140808,-0.000102770707023
-0.000243470600768,-0.000166727928139,7.67426726293e-05
-0.000284472298292,-0.000175563103402,0.000108909194889
-0.000202585317467,-0.000128289075195,7.42962422718e-05
-0.000205561691261,-0.000251865142466,-4.63034512054e-05
-0.000252398979568,-0.000170903266956,8.14957126126e-05
-0.000209110172028,-0.000215162469954,-6.05229792637e-06
-0.000472269107903,-0.000367646179706,0.000104622928196
-0.000299832679725,-0.000248230672666,5.16020070582e-05
-0.000323285060868,-0.000266061480004,5.72235808641e-05
-0.000292270999103,-0.000209275394214,8.29956048897e-05
-0.000186047784463,-0.000248630271031,-6.25824865678e-05
-0.000145957194995,-0.000144102887637,1.85430735844e-06
-0.000272543434201,-0.000252837988112,1.97054460889e-05
-0.000286566900198,-0.000309896363228,-2.33294630304e-05
-0.000159762262358,-0.000206566235591,-4.68039732336e-05
-9.82904957577e-05,-0.000127062656392,-2.87721606338e-05
-7.86198987476e-05,-0.000170397469966,-9.1777571218e-05
-0.000255728799197,-0.000111752761803,0.000143976037394
-0.000265353833595,-0.000208573041852,5.67807917433e-05
-0.000209379813449,-0.00022307732236,-1.36975089108e-05
-0.000473973891383,-0.000355048083712,0.000118925807672
-0.000287529526652,-0.000163415092774,0.000124114433878
-0.000188546045851,-0.000251134593743,-6.25885478918e-05
-0.000368029760982,-0.000283612538406,8.4417222576e-05
-0.000150471622234,-0.000147493289974,2.97833226008e-06
-6.11876399056e-05,-5.52275670696e-05,5.96007283595e-06
-0.000110655349218,-0.00012818493599,-1.75295867723e-05
-0.000261395835352,-0.000250826836066,1.05689992861e-05
-0.000222406239257,-0.000202649466046,1.97567732108e-05
-0.000295425672986,-0.000275160837143,2.0264835843e-05
-0.000413517897239,-0.000346209134367,6.7308762872e-05
-0.000244674023932,-0.000147507605492,9.71664184397e-05
-0.0004355211151,-0.00037073970154,6.47814135597e-05
-0.000126455105813,-0.000122542752014,3.9123537986e-06
-0.000274037565065,-0.000212898496201,6.11390688642e-05
-0.000355696875734,-0.000232649674228,0.000123047201506
-0.000210540398263,-0.000173254204874,3.72861933889e-05
-0.000317204980628,-0.000240860955872,7.63440247562e-05
-0.000214312885065,-0.00015362442523,6.06884598349e-05
-0.00023394512859,-0.000135995740541,9.79493880489e-05
-8.95126144982e-05,-4.41932204378e-05,4.53193940604e-05
-0.000172595049286,-0.000156934438478,1.56606108081e-05
-0.000301982444908,-0.000243862627417,5.81198174905e-05
-0.000277133622493,-0.000211290080018,6.5843542475e-05
-0.000287347078788,-0.000213701799867,7.36452789209e-05
-0.000183200211938,-0.000141706656024,4.14935559137e-05
-9.66718580524e-05,-8.70620371044e-05,9.60982094801e-06
-0.000197821641666,-0.000165471964964,3.23496767016e-05
-0.000140310493216,-0.000177220714712,-3.69102214955e-05
-0.000230271168989,-0.000190134780868,4.01363881204e-05
-0.00039973160629,-0.000334317979263,6.54136270279e-05
-0.000196914864121,-0.000145723046044,5.11918180768e-05
-5.80343318253e-05,-9.81467623422e-05,-4.01124305169e-05
-0.00027194285484,-0.000258257468566,1.36853862739e-05
-0.000250728061735,-0.000151149584649,9.95784770857e-05
-0.000283998141952,-0.00025076458812,3.32335538313e-05
-0.000374743851125,-0.000256429151875,0.00011831469925
-0.00028423079455,-0.000271256904468,1.29738900823e-05
-0.000167980034187,-0.000179539385131,-1.15593509441e-05
-6.12736708757e-05,-8.55249646073e-05,-2.42512937315e-05
-0.000301323458073,-0.000252129017977,4.91944400963e-05
-0.000276562940553,-0.00017571668683,0.000100846253723
-0.000147899790571,-0.000107318442593,4.05813479787e-05
-0.000419075066462,-0.000348715766538,7.03592999243e-05
-0.00036351965065,-0.000277919434749,8.56002159011e-05
-0.000272719182696,-0.000169597134054,0.000103122048642
-0.00024483835839,-0.000150492532878,9.43458255124e-05
-0.00041548311384,-0.000299099396554,0.000116383717286
-0.000218562012773,-0.000239170804487,-2.06087917137e-05
-0.000330652425897,-0.000235353523901,9.5298901996e-05
-0.000109263771757,-9.36453666517e-05,1.56184051049e-05
-3.50105114076e-05,4.93752859482e-05,8.43857973558e-05
-0.000209895271676,-0.000215000102304,-5.10483062824e-06
-0.00026206300834,-0.000269809908706,-7.74690036553e-06
-0.000204555834866,-0.000196871913857,7.68392100951e-06
-0.000263649016457,-0.000247578879567,1.60701368897e-05
-0.000296838715341,-0.000305750481701,-8.91176635944e-06
-0.000108702668547,-0.000119074622016,-1.03719534691e-05
-0.000247125626267,-0.000179559694101,6.75659321659e-05
-0.000191117588738,-0.000195567221062,-4.44963232376e-06
-3.37248210024e-05,-9.22575194391e-05,-5.85326984367e-05
-6.25223231702e-05,-6.5265717618e-05,-2.74339444779e-06
-0.000168856784382,-0.000122897321146,4.59594632357e-05
-0.000317835975791,-0.000278272908134,3.95630676573e-05
-0.000163891858736,-0.000174428034947,-1.05361762114e-05
-0.000208803385729,-0.000168436429849,4.03669558801e-05
-0.000171727475839,-0.000197018875302,-2.5291399463e-05
2.36229723401e-05,2.24682483942e-06,-2.13761475007e-05
-8.61233354129e-05,-7.86721801602e-05,7.45115525274e-06
-0.000250463526085,-0.000183887400094,6.65761259907e-05
-0.000123515133324,-0.000111923417299,1.15917160256e-05
-0.000307484939034,-0.000209283931107,9.8201007927e-05
-0.000110819781368,-0.00017148761356,-6.06678321924e-05
-0.000196865834653,-0.000194110334862,2.75549979043e-06
-0.000378546137298,-0.000245767152449,0.000132778984849
-0.000245858749121,-0.000187841680248,5.80170688733e-05
-0.000137565460081,-0.000100567298816,3.69981612656e-05
-0.000271341839877,-0.000271354234534,-1.23946569594e-08
-0.00032902206018,-0.000234479384773,9.45426754068e-05
-0.000199318040959,-0.00020875923132,-9.44119036169e-06
-0.000180294929484,-0.000224520918419,-4.42259889344e-05
-0.000177981402184,-0.000140633264687,3.73481374964e-05
-0.000177815057412,-0.000135751004126,4.20640532866e-05
-0.000282641340434,-0.000215299183471,6.73421569626e-05
-0.00020098434627,-8.44641690634e-05,0.000116520177207
-0.00024411984317,-0.000249240159427,-5.12031625635e-06
-0.00034656910017,-0.000248923439428,9.76456607423e-05
-0.000242699426332,-0.000163308723204,7.93907031287e-05
-0.000185683014598,-0.000120193277772,6.54897368265e-05
-0.000256235396052,-0.000203463846936,5.27715491165e-05
-0.000154795083021,-0.000154222368332,5.72714688474e-07
-0.00020468912158,-0.000180232950223,2.44561713566e-05
-0.000221098456771,-0.000226846301629,-5.74784485744e-06
-0.000203878874609,-0.000192973293405,1.09055812046e-05
-0.000567746874497,-0.000369282758467,0.00019846411603
-0.000163101097804,-0.000137697218732,2.5403879072e-05
-0.000367356674244,-0.000264990142375,0.000102366531869
-0.000247305373654,-0.00021124518082,3.60601928336e-05
-0.000335445234499,-0.000270097610144,6.53476243546e-05
-0.000214677684932,-0.000179233920488,3.54437644441e-05
-0.000206178414274,-0.000193329518336,1.28488959385e-05
-0.000278186608243,-0.000210042560134,6.81440481088e-05
-0.000169268165811,-0.000153392122916,1.58760428947e-05
-0.000221941936789,-0.000230246588672,-8.30465188324e-06
-0.000417140245131,-0.000305155156218,0.000111985088913
-0.000243155952943,-0.000215551293871,2.76046590722e-05
-0.000262264985338,-0.00018796122846,7.43037568784e-05
-0.000310863440928,-0.000236527203933,7.43362369949e-05
-0.000221744036403,-0.000232571196446,-1.08271600425e-05
-0.000172696096866,-0.000187509988927,-1.48138920611e-05
-0.000233368866125,-0.000203441936461,2.99269296642e-05
-0.000330256605535,-0.000234741567097,9.55150384382e-05
-0.000155747211921,-6.72384058541e-05,8.85088060665e-05
-0.000366849612032,-0.00026533417639,0.000101515435642
-0.000204068147658,-0.000131288089113,7.27800585446e-05
-0.000134093240166,-0.000152402107467,-1.83088673005e-05
-8.93366806968e-05,-4.91115333437e-05,4.02251473531e-05
-0.000105148198461,-0.000179905125524,-7.47569270633e-05
-0.000299554074719,-0.000288409300173,1.11447745462e-05
-0.000146920627573,-0.00016570222252,-1.87815949472e-05
-0.000186296045237,-0.000212857637593,-2.6561592356e-05
-0.000396655667768,-0.000287433274346,0.000109222393422
-4.23218689925e-05,-3.81512533013e-05,4.17061569118e-06
-0.000293779291492,-0.000244124027483,4.96552640091e-05
-0.000214935530649,-0.000144080337778,7.08551928713e-05
-0.000399521207978,-0.000309253792586,9.02674153925e-05
-0.000166936610632,-0.00016974195568,-2.80534504834e-06
-0.000187743483926,-0.000190469959349,-2.72647542239e-06
-0.00025720216029,-0.000157996297224,9.92058630658e-05
-0.000307831481669,-0.000237167440694,7.06640409748e-05
-0.000266691891054,-0.00017788932686,8.8802564194e-05
-8.83882069286e-05,-5.96842566333e-05,2.87039502952e-05
-0.000192699558508,-0.000167511872704,2.51876858032e-05
-0.000220378294042,-0.000182224583458,3.81537105834e-05
-0.00013405232912,-0.000152815457309,-1.8763128189e-05
-0.000127036456604,-2.78764774188e-05,9.91599791853e-05
6.93622628508e-05,3.31574823529e-05,-3.62047804979e-05
-0.000234999410309,-0.000189691277545,4.53081327639e-05
-0.000231158378422,-0.000226745456798,4.4129216241e-06
-0.00012623048062,-0.000185932015195,-5.97015345752e-05
-0.00019541435943,-0.000131525248494,6.38891109357e-05
-0.000170673641516,-0.000133836904369,3.68367371463e-05
-0.000269349512052,-0.000208309477721,6.10400343308e-05
-0.000174213716045,-0.000119414609315,5.47991067295e-05
-0.000172429677319,-0.000153223188334,1.92064889852e-05
-0.000212506140991,-0.000251215601889,-3.87094608978e-05
-0.00024666789308,-0.000225802541212,2.08653518685e-05
-0.000170582778113,-0.000228245044829,-5.7662266716e-05
-0.00012705760173,-0.000144496475922,-1.74388741922e-05
-0.000336309363592,-0.000233378297568,0.000102931066023
-0.000309391212924,-0.000252415986584,5.69752263393e-05
-0.000346640894769,-0.000255031820083,9.1609074686e-05
-0.000209854828759,-0.000211073845269,-1.21901651013e-06
-0.000233544440444,-0.000177473784193,5.60706562516e-05
-0.000197165338007,-0.000152811497784,4.43538402232e-05
-0.000252777495672,-0.000233970189689,1.88073059827e-05
-0.000306875276452,-0.000288894098399,1.79811780526e-05
-0.000350755615773,-0.000279201798954,7.15538168184e-05
-0.000210551991768,-0.000228460313154,-1.79083213851e-05
-0.000226277137167,-0.000188976596757,3.73005404092e-05
-0.000126180126303,-6.53398996694e-05,6.08402266331e-05
-0.000239302529019,-0.000195418220246,4.38843087723e-05
-0.000205653377675,-0.000182012798726,2.36405789491e-05
-0.00026436616043,-0.000204766086143,5.96000742862e-05
-0.000281524336936,-0.000198588354153,8.29359827833e-05
-0.000246425975757,-0.000226429238716,1.99967370409e-05
-0.000297293932403,-0.000262506406968,3.47875254352e-05
-0.000161920854276,-0.000170840417606,-8.91956332969e-06
-0.000103208557144,-0.000125313053798,-2.21044966542e-05
-0.000188194981881,-0.000170699552427,1.74954294546e-05
-0.000427603922045,-0.000311943801529,0.000115660120516
-0.000342152161511,-0.000274682156831,6.74700046804e-05
-0.00018518029133,-0.000115630208709,6.95500826211e-05
-0.000158783570368,-0.000115027811328,4.375575904e-05
-0.000208627469949,-0.000150662010748,5.79654592007e-05
-1.01706949715e-05,-7.41397803673e-05,-6.39690853958e-05
-0.000213058522944,-0.000163576476414,4.94820465298e-05
-0.000289301608091,-0.000200778198865,8.85234092254e-05
-0.000426134516997,-0.000315536732966,0.000110597784031
-0.000178188053401,-0.000212872771735,-3.46847183341e-05
-0.000114656263286,-0.000112635511798,2.02075148874e-06
-0.00016726536277,-0.000161833523145,5.43183962553e-06
-0.000279820799514,-0.000249987749611,2.98330499029e-05
-9.64011178858e-05,-0.000100039883206,-3.6387653206e-06
-0.000222388482132,-0.000170497239361,5.18912427712e-05
-0.000195260511058,-0.000150971709099,4.42888019592e-05
-0.000184041495896,-0.000215447832247,-3.14063363505e-05
-0.000169826996008,-0.000132054222358,3.77727736502e-05
-0.000150917833142,-0.000125055170403,2.58626627385e-05
-0.000128653957217,-0.000137119425317,-8.4654681e-06
-0.000338768508517,-0.000283951276354,5.48172321625e-05
-0.000245810183238,-0.000243470185664,2.33999757477e-06
-0.00011936807359,-0.000140636201341,-2.12681277504e-05
-0.000239442659857,-0.000224701291562,1.4741368295e-05
-0.000255551555779,-0.000166349711299,8.92018444796e-05
-0.000259331667983,-0.000199044483318,6.02871846644e-05
-0.000162017637489,-0.000114027870454,4.79897670348e-05
-0.000219656904325,-0.000204666977681,1.49899266436e-05
-0.000295425643412,-0.000208484770395,8.69408730164e-05
-0.000216800392919,-0.000237026396401,-2.02260034826e-05
-0.000236345673746,-0.000203481365061,3.28643086852e-05
-0.000256726546886,-0.000239554259604,1.71722872819e-05
-0.000235656922336,-0.000174250031484,6.14068908519e-05
-9.60443656273e-05,-0.000116265097439,-2.02207318113e-05
-9.36982801742e-05,-8.49360569777e-05,8.76222319644e-06
-0.000148097044409,-0.000169320186459,-2.12231420498e-05
-0.000246036586495,-0.000143469004656,0.000102567581839
-0.000223042877583,-0.000207084547994,1.59583295896e-05
-0.000107043387671,-7.24009952304e-05,3.46423924409e-05
-0.000302623405676,-0.000200547548064,0.000102075857612
-0.000215097790049,-0.000263194028486,-4.80962384369e-05
-0.000149038274104,-0.000156144829891,-7.10655578686e-06
-0.000195569314127,-0.000214638558355,-1.90692442279e-05
-0.000201654790218,-0.000117093288671,8.45615015468e-05
-0.00029345204489,-0.000279922260063,1.35297848268e-05
-0.000279644560179,-0.000270250418931,9.39414124819e-06
-0.000240803994617,-0.000171769234163,6.90347604542e-05
-0.000264790683504,-0.000158039622299,0.000106751061205
-0.000109809122897,-0.000123837858545,-1.40287356486e-05
-0.000204516356925,-0.000139306530931,6.52098259935e-05
-0.000234926468519,-0.000152275172696,8.26512958234e-05
-0.000274803297996,-0.000282352405205,-7.54910720942e-06
-0.00018130025811,-0.000155284345024,2.60159130864e-05
-0.000244956280325,-0.000250207820352,-5.25154002684e-06
-9.75064059708e-05,-0.000107543839377,-1.00374334061e-05
-0.000190855773299,-0.000228358420458,-3.75026471589e-05
-0.00026478058196,-0.000226548210712,3.82323712485e-05
-0.000327477987827,-0.000271774574639,5.57034131875e-05
1.92499800947e-05,-2.09480186169e-05,-4.01979987116e-05
-0.00021855998011,-0.000202239332503,1.63206476068e-05
-0.000330352876871,-0.000369548933593,-3.91960567219e-05
-0.000136014415035,-0.000165839278211,-2.98248631755e-05
-0.000164500987365,-0.000158252146799,6.24884056613e-06
-0.00015941263581,-0.000155940688868,3.47194694202e-06
-0.000331422584346,-0.000205569187074,0.000125853397272
-0.000352356583557,-0.000265733178218,8.66234053391e-05
-0.000372580596659,-0.000236713087004,0.000135867509655
-0.000254848938699,-0.000180323341087,7.4525597612e-05
-0.000238735244863,-0.000187741803819,5.09934410442e-05
-0.00023122654231,-0.000172609368767,5.86171735432e-05
-0.000155204715908,-0.000144910156351,1.02945595564e-05
-0.000310144642221,-0.000251832615118,5.83120271031e-05
-0.000194370968368,-0.000179011030606,1.53599377622e-05
-0.000201929613677,-0.000164868691579,3.70609220984e-05
-0.000329886163965,-0.000211762153528,0.000118124010437
-0.000205204169552,-0.000140106997089,6.50971724627e-05
-0.000202626724574,-0.000136591402186,6.60353223888e-05
-0.000235339079483,-0.000226188140945,9.15093853816e-06
-1.95566808495e-05,-0.000118291534787,-9.8734853938e-05
-0.000263200004698,-0.000193641890324,6.95581143735e-05
-0.000323129204022,-0.000301324816847,2.18043871757e-05
-0.000266429380422,-0.000225568289968,4.08610904541e-05
-0.000236430021201,-0.000245954476081,-9.52445487995e-06
-0.00027967092145,-0.000270251515536,9.41940591463e-06
-0.000197577187815,-0.000150450106314,4.71270815012e-05
-6.5771126204e-05,4.99619970605e-06,7.07673259101e-05
-0.000173070515898,-9.38278524629e-05,7.92426634351e-05
-0.000288403460211,-0.000294357723324,-5.9542631125e-06
-6.24214801581e-05,-3.72445980364e-05,2.51768821217e-05
-0.000282121294626,-0.00020689578335,7.5225511276e-05
-0.000311113005405,-0.000207112283667,0.000104000721738
-0.000113679361268,-0.00014428178705,-3.06024257823e-05
-5.75429475039e-05,-7.56739170321e-05,-1.81309695282e-05
-7.94569258211e-06,-0.000109501131695,-0.000101555439113
-5.36847325952e-06,3.06790659885e-06,8.43637985836e-06
-9.57350056614e-05,-0.000163536087726,-6.78010820643e-05
-0.000186040463222,-0.000126416196262,5.96242669596e-05
-0.000148775451181,-0.000125578800894,2.31966502877e-05
-0.000409786279897,-0.000376388400991,3.33978789059e-05
-0.000376609574909,-0.000283669205029,9.29403698802e-05
-0.000134518391138,-0.000116577104302,1.79412868364e-05
-0.000257643649898,-0.000199912211328,5.77314385703e-05
-0.000318852618908,-0.000229004849198,8.98477697097e-05
-0.000268159710909,-0.000237868848971,3.02908619371e-05
-0.000197044892527,-0.000145793895192,5.12509973353e-05
-0.00015832945388,-0.000229680050608,-7.13505967272e-05
-2.6507229266e-05,-5.42852472011e-05,-2.77780179351e-05
-0.000131063765083,-0.000193491703495,-6.24279384114e-05
-0.000260903106776,-0.00030886312416,-4.79600173849e-05
-0.000231967438129,-0.000157265891573,7.47015465565e-05
-0.000133697504056,-8.04939382882e-05,5.32035657673e-05
-0.000252628316572,-0.00019781522216,5.48130944117e-05
-0.000392050196619,-0.000195459538849,0.00019659065777
-0.000156520320662,-0.000130963295079,2.55570255822e-05
-0.000334540226815,-0.000247406018576,8.71342082394e-05
-0.000196674346933,-0.00025529415444,-5.86198075067e-05
-0.00021132657529,-0.0001954397683,1.58868069899e-05
-0.000184394753583,-0.000187016935073,-2.62218149068e-06
3.44352743565e-05,-1.58133876184e-05,-5.02486619748e-05
-0.000226233647578,-0.000168720324953,5.75133226251e-05
-0.000197726872239,-0.000170476849802,2.72500224371e-05
-0.000323090650063,-0.000315956137186,7.13451287695e-06
-0.000125836259024,-0.000116539725829,9.29653319467e-06
-0.000281779762174,-0.000309914886701,-2.81351245263e-05
-0.000355887031989,-0.000269727219554,8.61598124351e-05
-0.000228108768087,-0.000179448101303,4.86606667837e-05
-0.000248015079406,-0.000224024296777,2.39907826293e-05
-0.000264312603821,-0.000176638207987,8.76743958339e-05
-0.000405221283752,-0.00036761981238,3.76014713718e-05
-0.000143497161158,-0.000186539083619,-4.30419224608e-05
-0.000257593600356,-0.000218941111434,3.86524889219e-05
-0.000252311483563,-0.00020515564836,4.71558352026e-05
-0.000404954052373,-0.000329187989821,7.57660625518e-05
-0.000333722182684,-0.00028150700711,5.22151755743e-05
-0.000113437080119,-0.000116120645379,-2.68356526064e-06
-0.000247554852384,-0.000164336444337,8.3218408047e-05
-0.000239886841761,-0.000148229010918,9.16578308425e-05
-0.000314033325565,-0.000237771764646,7.62615609185e-05
-0.000196726079884,-0.000123808347363,7.29177325218e-05
6.73877812035e-05,-3.29985177826e-05,-0.000100386298986
-0.000275037936476,-0.000160107881769,0.000114930054706
-0.000188933287647,-0.000103390558726,8.55427289207e-05
-0.000245957865151,-0.000172225278947,7.37325862038e-05
-0.000249053087123,-0.000176675426881,7.23776602414e-05
-0.000404267438112,-0.000343357135027,6.09103030852e-05
-0.000118049042605,-6.90830242855e-05,4.89660183198e-05
-0.000294470770275,-0.00018611986335,0.000108350906925
-0.000318791472497,-0.000338321138633,-1.95296661361e-05
-0.000181743728981,-0.000187621183296,-5.87745431461e-06
-0.000149803011942,-0.000158670505126,-8.86749318475e-06
-0.000477944383801,-0.000319704885329,0.000158239498472
-0.000285790311451,-0.000171654677518,0.000114135633933
-0.000274919067369,-0.000273340179435,1.57888793427e-06
-0.000113901843606,-5.42312234582e-05,5.96706201475e-05
-0.000138290933956,-0.000177187627363,-3.8896693408e-05
-0.000330879876558,-0.000306899445699,2.39804308581e-05
-0.000166606173291,-0.000171739472702,-5.13329941013e-06
3.68751948165e-05,-3.90969522828e-05,-7.59721470992e-05
3.59123994367e-05,3.54549454155e-05,-4.57454021136e-07
-0.000169586101837,-0.000167070649895,2.5154519417e-06
-0.000271747127504,-0.00020443883283,6.73082946741e-05
-0.000121088738433,-7.60760619191e-05,4.50126765139e-05
-0.000231165024627,-0.000195478374424,3.56866502035e-05
-0.000284022450146,-0.00026729210752,1.67303426261e-05
-0.000298294520175,-0.000211024376992,8.72701431823e-05
-0.000186022139419,-0.000219202012893,-3.31798734738e-05
-0.000159160695382,-0.000172631318967,-1.34706235843e-05
-0.000156814212519,-0.000111347527801,4.54666847178e-05
-0.000335400513719,-0.000324788278353,1.06122353656e-05
-0.000264120080109,-0.000244978874555,1.91412055535e-05
-0.00026368186022,-0.000151912945849,0.000111768914371
-0.000145396353102,-0.000185038188524,-3.96418354222e-05
-0.000289562358434,-0.000280514474817,9.04788361683e-06
-0.000286523535216,-0.00015679626074,0.000129727274476
-7.88587952694e-05,-8.93243767521e-05,-1.04655814827e-05
-0.00042725774113,-0.000366004557877,6.12531832531e-05
-0.000124874913804,-0.000103697174951,2.11777388522e-05
-0.000141847288529,-0.000154998577034,-1.31512885049e-05
-0.00039403418508,-0.000358963586706,3.50705983734e-05
-0.000240357025112,-0.000272841328972,-3.24843038598e-05
-0.000157285688174,-0.000116668147281,4.06175408932e-05
-0.000104594652325,-0.000101728842254,2.86581007124e-06
-0.000275292166759,-0.000212489588058,6.28025787014e-05
-0.000201729999909,-0.000154047911696,4.76820882125e-05
-0.000303749894383,-0.000240066126412,6.36837679711e-05
-0.000377855408823,-0.00027276063532,0.000105094773503
-0.000269025311873,-0.000216613694709,5.24116171641e-05
-0.000257428144591,-0.000239429261851,1.79988827399e-05
-0.000312612752427,-0.000213573954342,9.90387980848e-05
-0.00026877047365,-0.000216765615068,5.20048585815e-05
-0.000209745512212,-0.000164730318357,4.50151938545e-05
-0.000145367584975,-0.000169202798924,-2.38352139485e-05
-0.000206655216344,-0.000208049174947,-1.39395860337e-06
-0.000401573509493,-0.000334210250412,6.73632590813e-05
-0.000251578504849,-0.000148484833144,0.000103093671705
-8.58050101486e-05,-0.000141495751373,-5.56907412242e-05
-0.000282442898072,-0.000285925208854,-3.4823107822e-06
-0.000257555425375,-0.000208416240882,4.91391844932e-05
-6.33703046963e-05,-4.21714837578e-05,2.11988209385e-05
-0.000158773878916,-0.000197994186954,-3.92203080383e-05
-0.000418927972815,-0.000309212034732,0.000109715938083
-0.000256173123902,-0.000144591142177,0.000111581981725
-0.000207730433272,-0.000145800557692,6.19298755793e-05
-0.000236972020522,-0.00027088190264,-3.39098821181e-05
-0.000199673489503,-0.000145037588889,5.46359006137e-05
-0.000341963476047,-0.000270556342793,7.14071332532e-05
-0.000201656373911,-0.00015199135599,4.9665017921e-05
-0.000102770907903,-0.000146802853362,-4.40319454594e-05
-0.000212064499213,-0.000204900043332,7.1644558812e-06
-0.000234172060657,-0.000145426427564,8.87456330928e-05
-0.000201344332793,-0.000146303769021,5.50405637712e-05
-0.000469853157876,-0.000285352405859,0.000184500752017
-0.000149328408695,-0.000167862725221,-1.85343165261e-05
-0.000253965763174,-0.000178912271729,7.50534914452e-05
-0.000177216355134,-0.000130880636241,4.6335718893e-05
-0.00019809494173,-0.000225166118685,-2.70711769547e-05
-0.000316716186776,-0.00022040615287,9.63100339065e-05
-0.000145829240363,-0.000128537199487,1.72920408766e-05
-0.000123344219974,-0.000140698550234,-1.73543302603e-05
-8.98660416843e-05,-6.109006467e-05,2.87759770143e-05
-9.8922361797e-05,-0.000120233250297,-2.13108885001e-05
-0.000228930151868,-0.000190341697971,3.85884538976e-05
-0.000193315607418,-0.000167616944347,2.56986630708e-05
-0.0002824814108,-0.000245954000539,3.65274102608e-05
0.000100139560403,1.51879446349e-05,-8.49516157683e-05
-0.000347614216985,-0.000373978070286,-2.6363853301e-05
-0.000430071330524,-0.000365311903263,6.47594272606e-05
-0.000279258487291,-0.000221804349965,5.74541373263e-05
-0.0002692531414,-0.000284301186391,-1.50480449913e-05
-0.000308537862079,-0.000281615365049,2.69224970307e-05
-0.000199817168828,-0.000150819257706,4.89979111219e-05
-0.000217802734767,-0.000166016169071,5.17865656966e-05
-0.000349153333301,-0.000282658896766,6.64944365349e-05
-0.000235722556467,-0.000225329136341,1.03934201261e-05
-0.000347169221253,-0.000266923000052,8.02462212013e-05
-0.00027165158688,-0.000200835727641,7.08158592392e-05
-0.000321226843557,-0.000253518510412,6.77083331453e-05
-0.000216571942691,-0.000264303297803,-4.77313551121e-05
-0.000104584740679,-0.000118282834446,-1.36980937667e-05
-0.000260971227435,-0.000235564112508,2.54071149274e-05
-0.000212705444745,-0.000189576127336,2.31293174098e-05
-9.04402323486e-05,-0.000134643636178,-4.42034038293e-05
-8.96169807105e-05,2.61850925553e-06,9.2235489966e-05
-0.000314710465808,-0.000264910981145,4.97994846635e-05
-0.000361615800438,-0.000285945346154,7.56704542842e-05
-0.00023898018257,-0.000176627999531,6.23521830387e-05
-0.000224418820394,-0.000185736026386,3.86827940079e-05
-0.000155450930043,-0.000148834891052,6.61603899074e-06
-0.000197547649064,-0.000219574017006,-2.20263679417e-05
-0.00016016519271,-0.000188015717678,-2.78505249681e-05
-0.000262137657434,-0.00027825491922,-1.61172617855e-05
-3.09078343682e-05,-5.42540522144e-05,-2.33462178462e-05
-0.000104920910358,-8.84548345005e-05,1.64660758575e-05
-0.000384208191111,-0.0003231645423,6.10436488116e-05
-0.000260528524818,-0.000171997808899,8.85307159191e-05
-0.000421826031982,-0.000313548745669,0.000108277286313
-0.000307915183024,-0.000231821293873,7.60938891509e-05
-0.000290143540439,-0.000220569847204,6.95736932353e-05
-0.000115775912133,-0.000143672179233,-2.78962670994e-05
-0.00024396068707,-0.00017700622705,6.69544600193e-05
-0.000246775656528,-0.000192295705541,5.4479950987e-05
-0.000116002491708,-0.000116297222995,-2.94731286839e-07
-0.00016980061264,-0.000121148981793,4.86516308475e-05
-0.000266919935752,-0.000306758970341,-3.98390345886e-05
-0.000319009225009,-0.000241441771285,7.75674537245e-05
-0.000192476641663,-0.000235176039415,-4.26993977519e-05
-0.000245108908319,-0.000175969021124,6.91398871954e-05
-0.000189087180101,-0.00019424329421,-5.15611410902e-06
-0.000318991135562,-0.000339808427486,-2.08172919241e-05
-6.13449023564e-05,-0.000155292595956,-9.39476935994e-05
-0.000281085332264,-0.000264300839637,1.67844926273e-05
-0.000150764158985,-0.000162509031139,-1.17448721536e-05
-9.98629789448e-05,-0.000104451398877,-4.58841993264e-06
-0.000285787811069,-0.00023878853396,4.69992771092e-05
-6.71314933533e-05,-9.57671734602e-05,-2.86356801069e-05
-0.00040764901375,-0.000295499501275,0.000112149512474
-0.000177437721473,-0.000118676148133,5.87615733401e-05
-0.000220172994413,-0.000210895302215,9.27769219737e-06
-0.000288111573039,-0.000158580778014,0.000129530795025
-0.000222624650562,-0.000200301134988,2.23235155737e-05
-0.000197760441843,-0.00017599235721,2.17680846324e-05
-0.000106794336452,-7.50153178139e-05,3.17790186384e-05
-0.000270174051264,-0.000149291419995,0.00012088263127
-0.000159974043699,-0.00018672017768,-2.67461339811e-05
-0.000325283329345,-0.000249819563553,7.54637657926e-05
-0.000289152342983,-0.000176978953498,0.000112173389485
-0.000121203972276,-0.000135881201454,-1.46772291781e-05
-5.70190223107e-05,-5.41703315708e-05,2.8486907399e-06
-0.000220497310327,-0.000185765638451,3.4731671876e-05
-0.000122830227785,-0.000173348085771,-5.05178579855e-05
-0.000274966161545,-0.00025445118591,2.05149756347e-05
-0.000240857006078,-0.000199560398614,4.12966074634e-05
-0.000322519845128,-0.000303464521908,1.90553232205e-05
-0.000154447171808,-0.000176825828428,-2.23786566204e-05
-0.000260933400576,-0.000215414939458,4.55184611186e-05
-0.000181972299406,-0.000201022384199,-1.90500847924e-05
-0.000193084417326,-0.00018862777578,4.45664154623e-06
-0.000224772057653,-0.000140056620538,8.47154371148e-05
-0.00015375845812,-0.00016164318747,-7.88472935011e-06
-0.000193298479033,-0.000182672375936,1.06261030978e-05
-0.00030932709614,-0.000245080924057,6.42461720823e-05
-0.000145081706157,-0.000128744151867,1.63375542895e-05
-0.000251167766738,-0.00019717764711,5.39901196274e-05
-0.00027198111188,-0.000223265807595,4.87153042842e-05
-0.000151472720608,-0.000101085253336,5.03874672713e-05
-9.37106739132e-05,-7.05122499523e-05,2.31984239609e-05
-0.000205553503902,-0.000168707183791,3.68463201112e-05
-0.000149119895611,-0.000132135662158,1.69842334534e-05
-0.00033378772358,-0.000297111955785,3.66757677956e-05
-0.000179074563549,-0.000143294493848,3.57800697019e-05
-0.000277282173345,-0.000228747127598,4.85350457476e-05
-0.00028967755675,-0.000258194907552,3.14826491976e-05
-0.00010379923273,-0.00012867199019,-2.48727574605e-05
-0.000112092112718,-8.85248104888e-05,2.35673022295e-05
-0.000213591485149,-0.000274616928873,-6.10254437247e-05
-0.000367906989343,-0.000243031170313,0.00012487581903
-0.000222724489805,-0.000155580474071,6.71440157342e-05
-0.000195875858958,-0.000158774150042,3.71017089153e-05
-0.000150251724568,-0.000219623906243,-6.93721816748e-05
-0.000410744668052,-0.000323480881068,8.72637869837e-05
-0.000238215248345,-0.000232253295961,5.96195238416e-06
-0.000222389535869,-0.000210575598206,1.18139376631e-05
-0.000288759162836,-0.000330305145841,-4.15459830052e-05
-0.000157406399132,-0.000114438379824,4.29680193084e-05
-0.000280119735928,-0.000339658604625,-5.95388686973e-05
-0.000263731963408,-0.000235249295366,2.84826680419e-05
-0.000120470762936,-0.00010940954811,1.10612148264e-05
-0.000106036312505,-0.000121245396977,-1.52090844713e-05
-0.00026820540114,-0.000270357836101,-2.15243496099e-06
-0.000332029050276,-0.000212814572501,0.000119214477776
-0.000264524306832,-0.00017033105278,9.41932540521e-05
-0.00020696105068,-0.000191785374739,1.51756759409e-05
-0.000210703176679,-0.000229708076232,-1.90048995535e-05
-0.000185461821153,-0.000157749122967,2.77126981858e-05
-0.000250725405457,-0.000236974328575,1.37510768823e-05
-0.000275534695819,-0.000278574323741,-3.03962792212e-06
-5.41581169165e-05,-9.88076876421e-05,-4.46495707256e-05
-0.000133652944663,-9.32568501505e-05,4.03960945124e-05
-0.000122385977432,-0.000148347036036,-2.59610586044e-05
-0.000285549865593,-0.000230993894392,5.45559712009e-05
-0.000155120206461,-0.000135619026893,1.95011795677e-05
-7.33367819737e-05,-0.000134194937147,-6.08581551737e-05
-0.000110167691397,-0.000100231131987,9.93655940915e-06
-0.000196700432272,-0.000189816339215,6.88409305704e-06
-0.000362732374896,-0.000278069213691,8.46631612048e-05
-0.000136170521535,-0.000107708769222,2.84617523128e-05
-0.000123381657126,-0.000118475719344,4.90593778181e-06
-0.000131580187595,-9.60195436348e-05,3.55606439603e-05
-0.000243427467939,-0.000199445881585,4.39815863539e-05
-0.000259868688929,-0.000279516505885,-1.96478169565e-05
-0.000339656211058,-0.000254373759933,8.5282451125e-05
-0.000179373957153,-0.000222960920029,-4.35869628755e-05
-0.000213733152177,-0.000209655897457,4.07725472055e-06
4.92879882033e-05,-2.92005362342e-05,-7.84885244375e-05
-0.000218332692935,-0.000230902784414,-1.25700914791e-05
-0.00011426450422,-9.07013596895e-05,2.35631445308e-05
-0.000150656803134,-0.000178170761357,-2.75139582228e-05
-0.000172742138705,-6.27830313537e-05,0.000109959107352
-0.000173902397572,-0.000136722995302,3.71794022698e-05
-0.000271307483715,-0.000290249141542,-1.89416578272e-05
-0.000351119714796,-0.000342988890393,8.13082440308e-06
-0.000302128312855,-0.000277148504166,2.49798086895e-05
-0.000152948758908,-0.000185083764171,-3.21350052636e-05
-5.83866583084e-05,-5.61674569701e-05,2.2192013383e-06
-0.000276009830139,-0.000211698578834,6.43112513054e-05
-0.000211558698879,-0.000138908198273,7.26505006062e-05
-0.000218461533492,-0.000192973038761,2.54884947317e-05
-0.000208974074431,-0.000178588934241,3.038514019e-05
-0.000243554628273,-0.000255490653161,-1.1936024888e-05
-0.00020951716156,-0.000146619635872,6.28975256882e-05
-8.71472228624e-05,-4.78297662553e-05,3.9317456607e-05
-0.000246954869111,-0.00025535241851,-8.39754939932e-06
-0.000388995496871,-0.000267938915417,0.000121056581454
-0.000367312141292,-0.00020282094749,0.000164491193803
-0.000164989478816,-0.000184150333197,-1.91608543806e-05
-0.000194418231109,-0.000121901483603,7.25167475061e-05
-0.00026984896856,-0.000195037760784,7.48112077752e-05
-0.000199802964435,-0.000197228998736,2.57396569853e-06
-0.000183549702033,-0.000136843048067,4.67066539663e-05
-0.000250778664084,-0.000188429703435,6.23489606483e-05
-0.000119244024455,-0.000173700760445,-5.44567359909e-05
-0.000254810912772,-0.000238861568507,1.5949344265e-05
-0.00034067678669,-0.000368222529849,-2.75457431596e-05
-0.000257329289498,-0.000140616390242,0.000116712899256
-0.000320043398468,-0.00025216457779,6.78788206778e-05
-0.000147453212868,-0.000208377014979,-6.09238021107e-05
-0.000132393859306,-0.000112975306232,1.9418553074e-05
-0.000245760432275,-0.00023417469378,1.15857384946e-05
-0.000397270724525,-0.000272334307824,0.000124936416702
-0.000103542381414,-0.000175812499837,-7.22701184233e-05
-0.000217323900621,-0.000181283399217,3.60405014042e-05
-0.000220285574402,-0.000200075375339,2.02101990627e-05
-0.000158364246288,-0.000182106241854,-2.37419955659e-05
-0.000106938567511,-0.000121635527029,-1.46969595179e-05
-0.000131291305146,-0.000207933213608,-7.6641908462e-05
-0.000270393471709,-0.000217150348251,5.32431234587e-05
-0.000213296462108,-0.000234990847992,-2.16943858839e-05
-0.000199005238065,-0.000234747772007,-3.57425339425e-05
-0.000169521352045,-0.000202482367297,-3.29610152513e-05
-0.000228920884228,-0.000241067474119,-1.21465898919e-05
-0.00014100985232,-8.72837305706e-05,5.37261217489e-05
-0.000222259057361,-0.000146931577176,7.53274801856e-05
-9.60024246835e-05,-0.000104895206869,-8.89278218538e-06
-0.000321270928697,-0.000250718909287,7.05520194104e-05
-0.000108328154028,-0.000147911018634,-3.95828646054e-05
-0.000277664690317,-0.000178647483146,9.90172071703e-05
-0.00033378966837,-0.000268305543114,6.54841252568e-05
-0.00020736690878,-0.000129229196843,7.81377119372e-05
-0.00029962646798,-0.000178707181207,0.000120919286773
-0.000275355209411,-0.000164659812981,0.000110695396431
-0.000196420430417,-0.000178092973525,1.83274568919e-05
-0.000288118218819,-0.000214152133209,7.39660856099e-05
-0.000185437514527,-0.000207079662038,-2.16421475101e-05
-0.000288791714731,-0.000267760434719,2.10312800118e-05
-0.000211925711827,-0.000152992529629,5.89331821975e-05
-0.000322907551631,-0.000206489593222,0.000116417958408
-0.00033950001775,-0.000259101896421,8.03981213298e-05
-0.000217457687833,-0.000215785708718,1.67197911496e-06
-0.000152364725433,-0.000161495676994,-9.13095156072e-06
-0.000134116256132,-0.000173097115963,-3.89808598313e-05
-0.00027607212567,-0.000263249948158,1.28221775126e-05
-0.000117223165915,-0.000126592871623,-9.369705708e-06
-0.000132858427157,-7.49110972704e-05,5.79473298866e-05
-0.000101368874699,-6.76314546737e-05,3.3737420025e-05
-0.000137135054867,-7.44415072993e-05,6.26935475677e-05
-0.000223236256362,-0.000165708133998,5.75281223637e-05
-0.000161812142687,-0.000110111280418,5.17008622689e-05
-0.000184037178043,-0.000229054289532,-4.50171114889e-05
-0.000259807516572,-0.000202560627173,5.72468893997e-05
-0.000132045767378,-0.000192063067636,-6.0017300258e-05
-0.000105645197243,-0.000123634988371,-1.79897911273e-05
-0.000208686362609,-0.000169108983634,3.95773789753e-05
-0.000326718595172,-0.000308879668874,1.78389262977e-05
-0.000322083718217,-0.000262432831148,5.96508870687e-05
-0.000197411861439,-0.000151313677846,4.60981835935e-05
-0.000168583030465,-0.000133863082455,3.47199480103e-05
-0.000445237026601,-0.00032087448676,0.00012436253984
-0.000193385067285,-0.000209132417419,-1.5747350134e-05
-0.000136509370304,-0.000129090948908,7.41842139628e-06
-0.000130244299951,-0.000136556946881,-6.31264692922e-06
-0.000237343508494,-0.000177082808122,6.02607003716e-05
-0.00028267905992,-0.000290390614175,-7.71155425471e-06
-0.000207474814143,-0.000240191856677,-3.27170425332e-05
-0.000255506177336,-0.000301311725067,-4.58055477313e-05
-0.000358739923091,-0.000281845406577,7.68945165146e-05
-0.000174121755808,-0.000169581833789,4.53992201886e-06
-7.9763079201e-05,-0.000117970732625,-3.82076534244e-05
-0.000310215518575,-0.000261585280577,4.86302379979e-05
-0.000174788715282,-0.000203112891835,-2.83241765522e-05
-0.000164032358437,-0.000197412740737,-3.33803823005e-05
-7.69679207967e-05,-0.000132557941404,-5.55900206072e-05
-0.000147780110882,-7.69783445611e-05,7.08017663208e-05
-5.15994626544e-05,-8.03936524778e-05,-2.87941898234e-05
-0.000363273449488,-0.000261304360588,0.0001019690889
-0.000349213286012,-0.000251108606528,9.81046794836e-05
-0.000290269847781,-0.000230469143871,5.98007039105e-05
-0.000224608338263,-0.000187245684549,3.73626537146e-05
-0.000254800562522,-0.000228319125866,2.64814366564e-05
-0.00042196921463,-0.00032553199589,9.64372187405e-05
-0.000143800981581,-9.34706176506e-05,5.03303639305e-05
-0.000108053049215,-6.67687259008e-05,4.12843233137e-05
-0.00024038954423,-0.000205632923892,3.47566203376e-05
-0.000285581588153,-0.000273851652114,1.17299360389e-05
-0.000291406226223,-0.000281407936204,9.99829001884e-06
-0.000164983389491,-0.000156788607844,8.19478164718e-06
-0.000227024230295,-0.000176267166898,5.07570633967e-05
-0.00015735108481,-0.000147080010307,1.02710745035e-05
-0.000174765014758,-8.45726401963e-05,9.01923745621e-05
-0.000225535912077,-0.000105770726233,0.000119765185844
-0.000371818624784,-0.000324607748987,4.72108757973e-05
-4.060832217e-05,-4.77299533129e-05,-7.12163114289e-06
-0.000251784491873,-0.000215094935121,3.66895567522e-05
-6.5883975474e-05,-8.17007991346e-05,-1.58168236606e-05
-0.000219596451047,-0.000160958033446,5.86384176006e-05
-0.000255882697541,-0.000197992272375,5.78904251656e-05
-9.83110226554e-05,-0.000143793211237,-4.54821885816e-05
-0.000314993942943,-0.000267484402793,4.75095401495e-05
-0.000202156068692,-0.000147520046891,5.46360218012e-05
-0.000146959052408,-0.000164666184247,-1.77071318386e-05
-0.000218198813192,-0.000195324209867,2.28746033253e-05
-4.38041940289e-05,-0.000140429695615,-9.66255015866e-05
-0.000281996669086,-0.000245607899186,3.63887699e-05
-0.000258177790195,-0.000147730484437,0.000110447305759
-0.000241299953798,-0.000172501180877,6.87987729209e-05
-0.000181424492083,-0.000154339674945,2.70848171381e-05
-0.00024177464903,-0.000218182538219,2.35921108107e-05
-0.000335980304291,-0.00024652084155,8.94594627404e-05
-0.000210622437691,-0.000116394470729,9.42279669622e-05
-0.000234580026543,-0.000208812562446,2.57674640966e-05
-0.000232649590842,-0.000261124629192,-2.84750383502e-05
-0.00025767505251,-0.000243592984384,1.40820681261e-05
-4.69380480776e-05,-7.00580603969e-05,-2.31200123193e-05
-0.00021679351628,-0.0002306302404,-1.38367241196e-05
-0.000254408307227,-0.000171662555909,8.27457513179e-05
-0.000280048336354,-0.000217641521357,6.24068149967e-05
-0.00027300332219,-0.000198217675463,7.47856467277e-05
-0.000215888495857,-0.000216909329515,-1.02083365764e-06
-0.000191169621661,-0.000168572781706,2.25968399549e-05
-6.39007799702e-05,-8.4784611225e-05,-2.08838312548e-05
-0.000145512751982,-0.000152804685081,-7.29193309906e-06
-0.000396682885803,-0.000258257872968,0.000138425012834
-0.000227942996425,-0.000156256139324,7.16868571011e-05
-0.000169022450731,-0.000140788992519,2.82334582116e-05
-0.000386485971243,-0.000294404005089,9.20819661539e-05
-0.000268772047853,-0.000129918195913,0.00013885385194
-0.000145931564631,-0.000104786151026,4.11454136047e-05
-0.000156216351282,-0.000137904877776,1.83114735063e-05
-0.000288724551426,-0.000246670750707,4.20538007192e-05
-0.000233159036038,-0.000229551333288,3.60770275019e-06
-0.00029140012241,-0.000223469721719,6.79304006912e-05
-0.000156348956325,-0.000118434383884,3.79145724412e-05
2.2839000976e-05,2.60951712469e-05,3.25617027094e-06
-0.000338842201538,-0.00023582800426,0.000103014197279
-0.000191756035863,-0.000155737357531,3.60186783327e-05
-8.03934099008e-05,-9.96245053137e-05,-1.92310954129e-05
-0.000289817839515,-0.000235409213249,5.44086262658e-05
-0.000321139061589,-0.00020255498438,0.000118584077209
-0.000222292471598,-0.000169319313554,5.29731580433e-05
-8.08731741953e-05,-6.52295356203e-05,1.56436385749e-05
-0.000275317204019,-0.000241629131185,3.36880728335e-05
-0.000319301124271,-0.000229412150875,8.98889733953e-05
-0.000336420559006,-0.000305775516155,3.06450428514e-05
-0.000126295327306,-0.000102063529419,2.4231797887e-05
-0.000195378640859,-7.61150483444e-05,0.000119263592515
-0.000125238884232,-6.60754055498e-05,5.9163478682e-05
-0.000155055770386,-0.000108840481889,4.62152884971e-05
-0.000321044437528,-0.000253251620312,6.77928172168e-05
-0.00015397206671,-0.000155179964844,-1.20789813397e-06
-0.000172458582329,-0.000221628848505,-4.91702661757e-05
-0.000133214289975,-0.000122940478666,1.02738113086e-05
-0.000222273708725,-0.000180782369533,4.14913391927e-05
-0.000252843322701,-0.00017937521139,7.34681113111e-05
-0.000171451398993,-0.000189704220351,-1.82528213572e-05
-0.000282492040928,-0.000279921552098,2.57048883038e-06
-0.000216906935735,-0.000242429588442,-2.55226527073e-05
-0.0001102641172,-0.000138902290159,-2.86381729593e-05
-0.000201293217175,-0.000132098638258,6.9194578917e-05
-0.000266721736439,-0.000195352483682,7.13692527571e-05
-0.0002248392015,-0.000195728960776,2.91102407247e-05
2.18451899184e-05,-4.16907990147e-05,-6.35359889331e-05
-0.000338817447212,-0.000291962371581,4.68550756315e-05
-0.000254571702502,-0.000133755626984,0.000120816075518
3.2954306484e-05,-9.75098351157e-07,-3.39294048352e-05
-0.000287353025268,-0.000211234542067,7.61184832005e-05
-0.000154358519002,-0.000134117161604,2.02413573986e-05
-0.000137631639043,-0.000152309767764,-1.46781287208e-05
-0.000234381035463,-0.000244291631486,-9.91059602354e-06
-9.14106218308e-05,-1.79532693925e-05,7.34573524382e-05
-0.000271795813624,-0.000237642857744,3.41529558802e-05
-0.000149116552482,-0.000147519593123,1.59695935822e-06
-0.000280378363265,-0.000212738869437,6.76394938278e-05
-1.46316049821e-05,-3.89522290401e-05,-2.43206240579e-05
-0.000413738052494,-0.000342489817017,7.12482354773e-05
9.21919196241e-06,-0.000136094563236,-0.000145313755199
-0.000250197707953,-0.000152315056534,9.7882651419e-05
-0.000199535302025,-0.000236432584086,-3.68972820613e-05
-0.000198836793782,-0.000150935863409,4.79009303729e-05
-0.000148664805278,-0.000152982091059,-4.31728578039e-06
-7.03359089003e-05,-0.000103706201217,-3.33702923166e-05
-0.00038176713181,-0.000280042868501,0.000101724263309
-0.000231556227658,-0.00022189471886,9.66150879819e-06
-0.00018023544545,-0.000160559982221,1.96754632287e-05
-0.000139891329972,-0.000107419232392,3.247209758e-05
-0.000277066754855,-0.000176736196778,0.000100330558077
-0.000143657354092,-0.000166792026959,-2.31346728677e-05
-0.000242391698352,-0.000195372554823,4.70191435288e-05
-0.000185036242578,-0.000172832377121,1.22038654573e-05
-0.000271387892619,-0.000201937615749,6.94502768696e-05
-0.000122065165363,-0.000109822932806,1.22422325565e-05
-0.000275554954508,-0.000222180450237,5.3374504271e-05
-0.000150075632726,-0.000126289037659,2.37865950664e-05
-0.000180090624036,-0.000157777737268,2.23128867672e-05
-0.000211100220829,-0.000294435372757,-8.33351519287e-05
-0.000138928783734,-0.000163521340846,-2.45925571122e-05
-0.000349217067154,-0.000260288613605,8.89284535493e-05
-0.000183262287553,-0.000123179434115,6.00828534386e-05
-0.00033016295374,-0.000220948071106,0.000109214882634
-0.000170496339713,-0.000119263289,5.12330507129e-05
-0.000466917283969,-0.000328730422987,0.000138186860982
-0.000139649094838,-8.91657736419e-05,5.04833211958e-05
-0.000220761093162,-0.000133127830368,8.76332627941e-05
-0.000140099314644,-0.000127126360872,1.29729537721e-05
-0.000151921421935,-0.000180425549634,-2.85041276997e-05
-0.00014931410523,-8.88571989399e-05,6.04569062903e-05
-0.000154835332644,-0.000167443816174,-1.26084835309e-05
-8.27553589623e-05,-3.41301048262e-05,4.8625254136e-05
-8.0710017768e-05,-5.11138564019e-05,2.95961613661e-05
-0.000416476422285,-0.000399923642178,1.65527801071e-05
-0.00011778987641,-9.91536868806e-05,1.86361895299e-05
-0.000165912322749,-0.00019408502725,-2.81727045013e-05
-0.000532885440129,-0.000474625213046,5.82602270836e-05
-0.000303358734303,-0.000252909725017,5.04490092861e-05
-0.000191879282165,-0.000176561271288,1.53180108771e-05
-0.000276290327776,-0.000228196448678,4.80938790976e-05
-0.000158356965018,-0.000176776667634,-1.84197026166e-05
-0.000303268326966,-0.000260753604349,4.25147226168e-05
-0.000263534190171,-0.000186671315447,7.68628747234e-05
-0.000319749697344,-0.000250040275311,6.9709422033e-05
-0.00011093262392,-0.000131613996366,-2.06813724459e-05
-0.000287195548309,-0.000193294104741,9.39014435683e-05
-0.000179915270368,-0.000206786519009,-2.68712486416e-05
-9.76832856724e-05,-8.18530701943e-05,1.58302154781e-05
-0.000145775101828,-0.000224679482402,-7.89043805742e-05
-0.000292608965457,-0.00023904722393,5.35617415263e-05
-0.00025520655062,-0.00023251143549,2.26951151296e-05
-0.000253836674195,-0.000231624193557,2.22124806377e-05
-0.000444679294218,-0.000449366195131,-4.68690091325e-06
0.000101688170314,-6.72890060019e-06,-0.000108417070914
-0.00024131148579,-0.000221338980056,1.99725057341e-05
-0.000153590769042,-0.000181630190381,-2.80394213388e-05
-0.00028679715594,-0.000266673266898,2.01238890416e-05
-0.000220241273041,-0.00020740236079,1.28389122516e-05
-0.000259778946366,-0.000292143677179,-3.23647308123e-05
-0.000126621252006,-0.00011888638534,7.73486666554e-06
-0.00011560578049,-8.92356773585e-05,2.63701031314e-05
-1.87140397794e-05,-7.1473426523e-05,-5.27593867435e-05
-0.00036451031265,-0.000327305646789,3.72046658615e-05
-0.000291815488413,-0.000183275141871,0.000108540346541
-0.000221206317301,-0.0001454729873,7.57333300013e-05
-0.000264718469797,-0.000151288843586,0.000113429626211
-0.00012266617278,-0.000140856223886,-1.81900511055e-05
-0.000227502981839,-0.000177396751634,5.01062302051e-05
-0.000374016305984,-0.000212517325437,0.000161498980547
-0.000195818744245,-0.000159196451239,3.66222930062e-05
-0.000191709409711,-0.000157947780888,3.3761628823e-05
-0.000189350129343,-0.000174010293476,1.5339835867e-05
-0.000210188098959,-0.000248731679339,-3.85435803808e-05
-0.000338239441767,-0.000230677671699,0.000107561770068
-0.000184821647791,-0.000158753196888,2.6068450903e-05
-0.000294408380955,-0.000203708904548,9.0699476407e-05
-0.000284657655243,-0.000217719532019,6.69381232235e-05
-0.000186675072318,-0.000157455157803,2.92199145145e-05
-0.000206167380181,-0.000135814265827,7.03531143539e-05
-0.000368068435788,-0.000296060316737,7.20081190512e-05
-0.00021346961436,-0.000228493620766,-1.50240064059e-05
-8.56420888455e-05,-1.56971810023e-05,6.99449078432e-05
-0.000228214841291,-0.000182445933947,4.5768907344e-05
-0.000207655038609,-0.00019661840074,1.1036637869e-05
-0.000175248490585,-0.000127621063034,4.76274275511e-05
-0.000130520918398,-0.000151361191931,-2.08402735327e-05
-0.000169278253899,-5.76535126495e-05,0.000111624741249
-0.000329246149772,-0.00024308947997,8.61566698019e-05
-0.000253150903481,-0.000183407991143,6.97429123376e-05
-0.000191602102764,-0.000139640131807,5.19619709571e-05
-0.000183337913928,-0.000182522670563,8.15243365184e-07
-0.000157095318585,-0.000127148665253,2.99466533319e-05
-0.000114066787699,-0.000114466522872,-3.99735173648e-07
-7.4270655767e-05,-5.49310392164e-05,1.93396165506e-05
-0.000251330219355,-0.000186868747495,6.44614718593e-05
-0.000204147285639,-0.000209942274568,-5.79498892958e-06
-0.000230706180725,-0.000161535200915,6.91709798099e-05
-0.00011750585767,-3.13713916478e-05,8.61344660221e-05
-0.000253193401553,-0.000216528673423,3.66647281297e-05
-0.000168051464887,-0.000166726797461,1.32466742659e-06
-0.000336414941588,-0.000298184638598,3.82303029898e-05
-0.000213973667845,-0.000194124020161,1.98496476843e-05
-0.000237795229975,-0.000204073558502,3.37216714731e-05
-0.000155907060716,-0.000147720987091,8.18607362438e-06
-8.82628092288e-05,-7.47108923893e-05,1.35519168395e-05
5.65443611778e-06,-5.21595764192e-05,-5.7814012537e-05
-0.00025377162723,-0.000219311405158,3.44602220714e-05
-0.000221314623281,-0.000220016250392,1.29837288896e-06
-0.000428873300064,-0.00033236590959,9.65073904734e-05
-5.46559330534e-05,-1.79659421348e-05,3.66899909187e-05
-0.000396312131358,-0.000238923428441,0.000157388702918
-0.000100376200851,-0.00010790914343,-7.53294257903e-06
-0.000242556270387,-0.000175200086561,6.73561838262e-05
-0.000299838099278,-0.000280487475895,1.93506233826e-05
-0.000159532766374,-0.000152410033547,7.12273282663e-06
-0.000289262235733,-0.000241019917851,4.82423178811e-05
-0.000178940584299,-0.000272337563579,-9.33969792798e-05
-0.000297458732946,-0.000185469601059,0.000111989131887
-0.000232394250707,-0.00016583586996,6.65583807467e-05
-0.000269814146122,-0.000242566438989,2.7247707133e-05
-0.000335077136091,-0.000271237724648,6.38394114434e-05
-0.000230557728673,-0.000147038570639,8.35191580334e-05
8.36039845265e-06,-9.91906834219e-07,-9.35230528687e-06
-0.000135679846583,-5.65521959359e-05,7.91276506467e-05
-0.000196428766786,-0.000171695555236,2.47332115493e-05
-0.000329163821638,-0.000238453798131,9.0710023507e-05
-0.000152065564913,-0.000114759408219,3.73061566941e-05
-0.000267246880049,-0.000248065265165,1.91816148841e-05
-0.000224409484954,-0.000150800336233,7.36091487217e-05
-0.000174890851127,-0.000146059271525,2.88315796018e-05
-0.000332810968619,-0.000256234411249,7.65765573699e-05
-0.000340103140603,-0.000253278839983,8.68243006206e-05
-0.00028364053863,-0.000292922538675,-9.28200004535e-06
-0.000189323845974,-0.00020415291381,-1.48290678353e-05
-0.000325209178991,-0.00023674276209,8.84664169003e-05
-0.000315755758727,-0.00027199093452,4.37648242068e-05
-0.000400911004747,-0.00031504121875,8.58697859971e-05
-0.000230495149976,-0.00022838259442,2.11255555615e-06
-0.000292096307467,-0.000240289318104,5.18069893631e-05
-0.000227464859858,-0.00016535819745,6.21066624074e-05
-0.00039629272898,-0.000380844102693,1.5448626287e-05
-0.00036640974473,-0.000311198845011,5.52108997193e-05
-0.000226116307298,-0.000181572924931,4.45433823662e-05
-7.36145544102e-05,-0.00010212224007,-2.85076856603e-05
-0.000235114477809,-0.000218382476903,1.67320009059e-05
-0.000378371668812,-0.000349268535132,2.91031336796e-05
-0.000187043476958,-0.000142674754001,4.43687229572e-05
-0.000208059652932,-0.000162021498889,4.60381540437e-05
-0.000133639656361,-0.000142980880487,-9.34122412555e-06
-0.000210198839781,-0.000218981691809,-8.782852028e-06
-0.000363646731345,-0.000327750222788,3.58965085574e-05
-0.000363409627211,-0.000283940437936,7.94691892748e-05
-0.000269626917982,-0.000183818309476,8.58086085068e-05
-0.000329624550475,-0.000360686899695,-3.10623492194e-05
-0.000198601488068,-0.00013324937116,6.53521169078e-05
-5.99847798903e-05,-0.00015868564486,-9.87008649693e-05
-0.000158014550937,-0.00013481991704,2.31946338966e-05
-0.000191679560475,-0.000204435179026,-1.27556185509e-05
-5.56207807214e-05,-0.000119664477549,-6.4043696828e-05
-0.000178544674465,-0.000141579014037,3.69656604281e-05
-0.000228021086835,-0.000194585391983,3.34356948515e-05
-0.000432017847949,-0.00037481567378,5.72021741688e-05
-0.00016985409754,-8.13144398446e-05,8.85396576953e-05
-9.38015366331e-05,-0.000163865837383,-7.00643007501e-05
-0.000161668925507,-0.000178764459543,-1.70955340358e-05
-0.000264759841355,-0.000208923822349,5.58360190059e-05
-0.000149690018583,-5.05295092092e-05,9.91605093734e-05
-0.000262346343239,-0.000208995686757,5.3350656482e-05
-0.000263073773847,-0.000225804231638,3.72695422091e-05
-0.000237603288708,-0.000246137258539,-8.53396983111e-06
-0.000241673486165,-0.000293238264777,-5.15647786117e-05
-0.000428897081722,-0.000373531885896,5.53651958258e-05
-0.0005091213786,-0.000325167812337,0.000183953566263
-0.000273984249237,-0.000223685472919,5.02987763187e-05
-0.00012472760814,-0.000146937579555,-2.22099714149e-05
-0.000359815990749,-0.000336953765074,2.28622256745e-05
-0.000208933454006,-0.000196456416766,1.24770372403e-05
-0.000197285558721,-9.74293186868e-05,9.98562400341e-05
-0.000170541004953,-0.000144385627196,2.6155377757e-05
-0.000328529512576,-0.000231837358682,9.66921538933e-05
-0.000271854323284,-0.000222173889495,4.96804337894e-05
-0.000264344621732,-0.00024307687431,2.1267747422e-05
-0.000227117198699,-0.00025252108283,-2.54038841317e-05
-0.000325414686464,-0.000300982818783,2.44318676808e-05
-0.000227431499367,-0.000197057431614,3.03740677521e-05
-2.33609375505e-05,-6.30874787345e-05,-3.9726541184e-05
-0.000328003264119,-0.000247339029083,8.06642350368e-05
-0.000337147313876,-0.000293312998556,4.38343153209e-05
-0.000173309892977,-0.000198160329865,-2.48504368875e-05
-0.000224168786812,-0.000211481759047,1.26870277654e-05
-6.8797219564e-05,-6.2319417444e-05,6.47780211995e-06
-0.000236066800184,-0.000237416307701,-1.3495075171e-06
-0.000158423863076,-0.000141895029782,1.6528833294e-05
-0.000250944601959,-0.000267056508183,-1.61119062239e-05
-0.000203893142983,-9.92352662842e-05,0.000104657876699
-0.000124288531965,-9.12034836989e-05,3.30850482659e-05
-0.00020887658973,-0.000150454792563,5.84217971672e-05
-0.000141558286954,-0.000179365696097,-3.78074091427e-05
-0.000111680734708,-7.23189651603e-05,3.9361769548e-05
-1.46214256081e-05,-6.09485044549e-05,-4.63270788468e-05
-0.000365206562649,-0.000348974086726,1.62324759232e-05
-0.000288634455378,-0.000216458606871,7.21758485074e-05
-0.000101010438561,-0.000138569995702,-3.75595571405e-05
-0.000182210370429,-0.000138789428881,4.34209415476e-05
-0.00012991049399,-0.000134006469603,-4.09597561338e-06
-0.000174426892514,-0.000189211242294,-1.47843497794e-05
-0.000305893163786,-0.000269334367361,3.6558796425e-05
-0.000186441165583,-0.000218082856683,-3.16416910997e-05
-0.000309565608132,-0.000289848199582,1.97174085504e-05
-0.000284687028088,-0.000269990414688,1.46966134006e-05
-0.000233678007566,-0.00024439238205,-1.07143744845e-05
-0.000288461656031,-0.000202472073436,8.59895825946e-05
-0.000191320070333,-0.000166534147672,2.4785922661e-05
-0.000112189637612,-0.000173555390098,-6.13657524858e-05
-0.000244500128304,-0.000231229433562,1.32706947427e-05
-0.000291092132526,-0.000231831124765,5.92610077604e-05
-0.000138140541133,-0.000110915713966,2.72248271664e-05
-0.000325743550073,-0.000227655429008,9.80881210653e-05
-0.000205421318247,-0.000159240797223,4.61805210235e-05
-0.000247466861232,-0.000203557447494,4.3909413738e-05
-0.000138818615548,-0.000195331493465,-5.65128779168e-05
-0.000188226007675,-0.000177923188352,1.03028193226e-05
-0.000121327611349,-0.000186043510968,-6.47158996193e-05
-0.000333302129903,-0.000185906524148,0.000147395605755
-0.000301492704265,-0.00019696736351,0.000104525340755
-0.000267736970064,-0.000181193962135,8.65430079294e-05
-0.000264216057414,-0.00022746741171,3.67486457043e-05
-0.000110508141458,-0.000117614101637,-7.10596017838e-06
-5.7833418096e-05,-6.80119222371e-05,-1.0178504141e-05
-0.000218990961274,-0.000159431076895,5.95598843784e-05
-0.000252452194826,-0.000266814407892,-1.4362213066e-05
-0.000219387119147,-0.000231156989873,-1.17698707255e-05
-0.000186178243341,-0.000154480810073,3.16974332676e-05
-0.000346498714434,-0.000222826948732,0.000123671765702
-0.000137078858335,-0.000160402144815,-2.33232864798e-05
-0.000266913417061,-0.000209698920236,5.72144968244e-05
-0.000262267389249,-0.000195934692647,6.63326966022e-05
-0.000144301857407,-0.000137432460028,6.86939737899e-06
-0.000368137039562,-0.0002501563434,0.000117980696162
-0.000181414011507,-0.000106751049874,7.46629616335e-05
-0.000232334996956,-0.000171044658019,6.12903389369e-05
-0.000216643652156,-0.000241037081495,-2.43934293396e-05
-0.000167140474887,-0.000156034246397,1.11062284892e-05
-0.00016564048955,-0.000118453666698,4.71868228523e-05
-0.000106053021394,-0.000216867509566,-0.000110814488172
-5.5072854669e-05,-3.16395001461e-05,2.34333545229e-05
-0.000104710450339,-6.52188620903e-05,3.9491588249e-05
-0.00023665730734,-0.000215081555763,2.15757515772e-05
-0.000258035170041,-0.000239079266296,1.89559037449e-05
1.90230824038e-05,-5.19823151631e-05,-7.10053975668e-05
-0.00026843332143,-0.000220262377359,4.81709440714e-05
-0.00027823538679,-0.000237915060463,4.03203263272e-05
-0.000146698200614,-0.000101175986108,4.55222145067e-05
-0.000257606205966,-0.000247414852677,1.0191353289e-05
-0.000247498071637,-0.00015895462478,8.85434468573e-05
-0.00026253464009,-0.000199271579606,6.32630604839e-05
-0.000278084474008,-0.000266966144389,1.11183296186e-05
-0.000372237838154,-0.000326610296085,4.5627542069e-05
-0.000192021617986,-0.000241799731957,-4.97781139715e-05
-0.000128270831353,-8.75980764443e-05,4.06727549089e-05
-0.0002639984788,-0.000178562859276,8.54356195244e-05
-0.000244846252794,-0.000216844529991,2.80017228034e-05
-0.000208624945746,-0.000138632222568,6.99927231784e-05
-0.000251734257793,-0.000153116399265,9.86178585279e-05
-0.000221854582119,-0.000220844365971,1.01021614796e-06
-0.000310619331452,-0.000236683153703,7.3936177749e-05
-0.000414749447516,-0.00030640605066,0.000108343396856
-0.000339177115986,-0.000311232249758,2.79448662283e-05
-0.000109350887578,-0.000107751333997,1.59955358098e-06
-0.000257746306884,-0.000268315593666,-1.05692867815e-05
-0.000394195095743,-0.000308911635508,8.52834602352e-05
-0.000410374230758,-0.000372986291632,3.73879391257e-05
-0.000264953106431,-0.000264986032416,-3.29259850861e-08
-0.000290822095196,-0.000194300394269,9.65217009266e-05
-0.000162891403384,-0.000158614055121,4.27734826273e-06
-0.000266189009899,-0.000188267076185,7.7921933714e-05
-0.000256785383513,-0.00022401037405,3.27750094629e-05
-9.79949217641e-05,-7.2722386946e-05,2.52725348181e-05
-0.000283684255954,-0.000221949656266,6.17345996879e-05
1.69216311205e-06,-6.42324738398e-05,-6.59246369519e-05
-9.51491457698e-05,-7.88240450994e-05,1.63251006704e-05
-0.000257546737538,-0.000191321367205,6.6225370333e-05
-0.000208206683138,-0.000169181482241,3.90252008966e-05
-8.80740086472e-05,-9.38045512448e-05,-5.73054259751e-06
-0.000261172378488,-0.000221663921892,3.95084565965e-05
-0.000268948412333,-0.000215670170744,5.32782415888e-05
-0.000258888425056,-0.000244456017348,1.44324077072e-05
-0.000309993414776,-0.000254092414616,5.59010001602e-05
-0.000216869226822,-0.000144999340745,7.18698860778e-05
-8.6421951247e-05,-0.000124856198752,-3.84342475055e-05
-0.000301321483764,-0.000330967179866,-2.96456961028e-05
-0.00017555154839,-0.00011297645787,6.25750905202e-05
-8.19344067335e-05,-7.29486841471e-05,8.98572258637e-06
-0.000238925169857,-0.000240952444503,-2.02727464555e-06
-0.000144021005182,-0.000103241867842,4.07791373397e-05
-0.000178836743741,-0.000207592637708,-2.87558939668e-05
-0.000117564022368,-0.000171757806339,-5.41937839714e-05
-0.000306100489874,-0.000230229991759,7.58704981147e-05
-0.000173452701842,-0.000114576978022,5.88757238193e-05
-0.000180854180469,-0.000230936790352,-5.00826098831e-05
-0.000318657172621,-0.000225712781772,9.29443908497e-05
-0.000195001939857,-0.000153704304137,4.12976357199e-05
-0.00022805661935,-0.000162291040553,6.5765578797e-05
-0.000144476497108,-0.000153934030836,-9.45753372795e-06
-0.000298672690265,-0.000219515299261,7.91573910035e-05
-0.00011098623756,-0.00012163887641,-1.06526388506e-05
-7.89381232355e-05,-0.000133920655327,-5.49825320919e-05
-0.00020602653231,-0.000220741349832,-1.47148175217e-05
-0.000218351827805,-0.000188324524468,3.00273033369e-05
-0.000185304333615,-0.000141317797373,4.39865362412e-05
-0.000229339647396,-0.00020925919641,2.00804509864e-05
-7.38307338713e-05,-7.37378410485e-05,9.28928228535e-08
-0.000290860752104,-0.000249801918774,4.10588333301e-05
-0.000402827167186,-0.000275609698483,0.000127217468703
-0.000164011587841,-0.000114890721731,4.91208661098e-05
-0.000293261021441,-0.000308976631494,-1.57156100533e-05
-0.000217919837919,-0.00016725217136,5.06676665586e-05
-0.000143530285461,-0.000116072444487,2.74578409747e-05
-0.000269753965513,-0.000259647887128,1.01060783846e-05
-0.000187798815596,-0.000162131255306,2.56675602897e-05
-0.000214789189647,-0.000221663302513,-6.87411286577e-06
-0.000334007811924,-0.000293364960078,4.06428518456e-05
-0.000245376591906,-0.000219846748173,2.55298437322e-05
-0.000256892150607,-0.000178992949645,7.78992009615e-05
-0.000259572017639,-0.000282476374342,-2.29043567031e-05
-0.000121267595976,-0.000171687506321,-5.04199103455e-05
-9.84388524212e-05,-0.000101203321888,-2.76446946688e-06
-0.000153674605877,-0.000194959695077,-4.12850891994e-05
-0.000389841639596,-0.00029822596383,9.16156757661e-05
-8.34767534216e-06,-8.04426099863e-05,-7.20949346441e-05
-0.000117711777509,-0.000106634283107,1.10774944014e-05
-0.000131066149706,-0.000138015879119,-6.94972941302e-06
6.00971688225e-05,2.4071206591e-05,-3.60259622315e-05
-0.000347947679489,-0.000320649888092,2.72977913975e-05
-0.000146681004395,-0.000184111465346,-3.74304609516e-05
-0.000279080717815,-0.000203982262395,7.50984554198e-05
-0.000338944051244,-0.0003124836527,2.64603985433e-05
-0.000172301821819,-0.000107462228237,6.48395935816e-05
-0.000273212012235,-0.000202083222063,7.11287901718e-05
-0.0002753644576,-0.000237244993699,3.81194639002e-05
-0.000151573946265,-0.000201465820014,-4.98918737496e-05
-0.000286287802049,-0.000218315162631,6.79726394176e-05
2.70615099686e-05,-3.46244141084e-05,-6.1685924077e-05
-0.000148901578382,-0.000121694569787,2.72070085949e-05
-0.000166899335837,-0.000208983087816,-4.20837519794e-05
-0.000169829488293,-9.90264055823e-05,7.08030827106e-05
-0.000210191032182,-0.000158685018274,5.15060139073e-05
-0.000214364226315,-0.000183012941594,3.13512847215e-05
-0.000319641329845,-0.000195792702713,0.000123848627132
-0.000445027020276,-0.000349997764334,9.50292559421e-05
-0.000378522753085,-0.0003195151333,5.90076197854e-05
-3.33385732186e-05,-5.79250982512e-05,-2.45865250326e-05
-0.000174077162966,-0.000159905324303,1.41718386632e-05
-0.000189403063393,-0.000138884812709,5.0518250684e-05
-0.000218321308989,-0.000205940708316,1.23806006736e-05
-6.88454655485e-05,-6.22136944263e-05,6.6317711222e-06
-0.000375190633297,-0.000232004293752,0.000143186339545
-9.00633225329e-05,-5.06292877404e-05,3.94340347925e-05
-0.000269806174617,-0.000251567101439,1.82390731781e-05
-8.16253350166e-05,-0.000133231351437,-5.16060164201e-05
-0.000189223862415,-0.000183246864265,5.97699814986e-06
-0.000124954391239,-0.000124796073871,1.58317367427e-07
-0.000329676629874,-0.000302650650196,2.70259796786e-05
-4.48224206615e-05,-7.8583531932e-06,3.69640674683e-05
-0.000362657341683,-0.000348037316566,1.46200251173e-05
-0.000371481481608,-0.000268382789395,0.000103098692214
-5.19884027676e-05,-4.72523450079e-05,4.73605775978e-06
-0.0002736587694,-0.00023758242204,3.60763473602e-05
-0.00032278136134,-0.000250485142469,7.22962188713e-05
-0.000184885087114,-0.000208264603493,-2.33795163792e-05
-0.000199892650183,-0.000158941930333,4.09507198498e-05
-0.000184199318414,-0.000100534925237,8.36643931768e-05
-0.000226377073986,-0.000243818215635,-1.74411416482e-05
-0.000251628639462,-0.000231589473095,2.00391663668e-05
-0.000130188053485,-8.54611761089e-05,4.47268773759e-05
-0.000236604684687,-0.000204147662459,3.24570222279e-05
-0.000305119209046,-0.000271460675204,3.36585338418e-05
-5.69343875746e-05,-8.46739990574e-05,-2.77396114828e-05
-0.000332415964535,-0.000360802734534,-2.83867699996e-05
-0.000236320437145,-0.000180877693847,5.54427432979e-05
-0.000104921310445,-8.98679368603e-05,1.50533735846e-05
-0.000416103141329,-0.00031967155345,9.64315878793e-05
-0.000313190626849,-0.000258146832172,5.50437946771e-05
-0.000148617407992,-0.000118831224172,2.97861838199e-05
-0.000337649956957,-0.000286439524134,5.12104328226e-05
-0.000361133384348,-0.000202514997091,0.000158618387257
-0.000182782130248,-0.000149311105111,3.3471025137e-05
-0.000116152686007,-1.11084481804e-06,0.000115041841189
4.26374976537e-05,1.99822552584e-05,-2.26552423953e-05
-0.00013446204978,-0.000116680906007,1.77811437731e-05
-0.000183268545743,-0.000188656766813,-5.38822107031e-06
-0.000276029713328,-0.000211304644894,6.47250684333e-05
-3.22234066588e-05,-6.65530626844e-05,-3.43296560257e-05
-0.000209349610053,-0.000213099253001,-3.74964294852e-06
-0.000434356978286,-0.000380777499365,5.35794789214e-05
-0.000187309008636,-0.000204264413011,-1.6955404375e-05
-3.06544583532e-05,-8.13504234993e-06,2.25194160033e-05
-0.000411131660466,-0.00031278016453,9.83514959361e-05
-0.000358029608628,-0.000307401244434,5.06283641941e-05
-0.000227989619624,-0.000239451598654,-1.146197903e-05
-0.000237426629207,-0.000130101473531,0.000107325155676
-0.000127239002579,-0.000128696998313,-1.45799573378e-06
-0.000340254238148,-0.000237294396916,0.000102959841232
-0.000139683908392,-0.000103683183579,3.60007248131e-05
-0.000255738852577,-0.000225866701357,2.98721512195e-05
-0.000253218752837,-0.000225568793373,2.7649959464e-05
-0.00022987094904,-0.000178891358404,5.09795906363e-05
-0.000175012485913,-0.000162015177241,1.29973086721e-05
-0.000287858267132,-0.00025309846103,3.47598061022e-05
-0.000386848979063,-0.000245495371627,0.000141353607436
-0.000185167716172,-0.000229020039361,-4.38523231889e-05
-0.000270852442235,-0.000268054529873,2.79791236233e-06
-0.000228482147977,-0.000244570046851,-1.60878988732e-05
-0.000263547148055,-0.000225099480912,3.84476671434e-05
-0.00027279663162,-0.000291078643238,-1.82820116185e-05
-9.8661485717e-05,-5.75833286221e-05,4.10781570949e-05
-0.000116763967821,-0.000106064646616,1.06993212047e-05
-0.000334957158185,-0.000268183859973,6.67732982121e-05
-6.88593757693e-05,-9.9412764251e-05,-3.05533884818e-05
-0.000106779473269,-0.000161247341046,-5.44678677761e-05
-0.000291172996709,-0.000264235644409,2.69373522996e-05
-0.000163026956248,-0.000170888634412,-7.8616781631e-06
-0.000274278240633,-0.000297087056431,-2.28088157983e-05
-0.000189105404507,-0.000189564586349,-4.59181842229e-07
-0.000184451755339,-0.000114927974433,6.95237809063e-05
-0.000257283902879,-0.000155066069817,0.000102217833062
-0.000249336519286,-0.000214841550443,3.44949688429e-05
-0.000330277350656,-0.000270046042401,6.0231308255e-05
-0.000150552381076,-0.000104972020174,4.55803609016e-05
-0.000138722365873,-0.000103752892316,3.49694735567e-05
-0.000306503367257,-0.000242319561828,6.41838054282e-05
-0.00018509390318,-0.000173831983067,1.12619201129e-05
-0.000275747549739,-0.000199401817799,7.63457319399e-05
-0.000513318193793,-0.000364132737692,0.000149185456101
-0.000251983010718,-0.000171662976261,8.03200344577e-05
-0.000424106264215,-0.000273987419952,0.000150118844263
-0.000345171979387,-0.000258307448617,8.68645307701e-05
-0.000314783798787,-0.000274033554524,4.07502442631e-05
-0.00018895202941,-0.000271294931655,-8.23429022452e-05
-0.000151726136492,-0.000107316645995,4.44094904972e-05
-0.000235855267564,-0.000173440764999,6.24145025645e-05
-0.000240982442442,-0.00025166236819,-1.06799257475e-05
-0.000221201146962,-0.000167356454347,5.38446926148e-05
-0.00020214457621,-0.000191365110303,1.07794659062e-05
-0.000202610299024,-0.000182018751624,2.05915474001e-05
-0.00015854775851,-0.000128229512533,3.03182459769e-05
-0.000347919037168,-0.000216212009995,0.000131707027173
-0.00016572054487,-0.00011327794976,5.24425951103e-05
-0.000194732626752,-0.000157728608542,3.70040182104e-05
-0.000136930092094,-0.000143849866687,-6.91977459234e-06
-2.80559720275e-05,-0.000181102610971,-0.000153046638943
-0.000166038566351,-0.000125773984632,4.0264581719e-05
-0.000383822204739,-0.000346372136295,3.74500684439e-05
-0.000107211261385,-7.29528224369e-05,3.42584389483e-05
-0.000210174105501,-0.000107707094099,0.000102467011402
-0.000328673461595,-0.000258514433338,7.01590282571e-05
-0.000186396097632,-7.36917928664e-05,0.000112704304765
-7.75084318719e-05,-0.000117960131175,-4.0451699303e-05
-0.000249809322634,-0.000131395161593,0.000118414161042
-0.00031408850121,-0.000207835957403,0.000106252543807
-0.000225123354252,-0.000202851176455,2.22721777974e-05
-0.000289347198494,-0.000266263164377,2.30840341166e-05
-0.000219726663435,-0.000131449260826,8.82774026092e-05
-0.000190197360713,-0.000213288807306,-2.30914465932e-05
-4.62315944885e-05,-6.79926185503e-05,-2.17610240618e-05
-0.000173312830077,-0.000130404312922,4.29085171552e-05
-0.000300261188019,-0.000217614308922,8.26468790962e-05
-0.000129765621771,-0.000159926917577,-3.01612958064e-05
-0.000238876600624,-0.000150636316932,8.82402836918e-05
-5.09540602776e-05,-4.66649641988e-05,4.2890960788e-06
-0.000266371029846,-0.000225652379142,4.07186507037e-05
-0.000352443987789,-0.000301842933804,5.06010539851e-05
-0.000268859404938,-0.000237708988847,3.11504160902e-05
-0.00021697315345,-0.000178172428803,3.88007246468e-05
-0.000241090645765,-0.000179952588882,6.1138056884e-05
-0.000293091541226,-0.000260514280967,3.25772602586e-05
-0.000114948392554,-0.000178701033864,-6.37526413102e-05
-0.000255336156926,-0.000134692836978,0.000120643319948
-0.000244306741947,-0.000187719493245,5.65872487027e-05
-0.000291086766574,-0.000252040442676,3.90463238985e-05
5.36172036779e-05,7.6681277764e-05,2.30640740861e-05
-0.000205209124544,-0.00019420682182,1.10023027238e-05
-0.000220290001104,-0.000184828650756,3.5461350348e-05
-0.000182388303919,-0.000234224402384,-5.18360984646e-05
-0.000341053634697,-0.0002859786014,5.50750332965e-05
-0.000188788225442,-0.000204085018813,-1.5296793371e-05
-0.000183001460099,-0.00012121629479,6.17851653086e-05
-2.32970220257e-05,-2.40166148859e-05,-7.19592860223e-07
-0.000236487836229,-0.000133357031106,0.000103130805123
-0.000110690492198,-0.000100856563155,9.83392904314e-06
-0.000205038419546,-0.000187177118273,1.78613012728e-05
-6.71242614457e-05,-8.67587551061e-05,-1.96344936604e-05
-0.000181296034594,-0.000168178544201,1.3117490393e-05
-0.000198408407822,-0.0001642077093,3.42006985225e-05
-0.000104969155321,-0.000185064066569,-8.0094911248e-05
-0.000225319667414,-0.000216709047304,8.61062010969e-06
-0.000116097402028,-0.000171523245839,-5.54258438101e-05
-0.000113687100299,-0.000172604362727,-5.89172624283e-05
-6.51146393973e-05,-0.000112808239352,-4.7693599955e-05
-0.000320670779065,-0.00030153884257,1.91319364957e-05
-8.77567746464e-05,-0.000127046211362,-3.92894367157e-05
-0.000247334981813,-0.000207230800728,4.0104181085e-05
-0.000252843861329,-0.000252167353091,6.76508237082e-07
-0.000149973707308,-0.000146994331525,2.9793757826e-06
-0.000179995332215,-0.000126151422786,5.38439094288e-05
-0.000236241219907,-0.000159758299101,7.64829208062e-05
-0.000238655245902,-0.000205572871014,3.30823748872e-05
-0.000180829549745,-0.000147389944262,3.34396054823e-05
-0.000425662849799,-0.000337699226864,8.7963622935e-05
-0.000180489241448,-0.00014866964253,3.18195989176e-05
-0.000315565173755,-0.000217438992471,9.81261812847e-05
-0.000181703520791,-0.000104358460057,7.73450607336e-05
-0.000208979600029,-0.000185362569811,2.36170302177e-05
-0.000177639507862,-0.000170141451208,7.4980566542e-06
-0.000294969753626,-0.000259575310642,3.53944429834e-05
-9.12436654256e-05,-7.49443209226e-05,1.6299344503e-05
-0.000329694412521,-0.000265656169314,6.40382432072e-05
-0.000267302670166,-0.000214162833906,5.31398362604e-05
-0.000324799013913,-0.00026245593559,6.23430783223e-05
-0.000242129362046,-0.000254901563035,-1.27722009883e-05
-5.61639890079e-05,-9.64604217831e-05,-4.02964327752e-05
-0.00019728425932,-0.00017287832406,2.44059352594e-05
-0.000241388574884,-0.00019481480357,4.65737713137e-05
-0.000462189741902,-0.000403048660438,5.91410814638e-05
-0.000216292079938,-0.000186005414953,3.02866649857e-05
-0.000261360191041,-0.000192508516396,6.8851674645e-05
-0.000232702396531,-0.000301349752633,-6.8647356102e-05
-0.00011059427409,-0.000149984587109,-3.93903130192e-05
-0.000223349877285,-0.00019235884154,3.09910357454e-05
-0.000201695121786,-0.000201464432616,2.30689169514e-07
-0.000339681149577,-0.000307336554304,3.23445952735e-05
-0.000252015840345,-0.000230142653781,2.18731865647e-05
-0.000234600553052,-0.000204620846126,2.99797069268e-05
-0.000198656021287,-0.000250351268823,-5.16952475364e-05
-0.000369805760882,-0.000321681575189,4.81241856927e-05
-0.000165765166567,-0.000161264940978,4.50022558883e-06
-0.000220579690325,-0.000210823090409,9.75659991543e-06
-0.000363201132001,-0.000282979297012,8.02218349887e-05
-0.000193391072677,-0.000170817982279,2.25730903981e-05
-0.000309077427735,-0.000225320169915,8.37572578197e-05
-0.000354537406372,-0.000235625901187,0.000118911505185
-0.000102676264674,-0.000154567820594,-5.18915559203e-05
-0.000171859372719,-0.000117529561246,5.43298114728e-05
-0.000244050662842,-0.000255016531006,-1.09658681638e-05
-0.000260705094189,-0.00030613362548,-4.54285312911e-05
-0.000155902760792,-0.000107378735846,4.85240249465e-05
-0.000361829638008,-0.00031788709944,4.39425385679e-05
-0.00022219364799,-0.00016430593926,5.78877087302e-05
-4.67625050397e-05,-7.68092280385e-05,-3.00467229989e-05
-0.000255034276791,-0.000221009643842,3.40246329496e-05
-7.36472476079e-05,-6.5067551635e-05,8.57969597285e-06
-7.75380407602e-05,-5.75247217314e-05,2.00133190288e-05
-0.000109083954452,-0.000161590019442,-5.25060649901e-05
-0.000216633348541,-0.00019356891321,2.30644353309e-05
-0.000202302463174,-0.000180742058885,2.15604042886e-05
2.56489484998e-05,4.98937032329e-05,2.42447547331e-05
-0.000235296251129,-0.000241058245735,-5.76199460602e-06
-0.00020745865613,-0.000201627145337,5.83151079363e-06
-0.000233242949866,-0.00020243715076,3.08057991059e-05
-9.21830232084e-05,-0.000132686910993,-4.0503887785e-05
-0.000346351990148,-0.000290107388422,5.62446017259e-05
-0.000298813660881,-0.000163409343724,0.000135404317157
-0.000362987841738,-0.000245349103574,0.000117638738164
-0.000376005382597,-0.00031348952181,6.25158607873e-05
-0.000199142180201,-0.000274424263111,-7.52820829102e-05
-7.45440561332e-05,-9.19504848152e-05,-1.7406428682e-05
-0.000341489708425,-0.000253158408385,8.83313000404e-05
-0.000231615760968,-0.000198543211705,3.30725492633e-05
-0.000142438585949,-0.000195227962022,-5.27893760723e-05
-0.000339663720063,-0.000280940899157,5.87228209062e-05
-0.000334574684232,-0.00029355160109,4.1023083142e-05
-8.56476982344e-05,-0.000113675234026,-2.80275357912e-05
-0.00020742498529,-0.000233118825278,-2.5693839988e-05
-0.000266626747897,-0.000246000330531,2.06264173665e-05
-0.000190930373691,-0.000141584344473,4.9346029218e-05
-0.000312690763241,-0.000329387727262,-1.6696964021e-05
-0.000363559259312,-0.000351550385626,1.20088736866e-05
-0.000140055252298,-7.15092306867e-05,6.85460216117e-05
-0.000306395621045,-0.000159651184711,0.000146744436334
-0.00022860875844,-0.000149240016967,7.93687414736e-05
-0.000231104334525,-0.000244398213592,-1.3293879067e-05
-0.000136295336968,-0.000115644571212,2.06507657566e-05
-6.09392133724e-05,-8.69047040275e-05,-2.5965490655e-05
-0.00013757720829,-0.000127007388821,1.05698194693e-05
4.89658491697e-06,1.17641292787e-05,6.86754436174e-06
-0.000157759129734,-0.00020549246437,-4.77333346358e-05
-0.00022067347427,-0.000168468920665,5.22045536055e-05
-0.000186915916236,-0.000201793754505,-1.48778382697e-05
-0.000123620135374,-0.000136040283818,-1.24201484445e-05
-0.000105754386255,-0.00014967549165,-4.39211053958e-05
-0.000354789238992,-0.000273463302939,8.1325936053e-05
-0.000174711454314,-0.000150522456987,2.41889973268e-05
-0.000303222119966,-0.000250745146234,5.24769737325e-05
-0.000353098106186,-0.00025424338194,9.88547242461e-05
-6.03037000998e-05,-9.93810624224e-05,-3.90773623226e-05
-0.000262631739842,-0.00022675570622,3.58760336215e-05
-0.000234968796277,-0.000201656180482,3.33126157947e-05
-0.000258143195777,-0.000200619545786,5.75236499913e-05
-0.000299790461577,-0.000231863604527,6.79268570498e-05
-0.000305270481824,-0.000214627855206,9.06426266181e-05
-0.000139333256086,-0.00017914784348,-3.98145873947e-05
-0.000237484043902,-0.000248739428884,-1.12553849815e-05
-0.000255347238143,-0.000187199970599,6.81472675444e-05
-0.000148852101917,-0.000136872776229,1.19793256881e-05
-0.000195607151792,-0.000170294690498,2.53124612948e-05
-0.000264106096527,-0.000243772822845,2.03332736821e-05
-0.000208054946658,-0.000166325488419,4.17294582392e-05
-0.000239271479964,-0.000167964166624,7.13073133403e-05
-0.000170418637804,-0.000148481085631,2.19375521733e-05
-0.000273708544899,-0.000210730750756,6.29777941425e-05
-5.70954332761e-05,-6.23318195783e-05,-5.23638630228e-06
-0.000356458433349,-0.000277546871604,7.89115617447e-05
-0.000266048915065,-0.000196284652088,6.97642629768e-05
-0.000348866510133,-0.000313700890307,3.51656198262e-05
-0.000339226912778,-0.000282889739353,5.63371734252e-05
-0.000131497766008,-0.000141545720051,-1.00479540427e-05
-0.000162742494878,-0.000188622113505,-2.58796186272e-05
-0.000308737995281,-0.000266788108239,4.1949887042e-05
-0.000224277437645,-0.000198460333287,2.58171043583e-05
-0.000183923631871,-0.000173879487031,1.00441448404e-05
-0.000256462928336,-0.000255133869823,1.32905851325e-06
-0.000179670325885,-0.000109532147731,7.01381781547e-05
-0.000255985387064,-0.000252412980508,3.57240655601e-06
-0.000287522935405,-0.000296954144515,-9.43120911049e-06
-0.000289025367529,-0.000226348541582,6.26768259468e-05
-0.000248742853724,-0.000173929394949,7.48134587753e-05
-0.000302666640903,-0.000270344986352,3.23216545511e-05
-0.000145626314079,-0.000122790352695,2.28359613832e-05
-0.000345903277668,-0.000257928324083,8.79749535847e-05
-0.00021955902011,-0.000157365332432,6.21936876777e-05
-0.000245891818606,-0.000228363861141,1.7527957465e-05
-0.000156683307523,-0.000140974851378,1.5708456145e-05
-0.000215778966295,-0.000227848991334,-1.20700250387e-05
-0.00034231098811,-0.000282942146387,5.93688417236e-05
-0.000320370158499,-0.00027156641958,4.88037389192e-05
-0.000342617075253,-0.000245554257669,9.70628175844e-05
-0.00028789700588,-0.000223882346484,6.40146593959e-05
-0.000171836992794,-0.000167439671164,4.39732163054e-06
-0.000287430528846,-0.000120307071749,0.000167123457097
-0.000142463276765,-0.000199131511661,-5.66682348963e-05
-0.000301686798302,-0.000247476463217,5.42103350845e-05
-0.000243777465772,-0.000205076051718,3.87014140537e-05
-8.00842403361e-05,-0.00011353183571,-3.34475953735e-05
-0.000148944491468,-6.35939257903e-05,8.53505656772e-05
-0.000345759608762,-0.000278110841052,6.76487677101e-05
-0.000129256836286,-0.000128806275221,4.50561064397e-07
-0.00021809842295,-0.000221310223892,-3.21180094253e-06
-0.00037124407452,-0.000243043194696,0.000128200879824
-0.000206000879404,-0.000153613233322,5.23876460815e-05
-0.000271534110399,-0.000203972864929,6.75612454692e-05
-0.000214390171114,-0.000240489590893,-2.60994197795e-05
-9.74355639332e-05,-0.000141409568955,-4.39740050218e-05
-0.000180029741758,-0.000226462233532,-4.64324917743e-05
-0.000131299997615,-0.000171435634254,-4.01356366388e-05
-0.000111544261127,-6.9081565393e-05,4.24626957342e-05
-0.000269302103215,-0.000260986806601,8.31529661337e-06
-0.000248437622626,-0.000158863698698,8.95739239281e-05
-0.000261032235227,-0.00021168135773,4.93508774972e-05
-0.000433159462792,-0.000312428645566,0.000120730817226
-0.000209899786855,-0.000211043646736,-1.14385988076e-06
-0.000323631166411,-0.00027790811656,4.57230498512e-05
-0.000252448470652,-0.000269082120121,-1.66336494681e-05
-0.000222672529982,-0.000157507309202,6.51652207799e-05
-0.000356319800445,-0.000295514380651,6.0805419794e-05
-0.000205056419756,-0.000137231411964,6.78250077916e-05
-0.000264661742474,-0.000187907936199,7.67538062748e-05
-0.000265540502861,-0.000195571641606,6.99688612552e-05
-0.000298289030281,-0.000254351744503,4.39372857782e-05
-0.000133373674632,-0.000155692399843,-2.23187252111e-05
-0.000230266951907,-0.000204473506488,2.57934454188e-05
-0.000205459379046,-0.000221607248636,-1.61478695899e-05
-3.18582841175e-05,-8.99500398322e-06,2.28632801343e-05
-0.000137658045335,-0.000129440948575,8.21709676016e-06
-0.000326741450201,-0.00031497924127,1.17622089309e-05
-0.000119948756658,-9.43216635587e-05,2.56270930993e-05
-0.000221765257874,-0.000222548631904,-7.83374030772e-07
-0.000173802426841,-0.000108670620843,6.51318059981e-05
-0.000329401489417,-0.000251984257536,7.74172318816e-05
-0.000302684165693,-0.000282052614563,2.06315511296e-05
-0.000362514100529,-0.000248344615524,0.000114169485005
-0.000173277077434,-0.000179934165292,-6.65708785814e-06
-0.00026857764142,-0.000225594842105,4.29827993153e-05
-3.70078723637e-05,1.01183671761e-05,4.71262395398e-05
-0.000256940984796,-0.000285707883697,-2.87668989003e-05
-0.00024401244652,-0.000205007784068,3.90046624524e-05
-0.000206665679955,-0.000109953187454,9.67124925005e-05
-0.000336598500033,-0.000222472714343,0.00011412578569
-0.000261987569464,-0.000214458853162,4.75287163025e-05
-3.06377133148e-05,-0.000104010299118,-7.33725858032e-05
-0.000185828850891,-0.000111623489809,7.42053610817e-05
-0.000353808378921,-0.000189479111174,0.000164329267747
-0.000337869449309,-0.000297676008451,4.01934408582e-05
-0.000190373735252,-0.000251310068048,-6.09363327957e-05
-0.000287670260494,-0.000250309685518,3.7360574976e-05
-0.00039399572894,-0.000343098534442,5.08971944981e-05
-0.000242495041097,-0.00019664524582,4.58497952773e-05
-0.000412156406916,-0.000314195154824,9.79612520916e-05
-0.000280209842107,-0.000241397675223,3.88121668842e-05
-0.000220004720478,-0.000182503506212,3.75012142654e-05
-0.000131267485188,-0.000139181298907,-7.91381371922e-06
-0.000188111401913,-0.000215603668391,-2.7492266478e-05
-0.000197565526493,-0.000110237308687,8.73282178055e-05
-0.000267850364133,-0.000285616281981,-1.77659178479e-05
-0.000347855941906,-0.000268408217537,7.94477243691e-05
-0.000252270295105,-0.000160561977687,9.17083174184e-05
-0.0002813907681,-0.000264111252967,1.72795151332e-05
-0.000196036945529,-0.00014259277997,5.34441655587e-05
-0.000342234709728,-0.000272702492308,6.95322174196e-05
-0.000262839884236,-0.00030355184077,-4.07119565333e-05
-0.000277252648132,-0.000263820906391,1.34317417405e-05
-0.000158777251779,-0.000155649736997,3.12751478156e-06
-3.6382338678e-05,-5.65446166474e-05,-2.01622779695e-05
-0.00025095926247,-0.000145324307348,0.000105634955122
-0.000252654044739,-0.000236250538677,1.64035060614e-05
-0.000133859004826,-0.000147745394119,-1.38863892926e-05
-2.4351201838e-05,-2.78707172289e-05,-3.5195153909e-06
-0.000276717581253,-0.000255041375333,2.167620592e-05
-0.000201290362747,-0.000180282692826,2.10076699207e-05
-0.000156022265088,-0.000102579144487,5.34431206013e-05
-0.000153900473305,-8.42323858964e-05,6.96680874087e-05
-0.000262121174305,-0.000184311198459,7.78099758453e-05
-0.000224779547954,-0.000137972157516,8.68073904379e-05
-0.00028870799182,-0.000294815535351,-6.10754353055e-06
-0.000196862759501,-0.000169182015005,2.7680744496e-05
-0.000160079825411,-0.000171547467426,-1.14676420147e-05
-0.000345846798176,-0.000225121812195,0.000120724985981
-0.000242265053175,-0.000235855607957,6.40944521823e-06
-0.000247798884469,-0.000191704047575,5.60948368942e-05
-0.00011261984602,-1.65089752795e-06,0.000110968948492
-0.000287857570076,-0.000313308369691,-2.54507996148e-05
-0.000329294612375,-0.000227587090246,0.000101707522129
-0.000176811497837,-0.000155353053293,2.14584445437e-05
-0.000293632927269,-0.000268359072438,2.5273854831e-05
-0.000361350572428,-0.000249704799468,0.00011164577296
-0.000242465952642,-0.000195620265285,4.68456873574e-05
-0.000367487360166,-0.000305384643962,6.21027162044e-05
-9.7924156987e-05,-0.000121392626934,-2.34684699473e-05
-0.000166826523894,-0.000100188008037,6.66385158574e-05
-0.000211831447799,-0.000141370021,7.04614267986e-05
-0.000250701694795,-0.0002163350204,3.43666743948e-05
-0.000169659856127,-0.000184697865707,-1.503800958e-05
-2.25072021124e-05,-8.55708655861e-05,-6.30636634737e-05
-0.000249721409032,-0.000238758386341,1.09630226917e-05
-0.000253161571829,-0.000232361726573,2.07998452567e-05
-0.000200362477899,-0.00021609037223,-1.57278943312e-05
-0.000234255512587,-0.00013706922396,9.71862886271e-05
-0.000343319113851,-0.000248511454115,9.48076597358e-05
-0.000344770648496,-0.000288715817939,5.6054830557e-05
-0.000239704042158,-0.000237591242883,2.11279927494e-06
-0.000192814536097,-0.000182366488775,1.04480473218e-05
-0.000295126180078,-0.000161939784437,0.000133186395641
-0.000280875014674,-0.000226219219262,5.46557954115e-05
-0.000141077838362,-0.000111885033796,2.91928045653e-05
-0.000146003837967,-0.000137782289943,8.22154802405e-06
-0.000282747465028,-0.000265864707986,1.68827570414e-05
-0.000173432967351,-0.000204787740064,-3.13547727127e-05
-7.01526220487e-05,-4.74588841309e-05,2.26937379178e-05
-0.000178034193439,-0.000128900862296,4.91333311427e-05
-9.7024005648e-05,-0.000121704332433,-2.46803267853e-05
-0.000165896260905,-0.00012448570502,4.14105558856e-05
-0.000331487506947,-0.000265087463223,6.64000437242e-05
-0.000274600163443,-0.000203977052046,7.06231113968e-05
-0.000263281570554,-0.000172042673593,9.12388969612e-05
-0.000180376086319,-0.000112214042526,6.8162043793e-05
-0.000248702455882,-0.0002301315916,1.85708642824e-05
-0.000196300092282,-0.00018174474368,1.45553486021e-05
-1.11889022477e-05,-1.21045244637e-05,-9.15622216031e-07
-0.000247137154197,-0.000257157145445,-1.00199912474e-05
-0.000217449622097,-0.000248157087948,-3.07074658512e-05
-0.000382885403466,-0.000358490899984,2.43945034814e-05
-0.000274834620359,-0.00020753158843,6.73030319288e-05
-0.000256904013612,-0.000252533999589,4.37001402368e-06
-0.000167330076523,-0.000133310556282,3.40195202413e-05
-0.000222471264428,-0.000173657835971,4.88134284568e-05
-0.00020286923216,-0.000168433100505,3.44361316547e-05
-0.00039378184112,-0.000271843197177,0.000121938643943
-0.000218940740257,-0.000180701258532,3.82394817242e-05
-0.000109809122558,-6.58293709133e-05,4.39797516443e-05
-0.000276460047618,-0.000274248143285,2.21190433309e-06
-9.94636524954e-05,-9.71446188904e-05,2.319033605e-06
-0.000118062374521,-0.000131817015213,-1.37546406914e-05
-0.000141465631855,-0.000122694180979,1.87714508756e-05
-0.000119137672988,-0.000102817729459,1.63199435287e-05
-0.000251454675241,-0.000189432548008,6.20221272327e-05
-9.24866669275e-05,-0.000166512080158,-7.40254132306e-05
-0.000238340846441,-0.000194400620814,4.3940225626e-05
-0.000352330297181,-0.000248987672178,0.000103342625003
-0.000130377351549,-0.00011250873599,1.78686155592e-05
-0.000282604491134,-0.000237002377726,4.56021134083e-05
-0.000139324709929,-9.23627888924e-05,4.69619210365e-05
-0.00021793075656,-0.000117773755745,0.000100157000816
-0.000162810757655,-0.000176485603426,-1.36748457708e-05
-0.000285639994822,-0.000188458061543,9.71819332788e-05
-0.000130274517935,-0.000186828304078,-5.65537861427e-05
-0.000387078065009,-0.000262190122966,0.000124887942043
-0.000226331475453,-0.000223036155778,3.29531967541e-06
-0.000221319697795,-0.000208886982874,1.24327149214e-05
-0.000118131526991,-4.64322508857e-05,7.16992761049e-05
-0.000155471398929,-0.000230337650272,-7.48662513428e-05
-0.000249728037595,-0.000175497152299,7.42308852956e-05
-0.000360150038359,-0.000282779581772,7.73704565862e-05
-9.11255325061e-05,-0.000135089540457,-4.39640079511e-05
-0.000112202057187,-0.000133559726474,-2.1357669287e-05
-3.04096757487e-05,-5.80725474355e-05,-2.76628716868e-05
-0.000298860478061,-0.000282535504166,1.63249738949e-05
-0.000331265894712,-0.000245627976227,8.56379184857e-05
-0.000487684318268,-0.000445945122902,4.17391953656e-05
-0.000120456611262,-7.76774123788e-05,4.27791988832e-05
-0.000187826142386,-0.00019954239757,-1.17162551847e-05
-0.000161632411677,-0.0001848641967,-2.32317850233e-05
-0.000153365361703,-0.0001487647544,4.60060730358e-06
-0.00022724559464,-0.000243615928983,-1.63703343439e-05
-0.000187748395339,-0.000161343680776,2.64047145629e-05
-0.000274240813033,-0.000183594660348,9.06461526851e-05
-0.000248164529179,-0.000243382888219,4.78164096083e-06
-0.000244468702805,-0.000197470367898,4.69983349068e-05
-0.000241522157361,-0.000203564089587,3.79580677736e-05
-0.00031138902292,-0.000290341307015,2.10477159047e-05
-0.000181646782904,-0.000139082534688,4.25642482162e-05
-0.000190037923629,-0.000242581468992,-5.25435453634e-05
-0.000152073337164,-0.000153682316098,-1.60897893421e-06
-0.000215927812736,-0.000172812316295,4.31154964414e-05
-0.000252911726511,-0.000229546387078,2.33653394337e-05
-0.000240312720789,-0.000177500368757,6.28123520322e-05
-0.000424669014362,-0.000356413474039,6.82555403223e-05
-0.000161636369662,-0.000118856166424,4.27802032384e-05
-0.000226281088045,-0.000179903971998,4.63771160478e-05
-0.000218820611928,-0.000158284197189,6.05364147397e-05
-0.000170539135108,-0.000170553277011,-1.41419028131e-08
-0.000262573270518,-0.000299275618555,-3.67023480372e-05
-0.000351483243049,-0.000284066417367,6.7416825682e-05
-0.000301769351791,-0.000265099322064,3.6670029727e-05
-0.000311062075103,-0.000221582351821,8.94797232818e-05
-0.000219298853318,-0.000170122348612,4.91765047055e-05
-0.000155235920284,-0.000131334740762,2.39011795215e-05
-0.000212099132418,-0.000181656193568,3.04429388499e-05
-6.85076216483e-05,-2.85909156084e-05,3.99167060399e-05
-0.000314804322018,-0.000247133447897,6.76708741217e-05
-0.000322659609378,-0.000253201964514,6.94576448632e-05
-0.000353163089293,-0.000291566786551,6.15963027417e-05
-0.000185720885195,-0.000147798697684,3.79221875109e-05
-0.000202407249543,-0.000169002927603,3.34043219405e-05
-0.000264456347389,-0.000250093172748,1.43631746407e-05
-0.000304941033362,-0.000378183888791,-7.32428554281e-05
-0.000337961072682,-0.00032357717927,1.43838934113e-05
-8.67768930307e-05,-7.72490218418e-05,9.52787118889e-06
-0.000193045813719,-0.000198136132003,-5.09031828412e-06
-6.55367097946e-05,-4.80302287091e-05,1.75064810855e-05
-0.000220783915636,-0.000203029715108,1.77542005278e-05
-0.000281806283543,-0.000205398990973,7.64072925699e-05
-7.88376199998e-05,-9.86581242449e-05,-1.98205042451e-05
-4.44307782919e-05,-4.90709264555e-05,-4.64014816356e-06
-0.000230393076212,-0.000223118447821,7.27462839091e-06
-0.000234998801165,-0.000244709044889,-9.71024372418e-06
-0.000233782783312,-0.000204814174438,2.89686088735e-05
-0.000274868779335,-0.000270831556205,4.03722313071e-06
-0.00028213671613,-0.000249146610307,3.29901058226e-05
-0.000259491010181,-0.000218790743689,4.07002664913e-05
-0.000214508588779,-0.000227364232139,-1.285564336e-05
-0.000182924322421,-0.000168501734044,1.44225883765e-05
-0.000289181282592,-0.000234539276105,5.46420064862e-05
-0.000339924041836,-0.000216492281719,0.000123431760116
-0.000262368352855,-0.000220171621357,4.21967314979e-05
-0.000223078851004,-0.000137328501758,8.57503492468e-05
-0.000104063311681,-0.000106428200604,-2.36488892393e-06
-1.86512300539e-05,-5.19438285e-05,-3.32925984461e-05
-0.000303840935756,-0.000213805250722,9.00356850347e-05
-7.09279325182e-05,-0.000102650367921,-3.17224354029e-05
-0.000308013616555,-0.000225368993836,8.26446227194e-05
-0.000143626291667,-0.00016175023755,-1.81239458821e-05
-0.000227517245902,-0.000222787863474,4.72938242868e-06
-0.000101891104246,-0.000114489595387,-1.25984911411e-05
-0.000162586071705,-0.000119308627968,4.32774437367e-05
-0.00015473903626,-0.000140666959507,1.40720767525e-05
-0.000202687572367,-0.000205682450405,-2.99487803832e-06
-0.000309458125856,-0.000208614813749,0.000100843312107
-0.000248084692567,-0.000155606861334,9.24778312327e-05
-0.00034159171773,-0.000333469481082,8.12223664817e-06
-0.000285426450291,-0.000216274472312,6.91519779785e-05
-0.000214118317325,-0.000206000199661,8.11811766429e-06
-0.000220936220005,-0.000173418834331,4.75173856739e-05
-0.000333845921221,-0.000214622217764,0.000119223703456
-0.000425506392216,-0.000309508865197,0.000115997527019
-0.000275418597494,-0.000235413311102,4.00052863924e-05
-0.000127442619305,-9.8156308109e-05,2.92863111955e-05
-0.000246513471604,-0.000214504375948,3.20090956559e-05
-0.000135188767677,-4.040572681e-05,9.47830408671e-05
-0.000261667686271,-0.000190930290123,7.07373961475e-05
-0.000231586445901,-0.000178809022165,5.2777423736e-05
-0.000188296897762,-0.000170972501433,1.73243963287e-05
-0.00016853494308,-0.00012103126045,4.75036826296e-05
-0.000245217707578,-0.000174570068394,7.06476391836e-05
-0.000367263652491,-0.000251095773763,0.000116167878727
-0.00024280644952,-0.000139698022701,0.000103108426819
-0.000373896692302,-0.000268840922054,0.000105055770248
-0.000107703005484,-0.000155342694512,-4.76396890289e-05
-0.000224473637623,-0.000247228643972,-2.27550063491e-05
-0.00027343131855,-0.00024802080144,2.54105171102e-05
-0.000312406163835,-0.000292295555849,2.01106079864e-05
-0.000186097102268,-0.000197597122602,-1.1500020334e-05
-0.000174905964786,-0.000188104782541,-1.31988177556e-05
-0.000128988409973,-0.000146247891587,-1.72594816131e-05
-0.000194612506916,-0.000197553071091,-2.94056417442e-06
-0.000138902554027,-0.00018106581457,-4.21632605425e-05
-0.000312889389179,-0.00024516816622,6.77212229581e-05
-0.000237090499446,-0.000220528136614,1.6562362832e-05
-0.000372117990155,-0.000311497905096,6.06200850589e-05
-0.000159839833907,-0.00014355967102,1.62801628867e-05
-0.000275551809572,-0.000197822868665,7.77289409068e-05
-0.000223637182407,-0.000235933192897,-1.22960104903e-05
-0.000148421035591,-0.000150131628011,-1.71059242002e-06
-0.000329241659434,-0.000275167692058,5.4073967376e-05
-0.000373805651207,-0.000243181736441,0.000130623914766
-0.000115894993854,-9.09483885528e-05,2.49466053015e-05
-0.000198570447038,-0.000211280842044,-1.27103950062e-05
-0.000192659505196,-0.000196178448766,-3.51894356975e-06
-0.000193914967389,-0.00013164849964,6.22664677495e-05
-0.000221931891075,-0.000180060271478,4.18716195965e-05
-0.000291266937409,-0.000209369235802,8.18977016074e-05
-0.000153666871513,-0.000140567705851,1.30991656619e-05
-0.000131856185146,-0.000119567613244,1.22885719025e-05
-0.000169486795509,-0.000180697842719,-1.12110472105e-05
-8.48034807553e-05,-0.000129964030271,-4.51605495153e-05
-0.000295177167769,-0.000271064863163,2.4112304606e-05
-0.000350293428369,-0.000252325338381,9.79680899887e-05
-0.000281931542459,-0.0002342054289,4.77261135593e-05
-0.000145998318679,-6.69235884765e-05,7.9074730203e-05
-0.000181426246227,-0.000152155738988,2.92705072387e-05
-0.000226134167564,-0.000164241786918,6.18923806464e-05
-0.000203369034531,-0.00016756667709,3.5802357441e-05
-0.000354386444415,-0.000289993106555,6.43933378601e-05
-0.000348234386143,-0.000261835620292,8.63987658516e-05
-0.000277962068922,-0.000198540661773,7.94214071487e-05
-9.91059121913e-05,-5.78189936321e-05,4.12869185591e-05
-0.000159263499135,-0.000165504514981,-6.24101584626e-06
-0.000112011415576,-0.000104330484884,7.68093069239e-06
-0.00033385474912,-0.000279204156542,5.46505925782e-05
-1.77054071626e-05,-1.99837992483e-05,-2.27839208567e-06
-0.000179978660717,-0.000162348888929,1.76297717879e-05
-0.000147771132506,-0.000127667897695,2.0103234811e-05
-0.000210564413992,-0.00019297065183,1.75937621619e-05
-0.000324129817475,-0.000199051262926,0.000125078554549
-0.00034643392173,-0.000254202863859,9.22310578711e-05
-0.00027370622125,-0.000192590285862,8.11159353881e-05
-0.000203182747059,-0.000165703890978,3.74788560809e-05
-0.000261352360446,-0.000176803885138,8.45484753075e-05
-0.000299120868016,-0.000173408748884,0.000125712119131
-0.000325483564976,-0.00030921925869,1.62643062853e-05
-0.000391573605674,-0.000270134314128,0.000121439291547
-0.000120187105388,-0.000158217169255,-3.8030063867e-05
-0.000306413435467,-0.000257073083804,4.93403516631e-05
-0.000227104983159,-0.0002380804871,-1.09755039412e-05
-0.000273743843343,-0.000197568985875,7.6174857468e-05
-0.000101805990163,-0.000158791701498,-5.69857113359e-05
-0.000328680497362,-0.000230568642178,9.81118551841e-05
-0.000248293285259,-0.000204388670551,4.39046147081e-05
-0.000244840845444,-0.000210969553765,3.3871291678e-05
-0.000196619261653,-0.000185903331509,1.07159301437e-05
-0.000210619251235,-0.000190713248325,1.99060029097e-05
-0.000265426288023,-0.000193746705025,7.16795829982e-05
-0.0003065481194,-0.000356701080238,-5.0152960838e-05
-0.000216696642497,-0.00015164799796,6.50486445375e-05
-0.000340489858618,-0.000236027899135,0.000104461959483
-0.000210671527516,-0.000115036427069,9.56351004472e-05
-0.000406219208352,-0.000311471105123,9.47481032287e-05
-0.000131096503137,-0.000125193988917,5.9025142196e-06
-9.70073323064e-05,-0.000197787708439,-0.000100780376133
-0.000234314354391,-0.000262639086435,-2.83247320446e-05
-0.000166204409509,-0.000120468761577,4.57356479315e-05
-0.000137637351869,-0.000182652729112,-4.5015377243e-05
-0.000336463420078,-0.000242234454402,9.42289656764e-05
-0.000152033574842,-0.000179641813301,-2.76082384594e-05
-0.00030440066015,-0.000140630019634,0.000163770640516
-0.000185122780783,-0.000164976449936,2.01463308463e-05
-0.000136064680932,-0.00010624408303,2.98205979015e-05
-0.000223822213017,-0.000210970158976,1.28520540408e-05
-0.000211326434812,-0.000219976013544,-8.6495787317e-06
-0.000216515231491,-0.00014592644452,7.05887869706e-05
-0.000193536221391,-0.000201928947432,-8.39272604197e-06
-0.000145960417503,-9.43926251467e-05,5.15677923563e-05
-0.000183607950594,-0.00019292481681,-9.31686621614e-06
-9.10643045002e-05,-0.000113033843871,-2.19695393705e-05
-0.000254899312957,-0.000235369996291,1.95293166655e-05
-0.000301907317225,-0.000190761881552,0.000111145435673
-0.000248917809703,-0.000245214424843,3.70338485985e-06
-0.000265512230688,-0.000327836423125,-6.23241924374e-05
-0.000219913564376,-0.000192441022627,2.74725417495e-05
-0.000323561377741,-0.000249122241869,7.44391358716e-05
-0.000350935956147,-0.000283207653852,6.77283022949e-05
-0.000165651496856,-0.000153392767002,1.22587298538e-05
-0.000273835154196,-0.000183108519436,9.07266347598e-05
-0.000173173497732,-0.000145270737627,2.79027601055e-05
-0.000185907046872,-0.000282896757727,-9.69897108555e-05
-0.000475028412706,-0.000331853856608,0.000143174556098
-0.00026293773765,-0.000192292661042,7.06450766079e-05
-0.000247104925094,-0.000187246798211,5.98581268831e-05
-0.000248597891387,-0.000286974465747,-3.83765743607e-05
-0.000418733240592,-0.000296932503014,0.000121800737578
-9.53662149596e-05,-5.20402012212e-05,4.33260137385e-05
-0.000271717836565,-0.000238602508542,3.31153280231e-05
-0.000382686596881,-0.000319018139083,6.36684577977e-05
-0.00018299700675,-0.000173808391861,9.18861488936e-06
-0.000279450338238,-0.000220615334192,5.88350040459e-05
-0.000107713599461,-0.000104591940807,3.12165865437e-06
-0.000340317616763,-0.000249883274706,9.0434342056e-05
-0.000130561819967,-0.000133891280737,-3.32946076997e-06
-0.000208488394267,-0.000181350732923,2.71376613442e-05
-0.000154638359838,-0.000184818792008,-3.018043217e-05
-0.000338863476435,-0.000287769642525,5.10938339101e-05
-0.000240477513095,-0.000242552212128,-2.07469903258e-06
-0.000337895542986,-0.000262716880743,7.51786622426e-05
1.95756773407e-07,-6.44686188977e-05,-6.46643756711e-05
-0.000301058421878,-0.000307867810483,-6.80938860491e-06
-0.000208471142211,-0.000173482783275,3.49883589352e-05
-0.000288515794718,-0.000168347239841,0.000120168554877
-0.000115675081936,-9.0213790681e-05,2.54612912546e-05
-0.0001816939446,-0.000169909028084,1.17849165163e-05
-0.000120964196226,-0.000130940606743,-9.97641051722e-06
-0.000172823985054,-0.000168155724538,4.66826051598e-06
-0.000103348461086,-0.000108692556815,-5.34409572907e-06
-0.000317644158391,-0.000269837434295,4.78067240967e-05
-0.000186557438402,-0.000212107150227,-2.55497118243e-05
-0.000293832707709,-0.000274966427717,1.88662799915e-05
-0.000116554651469,-0.000138172314785,-2.16176633166e-05
-0.000231341967313,-0.000237474143027,-6.13217571395e-06
-0.00028152323391,-0.000240256610749,4.12666231607e-05
-0.000279891891241,-0.000205550770884,7.43411203569e-05
-0.000428455137457,-0.000415794169945,1.26609675114e-05
-0.000275466256175,-0.000173946769724,0.000101519486451
-0.000291286627375,-0.000258971155509,3.23154718658e-05
-0.000260609758825,-0.000174779472898,8.58302859264e-05
-0.000152860317821,-0.000196260548147,-4.34002303259e-05
-0.000147594444104,-0.000183806279599,-3.62118354952e-05
-0.000171445854062,-6.54791152444e-05,0.000105966738817
-0.000229702802763,-0.000200712016157,2.89907866059e-05
-0.000171305276234,-0.00019363114513,-2.23258688969e-05
-0.000280129167145,-0.000189280739421,9.08484277238e-05
-0.000220246476641,-0.000186250355068,3.3996121573e-05
-0.000353726773531,-0.000321316336038,3.24104374932e-05
-0.000134033486493,-7.39359018381e-05,6.00975846552e-05
-0.00025357344575,-0.000229987895698,2.3585550052e-05
-0.000169940372125,-0.000261477336788,-9.15369646628e-05
-0.000233390223613,-0.000192665622478,4.07246011349e-05
-0.000100239154919,-0.000137027165227,-3.67880103077e-05
-9.72316277888e-05,-9.245606133e-05,4.77556645882e-06
-0.000177102701962,-0.00015016761104,2.69350909213e-05
-0.000132409822203,-0.000129400417739,3.00940446454e-06
-0.000137061770124,-0.00019315585007,-5.60940799463e-05
-1.12584380695e-05,-4.5263208589e-05,-3.40047705195e-05
-0.000157256769106,-0.000129264412357,2.79923567481e-05
-0.000226042133404,-0.000191497164627,3.45449687769e-05
-0.000259308303635,-0.000230576112119,2.87321915159e-05
-0.000129808023572,-0.000139945458732,-1.01374351606e-05
-0.000189365853191,-0.00018280335047,6.56250272077e-06
-0.000143721824234,-9.24171839381e-05,5.13046402962e-05
-0.000260507630593,-0.000216714391163,4.37932394303e-05
-0.000415133984878,-0.000335920842449,7.92131424288e-05
-0.000114896927425,-0.000111197626881,3.69930054339e-06
-0.000291581239496,-0.000218545230181,7.30360093159e-05
-0.000144972833324,-0.000174760716709,-2.97878833854e-05
-0.000138551146878,-9.66721330842e-05,4.1879013794e-05
-6.10618125731e-05,-7.63633816152e-05,-1.53015690421e-05
-0.000258216633734,-0.000246793616043,1.14230176907e-05
-0.00037446787708,-0.000275352421949,9.91154551311e-05
-0.000222432840903,-0.000195299068514,2.71337723895e-05
-0.000278144873325,-0.000248685953235,2.94589200898e-05
-0.000395249222203,-0.000287568572171,0.000107680650032
-0.000329537475761,-0.000239825114543,8.97123612182e-05
-0.000176415118797,-8.13024357279e-05,9.51126830695e-05
-0.0003817457274,-0.00032961738804,5.21283393598e-05
-0.00014882012613,-0.000189226054897,-4.04059287666e-05
-7.76126715752e-05,-9.77819140803e-05,-2.0169242505e-05
-0.000245185754194,-0.000192094301957,5.30914522371e-05
-0.000207908852982,-0.000201433708899,6.47514408234e-06
-0.000318538502238,-0.000293855093611,2.46834086272e-05
-0.000310163690352,-0.00021631664782,9.38470425314e-05
-0.000225710515825,-0.000157719239171,6.79912766541e-05
-0.000280746007468,-0.000221928686431,5.88173210371e-05
-0.000216417226813,-0.000188586545862,2.78306809508e-05
-0.000192495931676,-0.000107773553924,8.47223777515e-05
-0.000286481601977,-0.00020766353908,7.88180628965e-05
-0.0002371045748,-0.00020639248813,3.07120866695e-05
-0.000285102168655,-0.000231756119854,5.33460488007e-05
-0.000371395720299,-0.000299627095739,7.17686245599e-05
-0.000178021378722,-0.000191857080612,-1.38357018895e-05
-0.00013984850308,-0.000104541607872,3.53068952078e-05
-1.03622351566e-05,-8.28647000391e-05,-7.25024648824e-05
-0.000278899538214,-0.000198600837669,8.02987005446e-05
-0.000116464240168,-0.000146994637367,-3.05303971989e-05
-0.000267639968353,-0.000171457730693,9.618223766e-05
-7.3021553767e-05,-0.000114860940102,-4.18393863347e-05
-0.0002390310807,-0.000197220794897,4.18102858028e-05
-0.000210687284138,-0.000184357635114,2.63296490244e-05
-0.000409607537715,-0.000354942402711,5.46651350037e-05
-0.000140408036825,-0.000186963462748,-4.65554259228e-05
-6.89022921088e-05,-0.000115911147179,-4.70088550703e-05
-7.68641179326e-05,-0.000174751802114,-9.78876841818e-05
-0.000146607010666,-0.000159064133088,-1.24571224223e-05
-9.88248229651e-05,-8.73590786608e-05,1.14657443044e-05
-0.000245741848609,-0.000135253288998,0.000110488559611
-0.000176584380884,-0.000144479557181,3.21048237037e-05
-0.000383337616583,-0.000303867009359,7.94706072238e-05
-0.000182012511981,-0.000145830335121,3.61821768592e-05
-0.000282345434827,-0.00020091182176,8.14336130662e-05
-0.000250335794594,-0.000192353343835,5.79824507595e-05
-0.000247254360358,-0.000178886707576,6.83676527821e-05
-0.000264426441081,-0.00021724698967,4.71794514102e-05
-0.000214190734125,-0.00016865415317,4.55365809549e-05
-0.000168909796043,-7.05646283909e-05,9.83451676526e-05
-0.0002948614646,-0.000290401274263,4.46019033786e-06
-0.000220417004199,-0.000156020823969,6.43961802297e-05
5.37460765325e-06,-2.38314424655e-05,-2.92060501188e-05
-0.000391124459469,-0.000326629864404,6.44945950652e-05
-0.000131726706469,-0.000167823660537,-3.60969540678e-05
-6.03317379602e-05,-8.20670245758e-05,-2.17352866156e-05
-0.000272013682402,-0.000293171320057,-2.11576376556e-05
-9.31999302009e-05,-7.44061107258e-05,1.8793819475e-05
-0.000150104030425,-0.000177106704343,-2.70026739177e-05
-0.000140911829905,-0.000165273638672,-2.43618087673e-05
-0.000217298461955,-0.000201440964512,1.58574974425e-05
-0.000112438389432,-0.000162272858145,-4.98344687133e-05
-0.00036314952738,-0.000280989791429,8.21597359505e-05
-0.000218614413439,-0.000240702458377,-2.20880449378e-05
-0.000201032752183,-0.000224473947985,-2.34411958027e-05
-0.000225523163438,-0.000185106125404,4.04170380341e-05
-0.000330325203703,-0.00025749380776,7.28313959431e-05
-0.00022277193486,-0.000250124577433,-2.73526425731e-05
-0.000286675103692,-0.000231699549101,5.4975554591e-05
-0.000249955911785,-0.000157508756049,9.2447155736e-05
-0.000230862080282,-0.000211481791858,1.93802884238e-05
-0.00023581295015,-0.000235046745063,7.66205087066e-07
-0.000265541691976,-0.000164974588272,0.000100567103704
-0.000224260457917,-0.000292503842828,-6.82433849113e-05
-0.000178976586973,-0.000187240310187,-8.26372321403e-06
-0.000146357915411,-0.000131775762857,1.45821525535e-05
-0.000313575751663,-0.000289768419944,2.38073317186e-05
-0.000204341581391,-0.000217077767054,-1.27361856631e-05
-0.000362156613477,-0.00029329147891,6.88651345676e-05
-0.00013544659193,-0.000152195014559,-1.6748422629e-05
-1.57176500898e-05,-6.96187316533e-05,-5.39010815635e-05
-0.000280759018214,-0.000206139267381,7.46197508329e-05
-0.000250833867281,-0.000232877613691,1.79562535909e-05
-0.000260133308576,-0.000132082777741,0.000128050530835
-0.000304176914062,-0.000194190518961,0.000109986395101
-5.84077277327e-05,-0.000128436138055,-7.00284103225e-05
-0.000375335483199,-0.00029138291214,8.39525710591e-05
-0.000242938800973,-0.000242016025844,9.22775129079e-07
-0.000296857878132,-0.00028605313199,1.0804746142e-05
-0.000114816209435,-0.000126004991975,-1.118878254e-05
-0.000121195770155,-0.000133099460178,-1.19036900229e-05
-0.000122607534046,-0.000137941544474,-1.53340104278e-05
-0.000247302208026,-0.000253006036943,-5.7038289174e-06
-0.000233880796743,-0.000257492249626,-2.36114528831e-05
-0.000275137292996,-0.000260822263154,1.43150298422e-05
-0.000311834942625,-0.000270724403912,4.11105387127e-05
-0.00019234423735,-0.00014681961165,4.55246257001e-05
-0.000316264086655,-0.000262028553802,5.42355328531e-05
-0.000260845781472,-0.000186622934175,7.42228472963e-05
-8.7998515267e-05,-0.000130262367385,-4.22638521175e-05
-0.000155126785002,-0.000127312454711,2.78143302908e-05
-0.000126881787081,-0.000138415625608,-1.15338385264e-05
-0.000238659549145,-0.000182269725164,5.63898239814e-05
-0.00026831130141,-0.000211373327698,5.69379737116e-05
-0.000294525406699,-0.000315424079009,-2.08986723097e-05
-0.000276016964965,-0.000267498906185,8.51805877968e-06
-0.000335800226424,-0.000359651103392,-2.38508769678e-05
-0.00011967494177,-8.04649698136e-05,3.92099719568e-05
-0.000209323115671,-0.000177734120789,3.1588994882e-05
-0.000182907919021,-0.000172537946728,1.03699722932e-05
-0.000176330075303,-0.000126791624223,4.95384510796e-05
-0.000207738507367,-0.000231765101327,-2.40265939598e-05
-0.000231529409159,-0.000224596181164,6.93322799538e-06
-7.09809562701e-05,-5.1026630797e-06,6.58782931904e-05
-0.000164739052183,-0.000150201288426,1.45377637577e-05
-0.000140167244391,-0.000171512060744,-3.13448163531e-05
-0.000152451307566,-0.000125027419138,2.74238884277e-05
-0.000230525571308,-0.000161651670823,6.88739004845e-05
4.23319531809e-06,-1.84672283858e-05,-2.27004237039e-05
-0.000285509684463,-0.000183519914899,0.000101989769564
-0.000158926346657,-0.000181457043115,-2.2530696458e-05
-6.0528278986e-05,-8.70904004145e-05,-2.65621214285e-05
-0.000198187476567,-0.000201573583071,-3.38610650373e-06
-0.00030671649346,-0.0002356925618,7.10239316605e-05
-0.00016289556213,-0.000143189531279,1.97060308504e-05
-0.000191069079123,-0.000153877908662,3.71911704608e-05
-0.000129094530818,-0.000151577539456,-2.24830086381e-05
-0.000332686825269,-0.000295153634381,3.75331908882e-05
-0.000297969545669,-0.00024326355173,5.47059939398e-05
-0.00024325132744,-0.000184367268032,5.88840594073e-05
-0.00029816113419,-0.000209410864016,8.87502701731e-05
-0.000249130974865,-0.000201316218876,4.78147559883e-05
-0.000332701751531,-0.000234755572368,9.79461791637e-05
-0.00029160853585,-0.000202317913663,8.92906221871e-05
-0.000201424691817,-0.000205481134188,-4.05644237161e-06
-0.00010685558073,-6.07734350589e-05,4.60821456713e-05
-0.000156174459141,-0.000105052608451,5.11218506903e-05
-0.000320541252428,-0.000220783816402,9.9757436026e-05
-0.000213698383377,-0.000177421915062,3.62764683146e-05
-0.000214821109572,-0.000169630173361,4.51909362111e-05
-0.000169764737486,-0.000197556776725,-2.77920392391e-05
-0.00030659387312,-0.000283541632422,2.30522406977e-05
-7.71935293874e-05,-8.80277216788e-05,-1.08341922914e-05
-0.000155830955997,-0.000147127935767,8.70302023042e-06
-0.000254985635852,-0.000184080726008,7.09049098432e-05
-0.000338994089229,-0.000328742387705,1.02517015239e-05
-0.000290992820885,-0.000260155765423,3.08370554623e-05
-0.0002037282846,-0.00016181427434,4.19140102601e-05
-0.000197690400391,-0.000149155951188,4.85344492037e-05
-0.000180518829897,-0.000215713267549,-3.51944376518e-05
-0.000363713816783,-0.000307588794553,5.61250222306e-05
-0.000229978848334,-0.000183791534555,4.61873137785e-05
-0.000187651964009,-0.000223260768568,-3.56088045594e-05
-0.000355202947056,-0.000309700034441,4.55029126145e-05
-0.000167389664071,-0.000194412701394,-2.70230373224e-05
-0.00026984492463,-0.000234825531293,3.50193933362e-05
-8.00304974034e-05,-0.000101350717789,-2.13202203853e-05
-0.000126026519557,-0.000121781494437,4.24502512013e-06
-0.00013630879634,-0.000140047066347,-3.73827000699e-06
-0.000149089956111,-0.000148224844365,8.6511174589e-07
-0.000314496299685,-0.000259106180981,5.53901187039e-05
-0.000286188371519,-0.000243030410956,4.31579605625e-05
-0.000155236413479,-0.000120937546995,3.42988664832e-05
-0.000398312006715,-0.000342180821982,5.61311847321e-05
-0.000259218062787,-0.000266538512196,-7.32044940912e-06
-0.000246347275576,-0.000223798292713,2.25489828626e-05
-0.000251030355001,-0.000249106622818,1.92373218352e-06
-0.000197982803178,-0.000241959960768,-4.39771575892e-05
-0.000289423123961,-0.000217685996874,7.17371270864e-05
-0.000110329983368,-0.000139724839492,-2.93948561244e-05
-0.000215201838754,-0.000145622332206,6.95795065485e-05
-0.000197157061935,-0.000204341258732,-7.18419679672e-06
-0.000208170130312,-0.000120552176049,8.76179542632e-05
-0.000309487390436,-0.000208926947619,0.000100560442817
3.35065126137e-05,-2.54743691875e-05,-5.89808818012e-05
-0.000291145265742,-0.00022938784325,6.17574224921e-05
-0.000293266618037,-0.000326708881067,-3.34422630302e-05
-0.000192074191354,-0.000269209327517,-7.71351361631e-05
-0.000219765702299,-0.000217278799077,2.48690322236e-06
-0.000222522753193,-0.000153104669879,6.9418083314e-05
-0.000537210029676,-0.000381358976189,0.000155851053487
-0.000305960083216,-0.000242031641592,6.39284416237e-05
-0.000378690499066,-0.000304980018924,7.37104801416e-05
-0.000241429541207,-0.000272292077985,-3.08625367784e-05
-0.000117945107214,-0.000123426939009,-5.48183179497e-06
-0.000297938635244,-0.000214294562519,8.36440727243e-05
-0.000329417590834,-0.000330428706142,-1.01111530872e-06
-0.0002796139974,-0.000263014911275,1.65990861249e-05
-0.000395787156461,-0.000317509633162,7.82775232997e-05
9.20779269899e-06,-2.79911125767e-05,-3.71989052757e-05
-0.000378544788343,-0.000255877572613,0.00012266721573
-0.000250340857883,-0.00015860547922,9.17353786629e-05
-0.000112811941328,-0.000143633978814,-3.08220374861e-05
-0.000154427804209,-0.000205731013724,-5.13032095154e-05
-0.000133397967226,-5.70784717267e-05,7.63194954991e-05
-0.000158269772755,-0.000140002571842,1.82672009128e-05
-9.82931897356e-05,-0.000144897453436,-4.66042637008e-05
-0.000143902130384,-8.9946603757e-05,5.39555266268e-05
-0.000307118985308,-0.000251864356153,5.52546291553e-05
-0.000229710610996,-0.00018732926807,4.23813429259e-05
-0.000273612245467,-0.000208595089726,6.50171557408e-05
-0.000107888738517,-0.000204477886567,-9.658914805e-05
-0.000228039802061,-0.000176594735209,5.14450668519e-05
-4.91491653545e-05,-4.75462357766e-05,1.60292957794e-06
-0.000206337972168,-0.000164016390318,4.23215818497e-05
-0.000378876988061,-0.000312643967379,6.62330206811e-05
-0.00012605584776,-0.000108859986497,1.7195861263e-05
-0.000362304191402,-0.000212592513899,0.000149711677503
-0.000254931158884,-0.000211818653635,4.31125052493e-05
-0.000248869650194,-0.0002742310939,-2.53614437069e-05
-4.14023310143e-05,-0.00010763519658,-6.62328655655e-05
-0.000304557042086,-0.000234177350033,7.03796920535e-05
-0.000218302513525,-0.000231305711408,-1.30031978825e-05
-0.000227790124538,-0.000106063175136,0.000121726949402
-0.000226347867539,-0.000240053730408,-1.37058628693e-05
-0.000153640833828,-0.000114219230043,3.94216037847e-05
-0.000360901890426,-0.000290273883706,7.06280067202e-05
-0.00014607502633,-0.000148510408778,-2.43538244832e-06
-0.00023422640949,-0.000188668385899,4.55580235905e-05
-0.000118795059997,-0.000145027258752,-2.62321987553e-05
-0.000207043582561,-0.000199053752798,7.9898297636e-06
-0.000188502446151,-0.000196758317927,-8.25587177564e-06
-0.000456450480088,-0.000382537796702,7.39126833855e-05
-0.000166465918944,-0.000196229017635,-2.97630986919e-05
-0.000184289711979,-0.000218726780319,-3.44370683398e-05
-0.000296282502103,-0.000218486164454,7.77963376487e-05
-2.80909395986e-05,2.76753721258e-05,5.57663117244e-05
-9.75086967566e-05,-0.000165191268016,-6.76825712591e-05
-0.000338065067521,-0.000305157216846,3.29078506743e-05
-6.96074957503e-05,-0.000124053961376,-5.44464656256e-05
-0.000180267966587,-0.000218945482054,-3.86775154671e-05
-0.000160286694076,-0.000190122998723,-2.98363046469e-05
-0.000142570270157,-7.75735922007e-05,6.49966779565e-05
-0.000238861453734,-0.000179195962846,5.96654908879e-05
-0.000262446983204,-0.000207949378986,5.44976042175e-05
-0.000219878549916,-0.000178177566284,4.17009836323e-05
-0.000263833738636,-0.000164434552495,9.93991861407e-05
-0.000301039243022,-0.000263863661138,3.71755818846e-05
-0.000340543518678,-0.000272150867976,6.83926507017e-05
-0.000261058049115,-0.000193478092345,6.75799567703e-05
-0.000109033111951,-9.50110200859e-05,1.40220918646e-05
-0.000190760327763,-0.000129672607101,6.10877206614e-05
-0.000208358043651,-8.31297443523e-05,0.000125228299299
-0.000255722932087,-0.000203506381481,5.22165506057e-05
-0.000255385548636,-0.000148709180254,0.000106676368382
-9.21220563306e-05,-0.000139166593417,-4.70445370861e-05
-0.000133955434821,-0.000164988033299,-3.1032598478e-05
-0.000212624463132,-0.000175207950896,3.74165122361e-05
-0.000176666160375,-0.000134592972692,4.20731876831e-05
-0.000257521544719,-0.000151428691554,0.000106092853164
-0.000154144962343,-0.000194438901432,-4.02939390886e-05
-0.000123898438139,-0.00017588587636,-5.19874382215e-05
-2.01631878556e-05,-6.83075640187e-05,-4.81443761631e-05
-0.000328780902255,-0.000321668480708,7.11242154696e-06
-0.000277263040022,-0.000241815688118,3.54473519033e-05
-0.000215888327267,-0.000169866411232,4.60219160347e-05
-0.000236374671213,-0.000193963480547,4.24111906664e-05
-0.000204276728554,-0.000210460010709,-6.18328215528e-06
-0.000389714448221,-0.000312104559818,7.76098884031e-05
-0.000395686330799,-0.000312828476411,8.28578543873e-05
-0.000263919271698,-0.000216070939019,4.78483326792e-05
-0.00016187605023,-0.000149047478396,1.28285718342e-05
-0.00015227761009,-0.000136061356105,1.62162539847e-05
-0.000107491658964,-0.000175883249334,-6.83915903703e-05
-0.000266673655972,-0.000220319075943,4.63545800291e-05
-3.01421055223e-05,1.15597176884e-05,4.17018232107e-05
-0.000285324397857,-0.000233300809753,5.20235881035e-05
-9.90634945935e-05,-0.000141332430047,-4.22689354538e-05
1.89378413266e-05,2.9260699265e-05,1.03228579384e-05
-0.00028720091237,-0.00030674539997,-1.95444876005e-05
-0.000289568360973,-0.000156963482631,0.000132604878343
-0.000241755516746,-0.000230624638683,1.11308780631e-05
-0.000142653448191,-0.000163173598889,-2.05201506985e-05
-0.000254423290531,-0.000233164525121,2.12587654099e-05
-8.38055927237e-05,-0.000134622696,-5.08171032767e-05
-0.000119502931305,-6.18661767272e-05,5.76367545779e-05
-1.19294710923e-05,-0.00011713611294,-0.000105206641847
-7.37523027229e-05,-9.41195815233e-05,-2.03672788004e-05
-0.000175101026686,-0.000134676910107,4.04241165784e-05
-0.000221482117763,-0.000206925408089,1.45567096748e-05
-0.000175847815727,-0.000153392419998,2.24553957291e-05
-0.00013162309667,-0.000125549141011,6.07395565945e-06
-0.000198833010633,-0.000170343932151,2.84890784818e-05
-5.37602953864e-05,-9.00272470011e-05,-3.62669516147e-05
-0.000234332600357,-0.000239601081577,-5.26848121995e-06
-0.00017843017902,-0.000178640571432,-2.10392412592e-07
-0.000132320271484,-0.000138947403203,-6.62713171966e-06
-0.000156131478308,-8.29634664496e-05,7.31680118585e-05
-3.43218850989e-05,-7.7635208661e-05,-4.33133235621e-05
-0.000336408867784,-0.000311846514752,2.45623530327e-05
-0.000208532141969,-0.000175077555843,3.34545861256e-05
-0.000205348787084,-7.76894208951e-05,0.000127659366189
-0.000381425534777,-0.000420473749453,-3.90482146766e-05
-0.000163042708032,-0.000138271025473,2.4771682559e-05
-0.000100387747678,-5.57189027534e-05,4.46688449248e-05
-0.000179257000509,-0.000205381288634,-2.61242881253e-05
-0.000217014617692,-0.000180190484294,3.68241333977e-05
-0.000289725134313,-0.000306421697543,-1.66965632303e-05
-0.000334566990176,-0.000246050548778,8.8516441398e-05
-0.00012318167759,-0.000160894221088,-3.77125434983e-05
-0.000200363771202,-0.00022764706254,-2.72832913378e-05
-0.000193375114197,-0.00015568473039,3.76903838072e-05
-0.00043824988105,-0.00035251926896,8.57306120901e-05
-0.000221196711893,-0.000179936513661,4.1260198232e-05
-0.000236946710703,-0.00018979340629,4.71533044131e-05
-0.000245655945574,-0.000268101723566,-2.24457779917e-05
-0.000284104656717,-0.000248883595318,3.52210613995e-05
-0.000279090691415,-0.000192026276981,8.70644144332e-05
-0.000167765739153,-0.000162950322688,4.8154164647e-06
-0.000150550558583,-0.000166167232379,-1.56166737964e-05
-0.000224910657376,-0.000217050020074,7.86063730142e-06
-0.000290012365986,-0.000248208703598,4.18036623884e-05
-0.000145997676701,-8.22798748441e-05,6.37178018567e-05
-0.000267878199777,-0.000206985597634,6.0892602143e-05
-0.000251498000798,-0.000254362790352,-2.86478955332e-06
-0.000367129896255,-0.000336015323416,3.11145728388e-05
-0.000212620604861,-0.000143104638414,6.95159664464e-05
-0.00013664947153,-7.96662937015e-05,5.69831778288e-05
-0.000324607263736,-0.000267585885768,5.70213779682e-05
-0.000375072089747,-0.000330452227573,4.46198621743e-05
-9.53653195179e-05,-0.000177755221384,-8.23899018663e-05
-0.000243121594167,-0.000225406342407,1.77152517597e-05
-0.000199252354401,-0.000259901758214,-6.06494038127e-05
-0.000173538841442,-0.000206851222976,-3.33123815349e-05
-0.000309416655915,-0.000265909632999,4.35070229164e-05
-0.000246071075025,-0.00022987429448,1.61967805455e-05
-0.000151295773814,-0.000251873639778,-0.000100577865965
-0.000308017802676,-0.000185369671451,0.000122648131226
-0.000244826164652,-0.000201694427104,4.31317375486e-05
-0.000258795050995,-0.000132958969193,0.000125836081803
-0.000338457752722,-0.000259401640134,7.90561125874e-05
-0.000134254928416,-0.000118384790454,1.58701379612e-05
-0.00029462750631,-0.000268019318114,2.66081881962e-05
-0.00039200953463,-0.000385387970588,6.62156404251e-06
-0.000110360533173,-0.0001090639766,1.29655657343e-06
-0.0002709398811,-0.000288256228292,-1.73163471926e-05
-0.000323627784057,-0.000274055779323,4.95720047342e-05
-0.000276998148984,-0.000232195489727,4.48026592568e-05
-0.000115234774185,-7.74523125187e-05,3.77824616664e-05
-0.000229689262482,-0.000174907088982,5.47821734994e-05
-0.000176360250707,-0.000178880854258,-2.52060355069e-06
-0.000256194515167,-0.00020046177643,5.57327387374e-05
-0.00027507612417,-0.000264193793418,1.08823307518e-05
-0.000188091805953,-9.62902958427e-05,9.18015101102e-05
-0.00012756075614,-0.000131312439224,-3.75168308382e-06
0.000116272474026,0.000118420923127,2.14844910115e-06
-0.000115027694821,-0.000108682564923,6.34512989788e-06
-0.000139073495892,-8.45454880194e-05,5.45280078727e-05
-0.000140487607909,-0.000104944205811,3.55434020978e-05
-0.00010016798421,-9.01681191153e-05,9.99986509471e-06
-0.000221938427712,-0.000189943213541,3.19952141711e-05
-0.000344482853844,-0.000274579827617,6.9903026227e-05
-0.000294839438705,-0.000219617101336,7.52223373693e-05
-0.000470578912678,-0.000319834969939,0.000150743942738
-0.000101896473313,-0.000129218899151,-2.73224258381e-05
-0.000261681485244,-0.000245295215272,1.63862699718e-05
-0.000226955547449,-0.000168261172094,5.86943753545e-05
-0.000206521125557,-0.000182719856371,2.38012691851e-05
-7.73596469505e-05,-5.23099588955e-05,2.5049688055e-05
-0.000266008290466,-0.000254118784838,1.18895056279e-05
-0.000123659050684,-0.000116056900763,7.60214992086e-06
-0.000212818682533,-0.000186955362759,2.58633197734e-05
-0.000176983092871,-0.000143758820301,3.32242725704e-05
-0.000229328418785,-0.000223420621741,5.90779704356e-06
-0.000304831626022,-0.000225125976221,7.97056498016e-05
-0.000242323683974,-0.00018786732317,5.44563608039e-05
-0.000216213454096,-0.000197813463268,1.83999908282e-05
-0.000162906781537,-0.000204531837252,-4.1625055715e-05
-0.000148432111565,-0.000125038053086,2.33940584788e-05
-1.48132215271e-05,-7.20249913975e-05,-5.72117698703e-05
-0.000147498172325,-9.87987040666e-05,4.86994682582e-05
-0.000140117291977,-0.000142928809503,-2.81151752633e-06
-0.00038275629363,-0.000360363211827,2.23930818028e-05
-0.000118741747084,-0.00014974157161,-3.0999824526e-05
-0.00023349945178,-0.000176931141699,5.65683100817e-05
-9.08425722894e-05,-6.47478266727e-05,2.60947456168e-05
-0.000360733406281,-0.000266644943858,9.40884624226e-05
-0.000289488443454,-0.00024242140431,4.70670391443e-05
-0.000297298419595,-0.000239540643939,5.77577756559e-05
-0.000207197305423,-0.000127888225367,7.93090800562e-05
-0.000367826702315,-0.00032437417097,4.34525313454e-05
-0.000211424045726,-0.000153101445993,5.83225997324e-05
-0.00023359283446,-0.00018306174566,5.05310888e-05
-0.000209112007953,-4.64594548994e-05,0.000162652553054
-0.000202392897175,-0.000244534154083,-4.2141256908e-05
-0.000141434100057,-0.000160831496915,-1.93973968579e-05
-0.000169784567839,-0.00010855348679,6.12310810494e-05
-0.000229952285768,-0.000152788152559,7.71641332088e-05
-5.22584500158e-05,-6.68389201449e-05,-1.45804701291e-05
-0.000274562550599,-0.000181981070813,9.25814797858e-05
-0.000288332093263,-0.000250972860903,3.73592323603e-05
-0.000212665526892,-0.000205660528865,7.00499802632e-06
-0.000293695623074,-0.000301917623077,-8.22200000331e-06
-0.000232863004946,-0.000226470733858,6.39227108792e-06
-0.000130657463264,-6.4308392571e-05,6.63490706928e-05
-0.000147354105937,-0.000149671698977,-2.31759303928e-06
-0.000246484863196,-0.000209592337912,3.68925252833e-05
-0.000367253825156,-0.000214163987166,0.000153089837989
-0.000114698789742,-0.000156779311348,-4.20805216065e-05
-0.000193592392228,-0.000171352614159,2.22397780691e-05
-0.000105484089172,-0.000144460441194,-3.89763520211e-05
-9.35815373144e-05,-0.00012945177967,-3.58702423557e-05
-0.000222567949748,-0.000152561883896,7.00060658522e-05
-0.000300078819152,-0.000279998777522,2.00800416303e-05
-0.000368564407012,-0.000228256634096,0.000140307772916
-0.000167817293354,-0.000146515428851,2.13018645031e-05
-0.000331533928809,-0.000264891270595,6.66426582147e-05
-0.000237049231941,-0.000226446333169,1.06028987718e-05
-0.000302722414776,-0.000294031240223,8.69117455381e-06
-0.000164730069796,-0.000180700862749,-1.59707929539e-05
-0.000206012385422,-0.000205088739954,9.23645468109e-07
-0.000207588254394,-0.000187314166114,2.02740882796e-05
-0.000197310381976,-0.00018335259944,1.39577825362e-05
-0.000140470460246,-0.000108993367595,3.14770926507e-05
-0.000202623134473,-0.000175417749819,2.72053846536e-05
-0.000304148663763,-0.00026441666492,3.97319988428e-05
-0.000250171302858,-0.000281657440062,-3.1486137204e-05
-0.000163752264037,-0.000168223538211,-4.47127417437e-06
-0.000127036480844,-0.000173267455196,-4.62309743521e-05
-0.000123014530958,-0.000213929048378,-9.091451742e-05
-0.000237319603145,-0.000169656358226,6.76632449186e-05
-0.000189650743181,-0.000141529548044,4.8121195137e-05
-0.000226849263754,-0.000217693764094,9.15549965916e-06
-0.000140024378553,-0.000111809493373,2.82148851798e-05
-0.000168583878036,-0.00016959202433,-1.00814629341e-06
-0.000283747524034,-0.000192231650472,9.15158735623e-05
-0.000227752767783,-0.00017139722177,5.63555460128e-05
-0.000209966611732,-0.000255907789741,-4.59411780088e-05
-0.00018879685833,-0.000161019458776,2.77773995539e-05
-0.000177591791066,-0.000147066384064,3.05254070017e-05
-2.88056101896e-05,-3.62570464117e-06,2.51799055484e-05
-0.000257046308445,-0.000277362961267,-2.03166528225e-05
-0.000258920515753,-0.00024320714797,1.57133677828e-05
-0.00033348702313,-0.000298863700232,3.4623322898e-05
-0.00025049056532,-0.000215277863695,3.52127016248e-05
-0.000250384042523,-0.000195870286365,5.45137561583e-05
-0.000255701242445,-0.000164670762763,9.10304796813e-05
-0.000229466779829,-0.000167171840361,6.22949394679e-05
-0.000191018930912,-0.000109741518417,8.12774124942e-05
-5.75511808543e-05,-8.94234811337e-05,-3.18723002794e-05
-0.000282650752299,-0.000301762619344,-1.91118670453e-05
-0.000271806180763,-0.000250340672121,2.14655086422e-05
-0.000190063205636,-0.000166959337637,2.31038679993e-05
-0.000207157848858,-0.000207793162234,-6.35313376851e-07
-0.000366575565499,-0.000263254254587,0.000103321310911
-0.000277406344099,-0.000276492324317,9.1401978265e-07
-9.64678230547e-05,-0.000111672454384,-1.52046313296e-05
-7.25617657745e-05,-6.10883587388e-05,1.14734070356e-05
-9.02864613473e-05,-0.000126915006704,-3.66285453571e-05
-0.000483540630044,-0.000401203468247,8.2337161797e-05
-0.000137962317501,-0.000188607225442,-5.06449079404e-05
-0.000185422024429,-0.000204533893305,-1.9111868876e-05
-0.000306669952476,-0.000268324983022,3.83449694534e-05
-0.000215786440156,-0.000172834600905,4.2951839251e-05
-0.000121041584923,-0.000161111141964,-4.00695570411e-05
-0.000153615098437,-0.000113839003612,3.97760948246e-05
-0.000201329491817,-0.000165929979427,3.53995123894e-05
-0.000171982984515,-0.000155415903512,1.65670810024e-05
-0.000402866564458,-0.000327236662918,7.56299015401e-05
-0.000341940468028,-0.000276308492397,6.56319756311e-05
-0.000181648373737,-0.000151396261397,3.02521123401e-05
-0.000190677288046,-0.000139061012038,5.16162760082e-05
-0.000268194704753,-0.000168529362477,9.96653422762e-05
-0.000215851703836,-0.000145736282861,7.01154209746e-05
-0.000173104676392,-0.000109977111957,6.31275644356e-05
-0.00024367842068,-0.00020074399113,4.29344295496e-05
-0.000186795331316,-0.000213836346448,-2.70410151311e-05
-0.00039005123486,-0.000301000687073,8.90505477878e-05
-0.000353733432018,-0.000337518764857,1.62146671607e-05
-0.000180119208544,-0.000203298017677,-2.31788091334e-05
-0.00017154523814,-0.000160182741849,1.1362496291e-05
-0.000185030820617,-0.0001299888619,5.50419587172e-05
-0.000232634942397,-0.000220661735162,1.19732072355e-05
1.93622942181e-05,-5.56845960277e-05,-7.50468902458e-05
-0.000277000349193,-0.000238177254599,3.88230945933e-05
-0.00017967212477,-0.000178491264792,1.18085997817e-06
-0.000164359316107,-0.000118410901009,4.59484150975e-05
-9.40736955977e-05,-7.11675520972e-05,2.29061435005e-05
-0.000233856250781,-0.000206505041281,2.73512095004e-05
-0.000164077911739,-0.000185711569362,-2.16336576232e-05
-0.000147707279185,-0.000178735915841,-3.10286366556e-05
-0.000248840315972,-0.000200646767909,4.81935480622e-05
-0.000192148488079,-0.000122082783061,7.00657050179e-05
-0.000255632528505,-0.000213284253455,4.23482750499e-05
-0.000166200081623,-0.000159897777632,6.30230399067e-06
-8.36271491635e-05,-0.000131028751594,-4.74016024306e-05
-0.000114996973157,-0.000130350108908,-1.53531357514e-05
-0.000329162285014,-0.000164195550324,0.00016496673469
-0.000282748853192,-0.000222445272394,6.0303580798e-05
-0.000232411730855,-0.00021011422391,2.22975069448e-05
-0.000288473307143,-0.00024472308811,4.37502190329e-05
-0.000260700127145,-0.000169670563623,9.10295635225e-05
-0.000186246933533,-0.000201928075141,-1.56811416079e-05
-0.000176883398161,-0.000140351991097,3.65314070644e-05
-0.000344097595939,-0.000259822619899,8.42749760397e-05
-0.000302131293087,-0.000188701997598,0.000113429295488
-0.000340761127991,-0.000268560530276,7.22005977157e-05
-0.000338188920255,-0.000246911234921,9.12776853333e-05
-0.000200642995395,-0.000199061199871,1.58179552355e-06
-0.000259936811867,-0.000206985678323,5.29511335448e-05
-0.000147814679655,-0.000173875021252,-2.60603415969e-05
-0.000279211039914,-0.000259702141593,1.95088983208e-05
-0.000315360552795,-0.000251456843676,6.39037091184e-05
-0.000166915381065,-0.000153740400016,1.31749810488e-05
-0.000271230874802,-0.000183857912069,8.73729627323e-05
-0.000102634111951,-0.000149869522513,-4.72354105617e-05
-0.00025568717038,-0.000279252864007,-2.35656936266e-05
-0.000209389629317,-0.000209843260951,-4.5363163437e-07
-0.000264815727016,-0.00011806933007,0.000146746396947
-0.000255644738628,-0.000202782839985,5.28618986435e-05
-0.000200343326979,-0.000264838966566,-6.44956395868e-05
-0.000164418261125,-1.60739961353e-06,0.000162810861512
-0.000248308982104,-0.000143685932448,0.000104623049656
-0.000179562421093,-0.000174944118392,4.6183027005e-06
-0.0003246892653,-0.000256933180976,6.77560843233e-05
-0.00020178849631,-0.000117934278434,8.38542178756e-05
-0.000246943661323,-0.000192166730635,5.47769306881e-05
-0.000216657974456,-0.0002221941949,-5.53622044393e-06
-0.000341784157057,-0.000312470640579,2.93135164782e-05
-0.000200619396135,-0.000230035838005,-2.941644187e-05
-3.50578539364e-05,-6.78080544331e-05,-3.27502004967e-05
-0.000192727523491,-0.000201039482436,-8.31195894484e-06
-0.000327169957911,-0.000273804155357,5.33658025537e-05
-0.000256770124775,-0.000237066209386,1.97039153889e-05
-0.000221104717805,-0.000202304412389,1.88003054165e-05
-0.000266258697362,-0.000204045988414,6.22127089477e-05
-0.0002710356081,-0.000137941040318,0.000133094567782
-0.000230896024423,-0.000270561283399,-3.96652589757e-05
-0.000195646845372,-0.000128528787028,6.71180583445e-05
-0.000119772599007,-0.000204700441975,-8.49278429682e-05
-0.000187015262917,-0.000139145149544,4.78701133723e-05
-0.00034994864774,-0.000304287255017,4.56613927226e-05
-0.000258061266649,-0.000159799012835,9.82622538142e-05
-0.000352735032305,-0.00028447579513,6.82592371748e-05
-0.000271415226676,-0.00023367514283,3.77400838462e-05
-0.000224775514353,-0.000137411319819,8.73641945339e-05
-0.000320759873017,-0.000195915933404,0.000124843939613
-0.000151054330794,-0.000122757467709,2.82968630855e-05
-0.000219475199974,-0.000236162182616,-1.66869826421e-05
-4.18469704041e-05,-9.42198713069e-05,-5.23729009028e-05
-0.00020762327197,-0.000173316264235,3.43070077343e-05
-0.000138393438182,-0.00013756340569,8.30032491249e-07
-0.000310532743429,-0.000224666617886,8.5866125543e-05
-5.92697002769e-05,-6.45108679413e-05,-5.24116766447e-06
-0.000172008683714,-0.000173868003797,-1.85932008314e-06
-0.000182361040764,-0.000188207413712,-5.8463729477e-06
-0.00021404163062,-0.000202299585948,1.17420446724e-05
-0.000201434596596,-0.000145117741938,5.63168546579e-05
-0.000222136476398,-0.000169521919551,5.26145568473e-05
-0.00020868058087,-0.000148984791956,5.96957889139e-05
-0.000231024380737,-0.000184554674579,4.6469706158e-05
-9.81314734131e-05,-0.000125773047827,-2.76415744141e-05
-0.000312117544832,-0.000238189304807,7.39282400252e-05
-0.000175752319634,-0.000180078893865,-4.32657423028e-06
-0.000247745193891,-0.000285538304731,-3.77931108398e-05
-0.000115903351741,-0.000159545022973,-4.36416712321e-05
-0.000281481086919,-0.00021191629333,6.95647935887e-05
-0.000261003768539,-0.000200412412629,6.05913559093e-05
-0.000204994276509,-0.000186852703971,1.81415725375e-05
-0.000256557884975,-0.000245574322523,1.09835624513e-05
-0.000135649205199,-8.31044145778e-05,5.2544790621e-05
-0.000248224596552,-0.000213316066305,3.49085302478e-05
-0.000149331017135,-9.54267469447e-05,5.39042701908e-05
-0.000161339532792,-0.00015776525812,3.57427467107e-06
-0.000206241705394,-0.000198398134588,7.84357080547e-06
-0.000156532038961,-0.000135630373564,2.09016653967e-05
-0.000147676307026,-0.000119813365993,2.78629410325e-05
-0.000339380528385,-0.000299987999623,3.93925287619e-05
-0.000152206127068,-0.000169898626496,-1.76924994281e-05
-0.000115178848192,-0.000132654715356,-1.74758671648e-05
-0.000252632881921,-0.00022172155555,3.09113263715e-05
-0.000292592389222,-0.000220391742299,7.22006469228e-05
-0.000185943656907,-0.000182712256258,3.23140064892e-06
-0.000253499084298,-0.000209236266039,4.42628182593e-05
-0.000310330786733,-0.000286305885027,2.40249017062e-05
-0.000109327525341,-7.93312557096e-05,2.99962696309e-05
-0.000314547452623,-0.000247436592402,6.71108602212e-05
-0.000313737224412,-0.000247717014538,6.60202098746e-05
-0.000291992243534,-0.000147010211905,0.000144982031629
-0.000222227918987,-0.000146957267554,7.52706514332e-05
-0.000234290118048,-0.000144082821746,9.0207296302e-05
-0.000266635064924,-0.000235851928678,3.0783136246e-05
-0.000103571086629,-8.57849343487e-05,1.77861522802e-05
-6.14289311978e-05,-8.98829366741e-05,-2.84540054763e-05
-0.000250050226209,-0.000235997982258,1.40522439514e-05
-0.00030372341479,-0.000181730426026,0.000121992988764
-0.000278877807935,-0.000196841583333,8.20362246025e-05
-0.00025710559959,-0.000224954441369,3.21511582208e-05
-0.000283059337835,-0.00022396668169,5.90926561448e-05
-9.71994246998e-05,-4.35157948025e-05,5.36836298973e-05
-0.000191775586237,-0.000129755812332,6.20197739048e-05
-5.25319769665e-05,-0.000117408848022,-6.48768710558e-05
-3.76687884947e-05,-4.37995627416e-06,3.32888322206e-05
-0.000225775298997,-0.000229978314883,-4.20301588574e-06
-0.00022952510679,-7.38077513168e-05,0.000155717355474
-0.000139719857849,-0.000130133984987,9.58587286127e-06
-0.000207105047934,-0.000118504355049,8.86006928847e-05
-0.000469432906079,-0.000331110826993,0.000138322079086
-0.000246917595986,-0.000226038062482,2.08795335044e-05
-0.000132738279208,-0.000114840053556,1.78982256523e-05
-0.000180276737169,-0.00018202532459,-1.74858742148e-06
-0.000164276623246,-0.000154836377044,9.44024620198e-06
-0.000172933243312,-0.000196154034539,-2.32207912274e-05
-0.000221000452918,-0.000200222090358,2.07783625606e-05
-0.000319543488438,-0.000198870635485,0.000120672852953
-0.000204336409669,-0.000216595504384,-1.22590947147e-05
-6.22984334825e-06,-5.37031610891e-05,-4.74733177409e-05
-0.000295954925117,-0.000224263601283,7.16913238339e-05
-0.000277509333687,-0.000276177329308,1.33200437966e-06
-0.000188667043953,-0.00011141889811,7.72481458426e-05
-0.000356048911314,-0.000223800912346,0.000132247998968
-0.000321102904392,-0.000246789576423,7.43133279683e-05
-0.000532975212194,-0.000432479570842,0.000100495641352
-0.000266955298731,-0.000185881330898,8.10739678331e-05
-0.000219957712376,-0.000290978939508,-7.10212271323e-05
-0.000268306105267,-0.000229943467879,3.83626373877e-05
-0.000244157842814,-0.000177118281358,6.70395614559e-05
-0.000184674668274,-0.000158527634636,2.61470336384e-05
-0.000154905534356,-0.000176282180921,-2.13766465652e-05
-0.000146041253692,-0.000158722221065,-1.26809673734e-05
-0.00023967346662,-0.000149144327129,9.05291394914e-05
-0.000274046029838,-0.000261651953053,1.2394076785e-05
-0.000185403024364,-0.00016478961734,2.06134070233e-05
-0.000230341505519,-0.000236609796259,-6.26829074013e-06
-0.000205391332882,-0.000178416088971,2.69752439115e-05
-0.000312041507482,-0.000248587088107,6.34544193752e-05
-0.000107579432823,-0.000136729910065,-2.91504772429e-05
-0.000280136354173,-0.000213634586241,6.65017679313e-05
-0.000133668018769,-0.000120108665265,1.35593535032e-05
-0.000150229740904,-0.000169464521188,-1.92347802837e-05
-0.000241605832837,-0.000217283093124,2.43227397125e-05
-0.000109455252773,-0.000178110315486,-6.86550627126e-05
-0.000259821141626,-0.000196933459974,6.28876816528e-05
-0.000381196293141,-0.000309046692187,7.21496009538e-05
-0.000180081417033,-0.000147064201998,3.30172150349e-05
-0.000276648993293,-0.000201797924551,7.48510687419e-05
-0.000337161623907,-0.000270784486102,6.63771378054e-05
-0.000291887843548,-0.000208717131064,8.31707124836e-05
-0.00018289820223,-0.000149891568024,3.30066342062e-05
-0.000249305206215,-0.000166081133349,8.32240728662e-05
-0.000305232713931,-0.000244776231898,6.04564820331e-05
-0.000214000354981,-0.000152635207171,6.13651478104e-05
-0.000238335823176,-0.000220699262613,1.76365605625e-05
-0.000288496855593,-0.000225178741087,6.3318114506e-05
-0.000129504540654,-0.0001079027897,2.16017509541e-05
-0.000192773732005,-0.000267181639605,-7.44079075998e-05
-6.96330001473e-05,-7.12544765394e-05,-1.62147639207e-06
-2.97921528735e-06,-4.86273463404e-05,-4.5648131053e-05
-0.000275269985627,-0.000199850855565,7.54191300611e-05
-0.000312170214686,-0.000239963756463,7.22064582233e-05
-0.000286492724947,-0.000232841573124,5.36511518231e-05
-0.000362718216724,-0.000307398292997,5.53199237263e-05
-0.000165417512279,-0.000191086698264,-2.56691859848e-05
-0.000297561559355,-0.000212175518872,8.53860404826e-05
-0.000216935984206,-0.000176026914204,4.09090700018e-05
-0.000340776243421,-0.000202768928706,0.000138007314715
-0.000161612164591,-0.000225677044412,-6.40648798209e-05
-0.000184594525318,-0.000222836673754,-3.82421484352e-05
-0.000138446899264,-0.000131728982926,6.71791633738e-06
-0.00020046541595,-0.000272333331179,-7.18679152292e-05
-0.000235618492206,-0.000251529676014,-1.59111838078e-05
-0.00029020863201,-0.000220268343022,6.99402889878e-05
-0.000222721053923,-0.000159150780768,6.35702731549e-05
-0.000164129499381,-0.000160568934067,3.56056531387e-06
-0.0002274694778,-0.000182649096749,4.48203810506e-05
-0.000213400482712,-0.000190261044309,2.31394384033e-05
-0.000290492013103,-0.000259815227725,3.06767853784e-05
-0.000563575659149,-0.000408090810449,0.0001554848487
-0.000152362508832,-0.000132034963381,2.03275454511e-05
-3.83409015196e-05,-5.4767467652e-05,-1.64265661324e-05
-0.000153587796708,-8.82241965716e-05,6.53636001363e-05
-0.000304520197099,-0.000261723268641,4.27969284579e-05
-0.000182794464868,-0.000164992823809,1.78016410591e-05
-0.000126002721077,-0.000115299159863,1.07035612141e-05
-0.000103142819615,-0.000165002425439,-6.18596058238e-05
-0.000213750338215,-0.000218901301686,-5.15096347003e-06
-0.000239591672647,-0.000244439191897,-4.84751925007e-06
-0.000251721771996,-0.000269825169706,-1.81033977094e-05
-0.000344870250633,-0.000294975811804,4.98944388292e-05
-0.000109250653762,-9.29477118805e-05,1.63029418816e-05
-0.000221382683549,-0.000140244159113,8.11385244359e-05
-0.000387900242544,-0.000354279070763,3.36211717814e-05
-0.000365474074994,-0.000296759333138,6.87147418563e-05
-0.000208360231104,-0.000187429606654,2.093062445e-05
-0.000136459754919,-0.000141015662514,-4.55590759517e-06
-0.000232711687852,-0.000176035158902,5.66765289503e-05
-0.000277728897429,-0.000286593309505,-8.86441207668e-06
-0.000242579381245,-0.000153019175961,8.9560205284e-05
-0.000179801959551,-0.000130397536243,4.94044233074e-05
-0.000383744036013,-0.000257247552702,0.00012649648331
-3.51830032266e-05,-5.83323091009e-05,-2.31493058743e-05
-0.00012663368868,-8.63356061989e-05,4.02980824814e-05
-0.000203991412019,-0.000159582775297,4.44086367218e-05
-2.38037824478e-05,-6.9217985405e-05,-4.54142029573e-05
-0.000177640405513,-0.000190584530787,-1.29441252741e-05
-0.000215115959931,-0.000196376058529,1.8739901402e-05
-0.00012587059554,-5.90417180222e-05,6.68288775175e-05
-0.000106479710644,-0.000215019793367,-0.000108540082723
-0.000190885330295,-0.000167246119122,2.36392111738e-05
-0.000129926292707,-0.000124985415372,4.94087733464e-06
-0.000236698300511,-0.000186828803477,4.98694970348e-05
-0.0001568296001,-0.00020339298293,-4.65633828296e-05
-0.000198837894083,-0.000164894478432,3.39434156518e-05
-0.000112509493237,-0.000170224563075,-5.77150698379e-05
-0.000170192137843,-0.000195004771066,-2.48126332231e-05
-0.000165793838503,-0.000171873040436,-6.07920193345e-06
-0.000237382939631,-0.000239166010511,-1.78307087997e-06
-0.000146285509671,-0.000188786698948,-4.25011892769e-05
-0.00017944652822,-0.000157816955004,2.1629573216e-05
-0.000225856770349,-0.000195761991242,3.00947791077e-05
-0.000192427589077,-0.000162838248475,2.95893406016e-05
-0.00034610125942,-0.000247956377863,9.81448815564e-05
-0.00012308997404,-0.000108306886471,1.4783087569e-05
-0.000392729790899,-0.000312906279346,7.98235115531e-05
-0.000425598480907,-0.000292493624132,0.000133104856774
-0.000297547908349,-0.000238531978802,5.90159295473e-05
-0.000359310427726,-0.000311337167034,4.7973260692e-05
-0.000169644763718,-0.000203407438475,-3.37626747566e-05
-0.000185947786335,-0.000153775127358,3.21726589769e-05
-0.000246101460516,-0.000133862019019,0.000112239441497
-0.000338181402512,-0.000281683352745,5.64980497666e-05
-0.000122768463354,-0.000171169572321,-4.84011089673e-05
-0.000227408626667,-0.000165395365761,6.20132609064e-05
-0.000195525113974,-0.000161926838493,3.35982754806e-05
-0.000210394901569,-0.000232729141582,-2.23342400126e-05
-0.000426306248052,-0.000290187784135,0.000136118463917
-0.000234082354397,-0.000252543855838,-1.84615014407e-05
-5.78723158136e-05,-4.45468627289e-05,1.33254530847e-05
-0.000128305167419,-0.000103971134289,2.43340331303e-05
-0.000261745500667,-0.000149715515863,0.000112029984804
-8.20510059946e-05,-0.000100669531734,-1.86185257394e-05
-0.00021654830498,-0.000225445816729,-8.89751174857e-06
-0.000411676139745,-0.000248320175614,0.000163355964131
-0.000253287020286,-0.00023287823674,2.04087835465e-05
-0.000113559572981,-0.000178087541504,-6.45279685236e-05
-0.000166997491071,-0.000112763864314,5.4233626757e-05
-0.000123626675565,-8.67881396933e-05,3.68385358721e-05
-4.30669500814e-05,-5.54183689603e-05,-1.2351418879e-05
-0.000309652787487,-0.000221584148876,8.8068638611e-05
-0.000104474643935,-8.61461548284e-05,1.8328489107e-05
-5.99520406002e-05,-0.000110147611986,-5.0195571386e-05
-0.000122032102616,9.06589170758e-07,0.000122938691787
-0.000216388490086,-0.000212015378498,4.37311158787e-06
-0.00038879772557,-0.000314339251336,7.44584742341e-05
-0.000297347183442,-0.00014286597941,0.000154481204032
-0.000238590893963,-0.000258711500609,-2.0120606646e-05
-0.00026853875006,-0.000274795612727,-6.256862667e-06
-0.000405040653414,-0.000336872198371,6.81684550433e-05
-0.000263026154445,-0.000285759877224,-2.2733722779e-05
-0.000129354318407,-0.000148400837041,-1.90465186342e-05
-0.000261539210147,-0.00019066235726,7.08768528872e-05
-0.000111906201888,-5.5627165231e-05,5.62790366568e-05
-0.000237367882756,-0.000187951879071,4.9416003685e-05
-0.000124617510603,-0.00018100113769,-5.63836270865e-05
-0.000205702841287,-0.000169376874393,3.63259668938e-05
-0.000248741568757,-0.000214252836791,3.44887319657e-05
-0.000201147900029,-0.000126345083964,7.48028160649e-05
-8.38127742692e-05,3.67115055512e-06,8.74839248243e-05
-0.000324131136033,-0.000261553260405,6.25778756282e-05
-0.000215408579842,-0.000210924063219,4.48451662231e-06
-0.000129186790922,-0.000172900437259,-4.37136463377e-05
-0.000199341335321,-0.000182302149072,1.70391862486e-05
-5.60332761986e-05,-0.000112867572487,-5.68342962887e-05
-0.000281557409503,-0.000221673869216,5.98835402876e-05
-0.00028016720499,-0.0002494097176,3.07574873904e-05
-0.000317463462748,-0.000281659936959,3.58035257886e-05
-0.000246605093159,-0.000202600262604,4.40048305552e-05
-0.000157759233158,-0.000102386347434,5.53728857244e-05
-0.000356115669809,-0.000264333729448,9.1781940361e-05
-0.000326041671671,-0.000306636419171,1.94052524994e-05
-0.0001473318815,-0.000162610719987,-1.52788384865e-05
-0.0002143243366,-0.000211219277957,3.10505864309e-06
-0.000211792370113,-0.000162044632067,4.97477380464e-05
-0.000241931610335,-0.000197069861058,4.48617492764e-05
-0.00027502499978,-0.000228094792039,4.69302077416e-05
-0.000335681744782,-0.000320845086417,1.4836658365e-05
-0.00023968259221,-0.000244774644632,-5.09205242122e-06
-0.000231661326587,-0.000202958796884,2.87025297039e-05
-0.000159768053517,-0.000176617524018,-1.6849470501e-05
-0.000340310742996,-0.000302974982981,3.73357600149e-05
-0.000238318480268,-0.00017456561546,6.37528648087e-05
-0.000183769977832,-0.000152916137096,3.08538407358e-05
-0.000331779097021,-0.000284411436607,4.73676604145e-05
-0.00023450212047,-0.000170536047231,6.39660732388e-05
-0.000274301456116,-0.000248558784503,2.57426716123e-05
-0.000234328889155,-0.000203524201512,3.08046876434e-05
-0.000185287492117,-0.000160842953644,2.44445384734e-05
-0.000184716203004,-0.000185955762694,-1.23955968955e-06
-0.000304499328569,-0.000226321011763,7.81783168062e-05
-0.000237338658682,-0.000170428649623,6.6910009059e-05
-0.000237006587939,-0.000220989796536,1.60167914035e-05
-3.50467591407e-05,-8.28665098989e-05,-4.78197507582e-05
-0.000256537676816,-0.000208749124769,4.77885520468e-05
-0.000182309839232,-0.000119351087237,6.29587519951e-05
-0.000269490440609,-0.000306755915405,-3.72654747956e-05
-0.000290158726624,-0.000244989850519,4.51688761056e-05
-0.000423946605386,-0.000232364997849,0.000191581607537
-0.000293778802113,-0.000238836982741,5.49418193723e-05
-0.000308472461095,-0.000232426615873,7.6045845222e-05
-5.59327188704e-06,-1.49990211494e-05,-9.40574926235e-06
-0.00021971500995,-0.000155886136979,6.38288729704e-05
-0.000206236600927,-0.000130238546904,7.59980540225e-05
-0.00012568972284,-0.000128134207319,-2.44448447947e-06
-0.000207840855324,-0.000191796423531,1.60444317932e-05
-0.000176319738672,-0.000191300553153,-1.49808144805e-05
-0.000374579493343,-0.000291744244166,8.2835249177e-05
-0.000155674751049,-0.000190382323857,-3.47075728077e-05
-0.000252365719985,-0.000239341265552,1.30244544337e-05
-0.000164567204953,-0.000135117638646,2.94495663067e-05
-0.000327370695568,-0.000238605415211,8.87652803574e-05
-0.000249004102138,-0.000246564006187,2.44009595182e-06
-2.67621440572e-05,-2.19776509627e-05,4.7844930945e-06
-0.000131080718994,-0.000140775368765,-9.69464977099e-06
-0.00020389335237,-0.000209058168947,-5.16481657678e-06
-0.000311326969654,-0.000201837970594,0.00010948899906
-0.000219377904147,-0.000166898420481,5.24794836665e-05
-0.00024098994296,-0.000242544587265,-1.55464430452e-06
-0.000191316674749,-0.000179892590927,1.14240838219e-05
-0.000220321221003,-0.000217238226151,3.0829948521e-06
-0.000273968845272,-0.000233407089189,4.05617560829e-05
-0.000243339976756,-0.000192721269713,5.06187070433e-05
-0.000237770830414,-0.000203641373961,3.41294564532e-05
-0.000224873671135,-0.000247088952913,-2.2215281778e-05
-0.000218452829156,-0.000231549775373,-1.30969462174e-05
-0.000231065832012,-0.000247567541147,-1.65017091355e-05
-0.000227592021943,-0.000168136880482,5.94551414614e-05
-0.000316708358879,-0.000276457192379,4.02511665e-05
-0.000158012387715,-6.29924430664e-05,9.50199446482e-05
-0.000320012937421,-0.000250065910127,6.99470272937e-05
-0.000247189260879,-0.000267868690118,-2.06794292381e-05
-0.000175568114707,-0.000137144633338,3.84234813695e-05
-0.000197208106041,-0.00022817009722,-3.09619911783e-05
-0.00030733546146,-0.000228617918353,7.87175431065e-05
-0.000229286191582,-0.000235147539179,-5.8613475961e-06
-0.000150741201093,-0.000194667613873,-4.39264127796e-05
-0.000398390219714,-0.000335324194802,6.30660249117e-05
-0.000148015894162,-0.000204416715276,-5.64008211139e-05
-0.000300145588159,-0.000220438208492,7.97073796673e-05
-0.000299094501679,-0.00023742344941,6.16710522691e-05
-0.000240406343981,-0.000299446190021,-5.90398460405e-05
-0.000266968866195,-0.000204008583999,6.29602821964e-05
-0.000303612618197,-0.000285406254392,1.82063638048e-05
-0.000125780918645,-0.000125045101299,7.35817346119e-07
-0.000130256807519,-8.24681886591e-05,4.77886188599e-05
-0.000126009338323,-0.000146049916668,-2.00405783454e-05
-0.000243897170074,-0.000143810781565,0.000100086388509
-0.000335635858989,-0.000199271105258,0.000136364753731
-0.000218584382414,-0.000196746120746,2.18382616681e-05
-0.000310251420127,-0.000209205619994,0.000101045800133
-0.000287746272405,-0.000222582138673,6.51641337324e-05
-0.00029918899657,-0.000237755594618,6.14334019526e-05
-0.00014363754413,-0.000158549212049,-1.49116679191e-05
-0.000250877993039,-0.00025641459635,-5.53660331132e-06
-0.000179125804949,-0.000131592051388,4.75337535614e-05
-0.000280841469804,-0.000206621907429,7.42195623747e-05
-0.000128477265027,-0.000102782206721,2.56950583059e-05
-0.000321821916221,-0.000264438990798,5.7382925423e-05
-0.000321334878161,-0.000211970267689,0.000109364610472
-0.000206098704333,-0.000152155536563,5.39431677699e-05
-0.000241932522492,-0.000163481292816,7.84512296763e-05
-0.000279717396917,-0.000274478367596,5.23902932102e-06
-6.089259879e-05,-0.000148417278184,-8.75246793937e-05
-0.000315539917638,-0.000227191387293,8.83485303454e-05
-0.000306760654271,-0.000282210715843,2.45499384279e-05
-0.000402267603203,-0.000323670858239,7.85967449645e-05
-0.000376053984616,-0.000256748609114,0.000119305375502
-0.000215899774447,-0.000190702749952,2.51970244948e-05
-3.9522612519e-05,-4.67332573682e-05,-7.21064484913e-06
-0.00034252770764,-0.000317377096206,2.51506114336e-05
-0.000141081977694,-0.000101379639995,3.97023376993e-05
-0.00010129719915,-0.00017176484698,-7.04676478301e-05
-0.000222730907259,-0.000225432453531,-2.70154627117e-06
-0.000156917823565,-9.86675689437e-05,5.82502546213e-05
-0.000331425014389,-0.000309650511518,2.17745028711e-05
-0.000132234226532,-0.000152128712415,-1.98944858829e-05
-0.000287246440939,-0.000146237538609,0.00014100890233
-0.000200919360288,-0.000112056500703,8.88628595847e-05
-0.000281827673183,-0.000245779203164,3.60484700193e-05
-0.000173142370602,-0.000171830434977,1.31193562574e-06
-0.000216050155533,-0.000220592931513,-4.54277598077e-06
-0.000180481994216,-0.000189385019318,-8.90302510198e-06
-0.000204825819213,-0.00013607178883,6.87540303835e-05
-0.000271419623323,-0.000249978562261,2.14410610623e-05
-0.000341316986282,-0.000239108092808,0.000102208893474
-0.00015987338858,-0.000169892380812,-1.0018992232e-05
-0.000292576773014,-0.000280643587396,1.19331856178e-05
-0.000359100309676,-0.000276194971843,8.29053378335e-05
-0.000129684030606,-0.000171642459751,-4.19584291454e-05
-0.000253630886021,-0.00021674709052,3.68837955006e-05
-0.000107995241213,-0.000148438392796,-4.04431515826e-05
-0.000206661910129,-0.000184077704087,2.25842060422e-05
-0.000172970436679,-0.000172296899577,6.73537102479e-07
-0.00014969514216,-8.34516233253e-05,6.62435188345e-05
-0.00029750854474,-0.000287818885339,9.68965940121e-06
-0.000178058466876,-0.000149650689466,2.84077774098e-05
-0.000319191441538,-0.000242615955014,7.65754865237e-05
-0.000254789584507,-0.000191168187529,6.36213969778e-05
-0.000175468314224,-0.000196592235119,-2.11239208948e-05
-0.000379466171265,-0.000412670178892,-3.32040076265e-05
-0.000152626853699,-0.000176331733455,-2.37048797556e-05
-0.000286795840924,-0.000254621028975,3.21748119486e-05
-0.000258749589182,-0.000240947764853,1.78018243287e-05
-0.000203119792172,-0.0001821169771,2.10028150716e-05
-0.000201069010675,-0.000183326635063,1.77423756126e-05
-0.000130549162401,-9.5138257234e-05,3.54109051671e-05
-0.000346825075882,-0.000288225128461,5.85999474208e-05
-0.000230487516766,-0.000155776693673,7.47108230937e-05
-0.000108943342898,-0.000115142079792,-6.19873689391e-06
-0.000304828219523,-0.000247045265651,5.77829538723e-05
-0.000276225159867,-0.000213361248962,6.28639109055e-05
-0.000241735068477,-0.000225722112891,1.60129555864e-05
-0.000286139647779,-0.000206575095535,7.95645522444e-05
-3.51280953651e-05,-0.000101775515545,-6.66474201796e-05
-0.000291083760266,-0.00017918862753,0.000111895132736
-0.000159012702585,-0.00011733763542,4.16750671648e-05
-0.000187524804309,-0.000154562415691,3.29623886183e-05
-0.000199731423839,-0.000195841009717,3.89041412235e-06
-0.000215465320388,-0.000153557725856,6.19075945323e-05
-0.000147388937959,-0.000104493613272,4.2895324687e-05
-0.000248997998433,-0.000183719763781,6.52782346516e-05
5.86536674224e-05,3.71224473553e-05,-2.1531220067e-05
-0.000286025704,-0.000244488571797,4.15371322026e-05
-0.000265305645987,-0.000210293961317,5.50116846701e-05
-0.000327861099487,-0.000197810316357,0.000130050783131
-0.000144521801647,-9.13383135493e-05,5.31834880974e-05
-0.000334224931209,-0.000341209972419,-6.98504120924e-06
-0.000188229799459,-0.000187213728919,1.01607054051e-06
-6.91782487761e-05,-3.21937173751e-05,3.6984531401e-05
-0.000262955676989,-0.000208412086208,5.45435907808e-05
-0.000368335617597,-0.000303813723191,6.45218944063e-05
-0.00024786715746,-0.000154106350301,9.37608071589e-05
-0.000345792470833,-0.000361169671709,-1.53772008765e-05
-0.00039311167643,-0.000277769073363,0.000115342603067
-0.000329180626342,-0.00029255916303,3.66214633114e-05
-0.000251775325455,-0.000222060566051,2.9714759404e-05
-0.000145903205193,-8.67911033828e-05,5.91121018098e-05
-0.000246441550918,-0.000192219030788,5.42225201299e-05
-0.000218838003165,-0.00014941870929,6.94192938754e-05
-4.27420270939e-05,-0.000129000351862,-8.62583247681e-05
-0.000277417668424,-0.000190149519512,8.72681489123e-05
-4.80128348554e-05,-8.04131804936e-05,-3.24003456382e-05
9.76146769806e-06,-2.94070501014e-05,-3.91685177995e-05
-0.000369765259548,-0.000284842619901,8.49226396476e-05
-0.000116104952106,-0.000100413006357,1.56919457486e-05
-0.000237313870372,-0.000159571703043,7.77421673291e-05
-0.000249678856727,-0.000227678765796,2.20000909315e-05
-0.00032638606813,-0.00032834366598,-1.95759785049e-06
-0.000186332248204,-8.9516624591e-05,9.68156236126e-05
-0.00010680204094,-9.40554434168e-05,1.27465975228e-05
-0.000332538355806,-0.000280000848939,5.2537506867e-05
-0.000285139493281,-0.000201348632267,8.37908610132e-05
-0.000321907168835,-0.000284125223415,3.77819454201e-05
-0.000166424467328,-0.000212388082579,-4.59636152509e-05
-0.000136288599913,-0.000174099093722,-3.78104938091e-05
-0.000260371887126,-0.000254240999979,6.13088714707e-06
-0.000115733038131,-0.000167894456006,-5.21614178745e-05
-0.000222492786271,-0.000180388453393,4.21043328775e-05
-0.00016923037416,-0.000134544480985,3.46858931749e-05
-0.000208626599919,-0.000191145436074,1.7481163845e-05
-0.000265328163341,-0.000225683764003,3.96443993382e-05
-0.000236188450143,-0.000252369001193,-1.61805510499e-05
-0.0002394470258,-0.000247342216087,-7.89519028635e-06
-0.00026684045038,-0.000196955593234,6.98848571454e-05
-0.000185894963121,-0.000138762272455,4.71326906664e-05
-0.00022353670725,-0.000179264667239,4.42720400116e-05
-0.000422910737202,-0.000284824337152,0.00013808640005
-0.00026854532421,-0.000197011706455,7.15336177548e-05
-0.000255994526612,-0.000284921782106,-2.89272554938e-05
-0.000201952303001,-0.000163950902247,3.80014007539e-05
-6.63449876705e-05,-0.000130969065637,-6.46240779666e-05
-0.000163146489141,-0.000163237039325,-9.05501836654e-08
-0.000244355625452,-0.000119661998981,0.00012469362647
-0.000143090975467,-0.000140766001224,2.32497424296e-06
-0.000132626589495,-0.000165492419792,-3.28658302968e-05
-0.000258581809722,-0.00015008310158,0.000108498708141
-0.000272998989018,-0.000159410270855,0.000113588718163
-0.000346661347767,-0.000267768258252,7.88930895157e-05
-8.68508996258e-05,-7.12762710299e-05,1.55746285959e-05
-0.000231036363653,-0.000167728946863,6.33074167902e-05
-0.000272069764494,-0.000243813368861,2.82563956326e-05
-0.000238100687816,-0.000269108214085,-3.10075262691e-05
-0.00029868422544,-0.000273402734697,2.52814907438e-05
-0.000382665038108,-0.000299853128491,8.28119096164e-05
-0.000322742031717,-0.000286655114847,3.60869168704e-05
-7.80411825605e-05,-0.000139098451586,-6.10572690254e-05
-0.000143204669395,-0.000104743675358,3.84609940364e-05
-0.000225645679043,-0.000154492822113,7.11528569297e-05
-0.00014714681901,-0.00021684305293,-6.96962339199e-05
-0.00042176990748,-0.000285220748315,0.000136549159165
-0.000323560531205,-0.000264357898689,5.9202632516e-05
-3.94736386929e-05,-0.000116432838936,-7.69592002429e-05
-0.000264212232213,-0.000155921086765,0.000108291145447
-0.00026138215814,-0.000257526996671,3.85516146891e-06
-0.000305850100749,-0.000236499698276,6.93504024722e-05
-0.000107979217557,-0.000109658022971,-1.67880541427e-06
-3.54227113105e-05,-3.10408624456e-05,4.38184886493e-06
-0.000196337685634,-0.000211883244524,-1.55455588905e-05
-0.000269414951383,-0.000273550553899,-4.13560251602e-06
-0.000240327253539,-0.000211199561877,2.91276916618e-05
-0.000226366089237,-0.00019283135956,3.35347296773e-05
-0.000156543521871,-0.000173326197469,-1.67826755986e-05
-0.000397227170571,-0.000340277403994,5.69497665763e-05
-0.00012849828664,-0.000118111458702,1.03868279378e-05
-0.0002637206476,-0.000221987213858,4.17334337426e-05
-1.8913142592e-05,-2.06881450391e-05,-1.77500244712e-06
-0.00017983244775,-0.000170340955389,9.49149236097e-06
-0.000280039213143,-0.000165182065024,0.000114857148119
-0.0002504743921,-0.000240695170334,9.77922176561e-06
-0.000186738323186,-0.000171366482019,1.53718411662e-05
-0.000167943945754,-0.000139363537266,2.85804084878e-05
-0.000245668143472,-0.000223425283946,2.22428595263e-05
-0.000312624143944,-0.000256559750941,5.60643930028e-05
-0.000280667702715,-0.000195821203614,8.48464991008e-05
-0.00028369518041,-0.000282215961961,1.4792184487e-06
-0.000108599397188,-0.000142167805236,-3.3568408048e-05
-0.000269417717921,-0.000203132488743,6.62852291777e-05
-8.88139762756e-05,-0.000161688836687,-7.28748604114e-05
-0.000251331074332,-0.000118776349703,0.000132554724629
-0.000210810733423,-0.000188921779135,2.18889542873e-05
-0.000273970014828,-0.000275940435137,-1.97042030959e-06
-0.000297442186562,-0.000214672379711,8.27698068509e-05
-0.00015738227105,-0.000206681936559,-4.92996655098e-05
-0.000301807454708,-0.000232297560654,6.95098940546e-05
-0.000218712157288,-0.000209439240203,9.27291708436e-06
-3.80024393975e-05,-8.84480706052e-05,-5.04456312076e-05
-0.00027936725427,-0.000276895260617,2.47199365274e-06
-0.000179736774939,-0.000128679340069,5.10574348702e-05
-0.000278774650802,-0.000153996547785,0.000124778103017
-0.000232601001737,-0.000257922953052,-2.53219513152e-05
-9.93376145828e-05,-0.000143769593858,-4.44319792753e-05
-0.000219737968636,-0.000179382681561,4.03552870749e-05
-0.000192051959397,-0.000176053397926,1.59985614706e-05
-0.000182337640936,-0.000128892377821,5.34452631157e-05
-0.000251282885888,-0.000137107698931,0.000114175186957
-0.000282569978552,-0.000210667063844,7.19029147083e-05
-0.000227802351434,-0.000233188604475,-5.38625304125e-06
-0.000313407437353,-0.000285663756215,2.77436811385e-05
-2.97199984282e-05,-5.76417085065e-05,-2.79217100784e-05
-0.000295353238881,-0.000189318165003,0.000106035073878
-5.52747254108e-05,-0.000109480212785,-5.42054873745e-05
-0.000171342090248,-0.000212942405961,-4.16003157137e-05
-9.31472970355e-05,-0.000132635536362,-3.9488239326e-05
-0.000191777677513,-0.000247418238809,-5.56405612966e-05
-0.000210851738922,-0.00021581064895,-4.95891002778e-06
-0.000224026703628,-0.000182374673969,4.16520296588e-05
-0.000153564052645,-0.000182223223131,-2.86591704859e-05
-0.000201694262216,-0.00018314142216,1.85528400562e-05
-7.79768788647e-05,-0.000122151006782,-4.41741279171e-05
-0.000205963893909,-0.000208775230895,-2.81133698559e-06
-0.000301162745006,-0.000204140676204,9.70220688021e-05
-0.00010216774284,-8.6553250747e-05,1.56144920932e-05
-9.9518124298e-05,-8.97140970674e-05,9.80402723059e-06
-0.000150326461996,-0.000139561746921,1.07647150746e-05
-0.000285032648096,-0.000262729558816,2.23030892798e-05
-0.000184839094728,-0.000241191813404,-5.63527186765e-05
-0.000253012194529,-0.000201046808092,5.19653864368e-05
-0.000347521740757,-0.000299411901875,4.8109838882e-05
-0.000137889650351,-0.000120855096544,1.70345538074e-05
-0.00019690711111,-0.000200480283452,-3.57317234117e-06
-0.000217291102874,-0.00023417697695,-1.68858740763e-05
1.02335519611e-05,-7.93008244569e-05,-8.9534376418e-05
-0.00018790734738,-0.000161357030518,2.65503168616e-05
-0.000158004559313,-0.000166987279697,-8.98272038486e-06
-0.000310863059487,-0.000242616677069,6.82463824175e-05
-0.000298616842635,-0.000205470328036,9.31465145992e-05
-0.000330879398306,-0.000287047332408,4.38320658978e-05
-0.00028194249689,-0.00021770041917,6.42420777199e-05
-0.000428313742006,-0.000343900739157,8.44130028486e-05
-0.00017222706283,-0.000123586036432,4.86410263974e-05
-5.45838174661e-05,-7.32371948023e-05,-1.86533773362e-05
-0.000261170012593,-0.000284116870335,-2.29468577421e-05
-0.000215915832731,-0.000272050930337,-5.61350976058e-05
-0.000243593529499,-0.000212325358226,3.12681712723e-05
-0.000307619951925,-0.000293420781539,1.41991703862e-05
-6.42304347725e-05,-8.36992549789e-06,5.58605092746e-05
-0.000174012171925,-0.000183448195074,-9.43602314952e-06
-0.000269407674477,-0.000249442031975,1.99656425024e-05
-0.000159044316445,-8.25454538271e-05,7.64988626182e-05
-0.000207298991649,-0.000179702177733,2.75968139159e-05
-0.000214495718874,-0.000231166132788,-1.66704139142e-05
-0.000129614307926,-0.000181696483626,-5.20821756994e-05
-0.00018453944011,-0.000151053392114,3.3486047996e-05
-0.000241546319552,-0.000246470250123,-4.92393057153e-06
-0.000195576489195,-0.000156008360272,3.95681289225e-05
-0.0001999408583,-0.000272954653281,-7.30137949805e-05
-0.000245681059507,-0.000188754331445,5.69267280618e-05
-0.000223799796758,-0.000135611793449,8.81880033092e-05
-3.84089484943e-05,-3.98786439952e-05,-1.46969550086e-06
-0.000230357690914,-0.000189504922195,4.08527687189e-05
-0.00010243885621,-0.000178107684494,-7.56688282839e-05
-0.000333413206787,-0.000200999299113,0.000132413907674
4.76541051786e-05,-2.1887363681e-05,-6.95414688597e-05
-0.000165146544659,-0.000163860125086,1.28641957294e-06
-0.000259771268687,-0.0001937664542,6.60048144872e-05
-0.000177013627506,-0.000108810338967,6.82032885394e-05
-0.000225473627079,-0.000254729220947,-2.92555938683e-05
-0.000138040570668,-0.000172441334062,-3.44007633939e-05
-0.000187761346348,-0.000117354180626,7.04071657221e-05
-0.000283580470893,-0.000175506982827,0.000108073488065
-0.000251258817481,-0.000208167566611,4.30912508695e-05
-0.000124390994185,-0.000103917124907,2.04738692777e-05
-0.000291101511831,-0.000278319134678,1.27823771533e-05
-0.000303027168155,-0.000308897008163,-5.8698400088e-06
-0.000273459726881,-0.000247709456883,2.57502699982e-05
-0.000133096784009,-9.17894114538e-05,4.1307372555e-05
-0.000153746724541,-0.000210085134721,-5.63384101794e-05
-0.000239850374949,-0.000239872149697,-2.17747478609e-08
-0.000118150921789,-0.000140796757048,-2.26458352591e-05
-0.000182611939846,-0.000172264506919,1.03474329268e-05
-0.000173620890871,-0.000163753848032,9.86704283926e-06
-0.000207512167885,-0.000161787458174,4.57247097114e-05
-0.000402211047378,-0.000356718588172,4.54924592065e-05
-0.000183134794667,-0.000163243999755,1.98907949116e-05
-0.000157268166368,-0.000168660470585,-1.13923042175e-05
-0.000253660308229,-0.000227288493276,2.63718149534e-05
-9.84185041554e-05,-0.000149359650474,-5.09411463185e-05
-0.000198102641432,-0.000154244798241,4.38578431914e-05
-0.00020851818522,-0.000210919404712,-2.40121949141e-06
-0.00012316929354,-0.000195461622357,-7.22923288175e-05
-0.000144457184096,-0.000182901119331,-3.84439352348e-05
-0.000186224764482,-0.000147420168202,3.88045962795e-05
-0.000219294825995,-0.000186999880369,3.22949456262e-05
-0.000175090072716,-0.000206595501715,-3.15054289983e-05
-0.000258902801224,-0.000234472971199,2.44298300251e-05
-0.000272736822145,-0.000204877410091,6.78594120538e-05
-0.000143446955724,-0.000101879571711,4.15673840128e-05
-0.000221512571839,-0.000162442156731,5.90704151079e-05
-0.000328871498762,-0.000207584288057,0.000121287210706
-0.000231070792823,-0.000177688294903,5.33824979197e-05
-0.000162609316243,-0.000120529213724,4.20801025194e-05
-0.000195599698497,-0.000187307237754,8.29246074257e-06
-0.000385755210514,-0.000352716289564,3.30389209493e-05
-0.000203217102711,-0.000163423427371,3.97936753396e-05
-9.86663158934e-05,-0.00011847566963,-1.98093537364e-05
-0.000160791378383,-0.000171918822125,-1.1127443742e-05
-0.000257776484552,-0.000246762590465,1.10138940869e-05
-0.00016193943376,-0.000139328074131,2.2611359629e-05
-0.000128409923286,-7.69398421573e-05,5.14700811286e-05
-0.000188802016903,-0.000211871746379,-2.30697294768e-05
-0.000170011214525,-0.000214534558734,-4.45233442088e-05
-0.000151404808598,-9.98702865553e-05,5.15345220425e-05
7.72031209988e-05,-1.65636735609e-05,-9.37667945598e-05
-0.000172267441693,-0.000165062661122,7.20478057101e-06
-0.000159198211517,-0.000176950082614,-1.77518710971e-05
-0.000230046051313,-0.000149369365335,8.06766859788e-05
-0.000263493145967,-0.000220308433421,4.31847125457e-05
-0.000129679474081,-0.000125532502758,4.14697132294e-06
-0.000396169175511,-0.000334864845037,6.13043304742e-05
-0.000356210232219,-0.000306469526587,4.97407056314e-05
-0.000311225679176,-0.000254167811722,5.70578674546e-05
-0.000226392662257,-0.000217995867397,8.3967948602e-06
-0.000133838709728,-0.000167799098867,-3.39603891393e-05
-0.000199079898252,-0.000172384541365,2.66953568873e-05
-6.63740078774e-05,-2.04663778522e-05,4.59076300252e-05
-0.00016352060913,-8.92766065372e-05,7.42440025926e-05
-0.000424506586569,-0.00039098759121,3.35189953587e-05
-0.000313030884679,-0.000269266846739,4.37640379402e-05
-0.000230386101532,-0.000183556138021,4.6829963511e-05
-0.000250089789827,-0.000283716191337,-3.36264015107e-05
-0.00019022979699,-0.000158282953074,3.19468439158e-05
-0.00016797593174,-0.000156429548468,1.15463832714e-05
-0.000285761975387,-0.000292643205242,-6.88122985534e-06
-0.000269628484308,-0.000239544386558,3.00840977498e-05
-0.000375595858843,-0.000384770159624,-9.17430078098e-06
-0.000292811719001,-0.000260958513123,3.18532058773e-05
-0.000281560391662,-0.000221675569413,5.98848222491e-05
-8.29029587423e-05,-9.04060154739e-05,-7.5030567316e-06
-0.000200156407282,-0.000137642985611,6.25134216716e-05
-9.39680487437e-05,-8.87519150851e-05,5.21613365855e-06
-0.000304283682805,-0.000254766794756,4.95168880494e-05
-0.000311462018846,-0.000257370752261,5.40912665847e-05
-0.000147659388762,-0.000126194663691,2.14647250708e-05
-0.000172754919041,-0.0001488228677,2.39320513407e-05
-0.000239637260635,-0.000192553765177,4.70834954581e-05
-0.000251734596742,-0.000250381471264,1.35312547852e-06
-0.000218796583949,-0.000164378139385,5.4418444564e-05
-0.000112031185463,-7.78440014544e-05,3.41871840082e-05
-0.00026261218899,-0.000248756494937,1.38556940526e-05
-0.000178729656393,-0.000150314998369,2.8414658024e-05
-0.000235997464065,-0.000199350421862,3.66470422037e-05
-0.000381336415187,-0.000274912272287,0.0001064241429
-0.000179766906432,-8.78072449591e-05,9.19596614727e-05
-9.78130655966e-05,-7.87113945735e-05,1.91016710231e-05
-0.00029699082944,-0.000204524747411,9.24660820286e-05
-0.000259872056856,-0.000206716921825,5.31551350303e-05
-0.000187747751612,-0.000173250512622,1.44972389898e-05
-0.000236574576263,-0.000143657228544,9.2917347719e-05
-0.000173868645867,-0.00019996461099,-2.60959651225e-05
-0.000244893215521,-0.000218578355233,2.63148602874e-05
-0.000336977307652,-0.00024082147099,9.61558366612e-05
-0.0001758232014,-0.000151501360409,2.43218409917e-05
-0.000291134558553,-0.000307494535319,-1.63599767654e-05
-0.000296150532813,-0.000185151801496,0.000110998731317
-0.000173476061281,-0.000127453717265,4.60223440155e-05
-0.000131598208278,-0.000110024462533,2.15737457453e-05
-0.000225500203592,-0.000242684170339,-1.71839667472e-05
-0.000362904738408,-0.000259218936844,0.000103685801564
-0.000207550743826,-0.000233104148799,-2.5553404973e-05
-0.000103583763626,-0.000115951497408,-1.23677337821e-05
-0.00027552158679,-0.000245496964156,3.00246226335e-05
-0.00013564333047,-8.7603603381e-05,4.8039727089e-05
-0.000139982753444,-7.11972488e-05,6.87855046439e-05
-0.000321215437941,-0.000285774863013,3.54405749282e-05
-0.000255166902131,-0.000185654595134,6.95123069972e-05
-0.000248406896968,-0.000202572950452,4.58339465159e-05
-0.000307877957179,-0.000198764528213,0.000109113428966
-0.000330037545632,-0.000308119655987,2.19178896456e-05
-0.000168614622557,-0.000102279998666,6.63346238915e-05
-0.000399248555263,-0.000258642652881,0.000140605902382
-0.000182713544862,-9.15219738007e-05,9.11915710612e-05
-0.000175327069967,-0.000164200635051,1.11264349164e-05
-0.000208532168106,-0.00022417929858,-1.5647130474e-05
-0.000350896647103,-0.00032395450926,2.69421378436e-05
-0.000169969033701,-0.000138018215669,3.19508180318e-05
-0.000304005796858,-0.000260872051204,4.31337456547e-05
-0.000186520155234,-0.000210292781093,-2.37726258589e-05
-0.000135853440189,-0.000152613770378,-1.67603301894e-05
-0.000122624655514,-0.000113791155271,8.83350024357e-06
4.87492993733e-05,-3.51650447587e-06,-5.22658038492e-05
-5.94753879679e-05,-0.00010563168115,-4.61562931823e-05
-0.000199700021955,-0.000181580351726,1.81196702287e-05
-0.000133140912892,-9.98696210604e-05,3.32712918318e-05
-0.000321318914649,-0.000248179241958,7.31396726909e-05
-0.000149416833806,-0.000185868680968,-3.64518471625e-05
-0.00032493633026,-0.000215339566265,0.000109596763995
-0.000102928543894,-0.000128187301898,-2.52587580037e-05
-0.000218185977116,-0.000261456759901,-4.32707827848e-05
-0.000217575432818,-0.000240738045972,-2.31626131538e-05
-0.000223372182793,-0.000133696690915,8.96754918776e-05
-0.000283584035762,-0.000180459790978,0.000103124244784
-0.000310996039324,-0.000262347704907,4.86483344173e-05
-0.000231840967777,-0.000188889941687,4.29510260908e-05
-0.000210332582824,-0.000187326510016,2.30060728075e-05
-9.8717530382e-05,-0.000124176338627,-2.54588082453e-05
-0.000126428522107,-0.000114805367334,1.16231547734e-05
-0.000195399207491,-0.000162001668385,3.33975391064e-05
-0.000146598581239,-0.000131701170105,1.48974111336e-05
-0.000142274863523,-0.000190854393394,-4.85795298717e-05
-5.74679225584e-05,-6.76563472684e-05,-1.018842471e-05
-0.000163712473768,-0.000125585617927,3.81268558417e-05
-0.000229813682164,-0.000206052893767,2.37607883973e-05
-0.000310809881167,-0.000195138200909,0.000115671680258
-0.00018289271847,-0.000181101426846,1.79129162361e-06
-0.000211236783358,-0.000118158421407,9.30783619513e-05
-0.000283526540193,-0.000106105501492,0.000177421038701
-0.000185649437902,-0.000162390763797,2.32586741053e-05
-0.000194878738468,-0.000120164181192,7.4714557276e-05
-0.000353904134838,-0.000242757793203,0.000111146341636
-0.000137450145241,-0.000169262382057,-3.18122368163e-05
-0.00012068722408,-0.000100501275815,2.01859482644e-05
-0.000239324237505,-0.000223556683797,1.57675537084e-05
1.79775378274e-06,-3.37265382713e-05,-3.5524292054e-05
-0.000343254061614,-0.000254980684788,8.82733768262e-05
-0.000490224794586,-0.00044907665758,4.11481370053e-05
-0.00040493063771,-0.000270136100805,0.000134794536905
-0.000245108340428,-0.00020295100847,4.21573319574e-05
-0.000130502991017,-0.00014636370799,-1.58607169735e-05
-0.000160567191117,-9.99780422231e-05,6.05891488943e-05
-0.000221201724141,-0.000149354487929,7.1847236212e-05
-0.000159711809567,-0.000119563749593,4.0148059974e-05
-0.000330853295964,-0.000229532916619,0.000101320379345
-0.00020205801765,-0.000170805728322,3.1252289328e-05
-0.000214947113218,-0.000199075754182,1.58713590362e-05
-3.40532964439e-05,-2.57822426282e-05,8.27105381564e-06
-0.000145429309832,-0.000213849470068,-6.84201602355e-05
-0.000242095794094,-0.00020325004435,3.88457497441e-05
-0.000195980302326,-9.44023490406e-05,0.000101577953286
-8.62204105026e-05,-7.17939807156e-05,1.4426429787e-05
-0.000269698794746,-0.000238100741887,3.1598052859e-05
-0.000326245138332,-0.000228278730459,9.79664078735e-05
-0.000414889843902,-0.000297012991474,0.000117876852428
-8.91952686806e-05,6.26248776614e-06,9.54577564468e-05
-0.00020858820862,-0.000237936321239,-2.93481126192e-05
7.21819724819e-06,-2.8843742182e-06,-1.01025714664e-05
1.61211104468e-05,-8.03534694314e-05,-9.64745798782e-05
-0.000344678678719,-0.000247723229713,9.69554490059e-05
-0.000222670675325,-0.000119823814702,0.000102846860623
-0.00014106569067,-0.000166409694546,-2.53440038765e-05
-0.000334324411191,-0.000251840268708,8.24841424827e-05
-0.000304432218118,-0.000218585895425,8.58463226928e-05
-0.000239381937485,-0.000190470519647,4.89114178374e-05
-0.000202025896369,-0.000156957260721,4.50686356475e-05
-0.000197835459354,-0.000276990532359,-7.91550730051e-05
-0.000253542302339,-0.000149597075062,0.000103945227278
-0.000246473928139,-0.000211130246144,3.53436819949e-05
-0.000186442057159,-0.000108657840984,7.77842161757e-05
-0.000335137531869,-0.000356511379812,-2.13738479425e-05
-0.000242815843472,-0.000185038150408,5.77776930636e-05
-0.000177702874519,-0.000154709687709,2.29931868108e-05
-0.000133581707973,-0.000149615342744,-1.60336347709e-05
-0.000214043283099,-0.000162980925234,5.10623578642e-05
-0.000324263738758,-0.000284467466808,3.979627195e-05
-0.00016653517101,-0.000157971090312,8.56408069725e-06
-0.000170171313871,-0.000163910936885,6.26037698636e-06
-0.000181641594068,-0.000218465496272,-3.68239022047e-05
-0.000374204865023,-0.000288838333705,8.53665313182e-05
-7.82131900828e-05,-8.77499593089e-05,-9.53676922615e-06
-0.000303184490279,-0.000210047896871,9.31365934077e-05
-0.000141387463861,-0.000177480772262,-3.60933084013e-05
-0.000252871563317,-0.00021895374262,3.39178206976e-05
-0.000169885834648,-0.000128932194878,4.09536397703e-05
-0.000230806540447,-0.000202198534157,2.86080062907e-05
-0.000229061171308,-0.000183496792729,4.55643785788e-05
-0.000226388718384,-0.000178355584003,4.80331343813e-05
-0.000187410691446,-0.000200453948145,-1.30432566988e-05
-1.25213642683e-05,-4.17080809808e-05,-2.91867167126e-05
-0.000266178046678,-0.00024916284557,1.70152011078e-05
-0.000160751410817,-0.000215232154592,-5.4480743776e-05
-0.000276713625594,-0.000227124684825,4.95889407697e-05
-9.66042126892e-05,-0.000109226657221,-1.26224445313e-05
-0.00021175999454,-0.000180101051833,3.16589427069e-05
-0.000279667795695,-0.00024891660308,3.0751192615e-05
-0.000341530624427,-0.000257027588183,8.45030362443e-05
-0.000232194568726,-0.000172510057179,5.96845115466e-05
-0.00047150416697,-0.000403686239859,6.78179271108e-05
-0.000287388130453,-0.000295092955592,-7.70482513944e-06
-0.000207324873096,-0.000220478176982,-1.31533038867e-05
-0.000194198673495,-0.000127017447344,6.71812261512e-05
-0.000292828214279,-0.00030172690081,-8.89868653072e-06
-0.00026614719673,-0.000250438819073,1.57083776576e-05
-5.98293719583e-05,-5.96707194796e-05,1.58652478642e-07
-0.000253848942131,-0.00014351601411,0.00011033292802
-0.000217805409107,-0.000133418196338,8.43872127697e-05
-0.000224202980719,-0.000195289604256,2.8913376463e-05
-0.000137838983583,-0.00010225569649,3.55832870939e-05
-0.000122480638041,-0.000130606737821,-8.12609978039e-06
-0.000173985429084,-0.000145244010262,2.87414188219e-05
-0.000200911693333,-0.000166861966366,3.40497269671e-05
-0.000318261258088,-0.000184124196246,0.000134137061842
-0.00031404206236,-0.000253801975197,6.02400871636e-05
-0.000296774970995,-0.000202358488506,9.44164824894e-05
-0.000216804139066,-0.000216546495836,2.57643230359e-07
-0.000153291013232,-0.00015903991424,-5.74890100803e-06
-0.000106203642895,-7.5612380519e-05,3.05912623764e-05
-0.000205011353227,-0.000211459483109,-6.44812988233e-06
-0.000265136642575,-0.000255276960488,9.85968208723e-06
-1.39493261833e-05,-6.78840877111e-05,-5.39347615279e-05
-0.000213336262022,-0.000153763154022,5.95731080006e-05
-0.000235353404486,-0.000166532078875,6.88213256106e-05
-0.000226817801633,-0.000199695165341,2.71226362916e-05
-0.000140712780667,-0.000142614891318,-1.9021106512e-06
-0.000297555737024,-0.000253731194478,4.3824542546e-05
-0.000235143446832,-0.000199870150222,3.52732966102e-05
-0.000282931980231,-0.000194948620938,8.79833592932e-05
-0.000136830237475,-0.000204964705136,-6.81344676605e-05
-8.13595109797e-05,-7.73451870577e-05,4.01432392202e-06
-0.000305297331774,-0.000308344325977,-3.0469942029e-06
-7.05961234254e-05,-1.0093205453e-05,6.05029179724e-05
-0.000205075745833,-0.000193301953029,1.1773792804e-05
-1.67996790613e-05,-6.20945569963e-05,-4.5294877935e-05
-0.000282027486236,-0.000249342278983,3.26852072529e-05
-0.000370609309595,-0.000215367604492,0.000155241705104
-0.000366918288648,-0.000358014239926,8.90404872223e-06
-0.000249344911421,-0.000174937520392,7.44073910292e-05
-9.12098933753e-05,-8.86355406353e-05,2.57435273995e-06
-0.000264520983497,-0.000290250082723,-2.57290992252e-05
-0.000307967780692,-0.000254148911265,5.38188694261e-05
-0.000229239747417,-0.000234430140163,-5.19039274598e-06
-0.000161396579652,-0.000192624623477,-3.12280438253e-05
-0.000125552985814,-0.000163826943141,-3.82739573278e-05
-0.000154704740998,-0.000162310023743,-7.60528274544e-06
-0.000206578314888,-0.000255907396268,-4.93290813804e-05
-0.000308094758296,-0.000274878819825,3.32159384705e-05
-0.000390930415803,-0.00032320596228,6.77244535228e-05
-0.000272786808395,-0.000227545207551,4.52416008442e-05
-0.00013293433042,-0.000148812871555,-1.58785411358e-05
-4.75608187208e-05,-0.000100869614528,-5.33087958071e-05
-0.000233765846314,-0.000175725971858,5.80398744561e-05
-0.000304888378379,-0.000264172579948,4.07157984307e-05
-0.000265988914465,-0.000130766914931,0.000135221999534
-0.000217518368345,-0.000209268200739,8.25016760535e-06
-0.000266381323348,-0.000227334156937,3.90471664104e-05
-0.000296430805573,-0.000263868704722,3.25621008504e-05
-0.000212916572083,-0.000158253940512,5.46626315711e-05
-0.000253983603571,-0.0002112567825,4.27268210708e-05
-0.000355874332168,-0.00026473452907,9.11398030989e-05
-0.00018094894843,-0.000164383385668,1.65655627618e-05
-0.000250983950154,-0.000178109911288,7.28740388661e-05
-0.000187710103328,-0.000172265975359,1.5444127969e-05
-0.000194041825202,-0.000142509325193,5.15325000091e-05
-0.00029043585396,-0.00025784440377,3.25914501904e-05
-0.000206684720955,-0.000213342841187,-6.65812023204e-06
-6.98308302967e-05,-4.19765467677e-05,2.7854283529e-05
-0.000315136357959,-0.000249849412104,6.52869458548e-05
-0.000125878278689,-6.34866961132e-05,6.23915825756e-05
-0.000140901366075,-0.000114797190898,2.61041751773e-05
-0.000137813725191,-8.27598602771e-05,5.50538649139e-05
-0.000336645702661,-0.000346537832498,-9.89212983752e-06
-0.000306644083903,-0.000293444694615,1.31993892882e-05
-0.000206340937375,-0.000296687743247,-9.03468058715e-05
-0.000340983039739,-0.000279750869026,6.12321707126e-05
-0.000253141622226,-0.000219181520034,3.39601021927e-05
-0.000321493565061,-0.000275241055988,4.62525090737e-05
-0.000101785022166,-0.000111495437389,-9.71041522226e-06
-0.000198172557374,-0.000161189846806,3.69827105676e-05
-0.000264163521029,-0.000257478889684,6.68463134554e-06
-0.000193767770611,-0.000169647919615,2.41198509955e-05
-0.000193897494417,-0.000155787618052,3.81098763653e-05
-0.000310682452642,-0.000259032314599,5.16501380431e-05
-0.000204885870966,-0.000193495536025,1.13903349408e-05
-0.000153860730673,-0.000158448231968,-4.58750129551e-06
-0.000260681639562,-0.00023707728215,2.36043574121e-05
-0.000340144994209,-0.000278111117084,6.20338771245e-05
0.000139500364629,7.34994004413e-05,-6.60009641879e-05
-0.00015003918042,-0.000159133427723,-9.09424730283e-06
-0.000314575312498,-0.000291710841729,2.28644707684e-05
-8.099956038e-05,-7.36792484621e-05,7.3203119179e-06
-0.000234152074412,-0.00019810742363,3.60446507814e-05
-0.000204839037091,-0.000163888249403,4.09507876883e-05
-0.000134645696955,-0.000127041819096,7.60387785856e-06
-0.000235134702096,-0.000193211732614,4.19229694818e-05
-0.000206659119346,-0.000152296277448,5.43628418974e-05
-0.000146727960058,-0.000134451384251,1.22765758074e-05
-0.000236735361184,-0.00022073965631,1.59957048736e-05
-0.000266883145542,-0.000217355950207,4.95271953348e-05
-0.000147098215681,-0.000152744641723,-5.64642604128e-06
-0.000423992274401,-0.000412562479067,1.14297953333e-05
-0.000193522892305,-0.00018304201493,1.04808773753e-05
-0.000316012503951,-0.000285683065368,3.03294385825e-05
-0.000266720200847,-0.000180770369033,8.59498318132e-05
-0.000185472239563,-0.000115992665568,6.94795739948e-05
-0.000174516763288,-0.000183044234617,-8.5274713295e-06
-4.39815927338e-05,-3.68611216918e-05,7.12047104198e-06
-0.000193692080359,-0.000206846478832,-1.31543984731e-05
-0.000325130230675,-0.000274500535774,5.06296949005e-05
-0.000189998948868,-0.000204352656188,-1.435370732e-05
-0.000314314712016,-0.000258272864082,5.60418479339e-05
-0.00013967070214,-0.000168538036141,-2.88673340008e-05
-0.000114925215372,-8.26777628901e-05,3.22474524824e-05
-0.000257248288649,-0.000119394694109,0.00013785359454
-0.00025756650871,-0.000169681267354,8.78852413563e-05
-0.000118568308721,-6.78507340658e-05,5.0717574655e-05
-2.73195022575e-05,-8.54627388839e-05,-5.81432366263e-05
-0.000251953980352,-0.000162342078117,8.96119022357e-05
-0.000201149683614,-0.000193363129551,7.78655406241e-06
-0.000299472454206,-0.000189434248753,0.000110038205453
-0.000245941748502,-0.000238806294421,7.13545408078e-06
-0.000222294473252,-7.44029490945e-05,0.000147891524158
-0.000240192570316,-0.000202981576753,3.72109935636e-05
-0.000117950563866,-0.000100750386981,1.72001768848e-05
-0.00036837930034,-0.000236949121908,0.000131430178433
-0.00039546491817,-0.000344359632779,5.11052853916e-05
-0.000316590862897,-0.000201619545581,0.000114971317316
-0.000156984624423,-9.45302986454e-05,6.24543257773e-05
-9.09622848321e-05,-0.000140975029603,-5.00127447706e-05
-0.000227574936033,-0.000249571498174,-2.19965621411e-05
-0.000138229389016,-0.000135501897514,2.72749150158e-06
-0.000121151038685,-5.81817762346e-05,6.29692624508e-05
-0.000370350809549,-0.000369215720997,1.13508855214e-06
-0.000115857781934,-0.000124966755099,-9.10897316423e-06
-0.000439123914561,-0.000349608167162,8.9515747399e-05
-0.000210274033854,-0.000190709651278,1.95643825757e-05
-0.000307615209664,-0.000247785146038,5.98300636261e-05
-0.000240796824025,-0.0002263610743,1.4435749725e-05
-0.000210051495804,-0.000223872336718,-1.38208409137e-05
-0.000258503099585,-0.000253331627359,5.1714722252e-06
-0.000186414888813,-0.000167887613641,1.85272751716e-05
-0.000339022529797,-0.000280672187003,5.83503427943e-05
-0.000191102463736,-0.000165043121302,2.60593424345e-05
-0.000192486468883,-0.000197500822233,-5.01435334938e-06
-0.00023622417264,-0.000218355515943,1.7868656697e-05
-0.000199742489449,-0.000211596096609,-1.18536071593e-05
-0.000357941880515,-0.000302993815582,5.49480649336e-05
-0.000259281563353,-0.00019611386399,6.31676993633e-05
-0.00014421167013,-0.000167633117412,-2.34214472827e-05
-0.000236541281213,-0.000156746249098,7.97950321153e-05
-0.000177976826051,-0.000195819031792,-1.78422057406e-05
-0.000340746514631,-0.000268101197034,7.26453175974e-05
-0.000430526973227,-0.000352093459562,7.8433513665e-05
-0.000366959949461,-0.000244258195073,0.000122701754388
-0.000182365276783,-0.00019760262873,-1.52373519476e-05
-0.000187177798504,-0.000164356025245,2.28217732592e-05
-0.000319234612954,-0.000238666626066,8.05679868881e-05
-0.000378348739847,-0.000370628423465,7.72031638128e-06
-0.000105134325178,-8.3921840336e-05,2.12124848422e-05
-0.000129123054556,-0.000151676427627,-2.25533730709e-05
-0.000353369347689,-0.000325436479628,2.79328680618e-05
-0.000128373351619,-0.000168891967834,-4.05186162152e-05
-0.000305658462865,-0.000165753381471,0.000139905081394
-0.000227517913274,-0.000284576401762,-5.70584884885e-05
-0.000154319185628,-0.000143976489326,1.03426963019e-05
-0.000215591347271,-0.000129713788829,8.58775584421e-05
-0.000201879662418,-0.000180560475604,2.13191868138e-05
-0.000192292777076,-0.000178262220057,1.40305570194e-05
-0.000222396185281,-0.000108329662784,0.000114066522497
-0.000205514161889,-0.000237033227668,-3.15190657793e-05
-0.000170741017698,-0.000112976681254,5.77643364432e-05
-0.000155040586633,-0.000132855101839,2.2185484794e-05
-0.000220177899556,-0.00023757232545,-1.73944258947e-05
-0.00020298353984,-0.000195972749262,7.01079057742e-06
-0.000133554022175,-8.77994059792e-05,4.57546161956e-05
-0.000146600583929,-0.000152793416435,-6.19283250568e-06
-0.000265747233231,-0.000234317140617,3.14300926138e-05
-0.000244394772069,-0.000183230127794,6.11646442759e-05
-0.000298287679029,-0.000288201528801,1.00861502281e-05
-0.000322366146248,-0.000136841565061,0.000185524581187
-0.000153939166599,-0.00012155557819,3.23835884087e-05
-0.000348879028095,-0.000279456196087,6.94228320081e-05
-0.000160741800188,-0.000187905329091,-2.71635289031e-05
-0.000218679318204,-0.000188552274419,3.01270437849e-05
-0.000120809923347,-0.000117228665113,3.58125823429e-06
-0.000230597443871,-0.000163883809384,6.67136344861e-05
-0.000183974863328,-0.000103675449878,8.02994134498e-05
-0.000208564670183,-0.000169433863797,3.91308063859e-05
-0.000215210467178,-0.000181639373519,3.35710936591e-05
-0.00019903948845,-0.000171722579323,2.73169091271e-05
-0.000165488619565,-0.000139159020363,2.63295992023e-05
-0.000163172922106,-0.000197555978394,-3.43830562885e-05
-0.000190248549941,-0.000259561521834,-6.93129718931e-05
-0.000182610046066,-7.81934850032e-05,0.000104416561062
-0.000186979573787,-0.000146331767956,4.06478058308e-05
-0.000312642244727,-0.000303641032397,9.00121232948e-06
-0.000241452144213,-0.000133134562296,0.000108317581917
-0.000241123618824,-0.000206476951932,3.46466668922e-05
-0.000150109852032,-0.000159623328985,-9.51347695295e-06
-0.000323471721153,-0.000229354004335,9.41177168178e-05
-0.000366416085336,-0.000341276697017,2.51393883185e-05
-0.000288077593288,-0.000179727277432,0.000108350315856
-5.96301586469e-05,-8.427983453e-05,-2.46496758831e-05
-0.000307561224587,-0.000202911352904,0.000104649871683
-0.000232359778402,-0.000168644869875,6.37149085266e-05
-0.000440879100327,-0.00032482541194,0.000116053688387
-0.000320646324447,-0.000257479468377,6.31668560693e-05
-0.000213558487173,-0.000197843144188,1.57153429847e-05
-0.000123225797152,-0.000178505801319,-5.52800041671e-05
-0.00011651470005,-0.000155197279667,-3.8682579617e-05
-0.000102833452482,-0.000178364497648,-7.55310451659e-05
0.000106889473276,2.82005159422e-05,-7.86889573334e-05
-0.00011647147474,-0.000109919043342,6.5524313979e-06
-0.000230615163974,-0.000199538169551,3.10769944235e-05
-0.000194881002503,-9.24121958291e-05,0.000102468806674
-0.000352809611119,-0.000243505011011,0.000109304600108
-0.000278920642197,-0.000182812055223,9.61085869736e-05
-0.000284060564842,-0.000212172526582,7.18880382598e-05
8.99890134424e-06,-1.90695449387e-05,-2.8068446283e-05
-0.000290201151707,-0.000243731875678,4.64692760293e-05
-0.000208482687393,-0.000179714583581,2.87681038122e-05
-0.000120182109684,-0.000120610925407,-4.28815723176e-07
-0.000172045924031,-0.000212145851825,-4.00999277937e-05
-0.000183062352539,-0.000258789911291,-7.57275587517e-05
-0.000172839016498,-0.00013742106829,3.54179482087e-05
-0.000206106668778,-0.000178031399037,2.80752697413e-05
-0.000139434723049,-0.000221086308875,-8.16515858256e-05
-0.000339115603037,-0.000270814127744,6.83014752929e-05
-0.000165247771246,-0.000163338020864,1.90975038182e-06
-0.000254631289002,-0.000253586889983,1.0443990184e-06
-0.00023336291583,-0.000213763019203,1.95998966279e-05
-0.000405664923883,-0.000335122550057,7.05423738261e-05
-0.000307186000416,-0.00026231092424,4.48750761756e-05
-0.00016833354665,-0.000200425659484,-3.20921128335e-05
-0.000184181767427,-0.00015598370638,2.81980610467e-05
-0.00017861863624,-0.000233859551499,-5.52409152592e-05
-0.000178676825563,-0.000173851718343,4.8251072194e-06
-0.000159389663998,-0.000143274192189,1.6115471809e-05
-0.000122175648462,-8.87668301015e-05,3.34088183606e-05
-0.00011856136219,-0.000148483539951,-2.99221777611e-05
-0.000231351791145,-0.000196179622624,3.51721685209e-05
-0.0003181653131,-0.000244957836274,7.32074768256e-05
-0.000134852811267,-0.000164091400106,-2.9238588839e-05
-0.000250802320604,-0.000250859594048,-5.72734446655e-08
-8.88549440101e-05,-0.000139020614983,-5.0165670973e-05
-0.000174900446924,-0.000194337493636,-1.94370467126e-05
-0.00037394055895,-0.000230932196869,0.000143008362081
-0.000268717105314,-0.000252015425993,1.67016793209e-05
-0.000240655860682,-0.000233490323911,7.16553677119e-06
-0.000249004932105,-0.000216438311143,3.25666209613e-05
-0.000223395049307,-0.000157786473291,6.56085760166e-05
-5.62009939332e-05,-5.02097206437e-05,5.99127328944e-06
-0.000221841002558,-0.000198685034646,2.31559679123e-05
-0.000271354041797,-0.000205083601454,6.62704403428e-05
-0.000188849705374,-0.000144590120371,4.42595850023e-05
-0.000136864564551,-8.33214203089e-05,5.35431442417e-05
-0.000291193768299,-0.00017798618439,0.000113207583908
-0.000224200161359,-0.000210730630077,1.34695312818e-05
-0.000143151973111,-8.86686745957e-05,5.44832985154e-05
-0.000273675711095,-0.000197466497265,7.62092138297e-05
-0.000219800493718,-0.000155167496156,6.46329975617e-05
-0.000183777672387,-0.000130185552888,5.35921194985e-05
-0.000189496371649,-0.000203474996311,-1.39786246617e-05
-0.000216282302526,-0.000127477533647,8.88047688784e-05
-0.00018160276976,-0.000136321663236,4.52811065241e-05
-0.000126415847511,-0.000185161086964,-5.87452394527e-05
-0.000151862189078,-0.000137657905612,1.42042834657e-05
-0.000161983635535,-0.000143763700894,1.82199346409e-05
-0.000204021531465,-0.000178776041536,2.52454899292e-05
-0.000276479115043,-0.000258554358546,1.79247564976e-05
-0.000286212224212,-0.000260543115845,2.56691083673e-05
-0.00026224601464,-0.000251339175981,1.09068386582e-05
-0.000172124278352,-0.000205924759426,-3.38004810733e-05
-0.000143731042856,-0.000176835929825,-3.310488697e-05
-0.000498673056048,-0.000407978254333,9.06948017156e-05
-0.000234273632727,-0.00026068301252,-2.64093797934e-05
-0.000315336130942,-0.000250167710671,6.51684202705e-05
-0.000108555050905,-8.9788653844e-05,1.87663970612e-05
-5.4149217082e-05,-3.07870892831e-05,2.33621277989e-05
-0.000191735722504,-0.000163677158365,2.80585641387e-05
-0.000245592668743,-0.000163884141312,8.17085274307e-05
-0.000167065807568,-0.000135603784161,3.14620234072e-05
-0.000141131125028,-0.000119430997648,2.17001273802e-05
-0.000213957257935,-0.000237121638802,-2.31643808667e-05
-0.000362129828244,-0.000294896365799,6.72334624457e-05
-0.000423837436677,-0.000392338772753,3.14986639238e-05
-0.000307318809664,-0.000268566571301,3.87522383627e-05
-0.000169906598267,-0.00022167883491,-5.17722366428e-05
-0.000267620297992,-0.000310986976438,-4.33666784456e-05
-0.000210000924673,-0.000165999376565,4.40015481078e-05
-9.98581417739e-05,-0.00010149793638,-1.63979460586e-06
-0.000253578674429,-0.000224939164258,2.8639510171e-05
-0.000258335136451,-0.000234180253855,2.41548825964e-05
-0.000117939825778,-8.36010979894e-05,3.43387277891e-05
-0.000158531836152,-0.000134434901004,2.40969351485e-05
-0.000164010492803,-0.000145673467856,1.83370249469e-05
-0.000166847480342,-0.000155272234713,1.15752456294e-05
-0.000330031708431,-0.000311003909155,1.90277992757e-05
-0.000283950939141,-0.00030791371867,-2.39627795292e-05
-0.000183698362043,-0.000160113166476,2.35851955675e-05
-0.000407378566803,-0.000328575528785,7.88030380176e-05
-0.000142875292742,-9.5327975945e-05,4.75473167967e-05
-9.79646447139e-05,-0.000145480646366,-4.75160016517e-05
-0.000193084585049,-0.000241349690578,-4.8265105529e-05
-0.000300155742353,-0.000178136836555,0.000122018905798
-0.000274416541033,-0.000209435018277,6.49815227565e-05
-0.000366447164411,-0.000338829952177,2.76172122336e-05
-0.00025383144475,-0.000259669653192,-5.83820844235e-06
-0.000119181219759,-0.000122010928774,-2.829709015e-06
-0.000172636943039,-0.000169925506677,2.71143636221e-06
-0.000437906297042,-0.000351915155505,8.5991141538e-05
-1.43040216676e-05,-1.42937486606e-05,1.02730070166e-08
-0.000190514100503,-0.000157545544421,3.2968556082e-05
-0.000120792601801,-0.000108805784493,1.19868173082e-05
-0.000352468879363,-0.000235635669802,0.000116833209561
-0.000110615665647,-0.000171598807844,-6.09831421968e-05
-0.000173610018578,-0.000113560603719,6.00494148584e-05
-0.000243437435173,-0.000217819244248,2.56181909256e-05
-0.000306865938726,-0.000206616265115,0.000100249673612
-0.00021983951759,-0.000221945655396,-2.10613780631e-06
-0.000120410284781,-0.00011254872419,7.8615605914e-06
-0.000126459316834,-0.000128750237907,-2.2909210727e-06
-0.000191160781038,-0.000170863803785,2.02969772528e-05
-0.000387804925529,-0.000244535393549,0.000143269531979
-0.000381445719218,-0.000260302121716,0.000121143597503
-0.000216669205143,-0.000189340781809,2.73284233344e-05
-0.00033349663854,-0.000250864237979,8.26324005613e-05
-7.94124811684e-05,-0.000164905622122,-8.54931409535e-05
-0.00027459508806,-0.000208080895893,6.65141921664e-05
-9.06534621738e-05,-8.75150764865e-05,3.13838568728e-06
-0.000151113992955,-0.000151455267899,-3.41274944151e-07
-0.0001056391812,-0.00011407780607,-8.43862487017e-06
-0.000174153540561,-0.000147170276966,2.69832635952e-05
-0.000182990526472,-0.000140314170544,4.26763559277e-05
-0.000277819442341,-0.000184573730666,9.32457116747e-05
-0.000102810476424,-0.000134853342154,-3.204286573e-05
-0.000161607193226,-0.000206818724976,-4.52115317498e-05
-0.000307500652554,-0.000226827136394,8.06735161602e-05
-0.000136811807102,-0.000179112195397,-4.23003882949e-05
-9.07323295928e-05,-0.000116705659682,-2.59733300892e-05
-0.00015242491898,-0.000139831184214,1.25937347664e-05
-0.000221773697129,-0.000192025162985,2.97485341442e-05
-0.000321578420797,-0.000311892472463,9.68594833389e-06
-0.000125096454212,-0.000147588935919,-2.24924817071e-05
-0.000185042998809,-0.000139749060484,4.52939383255e-05
-0.000315348710257,-0.000199937995337,0.00011541071492
-0.000465286609009,-0.000354227707947,0.000111058901062
-0.000135904237789,-0.000139596085996,-3.69184820639e-06
-7.41404765739e-05,-0.000150766748517,-7.6626271943e-05
-0.000289310322021,-0.000260230121151,2.90802008707e-05
-0.00020635033028,-0.000191744939968,1.46053903127e-05
-0.000291305570602,-0.000270473381322,2.08321892801e-05
-0.000191141788078,-0.000150657259345,4.04845287323e-05
-0.000156539673995,-9.63619098178e-05,6.01777641773e-05
-0.000187898452143,-0.000180131137741,7.76731440216e-06
-0.000165743742352,-0.000103191561622,6.25521807298e-05
-0.000163231199039,-0.000120229047144,4.30021518952e-05
-0.000470176685074,-0.000367400351854,0.00010277633322
-9.31831395184e-05,-8.56179580469e-05,7.56518147148e-06
-0.000158042200965,-0.000138177304614,1.98648963512e-05
-0.000158866180478,-9.83277046286e-05,6.05384758492e-05
-0.000244860520663,-0.000198520548991,4.6339971672e-05
-0.000165983942561,-0.000194522565387,-2.85386228258e-05
-0.000220072341673,-0.000246878441044,-2.68060993706e-05
-0.000212037867394,-0.000253112459811,-4.10745924174e-05
-0.000247151672483,-0.000283064130746,-3.59124582626e-05
-0.000118688895097,-0.000117384015232,1.30487986511e-06
-0.000277928529869,-0.000279987854293,-2.0593244244e-06
-0.00031381145894,-0.000306432628979,7.37882996136e-06
-0.00021244034972,-0.00020775408942,4.68626029965e-06
-0.000203187490849,-0.000193073661595,1.01138292543e-05
-0.000300216545633,-0.000294616855951,5.59968968157e-06
-0.000215625271299,-0.000221466327116,-5.84105581674e-06
-0.000306896625031,-0.000196462233318,0.000110434391712
-5.6524162615e-05,-8.05195455314e-05,-2.39953829163e-05
-0.000101817456406,-0.000101586772841,2.30683565307e-07
-0.000248432861775,-0.000163950907492,8.44819542835e-05
-0.000119189458719,-0.000113894375205,5.29508351429e-06
-0.000183445091327,-0.000221043461306,-3.75983699795e-05
-0.000146770996908,-0.000222554403657,-7.5783406749e-05
-0.000178985770367,-0.000109703912156,6.92818582115e-05
-0.000171987148065,-0.000164183165069,7.80398299579e-06
-0.000194748954934,-0.000210755986844,-1.60070319108e-05
-0.000114521443121,-0.000112134803466,2.38663965462e-06
-0.000164421031032,-0.000194063192052,-2.96421610203e-05
-0.000199204759946,-0.000205477836589,-6.27307664299e-06
-0.000265718648135,-0.000261810246395,3.9084017396e-06
-1.02596317209e-05,-7.02341562994e-05,-5.99745245785e-05
-0.000218781319163,-0.000122223963259,9.65573559041e-05
-8.72799426507e-05,-0.000127221366265,-3.99414236142e-05
-0.000274479309396,-0.000266155300921,8.32400847448e-06
-0.000211755464914,-0.000179936014785,3.18194501294e-05
-0.000119237601757,-0.000157003966391,-3.77663646337e-05
-0.000318542569783,-0.000319216456379,-6.73886596066e-07
-0.000212385467606,-0.000213008885387,-6.2341778136e-07
-0.000261965415997,-0.000256875115214,5.09030078305e-06
-0.000436856911627,-0.000356814791457,8.00421201705e-05
-0.000161230925873,-0.000219562390198,-5.83314643258e-05
-0.000141569173099,-0.000209345619918,-6.77764468186e-05
-0.000223716415084,-0.000197643131997,2.60732830872e-05
2.53957717705e-05,-5.8788461411e-06,-3.12746179116e-05
-0.000425455018898,-0.000270595936859,0.000154859082039
-0.000381163912365,-0.000346919889255,3.42440231097e-05
-0.000153118334598,-0.000246681216658,-9.35628820598e-05
-0.000280349249734,-0.000318998813096,-3.86495633619e-05
-0.000318015229965,-0.000231938009995,8.60772199695e-05
-0.000294645267992,-0.000260968375479,3.36768925132e-05
-0.000182769109339,-0.000213438761228,-3.06696518881e-05
-0.000481487095137,-0.000287549946769,0.000193937148368
-0.000268082374744,-0.000209984352633,5.80980221116e-05
-0.000183675168624,-0.000185226053658,-1.55088503339e-06
-0.000201538548413,-0.000138334575798,6.3203972615e-05
-0.00030236291886,-0.000193293172528,0.000109069746332
-0.000259532302172,-0.00024018714303,1.93451591413e-05
-0.000189870196073,-0.000165526494743,2.43437013294e-05
-0.000102559616681,-0.000150006770402,-4.74471537212e-05
-0.00036328239196,-0.000280353981713,8.29284102472e-05
-0.000279365836968,-0.000219306003098,6.00598338701e-05
-0.000366104855806,-0.0002548916586,0.000111213197206
-3.9246302954e-05,-6.9442758269e-05,-3.0196455315e-05
-0.000130289495306,-9.81371741385e-05,3.21523211678e-05
-0.000225970521299,-0.00019145080288,3.45197184199e-05
-0.000244375720918,-0.000238475084182,5.9006367356e-06
-9.26694853807e-05,-5.38336303463e-05,3.88358550343e-05
-0.000243181534707,-0.000188569461554,5.46120731535e-05
-3.905734366e-05,-8.81738359306e-05,-4.91164922707e-05
6.02175859312e-07,-5.33782777718e-06,-5.9400036365e-06
-0.000246491555656,-0.000241601063336,4.89049231958e-06
-0.000273787998481,-0.000253629708844,2.0158289637e-05
-0.000104040662432,-0.00014343923004,-3.93985676087e-05
-0.000316893227763,-0.000256594820905,6.02984068579e-05
-0.000205900052603,-0.000171441878012,3.4458174591e-05
-1.52701340779e-05,-4.69597741223e-05,-3.16896400444e-05
-0.000331635020514,-0.000256497309076,7.51377114376e-05
-0.00024976166608,-0.000194604209592,5.5157456487e-05
-0.000169460770129,-0.000161953347812,7.50742231757e-06
-0.000308218374385,-0.000302681830814,5.53654357072e-06
-0.000262781908232,-0.00023121507138,3.15668368525e-05
-0.000326744573159,-0.000320305040996,6.43953216298e-06
-0.000214292622132,-0.000239798713292,-2.55060911602e-05
-0.000339443595355,-0.000333670131857,5.77346349765e-06
-0.000122872707282,-0.000177976061049,-5.51033537672e-05
-0.000209404540066,-0.000247867515486,-3.84629754201e-05
-8.80045188259e-05,-8.72982758587e-05,7.06242967219e-07
-0.000307926977521,-0.000282362292529,2.55646849924e-05
-0.000172544143648,-0.000217009719067,-4.4465575419e-05
-0.000342485256715,-0.000257265313604,8.52199431103e-05
-0.000284034338502,-0.000192883833067,9.11505054348e-05
-3.79639959728e-05,-7.95040924679e-05,-4.15400964951e-05
-0.000334662691545,-0.00027655944044,5.81032511053e-05
-0.000239312904452,-0.000217296132289,2.20167721628e-05
-0.000173433496663,-0.000119743064468,5.36904321948e-05
-0.000134292295867,-0.000175603491497,-4.13111956294e-05
-0.000242195482742,-0.000240082577246,2.11290549547e-06
-0.000116597430151,-0.000190488730024,-7.38912998728e-05
-0.000338370053986,-0.000320865138197,1.75049157887e-05
-0.000231779848541,-0.000173496920391,5.828292815e-05
-0.000125963436197,-0.000172308683965,-4.63452477674e-05
2.54971606644e-05,-9.41789796598e-05,-0.000119676140324
-0.000291942729243,-0.00021000319213,8.19395371127e-05
-0.000210285674112,-0.000255199971031,-4.49142969189e-05
-0.000228656095994,-0.000166949384832,6.17067111622e-05
-0.000223646384903,-0.000210787704645,1.28586802573e-05
-0.000273700779216,-0.000241319655842,3.23811233743e-05
-0.00026571320395,-0.000287684586264,-2.19713823149e-05
-0.000237840212388,-0.000176154923209,6.16852891796e-05
-5.10138938033e-05,-0.000128537407346,-7.75235135424e-05
-0.000179641530738,-9.85193192399e-05,8.11222114978e-05
-0.000238623411537,-0.000230174727604,8.44868393305e-06
-4.15940153916e-05,-5.57717234639e-05,-1.41777080723e-05
-6.45846731201e-05,1.64654361837e-05,8.10501093038e-05
-0.000205621306382,-9.88722524425e-05,0.000106749053939
-0.000274168956141,-0.000236179440694,3.79895154471e-05
-4.98648891991e-05,-0.000145420281101,-9.55553919019e-05
-0.000155167523399,-0.000160082920345,-4.91539694569e-06
-0.000306461323317,-0.000207753971842,9.87073514748e-05
-0.000274366170038,-0.000248481766204,2.58844038339e-05
-0.000262544551111,-0.000233282297483,2.92622536282e-05
-0.000184333889699,-0.000254920864649,-7.05869749497e-05
-0.00019371217456,-0.000148920157119,4.47920174414e-05
-0.000187635815363,-0.000214663413333,-2.70275979709e-05
-0.000267801949857,-0.000209453432972,5.83485168848e-05
-0.000419588229861,-0.000374143568225,4.54446616357e-05
-0.00031426798983,-0.000211056967417,0.000103211022413
-0.00019876740109,-0.000211796747083,-1.30293459923e-05
-0.000170012675534,-0.000149438002458,2.05746730758e-05
-0.000150780584244,-0.000125607884586,2.51726996578e-05
-0.00028720069457,-0.000255825492713,3.13752018574e-05
-0.000242224055662,-0.000201688277889,4.05357777733e-05
-0.00019003987937,-0.000189183395258,8.56484112144e-07
-0.00015970851351,-0.000159417041315,2.91472195711e-07
-0.000315792202529,-0.000231743198119,8.40490044099e-05
-0.000306960248163,-0.000239726159418,6.72340887448e-05
-0.000259908880676,-0.000216106932619,4.38019480572e-05
-0.00029112209621,-0.000234592224263,5.65298719467e-05
-0.000273088669509,-0.000183230884204,8.98577853053e-05
-0.000246602415666,-0.000179186420989,6.74159946778e-05
-0.000167135586805,-0.000145814441764,2.13211450405e-05
-0.000381769943053,-0.000258942566254,0.0001228273768
-0.000152771964731,-0.000154290181725,-1.51821699451e-06
-0.000249535697922,-0.000249418618644,1.17079278222e-07
-0.000264143303133,-0.000228179284612,3.59640185212e-05
-0.000227933810742,-0.000226975855055,9.57955686283e-07
-0.000178271764333,-0.000182066829926,-3.79506559269e-06
-9.51610063554e-05,-9.82581407536e-05,-3.09713439815e-06
-0.000240729931621,-0.000238819704417,1.91022720387e-06
-0.000148802339215,-0.000155134456511,-6.33211729554e-06
-0.000195785401929,-0.000158455195748,3.73302061812e-05
-0.000262023235488,-0.000290934792914,-2.89115574262e-05
-0.000200858315879,-0.000185633271597,1.52250442822e-05
-0.000287261378695,-0.00021514699948,7.21143792149e-05
-0.000156719581716,-0.000192009057653,-3.52894759376e-05
-0.000219894701854,-0.000141783872481,7.81108293733e-05
-0.000296555650812,-0.000245872639016,5.06830117956e-05
-0.000294040617369,-0.000240953618864,5.30869985047e-05
-0.000193169912472,-0.000186145532425,7.02438004722e-06
-0.000208734443275,-0.000186676909052,2.20575342231e-05
-0.000263948566396,-0.000241680640861,2.2267925535e-05
-0.000266640655214,-0.000245595557984,2.10450972299e-05
-8.58335062364e-05,-0.000124591882302,-3.87583760653e-05
-0.000246276990476,-0.000196028292389,5.02486980866e-05
-0.000337754265122,-0.000282652546257,5.5101718865e-05
-0.0001266758747,-0.000153164902827,-2.64890281273e-05
-0.000117678896935,-0.000119814474471,-2.13557753563e-06
-0.000189567473049,-0.000149281535206,4.02859378431e-05
-3.68693575602e-05,-0.000113436732586,-7.65673750255e-05
-0.000254507761163,-0.000115985943577,0.000138521817586
-0.000121842209113,-0.000165014089457,-4.31718803444e-05
-0.000100537489569,-0.000141264426387,-4.07269368188e-05
-0.000243423901428,-0.000227134040378,1.62898610492e-05
-0.000117225256649,-0.000125240661354,-8.0154047049e-06
-0.000226522256236,-0.000188651797612,3.78704586241e-05
-4.23947826992e-05,-1.87816359965e-05,2.36131467027e-05
-0.000148295716884,-0.000224701535503,-7.64058186188e-05
-0.000101323297182,-7.14479951809e-05,2.98753020013e-05
-0.000237736230328,-0.00013831558479,9.94206455371e-05
-0.000129353848574,-0.000167126334402,-3.7772485828e-05
-0.000283629962872,-0.000249652436541,3.39775263308e-05
-0.000353279539361,-0.000224770237446,0.000128509301914
-0.000242400979561,-0.000276592566755,-3.41915871939e-05
-0.000172000796645,-0.00018202447924,-1.00236825953e-05
-8.93083568144e-05,-0.000135726525387,-4.64181685726e-05
-0.000207650572392,-0.000132380269486,7.52703029065e-05
-0.00026662323176,-0.000192779501086,7.38437306742e-05
0.00010054829932,5.68317129875e-05,-4.37165863325e-05
-0.000101044866558,-8.75267000959e-05,1.35181664616e-05
-0.000209367549243,-0.000216739460325,-7.37191108223e-06
-0.000158768013901,-0.000235937073475,-7.71690595742e-05
-0.000196055231132,-0.000154069496916,4.19857342158e-05
-0.000166839490237,-0.000205218430519,-3.83789402828e-05
-0.000410362404894,-0.000274127612218,0.000136234792675
-0.000201417564011,-0.000254901345082,-5.34837810716e-05
-0.000298083209555,-0.000225075501495,7.30077080607e-05
-0.000271637133536,-0.000239268301403,3.23688321333e-05
-9.42834126917e-05,-9.32146510708e-05,1.06876162087e-06
-0.000402528920519,-0.000299247236401,0.000103281684118
-0.000232709607271,-0.000183831964654,4.88776426167e-05
-0.000169539458811,-0.000141227332372,2.83121264387e-05
-0.0002205972222,-0.000130576193645,9.0021028555e-05
-0.000190301803178,-0.000120045053755,7.02567494233e-05
-9.70338526889e-05,-0.000148808412382,-5.17745596934e-05
-0.000182921220424,-0.000199949990573,-1.70287701485e-05
-0.00016940536464,-0.000202652222536,-3.32468578962e-05
-0.000151164000101,-0.000124415307339,2.67486927623e-05
-0.000236995340495,-0.000236941660527,5.36799680952e-08
-0.000143645486521,-0.000172801861705,-2.91563751834e-05
-0.000258530349574,-0.000232538416039,2.59919335352e-05
-0.000193227154171,-0.000170779492835,2.24476613358e-05
-0.000227306383588,-0.000154044236458,7.32621471303e-05
-0.00026643050845,-0.000265824689535,6.0581891526e-07
-0.000288241907345,-0.000226390549115,6.18513582299e-05
-0.000303968343263,-0.000301374354141,2.59398912237e-06
-0.000150703202012,-0.000125065764837,2.56374371756e-05
-0.000335263609288,-0.000232598910312,0.000102664698976
-0.000239394384499,-0.000250403408822,-1.10090243225e-05
-0.000251092795567,-0.000226595335173,2.44974603941e-05
-9.52435104292e-05,-0.00014942605292,-5.41825424911e-05
-0.000111737784901,-3.88612789166e-05,7.28765059845e-05
-0.000373620985258,-0.000304046467026,6.95745182314e-05
-0.000196950025599,-0.000163994433429,3.29555921702e-05
-0.000264987126076,-0.000188762664124,7.62244619521e-05
-0.000156474753401,-0.000155630511196,8.44242205028e-07
-0.000345815738538,-0.000291304657042,5.45110814953e-05
-0.000199369677802,-0.000195057623838,4.31205396326e-06
-0.000249999128072,-0.000188610938592,6.13881894797e-05
-0.000332333870308,-0.00035204852729,-1.97146569818e-05
-0.000115304189134,-0.000140146579286,-2.48423901522e-05
-0.000288495387248,-0.000202410444505,8.60849427428e-05
-0.00024285900392,-0.000174935635097,6.79233688224e-05
-0.000177362374765,-0.000182549407118,-5.18703235377e-06
-0.000132485991575,-0.000163046305837,-3.05603142612e-05
-0.000355301429336,-0.000248037845403,0.000107263583933
-0.000248910656962,-0.000228183217441,2.07274395215e-05
-0.00015048157754,-0.00021983157811,-6.93500005706e-05
-0.000217371385731,-0.000172228413627,4.5142972104e-05
-0.000300850347524,-0.000247168796638,5.36815508865e-05
-0.000224581224288,-0.000173892235609,5.06889886789e-05
-0.000188780640261,-0.000129422697663,5.93579425984e-05
-9.08129869294e-05,-0.000114738963426,-2.39259764967e-05
-0.000351008010439,-0.000295316382715,5.56916277248e-05
-0.000105615921896,-6.66468688738e-05,3.89690530221e-05
-0.000299288284485,-0.00025271581807,4.65724664153e-05
-0.000111006835523,-0.000118300100867,-7.29326534373e-06
-0.000143282266787,-0.000125559617442,1.77226493449e-05
-0.000250872376515,-0.000170099722771,8.07726537442e-05
-0.000267813983894,-0.000213450224344,5.43637595503e-05
-0.000217958793174,-0.000222001369027,-4.04257585291e-06
-0.000145298594624,-8.60446007743e-05,5.925399385e-05
-5.62840102886e-05,-0.00010289016035,-4.66061500615e-05
-0.000301026603856,-0.000201788705521,9.92378983352e-05
-0.000287938706881,-0.000248605026967,3.9333679914e-05
-0.000478719188504,-0.00032698273851,0.000151736449994
-0.000270692659362,-0.000211424491597,5.92681677659e-05
-7.67285814147e-05,-0.000174211752152,-9.74831707372e-05
-0.000403698762903,-0.000230056082372,0.00017364268053
-4.64456230379e-05,-4.83767405738e-05,-1.9311175359e-06
-0.000171227977571,-0.000177918489166,-6.6905115954e-06
-0.000249376752797,-0.000238503758204,1.0872994593e-05
-0.000271882499953,-0.000268722753022,3.15974693142e-06
-0.000308171697229,-0.00019048565633,0.000117686040899
-0.000323818835389,-0.000300175965747,2.36428696426e-05
-0.000278780863173,-0.000329011641123,-5.02307779499e-05
-0.000351956294979,-0.000310487676416,4.14686185626e-05
-0.000291876262249,-0.000265154694181,2.67215680677e-05
-0.000184063853526,-0.000194519567232,-1.04557137069e-05
-0.000441406386747,-0.000482967093253,-4.15607065063e-05
-0.000371150111757,-0.000310793615274,6.03564964834e-05
-0.000105047980818,-0.000125118195875,-2.00702150564e-05
-0.000214771773767,-0.000252441797538,-3.76700237713e-05
-0.000234879780962,-0.000259594649065,-2.47148681029e-05
-0.000334048019396,-0.000258195313102,7.58527062942e-05
-0.000209233489714,-0.000197507890947,1.17255987666e-05
-0.00026336291714,-0.000184181318463,7.91815986762e-05
-0.000316433588692,-0.000145885967262,0.00017054762143
-0.000192936352024,-0.000196660145642,-3.72379361835e-06
-0.000391812235329,-0.000354172512204,3.76397231244e-05
4.81037994634e-05,-2.10901533719e-05,-6.91939528353e-05
-0.000224401911863,-0.000228907949975,-4.50603811182e-06
-0.000269968416966,-0.000159935374301,0.000110033042665
-0.00017868122633,-0.000106701030471,7.19801958588e-05
-0.000305616628093,-0.000305960286454,-3.43658361552e-07
-0.000272692764006,-0.000290191289752,-1.74985257459e-05
-0.00026403229474,-0.000228933944231,3.50983505092e-05
-0.000273587024772,-0.00029521053322,-2.16235084477e-05
-6.09192596008e-05,-8.40808556614e-05,-2.31615960606e-05
-0.000186821189857,-0.000222609744652,-3.57885547952e-05
-0.000179589548031,-0.000157284265968,2.23052820625e-05
-0.000102766886018,-9.72441354156e-05,5.52275060276e-06
-0.000289661472253,-0.000252196440474,3.74650317796e-05
-0.00027017859277,-0.00022466174333,4.55168494401e-05
-0.000178706788546,-0.000186994747229,-8.28795868258e-06
-0.000227006985958,-0.000180588537916,4.64184480425e-05
-0.000329977403546,-0.000248482556257,8.14948472896e-05
-0.000257389003887,-0.00021214985769,4.52391461967e-05
-0.000208345826773,-0.000199209056498,9.13677027512e-06
-0.000290557618723,-0.000248693956771,4.18636619523e-05
-0.000336300935955,-0.000302302621985,3.399831397e-05
-0.000189067175792,-0.000187623437923,1.44373786942e-06
-0.000225306015285,-0.000168302901644,5.70031136412e-05
-0.000190016547285,-0.00022497331755,-3.49567702657e-05
-0.000174127296102,-0.000193408911403,-1.92816153008e-05
-6.35195324779e-05,-6.44369738998e-05,-9.17441421986e-07
-0.000270214743896,-0.00021843335273,5.17813911662e-05
-0.000173539733285,-8.95282003517e-05,8.40115329329e-05
-0.000449167131008,-0.00033181888036,0.000117348250648
-9.11024907061e-05,-0.000129253045249,-3.81505545432e-05
-0.000242257548224,-0.000140478889475,0.000101778658749
-0.000328738392053,-0.000301365175636,2.73732164169e-05
-0.000162627459075,-0.000218674159133,-5.60467000584e-05
-0.000318016172592,-0.000273437104483,4.45790681093e-05
-0.000101899386534,-0.000130710084297,-2.88106977632e-05
-0.000222867810293,-0.000185506330219,3.73614800733e-05
-9.73330758755e-05,-5.07924156902e-05,4.65406601853e-05
-0.000208741436699,-0.000239586396475,-3.08449597758e-05
-0.00029435500125,-0.000238455832223,5.58991690266e-05
-5.05028933121e-05,-0.000108037463173,-5.7534569861e-05
-0.000247261754874,-0.000202875268227,4.43864866471e-05
-0.000221204828872,-0.000190604247416,3.06005814562e-05
-0.000106677144451,-0.000114440156819,-7.76301236752e-06
-0.000243770995781,-0.00015208717772,9.16838180617e-05
-0.000235532509525,-0.000190335654862,4.51968546635e-05
-0.000347547972267,-0.000263077318404,8.4470653863e-05
-0.000331836157651,-0.00022130807579,0.000110528081861
-0.000103261167324,-0.000117204590037,-1.39434227135e-05
-0.000192931935706,-0.000160023740471,3.29081952357e-05
-0.00020367411854,-0.000205593166058,-1.91904751831e-06
-0.000175386228061,-0.000148214320197,2.71719078637e-05
-0.000123237073074,-0.00014595247076,-2.27153976858e-05
-0.000205158376956,-0.000229246838454,-2.4088461498e-05
-0.000262803561287,-0.000231739114879,3.10644464081e-05
-0.00029548202491,-0.000262503585514,3.29784393964e-05
-0.000271127136482,-0.000203548312117,6.75788243648e-05
-0.000263430125507,-0.000245572102678,1.78580228287e-05
1.44664410502e-05,-1.66203725358e-05,-3.1086813586e-05
-0.000350238800292,-0.000139742254036,0.000210496546256
-0.000282085509001,-0.000309810349225,-2.7724840224e-05
-0.000230736430468,-0.000200245283736,3.04911467313e-05
-0.000320703852568,-0.000199859320406,0.000120844532162
-0.000151749388947,-0.000144140942564,7.60844638238e-06
-0.000303073004715,-0.000304761680896,-1.68867618076e-06
-0.00030235852947,-0.000287768008127,1.45905213431e-05
-0.000179336142998,-0.000137604129992,4.17320130063e-05
-0.000246684066726,-0.000255998267846,-9.31420112005e-06
-9.07375274404e-05,-0.00014734870292,-5.66111754793e-05
-0.000291900912266,-0.000226764266117,6.51366461487e-05
-0.000208175485249,-0.000241252509988,-3.30770247385e-05
-0.000213927307744,-0.000160034640755,5.3892666989e-05
-6.24145849333e-05,-0.000108964840011,-4.6550255078e-05
-0.000137609774754,-0.000127368546703,1.0241228051e-05
-7.31626626806e-05,-0.000147613410902,-7.44507482218e-05
-0.000177978560737,-9.76267164638e-05,8.0351844273e-05
-0.000267674896412,-0.000255217493028,1.24574033831e-05
-0.000287769371993,-0.00023244073538,5.53286366131e-05
-0.000379655686913,-0.000311894290225,6.77613966886e-05
-0.000337909465251,-0.000330301866038,7.60759921325e-06
-0.000175065799562,-0.000173866337647,1.19946191413e-06
-8.96558450952e-05,-4.2873089021e-06,8.53685361931e-05
-0.000138369976806,-0.00011227332783,2.60966489763e-05
-6.98812793672e-05,-7.91469909864e-05,-9.26571161921e-06
-0.000306069257863,-0.000234725635412,7.13436224514e-05
-0.000289523050954,-0.000277055547379,1.24675035749e-05
-0.0003359953466,-0.000282594984627,5.34003619727e-05
-0.000192809502683,-0.000227082917908,-3.42734152249e-05
-0.000365112347119,-0.000215030219906,0.000150082127213
-0.000101141617571,-0.000130402333287,-2.92607157157e-05
-0.000191559817879,-0.000219466038976,-2.79062210972e-05
-0.0002007850615,-0.000192247988174,8.53707332565e-06
-0.000156231222636,-0.000185817933454,-2.95867108183e-05
-0.000107116224342,-0.000133391526873,-2.62753025313e-05
-0.000162746087062,-0.000138104266239,2.46418208232e-05
-2.52138957115e-05,-3.14313636598e-05,-6.21746794835e-06
-0.000261871893425,-0.000239565490808,2.23064026172e-05
7.08022531165e-07,-4.33240135434e-05,-4.40320360745e-05
-0.000239620517131,-0.000194825434216,4.47950829152e-05
-6.88565863941e-05,-5.94914650273e-05,9.36512136674e-06
-0.000413629394676,-0.000330993774347,8.26356203286e-05
-0.000165773669449,-0.000119323526242,4.64501432072e-05
-0.000144964002163,-7.73841211012e-05,6.75798810618e-05
-0.00027638436356,-0.000260316076018,1.60682875427e-05
-0.000100394825928,-0.000151932518822,-5.15376928938e-05
-0.000224911220645,-0.000137080727844,8.78304928008e-05
-0.000351296528304,-0.000305689948029,4.56065802749e-05
-0.000259151555587,-0.000220021323657,3.91302319308e-05
-0.000204489786,-0.000191672079019,1.28177069808e-05
-0.00019069609613,-0.000178267894373,1.24282017565e-05
-0.00010545388439,-0.000156184506849,-5.07306224589e-05
-0.000133153995432,-0.000125399436806,7.75455862591e-06
-0.000268528636251,-0.000282921463885,-1.43928276339e-05
-0.000204189682139,-0.000174008235682,3.01814464562e-05
-0.000314010322711,-0.000227098496012,8.69118266982e-05
-0.000180628392674,-0.000101793562572,7.88348301015e-05
-0.000130105078024,-8.99602691772e-05,4.0144808847e-05
-0.000260228706586,-0.000228545600927,3.16831056589e-05
-0.000273016359242,-0.000213271111129,5.97452481129e-05
-0.000290850710681,-0.000266760365107,2.40903455744e-05
-0.000303925130652,-0.000236146847304,6.77782833484e-05
-0.000185541097763,-0.000181895129203,3.64596855999e-06
-0.000129512862868,-0.000200467179116,-7.09543162482e-05
-0.000240433019594,-0.000207495431879,3.29375877149e-05
-0.000375780675911,-0.000208632797622,0.000167147878289
-0.00025260065502,-0.000187755712106,6.48449429145e-05
-0.000162727653164,-9.69464431876e-05,6.57812099769e-05
-0.000114481769835,-7.36859776288e-05,4.07957922059e-05
-0.0003105385643,-0.000293757275178,1.67812891216e-05
-0.000221646182772,-0.000200537958391,2.11082243814e-05
-0.000247938576663,-0.000163543705738,8.43948709254e-05
-0.000251100441551,-0.000182341952688,6.87584888637e-05
-0.000242871500121,-0.000261412988047,-1.85414879252e-05
-0.000245492996066,-0.000316412629603,-7.09196335367e-05
-0.00023099385177,-0.000198691497808,3.23023539618e-05
-0.000329761605437,-0.00029457074573,3.51908597069e-05
-0.000299332402888,-0.000208999787346,9.03326155424e-05
-0.000297983329615,-0.000282613973562,1.53693560525e-05
-0.000224545358607,-0.000256086290148,-3.15409315406e-05
-0.000309089037537,-0.000216420824325,9.26682132126e-05
-0.000217835378913,-0.000199557092603,1.82782863101e-05
-0.000291238454768,-0.000190441780728,0.00010079667404
-0.000223196289461,-0.00024075980661,-1.75635171494e-05
-5.68993757973e-05,-8.69431022925e-05,-3.00437264952e-05
-0.0002670748005,-0.000256303290481,1.07715100189e-05
-0.000375279089247,-0.000322101585606,5.31775036409e-05
-6.7667650855e-05,-0.000121244838427,-5.35771875717e-05
-0.000266152008973,-0.000266260851152,-1.08842178341e-07
-0.000221004546532,-0.000173597290656,4.74072558755e-05
-6.16137988411e-05,-0.000117131750939,-5.5517952098e-05
-0.000253043302133,-0.000225698057741,2.73452443916e-05
-0.000228216597944,-0.000289774825407,-6.15582274635e-05
-0.000356491901677,-0.000268343422885,8.81484787923e-05
-0.000220539017996,-0.000237180409328,-1.66413913323e-05
-0.000152245956821,-0.000145684483958,6.56147286367e-06
-0.00027072545101,-0.000253144751055,1.75806999548e-05
-0.000103481794497,-6.24529980035e-05,4.10287964932e-05
-8.44781578006e-05,-7.93475491294e-05,5.13060867116e-06
-0.000135946726797,-0.000118626202902,1.73205238959e-05
-0.000266081646953,-0.000317600384352,-5.1518737399e-05
-0.000244331699504,-0.000206614157145,3.77175423583e-05
-0.00025456331588,-0.000193983978027,6.0579337853e-05
-0.000270818381209,-0.000214461649962,5.63567312479e-05
-6.27433438443e-05,-0.000118640256079,-5.5896912235e-05
-0.00016897263851,-0.000152294177228,1.66784612815e-05
-6.62627278363e-05,-4.03690957329e-05,2.58936321033e-05
1.35548452916e-06,-3.78290179005e-05,-3.91845024297e-05
-0.000150134158154,-0.000145410016868,4.72414128647e-06
-8.4397781588e-05,-2.79180924545e-05,5.64796891335e-05
-0.000291693178721,-0.00024067805116,5.10151275613e-05
-0.000185478842057,-0.00016625420786,1.92246341972e-05
-0.000255515995582,-0.00019393674979,6.15792457929e-05
-0.000391478038394,-0.00025872996463,0.000132748073764
-0.000215030854987,-0.000185633491529,2.93973634581e-05
-0.000140460903777,-0.000119487841913,2.09730618634e-05
-0.000179442951354,-0.000173811553904,5.63139744923e-06
-0.00017044616798,-0.000148899150391,2.15470175887e-05
-0.000339448786543,-0.000219872326385,0.000119576460159
-0.000142477268446,-0.000154206746273,-1.17294778266e-05
-0.000264556445998,-0.000277255007109,-1.26985611108e-05
-0.00025618214594,-0.000216801026694,3.93811192458e-05
-0.000254872102633,-0.000190778336542,6.4093766091e-05
-0.000413985778163,-0.000309090642353,0.00010489513581
-0.000175898385236,-0.000129758483207,4.61399020295e-05
-0.000197224151916,-0.000164033783173,3.31903687426e-05
-0.000108210127638,-0.000144877685152,-3.66675575143e-05
-0.000225214563089,-0.000171917539719,5.329702337e-05
-0.000178367881742,-0.000137562306924,4.08055748176e-05
-0.000262136559581,-0.000136840170346,0.000125296389235
-0.000372199578608,-0.000321596828695,5.06027499128e-05
-0.00016222727062,-0.000137875205132,2.43520654887e-05
-9.22106318747e-05,-9.89417889706e-05,-6.73115709595e-06
-0.000218487390834,-0.000150291018357,6.81963724771e-05
-0.000324685984412,-0.000265438431972,5.92475524404e-05
-0.000301576173664,-0.000222934476195,7.86416974697e-05
-2.1278477882e-05,1.40981025137e-05,3.53765803957e-05
-0.000156777618918,-0.000153296185816,3.48143310148e-06
-0.000307454562907,-0.000303722658791,3.73190411609e-06
-0.00022587748429,-0.000157517779743,6.8359704547e-05
-0.000261444645392,-0.000245849465257,1.55951801347e-05
-0.000364257668318,-0.000364777222766,-5.19554447354e-07
-0.00028296225654,-0.000207953905676,7.50083508639e-05
-0.000381028202498,-0.000270995265571,0.000110032936926
-0.000104103318528,-8.59934607903e-05,1.8109857738e-05
-0.000347975542492,-0.000268300913153,7.96746293396e-05
-0.000277113642225,-0.000143903881733,0.000133209760492
-0.000253717696732,-0.000219398496806,3.43191999257e-05
-0.000191707104243,-0.000193194726335,-1.48762209248e-06
-0.000288437029773,-0.000181895334944,0.000106541694829
-0.000168342451997,-0.000155111557612,1.32308943846e-05
-0.000167866326922,-0.000130576212822,3.72901141004e-05
-0.000302787473183,-0.000258794959482,4.39925137004e-05
-0.000151496652047,-0.000146469655788,5.02699625888e-06
-7.53855960737e-05,-9.18400331629e-05,-1.64544370892e-05
-0.000278140859486,-0.000202378677995,7.57621814915e-05
-0.000262958860056,-0.000230480786655,3.24780734009e-05
-0.000246218154592,-0.00019226007713,5.39580774628e-05
-0.000333779305058,-0.00025267241959,8.11068854682e-05
-0.000351224904193,-0.000244693038271,0.000106531865923
-0.000241859027818,-0.000137912482928,0.000103946544889
-0.000189908164716,-0.000175348586323,1.45595783927e-05
-0.000328419704013,-0.000335663995962,-7.24429194853e-06
-0.000208133218311,-0.000127597968795,8.05352495154e-05
-0.000162327126753,-0.000173647053877,-1.13199271245e-05
-0.00039178361732,-0.000304355221752,8.74283955682e-05
-0.000168514641607,-0.000179686303492,-1.1171661885e-05
-0.00027915379481,-0.00019385141634,8.53023784701e-05
-0.000291421892609,-0.000232004417783,5.94174748256e-05
-0.000279573700956,-0.000270448962953,9.12473800287e-06
1.76017469541e-05,-0.000133576770092,-0.000151178517046
-0.000117360923885,-0.000106024676125,1.13362477597e-05
-0.000152829136356,-0.000196094810134,-4.32656737775e-05
-0.00015005071946,-0.000137173772655,1.28769468049e-05
-0.000135144907536,-0.000136197412346,-1.05250480959e-06
-0.000203781264958,-7.83580285866e-05,0.000125423236372
-0.000301052826151,-0.000224326100049,7.67267261017e-05
-0.000214164141069,-0.000207991896849,6.1722442198e-06
-0.000241817597228,-0.00016277197005,7.90456271781e-05
-0.00022365095092,-0.0002287537964,-5.10284548013e-06
-0.000200413711281,-0.000130157449844,7.02562614363e-05
-0.00017595847614,-0.000190927712025,-1.49692358852e-05
-8.22158245644e-05,-8.67888929071e-05,-4.57306834274e-06
-0.000274849469192,-0.000167470983173,0.000107378486018
-5.86796767631e-05,-0.00011572316233,-5.70434855673e-05
-0.00012991517049,-9.32673216742e-05,3.66478488163e-05
-0.000138861499607,-0.000111087783736,2.77737158708e-05
-0.00023216679936,-0.00020095207383,3.12147255301e-05
-0.00014888197759,-0.000127575020843,2.13069567469e-05
-0.000319096659894,-0.000265162590239,5.39340696558e-05
-0.000325293018965,-0.000284151271735,4.11417472304e-05
-0.000327846878556,-0.000233067493899,9.47793846575e-05
-0.000315562477632,-0.00022159693785,9.39655397821e-05
-1.55813916958e-05,1.2591749699e-05,2.81731413947e-05
-0.000303985405247,-0.000249321980199,5.46634250474e-05
-0.000341984531184,-0.000267877886853,7.41066443317e-05
-0.000248922692097,-0.000194709242451,5.42134496459e-05
-0.000115651572593,-0.000118526652317,-2.87507972397e-06
-0.000212963211438,-0.000128283619834,8.46795916033e-05
-0.000309811982632,-0.000227800691005,8.20112916272e-05
-0.000187023386398,-8.11264121383e-05,0.00010589697426
-9.84436827603e-05,-8.61203193597e-05,1.23233634006e-05
-0.000184876638929,-0.000133659113255,5.12175256738e-05
-0.000274451116825,-0.000198995079066,7.54560377591e-05
-1.24236973643e-05,-7.89003369834e-05,-6.64766396191e-05
-0.000229549973047,-0.000199044244652,3.0505728395e-05
-0.00016306876292,-5.16514965256e-05,0.000111417266395
-0.000268975881829,-0.000272843137567,-3.86725573834e-06
-0.000271359725031,-0.00029171152193,-2.0351796899e-05
-0.000367668065453,-0.0003043260227,6.33420427531e-05
-0.000361796933694,-0.000300773591079,6.10233426153e-05
-0.000271956180486,-0.000213255393449,5.87007870378e-05
-0.000214215842266,-8.26399231171e-05,0.000131575919149
-0.000145141390122,-0.000124578758361,2.05626317606e-05
-0.000464897701692,-0.000328233773304,0.000136663928388
-0.000250572586213,-0.000176873801997,7.36987842157e-05
-0.000184862871241,-0.000165866201796,1.89966694456e-05
-0.000116662857929,-8.68455388863e-05,2.98173190423e-05
-0.000297110449348,-0.000159254991045,0.000137855458303
-0.00020580003235,-0.000164423434015,4.13765983345e-05
-0.000245898190949,-0.000262277252111,-1.6379061162e-05
-0.000418743004234,-0.000263671048996,0.000155071955238
1.67944944968e-05,-5.14871026287e-06,-2.19432047596e-05
-0.000132460681557,-0.000197617085376,-6.51564038196e-05
-0.000144697928871,-0.000165088048775,-2.03901199031e-05
-0.000263002683586,-0.000139571797408,0.000123430886178
-0.000194517645131,-0.000214192918389,-1.96752732571e-05
-0.000236451561964,-0.000182113304963,5.43382570007e-05
-0.000229125774896,-0.000202066441225,2.70593336709e-05
-0.000286912248491,-0.000208268110272,7.86441382184e-05
-0.000135750717504,-0.00014480270133,-9.05198382606e-06
-0.00022028878325,-0.000255635043101,-3.53462598512e-05
-2.41744494747e-05,-2.6571725171e-05,-2.39727569632e-06
-0.000188488049397,-0.000114674671625,7.38133777724e-05
-0.000272097688835,-0.000237796761116,3.43009277194e-05
-0.000206352130547,-0.00020780434741,-1.45221686366e-06
-0.000381728413377,-0.000228783844645,0.000152944568731
-0.00016830538957,-0.000132598695905,3.57066936651e-05
-0.000288854944764,-0.0002663186653,2.2536279464e-05
-0.000110821722416,-0.000266237806201,-0.000155416083785
-0.000274230040753,-0.000225363562062,4.88664786909e-05
-0.000205918053419,-0.000192418516693,1.34995367262e-05
-0.000271999754174,-0.000278747726413,-6.74797223912e-06
-0.000265769533098,-0.000249201024815,1.65685082834e-05
7.31050851174e-05,1.93815948388e-05,-5.37234902787e-05
-0.000318574582135,-0.000264295507901,5.42790742333e-05
-0.000169056881509,-0.000142607463871,2.64494176377e-05
-0.000342865717243,-0.000275219800787,6.76459164556e-05
-0.000481268519388,-0.000359020866234,0.000122247653154
-0.000226711045219,-0.0002086962255,1.80148197194e-05
-0.000289590462026,-0.000223415459372,6.61750026546e-05
-0.000257246533664,-0.000218338662329,3.89078713351e-05
-0.00010061184106,-0.000126029684129,-2.54178430687e-05
-0.000198579877484,-0.000126156976045,7.2422901439e-05
-0.000103914375714,-7.66364242656e-05,2.7277951448e-05
-0.000314383456497,-0.000254518281704,5.98651747929e-05
-0.000190261718174,-0.000214257766691,-2.39960485178e-05
-0.000284241852353,-0.000180923405927,0.000103318446425
-0.000260173134442,-0.000239232132592,2.09410018495e-05
-6.0125967226e-05,-0.000145996744318,-8.58707770921e-05
-0.000270545784987,-0.000190454782063,8.00910029231e-05
-0.000259202638812,-0.000244769921791,1.44327170217e-05
-0.000315125762382,-0.000251926444883,6.31993174986e-05
-9.94323987745e-05,-6.34381874314e-05,3.59942113431e-05
-0.000275784576786,-0.000187177368898,8.86072078877e-05
-0.000294436087223,-0.000272544765329,2.18913218944e-05
-0.000250976972419,-0.000226280264602,2.46967078168e-05
-0.000272188676806,-0.000181173333932,9.10153428735e-05
-0.000265583590787,-0.000208345925278,5.72376655085e-05
-0.000135105138931,-9.91906826395e-05,3.59144562919e-05
-0.000244433212752,-0.000152973721484,9.14594912676e-05
-0.000186971752122,-0.000216580015418,-2.9608263296e-05
-0.000166490083101,-0.000139969608071,2.65204750304e-05
-0.000166390516894,-0.000170574464365,-4.18394747099e-06
-0.000183624042505,-0.000118397005363,6.52270371417e-05
-0.000108169333918,-3.82201988523e-05,6.99491350655e-05
-0.000125536350682,-6.99201490034e-05,5.56162016784e-05
-0.000175286313087,-0.000153157095974,2.21292171132e-05
-0.000238885511428,-0.000220625056671,1.82604547563e-05
-0.000155944275914,-0.000164847345275,-8.90306936152e-06
-3.21127428008e-05,-4.88600963519e-05,-1.67473535511e-05
-0.00010508033549,-0.000113246379252,-8.16604376243e-06
-0.000108848871564,-0.000144851100743,-3.60022291795e-05
-0.000344719212034,-0.000264620361293,8.00988507412e-05
-0.000216739599207,-0.000142158354683,7.45812445238e-05
-0.000240806426482,-0.000219161922923,2.16445035592e-05
-0.000275132795864,-0.000227669341543,4.74634543215e-05
-0.000378425223848,-0.000336037357966,4.23878658828e-05
-0.000269322906261,-0.000230554485866,3.87684203947e-05
-0.000114218118498,-9.80857255308e-05,1.61323929669e-05
-0.000403326248214,-0.000321446051432,8.18801967819e-05
-9.85211710194e-05,-0.000134975730031,-3.64545590115e-05
-0.000159050717664,-0.000134695666188,2.43550514752e-05
-0.000274506082908,-0.000218790327054,5.57157558542e-05
-0.000213250897455,-0.000243822740338,-3.05718428827e-05
-0.000308502683595,-0.000204005197396,0.000104497486199
-0.000181950453943,-0.000164016349774,1.79341041692e-05
-0.000292104949586,-0.000215926551698,7.61783978877e-05
-0.000317368392642,-0.000291908424156,2.54599684855e-05
-0.000349307053262,-0.000302311318158,4.69957351036e-05
-0.000272777383969,-0.000243535288982,2.92420949869e-05
-3.58667670866e-06,-3.9147080802e-05,-3.55604040934e-05
-7.15053339024e-06,-2.30955213207e-05,-1.59449879305e-05
-0.000114646152473,-0.000107803204295,6.84294817775e-06
-0.00010886128863,-0.000113304370973,-4.4430823433e-06
-0.000182551702833,-0.000233209064962,-5.06573621289e-05
-9.06104004434e-05,-0.000149847404746,-5.92370043024e-05
-0.000419034991398,-0.000353628211739,6.54067796595e-05
-0.000137058106681,-0.00012708613937,9.97196731178e-06
-0.000424566685765,-0.00035996557493,6.46011108347e-05
-0.000197888840969,-0.000256187360102,-5.82985191329e-05
-0.00042654567017,-0.000246602464767,0.000179943205402
-0.000292813576021,-0.000236419989573,5.63935864481e-05
-0.000349000515792,-0.000177234600645,0.000171765915148
-0.000202334855765,-0.000181285620737,2.10492350285e-05
-0.000270779967524,-0.000179710621243,9.1069346281e-05
-0.000127903416453,-0.000131378079539,-3.47466308655e-06
-0.000176305148647,-0.000152884579497,2.34205691504e-05
-0.000222858917016,-0.000147987778233,7.48711387833e-05
-0.000243547867198,-0.000201259029771,4.22888374268e-05
-8.73060284937e-05,-9.32124934027e-05,-5.90646490903e-06
-0.000241689129554,-0.000200769441631,4.09196879232e-05
-0.000312981941214,-0.000256242549736,5.67393914774e-05
-0.000102609949093,-4.53064033744e-05,5.73035457184e-05
-0.000253509982055,-0.000226235369065,2.72746129897e-05
-0.000198534773263,-0.000204797005028,-6.26223176524e-06
-0.000299717551939,-0.000253558308258,4.6159243681e-05
-0.000166655199494,-0.000170375507135,-3.72030764066e-06
-0.000317621696336,-0.000296068491197,2.15532051383e-05
-0.000292448162656,-0.000209534553782,8.29136088743e-05
-7.59468373576e-05,-7.05668530429e-05,5.37998431473e-06
-0.000396685524969,-0.0002611110948,0.000135574430169
-0.000175090191364,-0.000116592092173,5.84980991904e-05
-4.97423266473e-05,4.93996105846e-05,9.9141937232e-05
-1.72934985453e-05,-0.000101153582044,-8.38600834986e-05
-0.000329239609824,-0.000310883375846,1.8356233978e-05
-0.000203624034923,-0.00019053861805,1.30854168727e-05
-0.000103846416986,-0.000164858186109,-6.10117691225e-05
-0.000335722452969,-0.000259901182706,7.58212702632e-05
-0.000468435116592,-0.000298694561875,0.000169740554717
-0.000153418140487,-9.71528502104e-05,5.62652902768e-05
-0.000181796457285,-0.000188502675364,-6.70621807929e-06
-0.000185580813292,-0.000152188186858,3.33926264337e-05
-0.000289968884299,-0.000239658290205,5.03105940938e-05
-0.000159013495778,-0.000123616986116,3.53965096615e-05
-4.60920641439e-05,-4.89457336325e-05,-2.8536694886e-06
-0.000234237113326,-0.000203868219017,3.03688943094e-05
-0.000156751005348,-0.000196356801045,-3.96057956975e-05
-0.000181608919736,-0.000108015231126,7.35936886099e-05
-0.000224088033305,-0.000259255679334,-3.51676460291e-05
-0.000188024637424,-0.000214502092117,-2.6477454692e-05
-0.000229923153529,-0.000219210608234,1.07125452943e-05
-8.19052741904e-05,-0.00010189637355,-1.99910993592e-05
-0.000111591544547,-0.000155299592064,-4.37080475178e-05
-0.000207230870175,-0.000116802679429,9.04281907461e-05
-0.000385504664945,-0.000303689399268,8.1815265677e-05
-0.000275417472359,-0.000233712282765,4.1705189594e-05
-0.000195342806808,-0.000135914078553,5.94287282549e-05
-0.000328087372875,-0.000249814695113,7.8272677763e-05
-0.000173183030342,-0.000204143178674,-3.0960148332e-05
-0.00018592431526,-0.000185362354091,5.61961168338e-07
-0.000297247133794,-0.000247743814863,4.95033189304e-05
-8.29330742529e-05,-8.19551949504e-05,9.77879302542e-07
-0.000237088331628,-0.00027738729379,-4.02989621617e-05
3.8641693954e-06,-6.49173085765e-05,-6.87814779719e-05
-0.000313491587433,-0.000236501951868,7.69896355655e-05
-0.000227696395257,-0.000139599170042,8.80972252149e-05
-0.000129799125387,-0.000139120145328,-9.32101994101e-06
-0.000291441003136,-0.00017476248963,0.000116678513506
-0.000132565443896,-0.000131357132594,1.2083113012e-06
-0.000232519967942,-0.00025294800125,-2.04280333085e-05
-7.81119394542e-05,-0.000132404165362,-5.42922259077e-05
-0.000113949041543,-0.000111840153422,2.10888812141e-06
-0.000217821330656,-0.00023205203735,-1.42307066947e-05
-0.000294977685587,-0.000241700051188,5.32776343996e-05
-0.000249365854466,-0.000219188261728,3.01775927372e-05
-0.000255195317492,-0.000181944186799,7.32511306932e-05
-0.000168282094582,-0.00025548022698,-8.71981323985e-05
-0.000211136740334,-0.000135651711727,7.54850286067e-05
-0.000401385183589,-0.000326103521912,7.52816616774e-05
-0.000148616376268,-0.000213859098709,-6.52427224413e-05
4.52499739953e-06,-2.14785053734e-05,-2.60035027729e-05
-0.000207576414123,-0.000188862576597,1.87138375263e-05
-0.00017598228574,-0.000147935565432,2.80467203086e-05
-0.000215121725824,-0.00018730093651,2.78207893135e-05
-0.000159361414401,-0.000145167091467,1.41943229338e-05
-6.14179832464e-05,-3.12921238285e-05,3.01258594179e-05
-0.00010017391886,-0.000173566181453,-7.33922625925e-05
-0.000143385397983,-0.000128244373692,1.51410242908e-05
-0.000264079717427,-0.00020924389295,5.48358244767e-05
-0.000329096265549,-0.000224506580978,0.00010458968457
-0.000214447813336,-0.0001587735597,5.56742536358e-05
-0.000464359110146,-0.000391724081734,7.26350284113e-05
2.47660684423e-05,-3.22014529554e-05,-5.69675213978e-05
-0.00016670506458,-0.000159775068495,6.92999608475e-06
-0.000445530602187,-0.000333692769956,0.000111837832232
-0.000206408007546,-0.000160495710026,4.59122975204e-05
-0.000339683864484,-0.000267434177271,7.22496872132e-05
-5.22296364284e-05,-8.4160406568e-05,-3.19307701395e-05
-0.000203282716015,-0.000187760603191,1.55221128243e-05
-0.000156930323597,-9.05399135749e-05,6.63904100224e-05
-0.000150746352219,-0.000137086724975,1.36596272435e-05
-0.00011478567474,-6.83683525287e-05,4.64173222117e-05
-9.88051817902e-05,-0.00012868906333,-2.98838815401e-05
-0.000224450368632,-0.000244509520881,-2.0059152249e-05
-0.000321124827521,-0.000278820070999,4.23047565213e-05
