date,nav,gross_return,net_return,trading_cost,borrow_cost,trading_cost_return,borrow_cost_return,traded_notional,turnover,long_exposure,short_exposure,gross_exposure,net_exposure,estimated_beta_exposure,max_position,cash
2010-01-04,99902.0312122,0,-0.000979687877633,97.9687877633,0,0.000979687877633,0,48984.3938816,0.489843938816,0.245162151796,0.245162151796,0.490324303593,-4.16333634234e-17,8.32667268469e-17,0.08,99902.0312122
2010-01-05,99808.0782602,6.59689452007e-05,-0.000940450868807,99.2013454831,1.34203818854,0.000992986271443,1.34335425642e-05,49600.6727415,0.496493135722,0.290699810861,0.290699810861,0.581399621722,-6.24500451352e-17,-1.21430643318e-17,0.08,99808.0782602
2010-01-06,99816.440619,0.00075327987967,8.37843884449e-05,65.2312397818,1.58981860124,0.000653566734466,1.59287567595e-05,32615.6198909,0.326783367233,0.253084794855,0.253084794855,0.506169589711,-2.22044604925e-16,-2.30718222305e-16,0.08,99816.440619
2010-01-07,99691.3455844,-0.000348819089849,-0.00125325080556,88.8929341853,1.38422046012,0.000890564055721,1.38676599921e-05,44446.4670926,0.445282027861,0.382240524369,0.382240524369,0.764481048739,-3.57353036051e-16,-2.65412691824e-16,0.08,99691.3455844
2010-01-08,99662.8964784,0.000501001355988,-0.000285371872679,76.3066013406,2.08800395678,0.000765428542401,2.09446862668e-05,38153.3006703,0.3827142712,0.46424782212,0.46424782212,0.928495644239,-1.60982338571e-15,-1.79023462721e-15,0.08,99662.8964784
2010-01-11,99087.2364105,-0.0046953692867,-0.0057760720209,100.100219632,7.60574509089,0.00100438802372,7.63147104854e-05,50050.109816,0.502194011859,0.482127654175,0.482127654175,0.96425530835,-1.2420620088e-15,-1.00960906302e-15,0.08,99087.2364105
2010-01-12,99179.3934192,0.00193488420431,0.000930059329436,96.9476379091,2.61768201914,0.000978406921225,2.64179536534e-05,48473.8189545,0.489203460612,0.426951314447,0.426951314447,0.853902628894,-4.37150315946e-16,-4.99600361081e-16,0.08,99179.3934192
2010-01-13,99151.8266436,0.000620624037918,-0.000277948620452,86.7996296996,2.32026150062,0.000875178065798,2.33945925724e-05,43399.8148498,0.437589032899,0.27682339552,0.27682339552,0.55364679104,1.38777878078e-17,-2.42861286637e-17,0.08,99151.8266436
2010-01-14,99082.4171196,0.000330106732152,-0.00070003273139,100.636234422,1.50397508622,0.00101497105831,1.5168405234e-05,50318.1172108,0.507485529154,0.331754035048,0.331754035048,0.663508070095,0,0,0.08,99082.4171196
2010-01-15,99201.9175476,0.00191015917378,0.00120607098104,67.9616097724,1.80115022913,0.000685909889445,1.81783032903e-05,33980.8048862,0.342954944722,0.279524839398,0.279524839398,0.559049678795,1.38777878078e-17,4.85722573274e-17,0.08,99201.9175476
2010-01-19,99066.2475742,-0.000749318380351,-0.00136761442455,55.2584764692,6.07767672776,0.000557030325978,6.12657182241e-05,27629.2382346,0.278515162989,0.260303399361,0.260303399361,0.520606798723,-1.38777878078e-17,-8.32667268469e-17,0.08,99066.2475742
2010-01-20,98939.0815481,-0.000229849211904,-0.00128364634017,102.982725503,1.41300169893,0.0010395339283,1.4263199965e-05,51491.3627515,0.519766964151,0.337227843821,0.337227843821,0.674455687642,9.02056207508e-17,1.21430643318e-16,0.08,98939.0815481
2010-01-21,98515.0246352,-0.00358283684514,-0.00428604052374,67.7461062036,1.82821989809,0.00068472544058,1.84782380176e-05,33873.0531018,0.34236272029,0.231601855783,0.231601855783,0.463203711567,1.38777878078e-17,3.03576608296e-17,0.08,98515.0246352
2010-01-22,98536.8030944,0.000983417738782,0.00022106738867,73.852757356,1.25020616592,0.000749659837466,1.26905126457e-05,36926.378678,0.374829918733,0.311992598104,0.311992598104,0.623985196209,1.52655665886e-16,1.5959455979e-16,0.08,98536.8030944
2010-01-25,98452.0089648,-0.000128381190895,-0.000860532582434,67.0902542366,5.05360326679,0.000680864937056,5.12864544829e-05,33545.1271183,0.340432468528,0.304804151203,0.304804151203,0.609608302405,1.66533453694e-16,2.74086309204e-16,0.08,98452.0089648
2010-01-26,98158.4700905,-0.00249252415583,-0.00298154275698,46.5005578945,1.64430580968,0.000472317003822,1.67015973262e-05,23250.2789472,0.236158501911,0.288738350379,0.288738350379,0.577476700758,1.94289029309e-16,2.63677968348e-16,0.08,98158.4700905
2010-01-27,97844.4671531,-0.00254980950253,-0.00319893878927,62.164545089,1.55299258793,0.000633308007263,1.58212794728e-05,31082.2725445,0.316654003631,0.307517954989,0.307517954989,0.615035909979,1.66533453694e-16,2.98372437868e-16,0.08,97844.4671531
2010-01-28,97972.0411879,0.00187740655814,0.00130384515839,54.4711010204,1.64870851759,0.000556711100845,1.68502989035e-05,27235.5505102,0.278355550423,0.27127636256,0.27127636256,0.54255272512,-6.93889390391e-18,2.77555756156e-17,0.08,97972.0411879
2010-01-29,97779.1492341,-0.000793814912635,-0.00196884694233,113.663985097,1.45630131321,0.00116016757147,1.48644582225e-05,56831.9925485,0.580083785736,0.352993827071,0.352993827071,0.705987654142,2.77555756156e-17,0,0.08,97779.1492341
2010-02-01,98043.586218,0.00358634985659,0.00270443121991,80.5594836716,5.67377031714,0.000823892254153,5.80263825323e-05,40279.7418358,0.411946127076,0.360027956827,0.360027956827,0.720055913654,-2.77555756156e-17,1.38777878078e-17,0.08,98043.586218
2010-02-02,98209.2332489,0.00255103980968,0.00168952439713,82.5318999691,1.93416065896,0.000841787853268,1.97275592782e-05,41265.9499845,0.420893926634,0.319713822376,0.319713822376,0.639427644751,-8.32667268469e-17,-1.2490009027e-16,0.08,98209.2332489
2010-02-03,98307.6886937,0.0021296083853,0.00100250701102,108.971276865,1.72048489614,0.00110958280867,1.75185656096e-05,54485.6384326,0.554791404333,0.372872308307,0.372872308307,0.745744616614,2.77555756156e-17,-4.85722573274e-17,0.08,98307.6886937
2010-02-04,98023.7205324,-0.00150011552587,-0.0028885651275,134.486711489,2.00855971548,0.00136801824228,2.04313593593e-05,67243.3557445,0.684009121138,0.433147608914,0.433147608914,0.866295217829,2.77555756156e-17,4.90059381963e-17,0.08,98023.7205324
2010-02-05,97925.699915,0.000306599730882,-0.000999968343372,125.748157457,2.32650631044,0.0012828339587,2.3734115557e-05,62874.0787284,0.641416979349,0.308543000095,0.308543000095,0.61708600019,2.46330733589e-16,2.01227923213e-16,0.08,97925.699915
2010-02-08,97627.1408628,-0.00197213663702,-0.00304883245608,100.469459199,4.9667324775,0.00102597642178,5.07193972759e-05,50234.7295995,0.512988210889,0.321252970397,0.321252970397,0.642505940794,2.98372437868e-16,3.1918911958e-16,0.08,97627.1408628
2010-02-09,97536.6958953,5.45825018419e-07,-0.000926432616124,88.7797338094,1.71852104074,0.000909375538655,1.76029024875e-05,44389.8669047,0.454687769327,0.247147127811,0.247147127811,0.494294255622,1.94289029309e-16,2.63677968348e-16,0.08,97536.6958953
2010-02-10,97491.9136655,0.000169962273722,-0.000459132118423,60.0389164026,1.32087201352,0.000615552083773,1.35423083732e-05,30019.4582013,0.307776041886,0.288578354148,0.288578354148,0.577156708297,1.80411241502e-16,2.28983498829e-16,0.08,97491.9136655
2010-02-11,97407.8290546,4.33240690123e-06,-0.000862477796282,82.9653933842,1.54159210895,0.000850997690627,1.58125125561e-05,41482.6966921,0.425498845314,0.309087977613,0.309087977613,0.618175955227,5.55111512313e-17,5.55111512313e-17,0.08,97407.8290546
2010-02-12,97354.517095,0.000367897931732,-0.000547306721791,87.4983675425,1.64973089787,0.000898268325983,1.69363275405e-05,43749.1837712,0.449134162991,0.368312349276,0.368312349276,0.736624698552,-2.77555756156e-17,-6.93889390391e-17,0.08,97354.517095
2010-02-16,97440.3938017,0.00186089071115,0.000882102949597,87.4303696662,7.85904019812,0.000898061767189,8.07259943619e-05,43715.1848331,0.449030883595,0.299019229123,0.299019229123,0.598038458246,-2.77555756156e-17,4.16333634234e-17,0.08,97440.3938017
2010-02-17,97519.6948841,0.00200076998081,0.000813841973793,114.058209051,1.59652336658,0.00117054339172,1.63846152944e-05,57029.1045256,0.58527169586,0.301822070777,0.301822070777,0.603644141554,-8.32667268469e-17,-7.6327832943e-17,0.08,97519.6948841
2010-02-18,97339.2598912,-0.000915418142625,-0.00185024156518,89.550895143,1.6127997946,0.000918285226891,1.6538195659e-05,44775.4475715,0.459142613446,0.261587718877,0.261587718877,0.523175437753,6.93889390391e-18,6.93889390391e-18,0.08,97339.2598912
2010-02-19,97291.4360572,0.000143674648149,-0.000491310845275,60.4137985221,1.39521944943,0.000620651919787,1.43335736371e-05,30206.8992611,0.310325959893,0.306343874159,0.306343874159,0.612687748318,6.93889390391e-17,4.16333634234e-17,0.08,97291.4360572
2010-02-22,97345.2893854,0.0012834919664,0.000553525884637,66.1200562402,4.89939212782,0.000679608184644,5.0357897122e-05,33060.0281201,0.339804092322,0.285324115221,0.285324115221,0.570648230442,4.85722573274e-17,4.16333634234e-17,0.08,97345.2893854
2010-02-23,97258.1535507,-0.000258450697702,-0.000895121224907,60.4549611761,1.5219155378,0.000621036329111,1.56341980943e-05,30227.4805881,0.310518164555,0.17963249908,0.17963249908,0.35926499816,3.46944695195e-17,3.46944695195e-17,0.08,97258.1535507
2010-02-24,97021.0398099,-0.00191330233107,-0.00243798316289,50.0721888968,0.957300009766,0.000514837955161,9.84287666192e-06,25036.0944484,0.257418977581,0.203718161686,0.203718161686,0.407436323373,2.77555756156e-17,-2.08166817117e-17,0.08,97021.0398099
2010-02-25,96912.6711951,-0.000799962393649,-0.00111695994006,29.6724207271,1.08301084246,0.00030583490741,1.11626389965e-05,14836.2103636,0.152917453705,0.164651041341,0.164651041341,0.329302082683,1.38777878078e-17,-1.38777878078e-17,0.08,96912.6711951
2010-02-26,96862.9611098,-0.000204839942358,-0.000512936901318,28.9841555959,0.874343683915,0.000299074984091,9.02197486802e-06,14492.077798,0.149537492046,0.179560207313,0.179560207313,0.359120414625,5.55111512313e-17,7.6327832943e-17,0.08,96862.9611098
2010-03-01,96848.5247169,0.000550967678083,-0.000149039351878,64.9456742603,2.85907945937,0.000670490283553,2.95167464076e-05,32472.8371302,0.335245141777,0.307743601504,0.307743601504,0.615487203009,-1.49186218934e-16,-1.2490009027e-16,0.08,96848.5247169
2010-03-02,97147.9832259,0.00403130370958,0.0030920296398,89.3341839194,1.63312404366,0.000922411406684,1.68626630961e-05,44667.0919597,0.461205703342,0.285479580486,0.285479580486,0.570959160972,-1.38777878078e-17,0,0.08,97147.9832259
2010-03-03,97122.770006,0.000565360387588,-0.00025953415666,78.6171829644,1.51965838336,0.00080925182751,1.5642716739e-05,39308.5914822,0.404625913755,0.274823392312,0.274823392312,0.549646784624,-6.93889390391e-17,1.38777878078e-17,0.08,97122.770006
2010-03-04,97203.7899202,0.00165019499344,0.00083420102467,77.7890406303,1.46255392459,0.00080093515275,1.50588160171e-05,38894.5203151,0.400467576375,0.321562805029,0.321562805029,0.643125610058,-1.80411241502e-16,-1.04083408559e-16,0.08,97203.7899202
2010-03-05,96947.8859696,-0.00156396572702,-0.0026326540445,102.167835615,1.71271908746,0.00105106843776,1.76198797276e-05,51083.9178077,0.525534218878,0.37320448035,0.37320448035,0.7464089607,-2.42861286637e-17,0,0.08,96947.8859696
2010-03-08,96746.5603435,-0.000888026119932,-0.00207663760883,109.28574609,5.94762499797,0.00112726280719,6.13486817014e-05,54642.8730448,0.563631403597,0.5,0.5,1,-9.71445146547e-17,-2.77555756156e-17,0.0730769087812,96746.5603435
2010-03-09,96590.4696068,-0.000767457632597,-0.00161339830715,79.1912598235,2.65059069434,0.000818543414281,2.7397260274e-05,39595.6299117,0.40927170714,0.442373303649,0.442373303649,0.884746607298,-1.87350135405e-16,-1.2490009027e-16,0.08,96590.4696068
2010-03-10,96463.5952373,-0.000469298677487,-0.00131352886027,79.203272269,2.34131754197,0.000819990549704,2.42396330766e-05,39601.6361345,0.409995274852,0.311905201494,0.311905201494,0.623810402988,-7.2858385991e-17,-5.55111512313e-17,0.08,96463.5952373
2010-03-11,96511.9563582,0.00129009034406,0.000501340642625,74.4370019644,1.64862997859,0.000771659005465,1.70906959723e-05,37218.5009822,0.385829502732,0.37013564732,0.37013564732,0.740271294639,1.38777878078e-17,1.38777878078e-17,0.08,96511.9563582
2010-03-12,96245.7504186,-0.00176361780664,-0.0027582690224,94.0383366205,1.95739810634,0.000974369810426,2.02814053326e-05,47019.1683103,0.487184905213,0.419603391586,0.419603391586,0.839206783171,-4.16333634234e-17,4.16333634234e-17,0.08,96245.7504186
2010-03-15,96292.1823562,0.00147576283671,0.000482431040996,88.9653268382,6.63863725502,0.000924355895727,6.89758999867e-05,44482.6634191,0.462177947864,0.322122143995,0.322122143995,0.644244287989,-2.77555756156e-17,1.38777878078e-17,0.08,96292.1823562
2010-03-16,96070.0035366,-0.00146075610649,-0.00230734016127,79.8198182796,1.69960790304,0.000828933526341,1.76505284381e-05,39909.9091398,0.414466763171,0.249143069718,0.249143069718,0.498286139436,1.66533453694e-16,1.2490009027e-16,0.08,96070.0035366
2010-03-17,96024.6444471,0.000131905694581,-0.000472146225728,56.7197536497,1.31151647063,0.000590400245256,1.3651675053e-05,28359.8768249,0.295200122628,0.308402307979,0.308402307979,0.616804615958,-5.55111512313e-17,-2.08166817117e-17,0.08,96024.6444471
2010-03-18,96083.0089737,0.0014863459445,0.000607807786442,82.738617166,1.62269709427,0.000861639401452,1.68987566016e-05,41369.308583,0.430819700726,0.42516430789,0.42516430789,0.85032861578,4.16333634234e-17,2.77555756156e-17,0.08,96083.0089737
2010-03-19,96248.5530381,0.00257494488788,0.00172292756288,79.6259737082,2.2384145759,0.0008287206506,2.32966744049e-05,39812.9868541,0.4143603253,0.397667529851,0.397667529851,0.795335059702,2.35922392733e-16,2.42861286637e-16,0.08,96248.5530381
2010-03-22,96278.9453484,0.00150732300236,0.000315769009905,108.393579256,6.2917683844,0.00112618398755,6.5370004907e-05,54196.7896281,0.563091993773,0.304683217993,0.304683217993,0.609366435985,1.94289029309e-16,1.00613961607e-16,0.08,96278.9453484
2010-03-23,96285.2837521,0.00101104798124,6.5833746361e-05,89.3968554762,1.60737418596,0.000928519264027,1.66949708489e-05,44698.4277381,0.464259632014,0.242326199613,0.242326199613,0.484652399227,1.38777878078e-16,9.71445146547e-17,0.08,96285.2837521
2010-03-24,96203.9263915,-4.15109837161e-05,-0.000844961529759,76.081973566,1.27849024057,0.000790172398119,1.3278147924e-05,38040.986783,0.39508619906,0.192124431453,0.192124431453,0.384248862906,5.55111512313e-17,5.55111512313e-17,0.08,96203.9263915
2010-03-25,95950.2060375,-0.00215311988417,-0.00263731807508,45.5689931625,1.01277395406,0.000473670824797,1.0527366107e-05,22784.4965813,0.236835412398,0.196810558912,0.196810558912,0.393621117824,6.93889390391e-17,6.93889390391e-17,0.08,95950.2060375
2010-03-26,96005.2365588,0.000967213308147,0.000573532080817,36.7390543999,1.0347404755,0.000382897087116,1.07841402144e-05,18369.5272,0.191448543558,0.240746816334,0.240746816334,0.481493632669,-2.77555756156e-17,-4.16333634234e-17,0.08,96005.2365588
2010-03-29,96242.3208959,0.00313339565443,0.00246949380712,59.9386640311,3.79938987172,0.000624327028186,3.95748191235e-05,29969.3320155,0.312163514093,0.342603347699,0.342603347699,0.685206695398,6.93889390391e-18,5.55111512313e-17,0.08,96242.3208959
2010-03-30,96146.7685749,5.29317621409e-06,-0.000992830597879,94.255012049,1.80673651119,0.000979350987918,1.87727861753e-05,47127.5060245,0.489675493959,0.353235061517,0.353235061517,0.706470123033,-2.91433543964e-16,-2.77555756156e-16,0.08,96146.7685749
2010-03-31,95910.9726493,-0.00154425462775,-0.00245245814445,85.4598793828,1.86095395683,0.000888848170869,1.93553458365e-05,42729.9396914,0.444424085434,0.362790802199,0.362790802199,0.725581604397,-1.94289029309e-16,-9.71445146547e-17,0.08,95910.9726493
2010-04-01,95675.5637619,-0.00146790888994,-0.00245445209157,92.7137087844,1.90660924422,0.000966664253562,1.98789480657e-05,46356.8543922,0.483332126781,0.228144707079,0.228144707079,0.456289414158,-1.11022302463e-16,-5.89805981832e-17,0.08,95675.5637619
2010-04-05,95635.1917156,0.00017449513938,-0.000421968208706,52.2827756462,4.78419144528,0.000546459028727,5.00043193598e-05,26141.3878231,0.273229514363,0.233359269835,0.233359269835,0.46671853967,2.77555756156e-17,6.93889390391e-17,0.08,95635.1917156
2010-04-06,95561.2424353,-0.00026496628391,-0.000773243394859,47.3863099909,1.22286895941,0.000495490301643,1.2786809306e-05,23693.1549954,0.247745150822,0.24522874339,0.24522874339,0.49045748678,-1.11022302463e-16,-9.36750677027e-17,0.08,95561.2424353
2010-04-07,95676.3174502,0.00176084702497,0.00120420174461,51.9096398804,1.28407470681,0.000543208088944,1.34371914186e-05,25954.8199402,0.271604044472,0.28861152998,0.28861152998,0.57722305996,-2.49800180541e-16,-1.52655665886e-16,0.08,95676.3174502
2010-04-08,95788.4853096,0.00174388440884,0.00117236806841,53.1675219179,1.51305689656,0.000555702010015,1.58143304099e-05,26583.760959,0.277851005008,0.298627759206,0.298627759206,0.597255518412,-4.71844785466e-16,-5.13478148889e-16,0.08,95788.4853096
2010-04-09,95529.9321708,-0.00143538939147,-0.00269920897045,119.491960396,1.56740277949,0.00124745641409,1.6363164888e-05,59745.9801979,0.623728207047,0.336184045737,0.336184045737,0.672368091474,2.77555756156e-17,-7.2858385991e-17,0.08,95529.9321708
2010-04-12,95376.2897725,-0.000845578476009,-0.00160831683699,67.5850607514,5.27928313745,0.000707475230178,5.52631308061e-05,33792.5303757,0.353737615089,0.250844153802,0.250844153802,0.501688307604,-1.38777878078e-16,-1.89084858881e-16,0.08,95376.2897725
2010-04-13,95308.0183146,-0.000100578361037,-0.000715811634087,57.36773078,1.31093614799,0.00060148838791,1.37448851398e-05,28683.86539,0.300744193955,0.286466200354,0.286466200354,0.572932400708,-5.55111512313e-17,-7.4593109467e-17,0.08,95308.0183146
2010-04-14,95082.1830348,-0.00169409767817,-0.00236953074726,62.8781585042,1.49602881479,0.000659736290987,1.56967781016e-05,31439.0792521,0.329868145493,0.31742200084,0.31742200084,0.634844001681,-2.77555756156e-17,-2.60208521397e-17,0.08,95082.1830348
2010-04-15,94859.1305109,-0.00183938766254,-0.0023458919088,46.5057663398,1.65376311141,0.000489111259917,1.73929863474e-05,23252.8831699,0.244555629958,0.266174196936,0.266174196936,0.532348393872,-5.55111512313e-17,-9.71445146547e-17,0.08,94859.1305109
2010-04-16,94944.8949259,0.00136626496606,0.000904123984041,42.454781981,1.38350974717,0.00044755609452,1.45848875033e-05,21227.3909905,0.22377804726,0.258547422298,0.258547422298,0.517094844595,-9.71445146547e-17,-1.2490009027e-16,0.08,94944.8949259
2010-04-19,94811.4918967,-0.000706006915005,-0.00140505742173,62.3360290445,4.03524786467,0.000656549560596,4.25009461311e-05,31168.0145222,0.328274780298,0.283406305511,0.283406305511,0.566812611021,0,6.93889390391e-17,0.08,94811.4918967
2010-04-20,94544.6552823,-0.00221006409147,-0.00281439105154,55.8248023413,1.47233833635,0.000588797847439,1.55291126307e-05,27912.4011706,0.29439892372,0.338785251224,0.338785251224,0.677570502448,1.31838984174e-16,1.38777878078e-16,0.08,94544.6552823
2010-04-21,94342.3002368,-0.00125767833417,-0.0021403118436,81.6931940526,1.7550868379,0.000864069934029,1.85635754095e-05,40846.5970263,0.432034967015,0.265863488711,0.265863488711,0.531726977423,-1.38777878078e-17,0,0.08,94342.3002368
2010-04-22,94149.5438835,-0.00132246688648,-0.00204315935587,66.6174196782,1.37436564789,0.000706124607,1.45678623951e-05,33308.7098391,0.3530623035,0.311360309449,0.311360309449,0.622720618899,1.11022302463e-16,1.73472347598e-16,0.08,94149.5438835
2010-04-23,93744.962849,-0.00345975553959,-0.00429721714788,77.2403582425,1.60627019825,0.00082040076942,1.70608388739e-05,38620.1791213,0.41020038471,0.370223916305,0.370223916305,0.740447832609,8.32667268469e-17,1.63064006742e-16,0.08,93744.962849
2010-04-26,93403.0797526,-0.00255187648141,-0.00364694897741,96.9523314501,5.7051990049,0.00103421377004,6.08587259679e-05,48476.1657251,0.517106885019,0.343609772713,0.343609772713,0.687219545425,0,1.38777878078e-17,0.08,93403.0797526
2010-04-27,93543.8022448,0.00207611213418,0.0015066151202,51.4341881113,1.75858690435,0.000550669081229,1.88279327514e-05,25717.0940557,0.275334540615,0.351728238848,0.351728238848,0.703456477697,-3.05311331772e-16,-1.80411241502e-16,0.08,93543.8022448
2010-04-28,93872.47182,0.00428891443554,0.00351353662401,70.7289395258,1.80284914075,0.000756105031316,1.92727802109e-05,35364.4697629,0.378052515658,0.22383721766,0.22383721766,0.44767443532,-2.77555756156e-17,9.71445146547e-17,0.08,93872.47182
2010-04-29,93676.8038836,-0.00131586494937,-0.00208440166346,70.9930901924,1.15135084422,0.000756271661073,1.22650530225e-05,35496.5450962,0.378135830537,0.285974482296,0.285974482296,0.571948964591,-1.2490009027e-16,-6.59194920871e-17,0.08,93676.8038836
2010-04-30,93580.7318376,-9.69076980743e-05,-0.00102556921241,85.5261425259,1.46790002705,0.000912991679692,1.56698346463e-05,42763.0712629,0.456495839846,0.304399226271,0.304399226271,0.608798452543,-4.85722573274e-17,6.93889390391e-18,0.08,93580.7318376
2010-05-03,93728.130805,0.00259779307325,0.00157509953692,91.0217954881,4.68261408744,0.000972655307357,5.00382289761e-05,45510.8977441,0.486327653678,0.175257121794,0.175257121794,0.350514243587,6.93889390391e-18,-6.93889390391e-18,0.08,93728.130805
2010-05-04,93749.8317588,0.000959882434992,0.000231530850434,67.3669491683,0.90008342115,0.000718748454596,9.6031299613e-06,33683.4745841,0.359374227298,0.263075025519,0.263075025519,0.526150051039,0,-1.38777878078e-17,0.08,93749.8317588
2010-05-05,93756.0872377,0.00106695076746,6.67252275171e-05,92.4195657132,1.35141037712,0.000985810470049,1.44150698915e-05,46209.7828566,0.492905235025,0.322997212669,0.322997212669,0.645994425338,-2.77555756156e-17,-4.16333634234e-17,0.08,93756.0872377
2010-05-06,93647.5166625,-0.00048943398315,-0.0011580109448,61.0238199498,1.6593399917,0.000650878484243,1.76984774065e-05,30511.9099749,0.325439242121,0.302246067444,0.302246067444,0.604492134888,1.38777878078e-16,1.04083408559e-16,0.08,93647.5166625
2010-05-07,93553.5580553,-0.000449678379979,-0.00100332193006,50.2964069434,1.55093663765,0.000537082121726,1.65614283531e-05,25148.2034717,0.268541060863,0.251143596525,0.251143596525,0.502287193051,8.32667268469e-17,1.14491749414e-16,0.08,93553.5580553
2010-05-10,93446.4096078,-0.000289202653258,-0.00114531664798,76.2302565477,3.86225375963,0.000814830115843,4.12838788809e-05,38115.1282739,0.407415057921,0.379527013159,0.379527013159,0.759054026317,1.11022302463e-16,7.97972798949e-17,0.08,93446.4096078
2010-05-11,93528.7291542,0.00194629199458,0.000880927867728,97.6111409774,1.94331160158,0.00104456812613,2.0796000721e-05,48805.5704887,0.522284063064,0.383210005579,0.383210005579,0.766420011158,1.11022302463e-16,1.2490009027e-16,0.08,93528.7291542
2010-05-12,93387.2401252,-0.000609568464867,-0.00151278682253,82.5129667946,1.96389834635,0.000882220549139,2.09978085249e-05,41256.4833973,0.441110274569,0.364627842303,0.364627842303,0.729255684606,0,7.97972798949e-17,0.08,93387.2401252
2010-05-13,93538.7113214,0.00252195699397,0.00162196886929,82.1815666784,1.86584043099,0.000880008516883,1.99796077974e-05,41090.7833392,0.440004258442,0.285502532091,0.285502532091,0.571005064182,-6.93889390391e-17,-4.16333634234e-17,0.08,93538.7113214
2010-05-14,93397.4670362,-0.000889876886163,-0.00151000888617,56.5430309282,1.46331720169,0.000604488025646,1.56439743612e-05,28271.5154641,0.302244012823,0.26091523635,0.26091523635,0.521830472701,-1.04083408559e-17,3.46944695195e-17,0.08,93397.4670362
2010-05-17,93367.2748097,0.000354233532398,-0.000323266009189,59.2709073184,4.00583378404,0.000634609365749,4.28901758384e-05,29635.4536592,0.317304682875,0.209895074132,0.209895074132,0.419790148264,2.77555756156e-17,9.02056207508e-17,0.08,93367.2748097
2010-05-18,93248.2908677,-0.000657150454344,-0.00127436451596,56.5537685474,1.07382635987,0.000605712961663,1.15010999525e-05,28276.8842737,0.302856480832,0.244880187413,0.244880187413,0.489760374825,1.73472347598e-16,1.94289029309e-16,0.08,93248.2908677
2010-05-19,93291.4648568,0.00100532234027,0.000463000325587,49.3193867805,1.25121418869,0.000528903922222,1.3418092461e-05,24659.6933902,0.264451961111,0.281287871879,0.281287871879,0.562575743758,3.3653635434e-16,3.40005801291e-16,0.08,93291.4648568
2010-05-20,93232.0659625,0.000305667260327,-0.000636702342912,86.4771361959,1.4379045268,0.000926956569163,1.54130340756e-05,43238.5680979,0.463478284582,0.353647459107,0.353647459107,0.707294918213,0,2.77555756156e-17,0.08,93232.0659625
2010-05-21,93230.3609774,0.000593117271223,-1.82875395432e-05,55.1958879904,1.80664565671,0.000592026867801,1.93779429647e-05,27597.9439952,0.296013433901,0.323643392574,0.323643392574,0.647286785147,2.08166817117e-17,3.46944695195e-17,0.08,93230.3609774
2010-05-24,92873.4107147,-0.00288752156072,-0.00382869120134,82.7855759692,4.96000936728,0.000887967987051,5.32016535738e-05,41392.7879846,0.443983993526,0.415710339794,0.415710339794,0.831420679587,-5.55111512313e-17,-4.16333634234e-17,0.08,92873.4107147
2010-05-25,92729.3886722,-0.000832798023853,-0.00155073493472,64.5617187892,2.11553080142,0.000695158262116,2.27786487558e-05,32280.8593946,0.347579131058,0.324772926125,0.324772926125,0.649545852251,-1.38777878078e-17,0,0.08,92729.3886722
2010-05-26,92342.4822161,-0.00363873942853,-0.00417242539383,47.8381818038,1.6501915012,0.000515890188524,1.7795776774e-05,23919.0909019,0.257945094262,0.308180389636,0.308180389636,0.616360779272,-5.55111512313e-17,1.38777878078e-17,0.08,92342.4822161
2010-05-27,92310.0848739,0.00020276168148,-0.000350838979841,49.5615089681,1.55935025476,0.000536714064629,1.68865966924e-05,24780.7544841,0.268357032314,0.209245612419,0.209245612419,0.418491224838,-1.45716771982e-16,-1.11022302463e-16,0.08,92310.0848739
2010-05-28,92205.4446337,-0.000660196563908,-0.00113357321964,42.6390567891,1.05838247901,0.000461911142725,1.14655130093e-05,21319.5283945,0.230955571362,0.230135288988,0.230135288988,0.460270577976,-1.28369537222e-16,-6.93889390391e-17,0.08,92205.4446337
2010-06-01,92026.4933738,-0.0010835590218,-0.00194078842776,74.3903195382,4.65089899113,0.000806788794671,5.0440611285e-05,37195.1597691,0.403394397336,0.31989007108,0.31989007108,0.63978014216,1.07552855511e-16,1.94289029309e-16,0.08,92026.4933738
2010-06-02,92314.2680505,0.00379085956075,0.00312708510444,59.4717747,1.61306090447,0.000646246233228,1.75282230729e-05,29735.88735,0.323123116614,0.305407043795,0.305407043795,0.610814087591,-4.16333634234e-17,5.55111512313e-17,0.08,92314.2680505
2010-06-03,92460.0114,0.00238085854476,0.00157877381938,72.4990189839,1.54484535372,0.00078535009284,1.67346325367e-05,36249.509492,0.39267504642,0.336726456473,0.336726456473,0.673452912946,-2.08166817117e-17,-1.38777878078e-17,0.08,92460.0114
2010-06-04,92456.7850762,0.00105533491771,-3.48942615391e-05,99.0966444241,1.70595791804,0.00107177841451,1.84507647383e-05,49548.322212,0.535889207256,0.296427081235,0.296427081235,0.59285416247,2.63677968348e-16,3.05311331772e-16,0.08,92456.7850762
2010-06-07,92201.2753735,-0.00120285012415,-0.00276355815795,139.79283712,4.50521012721,0.00151198029441,4.87277393811e-05,69896.41856,0.755990147207,0.459716609565,0.459716609565,0.919433219129,8.32667268469e-17,1.73472347598e-16,0.08,92201.2753735
2010-06-08,92364.8469892,0.00278415771306,0.00177407107455,90.8087306804,2.32254562807,0.000984896687302,2.5189951209e-05,45404.3653402,0.492448343651,0.39699210093,0.39699210093,0.793984201861,8.32667268469e-17,1.11022302463e-16,0.08,92364.8469892
2010-06-09,92340.1568544,0.00108804042405,-0.000267310948083,123.177610342,2.0092117621,0.0013335983803,2.17529918318e-05,61588.8051708,0.66679919015,0.312172732168,0.312172732168,0.624345464336,-1.38777878078e-17,-2.77555756156e-17,0.08,92340.1568544
2010-06-10,92091.4782469,-0.00204728703601,-0.00269307109647,58.0522902561,1.57951118104,0.000628678705275,1.71053551873e-05,29026.145128,0.314339352637,0.348952812279,0.348952812279,0.697905624559,6.93889390391e-17,5.55111512313e-17,0.08,92091.4782469
2010-06-11,92176.0255948,0.00183665369108,0.00091808003796,82.8319518783,1.76085371623,0.000899452951077,1.91207020427e-05,41415.9759391,0.449726475539,0.21386281173,0.21386281173,0.427725623461,3.46944695195e-17,3.46944695195e-17,0.08,92176.0255948
2010-06-14,92046.1786206,-0.000642664316527,-0.00140868488625,67.3682345439,3.24049709718,0.000730865039029,3.51555306954e-05,33684.1172719,0.365432519514,0.312058199864,0.312058199864,0.624116399728,6.93889390391e-18,-2.77555756156e-17,0.08,92046.1786206
2010-06-15,92015.6479195,0.000455754271227,-0.000331688958296,70.9072352375,1.57390492081,0.000770344150079,1.70990794446e-05,35453.6176188,0.385172075039,0.462845545985,0.462845545985,0.92569109197,-3.46944695195e-17,-1.14491749414e-16,0.08,92015.6479195
2010-06-16,92069.0088963,0.00169973903984,0.000579911982227,100.707966631,2.3336456329,0.00109446565784,2.536139978e-05,50353.9833157,0.547232828918,0.463050190206,0.463050190206,0.926100380411,-1.38777878078e-16,-1.94289029309e-16,0.08,92069.0088963
2010-06-17,91815.0798467,-0.00151181912452,-0.00275802957707,112.401329896,2.33603134693,0.00122083783939,2.53726131619e-05,56200.6649478,0.610418919694,0.491455759988,0.491455759988,0.982911519976,-3.33066907388e-16,-3.05311331772e-16,0.08,91815.0798467
2010-06-18,91781.3358029,0.000986821799748,-0.000367521803312,121.876670173,2.47249588189,0.00132741452032,2.69290827391e-05,60938.3350864,0.66370726016,0.295846674175,0.295846674175,0.591693348349,-1.11022302463e-16,-2.77555756156e-17,0.08,91781.3358029
2010-06-21,91780.689499,0.00139359015503,-7.0417797543e-06,124.088329732,4.46354021073,0.00135199960478,4.86323300013e-05,62044.1648661,0.675999802392,0.256624661838,0.256624661838,0.513249323677,0,5.55111512313e-17,0.08,91780.689499
2010-06-22,91561.5886993,-0.00180654053137,-0.00238722111229,52.0046784291,1.29058566608,0.000566618955611,1.40616253062e-05,26002.3392146,0.283309477805,0.245697620508,0.245697620508,0.491395241015,-2.77555756156e-16,-2.22044604925e-16,0.08,91561.5886993
2010-06-23,91713.0144697,0.00240169496331,0.00165381326968,67.2445530431,1.23268298484,0.000734418810315,1.34628833155e-05,33622.2765215,0.367209405157,0.324770131193,0.324770131193,0.649540262385,-4.51028103754e-16,-2.77555756156e-16,0.08,91713.0144697
2010-06-24,91281.6336598,-0.00353392974396,-0.00470359427658,105.641369918,1.6320902872,0.00115186890899,1.7795623627e-05,52820.6849589,0.575934454497,0.420129027014,0.420129027014,0.840258054028,-2.77555756156e-17,0,0.08,91281.6336598
2010-06-25,91235.2677171,0.000332924704773,-0.000507943830269,74.6544802055,2.10137336623,0.000817847766439,2.30207686035e-05,37327.2401028,0.408923883219,0.320266967647,0.320266967647,0.640533935294,5.55111512313e-17,1.38777878078e-16,0.08,91235.2677171
2010-06-28,90888.7587962,-0.00287238641285,-0.00379797121845,79.642748624,4.80322890974,0.00087293818078,5.26466248187e-05,39821.374312,0.43646909039,0.346048487924,0.346048487924,0.692096975849,-1.66533453694e-16,-1.70002900646e-16,0.08,90888.7587962
2010-06-29,90862.2022967,0.000119974368628,-0.000292186843713,35.7374282711,1.72339274251,0.000393199651358,1.89615609822e-05,17868.7141355,0.196599825679,0.313262830389,0.313262830389,0.626525660778,-2.77555756156e-17,-6.93889390391e-18,0.08,90862.2022967
2010-06-30,90899.4704852,0.000827881572039,0.000410161624842,36.3952967748,1.55965757078,0.0004005548606,1.71650865967e-05,18197.6483874,0.2002774303,0.331822068812,0.331822068812,0.663644137625,5.55111512313e-17,6.24500451352e-17,0.08,90899.4704852
2010-07-01,90904.9410312,0.000647440098147,6.01823745046e-05,51.728679112,1.6527370055,0.000569075692475,1.81820311678e-05,25864.339556,0.284537846237,0.339286115185,0.339286115185,0.67857223037,0,-6.93889390391e-18,0.08,90904.9410312
2010-07-02,90900.9971895,0.000768472149939,-4.33842386398e-05,72.1117415518,1.69001557773,0.000793265368569,1.85910200101e-05,36055.8707759,0.396632684284,0.365312446965,0.365312446965,0.730624893931,2.22044604925e-16,1.80411241502e-16,0.08,90900.9971895
2010-07-06,90936.0235332,0.00155444263787,0.000385324086736,98.9957373163,7.27830481422,0.0010890500696,8.00684815266e-05,49497.8686581,0.544525034802,0.30768915424,0.30768915424,0.615378308481,0,2.08166817117e-17,0.08,90936.0235332
2010-07-07,90743.469303,-0.00096287154243,-0.0021174692131,103.461368723,1.53315222854,0.00113773799099,1.68596796844e-05,51730.6843614,0.568868995493,0.390756463276,0.390756463276,0.781512926551,2.49800180541e-16,2.22044604925e-16,0.08,90743.469303
2010-07-08,90838.7215105,0.00188920607675,0.0010496866403,74.2379693818,1.94293682905,0.000818108123394,2.14113130562e-05,37118.9846909,0.409054061697,0.252777253884,0.252777253884,0.505554507768,2.77555756156e-17,-1.38777878078e-17,0.08,90838.7215105
2010-07-09,91011.0832028,0.0023568220215,0.0018974473597,40.470817242,1.25818972985,0.000445523853364,1.3850808432e-05,20235.408621,0.222761926682,0.234846647837,0.234846647837,0.469693295673,1.04083408559e-16,6.93889390391e-17,0.08,91011.0832028
2010-07-12,90802.6884274,-0.00145988313619,-0.00228977359729,72.0157534531,3.5134763517,0.000791285532693,3.86049284115e-05,36007.8767265,0.395642766347,0.250066755004,0.250066755004,0.500133510008,-2.42861286637e-17,-4.16333634234e-17,0.08,90802.6884274
2010-07-13,90624.134815,-0.0012022877079,-0.00196639125406,68.1384516455,1.24420458305,0.000750401258219,1.37022879454e-05,34069.2258228,0.375200629109,0.347335065521,0.347335065521,0.694670131042,-1.38777878078e-17,-5.20417042793e-17,0.08,90624.134815
2010-07-14,90444.9471478,-0.00119858222125,-0.00197726210077,68.8424265548,1.72476382486,0.000759647821139,1.90320583847e-05,34421.2132774,0.379823910569,0.354460375252,0.354460375252,0.708920750503,5.55111512313e-17,8.67361737988e-18,0.08,90444.9471478
2010-07-15,90573.3526112,0.00205250750635,0.00141970853504,55.4768037678,1.75666574825,0.000613376485002,1.94224863152e-05,27738.4018839,0.306688242501,0.369916606302,0.369916606302,0.739833212605,-1.11022302463e-16,-2.22044604925e-16,0.08,90573.3526112
2010-07-16,90846.7624094,0.00385540429934,0.00301865604302,73.9512270737,1.83586779284,0.000816478853235,2.02694030851e-05,36975.6135368,0.408239426618,0.414134311937,0.414134311937,0.828268623874,2.77555756156e-17,-2.08166817117e-17,0.08,90846.7624094
2010-07-19,90562.6921593,-0.00185080079703,-0.00312691660813,109.746426373,6.18456352473,0.0012080389379,6.80768731951e-05,54873.2131863,0.60401946895,0.38027652354,0.38027652354,0.760553047079,7.6327832943e-17,1.56125112838e-17,0.08,90562.6921593
2010-07-20,90564.6844758,0.00074578882498,2.19993082304e-05,63.6612660572,1.88706113626,0.000702952446966,2.0837069783e-05,31830.6330286,0.351476223483,0.292818168271,0.292818168271,0.585636336541,-4.85722573274e-17,-5.37764277553e-17,0.08,90564.6844758
2010-07-21,90499.8988825,9.58845520766e-05,-0.000715351615704,72.0162525009,1.45309506949,0.000795191336642,1.60448311381e-05,36008.1262505,0.397595668321,0.293542422958,0.293542422958,0.587084845915,1.11022302463e-16,1.11022302463e-16,0.08,90499.8988825
2010-07-22,90542.9691837,0.00102826353934,0.000475915462236,48.5317980249,1.45564710112,0.00053626356078,1.60845163264e-05,24265.8990125,0.26813178039,0.269500254678,0.269500254678,0.539000509355,1.45716771982e-16,1.7694179455e-16,0.08,90542.9691837
2010-07-23,90695.2355242,0.00218307652953,0.00168170253232,44.0588299264,1.33706045229,0.000486606859965,1.47671372426e-05,22029.4149632,0.243303429983,0.281878319734,0.281878319734,0.563756639467,5.55111512313e-17,1.38777878078e-17,0.08,90695.2355242
2010-07-26,90706.8415158,0.000966538943868,0.000127966937976,71.8520164391,4.2024691393,0.000792235843744,4.6336162148e-05,35926.0082196,0.396117921872,0.36294657423,0.36294657423,0.725893148461,0,-1.73472347598e-17,0.08,90706.8415158
2010-07-27,90569.4058634,-0.000724308736847,-0.00151516302499,69.9319637606,1.80393081575,0.00077096680462,1.98874835195e-05,34965.9818803,0.38548340231,0.371030285502,0.371030285502,0.742060571004,2.77555756156e-17,6.93889390391e-17,0.08,90569.4058634
2010-07-28,90512.9661351,0.000507579925946,-0.000623165491432,100.569625976,1.84131465837,0.00111041499078,2.03304266028e-05,50284.8129882,0.555207495388,0.401660253899,0.401660253899,0.803320507798,-5.55111512313e-17,-2.77555756156e-17,0.08,90512.9661351
2010-07-29,90673.2858204,0.00270428925338,0.00177123446677,82.4614762497,1.99208005255,0.00091104600557,2.20087810356e-05,41230.7381249,0.455523002785,0.291138183688,0.291138183688,0.582276367377,-1.94289029309e-16,-1.66533453694e-16,0.08,90673.2858204
2010-07-30,90507.8926566,-0.000909690765668,-0.00182405614076,81.4620222741,1.44649072563,0.0008984125979,1.59527771884e-05,40731.0111371,0.44920629895,0.247509946894,0.247509946894,0.495019893788,-5.55111512313e-17,-5.03069808033e-17,0.08,90507.8926566
2010-08-02,90363.2683603,-0.00101474927981,-0.0015979191657,49.0990220287,3.68245540355,0.000542483319272,4.06865666127e-05,24549.5110143,0.271241659636,0.206167874883,0.206167874883,0.412335749767,-1.2490009027e-16,-1.21430643318e-16,0.08,90363.2683603
2010-08-03,90081.27403,-0.00251410690342,-0.00312067431217,53.790591453,1.02082208249,0.000595270538893,1.12968698566e-05,26895.2957265,0.297635269446,0.255757510501,0.255757510501,0.511515021001,-9.71445146547e-17,-9.71445146547e-17,0.08,90081.27403
2010-08-04,90100.0060523,0.000794305671711,0.000207945797251,51.5576356334,1.26240889801,0.000572345764296,1.40141101644e-05,25778.8178167,0.286172882148,0.298824513371,0.298824513371,0.597649026742,6.93889390391e-18,-1.04083408559e-17,0.08,90100.0060523
2010-08-05,89967.7614579,-0.000928068615115,-0.00146775344631,47.1503139289,1.47529262813,0.000523310885257,1.63739459381e-05,23575.1569644,0.261655442628,0.318819281974,0.318819281974,0.637638563948,2.56739074445e-16,2.63677968348e-16,0.08,89967.7614579
2010-08-06,90036.3204717,0.00146331127858,0.000762039787318,61.5201299634,1.57169627994,0.000683801941568,1.74695496972e-05,30760.0649817,0.341900970784,0.323798293947,0.323798293947,0.647596587894,3.26128013484e-16,2.46330733589e-16,0.08,90036.3204717
2010-08-09,89965.5377134,1.66308476702e-05,-0.000786157829594,67.4877648701,4.79237374718,0.000749561560452,5.32271168132e-05,33743.8824351,0.374780780226,0.377555099805,0.377555099805,0.755110199609,4.4408920985e-16,4.30211422042e-16,0.08,89965.5377134
2010-08-10,89677.3767825,-0.00211112943335,-0.0032030146022,96.3708337305,1.8612026066,0.00107119721818,2.06879506742e-05,48185.4168652,0.535598609089,0.406301253878,0.406301253878,0.812602507756,1.11022302463e-16,4.85722573274e-17,0.08,89677.3767825
2010-08-11,89853.5208717,0.00290589590467,0.00196419761161,82.452537813,1.99649482911,0.000919435210655,2.22630824043e-05,41226.2689065,0.459717605327,0.343199874357,0.343199874357,0.686399748713,2.49800180541e-16,1.94289029309e-16,0.08,89853.5208717
2010-08-12,89679.2471694,-0.00110694520256,-0.00193953114594,73.1210405195,1.68973792185,0.000813780470816,1.88054725675e-05,36560.5202598,0.406890235408,0.312272147101,0.312272147101,0.624544294201,3.46944695195e-16,2.53269627493e-16,0.08,89679.2471694
2010-08-13,89662.570062,0.000598070889037,-0.000185963954781,68.7771706543,1.53448389392,0.000766924041237,1.71108025809e-05,34388.5853271,0.383462020618,0.181606378696,0.181606378696,0.363212757392,6.93889390391e-17,4.59701721134e-17,0.08,89662.570062
2010-08-16,89628.9197003,0.000255665080382,-0.000375299990233,53.8972438802,2.67670597044,0.000601111967267,2.98531033473e-05,26948.6219401,0.300555983634,0.272830487048,0.272830487048,0.545660974096,6.93889390391e-18,-1.73472347598e-17,0.08,89628.9197003
2010-08-17,89544.1621716,-0.000231516526336,-0.000945649339269,62.6670346381,1.3399179077,0.000699183197205,1.49496157287e-05,31333.517319,0.349591598602,0.272466771759,0.272466771759,0.544933543517,1.90819582357e-16,1.66533453694e-16,0.08,89544.1621716
2010-08-18,89692.9005075,0.00241729175762,0.00166106122707,66.379163031,1.33686623544,0.000741300844424,1.49296861238e-05,33189.5815155,0.370650422212,0.327063059974,0.327063059974,0.654126119948,4.16333634234e-17,2.77555756156e-17,0.08,89692.9005075
2010-08-19,89583.941209,-0.000451051000082,-0.0012148040467,66.8958159132,1.60741010948,0.000745831783059,1.79212635602e-05,33447.9079566,0.372915891529,0.301688777879,0.301688777879,0.603377555757,2.8449465006e-16,2.8449465006e-16,0.08,89583.941209
2010-08-20,89639.6657065,0.00142994155706,0.000622036681604,70.8944004135,1.48090245156,0.000791373983515,1.65308919385e-05,35447.2002068,0.395686991757,0.220592492485,0.220592492485,0.441184984969,-1.2490009027e-16,-1.11022302463e-16,0.08,89639.6657065
2010-08-23,89607.1484943,0.000376974435179,-0.000362754724539,63.0585807904,3.25049380006,0.000703467380131,3.62617795865e-05,31529.2903952,0.351733690066,0.303609764757,0.303609764757,0.607219529514,6.24500451352e-16,6.38378239159e-16,0.08,89607.1484943
2010-08-24,89585.2854368,0.000522451555534,-0.00024398787264,67.1877335551,1.49071809725,0.000749803276681,1.66361514935e-05,33593.8667775,0.374901638341,0.346728195832,0.346728195832,0.693456391665,4.23272528138e-16,3.3653635434e-16,0.08,89585.2854368
2010-08-25,89449.3372587,-0.000506055051619,-0.0015175279893,88.9110784428,1.70201339138,0.000992474132435,1.89988052511e-05,44455.5392214,0.496237066217,0.21621890856,0.21621890856,0.43243781712,7.07767178199e-16,6.24500451352e-16,0.08,89449.3372587
2010-08-26,89307.2766962,-0.000614477940599,-0.00158816785906,86.0361569114,1.05976099033,0.000961842307033,1.1847611428e-05,43018.0784557,0.480921153516,0.322905948492,0.322905948492,0.645811896983,7.2858385991e-16,7.87564458093e-16,0.08,89307.2766962
2010-08-27,89252.1995962,0.000477070592178,-0.000616714584133,96.1028191739,1.58015621309,0.00107609169968,1.76934766297e-05,48051.4095869,0.53804584984,0.291316750391,0.291316750391,0.582633500783,6.10622663544e-16,4.85722573274e-16,0.08,89252.1995962
2010-08-30,89256.8301066,0.00123553837708,5.18811902048e-05,101.369926277,4.27408121945,0.00113576950188,4.78876849958e-05,50684.9631384,0.567884750938,0.382534117887,0.382534117887,0.765068235775,1.11022302463e-16,4.85722573274e-17,0.08,89256.8301066
2010-08-31,89050.0771697,-0.00135975123942,-0.00231638224901,83.5149592912,1.87089220659,0.000935670236009,2.09607735829e-05,41757.4796456,0.467835118005,0.423066081778,0.423066081778,0.846132163557,2.22044604925e-16,2.22044604925e-16,0.08,89050.0771697
2010-09-01,88958.2367052,0.000178882806861,-0.00103133503605,105.705659852,2.06433245097,0.0011870361398,2.31817031111e-05,52852.8299261,0.593518069899,0.401287576584,0.401287576584,0.802575153168,0,8.32667268469e-17,0.08,88958.2367052
2010-09-02,88679.7812959,-0.00199211092452,-0.0031301813025,99.2846883057,1.95604576573,0.00111608201762,2.19883603608e-05,49642.3441528,0.558041008809,0.39227709614,0.39227709614,0.78455419228,-1.2490009027e-16,-1.38777878078e-16,0.08,88679.7812959
2010-09-03,89014.8176701,0.00461084207436,0.00377804691503,71.9459530266,1.90613956674,0.000811300523921,2.14946354049e-05,35972.9765133,0.405650261961,0.287224232146,0.287224232146,0.574448464291,-2.08166817117e-17,-5.55111512313e-17,0.08,89014.8176701
2010-09-07,89168.6509049,0.0031493905576,0.00172817558791,120.905418761,5.60377263668,0.00135826171333,6.29532563607e-05,60452.7093803,0.679130856666,0.376417294926,0.376417294926,0.752834589852,-4.4408920985e-16,-1.80411241502e-16,0.08,89168.6509049
2010-09-08,88902.5996251,-0.00158296077597,-0.0029836862744,123.061645593,1.83915738991,0.00138009989323,2.06256052014e-05,61530.8227966,0.690049946614,0.281421678414,0.281421678414,0.562843356828,-2.77555756156e-17,1.38777878078e-17,0.08,88902.5996251
2010-09-09,88865.5989497,0.000332866145944,-0.000416193402286,65.2224304924,1.37091061928,0.00073363918229,1.54203659405e-05,32611.2152462,0.366819591145,0.341452655431,0.341452655431,0.682905310863,-4.16333634234e-17,1.38777878078e-17,0.08,88865.5989497
2010-09-10,88576.6309605,-0.00236488735112,-0.00325174187378,77.1482065714,1.66265176646,0.00086814478812,1.87097345442e-05,38574.1032857,0.43407239406,0.393049842282,0.393049842282,0.786099684565,-2.77555756156e-17,2.77555756156e-17,0.08,88576.6309605
2010-09-13,88378.7824304,-0.00132780845831,-0.00223364252942,74.5127114612,5.7230187664,0.000841223138126,6.46109329779e-05,37256.3557306,0.420611569063,0.25403572023,0.25403572023,0.50807144046,6.93889390391e-17,9.71445146547e-17,0.08,88378.7824304
2010-09-14,88274.0417256,-0.00073150706,-0.00118513405574,38.8607896349,1.2302119259,0.000439707230245,1.3919765492e-05,19430.3948175,0.219853615123,0.247818421236,0.247818421236,0.495636842472,6.93889390391e-18,2.77555756156e-17,0.08,88274.0417256
2010-09-15,88158.4403577,-0.000542940652251,-0.00130957375012,66.4751207735,1.19868129625,0.000753054006298,1.35790915746e-05,33237.5603868,0.376527003149,0.185164492079,0.185164492079,0.370328984159,-6.93889390391e-18,0,0.08,88158.4403577
2010-09-16,88101.2795093,-0.000161275746343,-0.000648387699904,42.0485746079,0.894455497608,0.000476965953994,1.0145999566e-05,21024.2873039,0.238482976997,0.260634866917,0.260634866917,0.521269733834,4.07660016855e-17,4.16333634234e-17,0.08,88101.2795093
2010-09-17,87743.5418609,-0.00332862664176,-0.00406052727502,63.2231759476,1.25820631562,0.000717619270682,1.42813625708e-05,31611.5879738,0.358809635341,0.305770048865,0.305770048865,0.611540097729,1.94289029309e-16,2.22044604925e-16,0.08,87743.5418609
2010-09-20,87673.1326934,8.52756053659e-05,-0.000802442733326,73.4812475817,4.41030362998,0.000837454769015,5.02635696764e-05,36740.6237909,0.418727384508,0.375228930726,0.375228930726,0.750457861452,-8.32667268469e-17,-4.33680868994e-17,0.08,87673.1326934
2010-09-21,87921.3081705,0.00382253354805,0.00283069019609,85.1554112967,1.80260251145,0.000971282862613,2.05604893548e-05,42577.7056484,0.485641431307,0.314374103584,0.314374103584,0.628748207167,2.77555756156e-16,2.08166817117e-16,0.08,87921.3081705
2010-09-22,87504.9789185,-0.0036520384751,-0.00473524860712,93.7227212861,1.51453054477,0.00106598415374,1.72259782786e-05,46861.3606431,0.532992076871,0.350998363157,0.350998363157,0.701996726314,1.11022302463e-16,2.49800180541e-16,0.08,87504.9789185
2010-09-23,87219.4454649,-0.00240606795198,-0.00326305379551,73.3075635488,1.68296462293,0.00083775305651,1.92327870223e-05,36653.7817744,0.418876528255,0.323143649792,0.323143649792,0.646287299585,5.55111512313e-16,6.17561557448e-16,0.08,87219.4454649
2010-09-24,87191.0705319,9.3708112793e-05,-0.000325328060308,35.003751418,1.54435122961,0.000401329671743,1.77065013585e-05,17501.875709,0.200664835872,0.352063505229,0.352063505229,0.704127010458,2.77555756156e-17,4.85722573274e-17,0.08,87191.0705319
2010-09-27,87084.3166067,-0.000342809848706,-0.00122436763887,71.8179191454,5.04604831498,0.000823684337252,5.78734529144e-05,35908.9595727,0.411842168626,0.412793149167,0.412793149167,0.825586298335,0,3.46944695195e-17,0.08,87084.3166067
2010-09-28,86879.6050743,-0.00149725739573,-0.00235072789727,72.3541523954,1.96974297508,0.000830851698844,2.26188026941e-05,36177.0761977,0.415425849422,0.428535462267,0.428535462267,0.857070924533,8.881784197e-16,7.97972798949e-16,0.08,86879.6050743
2010-09-29,86412.3263734,-0.00439633396978,-0.00537846253434,83.2868874806,2.04005434093,0.000958647169372,2.34813951927e-05,41643.4437403,0.479323584686,0.495876528108,0.495876528108,0.991753056216,8.881784197e-16,7.21644966006e-16,0.08,86412.3263734
2010-09-30,86413.64243,0.00106533178823,1.52299635501e-05,88.393804921,2.34793667878,0.00102293050807,2.71713166087e-05,44196.9024605,0.511465254037,0.302831167693,0.302831167693,0.605662335386,1.38777878078e-16,1.38777878078e-16,0.08,86413.64243
2010-10-01,86384.1838582,0.000107923471232,-0.000340901863338,37.350728181,1.43390379406,0.00043223184593,1.65934886407e-05,18675.3640905,0.216115922965,0.277289458437,0.277289458437,0.554578916874,-5.55111512313e-17,-8.32667268469e-17,0.08,86384.1838582
2010-10-04,86390.8888708,0.000663304448878,7.76185205986e-05,46.6564518334,3.93754907828,0.000540104099495,4.55818287841e-05,23328.2259167,0.270052049748,0.284060125561,0.284060125561,0.568120251121,-8.32667268469e-17,-1.04083408559e-16,0.08,86390.8888708
2010-10-05,86366.1058362,0.000171573273246,-0.000286870929589,38.2607333181,1.34466886246,0.000442879264448,1.55649383869e-05,19130.366659,0.221439632224,0.277302397552,0.277302397552,0.554604795104,5.55111512313e-17,5.55111512313e-17,0.08,86366.1058362
2010-10-06,86074.7751196,-0.00278722693422,-0.00337320658124,49.2964772968,1.31230291592,0.000570784995104,1.51946519207e-05,24648.2386484,0.285392497552,0.233296591635,0.233296591635,0.466593183269,-2.35922392733e-16,-1.73472347598e-16,0.08,86074.7751196
2010-10-07,86091.7734918,0.000772655015741,0.000197483783175,48.4074083799,1.10032611842,0.000562387857681,1.27833748841e-05,24203.70419,0.281193928841,0.261834208883,0.261834208883,0.523668417766,-1.11022302463e-16,-1.11022302463e-16,0.08,86091.7734918
2010-10-08,86010.04036,-0.000286744835732,-0.000949372147033,55.8115948376,1.23516555636,0.000648280231362,1.43470799388e-05,27905.7974188,0.324140115681,0.335906802553,0.335906802553,0.671813605107,0,0,0.08,86010.04036
2010-10-11,85903.7923464,-0.000440540864153,-0.00123529779918,63.6078117874,4.74926427038,0.000739539378439,5.52175565841e-05,31803.9058937,0.36976968922,0.350089387938,0.350089387938,0.700178775876,1.11022302463e-16,8.32667268469e-17,0.08,85903.7923464
2010-10-12,86086.7139141,0.00265409361942,0.00212937709373,43.4272487189,1.64789074433,0.000505533545525,1.9182980161e-05,21713.6243594,0.252766772762,0.320335463952,0.320335463952,0.640670927904,2.22044604925e-16,2.35922392733e-16,0.08,86086.7139141
2010-10-13,85886.6401482,-0.00157298394705,-0.00232409574995,63.1496988153,1.511048079,0.000733559174745,1.75526281618e-05,31574.8494077,0.366779587372,0.292738824744,0.292738824744,0.585477649488,0,3.46944695195e-17,0.08,85886.6401482
2010-10-14,85517.0094383,-0.00325115345559,-0.00430370438543,89.0223997106,1.37766323826,0.00103651044629,1.60404835476e-05,44511.1998553,0.518255223147,0.396303865509,0.396303865509,0.792607731018,1.31838984174e-16,1.80411241502e-16,0.08,85517.0094383
2010-10-15,84676.883126,-0.0090248996763,-0.00982408432882,66.4868556424,1.85702583053,0.000777469372223,2.17152803019e-05,33243.4278212,0.388734686111,0.321695703269,0.321695703269,0.643391406538,3.95516952523e-16,3.85108611667e-16,0.08,84676.883126
2010-10-18,84988.2363407,0.00423058590357,0.00367695648663,42.401774069,4.47783936458,0.000500747931473,5.28814854689e-05,21200.8870345,0.250373965737,0.320632818456,0.320632818456,0.641265636913,4.71844785466e-16,4.7878367937e-16,0.08,84988.2363407
2010-10-19,85053.7391093,0.00140253051073,0.000770727472234,52.2026742989,1.49315165773,0.000614234116939,1.75689215593e-05,26101.3371495,0.307117058469,0.328990206608,0.328990206608,0.657980413217,2.08166817117e-16,1.87350135405e-16,0.08,85053.7391093
2010-10-20,84888.5465412,-0.000843969811556,-0.00194221406167,91.8765280259,1.5332519015,0.00108021738948,1.80268606361e-05,45938.264013,0.540108694739,0.318168721404,0.318168721404,0.636337442808,2.49800180541e-16,2.42861286637e-16,0.08,84888.5465412
2010-10-21,84677.3197477,-0.0018976721355,-0.00248828378013,48.6562254348,1.47993864739,0.000573177742079,1.74339025427e-05,24328.1127174,0.28658887104,0.279242666483,0.279242666483,0.558485332966,2.49800180541e-16,2.22044604925e-16,0.08,84677.3197477
2010-10-22,84517.4421849,-0.00131018503644,-0.00188808010539,47.6389605714,1.29564496203,0.000562594100915,1.53009680265e-05,23819.4802857,0.281297050458,0.257298085112,0.257298085112,0.514596170224,-2.77555756156e-17,-6.93889390391e-17,0.08,84517.4421849
2010-10-25,84398.5219903,-0.000758953568771,-0.00140704914362,51.2006664088,3.57471386839,0.00060579999921,4.22955756348e-05,25600.3332044,0.302899999605,0.278029843457,0.278029843457,0.556059686913,-1.80411241502e-16,-2.22044604925e-16,0.08,84398.5219903
2010-10-26,84329.0980762,-0.000311914261027,-0.00082257262784,41.8130411074,1.28577029353,0.000495423854842,1.52345119702e-05,20906.5205537,0.247711927421,0.255392014289,0.255392014289,0.510784028578,3.46944695195e-17,-2.25514051877e-17,0.08,84329.0980762
2010-10-27,84584.856099,0.00383147802813,0.00303285613809,66.1669552959,1.18010839566,0.000784627807072,1.39940829747e-05,33083.4776479,0.392313903536,0.312400461037,0.312400461037,0.624800922074,-6.93889390391e-17,-6.24500451352e-17,0.08,84584.856099
2010-10-28,84450.3738496,-0.00017504704907,-0.00158990929964,118.228010383,1.44790948176,0.00139774441709,1.71178334815e-05,59114.0051913,0.698872208545,0.391735702842,0.391735702842,0.783471405684,-2.08166817117e-16,-2.22044604925e-16,0.08,84450.3738496
2010-10-29,84000.7927993,-0.00433185084334,-0.00532361231619,81.941902409,1.81272474276,0.00097029650283,2.14649700188e-05,40970.9512045,0.485148251415,0.284625907434,0.284625907434,0.569251814867,-2.04697370165e-16,-2.49800180541e-16,0.08,84000.7927993
2010-11-01,83884.6887802,-0.000418042097625,-0.00138217765836,77.0579374611,3.93021400696,0.000917347740339,4.67878204001e-05,38528.9687306,0.458673870169,0.270975793022,0.270975793022,0.541951586044,4.16333634234e-17,0,0.08,83884.6887802
2010-11-02,83893.1734523,0.000641265182226,0.000101146850296,44.0621392708,1.24551890765,0.000525270343271,1.48479886587e-05,22031.0696354,0.262635171635,0.214158835633,0.214158835633,0.428317671266,6.93889390391e-18,1.38777878078e-17,0.08,83893.1734523
2010-11-03,83901.6013678,0.000465847191321,0.000100460086622,29.6690199521,0.984463799677,0.000353652373979,1.17347307196e-05,14834.509976,0.17682618699,0.183440722896,0.183440722896,0.366881445791,5.89805981832e-17,6.24500451352e-17,0.08,83901.6013678
2010-11-04,83929.461508,0.000724942611562,0.000332057311853,32.1203649553,0.843340844219,0.00038283375325,1.005154646e-05,16060.1824776,0.191416876625,0.165904064785,0.165904064785,0.33180812957,-1.73472347598e-18,3.46944695195e-17,0.08,83929.461508
2010-11-05,83754.6676196,-0.00134761841581,-0.00208262849832,60.9260284384,0.762971990103,0.000725919448829,9.09063368685e-06,30463.0142192,0.362959724415,0.219714431975,0.219714431975,0.439428863951,-6.93889390391e-17,-6.93889390391e-17,0.08,83754.6676196
2010-11-08,83681.8741954,-0.000313233599175,-0.000869126775332,43.5336439455,3.02500425556,0.000519775735285,3.61174408727e-05,21766.8219728,0.259887867642,0.193561558824,0.193561558824,0.387123117647,-1.38777878078e-17,-1.38777878078e-17,0.08,83681.8741954
2010-11-09,83541.5558097,-0.00115635870585,-0.0016768073971,42.6645825084,0.887539398057,0.000509842578439,1.06061128123e-05,21332.2912542,0.25492128922,0.218180722571,0.218180722571,0.436361445143,-5.55111512313e-17,-5.55111512313e-17,0.08,83541.5558097
2010-11-10,83355.0113212,-0.00184432677393,-0.00223295444673,31.4678120873,0.998748329387,0.000376672564717,1.19551080861e-05,15733.9060437,0.188336282359,0.191319241379,0.191319241379,0.382638482758,-4.85722573274e-17,-8.32667268469e-17,0.08,83355.0113212
2010-11-11,83300.4645483,-0.000332971807235,-0.000654391043769,25.9180730025,0.873831097594,0.000310935990431,1.0483246103e-05,12959.0365013,0.155467995215,0.199960389832,0.199960389832,0.399920779664,-3.05311331772e-16,-3.1918911958e-16,0.08,83300.4645483
2010-11-12,83222.8967716,-0.000607816973466,-0.000931180602048,26.0236394726,0.912701006263,0.000312406894892,1.09567336894e-05,13011.8197363,0.156203447446,0.167859667245,0.167859667245,0.33571933449,3.46944695195e-17,1.38777878078e-17,0.08,83222.8967716
2010-11-15,83252.8756806,0.000754463316462,0.000360224291367,30.5133135093,2.2964001796,0.000366645655137,2.75933699581e-05,15256.6567546,0.183322827569,0.199648299746,0.199648299746,0.399296599492,-5.55111512313e-17,-6.24500451352e-17,0.08,83252.8756806
2010-11-16,83312.3817931,0.00131700934916,0.000714763447354,49.2279472974,0.910755894717,0.000591306268942,1.09396328628e-05,24613.9736487,0.295653134471,0.248142231578,0.248142231578,0.496284463155,-4.16333634234e-17,-8.67361737988e-17,0.08,83312.3817931
2010-11-17,83134.4673204,-0.0012275012536,-0.00213551057821,74.5156348474,1.13278467595,0.00089441249,1.3596834607e-05,37257.8174237,0.447206245,0.26313756381,0.26313756381,0.52627512762,-1.45716771982e-16,-1.66533453694e-16,0.08,83134.4673204
2010-11-18,83206.9583459,0.00202800379142,0.000871973175405,94.9073154299,1.19867403832,0.00114161211936,1.44184966471e-05,47453.6577149,0.570806059682,0.330666332498,0.330666332498,0.661332664996,3.40005801291e-16,2.35922392733e-16,0.08,83206.9583459
2010-11-19,83003.8718032,-0.00155505422571,-0.00244073989413,72.1876083421,1.50760217833,0.000867566965277,1.81187031506e-05,36093.804171,0.433783482639,0.348868694254,0.348868694254,0.697737388508,2.35922392733e-16,1.83880688454e-16,0.08,83003.8718032
2010-11-22,82970.0214243,0.000462258003779,-0.00040781686639,67.4594538253,4.76012915737,0.000812726591661,5.73482785075e-05,33729.7269127,0.406363295831,0.415907649084,0.415907649084,0.831815298168,9.71445146547e-17,9.02056207508e-17,0.08,82970.0214243
2010-11-23,82781.7597119,-0.00139437169396,-0.00226903294869,70.6798210411,1.89084200302,0.000851871794508,2.27894602238e-05,35339.9105205,0.425935897254,0.422346883338,0.422346883338,0.844693766676,4.71844785466e-16,4.19803081186e-16,0.08,82781.7597119
2010-11-24,82443.817082,-0.00327941937238,-0.00408233203885,64.5507635233,1.915759902,0.000779770371491,2.31422949774e-05,32275.3817616,0.389885185746,0.406627276821,0.406627276821,0.813254553643,-2.77555756156e-17,6.24500451352e-17,0.08,82443.817082
2010-11-26,82385.4161407,0.000101595601287,-0.000708372603105,63.103017901,3.6738525842,0.000765406311042,4.45618933503e-05,31551.5089505,0.382703155521,0.343596149619,0.343596149619,0.687192299239,2.49800180541e-16,2.77555756156e-16,0.08,82385.4161407
2010-11-29,82407.6178006,0.00126127431033,0.000269485315708,77.0556923163,4.65325672944,0.00093530743578,5.64815588415e-05,38527.8461581,0.46765371789,0.430060546914,0.430060546914,0.860121093829,4.16333634234e-17,1.45716771982e-16,0.08,82407.6178006
2010-11-30,82120.5478899,-0.00249111704212,-0.00348353608993,79.8409572507,1.9419323387,0.000968854086329,2.35649614748e-05,39920.4786254,0.484427043164,0.321749170147,0.321749170147,0.643498340294,-1.31838984174e-16,-6.07153216592e-17,0.08,82120.5478899
2010-12-01,82052.71321,3.25630186486e-05,-0.000826037838425,69.0609800271,1.44779277455,0.000840970765559,1.76300915149e-05,34530.4900135,0.420485382779,0.339229139836,0.339229139836,0.678458279672,-9.02056207508e-17,-4.16333634234e-17,0.08,82052.71321
2010-12-02,82126.593443,0.00198222242549,0.00090039963501,87.2413077012,1.52518746978,0.0010632348924,1.85878980732e-05,43620.6538506,0.531617446201,0.309654057772,0.309654057772,0.619308115544,-4.16333634234e-17,-4.59701721134e-17,0.08,82126.593443
2010-12-03,82103.8719407,0.000712307202633,-0.000276664371557,79.8273961037,1.39347029647,0.000972004228558,1.69673456313e-05,39913.6980519,0.486002114279,0.363939132445,0.363939132445,0.72787826489,-1.38777878078e-16,-1.11022302463e-16,0.08,82103.8719407
2010-12-06,82116.6655177,0.000810584537605,0.000155821847904,48.8466377378,4.91191428895,0.000594937078888,5.98256108129e-05,24423.3188689,0.297468539444,0.338458551992,0.338458551992,0.676917103984,-6.93889390391e-16,-7.35522753814e-16,0.08,82116.6655177
2010-12-07,82002.5742057,-0.000496358424717,-0.00138938072235,71.8091043996,1.52290891537,0.000874476623556,1.85456740818e-05,35904.5521998,0.437238311778,0.268985309222,0.268985309222,0.537970618444,-3.05311331772e-16,-2.91433543964e-16,0.08,82002.5742057
2010-12-08,82175.7187189,0.00278615062386,0.0021114521698,54.1183805782,1.20862946738,0.000659959533007,1.47389210533e-05,27059.1902891,0.329979766504,0.261342513883,0.261342513883,0.522685027767,-2.77555756156e-17,-6.93889390391e-17,0.08,82175.7187189
2010-12-09,82265.9448515,0.00168937728856,0.00109796584628,47.4228927162,1.17676761152,0.00057709130453,1.4320137747e-05,23711.4463581,0.288545652265,0.243133622966,0.243133622966,0.486267245933,-8.32667268469e-17,-9.71445146547e-17,0.08,82265.9448515
2010-12-10,82159.281564,-0.000361761542526,-0.0012965667338,75.8066532863,1.09597902567,0.000921482800972,1.33223902995e-05,37903.3266432,0.460741400486,0.283628699546,0.283628699546,0.567257399091,-1.66533453694e-16,-1.38777878078e-16,0.08,82159.281564
2010-12-13,81890.294235,-0.00262915340645,-0.0032739737245,49.1473882845,3.83058578394,0.000598196422229,4.66238958157e-05,24573.6941422,0.299098211114,0.374798690929,0.374798690929,0.749597381858,-1.38777878078e-16,-1.31838984174e-16,0.08,81890.294235
2010-12-14,81810.1022587,-0.000278779691961,-0.00097926105888,55.6808512662,1.68177397694,0.000679944452347,2.05369145715e-05,27840.4256331,0.339972226174,0.286455576499,0.286455576499,0.572911152998,-9.71445146547e-17,-1.04083408559e-16,0.08,81810.1022587
2010-12-15,81631.5118759,-0.00155058921193,-0.00218298691642,50.452413475,1.28410739759,0.000616701508519,1.56961959725e-05,25226.2067375,0.308350754259,0.26634799941,0.26634799941,0.53269599882,-2.49800180541e-16,-2.56739074445e-16,0.08,81631.5118759
2010-12-16,81555.897624,-0.000192346642319,-0.000926287534189,58.721340802,1.19136382887,0.000719346480944,1.45944109266e-05,29360.670401,0.359673240472,0.322831223296,0.322831223296,0.645662446591,-5.55111512313e-17,-5.55111512313e-17,0.08,81555.897624
2010-12-17,81456.2749202,-0.000658962015991,-0.00122152666693,44.4377916431,1.44267343545,0.000544875268837,1.76893820984e-05,22218.8958216,0.272437634419,0.321398311288,0.321398311288,0.642796622577,1.38777878078e-16,9.71445146547e-17,0.08,81456.2749202
2010-12-20,81363.4904453,-0.000452579626799,-0.00113907093176,51.6154777489,4.30354671833,0.000633658705846,5.28325991159e-05,25807.7388745,0.316829352923,0.324671512785,0.324671512785,0.649343025571,6.93889390391e-17,6.93889390391e-17,0.08,81363.4904453
2010-12-21,81556.0016881,0.00295523139055,0.00236606421069,46.4892238243,1.44747438512,0.000571376959983,1.77902198787e-05,23244.6119121,0.285688479992,0.319223577756,0.319223577756,0.638447155511,4.85722573274e-17,5.55111512313e-17,0.08,81556.0016881
2010-12-22,81682.9845027,0.00262273628314,0.00155700147153,85.4905167439,1.42655335048,0.00104824310872,1.74917028907e-05,42745.258372,0.524121554358,0.280876464295,0.280876464295,0.56175292859,-6.24500451352e-17,-1.11022302463e-16,0.08,81682.9845027
2010-12-23,81609.2316452,0.000246177687125,-0.000902915802497,92.6042444513,1.25714125371,0.00113370299843,1.53904911942e-05,46302.1222257,0.566851499214,0.412682524834,0.412682524834,0.825365049667,-2.70616862252e-16,-2.08166817117e-16,0.08,81609.2316452
2010-12-27,81586.1325269,0.000694787197157,-0.000283045407986,72.4185338814,7.38163370193,0.000887381640796,9.04509643471e-05,36209.2669407,0.443690820398,0.391563071393,0.391563071393,0.783126142786,2.08166817117e-16,1.94289029309e-16,0.08,81586.1325269
2010-12-28,81392.434573,-0.0015517944682,-0.00237415290925,65.3425726116,1.7504721444,0.000800902930287,2.14555107613e-05,32671.2863058,0.400451465144,0.256162412795,0.256162412795,0.51232482559,-3.46944695195e-16,-2.63677968348e-16,0.08,81392.434573
2010-12-29,81338.9183167,0.000105966000874,-0.000657508976249,60.9986387716,1.14244835197,0.000749438680531,1.40362965915e-05,30499.3193858,0.374719340266,0.349777925589,0.349777925589,0.699555851177,-1.11022302463e-16,-8.32667268469e-17,0.08,81338.9183167
2010-12-30,81192.2140306,-0.00110793200823,-0.00180361737194,55.027360281,1.55893469142,0.000676519449972,1.91659137309e-05,27513.6801405,0.338259724986,0.24027998266,0.24027998266,0.48055996532,-5.55111512313e-17,-6.24500451352e-17,0.08,81192.2140306
2010-12-31,81201.8501769,0.000510688698899,0.000118683132526,30.7588210089,1.06897883723,0.000378839539926,1.31660264471e-05,15379.4105045,0.189419769963,0.241360923687,0.241360923687,0.482721847374,-2.77555756156e-17,-2.08166817117e-17,0.08,81201.8501769
2011-01-03,81267.7707025,0.00151557496381,0.000811810635461,53.9252197591,3.22174579131,0.000664088560072,3.96757682773e-05,26962.6098796,0.332044280036,0.241665238209,0.241665238209,0.483330476419,-1.52655665886e-16,-1.45716771982e-16,0.08,81267.7707025
2011-01-04,81169.9756047,0.000169908503965,-0.00120336877713,110.52704099,1.07614220085,0.00136003535023,1.32419308608e-05,55263.5204951,0.680017675117,0.387952060993,0.387952060993,0.775904121987,-1.2490009027e-16,-1.17961196366e-16,0.08,81169.9756047
2011-01-05,81156.0378657,0.00083289087345,-0.00017171052275,79.8179881192,1.72548270283,0.000983343749023,2.12576471777e-05,39908.9940596,0.491671874511,0.388990741371,0.388990741371,0.777981482743,-1.52655665886e-16,-1.56125112838e-16,0.08,81156.0378657
2011-01-06,80856.8513142,-0.00293144019186,-0.00368655936557,59.5526749211,1.72980533349,0.000733804612537,2.1314561171e-05,29776.3374605,0.366902306268,0.399639610264,0.399639610264,0.799279220529,-2.77555756156e-17,-5.11743425413e-17,0.08,80856.8513142
2011-01-07,80957.4169894,0.00194130427742,0.00124374958409,54.6314678731,1.77060824912,0.000675656632494,2.18980608364e-05,27315.7339365,0.337828316247,0.419896325739,0.419896325739,0.839792651477,2.77555756156e-17,5.20417042793e-17,0.08,80957.4169894
2011-01-10,80883.2680581,-6.50024474132e-05,-0.000915900408762,63.2984919871,5.58800908523,0.000781873907803,6.90240535461e-05,31649.2459936,0.390936953901,0.300939537879,0.300939537879,0.601879075757,-1.94289029309e-16,-1.38777878078e-16,0.08,80883.2680581
2011-01-11,80901.0147788,0.00108903087624,0.000219411518711,69.0039036414,1.33375196227,0.000853129519839,1.6489837692e-05,34501.9518207,0.42656475992,0.440962201801,0.440962201801,0.881924403602,-1.94289029309e-16,-1.66533453694e-16,0.08,80901.0147788
2011-01-12,80775.3259687,-0.000288334082497,-0.00155361228088,100.407534632,1.95475559478,0.00124111588596,2.41623124274e-05,50203.767316,0.620557942978,0.321806144108,0.321806144108,0.643612288216,-6.93889390391e-18,-5.55111512313e-17,0.08,80775.3259687
2011-01-13,80857.9661827,0.0018563967575,0.00102308734747,65.8865106697,1.4243285583,0.000815676196655,1.76332133758e-05,32943.2553349,0.407838098328,0.293451039168,0.293451039168,0.586902078337,-2.49800180541e-16,-1.31838984174e-16,0.08,80857.9661827
2011-01-14,80680.1634228,-0.00114549782291,-0.00219895167199,83.8799793099,1.30015639459,0.00103737434009,1.60795089955e-05,41939.9896549,0.518687170046,0.282259838034,0.282259838034,0.564519676069,-5.55111512313e-17,-1.38777878078e-17,0.08,80680.1634228
2011-01-18,80524.703649,-0.00125155781575,-0.00192686488479,49.4925926664,4.99129202417,0.000613441899059,6.18651699801e-05,24746.2963332,0.306720949529,0.243320274436,0.243320274436,0.486640548873,-2.77555756156e-16,-2.28983498829e-16,0.08,80524.703649
2011-01-19,80475.2861596,-2.85012677308e-05,-0.000613693526439,46.0488281147,1.07360509539,0.000571859640931,1.33326177773e-05,23024.4140574,0.285929820465,0.233088549952,0.233088549952,0.466177099905,-1.11022302463e-16,-1.2490009027e-16,0.08,80475.2861596
2011-01-20,80480.2560276,0.000747917632149,6.17564500489e-05,54.1911891108,1.0278283703,0.00067338920676,1.27719753399e-05,27095.5945554,0.33669460338,0.243783234254,0.243783234254,0.487566468508,-2.77555756156e-17,-1.00613961607e-16,0.08,80480.2560276
2011-01-21,80274.3226908,-0.00193469036486,-0.00255880568675,49.153906808,1.07505408811,0.000610757336447,1.33579854386e-05,24576.953404,0.305378668224,0.285136032147,0.285136032147,0.570272064294,1.2490009027e-16,6.93889390391e-17,0.08,80274.3226908
2011-01-24,80240.4231573,0.000434648195414,-0.000422296101365,65.0280309219,3.76259208581,0.000810072620262,4.68716765174e-05,32514.015461,0.405036310131,0.308785498589,0.308785498589,0.617570997177,1.38777878078e-17,-1.11022302463e-16,0.08,80240.4231573
2011-01-25,79886.6252074,-0.003804081534,-0.00440922338117,47.1991897186,1.35764816831,0.000588222093821,1.69197533473e-05,23599.5948593,0.29411104691,0.232099176311,0.232099176311,0.464198352622,8.32667268469e-17,4.16333634234e-17,0.08,79886.6252074
2011-01-26,79958.6161114,0.00125534203362,0.00090116341465,27.2781554169,1.01597917309,0.000341460855883,1.27177630855e-05,13639.0777084,0.170730427941,0.217422149479,0.217422149479,0.434844298959,2.77555756156e-17,-1.38777878078e-17,0.08,79958.6161114
2011-01-27,79909.4897771,9.52586822411e-05,-0.000614397004598,55.790496269,0.952590366264,0.000697742144402,1.19135424372e-05,27895.2481345,0.348871072201,0.216299468946,0.216299468946,0.432598937893,-5.55111512313e-17,-4.16333634234e-17,0.08,79909.4897771
2011-01-28,79902.6330245,0.000300425018973,-8.58064878473e-05,29.9164733197,0.947089326168,0.000374379481125,1.18520256957e-05,14958.2366599,0.187189740562,0.209439313365,0.209439313365,0.41887862673,-2.77555756156e-17,-2.77555756156e-17,0.08,79902.6330245
2011-01-31,79746.5994993,-0.00132179358451,-0.00195279578751,47.667819229,2.75091823507,0.000596573822723,3.44283802792e-05,23833.9096145,0.298286911361,0.234840698393,0.234840698393,0.469681396786,-1.11022302463e-16,-9.71445146547e-17,0.08,79746.5994993
2011-02-01,79848.6651033,0.00183512009376,0.00127987405949,43.2528051945,1.02617792443,0.000542378050802,1.28679834736e-05,21626.4025972,0.271189025401,0.287977621565,0.287977621565,0.57595524313,-5.55111512313e-17,0,0.08,79848.6651033
2011-02-02,79757.0897907,-0.000487247892567,-0.00114686090905,51.4092391985,1.25997965269,0.000643833420784,1.57795957022e-05,25704.6195992,0.321916710392,0.20091546107,0.20091546107,0.40183092214,-2.35922392733e-16,-2.22044604925e-16,0.08,79757.0897907
2011-02-03,79666.8082926,-0.000773791969873,-0.00113195577144,27.688051387,0.878051094186,0.000347154735205,1.100906636e-05,13844.0256935,0.173577367603,0.20095050586,0.20095050586,0.401901011721,-4.16333634234e-17,-6.93889390391e-17,0.08,79666.8082926
2011-02-04,79663.0045368,0.000383438887134,-4.77458029533e-05,33.4738978835,0.877210160366,0.000420173703465,1.10109866225e-05,16736.9489418,0.210086851732,0.255964446379,0.255964446379,0.511928892758,-8.32667268469e-17,-1.11022302463e-16,0.08,79663.0045368
2011-02-07,79668.0694225,0.000533205073785,6.35788939121e-05,34.059904248,3.35192824984,0.000427549832523,4.207634735e-05,17029.952124,0.213774916261,0.241597614946,0.241597614946,0.483195229891,-1.52655665886e-16,-1.45716771982e-16,0.08,79668.0694225
2011-02-08,79753.3145076,0.00151935098817,0.00107000314825,34.7440110395,1.05466386629,0.000436109614445,1.32382254765e-05,17372.0055197,0.218054807223,0.278612336934,0.278612336934,0.557224673868,-4.16333634234e-17,3.81639164715e-17,0.08,79753.3145076
2011-02-09,79685.6133161,0.000441033881972,-0.000848882482102,101.657557126,1.21754834703,0.00127464993465,1.52664294211e-05,50828.7785628,0.637324967327,0.41985573298,0.41985573298,0.83971146596,0,3.46944695195e-17,0.08,79685.6133161
2011-02-10,79714.5291972,0.00166900327527,0.000362874550722,102.246437713,1.83323077188,0.00128312293096,2.30057935879e-05,51123.2188566,0.641561465478,0.339088312194,0.339088312194,0.678176624388,1.94289029309e-16,3.43475248243e-16,0.08,79714.5291972
2011-02-11,79556.3536979,-0.00087508640378,-0.00198427439586,86.9372881599,1.48111041988,0.00109060781059,1.85801814901e-05,43468.6440799,0.545303905294,0.221482228789,0.221482228789,0.442964457577,1.38777878078e-17,4.16333634234e-17,0.08,79556.3536979
2011-02-14,79638.1221689,0.00195546080951,0.0010278056639,70.9043701566,2.89649071748,0.000891247108004,3.64080376091e-05,35452.1850783,0.445623554002,0.298120647916,0.298120647916,0.596241295832,1.38777878078e-17,1.66533453694e-16,0.08,79638.1221689
2011-02-15,79502.0365317,-0.000402375011973,-0.00170880017546,102.740327948,1.30091882629,0.00129008978551,1.6335377968e-05,51370.1639738,0.645044892757,0.376187048994,0.376187048994,0.752374097988,-9.02056207508e-17,-5.55111512313e-17,0.08,79502.0365317
2011-02-16,79185.5899943,-0.00303389206866,-0.00398035762619,73.6071647276,1.63877460339,0.000925852568547,2.0612988986e-05,36803.5823638,0.462926284274,0.409988985608,0.409988985608,0.819977971216,-5.55111512313e-17,-1.38777878078e-17,0.08,79185.5899943
2011-02-17,78980.8447099,-0.00155647008952,-0.00258563817592,79.7163659766,1.77891614885,0.00100670293651,2.24651498963e-05,39858.1829883,0.503351468255,0.219309336229,0.219309336229,0.438618672457,-4.16333634234e-17,-1.04083408559e-17,0.08,78980.8447099
2011-02-18,78777.2383954,-0.00213625787673,-0.00257792019346,33.9337539954,0.949108856334,0.000429645366799,1.20169499303e-05,16966.8769977,0.214822683399,0.153112339712,0.153112339712,0.306224679423,-4.85722573274e-17,-3.46944695195e-17,0.08,78777.2383954
2011-02-22,78570.5502048,-0.00208786852609,-0.00262370444508,39.5679989096,2.64367502175,0.000502277050016,3.35588689779e-05,19783.9994548,0.251138525008,0.225539041656,0.225539041656,0.451078083312,-4.16333634234e-17,-4.16333634234e-17,0.08,78570.5502048
2011-02-23,78309.5131679,-0.00291134171073,-0.0033223267019,31.3203181644,0.970998717565,0.000398626687515,1.23583036524e-05,15660.1590822,0.199313343758,0.195001494272,0.195001494272,0.390002988544,0,-9.71445146547e-17,0.08,78309.5131679
2011-02-24,78439.2906881,0.00198434529663,0.00165723824594,24.7788556971,0.836738196354,0.000316422037307,1.06850133848e-05,12389.4278486,0.158211018654,0.190030979792,0.190030979792,0.380061959585,1.52655665886e-16,1.73472347598e-16,0.08,78439.2906881
2011-02-25,78594.7689988,0.00229445375482,0.00198214835023,23.6802530303,0.816761384312,0.000301892748169,1.0412656427e-05,11840.1265151,0.150946374084,0.152560379742,0.152560379742,0.305120759483,1.80411241502e-16,1.90819582357e-16,0.08,78594.7689988
2011-02-28,78544.402929,-0.000296880566436,-0.000640832340892,25.0617777444,1.97103251575,0.000318873355869,2.50784185877e-05,12530.8888722,0.159436677934,0.112996335213,0.112996335213,0.225992670426,2.77555756156e-17,2.08166817117e-17,0.08,78544.402929
2011-03-01,78501.7226444,-0.000217820960504,-0.000543390527866,25.0853533251,0.486313955204,0.000319377987351,6.19158001167e-06,12542.6766626,0.159688993675,0.144263177278,0.144263177278,0.288526354556,5.55111512313e-17,8.84708972748e-17,0.08,78501.7226444
2011-03-02,78397.88266,-0.000740826972624,-0.00132277332151,45.0632479743,0.6205429003,0.000574041517259,7.90483163167e-06,22531.6239871,0.28702075863,0.255181955967,0.255181955967,0.510363911933,1.38777878078e-16,1.80411241502e-16,0.08,78397.88266
2011-03-03,78435.772632,0.0012658851712,0.000483303511536,60.2565410143,1.09620411183,0.000768599086734,1.39825729297e-05,30128.2705072,0.384299543367,0.322638126644,0.322638126644,0.645276253288,2.77555756156e-17,6.24500451352e-17,0.08,78435.772632
2011-03-04,78278.5839543,-0.00115134722138,-0.0020040432115,65.4952183538,1.38665045172,0.000835017188663,1.76788014599e-05,32747.6091769,0.417508594331,0.276528709959,0.276528709959,0.553057419918,-6.93889390391e-17,2.08166817117e-17,0.08,78278.5839543
2011-03-07,78178.121324,-0.000308240070155,-0.00128339866709,72.7757421806,3.55829191863,0.000929701822699,4.54567742399e-05,36387.8710903,0.464850911349,0.411584390312,0.411584390312,0.823168780624,2.22044604925e-16,2.79290479632e-16,0.08,78178.121324
2011-03-08,78256.856806,0.00208154648733,0.00100712936963,82.2327942788,1.76311750142,0.00105186454837,2.25525693322e-05,41116.3971394,0.525932274184,0.369141630325,0.369141630325,0.73828326065,-2.77555756156e-17,-5.55111512313e-17,0.08,78256.856806
2011-03-09,78046.3205334,-0.0017327483615,-0.00269032365043,73.3539356251,1.5828966414,0.000937348350278,2.02269386479e-05,36676.9678126,0.468674175139,0.24765762734,0.24765762734,0.49531525468,-1.52655665886e-16,-1.66533453694e-16,0.08,78046.3205334
2011-03-10,77118.0808785,-0.0113171977473,-0.0118934454381,43.9149014823,1.05911049676,0.000562677409802,1.35702809501e-05,21957.4507412,0.281338704901,0.286774049147,0.286774049147,0.573548098294,-1.38777878078e-16,-1.09287578987e-16,0.08,77118.0808785
2011-03-11,77491.4311434,0.00541666393867,0.00484128054862,43.1606565463,1.21180626389,0.000559669743524,1.57136465286e-05,21580.3282732,0.279834871762,0.241147716534,0.241147716534,0.482295433067,2.77555756156e-17,2.60208521397e-17,0.08,77491.4311434
2011-03-14,77662.2262189,0.00263901457494,0.00220405111958,30.6341244857,3.07181616512,0.000395322734833,3.96407205261e-05,15317.0622429,0.197661367416,0.241973223099,0.241973223099,0.483946446199,-2.77555756156e-17,2.60208521397e-18,0.08,77662.2262189
2011-03-15,77659.5925882,0.000759752556511,-3.39113476026e-05,60.6079972143,1.02970844884,0.000780405097369,1.32588067452e-05,30303.9986071,0.390202548684,0.383536807472,0.383536807472,0.767073614944,-4.16333634234e-16,-4.09394740331e-16,0.08,77659.5925882
2011-03-16,77684.0975047,0.00135170522328,0.000315542686721,78.8358885424,1.63207190196,0.00101514682108,2.10157154779e-05,39417.9442712,0.507573410541,0.310342403157,0.310342403157,0.620684806315,-6.24500451352e-17,-4.85722573274e-17,0.08,77684.0975047
2011-03-17,77805.6073793,0.00245465113509,0.00156415377802,67.8564605274,1.32102298667,0.00087349229388,1.70050631867e-05,33928.2302637,0.43674614694,0.307339364811,0.307339364811,0.614678729622,-1.5959455979e-16,-1.66533453694e-16,0.08,77805.6073793
2011-03-18,77876.3514175,0.00190170148364,0.000909240871403,75.9087143818,1.31028635346,0.000975620099098,1.68405131403e-05,37954.3571909,0.487810049549,0.248137691496,0.248137691496,0.496275382992,-1.66533453694e-16,-1.66533453694e-16,0.08,77876.3514175
2011-03-21,77700.9520079,-0.00167520790966,-0.00225228078122,41.7637722488,3.17655748979,0.000536283114046,4.07897575062e-05,20881.8861244,0.268141557023,0.202063468523,0.202063468523,0.404126937046,-1.28369537222e-16,-1.94289029309e-16,0.08,77700.9520079
2011-03-22,77672.5468449,7.87405794919e-05,-0.00036557033468,33.6630783409,0.860302677823,0.000433238943294,1.1071970878e-05,16831.5391704,0.216619471647,0.174701246356,0.174701246356,0.349402492712,-6.24500451352e-17,-8.32667268469e-17,0.08,77672.5468449
2011-03-23,77612.6353547,-0.000310375649718,-0.000771334179455,35.0602892553,0.743533739257,0.000451385858704,9.57267103321e-06,17530.1446277,0.225692929352,0.227470329895,0.227470329895,0.45494065979,4.85722573274e-17,0,0.08,77612.6353547
2011-03-24,77706.0077629,0.00186997359229,0.00120305679243,50.7937966037,0.967373795515,0.000654452672191,1.24641276655e-05,25396.8983018,0.327226336096,0.232928292116,0.232928292116,0.465856584231,3.46944695195e-17,3.12250225676e-17,0.08,77706.0077629
2011-03-25,77467.0496192,-0.00197135184085,-0.00307515661353,84.7804853761,0.991776858922,0.0010910415786,1.27631940885e-05,42390.2426881,0.545520789299,0.412956547121,0.412956547121,0.825913094241,8.32667268469e-17,2.25514051877e-17,0.08,77467.0496192
2011-03-28,77681.1425931,0.00392882227595,0.00276366500318,85.0025797718,5.258716492,0.00109727400475,6.78832680198e-05,42501.2898859,0.548637002375,0.450341827455,0.450341827455,0.900683654911,1.38777878078e-16,2.49800180541e-16,0.08,77681.1425931
2011-03-29,77518.718208,-0.00089833966555,-0.00209091138083,90.7234530445,1.9168804227,0.00116789545076,2.46762645181e-05,45361.7265222,0.583947725381,0.325002884655,0.325002884655,0.65000576931,9.71445146547e-17,9.71445146547e-17,0.08,77518.718208
2011-03-30,77640.7177232,0.00225364099045,0.00157380717865,51.3193631083,1.38048257711,0.000662025434562,1.78083772414e-05,25659.6815542,0.331012717281,0.304207191851,0.304207191851,0.608414383703,-4.16333634234e-17,-3.81639164715e-17,0.08,77640.7177232
2011-03-31,77439.2639693,-0.00185519140977,-0.00259469206079,56.121176934,1.29418436777,0.000722831763793,1.66688872247e-05,28060.588467,0.361415881896,0.287978792537,0.287978792537,0.575957585075,2.77555756156e-17,3.81639164715e-17,0.08,77439.2639693
2011-04-01,77228.1709305,-0.00188223195883,-0.00272591742192,64.1124160375,1.22196524564,0.000827905803224,1.57796598651e-05,32056.2080188,0.413952901612,0.39294958985,0.39294958985,0.7858991797,6.93889390391e-18,-2.08166817117e-17,0.08,77228.1709305
2011-04-04,77102.4710102,-0.000603133436195,-0.00162764336907,74.1325167488,4.98851146718,0.000959915479748,6.4594453126e-05,37066.2583744,0.479957739874,0.359020226809,0.359020226809,0.718040453619,2.77555756156e-17,2.77555756156e-17,0.08,77102.4710102
2011-04-05,77084.0557646,0.000561809279189,-0.000238841185926,60.2153431591,1.51678611669,0.00078097812392,1.9672341195e-05,30107.6715796,0.39048906196,0.255055534064,0.255055534064,0.510111068129,1.73472347598e-16,1.38777878078e-16,0.08,77084.0557646
2011-04-06,77063.5825109,0.00066744782793,-0.000265596477775,70.8455398391,1.07729945265,0.000919068660003,1.39756457022e-05,35422.7699196,0.459534330001,0.261713281956,0.261713281956,0.523426563913,3.46944695195e-16,2.46330733589e-16,0.08,77063.5825109
2011-04-07,76899.3279976,-0.00150882272266,-0.00213141548686,46.8741021092,1.10512674511,0.000608252310391,1.43404538058e-05,23437.0510546,0.304126155195,0.298548307389,0.298548307389,0.597096614777,2.49800180541e-16,1.73472347598e-16,0.08,76899.3279976
2011-04-08,76896.4802986,0.00076262212771,-3.70315198771e-05,60.2348465296,1.25798160071,0.000783294836224,1.63588113638e-05,30117.4232648,0.391647418112,0.369781611186,0.369781611186,0.739563222372,-2.77555756156e-17,-2.46330733589e-16,0.08,76896.4802986
2011-04-11,76757.9447137,-0.000953017431977,-0.00180158551309,60.5776678746,4.67423085688,0.000787782062837,6.07860182772e-05,30288.8339373,0.393891031419,0.406467798084,0.406467798084,0.812935596169,2.77555756156e-17,-6.37510877421e-17,0.08,76757.9447137
2011-04-12,77182.3364568,0.00627344349093,0.00552896178539,55.4353166751,1.70956891908,0.000722209497425,2.22722081142e-05,27717.6583375,0.361104748712,0.381253160842,0.381253160842,0.762506321684,1.80411241502e-16,4.16333634234e-17,0.08,77182.3364568
2011-04-13,77091.257318,0.000159230152523,-0.00118005158886,101.756509879,1.61238409509,0.00131839115723,2.08905841557e-05,50878.2549395,0.659195578615,0.231711729368,0.231711729368,0.463423458736,2.49800180541e-16,2.42861286637e-16,0.08,77091.257318
2011-04-14,77216.6823652,0.0024094658234,0.00162696849933,59.3449108594,0.978791701496,0.000769800790959,1.26965331161e-05,29672.4554297,0.384900395479,0.333032160085,0.333032160085,0.66606432017,3.12250225676e-16,3.1918911958e-16,0.08,77216.6823652
2011-04-15,77189.930556,0.000662043478123,-0.000346451161149,76.4635341443,1.40907608344,0.000990246301733,1.82483375389e-05,38231.7670721,0.495123150867,0.291666558841,0.291666558841,0.583333117682,-8.32667268469e-17,-2.77555756156e-17,0.08,77189.930556
2011-04-18,77216.5897785,0.000838127521291,0.000345371764557,34.3348969301,3.70088571328,0.000444810568979,4.79451877547e-05,17167.448465,0.22240528449,0.234320536557,0.234320536557,0.468641073114,1.14491749414e-16,1.25767452008e-16,0.08,77216.5897785
2011-04-19,77220.6043362,0.000702490832544,5.19908708834e-05,49.237967718,0.991420972492,0.000637660480205,1.28394814552e-05,24618.983859,0.318830240103,0.231612040665,0.231612040665,0.463224081329,3.26128013484e-16,3.78169717763e-16,0.08,77220.6043362
2011-04-20,77178.4960418,0.000579871512694,-0.000545298691158,85.9063109717,0.980012150776,0.00111247913313,1.26910707213e-05,42953.1554859,0.556239566565,0.391703517496,0.391703517496,0.783407034992,4.71844785466e-16,5.55111512313e-16,0.08,77178.4960418
2011-04-21,76882.0098107,-0.00282835868298,-0.00384156528459,76.5412636988,1.65649799313,0.000991743395173,2.14632064381e-05,38270.6318494,0.495871697587,0.247483445474,0.247483445474,0.494966890947,3.46944695195e-16,4.09394740331e-16,0.08,76882.0098107
2011-04-25,76911.8335608,0.00131059442511,0.000387915849917,66.7670764905,4.17030677981,0.000868435628243,5.42429469531e-05,33383.5382452,0.434217814121,0.330785607456,0.330785607456,0.661571214911,1.66533453694e-16,2.28983498829e-16,0.08,76911.8335608
2011-04-26,76693.7946676,-0.00203706788812,-0.00283491997478,59.970221548,1.39404534712,0.000779726847893,1.81252387647e-05,29985.110774,0.389863423946,0.272775841373,0.272775841373,0.545551682746,2.77555756156e-17,1.2490009027e-16,0.08,76693.7946676
2011-04-27,76685.2606616,0.000602684230871,-0.000111273748608,53.6098335633,1.14631311608,0.000699011358034,1.49466214451e-05,26804.9167817,0.349505679017,0.316252519015,0.316252519015,0.632505038029,4.16333634234e-17,1.11022302463e-16,0.08,76685.2606616
2011-04-28,76673.3705965,0.00050172689494,-0.00015505020006,49.0362511181,1.32887160852,0.000639448189849,1.73289051515e-05,24518.125559,0.319724094924,0.280456407388,0.280456407388,0.560912814776,4.85722573274e-17,3.64291929955e-17,0.08,76673.3705965
2011-04-29,76600.0071223,-4.06531083531e-05,-0.00095683121324,69.0681873103,1.17827605807,0.000900810630509,1.53674743774e-05,34534.0936552,0.450405315255,0.29172533168,0.29172533168,0.58345066336,-3.46944695195e-17,-5.55111512313e-17,0.08,76600.0071223
2011-05-02,76373.7304388,-0.00200388317798,-0.0029540034273,69.1058760869,3.67334177827,0.000902165400279,4.79548490433e-05,34552.9380435,0.45108270014,0.318992977984,0.318992977984,0.637985955968,1.38777878078e-17,-1.38777878078e-17,0.08,76373.7304388
2011-05-03,76187.1466961,-0.00159012682214,-0.00244303560329,63.804883767,1.33494157328,0.000835429713862,1.74790672868e-05,31902.4418835,0.417714856931,0.410453515442,0.410453515442,0.820907030884,1.2490009027e-16,6.59194920871e-17,0.08,76187.1466961
2011-05-04,76311.6827463,0.00260499116192,0.0016346070902,72.2172987093,1.71349491468,0.000947893468137,2.24906035858e-05,36108.6493546,0.473946734069,0.351179809453,0.351179809453,0.702359618905,2.77555756156e-17,1.38777878078e-17,0.08,76311.6827463
2011-05-05,76211.0301769,-0.000473906198856,-0.00131896671441,63.0195449117,1.46844505238,0.000825817786265,1.92427292851e-05,31509.7724559,0.412908893133,0.400061005002,0.400061005002,0.800122010003,1.11022302463e-16,1.11022302463e-16,0.08,76211.0301769
2011-05-06,76176.1665489,0.000569053727634,-0.000457461707385,76.561165298,1.67063349725,0.00100459428406,2.1921150959e-05,38280.582649,0.50229714203,0.386293875703,0.386293875703,0.772587751405,1.11022302463e-16,1.85181731061e-16,0.08,76176.1665489
2011-05-09,76210.0898037,0.00146213179451,0.000445326358052,72.6191260377,4.83721423764,0.000953305073328,6.35003631292e-05,36309.5630189,0.476652536664,0.235132845913,0.235132845913,0.470265691825,2.77555756156e-16,3.05311331772e-16,0.08,76210.0898037
2011-05-10,76161.8217333,0.000186750555285,-0.00063335537968,61.5184567986,0.981890153578,0.000807221943407,1.28839915569e-05,30759.2283993,0.403610971704,0.335275860475,0.335275860475,0.670551720949,1.38777878078e-17,6.24500451352e-17,0.08,76161.8217333
2011-05-11,75956.0849319,-0.00172969675964,-0.00270131145374,72.6007549707,1.39919015435,0.000953243414068,1.8371280026e-05,36300.3774854,0.476621707034,0.332620876314,0.332620876314,0.665241752628,4.4408920985e-16,4.85722573274e-16,0.08,75956.0849319
2011-05-12,75915.7162137,0.000575475206111,-0.000531474447486,82.6952013817,1.38436052227,0.00108872385215,1.82258014419e-05,41347.6006908,0.544361926077,0.260346260971,0.260346260971,0.520692521942,4.37150315946e-16,3.74700270811e-16,0.08,75915.7162137
2011-05-13,75878.0508699,0.000331381364079,-0.000496146853756,61.7394180089,1.08297933508,0.000813262669289,1.42655485464e-05,30869.7090045,0.406631334645,0.269907517745,0.269907517745,0.53981503549,1.2490009027e-16,1.6826817717e-16,0.08,75878.0508699
2011-05-16,75746.0155427,-0.0012570273307,-0.00174009908972,33.2879588972,3.36658460739,0.000438703399937,4.43683590813e-05,16643.9794486,0.219351699968,0.256305825608,0.256305825608,0.512611651217,3.60822483003e-16,3.79904441239e-16,0.08,75746.0155427
2011-05-17,75726.59777,0.000191546684243,-0.000256353717231,32.8628820017,1.06378876987,0.000433856246646,1.40441548279e-05,16431.4410009,0.216928123323,0.228632538656,0.228632538656,0.457265077312,1.66533453694e-16,1.5959455979e-16,0.08,75726.59777
2011-05-18,75770.1397765,0.00113432879705,0.00057498960441,41.4081656037,0.948688454352,0.000546811382302,1.25278103373e-05,20704.0828018,0.273405691151,0.2908420658,0.2908420658,0.581684131599,4.57966997658e-16,4.57966997658e-16,0.08,75770.1397765
2011-05-19,75866.5947928,0.00209343972566,0.00127299509518,60.9576895913,1.20751473855,0.000804508078923,1.59365515507e-05,30478.8447957,0.402254039462,0.343952249099,0.343952249099,0.687904498198,1.52655665886e-16,8.32667268469e-17,0.08,75866.5947928
2011-05-20,75748.1106797,-0.000725908747481,-0.00156174286538,61.9820534924,1.42983484441,0.00081698741932,1.88466985808e-05,30991.0267462,0.40849370966,0.391973630031,0.391973630031,0.783947260061,1.11022302463e-16,0,0.08,75748.1106797
2011-05-23,75667.2965471,-0.000388346472315,-0.00106687984461,46.5168656018,4.88075538264,0.00061409935092,6.44340213749e-05,23258.4328009,0.30704967546,0.350896850562,0.350896850562,0.701793701123,6.93889390391e-18,2.77555756156e-17,0.08,75667.2965471
2011-05-24,75576.8531116,-0.000440599686175,-0.00119527774452,55.6495763258,1.45487211227,0.000735450833652,1.92272246883e-05,27824.7881629,0.367725416826,0.397429852082,0.397429852082,0.794859704164,1.11022302463e-16,8.32667268469e-17,0.08,75576.8531116
2011-05-25,75448.3227975,-0.000463266618904,-0.00170065712988,91.8722454077,1.64583548235,0.00121561353278,2.17769781963e-05,45936.1227038,0.607806766392,0.367522604086,0.367522604086,0.735045208172,1.2490009027e-16,1.38777878078e-16,0.08,75448.3227975
2011-05-26,75291.5606075,-0.000827063457779,-0.00207774254213,92.8422439804,1.51939529142,0.00123054085947,2.01382248814e-05,46421.1219902,0.615270429733,0.347003332508,0.347003332508,0.694006665017,2.08166817117e-16,2.25514051877e-16,0.08,75291.5606075
2011-05-27,75291.2388092,0.00105244973627,-4.27402888215e-06,78.1307966177,1.43158479126,0.00103770988391,1.90138812333e-05,39065.3983089,0.518854941957,0.399393891677,0.399393891677,0.798787783353,-5.55111512313e-17,-6.93889390391e-18,0.08,75291.2388092
2011-05-31,75270.323735,0.000746659682184,-0.000277788950281,70.5411330177,6.59087361691,0.000936910245248,8.75383872168e-05,35270.5665089,0.468455122624,0.288393590848,0.288393590848,0.576787181697,4.16333634234e-17,4.85722573274e-17,0.08,75270.323735
2011-06-01,75310.6988459,0.00108063968627,0.000536401451691,39.7755372047,1.18945090116,0.000528435846041,1.58023885396e-05,19887.7686023,0.26421792302,0.226943624757,0.226943624757,0.453887249515,4.16333634234e-17,7.6327832943e-17,0.08,75310.6988459
2011-06-02,75302.0787149,0.000504474023933,-0.000114460908776,45.675913666,0.936508656389,0.000606499665598,1.243526711e-05,22837.956833,0.303249832799,0.208788602825,0.208788602825,0.417577205649,-2.08166817117e-17,2.42861286637e-17,0.08,75302.0787149
2011-06-03,75247.0174835,-0.000292257486964,-0.000731204666239,32.1921437685,0.861491276967,0.000427506707888,1.14404713876e-05,16096.0718843,0.213753353944,0.163712298123,0.163712298123,0.327424596246,-8.32667268469e-17,-5.03069808033e-17,0.08,75247.0174835
2011-06-06,75164.2006989,-0.000489698193504,-0.00110059889917,43.9434376426,2.02501843712,0.000583989095012,2.69116106503e-05,21971.7188213,0.291994547506,0.240630861286,0.240630861286,0.481261722572,1.38777878078e-17,9.02056207508e-17,0.08,75164.2006989
2011-06-07,75224.8977033,0.00128465845795,0.000807525441691,34.8722628157,0.991058978194,0.000463947763582,1.31852526732e-05,17436.1314078,0.231973881791,0.265477521238,0.265477521238,0.530955042476,2.63677968348e-16,2.91433543964e-16,0.08,75224.8977033
2011-06-08,75049.0417905,-0.00161776885296,-0.00233773548618,53.0651412992,1.09427503439,0.000705419919725,1.45467134925e-05,26532.5706496,0.352709959863,0.336584773369,0.336584773369,0.673169546737,4.99600361081e-16,4.75314232418e-16,0.08,75049.0417905
2011-06-09,74799.8902115,-0.00269339576341,-0.00331985023391,45.6306781627,1.38412957384,0.000608011469221,1.84430012805e-05,22815.3390813,0.304005734611,0.340839253643,0.340839253643,0.681678507286,-3.46944695195e-17,-5.89805981832e-17,0.08,74799.8902115
2011-06-10,74815.8227822,0.00104150799915,0.000213002593872,60.5751413684,1.39697198643,0.000809829281795,1.86761234873e-05,30287.5706842,0.404914640898,0.343883382005,0.343883382005,0.687766764011,2.35922392733e-16,2.04697370165e-16,0.08,74815.8227822
2011-06-13,74955.771427,0.00269197197297,0.00187057549596,57.2242064365,4.22924682178,0.000764867701892,5.65287751242e-05,28612.1032183,0.382433850946,0.282893441136,0.282893441136,0.565786882271,9.71445146547e-17,3.72965547335e-17,0.08,74955.771427
2011-06-14,75092.4932337,0.00264733002589,0.00182403308193,60.5489673506,1.16189019792,0.000807795933493,1.55010104732e-05,30274.4836753,0.403897966747,0.388103007299,0.388103007299,0.776206014598,-5.55111512313e-17,-4.16333634234e-17,0.08,75092.4932337
2011-06-15,74884.4717314,-0.00169399178508,-0.00277020369699,79.2185248944,1.59691081915,0.00105494599371,2.12659182082e-05,39609.2624472,0.527472996854,0.325224541981,0.325224541981,0.650449083963,0,6.93889390391e-18,0.08,74884.4717314
2011-06-16,74693.8605953,-0.00178121702387,-0.00254540269392,55.8911597669,1.33448043947,0.000746365147201,1.78205228483e-05,27945.5798834,0.373182573601,0.272296278657,0.272296278657,0.544592557314,-1.11022302463e-16,-1.38777878078e-16,0.08,74693.8605953
2011-06-17,74481.0736837,-0.00183778164205,-0.00284878716788,74.40144771,1.11445809746,0.000996085181794,1.4920344036e-05,37200.723855,0.498042590897,0.340321463451,0.340321463451,0.680642926902,1.38777878078e-16,8.32667268469e-17,0.08,74481.0736837
2011-06-20,74612.5779336,0.00257533877214,0.00176560625972,56.1430332783,4.16671364309,0.00075378925815,5.59432542659e-05,28071.5166391,0.376894629075,0.316633228345,0.316633228345,0.633266456689,2.77555756156e-17,-6.59194920871e-17,0.08,74612.5779336
2011-06-21,74556.9740444,0.000287835067469,-0.000745234795179,75.7854948747,1.29451076308,0.00101572009671,1.73497659367e-05,37892.7474373,0.507860048356,0.366950823324,0.366950823324,0.733901646648,0,-1.11022302463e-16,0.08,74556.9740444
2011-06-22,74579.8220933,0.00120926921229,0.000306450861164,65.8122951659,1.49910920603,0.0008827114567,2.01068944287e-05,32906.1475829,0.44135572835,0.392112630734,0.392112630734,0.784225261468,-9.71445146547e-17,-1.52655665886e-16,0.08,74579.8220933
2011-06-23,74544.205244,0.000230387653937,-0.000477566831576,51.1967255939,1.60239398579,0.000686468861911,2.14856236019e-05,25598.362797,0.343234430956,0.367699598513,0.367699598513,0.735399197027,-2.49800180541e-16,-2.77555756156e-16,0.08,74544.205244
2011-06-24,74396.9600672,-0.000643066081231,-0.001975273279,97.806415855,1.50191092272,0.00131205927456,2.01479232062e-05,48903.2079275,0.65602963728,0.365255779876,0.365255779876,0.730511559751,-1.38777878078e-16,-1.66533453694e-16,0.08,74396.9600672
2011-06-27,74091.8465723,-0.00298636122809,-0.00410115540544,78.4703521964,4.46694569913,0.00105475213134,6.00420460069e-05,39235.1760982,0.527376065672,0.310920065235,0.310920065235,0.621840130469,-1.17961196366e-16,-6.93889390391e-17,0.08,74091.8465723
2011-06-28,73737.8389099,-0.00403646785966,-0.00477795707275,53.6760232704,1.2622817408,0.000724452497185,1.70367159033e-05,26838.0116352,0.362226248593,0.377605485631,0.377605485631,0.755210971263,-8.32667268469e-17,-5.55111512313e-17,0.08,73737.8389099
2011-06-29,73882.6378959,0.00249645051876,0.00196369988787,37.7581918451,1.52568835458,0.000512059919348,2.06907115414e-05,18879.0959226,0.256029959674,0.335461598701,0.335461598701,0.670923197402,-1.04083408559e-16,-7.6327832943e-17,0.08,73882.6378959
2011-06-30,73962.1321774,0.00142373491321,0.00107595348077,24.3369390742,1.35807056574,0.000329399974977,1.83814574631e-05,12168.4695371,0.164699987489,0.334827316863,0.334827316863,0.669654633727,-4.16333634234e-17,6.93889390391e-18,0.08,73962.1321774
2011-07-01,73907.7053326,0.000349116723457,-0.000735874469419,78.8913007987,1.35696122008,0.00106664449058,1.83467022939e-05,39445.6503993,0.533322245291,0.331467508229,0.331467508229,0.662935016458,5.55111512313e-17,3.46944695195e-17,0.08,73907.7053326
2011-07-05,73731.2734255,-0.00153620518824,-0.00238719232778,57.5250814519,5.36942529875,0.000778336726774,7.26504127626e-05,28762.540726,0.389168363387,0.228877698953,0.228877698953,0.457755397907,0,-4.16333634234e-17,0.08,73731.2734255
2011-07-06,73663.4039393,-0.000258643970687,-0.000920497952177,47.8746550028,0.92468187411,0.000649312737711,1.25412437783e-05,23937.3275014,0.324656368856,0.250807036135,0.250807036135,0.50161407227,6.24500451352e-17,5.55111512313e-17,0.08,73663.4039393
2011-07-07,73721.5659671,0.00139635494444,0.000789564759725,43.685885277,1.01234520623,0.000593047333423,1.37428512951e-05,21842.9426385,0.296523666711,0.212294281403,0.212294281403,0.424588562806,-6.93889390391e-17,-4.16333634234e-17,0.08,73721.5659671
2011-07-08,73573.358589,-0.000911700460392,-0.00201036665697,80.1378216992,0.857570787446,0.00108703363321,1.16325633645e-05,40068.9108496,0.543516816606,0.351866673996,0.351866673996,0.703733347993,2.77555756156e-17,9.71445146547e-17,0.08,73573.358589
2011-07-11,73434.6707469,-0.00113747126496,-0.00188502801494,50.7446970542,4.25556377777,0.000689715652886,5.78410970953e-05,25372.3485271,0.344857826443,0.384432296092,0.384432296092,0.768864592184,1.38777878078e-16,2.49800180541e-16,0.08,73434.6707469
2011-07-12,73335.7876384,-0.000494033166523,-0.00134654526842,61.0570600807,1.54688542948,0.000831447318545,2.10647833475e-05,30528.5300404,0.415723659273,0.303965800357,0.303965800357,0.607931600714,2.77555756156e-17,6.24500451352e-17,0.08,73335.7876384
2011-07-13,73230.1339159,-0.000841202828938,-0.00144068436402,42.7419945833,1.22145596626,0.000582825874784,1.66556602935e-05,21370.9972917,0.291412937392,0.282747441982,0.282747441982,0.565494883964,1.38777878078e-16,9.71445146547e-17,0.08,73230.1339159
2011-07-14,73176.273439,0.000205582545447,-0.00073549608539,67.7807589265,1.13455523511,0.000925585620318,1.54930105196e-05,33890.3794632,0.462792810159,0.430011909603,0.430011909603,0.860023819207,2.77555756156e-17,1.11022302463e-16,0.08,73176.273439
2011-07-15,72920.9811236,-0.00195283499485,-0.00348873075225,110.666926872,1.72420104543,0.00151233346098,2.35622964166e-05,55333.4634358,0.75616673049,0.371535927126,0.371535927126,0.743071854252,4.85722573274e-16,4.99600361081e-16,0.08,72920.9811236
2011-07-18,72557.7463818,-0.00420290276755,-0.00498121029337,52.3013433038,4.45360509513,0.000717233126844,6.10743989796e-05,26150.6716519,0.358616563422,0.268716552122,0.268716552122,0.537433104244,3.46944695195e-16,3.88578058619e-16,0.08,72557.7463818
2011-07-19,72594.7391,0.000871321273657,0.000509838302561,25.1600353579,1.06835438014,0.000346758776458,1.47241946368e-05,12580.017679,0.173379388229,0.274956086512,0.274956086512,0.549912173025,4.92661467177e-16,4.99600361081e-16,0.08,72594.7391
2011-07-20,72368.5557754,-0.00220222791397,-0.00311569856784,65.2194451428,1.0937186501,0.000898404566934,1.50660869322e-05,32609.7225714,0.449202283467,0.230580398399,0.230580398399,0.461160796798,-2.77555756156e-17,0,0.08,72368.5557754
2011-07-21,72361.7226703,0.000418482555819,-9.44209130294e-05,36.203739708,0.91434358478,0.00050026892647,1.2634542378e-05,18101.869854,0.250134463235,0.2318160165,0.2318160165,0.463632033,4.16333634234e-17,8.32667268469e-17,0.08,72361.7226703
2011-07-22,72233.7265012,-0.00124322733876,-0.00176883805845,37.1149406212,0.919156509398,0.000512908472208,1.27022474795e-05,18557.4703106,0.256454236104,0.263502510241,0.263502510241,0.527005020482,-9.71445146547e-17,-1.11022302463e-16,0.08,72233.7265012
2011-07-25,72043.0522247,-0.00205012786917,-0.00263968489141,39.4570620836,3.12883861761,0.000546241541103,4.33154811355e-05,19728.5310418,0.273120770551,0.320519080767,0.320519080767,0.641038161534,-3.46944695195e-17,0,0.08,72043.0522247
2011-07-26,71914.1827684,-0.0012176428199,-0.00178878396081,39.8814812962,1.26526974656,0.00055357845156,1.75626893571e-05,19940.7406481,0.27678922578,0.276753451399,0.276753451399,0.553506902798,-2.35922392733e-16,-1.52655665886e-16,0.08,71914.1827684
2011-07-27,71831.5659874,-0.000418848110354,-0.00114882458374,51.4051136722,1.09054785127,0.000714811900703,1.51645726794e-05,25702.5568361,0.357405950352,0.272371643682,0.272371643682,0.544743287364,1.38777878078e-17,7.1123662515e-17,0.08,71831.5659874
2011-07-28,71768.8013496,-0.000269785669406,-0.000873775155147,42.3134622886,1.07204831212,0.000589065012115,1.49244736264e-05,21156.7311443,0.294532506058,0.259232099845,0.259232099845,0.51846419969,1.38777878078e-17,4.16333634234e-17,0.08,71768.8013496
2011-07-29,71840.5675788,0.00176379656069,0.000999964160582,53.7998959477,1.01943983985,0.000749627901484,1.42044986216e-05,26899.9479739,0.374813950742,0.270693041911,0.270693041911,0.541386083822,3.46944695195e-17,4.16333634234e-17,0.08,71840.5675788
2011-08-01,71649.5331688,-0.00190560502173,-0.00265914394136,50.9379390044,3.19672467461,0.000709041433289,4.44974863415e-05,25468.9695022,0.354520716645,0.235838798511,0.235838798511,0.471677597022,1.73472347598e-17,6.93889390391e-18,0.08,71649.5331688
2011-08-02,71672.7783623,0.000840184500011,0.000324429098791,36.0277301751,0.925903551584,0.000502832727329,1.2922673891e-05,18013.8650876,0.251416363664,0.182995380619,0.182995380619,0.365990761238,8.32667268469e-17,1.30104260698e-16,0.08,71672.7783623
2011-08-03,71567.3801321,-0.00122039039229,-0.00147054757132,17.210786769,0.718673279805,0.000240130034893,1.00271441435e-05,8605.39338452,0.120065017447,0.194681801148,0.194681801148,0.389363602296,1.56125112838e-16,1.5959455979e-16,0.08,71567.3801321
2011-08-04,71649.6547171,0.00159302231067,0.00114961012658,30.9704035957,0.76344473795,0.000432744688132,1.06674959533e-05,15485.2017978,0.216372344066,0.220057569291,0.220057569291,0.440115138582,-1.14491749414e-16,-6.24500451352e-17,0.08,71649.6547171
2011-08-05,71577.6141421,-0.000594338284344,-0.00100545599653,28.5924942439,0.863947882607,0.000399059763188,1.20579490022e-05,14296.247122,0.199529881594,0.192432918554,0.192432918554,0.384865837108,-1.38777878078e-17,6.93889390391e-18,0.08,71577.6141421
2011-08-08,71568.8977984,0.000319294746667,-0.000121774717234,29.3064989338,2.26420096315,0.000409436655371,3.16328085294e-05,14653.2494669,0.204718327685,0.223007182887,0.223007182887,0.446014365773,2.60208521397e-16,2.77555756156e-16,0.08,71568.8977984
2011-08-09,71674.9065818,0.0020095111154,0.00148121302192,36.935170984,0.874541275634,0.000516078521819,1.2219571665e-05,18467.585492,0.258039260909,0.241449962483,0.241449962483,0.482899924966,2.49800180541e-16,2.53269627493e-16,0.08,71674.9065818
2011-08-10,71629.6049041,0.000191312722486,-0.000632043763115,58.0657305037,0.948268685213,0.00081012635067,1.32301349306e-05,29032.8652519,0.405063175335,0.265065281384,0.265065281384,0.530130562767,3.74700270811e-16,3.41740524767e-16,0.08,71629.6049041
2011-08-11,71842.6390399,0.0035208938196,0.00297410736891,38.125740094,1.04035733585,0.000532262325683,1.45241250073e-05,19062.870047,0.266131162841,0.244714822701,0.244714822701,0.489429645403,1.04083408559e-16,1.45716771982e-16,0.08,71842.6390399
2011-08-12,71804.5388593,0.000457534660396,-0.000530328243156,70.0073377994,0.963340201372,0.000974453872171,1.34090313809e-05,35003.6688997,0.487226936085,0.310107148897,0.310107148897,0.620214297794,6.66133814775e-16,6.66133814775e-16,0.08,71804.5388593
2011-08-15,71802.1443913,0.000685575502619,-3.33470288153e-05,47.9615555044,3.66034534085,0.000667946013808,5.09765176269e-05,23980.7777522,0.333973006904,0.25732399466,0.25732399466,0.514647989319,1.2490009027e-16,1.45716771982e-16,0.08,71802.1443913
2011-08-16,71751.2263776,0.000259954430152,-0.000709143356194,68.570892904,1.01240628054,0.000954997841433,1.40999449129e-05,34285.446452,0.477498920717,0.360532494191,0.360532494191,0.721064988381,-5.55111512313e-17,-1.38777878078e-17,0.08,71751.2263776
2011-08-17,71671.1866816,-0.000217995871389,-0.00111551676581,62.9807646763,1.41746019765,0.000877765689256,1.97552051611e-05,31490.3823382,0.438882844628,0.289825653447,0.289825653447,0.579651306895,1.35308431126e-16,1.2490009027e-16,0.08,71671.1866816
2011-08-18,71783.0827946,0.00221116747721,0.00156124264327,45.4426841838,1.13819991854,0.000634043976216,1.58808577231e-05,22721.3420919,0.317021988108,0.212411053752,0.212411053752,0.424822107505,-5.55111512313e-17,-7.6327832943e-17,0.08,71783.0827946
2011-08-19,71647.6773638,-0.00130093114623,-0.00188631395497,41.1851020637,0.835480562082,0.000573743846883,1.16389618494e-05,20592.5510319,0.286871923442,0.201103735404,0.201103735404,0.402207470808,2.42861286637e-16,2.30718222305e-16,0.08,71647.6773638
2011-08-22,71737.2780749,0.00178447438981,0.00125057384134,35.884194699,2.36853954261,0.000500842400191,3.30581482856e-05,17942.0973495,0.250421200096,0.219630984586,0.219630984586,0.439261969173,1.2490009027e-16,1.04083408559e-16,0.08,71737.2780749
2011-08-23,72022.7948928,0.00447611409216,0.00398003416879,34.7240957933,0.863327617267,0.000484045348877,1.20345744979e-05,17362.0478966,0.242022674439,0.28525155747,0.28525155747,0.570503114939,-6.93889390391e-18,-6.93889390391e-18,0.08,72022.7948928
2011-08-24,71772.9476281,-0.00266000555573,-0.00346900262692,57.1404978302,1.12573229679,0.00079336684886,1.56302223271e-05,28570.2489151,0.39668342443,0.303170224819,0.303170224819,0.606340449637,4.02455846427e-16,3.33066907388e-16,0.08,71772.9476281
2011-08-25,71685.681261,-0.000283134050524,-0.00121586711988,65.7527047151,1.19229702292,0.000916121002244,1.66120671133e-05,32876.3523575,0.458060501122,0.404536320995,0.404536320995,0.809072641991,7.35522753814e-16,7.35522753814e-16,0.08,71685.681261
2011-08-26,71872.1749054,0.00392443501334,0.00260154665646,93.2431414917,1.58901160358,0.00130072198313,2.21663737532e-05,46621.5707458,0.650360991564,0.355853230413,0.355853230413,0.711706460826,1.38777878078e-17,6.93889390391e-17,0.08,71872.1749054
2011-08-29,71926.1386469,0.00208613040665,0.000750829393511,91.7667229348,4.20426503291,0.0012768045917,5.84964214377e-05,45883.3614674,0.638402295851,0.277900613734,0.277900613734,0.555801227467,-2.49800180541e-16,-1.73472347598e-16,0.08,71926.1386469
2011-08-30,71861.13859,0.000156074598674,-0.000903705636253,75.1306498072,1.09525030539,0.00104455280404,1.52274308895e-05,37565.3249036,0.522276402019,0.399602346774,0.399602346774,0.799204693547,-9.02056207508e-17,-7.97972798949e-17,0.08,71861.13859
2011-08-31,71994.034656,0.00284587280106,0.00184934539935,70.0381208672,1.57347285602,0.000974631382712,2.18960190013e-05,35019.0604336,0.487315691356,0.303541527917,0.303541527917,0.607083055834,-2.91433543964e-16,-2.35922392733e-16,0.08,71994.034656
2011-09-01,71928.5050197,-5.50663621287e-06,-0.000910209250295,63.9357568705,1.19743448112,0.000888070201593,1.66324124886e-05,31967.8784353,0.444035100797,0.234116820348,0.234116820348,0.468233640697,-3.40005801291e-16,-3.1918911958e-16,0.08,71928.5050197
2011-09-02,71906.0339523,0.000476727507222,-0.000312408375892,55.8386425278,0.922721802062,0.000776307564191,1.28283189232e-05,27919.3212639,0.388153782095,0.286123275832,0.286123275832,0.572246551663,-6.24500451352e-17,-5.55111512313e-17,0.08,71906.0339523
2011-09-06,71774.4377254,-0.00112189189561,-0.00183011382514,46.4160624425,4.50936766827,0.000645509978666,6.27119508672e-05,23208.0312212,0.322754989333,0.392571863249,0.392571863249,0.785143726498,0,-2.77555756156e-17,0.08,71774.4377254
2011-09-07,71758.1433946,0.000612346409868,-0.000227021365066,58.7012254469,1.54392464392,0.000817856987907,2.15107870274e-05,29350.6127234,0.408928493953,0.381710803127,0.381710803127,0.763421606254,1.66533453694e-16,1.52655665886e-16,0.08,71758.1433946
2011-09-08,71255.9541684,-0.00616100012567,-0.0069983586876,58.5864267979,1.50086896143,0.000816442901479,2.09156604453e-05,29293.2133989,0.40822145074,0.369794587823,0.369794587823,0.739589175645,-4.16333634234e-17,-7.6327832943e-17,0.08,71255.9541684
2011-09-09,71209.4491276,-6.25480131041e-05,-0.000652647787401,40.6042832281,1.44383924392,0.000569837057156,2.0262717141e-05,20302.1416141,0.284918528578,0.375718026755,0.375718026755,0.751436053511,9.02056207508e-17,1.04083408559e-16,0.08,71209.4491276
2011-09-12,71231.3570396,0.000999124178625,0.000307654563942,44.8411417945,4.39802855549,0.000629707747271,6.17618674118e-05,22420.5708972,0.314853873635,0.361939899928,0.361939899928,0.723879799856,-6.93889390391e-18,2.77555756156e-17,0.08,71231.3570396
2011-09-13,71128.7022761,-0.000852012918213,-0.00144114569404,40.552043798,1.41268330075,0.000569300452545,1.98323232837e-05,20276.021899,0.284650226272,0.395335561121,0.395335561121,0.790671122241,-4.16333634234e-16,-3.53883589099e-16,0.08,71128.7022761
2011-09-14,71077.2055236,0.000191948294805,-0.000723993983298,63.6089798245,1.54080577677,0.000894280055576,2.16622225272e-05,31804.4899123,0.447140027788,0.376954026066,0.376954026066,0.753908052131,-2.35922392733e-16,-2.01227923213e-16,0.08,71077.2055236
2011-09-15,70995.7592106,-0.00024574132556,-0.00114588513117,62.5116055172,1.46810075527,0.000879488790488,2.06550151269e-05,31255.8027586,0.439744395244,0.344801277773,0.344801277773,0.689602555546,2.77555756156e-17,5.55111512313e-17,0.08,70995.7592106
2011-09-16,70591.852296,-0.0047901265105,-0.00568916959455,62.4869077677,1.34133854752,0.000880149863351,1.88932206999e-05,31243.4538839,0.440074931675,0.230888484586,0.230888484586,0.461776969171,-6.93889390391e-17,-2.77555756156e-17,0.08,70591.852296
2011-09-19,70521.0638001,-0.000435874291101,-0.00100278564192,37.3400600189,2.67926232341,0.000528957079385,3.79542714387e-05,18670.0300094,0.264478539692,0.254568097641,0.254568097641,0.509136195282,5.55111512313e-17,7.2858385991e-17,0.08,70521.0638001
2011-09-20,70457.9655179,-0.000274235091769,-0.00089474376613,42.7752379471,0.983693866039,0.000606559737504,1.39489368571e-05,21387.6189735,0.303279868752,0.289016953068,0.289016953068,0.578033906137,5.55111512313e-17,1.07552855511e-16,0.08,70457.9655179
2011-09-21,69913.44953,-0.0069900960524,-0.00772823887092,50.8922304866,1.11581076786,0.000722306273146,1.58365453736e-05,25446.1152433,0.361153136573,0.3412983349,0.3412983349,0.6825966698,1.11022302463e-16,1.80411241502e-16,0.08,69913.44953
2011-09-22,69708.007822,-0.00225040056957,-0.00293851482573,46.8009704194,1.30747089927,0.000669412977532,1.87012786247e-05,23400.4852097,0.334706488766,0.292601540395,0.292601540395,0.58520308079,1.94289029309e-16,1.87350135405e-16,0.08,69708.007822
2011-09-23,69561.6612786,-0.00176267846614,-0.00209942226077,22.3561132908,1.11762577899,0.000320710833508,1.60329611175e-05,11178.0566454,0.160355416754,0.282591508529,0.282591508529,0.565183017058,2.77555756156e-17,9.71445146547e-17,0.08,69561.6612786
2011-09-26,69705.288036,0.00253174391279,0.00206474018452,29.2541795789,3.23137558299,0.000420550329609,4.64533986623e-05,14627.0897894,0.210275164804,0.30028030845,0.30028030845,0.600560616901,9.71445146547e-17,1.04083408559e-16,0.08,69705.288036
2011-09-27,69780.7144335,0.00169573973238,0.00108207568745,41.6287180285,1.14691098039,0.000597210329395,1.64537155315e-05,20814.3590143,0.298605164697,0.284635072977,0.284635072977,0.569270145955,2.77555756156e-16,2.91433543964e-16,0.08,69780.7144335
2011-09-28,69637.1784559,-0.00153107912564,-0.00205695769521,35.6078513996,1.08833089015,0.000510282127214,1.55964423549e-05,17803.9256998,0.255141063607,0.247850448628,0.247850448628,0.495700897256,4.16333634234e-17,2.77555756156e-17,0.08,69637.1784559
2011-09-29,69637.9192964,0.00054178189479,1.06385773886e-05,36.0415901483,0.945731831315,0.000517562470901,1.35808465002e-05,18020.7950741,0.258781235451,0.223284056235,0.223284056235,0.44656811247,2.22044604925e-16,1.38777878078e-16,0.08,69637.9192964
2011-09-30,69555.8290271,-0.00014546853075,-0.00117881565312,71.1081414807,0.852002032235,0.00102111237956,1.22347428074e-05,35554.0707403,0.510556189782,0.336180385414,0.336180385414,0.672360770828,2.28983498829e-16,1.11022302463e-16,0.08,69555.8290271
2011-10-03,69358.2926143,-0.0021885212171,-0.00283996920952,41.4681741546,3.84383102632,0.000596185463312,5.52625291091e-05,20734.0870773,0.298092731656,0.268534865319,0.268534865319,0.537069730638,1.12757025938e-16,2.77555756156e-17,0.08,69358.2926143
2011-10-04,69262.071001,-0.000868640859807,-0.00138731231218,34.9536118568,1.02055450772,0.00050395721318,1.47142391956e-05,17476.8059284,0.25197860659,0.301567504977,0.301567504977,0.603135009955,-9.02056207508e-17,-1.11022302463e-16,0.08,69262.071001
2011-10-05,69279.4673284,0.000993817413592,0.000251166722381,50.2930213452,1.14450355843,0.000726126444363,1.65242468481e-05,25146.5106726,0.363063222182,0.298007366417,0.298007366417,0.596014732834,2.77555756156e-17,-5.55111512313e-17,0.08,69279.4673284
2011-10-06,69225.788728,2.49121490598e-05,-0.000774812545787,54.273224616,1.13127625235,0.000783395524084,1.63291707626e-05,27136.612308,0.391697762042,0.422611662908,0.422611662908,0.845223325817,-5.55111512313e-17,-9.71445146547e-17,0.08,69225.788728
2011-10-07,68984.9290739,-0.00247947147454,-0.00347933419698,67.6132375972,1.60304798304,0.000976705918988,2.3156803447e-05,33806.6187986,0.488352959494,0.323248389011,0.323248389011,0.646496778023,-3.88578058619e-16,-3.62557206479e-16,0.08,68984.9290739
2011-10-10,68955.7663581,0.000152934853697,-0.000422740389609,36.0472828665,3.66563296261,0.000522538521825,5.31367214813e-05,18023.6414332,0.261269260912,0.368243976235,0.368243976235,0.736487952469,-1.38777878078e-16,-1.94289029309e-16,0.08,68955.7663581
2011-10-11,68933.0738037,0.00024548854724,-0.000329088568094,38.2290329587,1.39137236099,0.000554399363211,2.01777521225e-05,19114.5164793,0.277199681606,0.281432533549,0.281432533549,0.562865067098,-9.71445146547e-17,-1.49186218934e-16,0.08,68933.0738037
2011-10-12,69101.265684,0.00310308521073,0.00243993008022,44.6503073299,1.06301422498,0.000647734169769,1.54209607424e-05,22325.1536649,0.323867084885,0.339313103792,0.339313103792,0.678626207585,-1.38777878078e-16,-1.4224732503e-16,0.08,69101.265684
2011-10-13,68718.3957967,-0.0044131088372,-0.005540707302,76.6337158994,1.28476520193,0.00110900596597,1.85924988379e-05,38316.8579497,0.554502982984,0.376290832739,0.376290832739,0.752581665479,-1.38777878078e-17,1.38777878078e-17,0.08,68718.3957967
2011-10-14,68294.0242984,-0.00471778185519,-0.00617551520761,98.7562151554,1.41688232213,0.00143711467665,2.06186757665e-05,49378.1075777,0.718557338327,0.376836554015,0.376836554015,0.75367310803,9.71445146547e-17,1.66533453694e-16,0.08,68294.0242984
2011-10-17,68532.1952276,0.00449728254512,0.00348743439443,64.7360706161,4.23052352489,0.000947902415784,6.19457349066e-05,32368.035308,0.473951207892,0.27957820262,0.27957820262,0.559156405241,-2.77555756156e-17,6.93889390391e-17,0.08,68532.1952276
2011-10-18,68646.2653072,0.00251854811842,0.00166447432765,57.4816828388,1.0498689295,0.000838754437207,1.53193535682e-05,28740.8414194,0.419377218604,0.252163407769,0.252163407769,0.504326815538,1.94289029309e-16,3.40005801291e-16,0.08,68646.2653072
2011-10-19,68748.4804438,0.002537086282,0.00148901234617,70.9978641348,0.948497325506,0.0010342567628,1.38171730284e-05,35498.9320674,0.517128381399,0.327216281692,0.327216281692,0.654432563384,2.77555756156e-17,8.32667268469e-17,0.08,68748.4804438
2011-10-20,68717.0532589,0.000448855508984,-0.000457132793593,61.0526822722,1.23263682974,0.000888058643305,1.79296592708e-05,30526.3411361,0.444029321653,0.228581895371,0.228581895371,0.457163790742,0,1.38777878078e-17,0.08,68717.0532589
2011-10-21,68689.3141226,4.06197588833e-05,-0.0004036717952,29.6697228623,0.860683522095,0.000431766518721,1.25250353628e-05,14834.8614312,0.21588325936,0.243570048307,0.243570048307,0.487140096614,-9.71445146547e-17,-1.31838984174e-16,0.08,68689.3141226
2011-10-24,68821.6999895,0.00252495520733,0.00192731385641,38.3013290793,2.75024540696,0.000557602438873,4.00389120505e-05,19150.6645397,0.278801219437,0.287954255874,0.287954255874,0.575908511749,-4.85722573274e-17,-1.17961196366e-16,0.08,68821.6999895
2011-10-25,68702.7753403,-0.00094313496277,-0.0017280109206,52.9306072106,1.08589048814,0.00076909764244,1.57783153904e-05,26465.3036053,0.38454882122,0.25756258408,0.25756258408,0.51512516816,-1.11022302463e-16,-2.04697370165e-16,0.08,68702.7753403
2011-10-26,68554.3129062,-0.00110581786586,-0.00216093794467,71.5200742052,0.969603526035,0.0010410070605,1.41130183058e-05,35760.0371026,0.520503530249,0.362441411896,0.362441411896,0.724882823793,4.16333634234e-17,-3.46944695195e-17,0.08,68554.3129062
2011-10-27,68827.6159727,0.00529399476053,0.00398666480486,88.2616316767,1.36147517596,0.00128747015228,1.98598033916e-05,44130.8158383,0.643735076139,0.284430044684,0.284430044684,0.568860089368,2.77555756156e-17,1.38777878078e-17,0.08,68827.6159727
2011-10-28,68720.5826176,-0.000389034246078,-0.00155509316333,79.184362652,1.07269270611,0.00115047370932,1.55852079279e-05,39592.181326,0.575236854662,0.437599012576,0.437599012576,0.875198025151,-1.17961196366e-16,-1.73472347598e-16,0.08,68720.5826176
2011-10-31,68811.0520398,0.00237877792619,0.00131648217577,68.0582307007,4.94335218035,0.000990361666159,7.1934084259e-05,34029.1153503,0.49518083308,0.279442983714,0.279442983714,0.558885967429,-9.02056207508e-17,-1.17961196366e-16,0.08,68811.0520398
2011-11-01,68738.3007575,-0.000277650889301,-0.00105726159035,52.5922015234,1.05363099696,0.000764298756732,1.53119443131e-05,26296.1007617,0.382149378366,0.282368452832,0.282368452832,0.564736905664,-2.77555756156e-17,-1.38777878078e-17,0.08,68738.3007575
2011-11-02,68725.7721158,0.000390512696744,-0.000182265804122,38.3082850991,1.06353576083,0.000557306256876,1.54722439908e-05,19154.1425496,0.278653128438,0.266557280004,0.266557280004,0.533114560009,2.77555756156e-17,2.77555756156e-17,0.08,68725.7721158
2011-11-03,68587.3021685,-0.0015811650696,-0.00201481835768,28.7993567868,1.00380026747,0.00041904740973,1.46058783564e-05,14399.6783934,0.209523704865,0.267890277973,0.267890277973,0.535780555946,1.38777878078e-17,-4.16333634234e-17,0.08,68587.3021685
2011-11-04,68693.388947,0.00239031315684,0.00154674079874,56.8515647502,1.00678747635,0.000828893438767,1.4678919341e-05,28425.7823751,0.414446719383,0.398384975156,0.398384975156,0.796769950312,3.46944695195e-17,6.93889390391e-17,0.08,68693.388947
2011-11-07,68572.9447494,-0.000293786404127,-0.00175335937658,95.7644252826,4.4985886108,0.00139408503133,6.54879411215e-05,47882.2126413,0.697042515667,0.320189136671,0.320189136671,0.640378273341,9.02056207508e-17,6.93889390391e-17,0.08,68572.9447494
2011-11-08,68524.1621224,0.000361020468653,-0.000711397580678,72.3357780572,1.20308558785,0.0010548734391,1.75446102285e-05,36167.8890286,0.527436719551,0.358987099525,0.358987099525,0.717974199049,2.77555756156e-17,6.93889390391e-18,0.08,68524.1621224
2011-11-09,68532.5571371,0.00103777361092,0.000122511745778,61.3696461185,1.34790631275,0.000895591339137,1.96705260013e-05,30684.8230592,0.447795669569,0.328934328167,0.328934328167,0.657868656333,8.32667268469e-17,8.32667268469e-17,0.08,68532.5571371
2011-11-10,68368.0043425,-0.00144451123216,-0.00240108937242,64.3215290325,1.23521702134,0.000938554341461,1.80237988037e-05,32160.7645162,0.46927717073,0.377189883691,0.377189883691,0.754379767383,5.55111512313e-17,1.38777878078e-17,0.08,68368.0043425
2011-11-11,68296.1543558,-0.000144070785038,-0.0010509299996,60.5871289875,1.41302573185,0.000886191275731,2.06679388324e-05,30293.5644937,0.443095637865,0.301145751464,0.301145751464,0.602291502928,3.46944695195e-17,2.08166817117e-17,0.08,68296.1543558
2011-11-14,68255.2505566,0.000329457575086,-0.000598918044453,60.0235919998,3.38089261242,0.00087887220834,4.95034111995e-05,30011.7959999,0.43943610417,0.212200891855,0.212200891855,0.42440178371,7.6327832943e-17,4.51028103754e-17,0.08,68255.2505566
2011-11-15,68361.8089497,0.00197190111437,0.00156117503465,27.2405772325,0.79363424887,0.00039909863359,1.1627446129e-05,13620.2886162,0.199549316795,0.237365347789,0.237365347789,0.474730695578,6.24500451352e-17,-2.94902990916e-17,0.08,68361.8089497
2011-11-16,68292.7627308,-0.000315004977834,-0.00101001158323,46.6227731844,0.889135592155,0.000682000284964,1.30063204268e-05,23311.3865922,0.341000142482,0.216702843557,0.216702843557,0.433405687115,4.16333634234e-17,0,0.08,68292.7627308
2011-11-17,68263.6271556,0.000146187653459,-0.000426627567061,38.3082169092,0.81091703442,0.000560941092106,1.18741284141e-05,19154.1084546,0.280470546053,0.312371509684,0.312371509684,0.624743019368,1.38777878078e-17,-2.42861286637e-17,0.08,68263.6271556
2011-11-18,68122.2537309,-0.00111477993085,-0.00207099198558,64.1060860755,1.16841711075,0.000939095807631,1.7116247106e-05,32053.0430378,0.469547903815,0.378008899861,0.378008899861,0.756017799722,1.31838984174e-16,1.2490009027e-16,0.08,68122.2537309
2011-11-21,68205.4686684,0.00204115001054,0.00122155291387,51.5997901676,4.23301120913,0.000757458647382,6.21384492922e-05,25799.8950838,0.378729323691,0.315330147725,0.315330147725,0.63066029545,1.2490009027e-16,1.38777878078e-16,0.08,68205.4686684
2011-11-22,68164.5110349,-6.58735527878e-07,-0.00060050365875,39.7342251846,1.1784789321,0.000582566558963,1.72783642589e-05,19867.1125923,0.291283279482,0.256539622796,0.256539622796,0.513079245592,-2.08166817117e-17,2.77555756156e-17,0.08,68164.5110349
2011-11-23,68129.8795219,0.000301814054367,-0.000508057822674,54.2463343104,0.958186188985,0.000795814911408,1.40569656327e-05,27123.1671552,0.397907455704,0.276898889565,0.276898889565,0.55379777913,1.11022302463e-16,1.2490009027e-16,0.08,68129.8795219
2011-11-25,67962.8373824,-0.0013571230394,-0.00245181909434,72.5141034335,2.06740690255,0.00106435097115,3.0345083788e-05,36257.0517167,0.532175485575,0.406072789646,0.406072789646,0.812145579291,2.91433543964e-16,3.33066907388e-16,0.08,67962.8373824
2011-11-28,68248.4514096,0.00518482122356,0.00420250298981,62.2245000272,4.53663435092,0.000915566542302,6.67516914486e-05,31112.2500136,0.457783271151,0.323230936682,0.323230936682,0.646461873363,1.2490009027e-16,9.71445146547e-17,0.08,68248.4514096
2011-11-29,68254.6472999,0.00103965052941,9.07843349829e-05,63.5498806452,1.20876771924,0.000931154910223,1.77112842017e-05,31774.9403226,0.465577455111,0.289521965356,0.289521965356,0.579043930713,9.71445146547e-17,1.52655665886e-16,0.08,68254.6472999
2011-11-30,68029.2176474,-0.00216622236767,-0.00330277367864,76.4921023133,1.08280655512,0.00112068709369,1.58642172798e-05,38246.0511567,0.560343546844,0.308213108989,0.308213108989,0.616426217978,1.52655665886e-16,2.22044604925e-16,0.08,68029.2176474
2011-12-01,67895.8796644,-0.000581918912967,-0.00196001053061,92.6015906675,1.1489039273,0.00136120322811,1.68883895337e-05,46300.7953337,0.680601614055,0.346333736512,0.346333736512,0.692667473024,4.16333634234e-17,-4.85722573274e-17,0.08,67895.8796644
2011-12-02,68074.55455,0.00354566385127,0.00263160130618,60.7726074879,1.28847307934,0.00089508535405,1.89771910417e-05,30386.303744,0.447542677025,0.332588334117,0.332588334117,0.665176668235,-6.93889390391e-18,0,0.08,68074.55455
2011-12-05,68114.8341201,0.00163869880023,0.0005916978865,67.5523450301,3.72177578524,0.000992328858802,5.46720549234e-05,33776.172515,0.496164429401,0.319413786461,0.319413786461,0.638827572923,-2.77555756156e-17,-1.73472347598e-17,0.08,68114.8341201
2011-12-06,68047.2786405,-0.000461786293374,-0.000991788064886,34.9088283893,1.19215436057,0.000512499646226,1.75021252856e-05,17454.4141946,0.256249823113,0.273633848188,0.273633848188,0.547267696376,5.55111512313e-17,1.17961196366e-16,0.08,68047.2786405
2011-12-07,68130.4430207,0.00212913991148,0.00122215585658,60.6975206127,1.02027609387,0.000891990419387,1.49936355172e-05,30348.7603063,0.445995209693,0.363290004316,0.363290004316,0.726580008633,-1.38777878078e-16,-1.2490009027e-16,0.08,68130.4430207
2011-12-08,68127.9860802,0.00122845144298,-3.60622996474e-05,84.7956563433,1.35622514734,0.00124460744102,1.99063016064e-05,42397.8281717,0.622303720509,0.396353555514,0.396353555514,0.792707111028,-6.93889390391e-17,-3.12250225676e-17,0.08,68127.9860802
2011-12-09,68261.6181875,0.00296120320342,0.00196148624092,66.6290994959,1.47960380892,0.00097799895945,2.17180030418e-05,33314.5497479,0.488999479725,0.335449108273,0.335449108273,0.670898216546,1.2490009027e-16,1.52655665886e-16,0.08,68261.6181875
2011-12-12,68154.2016817,-0.000486194578132,-0.00157360034392,70.4639732623,3.76410393703,0.00103226344662,5.51423191682e-05,35231.9866312,0.516131723311,0.244633850413,0.244633850413,0.489267700826,2.77555756156e-17,2.42861286637e-17,0.08,68154.2016817
2011-12-13,67997.4168451,-0.00178816657128,-0.0023004427125,34.0001920052,0.913579439957,0.000498871546674,1.34045945432e-05,17000.0960026,0.249435773337,0.22573498325,0.22573498325,0.451469966501,8.32667268469e-17,1.02348685083e-16,0.08,67997.4168451
2011-12-14,67725.3326696,-0.00355417126938,-0.00400138987732,29.5686473236,0.841062780964,0.000434849567756,1.23690401781e-05,14784.3236618,0.217424783878,0.240636816361,0.240636816361,0.481273632722,2.77555756156e-17,2.77555756156e-17,0.08,67725.3326696
2011-12-15,67549.4648366,-0.00198255619588,-0.00259678064479,40.7055574129,0.892997722772,0.000601038869923,1.31855789787e-05,20352.7787065,0.300519434962,0.336424419318,0.336424419318,0.672848838635,8.32667268469e-17,1.11022302463e-16,0.08,67549.4648366
2011-12-16,67508.6159952,-1.60198519233e-05,-0.000604724870793,38.5214876297,1.24522134153,0.000570270804113,1.84342147571e-05,19260.7438149,0.285135402056,0.314890327638,0.314890327638,0.629780655276,1.38777878078e-16,1.83880688454e-16,0.08,67508.6159952
2011-12-19,67355.4534961,-0.00164524296893,-0.00226878446377,38.5999887771,3.49443455492,0.000571778701253,5.17627935843e-05,19299.9943886,0.285889350626,0.330477387123,0.330477387123,0.660954774246,5.55111512313e-17,3.6212352561e-17,0.08,67355.4534961
2011-12-20,67329.5294068,0.000215215759166,-0.000384884785666,39.2003482155,1.21969612492,0.000581992194853,1.81083499793e-05,19600.1741077,0.290996097427,0.448815028977,0.448815028977,0.897630057954,8.32667268469e-17,1.04083408559e-16,0.08,67329.5294068
2011-12-21,66485.2483571,-0.0117775687749,-0.0125395358784,49.6470780233,1.65580847626,0.000737374499135,2.45926043275e-05,24823.5390116,0.368687249567,0.360451719277,0.360451719277,0.720903438554,1.11022302463e-16,1.66533453694e-16,0.08,66485.2483571
2011-12-22,66325.5713238,-0.00147913858583,-0.00240169116044,60.0230015891,1.31313545627,0.000902801795471,1.97507791385e-05,30011.5007946,0.451400897736,0.215912160441,0.215912160441,0.431824320883,9.71445146547e-17,1.2490009027e-16,0.08,66325.5713238
2011-12-23,66331.1573778,0.000460050494766,8.42217240822e-05,24.1423731466,0.784684788878,0.000363997967371,1.18308033119e-05,12071.1865733,0.181998983686,0.238040705255,0.238040705255,0.47608141051,-2.60208521397e-17,0,0.08,66331.1573778
2011-12-27,66176.832764,-0.00191053047905,-0.00232657803543,24.1362002169,3.46071572221,0.000363874251121,5.21733052613e-05,12068.1001084,0.181937125561,0.195121924553,0.195121924553,0.390243849106,2.77555756156e-17,1.38777878078e-17,0.08,66176.832764
2011-12-28,66228.48515,0.00114928401044,0.000780520672289,23.6960527191,0.707537039437,0.00035807172585,1.06916123043e-05,11848.0263596,0.179035862925,0.210239392586,0.210239392586,0.420478785172,2.08166817117e-17,-2.77555756156e-17,0.08,66228.48515
2011-12-29,66125.1781103,-0.00122527599911,-0.00155985811032,21.3959164394,0.762949944647,0.000323062144497,1.1519966717e-05,10697.9582197,0.161531072249,0.215086179184,0.215086179184,0.430172358368,5.55111512313e-17,5.55111512313e-17,0.08,66125.1781103
2011-12-30,66078.0249729,2.7359680699e-05,-0.000713089003903,48.1829799504,0.779321200416,0.000728663140537,1.17855440649e-05,24091.4899752,0.364331570268,0.282259757857,0.282259757857,0.564519515715,1.73472347598e-17,5.55111512313e-17,0.08,66078.0249729
2012-01-03,66038.074759,0.000593232353934,-0.000604591524812,75.0619090872,4.08792708571,0.00113595872634,6.18651524071e-05,37530.9545436,0.56797936317,0.358036359099,0.358036359099,0.716072718197,1.97758476261e-16,1.94289029309e-16,0.08,66038.074759
2012-01-04,65836.2887391,-0.00149573986464,-0.00305560119115,101.714675505,1.29556338896,0.00154024289588,1.96184306355e-05,50857.3377525,0.770121447939,0.259385605062,0.259385605062,0.518771210125,-8.32667268469e-17,-6.93889390391e-17,0.08,65836.2887391
2012-01-05,65779.9120629,-0.000161946994481,-0.000856316133311,44.7789618778,0.935725237789,0.000680156228964,1.42129098664e-05,22389.4809389,0.340078114482,0.167984531166,0.167984531166,0.335969062332,-1.17961196366e-16,-1.5092094241e-16,0.08,65779.9120629
2012-01-06,65689.6393585,-0.000976073647383,-0.00137234455879,25.461185832,0.605479873316,0.00038706627956,9.20463184471e-06,12730.592916,0.19353313978,0.209118197452,0.209118197452,0.418236394904,-1.14491749414e-16,-3.12250225676e-17,0.08,65689.6393585
2012-01-09,65726.8503638,0.000927924256135,0.000566466883932,21.4858840442,2.25812037927,0.000327081778101,3.43755941017e-05,10742.9420221,0.16354088905,0.190283116688,0.190283116688,0.380566233375,-1.49186218934e-16,-1.04083408559e-16,0.08,65726.8503638
2012-01-10,65740.1900309,0.000515650450431,0.000202956128932,19.8671137042,0.685299174646,0.000302267849352,1.04264721473e-05,9933.55685208,0.151133924676,0.23460669459,0.23460669459,0.469213389179,-9.71445146547e-17,-8.32667268469e-17,0.08,65740.1900309
2012-01-11,65728.5802412,0.000451309159359,-0.000176601098083,40.4338388968,0.845100749855,0.000615055096096,1.28551613474e-05,20216.9194484,0.307527548048,0.326932432506,0.326932432506,0.653864865013,-2.22044604925e-16,-1.94289029309e-16,0.08,65728.5802412
2012-01-12,65562.2111842,-0.00161265715752,-0.00253115245099,59.1939228517,1.17746874649,0.000900581187582,1.79141058908e-05,29596.9614259,0.450290593791,0.328260326941,0.328260326941,0.656520653882,0,9.71445146547e-17,0.08,65562.2111842
2012-01-13,65487.4951333,-0.000468094574839,-0.00113962066813,42.8474767561,1.17925878785,0.00065353922606,1.79868672296e-05,21423.7383781,0.32676961303,0.250223753136,0.250223753136,0.500447506272,-1.2490009027e-16,-9.71445146547e-17,0.08,65487.4951333
2012-01-17,65481.611268,0.000394019828796,-8.98471573675e-05,28.0956693803,3.59156752125,0.000429023423832,5.48435623311e-05,14047.8346901,0.214511711916,0.207871865284,0.207871865284,0.415743730568,-7.6327832943e-17,-5.55111512313e-17,0.08,65481.611268
2012-01-18,65432.5203958,-0.000364512925472,-0.000749689435913,24.4761273111,0.745851215129,0.000373786271247,1.13902391937e-05,12238.0636555,0.186893135623,0.223174382828,0.223174382828,0.446348765656,0,1.38777878078e-17,0.08,65432.5203958
2012-01-19,65421.8372308,0.000163000774059,-0.000163269960142,20.5485596287,0.800156841436,0.000314042000896,1.22287333056e-05,10274.2798144,0.157021000448,0.2138700922,0.2138700922,0.4277401844,-3.12250225676e-17,0,0.08,65421.8372308
2012-01-20,65397.0703016,0.000521340620601,-0.000378572816313,58.1073178239,0.766672567695,0.000888194527752,1.17189091616e-05,29053.658912,0.444097263876,0.314678568988,0.314678568988,0.629357137976,3.46944695195e-17,2.77555756156e-17,0.08,65397.0703016
2012-01-23,65381.9138496,0.00115065471112,-0.000231760412956,87.0230404527,3.3828586025,0.00133068714013,5.17279839432e-05,43511.5202263,0.665343570066,0.392530311899,0.392530311899,0.785060623798,8.32667268469e-17,-6.93889390391e-17,0.08,65381.9138496
2012-01-24,65202.2050491,-0.00175983960334,-0.0027486011033,63.2408516447,1.40626756361,0.00096725298972,2.1508510241e-05,31620.4258223,0.48362649486,0.391411657141,0.391411657141,0.782823314282,1.38777878078e-17,3.46944695195e-17,0.08,65202.2050491
2012-01-25,64997.9664301,-0.00229595966035,-0.00313238821882,53.1385807278,1.39840565082,0.000814981344385,2.14472140899e-05,26569.2903639,0.407490672193,0.338314297563,0.338314297563,0.676628595127,-2.08166817117e-16,-2.35922392733e-16,0.08,64997.9664301
2012-01-26,64801.7822905,-0.00229213833156,-0.00301831196356,45.9948920204,1.20491733457,0.000707635862267,1.85377697295e-05,22997.4460102,0.353817931134,0.292575378219,0.292575378219,0.585150756437,2.77555756156e-17,5.55111512313e-17,0.08,64801.7822905
2012-01-27,64823.0135532,0.00084764474779,0.0003276339319,32.6587561204,1.03887155961,0.000503979288316,1.60315275736e-05,16329.3780602,0.251989644158,0.300130843605,0.300130843605,0.60026168721,1.31838984174e-16,1.52655665886e-16,0.08,64823.0135532
2012-01-30,64665.1087251,-0.00144073186031,-0.00243593778499,61.3141015423,3.19814560154,0.000945869347651,4.93365770309e-05,30657.0507712,0.472934673825,0.322655589336,0.322655589336,0.645311178673,-3.46944695195e-17,1.38777878078e-17,0.08,64665.1087251
2012-01-31,64475.6626612,-0.00208938425276,-0.00292964888841,53.1925405278,1.14326349398,0.000822584877323,1.76797583198e-05,26596.2702639,0.411292438662,0.38080008004,0.38080008004,0.761600160081,1.38777878078e-16,3.05311331772e-16,0.08,64475.6626612
2012-02-01,64482.4885142,0.00108629117957,0.000105867123503,61.8681571425,1.34533356176,0.000959558298261,2.08657578104e-05,30934.0785712,0.479779149131,0.244682363881,0.244682363881,0.489364727763,1.38777878078e-17,0,0.08,64482.4885142
2012-02-02,64430.7372943,-0.000101174178253,-0.000802562386943,44.3627240852,0.864533025677,0.000687980955875,1.34072528154e-05,22181.3620426,0.343990477937,0.191884610273,0.191884610273,0.383769220546,0,0,0.08,64430.7372943
2012-02-03,64511.4644876,0.00172273955827,0.00125292983903,29.5927473156,0.677439283032,0.00045929549402,1.05142252205e-05,14796.3736578,0.22964774701,0.172723661344,0.172723661344,0.345447322688,3.81639164715e-17,6.24500451352e-17,0.08,64511.4644876
2012-02-06,64551.1685615,0.00119853432636,0.000615457643953,35.7834611547,1.83166953616,0.000554683751778,2.83929306319e-05,17891.7305773,0.277341875889,0.208089778287,0.208089778287,0.416179556574,0,2.77555756156e-17,0.08,64551.1685615
2012-02-07,64563.4361715,0.00107625153662,0.000190044738123,56.4696604108,0.736024019404,0.000874804618865,1.14021796322e-05,28234.8302054,0.437402309433,0.309912049607,0.309912049607,0.619824099214,-2.77555756156e-17,-5.55111512313e-17,0.08,64563.4361715
2012-02-08,64402.7746414,-0.00172347721352,-0.00248842904805,48.2915361031,1.0963828402,0.000747970352365,1.69814821703e-05,24145.7680515,0.373985176182,0.208452629447,0.208452629447,0.416905258893,1.38777878078e-17,3.46944695195e-18,0.08,64402.7746414
2012-02-09,64441.8627272,0.00107523982929,0.000606931704513,29.4247301449,0.735612477681,0.000456886062887,1.14220618875e-05,14712.3650725,0.228443031443,0.259203223465,0.259203223465,0.51840644693,-2.77555756156e-17,-6.93889390391e-18,0.08,64441.8627272
2012-02-10,64321.7324381,-0.000777984331916,-0.00186416537451,69.0802672576,0.915262386027,0.00107197812624,1.42029163543e-05,34540.1336288,0.535989063119,0.428336131962,0.428336131962,0.856672263923,0,4.16333634234e-17,0.08,64321.7324381
2012-02-13,64049.2936467,-0.00318446742487,-0.00423556364312,63.0793452663,4.52898445045,0.000980684799294,7.04114189526e-05,31539.6726331,0.490342399647,0.246424434962,0.246424434962,0.492848869924,-1.38777878078e-17,7.6327832943e-17,0.08,64049.2936467
2012-02-14,63868.7119655,-0.00210349168681,-0.00281941721549,44.9896854569,0.864838958717,0.000702422819916,1.3502708765e-05,22494.8427285,0.351211409958,0.384701331685,0.384701331685,0.76940266337,6.93889390391e-18,1.11022302463e-16,0.08,63868.7119655
2012-02-15,63959.6021208,0.00178122281784,0.00142307794337,21.5279297168,1.34632211212,0.000337065349438,2.10795250238e-05,10763.9648584,0.168532674719,0.358708626251,0.358708626251,0.717417252503,-6.24500451352e-17,5.55111512313e-17,0.08,63959.6021208
2012-02-16,63929.9679723,0.000241307794752,-0.000463326029313,43.8109559588,1.25714306917,0.000684978556872,1.96552671919e-05,21905.4779794,0.342489278436,0.256052843528,0.256052843528,0.512105687056,5.55111512313e-17,1.11022302463e-16,0.08,63929.9679723
2012-02-17,63845.7620713,-0.000555647345122,-0.00131715850472,47.7864278743,0.896956169095,0.000747480866798,1.40302927961e-05,23893.2139371,0.373740433399,0.248763056842,0.248763056842,0.497526113684,-1.38777878078e-17,0,0.08,63845.7620713
2012-02-21,63720.7798559,-0.001299116051,-0.0019575647832,38.5580724477,3.48108864422,0.000603925322477,5.45234097188e-05,19279.0362239,0.301962661239,0.281655416409,0.281655416409,0.563310832817,2.77555756156e-17,0,0.08,63720.7798559
2012-02-22,63653.4628517,-0.000204407087304,-0.00105643723154,53.3086114003,0.983413851189,0.000836596970734,1.54331735018e-05,26654.3057001,0.418298485367,0.322919230041,0.322919230041,0.645838460082,2.77555756156e-17,4.16333634234e-17,0.08,63653.4628517
2012-02-23,63574.6888611,-0.000574423430481,-0.00123754446343,41.0836526556,1.12629738156,0.000645426828566,1.76942043858e-05,20541.8263278,0.322713414283,0.204215312872,0.204215312872,0.408430625743,-2.77555756156e-17,-1.04083408559e-17,0.08,63574.6888611
2012-02-24,63495.6226572,-0.00083662449201,-0.00124367425647,25.1666689769,0.711393149396,0.000395859884299,1.11898801573e-05,12583.3344885,0.197929942149,0.204001991641,0.204001991641,0.408003983282,2.77555756156e-17,1.38777878078e-17,0.08,63495.6226572
2012-02-27,63451.0199623,-0.000166471529824,-0.000702453068436,31.9031828723,2.12929865467,0.000502446964644,3.35345739684e-05,15951.5914361,0.251223482322,0.245252946781,0.245252946781,0.490505893561,-2.77555756156e-17,2.77555756156e-17,0.08,63451.0199623
2012-02-28,63429.8941352,5.22489016923e-05,-0.000332947004201,23.5883854637,0.85268765052,0.000371757388261,1.34385176318e-05,11794.1927318,0.185878694131,0.215080102262,0.215080102262,0.430160204525,0,5.55111512313e-17,0.08,63429.8941352
2012-02-29,63372.0854017,-0.000150890629744,-0.000911379946185,47.4902221415,0.747534691348,0.000748704105358,1.17852110829e-05,23745.1110707,0.374352052679,0.176366014801,0.176366014801,0.352732029601,1.11022302463e-16,1.2490009027e-16,0.08,63372.0854017
2012-03-01,63244.1628303,-0.00110668778285,-0.00201859494806,57.177037812,0.612420939831,0.000902243273983,9.66389122195e-06,28588.518906,0.451121636992,0.309010256289,0.309010256289,0.618020512579,1.38777878078e-16,1.94289029309e-16,0.08,63244.1628303
2012-03-02,63150.7855555,-0.000691789906273,-0.0014764568089,48.5547468385,1.07085451863,0.000767734833787,1.69320688378e-05,24277.3734193,0.383867416894,0.262574886973,0.262574886973,0.525149773947,-3.46944695195e-18,3.46944695195e-17,0.08,63150.7855555
2012-03-05,63204.1860562,0.00155535187976,0.000845603111217,42.0954152315,2.72577704869,0.000666585773419,4.31629951189e-05,21047.7076158,0.33329288671,0.21365187705,0.21365187705,0.4273037541,-2.77555756156e-17,-1.38777878078e-17,0.08,63204.1860562
2012-03-06,63149.4010722,-0.000254874015608,-0.000866793601232,37.9359509583,0.739928382923,0.000600212633456,1.17069521671e-05,18967.9754791,0.300106316728,0.224738058745,0.224738058745,0.44947611749,9.71445146547e-17,4.16333634234e-17,0.08,63149.4010722
2012-03-07,62993.7911393,-0.00149347977233,-0.00246415532356,60.5199318158,0.777647879883,0.000958361137054,1.23144141778e-05,30259.9659079,0.479180568527,0.315023542363,0.315023542363,0.630047084726,2.70616862252e-16,2.01227923213e-16,0.08,62993.7911393
2012-03-08,63061.9433082,0.00202107404972,0.00108188708152,58.0755763608,1.08737135516,0.000921925404241,1.72615639651e-05,29037.7881804,0.460962702121,0.423020890662,0.423020890662,0.846041781324,1.11022302463e-16,2.77555756156e-17,0.08,63061.9433082
2012-03-09,62863.328992,-0.00164223404673,-0.00314951150866,93.5901187625,1.46172709179,0.00148409823505,2.31792268856e-05,46795.0593813,0.742049117525,0.24822665129,0.24822665129,0.496453302579,1.31838984174e-16,1.38777878078e-16,0.08,62863.328992
2012-03-12,62916.5124689,0.00118934601957,0.000846017508379,19.0176739219,2.56509922925,0.000302524130154,4.08043810339e-05,9508.83696093,0.151262065077,0.234035211582,0.234035211582,0.468070423165,1.2490009027e-16,1.2490009027e-16,0.08,62916.5124689
2012-03-13,62708.1640667,-0.00268527051684,-0.00331150590015,38.5937145592,0.806831742888,0.000613411536093,1.282384721e-05,19296.8572796,0.306705768046,0.295093818337,0.295093818337,0.590187636673,7.6327832943e-17,6.93889390391e-17,0.08,62708.1640667
2012-03-14,62440.0756942,-0.00352359588578,-0.00427517495413,46.1161823449,1.01396118221,0.000735409544056,1.61695242924e-05,23058.0911724,0.367704772028,0.343867315106,0.343867315106,0.687734630211,-8.32667268469e-17,-2.77555756156e-17,0.08,62440.0756942
2012-03-15,62320.218985,-0.00131103322633,-0.00191954778949,36.81919669,1.17649869501,0.000589672518501,1.88420446633e-05,18409.598345,0.294836259251,0.384266003654,0.384266003654,0.768532007307,0,5.55111512313e-17,0.08,62320.218985
2012-03-16,62421.5854005,0.00229286582751,0.00162654138812,40.2132909233,1.31219405459,0.000645268767957,2.10556714331e-05,20106.6454616,0.322634383979,0.33066093763,0.33066093763,0.66132187526,-2.77555756156e-17,-2.77555756156e-17,0.08,62421.5854005
2012-03-19,62421.9372983,0.000733511640925,5.63743782056e-06,42.0421225589,3.39293917099,0.000673518980481,5.43552226241e-05,21021.0612795,0.33675949024,0.372806468619,0.372806468619,0.745612937238,-2.77555756156e-17,1.38777878078e-16,0.08,62421.9372983
2012-03-20,62050.3570119,-0.00495301828708,-0.00595271954796,61.1281495873,1.27513983608,0.00097927350917,2.04277517052e-05,30564.0747936,0.489636754585,0.404455789195,0.404455789195,0.808911578389,-3.05311331772e-16,-2.77555756156e-17,0.08,62050.3570119
2012-03-21,61856.3850948,-0.00191429022034,-0.00312604030773,73.814367936,1.37515759535,0.00118958812633,2.21619610518e-05,36907.183968,0.594794063166,0.451574366286,0.451574366286,0.903148732572,-8.32667268469e-17,8.32667268469e-17,0.08,61856.3850948
2012-03-22,61643.9899032,-0.00252381000107,-0.00343368257331,54.7508661389,1.53056207671,0.000885128771346,2.47438008924e-05,27375.4330694,0.442564385673,0.337815014042,0.337815014042,0.675630028085,-2.77555756156e-17,8.32667268469e-17,0.08,61643.9899032
2012-03-23,61620.6050613,0.000358866705712,-0.000379353153398,44.3657619076,1.14105563369,0.000719709447381,1.85104117284e-05,22182.8809538,0.359854723691,0.363091512184,0.363091512184,0.726183024368,1.38777878078e-16,1.83880688454e-16,0.08,61620.6050613
2012-03-26,61619.1983917,0.000529575584543,-2.28279092315e-05,30.3615330849,3.67790443946,0.000492717217799,5.96862759755e-05,15180.7665424,0.246358608899,0.331985781848,0.331985781848,0.663971563696,-2.77555756156e-17,1.38777878078e-17,0.08,61619.1983917
2012-03-27,61478.684109,-0.00164126672345,-0.00228036531437,38.2598279202,1.12091494548,0.000620907589173,1.81910017451e-05,19129.9139601,0.310453794587,0.297320443204,0.297320443204,0.594640886408,1.38777878078e-16,1.2490009027e-16,0.08,61478.684109
2012-03-28,61347.833759,-0.00167731855642,-0.00212838566435,26.7294303439,1.00158189627,0.000434775576792,1.62915311345e-05,13364.7151719,0.217387788396,0.266632769188,0.266632769188,0.533265538375,1.94289029309e-16,2.08166817117e-16,0.08,61347.833759
2012-03-29,61380.9950294,0.00117346256869,0.000540545090796,37.9318234606,0.8962927561,0.000618307463139,1.461001475e-05,18965.9117303,0.30915373157,0.300377378818,0.300377378818,0.600754757637,2.49800180541e-16,2.08166817117e-16,0.08,61380.9950294
2012-03-30,61340.048718,0.000224702145444,-0.000667084517404,53.7284808075,1.01027191212,0.000875327628392,1.64590344558e-05,26864.2404037,0.437663814196,0.301066143337,0.301066143337,0.602132286675,1.66533453694e-16,1.80411241502e-16,0.08,61340.048718
2012-04-02,61302.9338878,-9.91483885444e-05,-0.000605066852124,27.9973242609,3.03573894241,0.000456428138647,4.94903249322e-05,13998.6621304,0.228214069324,0.309975157387,0.309975157387,0.619950314775,1.94289029309e-16,1.38777878078e-16,0.08,61302.9338878
2012-04-03,61257.9428481,-9.23992819202e-05,-0.00073391331899,38.2854659406,1.04122666193,0.000624529096939,1.69849401308e-05,19142.7329703,0.312264548469,0.269124817577,0.269124817577,0.538249635153,5.55111512313e-17,1.38777878078e-17,0.08,61257.9428481
2012-04-04,61220.4172149,0.000472970544992,-0.0006125839594,65.5954915314,0.903344257212,0.00107080793905,1.47465653467e-05,32797.7457657,0.535403969523,0.350008765293,0.350008765293,0.700017530585,8.32667268469e-17,1.17961196366e-16,0.08,61220.4172149
2012-04-05,61079.0215959,-0.00108762606469,-0.00230961540992,73.6365779507,1.17411959672,0.00120281078275,1.91785624818e-05,36818.2889754,0.601405391376,0.267161959249,0.267161959249,0.534323918498,-8.32667268469e-17,-1.5959455979e-16,0.08,61079.0215959
2012-04-09,61040.2608827,0.000329278422609,-0.000634599445837,55.2961711529,3.57654598983,0.000905321822584,5.85560458628e-05,27648.0855764,0.452660911292,0.287886996792,0.287886996792,0.575773993583,2.08166817117e-16,2.77555756156e-16,0.08,61040.2608827
2012-04-10,60981.2203737,-0.00033289637958,-0.000967238804567,37.757539582,0.962887528159,0.000618567795026,1.57746299612e-05,18878.769791,0.309283897513,0.316700074107,0.316700074107,0.633400148214,-4.16333634234e-17,-3.72965547335e-17,0.08,60981.2203737
2012-04-11,60776.4819624,-0.00277246497873,-0.0033574010177,34.6118802362,1.0582332609,0.000567582610254,1.73534287182e-05,17305.9401181,0.283791305127,0.249614508785,0.249614508785,0.49922901757,2.08166817117e-17,2.77555756156e-17,0.08,60776.4819624
2012-04-12,60761.8223685,0.000215973178637,-0.000241205041877,26.9544130951,0.831270777573,0.000443500713184,1.36775073307e-05,13477.2065476,0.221750356592,0.221872701931,0.221872701931,0.443745403863,0,5.42101086243e-18,0.08,60761.8223685
2012-04-13,60650.3652513,-0.00145991298302,-0.00183432808455,22.0114376063,0.738706285105,0.000362257693208,1.2157408325e-05,11005.7188032,0.181128846604,0.224182604628,0.224182604628,0.448365209256,-9.02056207508e-17,-6.24500451352e-17,0.08,60650.3652513
2012-04-16,60860.712,0.00382542084639,0.00346818601717,19.4313395545,2.23508331841,0.000320382894216,3.68519350073e-05,9715.66977724,0.160191447108,0.168819724253,0.168819724253,0.337639448505,3.46944695195e-17,2.77555756156e-17,0.08,60860.712
2012-04-17,60885.184915,0.00117750777678,0.000402113519278,46.6280609147,0.56298567768,0.000766143861654,9.25039584946e-06,23314.0304573,0.383071930827,0.315802887675,0.315802887675,0.631605775351,3.46944695195e-17,0,0.08,60885.184915
2012-04-18,60570.0541055,-0.00423374054131,-0.00517582085045,56.3051602811,1.05357354591,0.000924776041326,1.73042678178e-05,28152.5801406,0.462388020663,0.276179171927,0.276179171927,0.552358343854,2.77555756156e-17,-4.16333634234e-17,0.08,60570.0541055
2012-04-19,60474.1431825,-0.000970894688204,-0.0015834709814,36.1871662149,0.916613007475,0.000597443187882,1.51331053111e-05,18093.5831075,0.298721593941,0.291429115078,0.291429115078,0.582858230155,6.93889390391e-17,1.11022302463e-16,0.08,60474.1431825
2012-04-20,60399.7462258,-0.000825634472082,-0.00123022754364,23.5017247629,0.965694577136,0.000388624352923,1.59687186344e-05,11750.8623814,0.194312176461,0.257529733857,0.257529733857,0.515059467714,5.55111512313e-17,5.55111512313e-17,0.08,60399.7462258
2012-04-23,60384.0074301,0.000628673081222,-0.000260577183585,51.153548314,2.5569420116,0.000846916609926,4.23336548806e-05,25576.774157,0.423458304963,0.359838426575,0.359838426575,0.719676853151,6.93889390391e-17,-1.38777878078e-17,0.08,60384.0074301
2012-04-24,60238.8470682,-0.00167914678583,-0.00240395376232,42.5761478689,1.19060198487,0.000705089802431,1.97171740589e-05,21288.0739344,0.352544901216,0.28687077217,0.28687077217,0.573741544339,2.08166817117e-17,-2.77555756156e-17,0.08,60238.8470682
2012-04-25,60084.5214849,-0.00197324474772,-0.00256189470544,34.5127035705,0.946891209483,0.000572931011303,1.57189464202e-05,17256.3517853,0.286465505651,0.283834758669,0.283834758669,0.567669517338,-1.73472347598e-16,-1.52655665886e-16,0.08,60084.5214849
2012-04-26,60224.775751,0.00315587565831,0.00233428281862,48.4305427293,0.934469898926,0.000806040250175,1.55525895161e-05,24215.2713647,0.403020125088,0.291010967916,0.291010967916,0.582021935832,-4.85722573274e-17,-7.6327832943e-17,0.08,60224.775751
2012-04-27,60194.991075,0.000200503393596,-0.000494558520635,40.8996152993,0.960332618292,0.00067911610777,1.59458064612e-05,20449.8076497,0.339558053885,0.290853464911,0.290853464911,0.581706929822,2.08166817117e-17,4.85722573274e-17,0.08,60194.991075
2012-04-30,60049.2487991,-0.00159968012236,-0.00242116949142,46.5715307085,2.87801453005,0.000773677840577,4.78115284785e-05,23285.7653543,0.386838920289,0.278979986133,0.278979986133,0.557959972266,-7.6327832943e-17,-4.85722573274e-17,0.08,60049.2487991
2012-05-01,60070.3663055,0.0010290197599,0.000351669784753,39.7564098614,0.917947320399,0.000662063400567,1.52865745826e-05,19878.2049307,0.331031700283,0.326802103143,0.326802103143,0.653604206285,-1.38777878078e-17,1.38777878078e-17,0.08,60070.3663055
2012-05-02,59908.8709494,-0.001976834138,-0.00268843634624,41.6705273925,1.07567792028,0.000693695243684,1.79069645558e-05,20835.2636962,0.346847621842,0.357406197915,0.357406197915,0.71481239583,0,2.77555756156e-17,0.08,59908.8709494
2012-05-03,59746.5492315,-0.00208643654299,-0.00270947716599,36.1524108669,1.17324941301,0.00060345672175,1.95839012556e-05,18076.2054334,0.301728360875,0.369745546798,0.369745546798,0.739491093596,9.71445146547e-17,4.16333634234e-17,0.08,59746.5492315
2012-05-04,59630.7610766,-0.00113450849708,-0.0019379889961,46.7947203139,1.21046687753,0.000783220469062,2.02600299615e-05,23397.360157,0.391610234531,0.342837305551,0.342837305551,0.685674611101,9.71445146547e-17,1.66533453694e-16,0.08,59630.7610766
2012-05-07,59677.5547744,0.00151514364899,0.000784724142332,40.1948711768,3.36059991048,0.000674062689309,5.63568173508e-05,20097.4355884,0.337031344654,0.303541328802,0.303541328802,0.607082657603,4.16333634234e-17,2.77555756156e-17,0.08,59677.5547744
2012-05-08,59648.6017327,0.000484804675841,-0.000485157976488,56.8924182572,0.992581056211,0.00095333025075,1.66324015782e-05,28446.2091286,0.476665125375,0.287912343637,0.287912343637,0.575824687274,2.77555756156e-17,8.32667268469e-17,0.08,59648.6017327
2012-05-09,59656.992795,0.000969147103569,0.000140674920204,48.476189848,0.941017464083,0.000812696164535,1.57760188294e-05,24238.094924,0.406348082268,0.371328758329,0.371328758329,0.742657516659,2.77555756156e-17,5.55111512313e-17,0.08,59656.992795
2012-05-10,59559.7784898,-0.000671992871901,-0.00162955423406,55.911403499,1.21382778412,0.000937214580882,2.03467812783e-05,27955.7017495,0.468607290441,0.364992906623,0.364992906623,0.729985813247,-1.38777878078e-17,0,0.08,59559.7784898
2012-05-11,59451.3251719,-0.00119262915443,-0.00182091539956,36.229417168,1.19117242021,0.00060828663381,1.99996113218e-05,18114.708584,0.304143316905,0.271645438512,0.271645438512,0.543290877025,-2.77555756156e-17,0,0.08,59451.3251719
2012-05-14,59420.0760376,0.000218125132919,-0.000525625530497,41.5622204066,2.65474213093,0.000699096618729,4.4654044687e-05,20781.1102033,0.349548309364,0.365695174073,0.365695174073,0.731390348145,-4.85722573274e-17,-8.32667268469e-17,0.08,59420.0760376
2012-05-15,59449.5603171,0.0011837065325,0.000496200635667,39.6609877321,1.19066493425,0.000667467805107,2.003809173e-05,19830.4938661,0.333733902554,0.305061342386,0.305061342386,0.610122684771,3.40005801291e-16,3.05311331772e-16,0.08,59449.5603171
2012-05-16,59361.7679805,-0.000729114152347,-0.00147675333689,43.4530803762,0.993740420524,0.000730923494546,1.67156899937e-05,21726.5401881,0.365461747273,0.27753113217,0.27753113217,0.55506226434,2.15105711021e-16,1.80411241502e-16,0.08,59361.7679805
2012-05-17,59218.9230614,-0.00185665510439,-0.00240634542984,31.7278641535,0.902725406862,0.000534483140124,1.52071853244e-05,15863.9320768,0.267241570062,0.262705497446,0.262705497446,0.525410994892,-5.55111512313e-17,-2.77555756156e-17,0.08,59218.9230614
2012-05-18,59161.8650429,-0.000105886826982,-0.000963509897443,49.935068782,0.852445843346,0.000843228248683,1.43948217779e-05,24967.534391,0.421614124342,0.296274455244,0.296274455244,0.592548910488,2.42861286637e-16,3.60822483003e-16,0.08,59161.8650429
2012-05-21,59027.9325804,-0.00147809690348,-0.00226383097441,43.6041534474,2.88133961701,0.00073703142076,4.87026501771e-05,21802.0767237,0.36851571038,0.271878505883,0.271878505883,0.543757011765,3.46944695195e-17,1.38777878078e-17,0.08,59027.9325804
2012-05-22,58933.6567731,-0.000877206796177,-0.00159713889825,41.6167377694,0.879365814536,0.000705034649701,1.48974523771e-05,20808.3688847,0.35251732485,0.321811663386,0.321811663386,0.643623326772,0,-1.38777878078e-17,0.08,58933.6567731
2012-05-23,58841.5706441,-0.000988180693412,-0.00156253886275,32.8098196484,1.03920756798,0.000556724653531,1.7633515802e-05,16404.9098242,0.278362326766,0.222011294511,0.222011294511,0.444022589022,1.38777878078e-17,6.93889390391e-18,0.08,58841.5706441
2012-05-24,58868.8438811,0.00116373239073,0.000463502871905,40.4867968487,0.715807850398,0.000688064516387,1.2165002439e-05,20243.3984243,0.344032258193,0.287970459321,0.287970459321,0.575940918641,0,6.93889390391e-17,0.08,58868.8438811
2012-05-25,58751.0099275,-0.00101099346485,-0.0020016352601,57.389033734,0.928903452719,0.000974862592,1.57792032504e-05,28694.516867,0.487431296,0.305403971738,0.305403971738,0.610807943476,4.16333634234e-17,9.71445146547e-17,0.08,58751.0099275
2012-05-29,58621.3529615,-0.00135835103502,-0.00220688914303,45.919804117,3.93266669051,0.000781600251191,6.69378568193e-05,22959.9020585,0.390800125595,0.324227525248,0.324227525248,0.648455050496,5.55111512313e-17,7.02563007771e-17,0.08,58621.3529615
2012-05-30,58482.360971,-0.00138417427071,-0.00237101300938,56.8083614021,1.04146061356,0.000969072846876,1.77658917944e-05,28404.1807011,0.484536423438,0.389923640088,0.389923640088,0.779847280175,-2.77555756156e-17,-4.85722573274e-17,0.08,58482.360971
2012-05-31,58273.2860585,-0.00270770503742,-0.00357500807213,49.472413801,1.24951534634,0.000845937355805,2.13656789089e-05,24736.2069005,0.422968677902,0.278886703065,0.278886703065,0.55777340613,7.2858385991e-17,6.93889390391e-17,0.08,58273.2860585
2012-06-01,58367.4569093,0.00220543715103,0.00161602094491,33.4567181115,0.890501075376,0.000574134742941,1.52814631816e-05,16728.3590558,0.287067371471,0.178410163845,0.178410163845,0.356820327691,4.16333634234e-17,7.6327832943e-17,0.08,58367.4569093
2012-06-04,58291.2492568,-0.000774118814875,-0.00130565312399,29.3125227243,1.71178315897,0.000502206610953,2.93276981664e-05,14656.2613622,0.251103305476,0.218007413837,0.218007413837,0.436014827674,-1.21430643318e-17,0,0.08,58291.2492568
2012-06-05,58210.0743162,-0.000986216763711,-0.00139257507098,22.9908087467,0.696324630126,0.000394412695556,1.19456117171e-05,11495.4043733,0.197206347778,0.225295290315,0.225295290315,0.45059058063,2.77555756156e-17,2.77555756156e-17,0.08,58210.0743162
2012-06-06,58160.7116758,-0.000361498212218,-0.000848008545581,27.6012023543,0.718600306429,0.000474165385949,1.23449474145e-05,13800.6011771,0.237082692974,0.253688350647,0.253688350647,0.507376701294,2.77555756156e-17,2.08166817117e-17,0.08,58160.7116758
2012-06-07,58176.9787108,0.00123692805139,0.000279691127988,54.8651042682,0.808476439314,0.000943336191862,1.39007315423e-05,27432.5521341,0.471668095931,0.33373020862,0.33373020862,0.667460417241,2.77555756156e-17,-2.77555756156e-17,0.08,58176.9787108
2012-06-08,58183.9805259,0.000910613797418,0.000120353707738,44.911086044,1.06385836943,0.000771973502907,1.82865867737e-05,22455.543022,0.385986751454,0.302671260496,0.302671260496,0.605342520992,2.77555756156e-17,1.38777878078e-17,0.08,58183.9805259
2012-06-11,58116.3854989,-0.000371589393338,-0.00116174635064,43.079580787,2.89489622901,0.000740402777493,4.97541798076e-05,21539.7903935,0.370201388746,0.141109358665,0.141109358665,0.282218717331,8.32667268469e-17,7.2858385991e-17,0.08,58116.3854989
2012-06-12,58026.4288578,-0.000902842738272,-0.00154787054151,37.0373274357,0.449357034833,0.000637295783586,7.7320196529e-06,18518.6637179,0.318647891793,0.232592555576,0.232592555576,0.465185111153,-5.55111512313e-17,-2.77555756156e-17,0.08,58026.4288578
2012-06-13,58138.9029436,0.00246855499247,0.00193832513902,30.0278097805,0.739535089261,0.000517485055889,1.27447975658e-05,15013.9048902,0.258742527944,0.236427939186,0.236427939186,0.472855878373,2.77555756156e-17,2.08166817117e-17,0.08,58138.9029436
2012-06-14,57988.567876,-0.00108187037316,-0.00258579126809,86.6831240405,0.75318690463,0.00149096593936,1.29549555718e-05,43341.5620202,0.745482969679,0.299416719451,0.299416719451,0.598833438901,4.16333634234e-17,0,0.08,57988.567876
2012-06-15,58055.48451,0.00194459354622,0.00115396252175,44.896177443,0.951383384059,0.000774224628878,1.64063955863e-05,22448.0887215,0.387112314439,0.23686129048,0.23686129048,0.47372258096,8.32667268469e-17,5.55111512313e-17,0.08,58055.48451
2012-06-18,58012.4058315,0.000253719114644,-0.000742025993044,55.5480103771,2.26045429816,0.000956809005143,3.89361025447e-05,27774.0051886,0.478404502571,0.22001021997,0.22001021997,0.440020439941,0,1.38777878078e-17,0.08,58012.4058315
2012-06-19,58013.1450679,0.000545636908283,1.27427298471e-05,30.2151132259,0.699360118794,0.000520838823917,1.20553545189e-05,15107.5566129,0.260419411959,0.147334628786,0.147334628786,0.294669257572,6.93889390391e-18,-6.93889390391e-18,0.08,58013.1450679
2012-06-20,57974.3179773,-0.00031700878139,-0.000669280911061,19.9680664802,0.468347681824,0.000344198999327,8.07313034444e-06,9984.03324008,0.172099499663,0.161480355674,0.161480355674,0.322960711347,0,-6.93889390391e-18,0.08,57974.3179773
2012-06-21,57901.8076957,-0.000512474540894,-0.00125073108522,42.2869490476,0.512970602023,0.00072940830566,8.84823866705e-06,21143.4745238,0.36470415283,0.24086299665,0.24086299665,0.481725993299,1.04083408559e-17,-4.85722573274e-17,0.08,57901.8076957
2012-06-22,57818.933597,-0.000345803185909,-0.00143128689645,62.0872826036,0.764186460987,0.00107228573812,1.31979724192e-05,31043.6413018,0.536142869061,0.411414595099,0.411414595099,0.822829190198,-1.2490009027e-16,-1.52655665886e-16,0.08,57818.933597
2012-06-25,57863.7177953,0.0015740581707,0.000774559395459,42.3158838864,3.91028271039,0.00073186897879,6.76297964547e-05,21157.9419432,0.365934489395,0.378234387897,0.378234387897,0.756468775795,-2.77555756156e-17,-3.81639164715e-17,0.08,57863.7177953
2012-06-26,57828.0548356,-9.30339732219e-06,-0.000616326793295,33.9253949793,1.19923550037,0.000586298224033,2.07251719396e-05,16962.6974897,0.293149112017,0.315345103605,0.315345103605,0.63069020721,8.32667268469e-17,9.71445146547e-17,0.08,57828.0548356
2012-06-27,57858.2396145,0.00120261189221,0.000521974653319,38.3607059877,0.999221585941,0.000663358055129,1.72791837592e-05,19180.3529938,0.331679027565,0.240211993479,0.240211993479,0.480423986958,-6.93889390391e-17,-1.38777878078e-17,0.08,57858.2396145
2012-06-28,57966.6866333,0.00273755350766,0.00187435738652,49.1814604451,0.761547565862,0.000850033820123,1.31623010125e-05,24590.7302226,0.425016910061,0.31080783652,0.31080783652,0.621615673041,2.77555756156e-16,2.49800180541e-16,0.08,57966.6866333
2012-06-29,57937.313183,0.000544864988086,-0.000506729848555,59.9702628559,0.987205504808,0.00103456427026,1.70305663847e-05,29985.131428,0.517282135128,0.333524277157,0.333524277157,0.667048554313,4.16333634234e-17,8.67361737988e-17,0.08,57937.313183
2012-07-02,57840.3324008,-0.000760840047582,-0.00167389160478,49.7232881862,3.17646583558,0.000858225648627,5.48259085737e-05,24861.6440931,0.429112824314,0.351107238276,0.351107238276,0.702214476552,0,-2.42861286637e-17,0.08,57840.3324008
2012-07-03,57571.3314722,-0.00415926024172,-0.00465075004741,27.3151578771,1.1127758559,0.000472251052912,1.92387527822e-05,13657.5789385,0.236125526456,0.297687061289,0.297687061289,0.595374122577,-5.55111512313e-17,-4.85722573274e-17,0.08,57571.3314722
2012-07-05,57703.4246797,0.00282053796309,0.00229442682924,28.4107551378,1.87816334032,0.000493487894257,3.26232395933e-05,14205.3775689,0.246743947129,0.319532021573,0.319532021573,0.639064043145,-4.16333634234e-17,-3.81639164715e-17,0.08,57703.4246797
2012-07-06,57729.0018357,0.00112362302786,0.000443251959029,38.2494343168,1.01030640765,0.000662862464907,1.75086039218e-05,19124.7171584,0.331431232454,0.340420300939,0.340420300939,0.680840601879,0,8.32667268469e-17,0.08,57729.0018357
2012-07-09,57671.0838311,-0.000331129566239,-0.00100327396678,35.5717391666,3.23048616622,0.000616184899019,5.59595015243e-05,17785.8695833,0.30809244951,0.330876239897,0.330876239897,0.661752479794,4.16333634234e-17,6.24500451352e-17,0.08,57671.0838311
2012-07-10,57629.4361648,0.000639265501406,-0.000722158549641,77.4692120094,1.04558856815,0.00134329384612,1.81302049259e-05,38734.6060047,0.671646923061,0.442353631929,0.442353631929,0.884707263858,2.77555756156e-17,1.2490009027e-16,0.08,57629.4361648
2012-07-11,57660.6338121,0.0015199030373,0.00054134916787,54.9966534838,1.39685426814,0.000954315314253,2.42385551742e-05,27498.3267419,0.477157657126,0.27785602101,0.27785602101,0.55571204202,3.46944695195e-17,4.51028103754e-17,0.08,57660.6338121
2012-07-12,57511.7852004,-0.00174572506214,-0.00258145986033,47.3111157361,0.877882426299,0.000820509810736,1.52249874526e-05,23655.5578681,0.410254905368,0.291628684903,0.291628684903,0.583257369807,1.80411241502e-16,1.8561541193e-16,0.08,57511.7852004
2012-07-13,57387.6318577,-0.00134807050948,-0.0021587461125,45.704382722,0.919018426545,0.00079469594906,1.59796539673e-05,22852.191361,0.39734797453,0.287150757286,0.287150757286,0.574301514572,1.94289029309e-16,2.48065457065e-16,0.08,57387.6318577
2012-07-16,57390.7913099,0.000554790267813,5.50545832825e-05,25.969786896,2.70886059399,0.000452532820319,4.72028642114e-05,12984.893448,0.226266410159,0.304550859562,0.304550859562,0.609101719125,1.11022302463e-16,6.93889390391e-17,0.08,57390.7913099
2012-07-17,57299.5645127,-0.000837278951285,-0.00158957203805,42.2169741861,0.95772136024,0.000735605368433,1.66877183322e-05,21108.4870931,0.367802684216,0.273559789307,0.273559789307,0.547119578614,3.81639164715e-17,4.16333634234e-17,0.08,57299.5645127
2012-07-18,57412.5055531,0.00265254850917,0.00197106280466,38.1899378273,0.858896262767,0.000666496127014,1.49895774963e-05,19094.9689137,0.333248063507,0.328341288019,0.328341288019,0.656682576039,6.93889390391e-18,3.03576608296e-17,0.08,57412.5055531
2012-07-19,57434.9262169,0.00134964551267,0.000390518819017,54.0329408161,1.03292580941,0.000941135390201,1.79913034531e-05,27016.4704081,0.4705676951,0.371392640085,0.371392640085,0.74278528017,-4.16333634234e-17,3.46944695195e-17,0.08,57434.9262169
2012-07-20,57380.8454832,0.000287840910972,-0.00094160012616,69.4440383308,1.16881692498,0.00120909075548,2.03502816485e-05,34722.0191654,0.604545377742,0.434100618747,0.434100618747,0.868201237495,1.52655665886e-16,1.38777878078e-16,0.08,57380.8454832
2012-07-23,57549.172687,0.003907392691,0.00293350860236,51.7876523219,4.09464008687,0.000902525082819,7.13590058215e-05,25893.8261609,0.451262541409,0.402279594096,0.402279594096,0.804559188192,3.33066907388e-16,3.0184188482e-16,0.08,57549.172687
2012-07-24,57682.2643572,0.00335284123659,0.00231266000789,58.5930290012,1.26854015502,0.00101813851121,2.20427174847e-05,29296.5145006,0.509069255607,0.345068330452,0.345068330452,0.690136660904,5.55111512313e-17,1.11022302463e-16,0.08,57682.2643572
2012-07-25,57697.4163013,0.00110670635987,0.000262679426261,47.5947368922,1.0906478169,0.000825119079887,1.89078537234e-05,23797.3684461,0.412559539944,0.224026075108,0.224026075108,0.448052150216,5.55111512313e-17,2.77555756156e-17,0.08,57697.4163013
2012-07-26,57579.0203015,-0.00117440177212,-0.00205201562483,49.9277928677,0.708258943444,0.000865338451327,1.22754013758e-05,24963.8964339,0.432669225663,0.342338033294,0.342338033294,0.684676066589,0,-4.85722573274e-17,0.08,57579.0203015
2012-07-27,57441.6894204,-0.00166106693961,-0.00238508540692,40.6081924625,1.08008156543,0.000705260218911,1.87582483997e-05,20304.0962313,0.352630109455,0.355441509678,0.355441509678,0.710883019357,-4.85722573274e-17,-1.04083408559e-16,0.08,57441.6894204
2012-07-30,57435.6836097,0.00072317102568,-0.00010455491095,44.1897305652,3.35624561196,0.000769297195312,5.8428741317e-05,22094.8652826,0.384648597656,0.357358402748,0.357358402748,0.714716805495,2.77555756156e-17,-2.77555756156e-17,0.08,57435.6836097
2012-07-31,57394.832029,-7.75580878938e-05,-0.000711257848298,35.2723146049,1.12466433729,0.000614118478062,1.95812823423e-05,17636.1573024,0.307059239031,0.285825632291,0.285825632291,0.571651264582,1.31838984174e-16,7.2858385991e-17,0.08,57394.832029
2012-08-01,57353.7358663,6.72687774046e-05,-0.000716025489497,44.0581434723,0.898899405748,0.000767632588419,1.56616784817e-05,22029.0717362,0.38381629421,0.292617267492,0.292617267492,0.585234534985,1.80411241502e-16,1.38777878078e-16,0.08,57353.7358663
2012-08-02,57427.254942,0.00212410931902,0.00128185330309,47.3869294272,0.919599642174,0.000826222193053,1.60338228763e-05,23693.4647136,0.413111096527,0.212355402839,0.212355402839,0.424710805677,3.46944695195e-17,5.20417042793e-17,0.08,57427.254942
2012-08-03,57369.6410677,-0.000262527968929,-0.00100324966647,41.8693952529,0.66821851272,0.000729085785053,1.16359124843e-05,20934.6976264,0.364542892527,0.197645591979,0.197645591979,0.395291183958,1.38777878078e-17,4.16333634234e-17,0.08,57369.6410677
2012-08-06,57186.7268743,-0.00210176764517,-0.00318834474066,60.4726163162,1.86392164446,0.00105408740914,3.24896863527e-05,30236.3081581,0.527043704569,0.401459928073,0.401459928073,0.802919856146,1.66533453694e-16,2.22044604925e-16,0.08,57186.7268743
2012-08-07,57511.227716,0.00643866312908,0.00567440837076,42.4472457017,1.25798242508,0.000742256954048,2.1997804278e-05,21223.6228509,0.371128477024,0.313943989628,0.313943989628,0.627887979256,-1.38777878078e-16,-9.02056207508e-17,0.08,57511.227716
2012-08-08,57436.4461187,2.46235538222e-05,-0.001300295616,75.2083963397,0.989331741235,0.00130771675943,1.72024103906e-05,37604.1981699,0.653858379716,0.286667576161,0.286667576161,0.573335152322,0,1.04083408559e-17,0.08,57436.4461187
2012-08-09,57393.7115106,-0.00010207074387,-0.000744032944151,35.9698264066,0.902200920118,0.000626254387889,1.57078123924e-05,17984.9132033,0.313127193945,0.297129275807,0.297129275807,0.594258551614,2.77555756156e-17,6.59194920871e-17,0.08,57393.7115106
2012-08-10,57329.7177508,-0.000105087072234,-0.00111499601803,57.027992444,0.934430243125,0.00099362788959,1.62810562086e-05,28513.996222,0.496813944795,0.369211244299,0.369211244299,0.738422488598,-1.11022302463e-16,-5.55111512313e-17,0.08,57329.7177508
2012-08-13,57289.1186035,0.000232970447193,-0.000708169320801,50.4758071657,3.47947009744,0.000880447508656,6.06922593368e-05,25237.9035828,0.440223754328,0.316734667822,0.316734667822,0.633469335644,8.32667268469e-17,6.93889390391e-17,0.08,57289.1186035
2012-08-14,57203.6601141,-0.000931827236099,-0.001491705432,31.0806571384,0.994271230175,0.000542522871639,1.73553242642e-05,15540.3285692,0.271261435819,0.264084063519,0.264084063519,0.528168127038,-1.94289029309e-16,-2.04697370165e-16,0.08,57203.6601141
2012-08-15,57100.3879248,-0.000918744568169,-0.0018053423356,49.8888798112,0.827757534854,0.000872127407786,1.44703596449e-05,24944.4399056,0.436063703893,0.251793303154,0.251793303154,0.503586606308,-4.16333634234e-17,-3.12250225676e-17,0.08,57100.3879248
2012-08-16,57041.4497468,-0.000230009803059,-0.00103218524528,45.0167209738,0.787807960929,0.000788378548901,1.37968933235e-05,22508.3604869,0.394189274451,0.272071644584,0.272071644584,0.544143289168,-2.77555756156e-17,1.38777878078e-17,0.08,57041.4497468
2012-08-17,56927.6310445,-0.00115646764358,-0.00199536833028,47.0017354157,0.850375947511,0.000823992651384,1.49080353197e-05,23500.8677079,0.411996325692,0.258287078097,0.258287078097,0.516574156194,1.38777878078e-17,2.77555756156e-17,0.08,56927.6310445
2012-08-20,56944.6357144,0.000824130938651,0.000298706788555,27.4941102705,2.41704188802,0.000482966000271,4.24581498242e-05,13747.0551352,0.241483000136,0.231759729839,0.231759729839,0.463519459678,-3.1918911958e-16,-2.35922392733e-16,0.08,56944.6357144
2012-08-21,56927.9995012,0.00013939141035,-0.000292147151782,23.8506569905,0.723149226792,0.000418839398853,1.26991632789e-05,11925.3284953,0.209419699427,0.262463375152,0.262463375152,0.524926750305,-5.55111512313e-17,0,0.08,56927.9995012
2012-08-22,56821.618137,-0.00122997032047,-0.00186870020296,35.5429012875,0.818713144644,0.000624348327693,1.43815548029e-05,17771.4506437,0.312174163846,0.289266525435,0.289266525435,0.57853305087,-3.1918911958e-16,-2.77555756156e-16,0.08,56821.618137
2012-08-23,56772.4671313,2.05114779115e-05,-0.000865005385587,49.4158658909,0.900635180717,0.000869666642927,1.58502205718e-05,24707.9329454,0.434833321463,0.326312755022,0.326312755022,0.652625510044,-5.65519853168e-16,-4.02455846427e-16,0.08,56772.4671313
2012-08-24,56794.5133379,0.00126600132676,0.000388325675198,48.8127117978,1.01510028268,0.000859795500606,1.78801509601e-05,24406.3558989,0.429897750303,0.239154086494,0.239154086494,0.478308172988,-1.5959455979e-16,-8.32667268469e-17,0.08,56794.5133379
2012-08-27,56648.7294573,-0.00216162409025,-0.00256686556529,20.7827296269,2.23276273236,0.00036592847452,3.93130005196e-05,10391.3648134,0.18296423726,0.220745813955,0.220745813955,0.44149162791,-4.16333634234e-17,0,0.08,56648.7294573
2012-08-28,56613.2802779,-0.000216561085767,-0.000625771835575,22.4960652271,0.685203829786,0.000397115088769,1.20956610386e-05,11248.0326136,0.198557544385,0.178109865691,0.178109865691,0.356219731381,-3.46944695195e-17,6.93889390391e-18,0.08,56613.2802779
2012-08-29,56526.9138623,-0.00111518321387,-0.00152555045791,22.6797216259,0.552514177896,0.000400607799347,9.75944469538e-06,11339.860813,0.200303899673,0.163430700485,0.163430700485,0.32686140097,2.08166817117e-17,4.16333634234e-17,0.08,56526.9138623
2012-08-30,56465.0434301,-0.000769533728666,-0.00109453051608,17.864860853,0.506204555001,0.000316041680543,8.95510687589e-06,8932.43042648,0.158020840272,0.138275154472,0.138275154472,0.276550308944,0,-1.38777878078e-17,0.08,56465.0434301
2012-08-31,56488.3185402,0.000809429001133,0.000412203881892,22.0015137408,0.427819868633,0.000389648398447,7.57672079298e-06,11000.7568704,0.194824199224,0.165645938595,0.165645938595,0.331291877191,1.31838984174e-16,1.5959455979e-16,0.08,56488.3185402
2012-09-04,56398.6289373,-0.00110782669125,-0.00158775486979,25.0594732404,2.05086258504,0.00044362221939,3.63059591442e-05,12529.7366202,0.221811109695,0.198017644807,0.198017644807,0.396035289613,1.38777878078e-17,1.38777878078e-17,0.08,56398.6289373
2012-09-05,56380.0311331,0.00023266405259,-0.000329756318584,31.1077967975,0.61194102315,0.000551570089268,1.08502819072e-05,15553.8983988,0.275785044634,0.202870331246,0.202870331246,0.405740662492,9.02056207508e-17,1.17961196366e-16,0.08,56380.0311331
2012-09-06,56299.0776162,-0.000684517479398,-0.00143585441971,41.733669369,0.626730717349,0.000740220757781,1.1116182534e-05,20866.8346845,0.37011037889,0.253350395935,0.253350395935,0.50670079187,8.32667268469e-17,1.38777878078e-16,0.08,56299.0776162
2012-09-07,56253.2733967,-0.0002138161479,-0.000813587387802,32.9850117732,0.781555813963,0.000585889026425,1.38822134759e-05,16492.5058866,0.292944513213,0.262821159067,0.262821159067,0.525642318133,-1.38777878078e-17,-4.16333634234e-17,0.08,56253.2733967
2012-09-10,56188.0580424,-0.000435241826139,-0.00115931661117,38.3012397708,2.43033707103,0.000680871306825,4.32034782027e-05,19150.6198854,0.340435653412,0.249929726737,0.249929726737,0.499859453473,-1.66533453694e-16,-1.49186218934e-16,0.08,56188.0580424
2012-09-11,56062.2171342,-0.00141419167165,-0.00223963796957,45.61074143,0.769483068077,0.000811751518366,1.36947795472e-05,22805.370715,0.405875759183,0.287748876809,0.287748876809,0.575497753618,-6.93889390391e-17,-1.07552855511e-16,0.08,56062.2171342
2012-09-12,55954.5630561,-0.00105698745511,-0.00192026080275,47.5130814227,0.883936439002,0.0008475062859,1.5767061743e-05,23756.5407114,0.42375314295,0.373134815231,0.373134815231,0.746269630461,-2.8449465006e-16,-3.57353036051e-16,0.08,55954.5630561
2012-09-13,55926.2920854,0.000489680482503,-0.000505248708684,54.5267955319,1.14403263273,0.000974483447887,2.04457433003e-05,27263.397766,0.487241723943,0.358707813312,0.358707813312,0.717415626624,-4.85722573274e-16,-4.57966997658e-16,0.08,55926.2920854
2012-09-14,55991.993342,0.00180205375876,0.0011747829896,33.9816845301,1.09924372277,0.000607615546516,1.96552226472e-05,16990.842265,0.303807773258,0.369139221321,0.369139221321,0.738278442642,-1.52655665886e-16,-1.66533453694e-16,0.08,55991.993342
2012-09-17,56008.0181058,0.00118991543331,0.000286197416514,47.2033555102,3.39761766945,0.000843037596857,6.06804199432e-05,23601.6777551,0.421518798428,0.341502527665,0.341502527665,0.683005055331,-4.71844785466e-16,-5.27355936697e-16,0.08,56008.0181058
2012-09-18,55984.4511476,0.0004188596445,-0.000420778292385,45.9784085658,1.04804820563,0.000820925469616,1.87124672693e-05,22989.2042829,0.410462734808,0.305853175852,0.305853175852,0.611706351705,0,-2.77555756156e-17,0.08,55984.4511476
2012-09-19,56004.4296756,0.00127675517061,0.000356858512707,50.5616617145,0.938247790786,0.000903137579775,1.67590781289e-05,25280.8308572,0.451568789888,0.421605795508,0.421605795508,0.843211591015,-6.93889390391e-17,0,0.08,56004.4296756
2012-09-20,55992.446994,0.000911872507993,-0.000213959532713,61.7577845215,1.29379682878,0.00110273035328,2.31016874251e-05,30878.8922607,0.551365176641,0.365656055806,0.365656055806,0.731312111612,-2.77555756156e-17,1.38777878078e-17,0.08,55992.446994
2012-09-21,55916.0487709,-0.000116212433972,-0.00136443801143,68.7693427112,1.12186177111,0.00122818962919,2.00359482633e-05,34384.6713556,0.614094814597,0.303811413588,0.303811413588,0.607622827176,-8.32667268469e-17,-6.59194920871e-17,0.08,55916.0487709
2012-09-24,55912.6954241,0.000964653398529,-5.99710982134e-05,54.5004162656,2.7925370662,0.000974682894509,4.99416022337e-05,27250.2081328,0.487341447254,0.208581787836,0.208581787836,0.417163575672,-4.16333634234e-17,-1.38777878078e-17,0.08,55912.6954241
2012-09-25,55837.699412,-0.000425565738999,-0.00134130561139,50.5624506017,0.639033971194,0.000904310733336,1.14291390595e-05,25281.2253009,0.452155366668,0.329049278066,0.329049278066,0.658098556132,5.13478148889e-16,4.47558656802e-16,0.08,55837.699412
2012-09-26,55820.0385859,0.000280461857018,-0.000316288568611,32.3144117296,1.00675916057,0.0005787203282,1.80300974283e-05,16157.2058648,0.2893601641,0.284568636495,0.284568636495,0.56913727299,1.94289029309e-16,1.70002900646e-16,0.08,55820.0385859
2012-09-27,55813.6912241,0.000426216978944,-0.00011371116909,29.2684192476,0.870390809288,0.000524335346034,1.55928019997e-05,14634.2096238,0.262167673017,0.258556445849,0.258556445849,0.517112891697,3.29597460436e-16,2.77555756156e-16,0.08,55813.6912241
2012-09-28,55773.3014098,7.03544684303e-05,-0.000723654239446,43.5258176927,0.79073915795,0.000779841231391,1.41674764848e-05,21762.9088463,0.389920615696,0.276610192321,0.276610192321,0.553220384642,1.2490009027e-16,1.11022302463e-16,0.08,55773.3014098
2012-10-01,55604.6093788,-0.00216725308975,-0.00302460185664,45.2811497706,2.53602141852,0.000811878598289,4.54701686007e-05,22640.5748853,0.405939299145,0.304201058121,0.304201058121,0.608402116243,8.32667268469e-17,-1.38777878078e-17,0.08,55604.6093788
2012-10-02,55576.4815531,0.000149237230874,-0.000505854209502,35.499255375,0.926848274492,0.000638422889246,1.66685511299e-05,17749.6276875,0.319211444623,0.2548205695,0.2548205695,0.509641139,2.77555756156e-17,3.12250225676e-17,0.08,55576.4815531
2012-10-03,55493.2870893,-0.000619322889519,-0.0014969365007,47.9986749915,0.776001681106,0.000863650840251,1.39627709315e-05,23999.3374958,0.431825420125,0.358330336095,0.358330336095,0.716660672191,-8.32667268469e-17,-1.28369537222e-16,0.08,55493.2870893
2012-10-04,55511.0396612,0.0013444655215,0.000319904854203,55.766654143,1.0895851076,0.00100492612833,1.96345389641e-05,27883.3270715,0.502463064166,0.389819177205,0.389819177205,0.779638354411,-8.32667268469e-17,-1.31838984174e-16,0.08,55511.0396612
2012-10-05,55380.8720029,-0.0015314760501,-0.00234489678335,43.9681172799,1.18571330447,0.000792060778328,2.13599549154e-05,21984.0586399,0.396030389164,0.30213303288,0.30213303288,0.60426606576,-6.93889390391e-17,-1.11022302463e-16,0.08,55380.8720029
2012-10-08,55393.514379,0.00089893609904,0.000228280554247,34.3909588861,2.7505299981,0.000620989840758,4.9665704035e-05,17195.479443,0.310494920379,0.295461852204,0.295461852204,0.590923704407,-2.77555756156e-17,-1.38777878078e-16,0.08,55393.514379
2012-10-09,55409.0395969,0.00100579039473,0.000280271400974,39.2922429575,0.89680385526,0.000709329303222,1.61896905317e-05,19646.1214787,0.354664651611,0.222576046321,0.222576046321,0.445152092642,-2.77555756156e-17,-9.02056207508e-17,0.08,55409.0395969
2012-10-10,55309.0013736,-0.00067182345195,-0.00180544950904,62.1373653342,0.675765751448,0.00112143010935,1.21959477436e-05,31068.6826671,0.560715054676,0.341273361349,0.341273361349,0.682546722698,5.55111512313e-17,1.38777878078e-17,0.08,55309.0013736
2012-10-11,55189.2303356,-0.00111853259389,-0.00216548906957,56.8718437919,1.03427335954,0.00102825656547,1.86999102109e-05,28435.9218959,0.514128282735,0.239813381361,0.239813381361,0.479626762722,1.11022302463e-16,4.16333634234e-17,0.08,55189.2303356
2012-10-12,55246.9852213,0.00186947328476,0.00104648833283,44.6946942426,0.725211832411,0.00080984449268,1.31404592527e-05,22347.3471213,0.40492224634,0.349796299643,0.349796299643,0.699592599285,8.32667268469e-17,6.93889390391e-18,0.08,55246.9852213
2012-10-15,55059.6082106,-0.0027313313949,-0.00339162417458,33.3024417154,3.1767437255,0.000602792018098,5.75007615851e-05,16651.2208577,0.301396009049,0.288625888704,0.288625888704,0.577251777408,1.38777878078e-17,0,0.08,55059.6082106
2012-10-16,55086.623374,0.00106791997166,0.000490653025067,30.9133177563,0.870774156247,0.000561451829407,1.58151171893e-05,15456.6588781,0.280725914703,0.245937705533,0.245937705533,0.491875411066,4.16333634234e-17,4.85722573274e-17,0.08,55086.623374
2012-10-17,55202.107827,0.00267632537734,0.00209641553478,31.2029256219,0.7423494662,0.000566433803903,1.34760386593e-05,15601.4628109,0.283216901951,0.267446991729,0.267446991729,0.534893983458,2.42861286637e-17,1.38777878078e-17,0.08,55202.107827
2012-10-18,55162.1132953,0.000279837330799,-0.000724510951289,54.6331757156,0.808966447969,0.000989693652404,1.46546296838e-05,27316.5878578,0.494846826202,0.320103067205,0.320103067205,0.64020613441,-2.77555756156e-17,-6.93889390391e-18,0.08,55162.1132953
2012-10-19,55164.6944575,0.000528886691357,4.67923010363e-05,25.6258077527,0.967537625169,0.000464554496227,1.75398940934e-05,12812.9038764,0.232277248114,0.259748029921,0.259748029921,0.519496059842,2.77555756156e-17,2.77555756156e-17,0.08,55164.6944575
2012-10-22,55222.0284613,0.00158702615143,0.00103932423358,27.8583699315,2.35543902025,0.000505003611557,4.26983062884e-05,13929.1849657,0.252501805778,0.223240889883,0.223240889883,0.446481779766,-6.93889390391e-18,-6.93889390391e-18,0.08,55222.0284613
2012-10-23,55241.841086,0.000865005156862,0.000358781183617,27.2792179583,0.675496699992,0.000493991595717,1.22323775278e-05,13639.6089792,0.246995797858,0.226510479274,0.226510479274,0.453020958547,6.93889390391e-18,1.73472347598e-17,0.08,55241.841086
2012-10-24,55228.7504159,0.000286578757689,-0.000236970200473,28.2361724078,0.685635939745,0.000511137425051,1.24115331109e-05,14118.0862039,0.255568712526,0.231149797453,0.231149797453,0.462299594907,0,0,0.08,55228.7504159
2012-10-25,55211.4152666,0.00077768424114,-0.000313879078842,59.5861650407,0.699513121766,0.00107889757766,1.26657423262e-05,29793.0825203,0.539448788828,0.376048478226,0.376048478226,0.752096956453,2.77555756156e-17,5.55111512313e-17,0.08,55211.4152666
2012-10-26,55259.5369505,0.00164307769348,0.000871589392922,41.4573078565,1.137653079,0.000750882904492,2.06053960672e-05,20728.6539282,0.375441452246,0.289755830993,0.289755830993,0.579511661986,-2.08166817117e-17,3.81639164715e-17,0.08,55259.5369505
2012-10-31,55237.9097116,0.000595109317497,-0.000391375680911,50.1259170838,4.38678713681,0.000907099839232,7.93851591761e-05,25062.9585419,0.453549919616,0.300346422865,0.300346422865,0.60069284573,-7.6327832943e-17,-5.55111512313e-17,0.08,55237.9097116
2012-11-01,55216.5798753,0.00082765445152,-0.000386144884514,66.1386691681,0.909068963749,0.00119734199779,1.64573382392e-05,33069.334584,0.598670998897,0.381974596071,0.381974596071,0.763949192141,0,-4.85722573274e-17,0.08,55216.5798753
2012-11-02,54990.5683209,-0.00332932644863,-0.00409318278988,41.0218453215,1.15568935859,0.0007429262264,2.09301148532e-05,20510.9226607,0.3714631132,0.325173861876,0.325173861876,0.650347723752,-7.6327832943e-17,-1.21430643318e-16,0.08,54990.5683209
2012-11-05,55061.3715502,0.00210194537429,0.00128755223937,41.8445174138,2.93942391249,0.000760939897359,5.34532375686e-05,20922.2587069,0.380469948679,0.323072287309,0.323072287309,0.646144574618,-3.12250225676e-16,-4.37150315946e-16,0.08,55061.3715502
2012-11-06,54989.5734294,-0.000589780478496,-0.00130396535347,38.3492698115,0.974728945157,0.000696482283891,1.77025910854e-05,19174.6349057,0.348241141945,0.251399183095,0.251399183095,0.50279836619,1.47451495458e-16,5.55111512313e-17,0.08,54989.5734294
2012-11-07,54875.096227,-0.00148659573242,-0.00208179833529,31.9724394913,0.757497744598,0.000581427305166,1.37752977038e-05,15986.2197456,0.290713652583,0.327810546576,0.327810546576,0.655621093153,-4.99600361081e-16,-6.38378239159e-16,0.08,54875.096227
2012-11-08,54741.3561697,-0.00136012494074,-0.00243717216905,58.1173916482,0.985678645896,0.00105908500657,1.79622217302e-05,29058.6958241,0.529542503286,0.271416950396,0.271416950396,0.542833900793,-9.71445146547e-17,-1.38777878078e-16,0.08,54741.3561697
2012-11-09,54719.2477977,0.000188307487336,-0.000403869642892,31.6024569026,0.814122298748,0.000577304968563,1.48721616656e-05,15801.2284513,0.288652484281,0.315463240134,0.315463240134,0.630926480268,4.16333634234e-17,0,0.08,54719.2477977
2012-11-12,54715.009379,0.000953951402288,-7.74575471275e-05,53.6003474387,2.83757444515,0.000979551978434,5.1856970981e-05,26800.1737193,0.489775989217,0.367280783663,0.367280783663,0.734561567326,-7.6327832943e-17,2.77555756156e-17,0.08,54715.009379
2012-11-13,54560.3803669,-0.00198584131377,-0.00282608033713,44.8725478785,1.10113816564,0.000820114048919,2.01249744473e-05,22436.2739392,0.410057024459,0.415121193164,0.415121193164,0.830242386327,8.32667268469e-17,8.32667268469e-17,0.08,54560.3803669
2012-11-14,54683.5306025,0.00306731818597,0.00225713667725,42.9627608601,1.24105042177,0.00078743514197,2.27463667487e-05,21481.3804301,0.393717570985,0.296506618244,0.296506618244,0.593013236488,8.32667268469e-17,8.32667268469e-17,0.08,54683.5306025
2012-11-15,54573.5674266,-0.00121943154613,-0.00201090117398,42.391913685,0.888439930553,0.000775222689865,1.6246937986e-05,21195.9568425,0.387611344932,0.241645436365,0.241645436365,0.483290872731,2.08166817117e-17,4.16333634234e-17,0.08,54573.5674266
2012-11-16,54508.0366624,-0.000297906811314,-0.00120077846031,48.5503266213,0.722600192593,0.000889630803164,1.32408458282e-05,24275.1633106,0.444815401582,0.266600755356,0.266600755356,0.533201510713,3.46944695195e-17,7.97972798949e-17,0.08,54508.0366624
2012-11-19,54383.5202376,-0.00170452285472,-0.00228436818438,29.2174276798,2.38880280776,0.000536020547957,4.38247817024e-05,14608.7138399,0.268010273979,0.190003854438,0.190003854438,0.380007708875,-2.08166817117e-17,-7.6327832943e-17,0.08,54383.5202376
2012-11-20,54334.6383349,-0.000383313745825,-0.000898836678899,27.4697557836,0.566196080167,0.000505111762967,1.04111701062e-05,13734.8778918,0.252555881484,0.232722642885,0.232722642885,0.46544528577,-1.38777878078e-17,-3.46944695195e-17,0.08,54334.6383349
2012-11-21,54294.0527519,-8.66423674339e-05,-0.000746955978971,35.1850300029,0.692871267589,0.000647561685899,1.27519256375e-05,17592.5150014,0.32378084295,0.272505394541,0.272505394541,0.545010789083,4.16333634234e-17,5.55111512313e-17,0.08,54294.0527519
2012-11-23,54293.3402555,0.000728652790686,-1.31229193161e-05,38.6525933902,1.62141613879,0.000711912105121,2.98636048812e-05,19326.2966951,0.355956052561,0.235627849097,0.235627849097,0.471255698195,-3.46944695195e-17,-5.55111512313e-17,0.08,54293.3402555
2012-11-26,54302.5488548,0.00135382633269,0.000169608266019,62.1921917479,2.10296268242,0.00114548472161,3.87333450571e-05,31096.0958739,0.572742360806,0.4513119961,0.4513119961,0.9026239922,2.22044604925e-16,2.49800180541e-16,0.08,54302.5488548
2012-11-27,54241.972562,0.000145253730379,-0.00111553313935,67.1210698097,1.34287077901,0.00123605744528,2.47294244438e-05,33560.5349048,0.618028722641,0.358283614368,0.358283614368,0.716567228735,-8.32667268469e-17,0,0.08,54241.972562
2012-11-28,54428.1353428,0.00474672817696,0.00343207984536,70.2442414725,1.06487725917,0.00129501635274,1.96319788695e-05,35122.1207362,0.647508176369,0.301909479034,0.301909479034,0.603818958069,4.16333634234e-17,8.32667268469e-17,0.08,54428.1353428
2012-11-29,54404.9459152,0.000520751614752,-0.000426055888408,50.6325630907,0.900403834858,0.000930264518008,1.65429851526e-05,25316.2815453,0.465132259004,0.280344665354,0.280344665354,0.560689330708,1.2490009027e-16,1.38777878078e-16,0.08,54404.9459152
2012-11-30,54272.8063428,-0.00161440953749,-0.00242881543489,43.4719753021,0.83573349897,0.000799044545873,1.53613515263e-05,21735.987651,0.399522272936,0.223906442063,0.223906442063,0.447812884126,1.07552855511e-16,1.45716771982e-16,0.08,54272.8063428
2012-12-03,54150.5911628,-0.00165428881346,-0.00225186770882,30.4346895304,1.99759413189,0.000560772356936,3.68065384213e-05,15217.3447652,0.280386178468,0.261377970091,0.261377970091,0.522755940182,5.55111512313e-17,6.93889390391e-17,0.08,54150.5911628
2012-12-04,54101.2655168,-0.000576502802985,-0.000910897644833,17.3321292392,0.775549128622,0.000320072761295,1.43220805529e-05,8666.06461962,0.160036380648,0.242482141455,0.242482141455,0.48496428291,3.12250225676e-17,4.16333634234e-17,0.08,54101.2655168
2012-12-05,54077.9926438,0.000115259965088,-0.000430172433306,28.7897561183,0.718826888654,0.000532145705711,1.32866926825e-05,14394.8780592,0.266072852856,0.324689516923,0.324689516923,0.649379033846,3.81639164715e-17,-2.77555756156e-17,0.08,54077.9926438
2012-12-06,54090.4360711,0.00100519894567,0.000230101501433,40.9536011583,0.962112729187,0.000757306237827,1.77912064067e-05,20476.8005792,0.378653118914,0.312868406347,0.312868406347,0.625736812695,1.38777878078e-17,0,0.08,54090.4360711
2012-12-07,53934.1327601,-0.0022444046071,-0.00288966631392,33.9751891005,0.927298001764,0.000628118232508,1.71434743204e-05,16987.5945503,0.314059116254,0.36523572088,0.36523572088,0.73047144176,-6.93889390391e-17,-1.38777878078e-16,0.08,53934.1327601
2012-12-10,53905.1292375,0.000544090461761,-0.000537758207002,55.1104318876,3.23813783978,0.00102180992012,6.00387486378e-05,27555.2159438,0.510904960062,0.392445458135,0.392445458135,0.78489091627,-1.94289029309e-16,-3.26128013484e-16,0.08,53905.1292375
2012-12-11,54023.0948911,0.00302294234077,0.0021883938548,43.8272756,1.1591683912,0.00081304462525,2.15038607197e-05,21913.6378,0.406522312625,0.333885719254,0.333885719254,0.667771438507,-5.55111512313e-17,-1.48318857196e-16,0.08,54023.0948911
2012-12-12,53920.5758258,-0.00106218187376,-0.00189768959946,44.1483547971,0.988358350357,0.000817212617791,1.82951079043e-05,22074.1773986,0.408606308896,0.373331917919,0.373331917919,0.746663835838,-1.38777878078e-16,-1.80411241502e-16,0.08,53920.5758258
2012-12-13,53798.0416583,-0.00112902179303,-0.0022724936751,60.5536337198,1.1030286021,0.00112301533862,2.04565434476e-05,30276.8168599,0.561507669312,0.417958511615,0.417958511615,0.83591702323,-9.71445146547e-17,-1.11022302463e-16,0.08,53798.0416583
2012-12-14,53693.9628909,-0.000925901939927,-0.00193461999946,53.0349822472,1.23207394078,0.000985816223276,2.29018362529e-05,26517.4911236,0.492908111638,0.349768407338,0.349768407338,0.699536814676,-1.38777878078e-16,-2.49800180541e-16,0.08,53693.9628909
2012-12-17,53738.0724542,0.00203461043226,0.000821499491805,62.0495362493,3.08719756998,0.0011556147639,5.74961765487e-05,31024.7681246,0.577807381952,0.32537960811,0.32537960811,0.65075921622,-5.55111512313e-17,-1.11022302463e-16,0.08,53738.0724542
2012-12-18,53712.0538129,0.000409574644516,-0.000484175186082,47.0702960044,0.958097148259,0.000875920810976,1.78290196225e-05,23535.1480022,0.437960405488,0.24499492583,0.24499492583,0.48998985166,-2.77555756156e-17,-4.16333634234e-17,0.08,53712.0538129
2012-12-19,53604.7803305,-0.00141762041876,-0.0019971956913,30.4091272333,0.721050993977,0.000566150893042,1.34243794975e-05,15204.5636167,0.283075446521,0.31048780465,0.31048780465,0.6209756093,-2.77555756156e-16,-3.20923843056e-16,0.08,53604.7803305
2012-12-20,53495.9935249,-0.00137210007866,-0.0020294235864,34.3237024816,0.911979756908,0.00064031047735,1.70130303918e-05,17161.8512408,0.320155238675,0.392469001307,0.392469001307,0.784938002615,-3.95516952523e-16,-4.99600361081e-16,0.08,53495.9935249
2012-12-21,53382.8603125,-0.00151101292715,-0.00211479785601,31.1496352393,1.15043940563,0.000582279778106,2.15051507566e-05,15574.8176196,0.291139889053,0.339177361004,0.339177361004,0.678354722009,-2.77555756156e-16,-2.77555756156e-16,0.08,53382.8603125
2012-12-24,53362.6342303,0.000251932281703,-0.00037888719478,30.6985768695,2.97637112608,0.000575064293853,5.57551826309e-05,15349.2884347,0.287532146926,0.322777443406,0.322777443406,0.645554886812,-2.8449465006e-16,-3.46944695195e-16,0.08,53362.6342303
2012-12-26,53341.0328376,9.32883387027e-05,-0.00040480371895,24.6919147349,1.88758955072,0.000462719187143,3.53728705102e-05,12345.9573674,0.231359593572,0.250203224599,0.250203224599,0.500406449198,-1.23165366794e-16,-1.66533453694e-16,0.08,53341.0328376
2012-12-27,53331.7707355,0.000599769660425,-0.000173639346625,40.5231421778,0.731293064077,0.000759699241318,1.37097657315e-05,20261.5710889,0.379849620659,0.340869001211,0.340869001211,0.681738002423,-1.2490009027e-16,-2.22044604925e-16,0.08,53331.7707355
2012-12-28,53231.9028552,-0.00121229348663,-0.00187257761847,34.2180042727,0.996117667037,0.000641606378352,1.8677753491e-05,17109.0021363,0.320803189176,0.289346571916,0.289346571916,0.578693143832,-2.77555756156e-16,-2.77555756156e-16,0.08,53231.9028552
2012-12-31,53166.9026973,-0.000467981425649,-0.00122107522771,37.5567034645,2.53191264785,0.000705529982023,4.7563820041e-05,18778.3517322,0.352764991011,0.196363474931,0.196363474931,0.392726949862,-2.15105711021e-16,-1.52655665886e-16,0.08,53166.9026973
2013-01-02,53069.7155288,-0.000795104491092,-0.00182796370657,53.7698116819,1.14411372767,0.00101133993056,2.1519284924e-05,26884.905841,0.505669965279,0.299771521408,0.299771521408,0.599543042816,-3.1918911958e-16,-2.39391839685e-16,0.08,53069.7155288
2013-01-03,52971.5079909,-0.000695042731584,-0.00185053823835,60.4501033533,0.871714485741,0.00113906966998,1.64258367895e-05,30225.0516767,0.56953483499,0.290074017226,0.290074017226,0.580148034451,-1.63064006742e-16,-1.52655665886e-16,0.08,52971.5079909
2013-01-04,52888.6630533,-0.000364844119709,-0.00156395278911,62.6766405935,0.841953869667,0.0011832142027,1.58944666973e-05,31338.3202968,0.591607101352,0.216277040674,0.216277040674,0.432554081348,-7.6327832943e-17,-9.71445146547e-17,0.08,52888.6630533
2013-01-07,52873.8371669,0.000532725315729,-0.000280322578091,41.1206977138,1.88031838855,0.000777495503571,3.55523902478e-05,20560.3488569,0.388747751786,0.268567392033,0.268567392033,0.537134784067,-8.32667268469e-17,-8.32667268469e-17,0.08,52873.8371669
2013-01-08,52824.7266442,-0.000487250086823,-0.000928824638115,22.5696483985,0.778092523546,0.000426858529811,1.47160214813e-05,11284.8241992,0.213429264905,0.292309700708,0.292309700708,0.584619401417,1.38777878078e-17,-2.08166817117e-17,0.08,52824.7266442
2013-01-09,52844.2918222,0.000867699184935,0.000370379161213,25.4247022511,0.846092056733,0.000481303053821,1.60169699018e-05,12712.3511256,0.24065152691,0.284983983694,0.284983983694,0.569967967388,2.77555756156e-17,-3.46944695195e-18,0.08,52844.2918222
2013-01-10,52704.4891747,-0.00172174411224,-0.00264555816041,47.9931059015,0.825193249259,0.000908198487416,1.56155607504e-05,23996.5529507,0.454099243708,0.406986402992,0.406986402992,0.813972805984,1.94289029309e-16,1.49186218934e-16,0.08,52704.4891747
2013-01-11,52668.6362431,0.000109927447553,-0.000680263335198,40.471258516,1.17534303949,0.00076789015793,2.23006248215e-05,20235.629258,0.383945078965,0.38271263646,0.38271263646,0.765425272919,2.77555756156e-17,1.38777878078e-17,0.08,52668.6362431
2013-01-14,52573.91225,-0.00075602301588,-0.00179848957286,51.5918202193,3.31347166608,0.000979554890716,6.29116662674e-05,25795.9101096,0.489777445358,0.203234737688,0.203234737688,0.406469475376,6.93889390391e-17,6.93889390391e-17,0.08,52573.91225
2013-01-15,52614.9841875,0.00146407082097,0.000781222772139,35.3145224257,0.585470973444,0.000671711898818,1.11361500103e-05,17657.2612129,0.335855949409,0.343851343196,0.343851343196,0.687702686393,2.15105711021e-16,2.35922392733e-16,0.08,52614.9841875
2013-01-16,52584.1800889,0.000348369015011,-0.000585462469407,48.1422009516,0.991327834801,0.000914990314928,1.88411694902e-05,24071.1004758,0.457495157464,0.255835950894,0.255835950894,0.511671901789,1.31838984174e-16,6.93889390391e-17,0.08,52584.1800889
2013-01-17,52390.6199896,-0.00298830180465,-0.00368095687714,35.6855525659,0.737146504934,0.000678636664213,1.40184082682e-05,17842.776283,0.339318332107,0.214022738737,0.214022738737,0.428045477475,3.46944695195e-18,-5.55111512313e-17,0.08,52390.6199896
2013-01-18,52327.3379774,-0.000677830866904,-0.0012078882102,27.1556337235,0.614399121881,0.000518330069941,1.17272733555e-05,13577.8168617,0.259165034971,0.251755771551,0.251755771551,0.503511543102,1.11022302463e-16,6.93889390391e-17,0.08,52327.3379774
2013-01-22,52320.0538284,0.000582891620212,-0.000139203506615,34.8979274035,2.88738834974,0.000666915779638,5.51793471893e-05,17448.9637018,0.333457889819,0.324889568063,0.324889568063,0.649779136126,1.38777878078e-16,8.32667268469e-17,0.08,52320.0538284
2013-01-23,52395.3593692,0.00230252375622,0.00143932460469,44.2312156788,0.931410393937,0.000845396983418,1.7802168113e-05,22115.6078394,0.422698491709,0.347506812854,0.347506812854,0.695013625708,-8.32667268469e-17,-9.71445146547e-17,0.08,52395.3593692
2013-01-24,52178.7258723,-0.00327887637179,-0.00413459320698,43.8379064768,0.99768462152,0.000836675365998,1.90414691975e-05,21918.9532384,0.418337682999,0.307064476721,0.307064476721,0.614128953443,-1.38777878078e-17,-5.55111512313e-17,0.08,52178.7258723
2013-01-25,52159.7178981,0.000377853934056,-0.00036428590083,37.8459804195,0.877930583889,0.000725314384106,1.68254507793e-05,18922.9902098,0.362657192053,0.358022364553,0.358022364553,0.716044729106,2.22044604925e-16,1.52655665886e-16,0.08,52159.7178981
2013-01-28,52172.2957744,0.000901549112698,0.00024114156962,31.3769157141,3.06975543063,0.000601554551645,5.88529914334e-05,15688.4578571,0.300777275822,0.297683037924,0.297683037924,0.595366075848,-4.16333634234e-17,-1.38777878078e-16,0.08,52172.2957744
2013-01-29,52235.3454571,0.00185691360303,0.00120848971202,32.9787598781,0.851003150772,0.000632112491669,1.63113993383e-05,16489.379939,0.316056245835,0.293495339653,0.293495339653,0.586990679307,2.77555756156e-17,-1.38777878078e-17,0.08,52235.3454571
2013-01-30,52240.3422315,0.00101660800065,9.56588762624e-05,47.2660501563,0.840045504484,0.000904867187968,1.60819364194e-05,23633.0250781,0.452433593984,0.371626620116,0.371626620116,0.743253240232,4.99600361081e-16,3.74700270811e-16,0.08,52240.3422315
2013-01-31,52330.5074425,0.002895350106,0.00172596899574,60.0250939567,1.06377544204,0.00114901800778,2.03631024721e-05,30012.5469784,0.574509003891,0.329781643335,0.329781643335,0.65956328667,1.94289029309e-16,6.93889390391e-17,0.08,52330.5074425
2013-02-01,52153.2985382,-0.00244553054038,-0.00338634026372,48.2874260794,0.94562415019,0.000922739496314,1.80702270321e-05,24143.7130397,0.461369748157,0.22610142684,0.22610142684,0.452202853681,8.32667268469e-17,1.11022302463e-16,0.08,52153.2985382
2013-02-04,52131.1468504,0.000159854809687,-0.000424741836705,28.5502431146,1.93840030914,0.000547429288555,3.71673578368e-05,14275.1215573,0.273714644278,0.235492516412,0.235492516412,0.470985032823,0,0,0.08,52131.1468504
2013-02-05,52004.0422812,-0.00191042115364,-0.00243816944058,26.8394387916,0.67268465508,0.000514844587414,1.29036995294e-05,13419.7193958,0.257422293707,0.237527391823,0.237527391823,0.475054783646,-2.77555756156e-17,-2.77555756156e-17,0.08,52004.0422812
2013-02-06,51964.3334381,-0.000372924832055,-0.000763572240144,19.6384013395,0.676842987798,0.000377632208537,1.30151995519e-05,9819.20066976,0.188816104269,0.226562858668,0.226562858668,0.453125717336,0,6.93889390391e-18,0.08,51964.3334381
2013-02-07,51935.8036732,-0.00010581459398,-0.000549025901053,22.3860739562,0.645106188083,0.000430796903859,1.24144032147e-05,11193.0369781,0.215398451929,0.239777642182,0.239777642182,0.479555284364,-2.22044604925e-16,-2.18575157973e-16,0.08,51935.8036732
2013-02-08,51906.2272691,0.000229305434272,-0.000569480049037,40.8032074327,0.682358605456,0.000785646982368,1.31385009415e-05,20401.6037163,0.392823491184,0.314370334964,0.314370334964,0.628740669928,-1.38777878078e-17,-2.94902990916e-17,0.08,51906.2272691
2013-02-11,51897.3710206,0.000480066910978,-0.000170620155432,31.0923362756,2.68237447452,0.000599009751073,5.16773153365e-05,15546.1681378,0.299504875536,0.337521484341,0.337521484341,0.675042968681,5.55111512313e-17,6.93889390391e-17,0.08,51897.3710206
2013-02-12,51960.0966143,0.0022672124467,0.0012086468452,53.976964773,0.959806997274,0.00104007127358,1.84943279091e-05,26988.4823865,0.520035636792,0.417345072315,0.417345072315,0.83469014463,-1.11022302463e-16,-2.77555756156e-17,0.08,51960.0966143
2013-02-13,51973.4733714,0.001424963921,0.000257442883353,59.4762708316,1.18823508378,0.00114465281451,2.28682231406e-05,29738.1354158,0.572326407253,0.320274373025,0.320274373025,0.64054874605,-3.26128013484e-16,-3.88578058619e-16,0.08,51973.4733714
2013-02-14,52009.6079115,0.00171778968816,0.000695249668295,52.2328594201,0.912097073861,0.00100499073916,1.75492807137e-05,26116.42971,0.502495369578,0.38407157017,0.38407157017,0.768143140339,-3.88578058619e-16,-4.02455846427e-16,0.08,52009.6079115
2013-02-15,52143.117216,0.00368996112766,0.00256701232323,57.3095839124,1.09454311093,0.00110190378689,2.10450175435e-05,28654.7919562,0.550951893445,0.206522603473,0.206522603473,0.413045206946,-5.55111512313e-17,-1.2490009027e-16,0.08,52143.117216
2013-02-19,52061.9350956,-0.000830789234038,-0.00155690961079,35.5019098201,2.36027009768,0.000680855148592,4.52652281585e-05,17750.9549101,0.340427574296,0.270337247956,0.270337247956,0.540674495912,-1.17961196366e-16,-1.94289029309e-16,0.08,52061.9350956
2013-02-20,52045.6245812,0.000314686387742,-0.000313290592207,31.9225033329,0.77119343874,0.00061316398006,1.4812999888e-05,15961.2516664,0.30658199003,0.264149740242,0.264149740242,0.528299480485,-6.93889390391e-18,-4.16333634234e-17,0.08,52045.6245812
2013-02-21,52154.001256,0.0027652272495,0.00208233978727,34.7879982871,0.7533062035,0.000668413503864,1.44739583694e-05,17393.9991435,0.334206751932,0.227675586454,0.227675586454,0.455351172909,2.77555756156e-17,-2.08166817117e-17,0.08,52154.001256
2013-02-22,52115.9460816,-7.73565296405e-06,-0.000729669316024,37.0010884674,0.65064070257,0.00070945828846,1.24753746002e-05,18500.5442337,0.35472914423,0.226493591316,0.226493591316,0.452987182632,3.60822483003e-16,3.88578058619e-16,0.08,52115.9460816
2013-02-25,52042.28288,-0.00048699007073,-0.00141344841782,46.3428815718,1.94037169197,0.00088922652386,3.723182323e-05,23171.4407859,0.44461326193,0.379598579136,0.379598579136,0.759197158271,6.66133814775e-16,7.21644966006e-16,0.08,52042.28288
2013-02-26,52138.5199267,0.00274118403182,0.00184920878501,45.3379526846,1.08247543212,0.00087117532467,2.07999221444e-05,22668.9763423,0.435587662335,0.400477038553,0.400477038553,0.800954077106,1.52655665886e-16,2.22044604925e-16,0.08,52138.5199267
2013-02-27,52214.1354995,0.00268348483489,0.00145028230255,63.1532298717,1.14412493451,0.00121125858503,2.1943947318e-05,31576.6149359,0.605629292513,0.377832342624,0.377832342624,0.755664685248,5.55111512313e-16,5.82867087928e-16,0.08,52214.1354995
2013-02-28,52115.3327101,-0.000710001442917,-0.00189226132829,60.6496811857,1.08099666487,0.00116155674331,2.07031420616e-05,30324.8405929,0.580778371657,0.374292349764,0.374292349764,0.748584699528,-4.51028103754e-17,-2.77555756156e-17,0.08,52115.3327101
2013-03-01,52112.4848778,0.00104648405533,-5.46448059865e-05,56.316854754,1.06884221034,0.00108061969147,2.05091698501e-05,28158.427377,0.540309845735,0.381215877825,0.381215877825,0.76243175565,1.38777878078e-17,-3.81639164715e-17,0.08,52112.4848778
2013-03-04,52096.8391706,0.000838089749029,-0.000300229537187,56.0549852189,3.26566137014,0.00107565366246,6.26656237521e-05,28027.4926095,0.537826831232,0.292916288496,0.292916288496,0.585832576991,1.66533453694e-16,1.52655665886e-16,0.08,52096.8391706
2013-03-05,52011.8326164,-0.00035133529237,-0.001631702721,65.8669309254,0.836165083409,0.00126431722105,1.60502075888e-05,32933.4654627,0.632158610523,0.336999488392,0.336999488392,0.673998976783,8.32667268469e-17,0,0.08,52011.8326164
2013-03-06,51969.0009476,0.000281409051997,-0.000823498550783,56.5078330742,0.960436218193,0.00108644187739,1.84657253913e-05,28253.9165371,0.543220938694,0.470474045935,0.470474045935,0.94094809187,2.08166817117e-16,1.11022302463e-16,0.08,51969.0009476
2013-03-07,51728.1673288,-0.00319859895503,-0.00463417834419,73.2658969838,1.33972965145,0.00140979998938,2.57793997773e-05,36632.9484919,0.704899994688,0.283225917299,0.283225917299,0.566451834598,9.71445146547e-17,0,0.08,51728.1673288
2013-03-08,51732.6074064,0.000636638137832,8.58348127541e-05,27.6892653242,0.802781240652,0.000535284096732,1.55192283451e-05,13844.6326621,0.267642048366,0.231271245449,0.231271245449,0.462542490899,-4.16333634234e-17,-3.46944695195e-17,0.08,51732.6074064
2013-03-11,51689.5170682,-0.00039428979449,-0.000832943482289,20.7259705999,1.96672841839,0.000400636496766,3.80171910328e-05,10362.9852999,0.200318248383,0.234268797275,0.234268797275,0.46853759455,1.11022302463e-16,1.28369537222e-16,0.08,51689.5170682
2013-03-12,51763.13494,0.00208307788325,0.00142423214508,33.3918979739,0.663520054537,0.000646009091743,1.2836646426e-05,16695.9489869,0.323004545871,0.288949501443,0.288949501443,0.577899002886,5.55111512313e-17,0,0.08,51763.13494
2013-03-13,51665.3677459,-0.00108632967194,-0.00188874175044,40.7158067769,0.819557919673,0.0007865792291,1.58328493941e-05,20357.9033885,0.39328961455,0.359737487226,0.359737487226,0.719474974452,1.11022302463e-16,1.66533453694e-16,0.08,51665.3677459
2013-03-14,51674.9088779,0.000818945447018,0.000184671714514,31.7515763499,1.01840929148,0.000614562089369,1.97116431357e-05,15875.788175,0.307281044685,0.443447075177,0.443447075177,0.886894150354,-5.55111512313e-17,-1.11022302463e-16,0.08,51674.9088779
2013-03-15,51346.5610876,-0.00510351345728,-0.00635410487357,63.3685762641,1.25562121655,0.00122629294642,2.42984698727e-05,31684.2881321,0.613146473212,0.445283861499,0.445283861499,0.890567722998,5.55111512313e-17,5.55111512313e-17,0.08,51346.5610876
2013-03-18,51318.6809253,0.000836646540286,-0.000542980128088,67.0806529516,3.7584320541,0.00130642932128,7.31973470958e-05,33540.3264758,0.653214660639,0.330799563894,0.330799563894,0.661599127788,4.16333634234e-17,5.55111512313e-17,0.08,51318.6809253
2013-03-19,51264.445307,-0.000113633779252,-0.00105683967901,47.4738800263,0.930202590121,0.000925079896255,1.81260035011e-05,23736.9400132,0.462539948128,0.323723200593,0.323723200593,0.647446401187,4.51028103754e-17,7.8062556419e-17,0.08,51264.445307
2013-03-20,51207.499712,-0.000430251439562,-0.00111082046627,33.9796517124,0.909341934873,0.000662830769141,1.77382575668e-05,16989.8258562,0.331415384571,0.386334795372,0.386334795372,0.772669590744,0,3.12250225676e-17,0.08,51207.499712
2013-03-21,51158.5895196,-0.000502489943989,-0.000955137287693,22.0949256307,1.08401309166,0.00043147831382,2.11690298834e-05,11047.4628153,0.21573915691,0.391317234722,0.391317234722,0.782634469444,6.93889390391e-17,1.35308431126e-16,0.08,51158.5895196
2013-03-22,51286.1947042,0.0032132853467,0.00249430615223,35.6850169469,1.09694453606,0.000697537154211,2.14420402587e-05,17842.5084735,0.348768577105,0.313855154114,0.313855154114,0.627710308228,1.17961196366e-16,2.08166817117e-16,0.08,51286.1947042
2013-03-25,51187.6031351,-0.000959613405333,-0.00192238027509,46.7306595682,2.64598956868,0.000911174241679,5.15926280735e-05,23365.3297841,0.45558712084,0.348952870017,0.348952870017,0.697905740034,3.60822483003e-16,4.64905891562e-16,0.08,51187.6031351
2013-03-26,51241.1632507,0.00177249982758,0.00104634935618,36.1911590763,0.978743069769,0.000707029766187,1.91207052064e-05,18095.5795381,0.353514883094,0.237859906365,0.237859906365,0.47571981273,1.94289029309e-16,1.66533453694e-16,0.08,51241.1632507
2013-03-27,51306.7651897,0.00188689539713,0.00128025858269,30.4169284653,0.66784757769,0.000593603394921,1.30334195268e-05,15208.4642326,0.296801697461,0.198464925586,0.198464925586,0.396929851171,4.4408920985e-16,5.16947595841e-16,0.08,51306.7651897
2013-03-28,51371.5558274,0.00190941601664,0.00126280886094,32.6173711878,0.557950319749,0.000635732365258,1.08747904431e-05,16308.6855939,0.317866182629,0.279940757399,0.279940757399,0.559881514799,-1.2490009027e-16,-6.93889390391e-17,0.08,51371.5558274
2013-04-01,51326.2498404,-8.28779471636e-05,-0.000881927483699,37.8964195742,3.15199830074,0.000737692658201,6.13568783341e-05,18948.2097871,0.3688463291,0.288361538653,0.288361538653,0.576723077306,2.91433543964e-16,2.91433543964e-16,0.08,51326.2498404
2013-04-02,51173.8172425,-0.00236603500268,-0.00296987600739,30.181907073,0.810987198756,0.000588040372457,1.5800632255e-05,15090.9535365,0.294020186228,0.295627943712,0.295627943712,0.591255887424,4.09394740331e-16,3.46944695195e-16,0.08,51173.8172425
2013-04-03,51081.196067,-0.00131499717151,-0.00180993290087,24.4987965685,0.828953992509,0.000478736937923,1.61987914363e-05,12249.3982842,0.239368468961,0.285111102874,0.285111102874,0.570222205748,2.08166817117e-16,1.80411241502e-16,0.08,51081.196067
2013-04-04,51084.6329521,0.00055006966064,6.72827842936e-05,23.8633137661,0.798017323112,0.000467164350162,1.56225261849e-05,11931.6568831,0.233582175081,0.224975290246,0.224975290246,0.449950580492,3.1918911958e-16,3.46944695195e-16,0.08,51084.6329521
2013-04-05,51031.3292932,-0.00038348225651,-0.00104343822836,33.0838672098,0.629741376741,0.000647628558686,1.23274131642e-05,16541.9336049,0.323814279343,0.264197767795,0.264197767795,0.52839553559,1.94289029309e-16,2.39391839685e-16,0.08,51031.3292932
2013-04-08,51034.9763664,0.000689689426924,7.14673377009e-05,29.332416115,2.21627889647,0.000574792319174,4.34297700485e-05,14666.2080575,0.287396159587,0.284872786205,0.284872786205,0.569745572411,3.05311331772e-16,2.9316826744e-16,0.08,51034.9763664
2013-04-09,50976.3525781,-0.000484674949302,-0.00114869825639,33.091784967,0.796628817065,0.000648413839352,1.56094677373e-05,16545.8924835,0.324206919676,0.192336906778,0.192336906778,0.384673813555,-4.16333634234e-17,-2.77555756156e-17,0.08,50976.3525781
2013-04-10,50893.9863064,-0.00105798861187,-0.00161577412925,27.896630979,0.537240217735,0.000547246508786,1.05390085905e-05,13948.3154895,0.273623254393,0.200763729035,0.200763729035,0.401527458069,-6.93889390391e-18,3.46944695195e-18,0.08,50893.9863064
2013-04-11,50989.9689188,0.00229167510334,0.00188593229616,20.0899967372,0.559872135688,0.000394742054911,1.10007522759e-05,10044.9983686,0.197371027456,0.177319275176,0.177319275176,0.354638550352,-8.32667268469e-17,-1.11022302463e-16,0.08,50989.9689188
2013-04-12,50940.2337967,-0.000389868447339,-0.000975390320406,29.3603172142,0.495424894791,0.0005758057484,9.71612466718e-06,14680.1586071,0.2879028742,0.2160582978,0.2160582978,0.432116595601,2.77555756156e-17,-2.77555756156e-17,0.08,50940.2337967
2013-04-15,50867.9262024,-0.000933894482942,-0.00141945941184,22.9255756254,1.80921537594,0.000450048496379,3.55164325151e-05,11462.7878127,0.225024248189,0.266081215222,0.266081215222,0.532162430445,-2.77555756156e-17,-6.93889390391e-17,0.08,50867.9262024
2013-04-16,50851.3096606,0.000386505183417,-0.00032666049282,35.5356151741,0.741643814783,0.000698585883621,1.45797926149e-05,17767.807587,0.349292941811,0.232700627963,0.232700627963,0.465401255926,4.16333634234e-17,5.55111512313e-17,0.08,50851.3096606
2013-04-17,50794.2310413,-0.000549673786266,-0.00112246114431,28.4785965358,0.648390777575,0.000560036638701,1.27507193404e-05,14239.2982679,0.28001831935,0.193844222035,0.193844222035,0.38768844407,2.77555756156e-17,2.77555756156e-17,0.08,50794.2310413
2013-04-18,50932.7579423,0.00325928351055,0.00272721720859,26.4863826054,0.539516065757,0.000521444700754,1.06216012074e-05,13243.1913027,0.260722350377,0.268976914821,0.268976914821,0.537953829642,3.33066907388e-16,3.15719672628e-16,0.08,50932.7579423
2013-04-19,50923.6981125,0.00047752150886,-0.000177878249526,32.6306467784,0.750670470939,0.000640661297299,1.47384610861e-05,16315.3233892,0.32033064865,0.255553992217,0.255553992217,0.511107984434,4.30211422042e-16,4.64905891562e-16,0.08,50923.6981125
2013-04-22,50858.1498341,-0.000682598660391,-0.00128718613999,28.6485830029,2.13924729059,0.000562578604162,4.20088754329e-05,14324.2915014,0.281289302081,0.320932123165,0.320932123165,0.641864246329,5.41233724505e-16,5.82867087928e-16,0.08,50858.1498341
2013-04-23,50911.6656899,0.00209726248101,0.00105225722818,52.2526767943,0.894356931862,0.00102741993102,1.75853218172e-05,26126.3383971,0.513709965509,0.386467757576,0.386467757576,0.772935515152,1.66533453694e-16,1.87350135405e-16,0.08,50911.6656899
2013-04-24,50807.9090695,-0.00094847833469,-0.00203797339977,54.3898870295,1.07812149445,0.00106831874959,2.11763154836e-05,27194.9435148,0.534159374797,0.200441000655,0.200441000655,0.40088200131,9.71445146547e-17,7.97972798949e-17,0.08,50807.9090695
2013-04-25,50839.7690705,0.00111337281603,0.000627067747417,24.1501169588,0.558026747127,0.00047532200008,1.0983068529e-05,12075.0584794,0.23766100004,0.257968753905,0.257968753905,0.515937507811,-8.32667268469e-17,-8.32667268469e-17,0.08,50839.7690705
2013-04-26,50790.3970781,6.6283025605e-05,-0.000971129360075,52.0231720435,0.718634075395,0.00102327711149,1.41352741866e-05,26011.5860218,0.511638555747,0.359072058994,0.359072058994,0.718144117988,-2.01227923213e-16,-2.01227923213e-16,0.08,50790.3970781
2013-04-29,50851.4774202,0.00219401233153,0.00120259626962,47.3564846392,2.99793081468,0.000932390517963,5.90255439442e-05,23678.2423196,0.466195258981,0.229160930074,0.229160930074,0.458321860148,-2.49800180541e-16,-2.51534904017e-16,0.08,50851.4774202
2013-04-30,50691.62792,-0.0026264558607,-0.0031434583274,25.6518092964,0.638529965,0.000504445703405,1.25567632917e-05,12825.9046482,0.252222851702,0.215171022251,0.215171022251,0.430342044503,-6.93889390391e-17,-8.23993651089e-17,0.08,50691.62792
2013-05-01,50727.0336309,0.00118287600056,0.000698452827411,23.9585351724,0.597664076665,0.000472632980148,1.17901930001e-05,11979.2675862,0.236316490074,0.197867612982,0.197867612982,0.395735225963,-2.77555756156e-17,-8.67361737988e-19,0.08,50727.0336309
2013-05-02,50665.6819386,-0.000577588969658,-0.00120944766418,31.5023316547,0.549985592229,0.000621016633536,1.08420609853e-05,15751.1658274,0.310508316768,0.239881685278,0.239881685278,0.479763370556,-1.38777878078e-17,3.12250225676e-17,0.08,50665.6819386
2013-05-03,50563.7855927,-0.00135453932497,-0.00201115117692,32.6017272937,0.665959954476,0.00064346765002,1.3144201933e-05,16300.8636468,0.32173382501,0.231086732221,0.231086732221,0.462173464441,0,8.89045781438e-17,0.08,50563.7855927
2013-05-06,50548.4918281,0.000310538915347,-0.000302464786718,29.0750283098,1.92075944898,0.000575016841975,3.79868600911e-05,14537.5141549,0.287508420987,0.331506497508,0.331506497508,0.663012995016,-1.38777878078e-16,-7.97972798949e-17,0.08,50548.4918281
2013-05-07,50660.0357375,0.00295814577326,0.00220667136487,37.0676978009,0.918200190698,0.000733309668803,1.81647395895e-05,18533.8489005,0.366654834402,0.251807786047,0.251807786047,0.503615572093,-1.66533453694e-16,-1.11022302463e-16,0.08,50660.0357375
2013-05-08,50616.6061841,-0.000192927736899,-0.00085727443263,32.9568360361,0.698991311787,0.000650549008825,1.37976869067e-05,16478.418018,0.325274504412,0.238528497062,0.238528497062,0.477056994124,-1.38777878078e-17,-1.38777878078e-17,0.08,50616.6061841
2013-05-09,50558.7210695,-0.000451585435461,-0.0011435992838,34.3658306271,0.66156180819,0.000678943793705,1.30700546335e-05,17182.9153136,0.339471896853,0.161358189773,0.161358189773,0.322716379545,7.6327832943e-17,8.32667268469e-17,0.08,50558.7210695
2013-05-10,50601.3693154,0.00126081840181,0.000843538858758,20.6501028356,0.447017189534,0.000408437998405,8.84154464508e-06,10325.0514178,0.204218999203,0.185219234684,0.185219234684,0.370438469367,-3.67761376907e-16,-3.74700270811e-16,0.08,50601.3693154
2013-05-13,50611.8216573,0.00151809027873,0.000206562430718,64.8244452405,1.54065976414,0.00128108085053,3.04469974822e-05,32412.2226202,0.640540425264,0.347267576081,0.347267576081,0.694535152163,-1.94289029309e-16,-2.91433543964e-16,0.08,50611.8216573
2013-05-14,50560.8657807,0.000283724090459,-0.0010067979165,64.3526096814,0.963059979616,0.00127149364663,1.90283603332e-05,32176.3048407,0.635746823313,0.354418599996,0.354418599996,0.708837199992,-1.94289029309e-16,-2.01227923213e-16,0.08,50560.8657807
2013-05-15,50339.2803808,-0.00271655672248,-0.00438254757789,83.2520380453,0.981901987099,0.00164657065815,1.942019726e-05,41626.0190227,0.823285329077,0.478826647548,0.478826647548,0.957653295097,-2.22044604925e-16,-2.49800180541e-16,0.08,50339.2803808
2013-05-16,50426.563291,0.00286399321893,0.00173389268777,55.5676919424,1.32075555423,0.00110386345458,2.6237076578e-05,27783.8459712,0.551931727292,0.413117178159,0.413117178159,0.826234356317,8.32667268469e-17,0,0.08,50426.563291
2013-05-17,50269.7530389,-0.00239600926334,-0.00310967557172,34.8462554584,1.14148380992,0.000691029750675,2.26365577073e-05,17423.1277292,0.345514875338,0.363821895186,0.363821895186,0.727643790372,2.77555756156e-17,-1.04083408559e-17,0.08,50269.7530389
2013-05-20,50381.6802342,0.00299335076853,0.0022265316318,35.5413587404,3.00644988841,0.000707012797794,5.98063389347e-05,17770.6793702,0.353506398897,0.275853079904,0.275853079904,0.551706159808,-8.32667268469e-17,-1.2490009027e-16,0.08,50381.6802342
2013-05-21,50261.5943756,-0.00162476792508,-0.00238352230424,37.465789457,0.761531050046,0.000743639141904,1.5115237255e-05,18732.8947285,0.371819570952,0.397644006505,0.397644006505,0.795288013011,2.77555756156e-17,-5.55111512313e-17,0.08,50261.5943756
2013-05-22,50262.1106278,0.000855276139821,1.02713059569e-05,41.3761547662,1.09513543895,0.000823216121178,2.17887126852e-05,20688.0773831,0.411608060589,0.280187405053,0.280187405053,0.560374810106,0,-2.77555756156e-17,0.08,50262.1106278
2013-05-23,50200.9776337,-0.000628072094462,-0.00121628386348,28.7931041658,0.771660841058,0.000572859034492,1.53527345234e-05,14396.5520829,0.286429517246,0.234204086093,0.234204086093,0.468408172186,-9.71445146547e-17,-5.55111512313e-17,0.08,50200.9776337
2013-05-24,50179.8345193,-4.68526518724e-05,-0.000421169375662,18.1468312823,0.644234196586,0.000361483623182,1.28331006078e-05,9073.41564116,0.180741811591,0.269998869036,0.269998869036,0.539997738072,-2.42861286637e-17,-5.55111512313e-17,0.08,50179.8345193
2013-05-28,50096.8409058,-0.000981008665712,-0.00165392361881,30.7972270591,2.96953393285,0.000613737118786,5.91778343092e-05,15398.6135295,0.306868559393,0.320448667209,0.320448667209,0.640897334419,2.08166817117e-17,4.16333634234e-17,0.08,50096.8409058
2013-05-29,50012.519578,-0.00105345929383,-0.0016831665691,30.6667032196,0.879641967106,0.000612148444196,1.755883108e-05,15333.3516098,0.306074222098,0.255118751268,0.255118751268,0.510237502537,-1.38777878078e-17,-4.85722573274e-17,0.08,50012.519578
2013-05-30,49922.4390411,-0.00125195211201,-0.00180115974286,26.7681268946,0.699130495481,0.000535228521188,1.39791096585e-05,13384.0634473,0.267614260594,0.211229067405,0.211229067405,0.42245813481,-3.0184188482e-16,-2.77555756156e-16,0.08,49922.4390411
2013-05-31,49866.0391374,-0.000406481292511,-0.00112975056523,35.5295541094,0.577812068013,0.000711695077241,1.15741954742e-05,17764.7770547,0.35584753862,0.318756273178,0.318756273178,0.637512546356,-2.15105711021e-16,-1.94289029309e-16,0.08,49866.0391374
2013-06-03,49855.5225041,0.000616773385904,-0.00021089770606,38.659783811,2.61289525374,0.000775272800482,5.23982914813e-05,19329.8919055,0.387636400241,0.415657474618,0.415657474618,0.831314949237,-1.66533453694e-16,-1.38777878078e-16,0.08,49855.5225041
2013-06-04,49855.148653,0.00074241924273,-7.49868985317e-06,36.2520533461,1.13549701807,0.000727142180549,2.27757520339e-05,18126.026673,0.363571090275,0.439751613769,0.439751613769,0.879503227537,-1.11022302463e-16,-1.52655665886e-16,0.08,49855.148653
2013-06-05,49958.6209668,0.00301571426921,0.002075458936,45.6752608021,1.20130860684,0.000916159354373,2.40959788366e-05,22837.630401,0.458079677186,0.324645514147,0.324645514147,0.649291028294,-5.55111512313e-17,-4.16333634234e-17,0.08,49958.6209668
2013-06-06,50037.9871714,0.00243504930978,0.00158863881888,41.3967972158,0.888703681634,0.000828621695609,1.77887952957e-05,20698.3986079,0.414310847805,0.332505161965,0.332505161965,0.66501032393,1.38777878078e-16,1.5959455979e-16,0.08,50037.9871714
2013-06-07,49981.1262928,-4.67460385041e-05,-0.00113635423498,53.6101358047,0.911665152264,0.00107138873554,1.82194609296e-05,26805.0679023,0.535694367771,0.212203308331,0.212203308331,0.424406616663,1.45716771982e-16,1.1622647289e-16,0.08,49981.1262928
2013-06-10,49964.0603529,0.000544749658389,-0.00034144768419,42.5496628855,1.74347841427,0.000851314606963,3.48827356161e-05,21274.8314427,0.425657303481,0.310048710943,0.310048710943,0.620097421886,-1.38777878078e-17,-2.42861286637e-17,0.08,49964.0603529
2013-06-11,49996.5095601,0.00131952197643,0.000649450964485,32.630630536,0.848837945529,0.000653082041481,1.69889704626e-05,16315.315268,0.326541020741,0.259264385183,0.259264385183,0.518528770367,0,-1.38777878078e-17,0.08,49996.5095601
2013-06-12,49958.6115628,-4.38619450307e-05,-0.000758012862417,34.9947893705,0.710263797941,0.000699944649705,1.42062676813e-05,17497.3946853,0.349972324853,0.315943819758,0.315943819758,0.631887639515,-5.55111512313e-17,-8.32667268469e-17,0.08,49958.6115628
2013-06-13,49886.9371937,-0.000656278389778,-0.00143467496135,38.0227289708,0.864882989969,0.000761084581445,1.73119901237e-05,19011.3644854,0.380542290722,0.358598310383,0.358598310383,0.717196620767,-1.38777878078e-16,-2.08166817117e-16,0.08,49886.9371937
2013-06-14,49811.0176025,-0.000625213828175,-0.00152183307916,43.7493487323,0.980239528102,0.000876970028495,1.96492224868e-05,21874.6743661,0.438485014247,0.269746846707,0.269746846707,0.539493693415,-1.11022302463e-16,-6.24500451352e-17,0.08,49811.0176025
2013-06-17,49795.2561216,0.000725909443143,-0.000316425594776,49.7110513988,2.20871752266,0.000997993090516,4.43419474039e-05,24855.5256994,0.498996545258,0.326754969905,0.326754969905,0.65350993981,5.55111512313e-17,2.77555756156e-17,0.08,49795.2561216
2013-06-18,49702.0630563,-0.00068034246927,-0.00187152497094,58.4236844754,0.891553283036,0.00117327811976,1.79043819126e-05,29211.8422377,0.586639059881,0.372517264539,0.372517264539,0.745034529078,4.16333634234e-17,2.77555756156e-17,0.08,49702.0630563
2013-06-19,49645.4325286,-6.80314367863e-05,-0.0011393999414,52.2347111881,1.01451378475,0.00105095659971,2.04119049062e-05,26117.355594,0.525478299854,0.337571628702,0.337571628702,0.675143257404,-1.90819582357e-16,-1.94289029309e-16,0.08,49645.4325286
2013-06-20,49540.4372331,-0.00135132941393,-0.00211490342805,36.9896668826,0.918295315961,0.000745076938574,1.84970755453e-05,18494.8334413,0.372538469287,0.38372828733,0.38372828733,0.767456574659,-4.30211422042e-16,-4.42354486374e-16,0.08,49540.4372331
2013-06-21,49386.4192088,-0.00192248916215,-0.00310893550627,57.7354231273,1.04164751414,0.0011654201366,2.10262075249e-05,28867.7115637,0.582710068298,0.226089594178,0.226089594178,0.452179188357,4.51028103754e-17,3.81639164715e-17,0.08,49386.4192088
2013-06-24,49396.6059056,0.00100169495424,0.000206265141293,37.4479635398,1.83546665373,0.000758264400209,3.71654127416e-05,18723.9817699,0.379132200104,0.244960638613,0.244960638613,0.489921277225,1.63064006742e-16,1.52655665886e-16,0.08,49396.6059056
2013-06-25,49295.1578128,-0.00121041847011,-0.00205374622182,40.9945026207,0.663025979612,0.000829905250961,1.34225007459e-05,20497.2513103,0.41495262548,0.304322411844,0.304322411844,0.608644823689,6.59194920871e-16,6.24500451352e-16,0.08,49295.1578128
2013-06-26,49132.0343737,-0.00264292195032,-0.00330911688573,32.0181778277,0.822006647553,0.000649519734763,1.6675200649e-05,16009.0889139,0.324759867382,0.261458024138,0.261458024138,0.522916048276,8.32667268469e-17,5.55111512313e-17,0.08,49132.0343737
2013-06-27,49099.3820186,-9.49189423853e-05,-0.000664583819839,27.2849058677,0.703888472834,0.000555338410378,1.4326467076e-05,13642.4529339,0.277669205189,0.328698966796,0.328698966796,0.657397933591,1.94289029309e-16,2.01227923213e-16,0.08,49099.3820186
2013-06-28,49107.4811353,0.000825672686245,0.000164953535123,31.5565778359,0.884324172045,0.000642708248831,1.80109022902e-05,15778.2889179,0.321354124416,0.318749261912,0.318749261912,0.637498523824,3.1918911958e-16,2.35922392733e-16,0.08,49107.4811353
2013-07-01,49008.1042977,-0.000903496595612,-0.00202365984266,52.4353040106,2.57309151226,0.0010677661081,5.23971389445e-05,26217.6520053,0.533883054052,0.385561456396,0.385561456396,0.771122912792,1.5959455979e-16,1.28369537222e-16,0.08,49008.1042977
2013-07-02,48946.946283,0.00018009241318,-0.00124791635272,68.9486252183,1.03537731881,0.00140688211075,2.1126655145e-05,34474.3126092,0.703441055376,0.392286639758,0.392286639758,0.784573279517,2.77555756156e-17,-1.38777878078e-17,0.08,48946.946283
2013-07-03,48963.1272963,0.00105653491282,0.000330582694269,34.4810218848,1.05212236075,0.00070445706021,2.14951583429e-05,17240.5109424,0.352228530105,0.332950427514,0.332950427514,0.665900855028,6.24500451352e-17,8.32667268469e-17,0.08,48963.1272963
2013-07-05,48989.7994693,0.00136134629155,0.000544739979044,38.1970460448,1.78655278529,0.00078011859442,3.64877180837e-05,19098.5230224,0.39005929721,0.398337887237,0.398337887237,0.796675774473,1.2490009027e-16,1.11022302463e-16,0.08,48989.7994693
2013-07-08,48939.974714,-6.33573000044e-05,-0.00101704346217,43.5130319425,3.20786189864,0.000888205961524,6.54802006416e-05,21756.5159712,0.444102980762,0.404144954018,0.404144954018,0.808289908035,2.77555756156e-17,8.32667268469e-17,0.08,48939.974714
2013-07-09,48896.8181821,0.000184807597296,-0.000881825791469,51.1172388106,1.08377226468,0.00104448845978,2.21449289873e-05,25558.6194053,0.522244229889,0.369875717393,0.369875717393,0.739751434786,-5.89805981832e-17,-5.55111512313e-17,0.08,48896.8181821
2013-07-10,48863.8166787,0.000638803958593,-0.000674921285436,63.2459846339,0.990999764566,0.00129345808143,2.02671625969e-05,31622.992317,0.646729040716,0.402078503809,0.402078503809,0.804157007617,-5.55111512313e-17,-6.93889390391e-17,0.08,48863.8166787
2013-07-11,48907.9004076,0.00194232803144,0.000902175310025,49.7492790039,1.07655289318,0.00101812102258,2.20316988388e-05,24874.6395019,0.509060511288,0.354540703551,0.354540703551,0.709081407103,-2.22044604925e-16,-2.77555756156e-16,0.08,48907.9004076
2013-07-12,48907.9632149,0.00108364227163,1.28419390322e-06,51.9857327737,0.950128296972,0.00106293118986,1.94268878658e-05,25992.8663869,0.531465594928,0.384619227022,0.384619227022,0.769238454044,-4.16333634234e-17,-8.32667268469e-17,0.08,48907.9632149
2013-07-15,48923.4387564,0.00138642324788,0.000316421713,49.2393858986,3.09220980936,0.00100677645647,6.32250784146e-05,24619.6929493,0.503388228235,0.395427509821,0.395427509821,0.790855019641,-1.5959455979e-16,-1.38777878078e-16,0.08,48923.4387564
2013-07-16,48845.8323806,-0.00075009618977,-0.00158628211283,39.8490538882,1.06003690736,0.000814518662244,2.16672608121e-05,19924.5269441,0.407259331122,0.305685210429,0.305685210429,0.611370420858,-1.49186218934e-16,-1.38777878078e-16,0.08,48845.8323806
2013-07-17,48770.6015589,-0.00053330400578,-0.00154016869078,48.3629820692,0.818161564374,0.000990114810458,1.6749874544e-05,24181.4910346,0.495057405229,0.292584937387,0.292584937387,0.585169874775,-6.59194920871e-17,-4.16333634234e-17,0.08,48770.6015589
2013-07-18,48886.752242,0.00315803200218,0.0023815716725,37.086544576,0.78189278923,0.000760428278318,1.60320513637e-05,18543.272288,0.380214139159,0.233534188113,0.233534188113,0.467068376225,6.93889390391e-18,0,0.08,48886.752242
2013-07-19,48921.6599316,0.00167280235181,0.000714052130446,46.2446103969,0.625574136674,0.00094595382749,1.27963938692e-05,23122.3051984,0.472976913745,0.303355122066,0.303355122066,0.606710244132,-3.26128013484e-16,-2.32452945781e-16,0.08,48921.6599316
2013-07-22,48873.627834,1.19324914541e-05,-0.000981816594794,46.1762982323,2.4395566225,0.00094388249084,4.98665954082e-05,23088.1491161,0.47194124542,0.303991641428,0.303991641428,0.607983282857,-2.01227923213e-16,-2.18575157973e-16,0.08,48873.627834
2013-07-23,48714.7110167,-0.00265923054851,-0.00325158627178,28.1364814192,0.814091745086,0.000575698647025,1.66570762426e-05,14068.2407096,0.287849323512,0.35264045617,0.35264045617,0.70528091234,-6.0368376964e-16,-5.6898930012e-16,0.08,48714.7110167
2013-07-24,48807.682617,0.00248372798092,0.00190849126226,27.0811876161,0.941302899458,0.000555913953934,1.93227647216e-05,13540.593808,0.277956976967,0.277465758988,0.277465758988,0.554931517977,-4.51028103754e-16,-3.92047505571e-16,0.08,48807.682617
2013-07-25,48828.7066573,0.00110514628045,0.000430752683231,32.173536011,0.742052641195,0.00065918999399,1.52036032322e-05,16086.7680055,0.329594996995,0.281873593581,0.281873593581,0.563747187161,-2.01227923213e-16,-1.45716771982e-16,0.08,48828.7066573
2013-07-26,49160.3700931,0.00764128261018,0.0067923862534,40.6963455427,0.754165644678,0.00083345122836,1.54451284154e-05,20348.1727714,0.41672561418,0.286703333817,0.286703333817,0.573406667635,-4.64905891562e-16,-4.40619762898e-16,0.08,49160.3700931
2013-07-29,49056.1283205,-0.000981509705378,-0.00212044320342,53.6734977005,2.31689457491,0.0010918041829,4.71293151481e-05,26836.7488503,0.545902091449,0.270485706416,0.270485706416,0.540971412833,-1.38777878078e-17,1.38777878078e-17,0.08,49056.1283205
2013-07-30,49052.8404073,0.000474092961686,-6.70234954224e-05,25.8180108756,0.727067480703,0.000526295322511,1.48211345982e-05,12909.0054378,0.263147661255,0.292674702142,0.292674702142,0.585349404284,5.37764277553e-16,5.27355936697e-16,0.08,49052.8404073
2013-07-31,49045.1427231,0.000482350760339,-0.000156926371188,30.5717001798,0.786658929064,0.000623240161547,1.60369699804e-05,15285.8500899,0.311620080774,0.279377795794,0.279377795794,0.558755591587,1.87350135405e-16,1.52655665886e-16,0.08,49045.1427231
2013-08-01,48970.7696839,-0.000826543091024,-0.00151642007729,33.084313945,0.750801307855,0.000674568613895,1.53083723722e-05,16542.1569725,0.337284306947,0.261563412647,0.261563412647,0.523126825294,6.93889390391e-17,9.71445146547e-17,0.08,48970.7696839
2013-08-02,48833.7861415,-0.00193806719948,-0.00279725116326,41.3730390948,0.701860911697,0.000844851721993,1.43322417889e-05,20686.5195474,0.422425860996,0.215610185398,0.215610185398,0.431220370796,-6.93889390391e-17,-3.46944695195e-17,0.08,48833.7861415
2013-08-05,48776.3097985,-0.000715571587583,-0.00117697904543,20.8014684605,1.73080466032,0.000425964687649,3.54427702024e-05,10400.7342302,0.212982343824,0.208503014106,0.208503014106,0.417006028212,-2.77555756156e-17,-1.73472347598e-17,0.08,48776.3097985
2013-08-06,48775.2788993,0.000271016595247,-2.1135243007e-05,13.6928278799,0.557260690957,0.000280727015563,1.14248226908e-05,6846.41393996,0.140363507782,0.198172156792,0.198172156792,0.396344313584,-4.85722573274e-17,-2.86229373536e-17,0.08,48775.2788993
2013-08-07,48798.8022571,0.000839672846167,0.000482280333051,16.9022810261,0.529638477677,0.000346533764799,1.08587483174e-05,8451.14051305,0.173266882399,0.220328952457,0.220328952457,0.440657904913,-1.52655665886e-16,-1.2490009027e-16,0.08,48798.8022571
2013-08-08,48783.6409394,1.38357143684e-05,-0.000310690364533,15.2473448292,0.589139122326,0.000312453259588,1.20728193127e-05,7623.67241462,0.156226629794,0.206730582213,0.206730582213,0.413461164427,3.46944695195e-17,4.85722573274e-17,0.08,48783.6409394
2013-08-09,48767.4477422,0.000500772972273,-0.000331939085819,40.0701194455,0.552606602405,0.000821384354958,1.1327703135e-05,20035.0597228,0.410692177479,0.282555393238,0.282555393238,0.565110786475,7.6327832943e-17,8.32667268469e-17,0.08,48767.4477422
2013-08-12,48661.3851663,-0.00104250078145,-0.0021748641933,52.9573493415,2.26512417107,0.00108591594995,4.64474619021e-05,26478.6746708,0.542957974974,0.371545927964,0.371545927964,0.743091855928,1.66533453694e-16,1.38777878078e-16,0.08,48661.3851663
2013-08-13,48656.8842785,0.000684489109771,-9.24940352072e-05,36.8183944687,0.990681616857,0.000756624463994,2.03586809843e-05,18409.1972343,0.378312231997,0.297158957926,0.297158957926,0.594317915853,6.86950496487e-16,6.52256026967e-16,0.08,48656.8842785
2013-08-14,48491.9681947,-0.0023834459544,-0.00338936794307,48.1527651915,0.792264604282,0.000989639306042,1.62826826261e-05,24076.3825958,0.494819653021,0.289278003135,0.289278003135,0.578556006271,6.93889390391e-18,5.55111512313e-17,0.08,48491.9681947
2013-08-15,48412.508788,-0.000971336143766,-0.0016386096425,31.5887663885,0.768638889176,0.000651422649245,1.58508494869e-05,15794.3831942,0.325711324623,0.272662917382,0.272662917382,0.545325834763,-6.93889390391e-17,-6.93889390391e-18,0.08,48412.508788
2013-08-16,48371.2391405,-6.33150468521e-06,-0.000852458353568,40.2398196232,0.72330388405,0.000831186415053,1.49404338291e-05,20119.9098116,0.415593207527,0.349538262228,0.349538262228,0.699076524455,-8.32667268469e-17,-3.46944695195e-17,0.08,48371.2391405
2013-08-19,48329.7366983,-0.000185621860205,-0.000857998324529,29.744351427,2.77933132125,0.000614918119849,5.74583444758e-05,14872.1757135,0.307459059924,0.206426244952,0.206426244952,0.412852489904,-7.6327832943e-17,2.16840434497e-18,0.08,48329.7366983
2013-08-20,48317.5181914,0.000374166780771,-0.000252815507508,29.7552299445,0.546658962529,0.000615671261158,1.13110271206e-05,14877.6149723,0.307835630579,0.269440373472,0.269440373472,0.538880746945,6.24500451352e-17,1.11022302463e-16,0.08,48317.5181914
2013-08-21,48265.5399251,6.15347204309e-06,-0.00107576440817,51.5622339742,0.713352884754,0.00106715402413,1.47638560807e-05,25781.1169871,0.533577012067,0.378446559693,0.378446559693,0.756893119387,1.38777878078e-17,4.16333634234e-17,0.08,48265.5399251
2013-08-22,48132.0593681,-0.00173711503822,-0.00276554571171,48.6368889896,1.00087274172,0.00100769387569,2.07367977914e-05,24318.4444948,0.503846937847,0.352459865385,0.352459865385,0.70491973077,1.38777878078e-16,1.2490009027e-16,0.08,48132.0593681
2013-08-23,48032.866381,-0.0012880835647,-0.00206085067708,36.2653043575,0.929568173457,0.000753454243047,1.93128693362e-05,18132.6521788,0.376727121524,0.28384068706,0.28384068706,0.567681374119,-2.15105711021e-16,-1.52655665886e-16,0.08,48032.866381
2013-08-26,47980.7197069,-0.000426786426109,-0.00108564568321,29.4057454885,2.24115317178,0.000612200514024,4.66587430783e-05,14702.8727442,0.306100257012,0.234016588233,0.234016588233,0.468033176465,-3.46944695195e-17,0,0.08,47980.7197069
2013-08-27,47958.0867219,0.000207633592082,-0.000471709995377,31.9801457983,0.615248456261,0.000666520760707,1.28228267525e-05,15990.0728992,0.333260380353,0.261571656388,0.261571656388,0.523143312777,-1.73472347598e-16,-1.66533453694e-16,0.08,47958.0867219
2013-08-28,47949.0881903,0.000346540648687,-0.000187633248709,24.930589538,0.687368557866,0.000519841203895,1.43326935007e-05,12465.294769,0.259920601947,0.263505009167,0.263505009167,0.527010018334,1.2490009027e-16,2.77555756156e-17,0.08,47949.0881903
2013-08-29,47947.0292303,0.000706329988847,-4.29405454346e-05,35.2345197528,0.69231917387,0.000734831903642,1.44386306393e-05,17617.2598764,0.367415951821,0.250755871946,0.250755871946,0.501511743892,9.71445146547e-17,4.16333634234e-17,0.08,47947.0292303
2013-08-30,47927.5641008,-2.47036155824e-05,-0.000405971543415,17.6218700079,0.658794472431,0.000367527880054,1.37400477779e-05,8810.93500395,0.183763940027,0.207380664367,0.207380664367,0.414761328735,3.05311331772e-16,2.77555756156e-16,0.08,47927.5641008
2013-09-03,47963.2916024,0.00128115856317,0.000745447890692,23.4968418227,2.178465772,0.000490257376179,4.54532962997e-05,11748.4209114,0.24512868809,0.267909596133,0.267909596133,0.535819192266,6.10622663544e-16,5.55111512313e-16,0.08,47963.2916024
2013-09-04,47935.8869484,5.3686025873e-05,-0.000571367248555,29.2755124091,0.704100059309,0.000610373296558,1.46799778703e-05,14637.7562045,0.305186648279,0.245795304646,0.245795304646,0.491590609292,9.71445146547e-17,8.32667268469e-17,0.08,47935.8869484
2013-09-05,47796.3443023,-0.00163893920884,-0.00291102668584,60.3330296539,0.645611832107,0.00125861924113,1.3468235871e-05,30166.514827,0.629309620565,0.306658869469,0.306658869469,0.613317738937,-1.38777878078e-16,-1.38777878078e-16,0.08,47796.3443023
2013-09-06,47638.950045,-0.0018544957888,-0.00329301873562,67.9530052912,0.803132762108,0.0014217197211,1.68032257243e-05,33976.5026456,0.710859860552,0.197598257647,0.197598257647,0.395196515293,-5.89805981832e-17,-1.21430643318e-17,0.08,47638.950045
2013-09-09,47619.852027,0.000391125036867,-0.000400890825142,36.183400218,1.54740386712,0.000759533956643,3.24819053666e-05,18091.700109,0.379766978321,0.332082565016,0.332082565016,0.664165130031,-9.36750677027e-17,-5.55111512313e-17,0.08,47619.852027
2013-09-10,47657.4654679,0.00129629617994,0.000789868914699,23.2494860846,0.866505348317,0.000488230960303,1.81963049324e-05,11624.7430423,0.244115480152,0.344676222378,0.344676222378,0.689352444757,-1.80411241502e-16,-8.32667268469e-17,0.08,47657.4654679
2013-09-11,47671.3203025,0.00101214602862,0.000290716984589,33.4814033061,0.90007644743,0.000702542675684,1.88863683495e-05,16740.7016531,0.351271337842,0.245548056621,0.245548056621,0.491096113243,-3.0184188482e-16,-3.08780778724e-16,0.08,47671.3203025
2013-09-12,47697.0082732,0.00125608440952,0.000538855868052,33.5498287878,0.641402742842,0.000703773853438,1.34546880341e-05,16774.9143939,0.351886926719,0.173886149148,0.173886149148,0.347772298296,-9.02056207508e-17,-9.02056207508e-17,0.08,47697.0082732
2013-09-13,47663.7241361,0.000217077309446,-0.0006978244188,43.1836178167,0.454457484631,0.000905373720074,9.5280081725e-06,21591.8089083,0.452686860037,0.318616415312,0.318616415312,0.637232830625,-4.02455846427e-16,-4.16333634234e-16,0.08,47663.7241361
2013-09-16,47580.3153706,-0.00106060779121,-0.00174994226893,30.3598464782,2.49640190543,0.000636959176573,5.23753011473e-05,15179.9232391,0.318479588287,0.294525665785,0.294525665785,0.58905133157,-1.52655665886e-16,-1.80411241502e-16,0.08,47580.3153706
2013-09-17,47572.9348399,0.000523819972477,-0.000155117312654,31.5361803317,0.767869811659,0.000662798892485,1.61383926458e-05,15768.0901659,0.331399446243,0.29380721238,0.29380721238,0.587614424759,-1.5959455979e-16,-1.31838984174e-16,0.08,47572.9348399
2013-09-18,47579.1525483,0.00101416757936,0.000130698441426,41.2633418485,0.765877883289,0.000867370112595,1.60990253359e-05,20631.6709243,0.433685056297,0.285101763731,0.285101763731,0.570203527462,2.77555756156e-17,1.38777878078e-17,0.08,47579.1525483
2013-09-19,47588.8428379,0.00117520019398,0.000203666711573,45.4814575567,0.743282208677,0.000955911467958,1.5622014451e-05,22740.7287783,0.477955733979,0.258684373784,0.258684373784,0.517368747568,-6.93889390391e-18,-1.38777878078e-17,0.08,47588.8428379
2013-09-20,47510.4672638,-0.000891240193917,-0.00164693170519,35.2879371661,0.674547397733,0.000741517025037,1.41744862347e-05,17643.968583,0.370758512518,0.233928970429,0.233928970429,0.467857940859,-1.11022302463e-16,-9.71445146547e-17,0.08,47510.4672638
2013-09-23,47618.277705,0.00310844269542,0.00226919345184,38.0461525312,1.82697118219,0.000800795166252,3.84540773308e-05,19023.0762656,0.400397583126,0.337266151554,0.337266151554,0.674532303108,-3.26128013484e-16,-2.98372437868e-16,0.08,47618.277705
2013-09-24,47677.9178681,0.00263995138933,0.00125246367603,65.1897734211,0.88000182275,0.00136900737622,1.84803370714e-05,32594.8867106,0.684503688111,0.350404423919,0.350404423919,0.700808847839,1.08246744901e-15,9.99200722163e-16,0.08,47677.9178681
2013-09-25,47750.790359,0.00237517044317,0.00152843274471,39.4552628627,0.915427580508,0.000827537456056,1.92002424065e-05,19727.6314313,0.413768728028,0.284003962633,0.284003962633,0.568007925266,8.32667268469e-17,1.11022302463e-16,0.08,47750.790359
2013-09-26,47690.6316748,-0.000129997696328,-0.00125984687958,53.208100326,0.743091160593,0.00111428732228,1.55618609662e-05,26604.050163,0.557143661141,0.361388032244,0.361388032244,0.722776064488,2.49800180541e-16,2.49800180541e-16,0.08,47690.6316748
2013-09-27,47561.7396986,-0.00187821014178,-0.00270266867241,38.374574223,0.944373892461,0.000804656446672,1.98020839586e-05,19187.2871115,0.402328223336,0.300768734624,0.300768734624,0.601537469249,6.24500451352e-17,2.77555756156e-17,0.08,47561.7396986
2013-09-30,47557.3503834,0.000632724378746,-9.22866817979e-05,32.131266639,2.35152070121,0.000675569624715,4.94414358286e-05,16065.6333195,0.337784812358,0.319565488634,0.319565488634,0.639130977267,3.60822483003e-16,2.91433543964e-16,0.08,47557.3503834
2013-10-01,47470.3758185,-0.00117304889822,-0.00182883537913,30.3547174268,0.832750022652,0.000638276043178,1.75104377333e-05,15177.3587134,0.319138021589,0.356135702104,0.356135702104,0.712271404207,-1.73472347598e-16,-1.28369537222e-16,0.08,47470.3758185
2013-10-02,47364.2836414,-0.00152744487703,-0.00223491336043,32.6574443415,0.926350445,0.000687954198348,1.95142850468e-05,16328.7221708,0.343977099174,0.324816003741,0.324816003741,0.649632007482,-2.49800180541e-16,-1.94289029309e-16,0.08,47364.2836414
2013-10-03,47216.4265873,-0.00249229026079,-0.00312169936234,28.9685151941,0.842996018217,0.00061161096436,1.77981371913e-05,14484.2575971,0.30580548218,0.333268086162,0.333268086162,0.666536172323,-8.32667268469e-17,-3.46944695195e-17,0.08,47216.4265873
2013-10-04,47132.34186,-0.00143378983948,-0.00178083631922,15.5240629552,0.862231678036,0.000328785214749,1.82612649952e-05,7762.0314776,0.164392607375,0.265957328733,0.265957328733,0.531914657467,-1.38777878078e-17,-1.38777878078e-17,0.08,47132.34186
2013-10-07,47148.5183352,0.000782622890078,0.000343213907427,18.6497949229,2.06057946379,0.000395689969708,4.37190129425e-05,9324.89746143,0.197844984854,0.223545362134,0.223545362134,0.447090724267,-1.45716771982e-16,-1.45716771982e-16,0.08,47148.5183352
2013-10-08,47211.808482,0.00170781320283,0.00134235706592,16.6531902974,0.577525074264,0.000353207075969,1.22490609388e-05,8326.59514872,0.176603537984,0.24981208187,0.24981208187,0.499624163739,-3.46944695195e-17,0,0.08,47211.808482
2013-10-09,47208.5180752,0.00057310591122,-6.96945725667e-05,29.7015223647,0.646250967984,0.000629112150534,1.36883332531e-05,14850.7611823,0.314556075267,0.228220969788,0.228220969788,0.456441939577,2.77555756156e-17,5.55111512313e-17,0.08,47208.5180752
2013-10-10,47068.3969873,-0.0022461289857,-0.00296813146373,33.4943123066,0.590354727528,0.000709497219407,1.25052586185e-05,16747.1561533,0.354748609704,0.203475326906,0.203475326906,0.406950653812,-2.42861286637e-17,-6.93889390391e-18,0.08,47068.3969873
2013-10-11,47047.3326207,0.00034189711687,-0.000447526746995,36.6321345848,0.524781230901,0.000778274530884,1.11493329812e-05,18316.0672924,0.389137265442,0.28182903986,0.28182903986,0.56365807972,-2.08166817117e-16,-1.11022302463e-16,0.08,47047.3326207
2013-10-14,46996.5233874,-0.000227097994771,-0.00107995991392,37.9452666777,2.17961171186,0.000806533857799,4.63280613468e-05,18972.6333389,0.403266928899,0.353367473254,0.353367473254,0.706734946508,-6.93889390391e-18,6.93889390391e-18,0.08,46996.5233874
2013-10-15,46900.8353738,-0.00126578683777,-0.00203606579166,35.290457928,0.909974943623,0.000750916352621,1.93626012742e-05,17645.228964,0.375458176311,0.258821288115,0.258821288115,0.517642576231,-1.14491749414e-16,-1.17961196366e-16,0.08,46900.8353738
2013-10-16,46862.1233508,-0.000270090506585,-0.000825401567855,25.3794055632,0.665147102748,0.000541129072881,1.41819883899e-05,12689.7027816,0.27056453644,0.212887877468,0.212887877468,0.425775754935,-6.93889390391e-17,-6.24500451352e-17,0.08,46862.1233508
2013-10-17,46807.9835332,-0.000604446843511,-0.00115530013741,25.267504159,0.546650847878,0.000539188204723,1.16650891763e-05,12633.7520795,0.269594102362,0.244769910174,0.244769910174,0.489539820348,-2.22044604925e-16,-1.52655665886e-16,0.08,46807.9835332
2013-10-18,46725.9470316,-0.000819723529262,-0.00175261772442,43.0391051157,0.627791009581,0.000919482145287,1.34120498726e-05,21519.5525578,0.459741072644,0.301810103217,0.301810103217,0.603620206434,-1.87350135405e-16,-1.52655665886e-16,0.08,46725.9470316
2013-10-21,46699.1620921,9.56583325066e-05,-0.000573234814719,28.9364691266,2.31819664053,0.000619280527519,4.96126197069e-05,14468.2345633,0.30964026376,0.318204528194,0.318204528194,0.636409056389,-4.30211422042e-16,-3.40005801291e-16,0.08,46699.1620921
2013-10-22,46682.4462981,0.000182220036771,-0.000357946335229,24.4110766975,0.814240265237,0.000522730507441,1.74358645586e-05,12205.5383487,0.261365253721,0.26928715335,0.26928715335,0.5385743067,-2.63677968348e-16,-1.87350135405e-16,0.08,46682.4462981
2013-10-23,46694.1375202,0.000763610809249,0.000250441504464,23.2671775221,0.688820990413,0.000498413844328,1.47554604575e-05,11633.588761,0.249206922164,0.297708395875,0.297708395875,0.59541679175,-3.1918911958e-16,-2.35922392733e-16,0.08,46694.1375202
2013-10-24,46747.3885221,0.00201877076588,0.00114042157669,40.2520462264,0.761711604269,0.000862036400372,1.63127888151e-05,20126.0231132,0.431018200186,0.371500804707,0.371500804707,0.743001609414,-9.02056207508e-17,-6.59194920871e-17,0.08,46747.3885221
2013-10-25,46676.3262742,-8.26679748391e-05,-0.00152013300011,66.2461364367,0.951599586517,0.00141710881679,2.03562084771e-05,33123.0682184,0.708554408396,0.420083188512,0.420083188512,0.840166377023,0,-8.67361737988e-19,0.08,46676.3262742
2013-10-28,46500.4430752,-0.00275644310064,-0.0037681457188,43.9993384889,3.22322300865,0.000942647847444,6.90547707143e-05,21999.6692445,0.471323923722,0.304280476574,0.304280476574,0.608560953148,2.77555756156e-17,3.12250225676e-17,0.08,46500.4430752
2013-10-29,46380.8408181,-0.00179513542248,-0.00257206704273,35.352367212,0.775297368757,0.000760258717425,1.6672902826e-05,17676.183606,0.380129358712,0.327765540312,0.327765540312,0.655531080624,2.22044604925e-16,1.54390389362e-16,0.08,46380.8408181
2013-10-30,46424.4476897,0.00178869209125,0.000940191485171,38.5211829775,0.832988567171,0.000830540850448,1.79597556335e-05,19260.5914888,0.415270425224,0.38520183765,0.38520183765,0.7704036753,1.52655665886e-16,8.32667268469e-17,0.08,46424.4476897
2013-10-31,46279.9842803,-0.00208789414248,-0.00311179597245,46.5541984483,0.979878496545,0.00100279487996,2.11069500082e-05,23277.0992241,0.501397439981,0.237177300154,0.237177300154,0.474354600307,8.32667268469e-17,4.85722573274e-17,0.08,46279.9842803
2013-11-01,46272.4783953,0.000650932714056,-0.000162184260548,37.0295853659,0.601455436863,0.000800120958157,1.29960164468e-05,18514.7926829,0.400060479079,0.313272616954,0.313272616954,0.626545233908,2.91433543964e-16,2.22044604925e-16,0.08,46272.4783953
2013-11-04,46182.8729376,-0.000992442954906,-0.00193647413671,41.2997747275,2.38288773696,0.000892534313262,5.14968685404e-05,20649.8873637,0.446267156631,0.282085175111,0.282085175111,0.564170350222,1.17961196366e-16,7.5460471205e-17,0.08,46182.8729376
2013-11-05,46136.6315547,-0.000318449794309,-0.00100126691948,30.8206207068,0.713835824644,0.000667360403248,1.54567219239e-05,15410.3103534,0.333680201624,0.195703386445,0.195703386445,0.391406772891,-2.42861286637e-17,-2.08166817117e-17,0.08,46136.6315547
2013-11-06,46113.6751546,-8.71566254315e-05,-0.000497574255365,18.4405420424,0.494744933394,0.000399694156704,1.07234732299e-05,9220.27102122,0.199847078352,0.188737119348,0.188737119348,0.377474238697,2.08166817117e-17,8.67361737988e-19,0.08,46113.6751546
2013-11-07,46101.085066,0.000288702932629,-0.000273022885048,25.4263453228,0.476896559521,0.000551384057712,1.03417599643e-05,12713.1726614,0.275692028856,0.205728387283,0.205728387283,0.411456774566,2.91433543964e-16,2.32452945781e-16,0.08,46101.085066
2013-11-08,46138.9409662,0.00123469670676,0.000821149873874,18.5452699471,0.51968777439,0.000402274044538,1.12727883443e-05,9272.63497355,0.201137022269,0.180105647177,0.180105647177,0.360211294354,6.93889390391e-17,-6.93889390391e-18,0.08,46138.9409662
2013-11-11,46101.5548165,-0.000257266185448,-0.00081029492467,24.150152052,1.36600829963,0.000523422331467,2.96064077551e-05,12075.076026,0.261711165734,0.201094829794,0.201094829794,0.402189659588,-6.93889390391e-18,-4.94396190653e-17,0.08,46101.5548165
2013-11-12,46072.1550254,0.000354269095977,-0.000637717995043,45.224159072,0.507988181866,0.000980968196236,1.10188947832e-05,22612.079536,0.490484098118,0.38064939613,0.38064939613,0.761298792261,2.49800180541e-16,1.66533453694e-16,0.08,46072.1550254
2013-11-13,46121.2961265,0.00211826012641,0.00106661173382,47.4907577488,0.960950026786,0.00103079089143,2.08575011578e-05,23745.3788744,0.515395445716,0.34826599514,0.34826599514,0.696531990279,3.12250225676e-16,2.28983498829e-16,0.08,46121.2961265
2013-11-14,46058.3987969,-9.37525002685e-05,-0.00136373725138,57.6932069416,0.880135840692,0.00125090168289,1.90830682268e-05,28846.6034708,0.625450841443,0.29254393112,0.29254393112,0.585087862239,1.38777878078e-17,-6.93889390391e-18,0.08,46058.3987969
2013-11-15,45960.1295183,-0.00149367253385,-0.00213358000189,28.7348062305,0.738307125761,0.000623877663599,1.60298044449e-05,14367.4031153,0.3119388318,0.255071726236,0.255071726236,0.510143452471,-1.80411241502e-16,-1.11022302463e-16,0.08,45960.1295183
2013-11-18,45922.510677,-0.000103587445618,-0.000818510342474,30.9308591421,1.92708979303,0.000672993298023,4.19295988333e-05,15465.4295711,0.336496649012,0.284495597752,0.284495597752,0.568991195504,4.51028103754e-17,4.51028103754e-17,0.08,45922.510677
2013-11-19,45815.0193659,-0.0017676658814,-0.00234071067678,25.5997789056,0.715876828785,0.000557455995506,1.55887998768e-05,12799.8894528,0.278727997753,0.274388635537,0.274388635537,0.548777271073,-2.77555756156e-17,-2.77555756156e-17,0.08,45815.0193659
2013-11-20,45801.4177029,0.000383077913473,-0.000296882185114,30.463556556,0.688828528816,0.000664925104859,1.5034993728e-05,15231.778278,0.33246255243,0.300776364456,0.300776364456,0.601552728913,-4.16333634234e-17,-4.16333634234e-17,0.08,45801.4177029
2013-11-21,45769.579055,-7.37725215587e-05,-0.000695145467031,27.7049133917,0.754848433075,0.000604892048789,1.64808966825e-05,13852.4566959,0.302446024395,0.291032667038,0.291032667038,0.582065334076,-2.77555756156e-17,0,0.08,45769.579055
2013-11-22,45802.9505361,0.00121722077931,0.00072911925018,21.6103142553,0.729887269128,0.000472154533677,1.59469954541e-05,10805.1571276,0.236077266838,0.24471063131,0.24471063131,0.489421262619,-1.11022302463e-16,-6.93889390391e-17,0.08,45802.9505361
2013-11-25,45557.2046717,-0.00447743052459,-0.00536528458483,38.8238475591,1.84248804518,0.000847627655089,4.02264051468e-05,19411.9237795,0.423813827544,0.380047926206,0.380047926206,0.760095852413,-2.77555756156e-16,-1.94289029309e-16,0.08,45557.2046717
2013-11-26,45551.7911297,0.000413740831276,-0.000118829547237,23.3137097273,0.948708008725,0.000511745834611,2.08245439017e-05,11656.8548636,0.255872917305,0.32045709478,0.32045709478,0.64091418956,-2.49800180541e-16,-1.52655665886e-16,0.08,45551.7911297
2013-11-27,45503.2240698,-0.000304876964778,-0.00106619429512,33.8795107744,0.799857240955,0.000743758037481,1.75592928647e-05,16939.7553872,0.371879018741,0.336552866199,0.336552866199,0.673105732399,-1.11022302463e-16,-9.02056207508e-17,0.08,45503.2240698
2013-11-29,45479.8405378,5.17670084881e-05,-0.000513887368238,24.0608249207,1.67827292954,0.000528771870841,3.68825058849e-05,12030.4124604,0.26438593542,0.290156568017,0.290156568017,0.580313136035,-1.66533453694e-16,-1.3791051634e-16,0.08,45479.8405378
2013-12-02,45364.3352774,-0.0017960933863,-0.00253970240499,31.6499689989,2.1692505936,0.000695912048606,4.7696970085e-05,15824.9844995,0.347956024303,0.313205107526,0.313205107526,0.626410215052,-6.93889390391e-17,-3.46944695195e-17,0.08,45364.3352774
2013-12-03,45397.6185173,0.00136761844853,0.000733687370813,27.9793226914,0.778539260734,0.000616769154013,1.71619237001e-05,13989.6613457,0.308384577007,0.320107487108,0.320107487108,0.640214974216,-2.77555756156e-17,-1.38777878078e-17,0.08,45397.6185173
2013-12-04,45292.7159219,-0.00117998318311,-0.00231075106549,50.5378885403,0.796280415576,0.0011132277461,1.75401362799e-05,25268.9442701,0.55661387305,0.345714249269,0.345714249269,0.691428498538,0,-3.46944695195e-17,0.08,45292.7159219
2013-12-05,45313.1510829,0.00164496444349,0.00045117985517,53.2117551466,0.857991083962,0.00117484134178,1.89432465353e-05,26605.8775733,0.587420670891,0.359181530509,0.359181530509,0.718363061018,-5.55111512313e-17,-3.46944695195e-17,0.08,45313.1510829
2013-12-06,45248.3829932,-0.000461235482323,-0.00142934420147,42.9762403839,0.891816271679,0.000948427539397,1.96811797539e-05,21488.1201919,0.474213769699,0.302080332708,0.302080332708,0.604160665416,9.71445146547e-17,2.77555756156e-17,0.08,45248.3829932
2013-12-09,45156.4665415,-0.00118339994865,-0.00203137539045,36.1226167504,2.24690080916,0.000798318400811,4.96570409931e-05,18061.3083752,0.399159200405,0.22129392334,0.22129392334,0.442587846681,1.4224732503e-16,1.07552855511e-16,0.08,45156.4665415
2013-12-10,45149.476858,0.000286349941393,-0.000154788096424,19.3726815301,0.547553514803,0.000429012343387,1.21256944296e-05,9686.34076503,0.214506171694,0.213596238711,0.213596238711,0.427192477423,5.20417042793e-17,3.72965547335e-17,0.08,45149.476858
2013-12-11,45101.5994201,-0.00033986621093,-0.00106042065619,32.0042311314,0.528425119817,0.00070885054177,1.1703903491e-05,16002.1155657,0.354425270885,0.241899385604,0.241899385604,0.483798771209,-4.16333634234e-17,-3.12250225676e-17,0.08,45101.5994201
2013-12-12,45077.3884552,0.000214426603379,-0.000536809453703,33.2841368019,0.597810914493,0.000737981296226,1.3254760855e-05,16642.068401,0.368990648113,0.278659246389,0.278659246389,0.557318492778,1.38777878078e-17,1.21430643318e-17,0.08,45077.3884552
2013-12-13,44991.5292866,-0.000583760597218,-0.00190470591774,58.8564787058,0.688286635403,0.00130567632072,1.52689998021e-05,29428.2393529,0.65283816036,0.437307734149,0.437307734149,0.874615468297,-1.17961196366e-16,-5.55111512313e-17,0.08,44991.5292866
2013-12-16,44859.4135917,-0.00215862699422,-0.00293645708386,31.7614950562,3.2342702019,0.000705943886767,7.18862028738e-05,15880.7475281,0.352971943384,0.359043654684,0.359043654684,0.718087309367,-4.4408920985e-16,-3.60822483003e-16,0.08,44859.4135917
2013-12-17,44869.7025667,0.000854872326543,0.000229360442397,27.1775490406,0.882547276873,0.000605838259232,1.96736249142e-05,13588.7745203,0.302919129616,0.359542731382,0.359542731382,0.719085462763,-2.49800180541e-16,-2.22044604925e-16,0.08,44869.7025667
2013-12-18,44842.5914309,0.000150920559508,-0.000604219200368,32.9989196867,0.883976735184,0.000735438788293,1.97009715826e-05,16499.4598434,0.367719394147,0.299903759571,0.299903759571,0.599807519142,-4.02455846427e-16,-3.33066907388e-16,0.08,44842.5914309
2013-12-19,44920.9272269,0.0026699916327,0.00174690608863,40.6566458942,0.736902014193,0.000906652461353,1.64330827162e-05,20328.3229471,0.453326230676,0.237845943646,0.237845943646,0.475691887292,-2.35922392733e-16,-1.94289029309e-16,0.08,44920.9272269
2013-12-20,44909.5768364,0.000812156268817,-0.000252674893147,47.2477642136,0.585438921957,0.00105179850752,1.30326544463e-05,23623.8821068,0.525899253759,0.355744246949,0.355744246949,0.711488493897,0,3.46944695195e-17,0.08,44909.5768364
2013-12-23,44782.2443406,-0.00202364563687,-0.00283530829712,33.8251816317,2.6262449741,0.000753184153903,5.84785063477e-05,16912.5908158,0.376592076952,0.311871920873,0.311871920873,0.623743841745,1.38777878078e-17,1.04083408559e-17,0.08,44782.2443406
2013-12-24,44724.6372229,-0.00059364871595,-0.00128638299637,30.2569177504,0.765278058273,0.000675645408039,1.70888723766e-05,15128.4588752,0.337822704019,0.251892756386,0.251892756386,0.503785512773,-8.32667268469e-17,-5.55111512313e-17,0.08,44724.6372229
2013-12-26,44710.3644082,0.000265806191974,-0.00031912645022,24.9262906715,1.23460955052,0.000557327956563,2.76046856314e-05,12463.1453357,0.278663978281,0.269725419215,0.269725419215,0.53945083843,-6.93889390391e-18,1.73472347598e-17,0.08,44710.3644082
2013-12-27,44632.3774702,-0.000881809898427,-0.00174426979225,37.9001004262,0.660795714151,0.000847680418799,1.47794750255e-05,18950.0502131,0.423840209399,0.242153655166,0.242153655166,0.484307310331,1.80411241502e-16,1.11022302463e-16,0.08,44632.3774702
2013-12-30,44595.2217838,2.32062394822e-05,-0.000832482795829,36.4147960195,1.77664000161,0.00081588295501,3.98060803012e-05,18207.3980097,0.407941477505,0.294682737815,0.294682737815,0.589365475629,-2.22044604925e-16,-1.90819582357e-16,0.08,44595.2217838
2013-12-31,44494.1612736,-0.00121782143601,-0.00226617350784,46.0314141342,0.720079016367,0.00103220507249,1.61469993323e-05,23015.7070671,0.516102536247,0.402471397273,0.402471397273,0.804942794545,-6.24500451352e-17,-1.31838984174e-16,0.08,44494.1612736
2014-01-02,44640.23401,0.00433275980937,0.0032829641504,44.747297655,1.96247969953,0.00100568920447,4.41064544956e-05,22373.6488275,0.502844602237,0.266161452712,0.266161452712,0.532322905424,3.33066907388e-16,2.60208521397e-16,0.08,44640.23401
2014-01-03,44672.3128607,0.00182272743734,0.00071860848142,48.6370869488,0.651041618274,0.00108953476673,1.45841891897e-05,24318.5434744,0.544767383365,0.281160696111,0.281160696111,0.562321392222,5.55111512313e-17,2.77555756156e-17,0.08,44672.3128607
2014-01-06,44640.8195089,0.000112883268264,-0.000704985925026,34.4714347425,2.06467373931,0.000771650996669,4.62181966209e-05,17235.7173713,0.385825498335,0.197706882733,0.197706882733,0.395413765466,-1.00613961607e-16,-8.32667268469e-17,0.08,44640.8195089
2014-01-07,44726.1114765,0.00232632743105,0.00191062728059,18.0735900571,0.483605329741,0.000404866896619,1.08332538484e-05,9036.79502855,0.202433448309,0.21153004513,0.21153004513,0.42306009026,-1.52655665886e-16,-1.04083408559e-16,0.08,44726.1114765
2014-01-08,44627.5681162,-0.00139152871468,-0.0022032624134,35.787285521,0.518406376938,0.000800143011311,1.15906874044e-05,17893.6427605,0.400071505655,0.260968564447,0.260968564447,0.521937128894,0,2.60208521397e-17,0.08,44627.5681162
2014-01-09,44601.0800611,-7.0346283271e-05,-0.000593535705375,22.7105130857,0.638158486906,0.000508889774737,1.42996473669e-05,11355.2565429,0.254444887369,0.233564618993,0.233564618993,0.467129237987,-1.66533453694e-16,-1.5959455979e-16,0.08,44601.0800611
2014-01-10,44650.160612,0.00157022679395,0.00110043413451,20.3824526585,0.570807357324,0.000456994598125,1.27980613147e-05,10191.2263292,0.228497299063,0.199958463836,0.199958463836,0.399916927673,-1.38777878078e-16,-1.2490009027e-16,0.08,44650.160612
2014-01-13,44581.6672652,-0.000938617338943,-0.00153400000867,25.1162862081,1.46764562072,0.000562512785259,3.28698844663e-05,12558.1431041,0.28125639263,0.208077511004,0.208077511004,0.416155022007,-1.2490009027e-16,-1.11022302463e-16,0.08,44581.6672652
2014-01-14,44564.2541492,0.000103686814289,-0.00039058916185,21.5273488939,0.508298211559,0.000482874468686,1.14015074523e-05,10763.6744469,0.241437234343,0.224730808756,0.224730808756,0.449461617511,-1.38777878078e-17,-1.73472347598e-17,0.08,44564.2541492
2014-01-15,44524.7225053,-4.20990878459e-05,-0.000887070695794,37.1067645059,0.548764979536,0.00083265759103,1.23140169181e-05,18553.382253,0.416328795515,0.323744115904,0.323744115904,0.647488231807,-1.66533453694e-16,-1.04083408559e-16,0.08,44524.7225053
2014-01-16,44424.092043,-0.00162606224811,-0.00226010307439,27.4406498241,0.789842023196,0.000616301422673,1.77394036112e-05,13720.3249121,0.308150711337,0.413674435111,0.413674435111,0.827348870222,-1.38777878078e-17,-1.04083408559e-17,0.08,44424.092043
2014-01-17,44328.6849452,-0.00119502505117,-0.0021476431702,41.3122300058,1.00696499623,0.000929951026703,2.26670923349e-05,20656.1150029,0.464975513352,0.403739436379,0.403739436379,0.807478872758,-1.38777878078e-17,-2.08166817117e-17,0.08,44328.6849452
2014-01-21,44211.3523477,-0.0016225064902,-0.00264687746934,41.4863360398,3.92268236168,0.000935880143774,8.84908353707e-05,20743.1680199,0.467940071887,0.466832215195,0.466832215195,0.93366443039,-2.77555756156e-17,1.38777878078e-17,0.08,44211.3523477
2014-01-22,44202.5056913,0.000892231011187,-0.000200099204544,47.1624764011,1.13091964675,0.00106675036832,2.55798474079e-05,23581.2382005,0.533375184162,0.337332245043,0.337332245043,0.674664490086,-2.28983498829e-16,-1.4224732503e-16,0.08,44202.5056913
2014-01-23,44144.6519305,-0.000601470200181,-0.00130883441854,30.4502336012,0.81703728665,0.000688880259728,1.84839586325e-05,15225.1168006,0.344440129864,0.229212875613,0.229212875613,0.458425751227,-1.11022302463e-16,-1.28369537222e-16,0.08,44144.6519305
2014-01-24,44206.0851025,0.00223401014419,0.00139163340021,36.631988562,0.554439595175,0.000829817134353,1.25596096227e-05,18315.994281,0.414908567176,0.354340987547,0.354340987547,0.708681975094,1.11022302463e-16,5.55111512313e-17,0.08,44206.0851025
2014-01-27,44117.5458921,-0.000954941716726,-0.002002873818,43.7500669628,2.57490868781,0.000989684267706,5.82478335693e-05,21875.0334814,0.494842133853,0.329629811431,0.329629811431,0.659259622863,4.16333634234e-17,8.32667268469e-17,0.08,44117.5458921
2014-01-28,44119.5962397,0.000639284974784,4.6474651624e-05,25.3564896054,0.796847031957,0.000574748415685,1.80619074757e-05,12678.2448027,0.287374207842,0.268462954163,0.268462954163,0.536925908326,1.2490009027e-16,8.32667268469e-17,0.08,44119.5962397
2014-01-29,44135.9259228,0.00110269969141,0.000370123130884,31.6719696189,0.649012446191,0.000717866261669,1.47102988582e-05,15835.9848095,0.358933130834,0.25291810155,0.25291810155,0.505836203099,1.2490009027e-16,9.71445146547e-17,0.08,44135.9259228
2014-01-30,44071.4514132,-0.000933274011408,-0.00146081696925,22.6719380265,0.611658881891,0.000513684431729,1.38585261123e-05,11335.9690132,0.256842215864,0.202977086459,0.202977086459,0.405954172917,8.32667268469e-17,3.46944695195e-17,0.08,44071.4514132
2014-01-31,43995.072179,-0.00111887371602,-0.00173307735084,26.578681551,0.490164098842,0.000603081602687,1.11220321347e-05,13289.3407755,0.301540801344,0.28582126155,0.28582126155,0.5716425231,6.93889390391e-18,1.38777878078e-17,0.08,43995.072179
2014-02-03,43955.0986202,2.83686158933e-05,-0.000908591731039,39.1545596759,2.06707841625,0.000889976029965,4.69843169671e-05,19577.2798379,0.444988014983,0.467514727264,0.467514727264,0.935029454527,-4.16333634234e-17,0,0.08,43955.0986202
2014-02-04,43865.8528516,-0.000913405343584,-0.00203038490048,47.9709380351,1.12600854484,0.00109136231156,2.56172453295e-05,23985.4690176,0.545681155782,0.26450464094,0.26450464094,0.529009281879,-2.08166817117e-17,-1.38777878078e-17,0.08,43865.8528516
2014-02-05,43942.0898414,0.00213961241634,0.00173795754175,16.9831680556,0.635765570303,0.000387161469608,1.4493404983e-05,8491.58402782,0.193580734804,0.27552768426,0.27552768426,0.55105536852,-8.32667268469e-17,-6.93889390391e-17,0.08,43942.0898414
2014-02-06,43876.9354006,-0.000631003977026,-0.00148273423146,36.7633957307,0.663411630442,0.00083663284708,1.50974073567e-05,18381.6978653,0.41831642354,0.329582595149,0.329582595149,0.659165190297,-2.77555756156e-17,-1.38777878078e-17,0.08,43876.9354006
2014-02-07,43794.2162253,-0.000780802247814,-0.00188525416746,47.6675779019,0.792387629398,0.00108639259936,1.80593202821e-05,23833.788951,0.543196299681,0.374564740238,0.374564740238,0.749129480475,1.38777878078e-17,-4.33680868994e-19,0.08,43794.2162253
2014-02-10,43686.2399248,-0.00143929517515,-0.00246553791373,42.2469863835,2.69651000948,0.000964670452514,6.15722860665e-05,21123.4931918,0.482335226257,0.408771638649,0.408771638649,0.817543277299,2.77555756156e-17,4.16333634234e-17,0.08,43686.2399248
2014-02-11,43698.3826082,0.00123464241517,0.000277952130311,40.8156974341,0.978503883862,0.000934291838903,2.23984459534e-05,20407.848717,0.467145919451,0.254947122563,0.254947122563,0.509894245126,-6.93889390391e-17,-4.16333634234e-17,0.08,43698.3826082
2014-02-12,43701.1134404,0.000680547827119,6.24927503237e-05,26.3975536897,0.61045352913,0.00060408537145,1.39697053459e-05,13198.7768448,0.302042685725,0.147755192923,0.147755192923,0.295510385845,6.93889390391e-18,0,0.08,43701.1134404
2014-02-13,43697.4372615,0.000285955484268,-8.41209426545e-05,15.8189400544,0.353811860126,0.000361980251968,8.09617495466e-06,7909.4700272,0.180990125984,0.19183719028,0.19183719028,0.38367438056,-6.93889390391e-17,-5.55111512313e-17,0.08,43697.4372615
2014-02-14,43743.8898275,0.00152647103137,0.00106305012133,19.7909749865,0.459331155435,0.000452909283172,1.05116268647e-05,9895.48749327,0.226454641586,0.23952495166,0.23952495166,0.47904990332,1.38777878078e-17,-1.38777878078e-17,0.08,43743.8898275
2014-02-18,43721.0456022,0.000278812357148,-0.000522226655099,32.7440684699,2.29649382934,0.000748540392706,5.24986195419e-05,16372.034235,0.374270196353,0.256661240752,0.256661240752,0.513322481505,5.55111512313e-17,5.55111512313e-17,0.08,43721.0456022
2014-02-19,43678.9592615,-2.23936182717e-05,-0.000962610571135,40.4923916797,0.614876592397,0.000926153323233,1.40636296303e-05,20246.1958399,0.463076661617,0.312499076443,0.312499076443,0.624998152885,2.77555756156e-17,1.38777878078e-17,0.08,43678.9592615
2014-02-20,43709.439441,0.00150517510208,0.000697822933673,34.5163772996,0.747925174203,0.000790228931346,1.71232370654e-05,17258.1886498,0.395114465673,0.242752761215,0.242752761215,0.485505522429,1.38777878078e-16,9.02056207508e-17,0.08,43709.439441
2014-02-21,43693.6865333,0.000164828557151,-0.000360400588529,22.376069502,0.581402033723,0.000511927624518,1.33015211624e-05,11188.034751,0.255963812259,0.249843259699,0.249843259699,0.499686519398,0,-1.04083408559e-17,0.08,43693.6865333
2014-02-24,43631.9211621,-0.000732804477725,-0.00141359944866,27.951936891,1.79450516248,0.000639724846052,4.1070124882e-05,13975.9684455,0.319862423026,0.283604046143,0.283604046143,0.567208092285,2.56739074445e-16,2.01227923213e-16,0.08,43631.9211621
2014-02-25,43604.3371501,0.000202627479549,-0.000632197971357,35.7470004837,0.678037774386,0.000819285503172,1.55399477338e-05,17873.5002418,0.409642751586,0.314427136029,0.314427136029,0.628854272058,-5.55111512313e-17,-4.16333634234e-17,0.08,43604.3371501
2014-02-26,43629.9830269,0.00150203878275,0.000588149677543,39.0982745872,0.751254073893,0.000896660221038,1.7228884166e-05,19549.1372936,0.448330110519,0.229785996848,0.229785996848,0.459571993697,0,0,0.08,43629.9830269
2014-02-27,43591.5591323,-0.000227387083585,-0.000880676360125,27.9536543407,0.549345706428,0.000640698263014,1.25910135259e-05,13976.8271703,0.320349131507,0.223584654782,0.223584654782,0.447169309565,1.38777878078e-16,9.71445146547e-17,0.08,43591.5591323
2014-02-28,43494.0951343,-0.00162746014611,-0.00223584565169,25.9864232237,0.534049517809,0.000596134291616,1.22512139607e-05,12993.2116119,0.298067145808,0.30639756324,0.30639756324,0.61279512648,1.66533453694e-16,1.38777878078e-16,0.08,43494.0951343
2014-03-03,43439.3385959,-0.000737990994791,-0.00125894189154,20.4676328339,2.19065502978,0.000470584174029,5.03667227244e-05,10233.816417,0.235292087014,0.306751445138,0.306751445138,0.613502890277,1.94289029309e-16,1.52655665886e-16,0.08,43439.3385959
2014-03-04,43516.6397511,0.00239319315259,0.00177951961555,25.9274311988,0.730141363844,0.000596865238672,1.68082983637e-05,12963.7155994,0.298432619336,0.216556126491,0.216556126491,0.433112252981,8.32667268469e-17,4.16333634234e-17,0.08,43516.6397511
2014-03-05,43510.3039195,0.00067710620349,-0.000145595607377,35.2848460004,0.516372325609,0.000810835721744,1.18660891228e-05,17642.4230002,0.405417860872,0.260061562706,0.260061562706,0.520123125412,-1.31838984174e-16,-6.93889390391e-17,0.08,43510.3039195
2014-03-06,43488.0572728,0.000663637077483,-0.000511296052567,50.5016779773,0.620019596225,0.00116068318141,1.42499486414e-05,25250.8389887,0.580341590704,0.303279816993,0.303279816993,0.606559633986,2.77555756156e-17,6.93889390391e-17,0.08,43488.0572728
2014-03-07,43440.538076,-0.000266376754014,-0.00109269532287,35.212301574,0.722687674032,0.000809700496693,1.6618072164e-05,17606.150787,0.404850248346,0.285228284685,0.285228284685,0.57045656937,-1.11022302463e-16,-6.93889390391e-17,0.08,43440.538076
2014-03-10,43450.749073,0.000870462269682,0.000235056871654,25.5655627712,2.03678961554,0.00058851855671,4.68868413181e-05,12782.7813856,0.294259278355,0.244274556141,0.244274556141,0.488549112282,2.77555756156e-16,3.05311331772e-16,0.08,43450.749073
2014-03-11,43446.6875589,0.000210381561805,-9.34739721685e-05,12.6211663176,0.581584243496,0.000290470626788,1.33849071858e-05,6310.58315881,0.145235313394,0.214831446748,0.214831446748,0.429662893496,-2.49800180541e-16,-1.52655665886e-16,0.08,43446.6875589
2014-03-12,43381.4196796,-0.000960648028535,-0.00150225213901,23.0194681442,0.511436424367,0.000529832524354,1.17715861232e-05,11509.7340721,0.264916262177,0.243190477142,0.243190477142,0.486380954285,-8.32667268469e-17,-4.16333634234e-17,0.08,43381.4196796
2014-03-13,43304.1778675,-0.00115591198369,-0.00178052753162,26.5186298722,0.57807935074,0.000611290042329,1.33255055968e-05,13259.3149361,0.305645021165,0.226960465551,0.226960465551,0.453920931103,8.32667268469e-17,5.55111512313e-17,0.08,43304.1778675
2014-03-14,43303.8245174,0.000450840226834,-8.15972279911e-06,19.338076481,0.53853897913,0.00044656375974,1.24361898932e-05,9669.03824048,0.22328187987,0.262589928929,0.262589928929,0.525179857859,2.35922392733e-16,1.66533453694e-16,0.08,43303.8245174
2014-03-17,43246.3969892,-0.000370015732691,-0.00132615372458,39.5352019736,1.86922984149,0.000912972524118,4.31654677692e-05,19767.6009868,0.456486262059,0.352053395358,0.352053395358,0.704106790717,2.77555756156e-16,1.80411241502e-16,0.08,43246.3969892
2014-03-18,43223.1621956,0.000247007562826,-0.000537265420164,33.082731954,0.834248816278,0.000764982385984,1.92905970059e-05,16541.365977,0.382491192992,0.340901649579,0.340901649579,0.681803299159,4.16333634234e-16,2.77555756156e-16,0.08,43223.1621956
2014-03-19,43221.8266161,0.000936833286259,-3.08996237827e-05,41.02108764,0.80738889274,0.000949053367599,1.86795424427e-05,20510.54382,0.474526683799,0.289954114341,0.289954114341,0.579908228682,2.77555756156e-17,-2.77555756156e-17,0.08,43221.8266161
2014-03-20,43089.0542338,-0.00208776237346,-0.00307188272079,41.8487751064,0.686703915435,0.000968232450656,1.58878966762e-05,20924.3875532,0.484116225328,0.314902688177,0.314902688177,0.629805376354,8.67361737988e-17,9.71445146547e-17,0.08,43089.0542338
2014-03-21,43054.4450619,0.000319855759105,-0.000803201010827,47.6479549434,0.743499123794,0.00110580182811,1.72549418179e-05,23823.9774717,0.552900914057,0.351823641333,0.351823641333,0.703647282666,-3.46944695195e-17,-5.55111512313e-17,0.08,43054.4450619
2014-03-24,42945.2946008,-0.00122366142997,-0.00253517287087,53.9763855044,2.49001177598,0.00125367741767,5.78340232328e-05,26988.1927522,0.626838708836,0.431148575531,0.431148575531,0.862297151062,-5.20417042793e-16,-4.4408920985e-16,0.08,42945.2946008
2014-03-25,42802.9620342,-0.0024526724221,-0.0033142761723,35.987262356,1.01456452564,0.000837979170722,2.36245794811e-05,17993.631178,0.418989585361,0.387413860636,0.387413860636,0.774827721271,0,5.55111512313e-17,0.08,42802.9620342
2014-03-26,42908.9492424,0.00318654575226,0.00247616527387,29.4977606588,0.908627987304,0.000689152321638,2.12281567472e-05,14748.8803294,0.344576160819,0.326581763547,0.326581763547,0.653163527095,-6.24500451352e-17,-5.55111512313e-17,0.08,42908.9492424
2014-03-27,42920.931516,0.000924281832302,0.00027924882402,26.9098376358,0.767850976194,0.000627138117129,1.78948911533e-05,13454.9188179,0.313569058564,0.24719371016,0.24719371016,0.494387420321,-3.46944695195e-17,-2.77555756156e-17,0.08,42920.931516
2014-03-28,42861.8210843,-0.000735416416937,-0.00137719358861,26.9643159897,0.581358044108,0.000628232310839,1.35448608307e-05,13482.1579948,0.31411615542,0.269058345328,0.269058345328,0.538116690655,2.77555756156e-17,0,0.08,42861.8210843
2014-03-31,42826.8276657,1.96064538931e-05,-0.000816423982005,33.9380613768,1.89572558773,0.000791801666803,4.42287690949e-05,16969.0306884,0.395900833401,0.302137996406,0.302137996406,0.604275992812,-2.77555756156e-17,0,0.08,42826.8276657
2014-04-01,42825.8058664,0.000536388606976,-2.38588590066e-05,23.2846018455,0.709019830319,0.000543691959331,1.65555066524e-05,11642.3009227,0.271845979665,0.305443476556,0.305443476556,0.610886953112,-4.16333634234e-17,-1.38777878078e-17,0.08,42825.8058664
2014-04-02,42813.5491717,0.000542720871528,-0.000286198811947,34.7823938253,0.716759618091,0.000812183054622,1.67366288524e-05,17391.1969126,0.406091527311,0.234740969465,0.234740969465,0.469481938929,-9.71445146547e-17,-5.20417042793e-17,0.08,42813.5491717
2014-04-03,42829.0438053,0.00133799218903,0.000361909580663,41.2388706646,0.550690084317,0.000963220089492,1.28625188748e-05,20619.4353323,0.481610044746,0.401298357435,0.401298357435,0.80259671487,-5.55111512313e-17,-2.77555756156e-17,0.08,42829.0438053
2014-04-04,42736.0584271,-0.00102765815462,-0.00217108228238,48.0299963061,0.941765749565,0.00112143517666,2.19889510923e-05,24014.998153,0.560717588331,0.18208156598,0.18208156598,0.36416313196,2.77555756156e-17,0,0.08,42736.0584271
2014-04-07,42784.9924764,0.00177628810159,0.00114502954002,25.6983605604,1.27914220968,0.00060132734525,2.99312163255e-05,12849.1802802,0.300663672625,0.265171761482,0.265171761482,0.530343522964,0,-1.38777878078e-17,0.08,42784.9924764
2014-04-08,42734.4775616,0.000703609935009,-0.00118066901371,79.997196435,0.621664209313,0.00186974898918,1.45299595333e-05,39998.5982175,0.934874494591,0.399492370486,0.399492370486,0.798984740972,6.66133814775e-16,5.48172618409e-16,0.08,42734.4775616
2014-04-09,42755.5906722,0.00158671041268,0.000494053322155,45.7586725069,0.93545741055,0.00107076709762,2.18899929033e-05,22879.3362535,0.53538354881,0.285686439477,0.285686439477,0.571372878955,4.85722573274e-16,3.88578058619e-16,0.08,42755.5906722
2014-04-10,42745.2556471,0.000304965802389,-0.000241723360764,22.7047198673,0.669298217364,0.000531035111675,1.56540514782e-05,11352.3599337,0.265517555837,0.23680689,0.23680689,0.47361378,2.28983498829e-16,1.45716771982e-16,0.08,42745.2556471
2014-04-11,42635.4729588,-0.00188594510454,-0.00256830112818,28.6128322045,0.554650468605,0.000669380303647,1.297572e-05,14306.4161023,0.334690151824,0.291023928187,0.291023928187,0.582047856375,3.74700270811e-16,2.63677968348e-16,0.08,42635.4729588
2014-04-14,42549.977749,-0.000933070660643,-0.00200526003041,43.6736390477,2.03966183352,0.00102434981992,4.7839549839e-05,21836.8195238,0.512174909962,0.463845232869,0.463845232869,0.927690465739,6.10622663544e-16,4.68375338514e-16,0.08,42549.977749
2014-04-15,42334.0756469,-0.00366528252368,-0.00507408260776,58.8629544585,1.08145777192,0.00138338390694,2.54161771435e-05,29431.4772293,0.691691953469,0.318030922235,0.318030922235,0.63606184447,3.88578058619e-16,2.91433543964e-16,0.08,42334.0756469
2014-04-16,42270.4663522,-0.00063912569785,-0.00150255541795,35.8147705869,0.737728499724,0.000846003368198,1.74263519033e-05,17907.3852934,0.423001684099,0.326138728548,0.326138728548,0.652277457095,2.60208521397e-16,2.32452945781e-16,0.08,42270.4663522
2014-04-17,42212.2324224,-0.000614763961839,-0.00137765051569,31.4921711641,0.755399241163,0.000745015938591,1.78706152629e-05,15746.085582,0.372507969295,0.288623521902,0.288623521902,0.577247043805,1.66533453694e-16,1.14491749414e-16,0.08,42212.2324224
2014-04-21,42170.5875798,-7.62635362499e-05,-0.000986558641112,35.7552448267,2.67034371268,0.000847035154856,6.3259950006e-05,17877.6224134,0.423517577428,0.264281335527,0.264281335527,0.528562671053,3.46944695195e-17,2.08166817117e-17,0.08,42170.5875798
2014-04-22,42224.5315555,0.00195695560026,0.00127918482434,27.9713124562,0.610679408522,0.000663289606844,1.448116907e-05,13985.6562281,0.331644803422,0.231808851019,0.231808851019,0.463617702037,-4.16333634234e-17,-3.29597460436e-17,0.08,42224.5315555
2014-04-23,42184.3736674,-0.000410181005687,-0.000951055856725,22.3018573442,0.536329870941,0.000528172996187,1.27018548503e-05,11150.9286721,0.264086498094,0.250498754828,0.250498754828,0.500997509655,-1.1622647289e-16,-7.4593109467e-17,0.08,42184.3736674
2014-04-24,42173.2300667,0.000507564556474,-0.000264164184596,31.9758725926,0.579020990514,0.000758002781901,1.37259591686e-05,15987.9362963,0.37900139095,0.231944529568,0.231944529568,0.463889059136,-5.55111512313e-17,-5.55111512313e-17,0.08,42173.2300667
2014-04-25,42123.7287124,-0.000369710966822,-0.00117376246272,33.3734569407,0.53599178127,0.000791342206605,1.27092892914e-05,16686.7284703,0.395671103303,0.360855604167,0.360855604167,0.721711208335,1.94289029309e-16,1.66533453694e-16,0.08,42123.7287124
2014-04-28,42105.7161367,0.00110645934386,-0.000427611140822,62.1220428552,2.498726067,0.00147475175523,5.93187294522e-05,31061.0214276,0.737375877613,0.321575455931,0.321575455931,0.643150911862,1.38777878078e-16,4.85722573274e-17,0.08,42105.7161367
2014-04-29,42093.3375929,0.0010775507566,-0.00029398725227,57.0076632303,0.74192684186,0.00135391743594,1.76205729277e-05,28503.8316152,0.676958717971,0.26597196826,0.26597196826,0.531943936521,2.56739074445e-16,2.08166817117e-16,0.08,42093.3375929
2014-04-30,42098.0047933,0.00117279261628,0.000110877415141,44.0860949003,0.613460156177,0.00104734139466,1.457380648e-05,22043.0474502,0.523670697329,0.308799278468,0.308799278468,0.617598556935,1.02695629778e-15,8.74300631892e-16,0.08,42098.0047933
2014-05-01,42076.7480514,0.000388461346034,-0.000504934663778,36.8978698593,0.712319644116,0.000876475501403,1.69205084092e-05,18448.9349297,0.438237750701,0.212108668287,0.212108668287,0.424217336574,5.55111512313e-17,0,0.08,42076.7480514
2014-05-02,42136.8585193,0.0020050617006,0.00142859110238,23.7669756276,0.489032492878,0.000564848205439,1.16223927828e-05,11883.4878138,0.282424102719,0.252106311982,0.252106311982,0.504212623965,2.8449465006e-16,2.08166817117e-16,0.08,42136.8585193
2014-05-05,42058.9518633,-0.00101087024871,-0.00184889568719,33.5655180221,1.74624131504,0.000796583305011,4.14421334765e-05,16782.7590111,0.398291652505,0.311714746271,0.311714746271,0.623429492543,2.22044604925e-16,1.66533453694e-16,0.08,42058.9518633
2014-05-06,41960.9958251,-0.00124937218727,-0.00232901757847,44.690375702,0.718377836084,0.00106256513113,1.70802600697e-05,22345.187851,0.531282565566,0.253131767558,0.253131767558,0.506263535116,-9.02056207508e-17,-2.77555756156e-17,0.08,41960.9958251
2014-05-07,41945.9821405,0.00026322091699,-0.000357800960383,25.4766875795,0.582008824203,0.000607151643534,1.38702338388e-05,12738.3437898,0.303575821767,0.263212086592,0.263212086592,0.526424173183,-9.71445146547e-17,-3.98986399475e-17,0.08,41945.9821405
2014-05-08,42040.9141521,0.00293231954738,0.00226319677594,27.4620425339,0.604969286758,0.000654700191353,1.44225800872e-05,13731.0212669,0.327350095677,0.286015309964,0.286015309964,0.572030619929,-4.85722573274e-17,-2.08166817117e-17,0.08,42040.9141521
2014-05-09,41981.2216691,-0.00061703206265,-0.00141986643715,33.0930227925,0.65886822424,0.000787162302723,1.56720717789e-05,16546.5113963,0.393581151362,0.341137206997,0.341137206997,0.682274413994,3.46944695195e-18,-2.08166817117e-17,0.08,41981.2216691
2014-05-12,41913.3405318,-0.000764910233924,-0.00161694049285,33.4150755456,2.35419562299,0.000795952909828,5.60773490954e-05,16707.5377728,0.397976454914,0.349643522535,0.349643522535,0.69928704507,1.17961196366e-16,7.8062556419e-17,0.08,41913.3405318
2014-05-13,41846.0096067,-0.000606345359437,-0.00160643184973,41.1139668329,0.802998795877,0.000980927941109,1.915854918e-05,20556.9834164,0.490463970554,0.313699080549,0.313699080549,0.627398161097,-1.38777878078e-17,-3.12250225676e-17,0.08,41846.0096067
2014-05-14,41901.1578046,0.00197281485228,0.00131788427317,26.6869406345,0.719290670588,0.000637741588395,1.7188990715e-05,13343.4703173,0.318870794197,0.321128015099,0.321128015099,0.642256030198,4.16333634234e-17,3.46944695195e-17,0.08,41901.1578046
2014-05-15,41860.1281324,0.000252128600439,-0.000979201396418,50.8568574045,0.737295103351,0.00121373394123,1.75960556219e-05,25428.4287022,0.606866970617,0.303533797277,0.303533797277,0.607067594553,4.16333634234e-17,3.46944695195e-17,0.08,41860.1281324
2014-05-16,41832.0684202,0.000717142688721,-0.000670320743484,57.383179865,0.69621718611,0.00137083144331,1.66319888919e-05,28691.5899325,0.685415721657,0.316420488052,0.316420488052,0.632840976104,-2.70616862252e-16,-2.42861286637e-16,0.08,41832.0684202
2014-05-19,41763.1126726,-0.000943715314243,-0.00164839440489,27.3023170564,2.17586687765,0.00065266476384,5.2014326803e-05,13651.1585282,0.32633238192,0.225529030063,0.225529030063,0.451058060126,-6.93889390391e-17,-4.16333634234e-17,0.08,41763.1126726
2014-05-20,41745.2749192,4.19044426064e-05,-0.000427117431249,19.0717150463,0.516098317451,0.000456664118783,1.23577550719e-05,9535.85752314,0.228332059391,0.290388821894,0.290388821894,0.580777643789,-1.94289029309e-16,-1.63064006742e-16,0.08,41745.2749192
2014-05-21,41705.324852,-0.000351963951963,-0.000956996146645,24.5929963319,0.664238970052,0.000589120478413,1.59117162682e-05,12296.498166,0.294560239207,0.260824889428,0.260824889428,0.521649778856,-1.14491749414e-16,-6.93889390391e-17,0.08,41705.324852
2014-05-22,41635.630083,-0.00110810215601,-0.00167112399276,22.8849654913,0.59604310921,0.000548730061989,1.42917747632e-05,11442.4827456,0.274365030994,0.212677728388,0.212677728388,0.425355456776,-2.91433543964e-16,-2.34187669257e-16,0.08,41635.630083
2014-05-23,41610.6787883,8.75268612026e-05,-0.000599277460797,28.1103267874,0.485203902798,0.000675150747841,1.16535741583e-05,14055.1633937,0.337575373921,0.332035450638,0.332035450638,0.664070901275,-5.55111512313e-17,-3.25260651746e-17,0.08,41610.6787883
2014-05-27,41514.2163342,-0.0016471954158,-0.00231821390493,24.8933221033,3.02821270856,0.000598243595832,7.27748932905e-05,12446.6610517,0.299121797916,0.300563643299,0.300563643299,0.601127286597,-2.63677968348e-16,-1.52655665886e-16,0.08,41514.2163342
2014-05-28,41462.2480863,-0.000538186128003,-0.00125181811025,28.9421648714,0.683707622471,0.000697162741515,1.64692407287e-05,14471.0824357,0.348581370758,0.312322706815,0.312322706815,0.62464541363,-4.16333634234e-17,-5.03069808033e-17,0.08,41462.2480863
2014-05-29,41463.2809491,0.000603332309243,2.49109206871e-05,23.2730839023,0.709567208381,0.000561307815579,1.71135729762e-05,11636.5419512,0.28065390779,0.296518546328,0.296518546328,0.593037092656,-1.11022302463e-16,-7.6327832943e-17,0.08,41463.2809491
2014-05-30,41436.2229878,0.000221480528612,-0.000652576464505,35.5675922167,0.673678454412,0.000857809401537,1.62475915796e-05,17783.7961084,0.428904700769,0.319426652716,0.319426652716,0.638853305431,-8.32667268469e-17,-9.71445146547e-17,0.08,41436.2229878
2014-06-02,41364.1820378,-0.00085143487332,-0.00173859837774,34.5849512597,2.17575353592,0.000834655013559,5.25084908574e-05,17292.4756299,0.417327506779,0.383826066133,0.383826066133,0.767652132266,4.16333634234e-17,2.08166817117e-17,0.08,41364.1820378
2014-06-03,41328.0179089,-5.23416786914e-05,-0.00087428608728,33.1291046475,0.869953494266,0.000800912843321,2.10315652676e-05,16564.5523237,0.40045642166,0.286509043769,0.286509043769,0.573018087537,-4.16333634234e-17,-1.04083408559e-17,0.08,41328.0179089
2014-06-04,41292.262372,-6.13113210159e-05,-0.000865164569793,32.5728477141,0.648813747503,0.000788154123092,1.5699125686e-05,16286.423857,0.394077061546,0.331413593049,0.331413593049,0.662827186098,-1.38777878078e-17,-4.16333634234e-17,0.08,41292.262372
2014-06-05,41288.2157055,0.000677225023511,-9.80006020338e-05,31.2609669392,0.749852988375,0.000757065976611,1.81596489342e-05,15630.4834696,0.378532988305,0.248832124805,0.248832124805,0.497664249611,3.33066907388e-16,2.671474153e-16,0.08,41288.2157055
2014-06-06,41246.6540686,-9.71960922484e-05,-0.00100662225595,36.9856337825,0.562949832516,0.000895791526722,1.36346369756e-05,18492.8168912,0.447895763361,0.215835360192,0.215835360192,0.431670720385,8.32667268469e-17,9.71445146547e-17,0.08,41246.6540686
2014-06-09,41181.6194168,-0.000596346632191,-0.00157672551343,38.9739261426,1.4634224281,0.000944899096004,3.54797852371e-05,19486.9630713,0.472449548002,0.30579596436,0.30579596436,0.611591928721,-4.99600361081e-16,-3.88578058619e-16,0.08,41181.6194168
2014-06-10,41153.1157664,7.10486958955e-05,-0.000692144962373,30.7395138982,0.690036877999,0.000746437715016,1.67559432526e-05,15369.7569491,0.373218857508,0.2785736633,0.2785736633,0.557147326599,-2.56739074445e-16,-1.38777878078e-16,0.08,41153.1157664
2014-06-11,41139.5555888,0.000413821190552,-0.000329505490025,29.9620350084,0.628173929602,0.000728062370259,1.52643103178e-05,14981.0175042,0.364031185129,0.392964032713,0.392964032713,0.785928065426,-6.38378239159e-16,-4.85722573274e-16,0.08,41139.5555888
2014-06-12,41069.8293632,-0.000730672283366,-0.00169487065863,38.780864402,0.885828255792,0.000942666099497,2.15322757651e-05,19390.432201,0.471333049749,0.44665591739,0.44665591739,0.893311834781,-2.77555756156e-16,-2.22044604925e-16,0.08,41069.8293632
2014-06-13,40949.3117603,-0.00178806680685,-0.00293445589477,46.0768490296,1.00515519514,0.00112191479108,2.44742968433e-05,23038.4245148,0.560957395539,0.31883350189,0.31883350189,0.63766700378,-4.16333634234e-17,-1.38777878078e-17,0.08,40949.3117603
2014-06-16,40881.7129086,-0.000898206262722,-0.00165079335444,28.6717296152,2.14619383044,0.00070017610511,5.24109866121e-05,14335.8648076,0.350088052555,0.268732990302,0.268732990302,0.537465980604,-2.49800180541e-16,-1.87350135405e-16,0.08,40881.7129086
2014-06-17,40906.6245715,0.00126478221372,0.000609359568853,26.1928132802,0.601987121019,0.000640697549508,1.4725095359e-05,13096.4066401,0.320348774754,0.249007763454,0.249007763454,0.498015526908,4.16333634234e-17,4.16333634234e-17,0.08,40906.6245715
2014-06-18,40897.8638742,0.000303223218406,-0.000214163290957,20.6063950341,0.55814066274,0.000503742248352,1.36442610112e-05,10303.1975171,0.251871124176,0.299703197297,0.299703197297,0.599406394594,2.77555756156e-17,6.93889390391e-18,0.08,40897.8638742
2014-06-19,40823.3607678,-0.00118179357932,-0.00182168698555,25.4986448977,0.671628524148,0.000623471313225,1.64220930026e-05,12749.3224489,0.311735656613,0.207253997093,0.207253997093,0.414507994186,5.55111512313e-17,5.55111512313e-17,0.08,40823.3607678
2014-06-20,40845.1723748,0.00106925345186,0.000534292291836,21.3753066958,0.463605736652,0.000523604776621,1.13563834023e-05,10687.6533479,0.261802388311,0.213304617035,0.213304617035,0.42660923407,1.38777878078e-16,9.71445146547e-17,0.08,40845.1723748
2014-06-23,40798.8932717,-0.000326227793716,-0.00113303728096,31.5220867415,1.43218583854,0.00077174571458,3.50637726633e-05,15761.0433708,0.38587285729,0.305828542151,0.305828542151,0.611657084302,3.88578058619e-16,3.1918911958e-16,0.08,40798.8932717
2014-06-24,40737.6617307,-0.000839610735603,-0.00150081377655,26.2926555287,0.6836967699,0.000644445312612,1.6757728337e-05,13146.3277644,0.322222656306,0.323859339399,0.323859339399,0.647718678798,1.38777878078e-16,1.31838984174e-16,0.08,40737.6617307
2014-06-25,40716.636095,0.000468176439312,-0.000516122791729,39.3751300904,0.722919025575,0.000966553513814,1.77457172273e-05,19687.5650452,0.483276756907,0.34113035788,0.34113035788,0.682260715759,5.27355936697e-16,3.67761376907e-16,0.08,40716.636095
2014-06-26,40664.9297185,-0.000337379854666,-0.00126990786502,37.2083252547,0.761078391382,0.000913835935953,1.86920744044e-05,18604.1626273,0.456917967976,0.272756016248,0.272756016248,0.545512032495,2.49800180541e-16,1.80411241502e-16,0.08,40664.9297185
2014-06-27,40642.2853836,-2.75145158819e-06,-0.000556851692044,21.9246881992,0.607759135946,0.000539154705319,1.49455351369e-05,10962.3440996,0.269577352659,0.219900204085,0.219900204085,0.43980040817,6.93889390391e-18,1.73472347598e-17,0.08,40642.2853836
2014-06-30,40643.4449668,0.000614194812799,2.85314449939e-05,22.3335612645,1.46913646855,0.000549515389052,3.61479787537e-05,11166.7806323,0.274757694526,0.167179875111,0.167179875111,0.334359750222,-7.6327832943e-17,-4.85722573274e-17,0.08,40643.4449668
2014-07-01,40643.2233594,0.000291277050069,-5.45247571926e-06,11.6877942032,0.372315948144,0.000287568984686,9.16054110198e-06,5843.89710162,0.143784492343,0.173422461492,0.173422461492,0.346844922984,-6.93889390391e-17,-6.93889390391e-17,0.08,40643.2233594
2014-07-02,40624.1375218,-7.36507355182e-05,-0.000469594584642,15.7062179778,0.386216319887,0.000386441248495,9.50260062969e-06,7853.10898892,0.193220624247,0.184970392763,0.184970392763,0.369940785527,-1.07552855511e-16,-6.24500451352e-17,0.08,40624.1375218
2014-07-03,40657.5435286,0.00145010483429,0.000822319164717,25.0915109543,0.411740420443,0.000617650305582,1.0135363987e-05,12545.7554772,0.308825152791,0.237890701698,0.237890701698,0.475781403396,-9.71445146547e-17,-8.50014503229e-17,0.08,40657.5435286
2014-07-07,40607.0380939,-0.00057405996443,-0.00124221559783,25.0456650372,2.11990171163,0.00061601520563,5.21404277694e-05,12522.8325186,0.308007602815,0.232632596628,0.232632596628,0.465265193256,-1.38777878078e-17,-2.42861286637e-17,0.08,40607.0380939
2014-07-08,40558.3883196,-0.000183272450539,-0.00119806261616,40.6900053393,0.517617573323,0.00100204317403,1.2746991596e-05,20345.0026697,0.501021587013,0.367306657686,0.367306657686,0.734613315372,-8.32667268469e-17,-3.46944695195e-17,0.08,40558.3883196
2014-07-09,40518.7077166,-7.31842961302e-05,-0.000978357488389,35.8960717977,0.816294030399,0.000885046800057,2.0126392202e-05,17948.0358989,0.442523400029,0.335208161114,0.335208161114,0.670416322229,1.11022302463e-16,1.04083408559e-16,0.08,40518.7077166
2014-07-10,40473.7232303,-0.000221144877685,-0.00111021522847,35.2797514634,0.74423021942,0.000870702780308,1.8367570472e-05,17639.8757317,0.435351390154,0.369314655306,0.369314655306,0.738629310611,3.33066907388e-16,2.77555756156e-16,0.08,40473.7232303
2014-07-11,40453.2003747,0.000302113461923,-0.000507066163919,31.9314689792,0.819043240752,0.000788943206373,2.02364194688e-05,15965.7344896,0.394471603187,0.303832022908,0.303832022908,0.607664045816,6.24500451352e-16,5.96744875736e-16,0.08,40453.2003747
2014-07-14,40401.8976258,-0.000270408457429,-0.00126820000461,38.3434266995,2.0204346909,0.000947846557116,4.99449900671e-05,19171.7133497,0.473923278558,0.272591513757,0.272591513757,0.545183027515,4.57966997658e-16,3.67761376907e-16,0.08,40401.8976258
2014-07-15,40364.7426696,-5.22184236251e-05,-0.000919633937537,34.4417689876,0.60346380452,0.00085247899261,1.49365213018e-05,17220.8844938,0.426239496305,0.192008121775,0.192008121775,0.38401624355,4.92661467177e-16,4.4408920985e-16,0.08,40364.7426696
2014-07-16,40246.8035021,-0.00222477525209,-0.00292183622961,27.7120098086,0.424677174023,0.000686539984547,1.0520992974e-05,13856.0049043,0.343269992273,0.249245488776,0.249245488776,0.498490977553,-4.16333634234e-17,-2.77555756156e-17,0.08,40246.8035021
2014-07-17,40163.6342588,-0.00156093313482,-0.0020664807151,19.7970119757,0.549662148524,0.000491890293217,1.36572870562e-05,9898.50598783,0.245945146608,0.259018455397,0.259018455397,0.518036910794,-2.22044604925e-16,-1.66533453694e-16,0.08,40163.6342588
2014-07-18,40207.1703272,0.00144228656598,0.00108396735635,13.8213675736,0.570034110074,0.000344126417559,1.41927920766e-05,6910.68378681,0.172063208779,0.222991014195,0.222991014195,0.445982028389,6.93889390391e-18,0,0.08,40207.1703272
2014-07-21,40164.9279505,-0.000738751248481,-0.00105061799728,11.0654431558,1.47383633247,0.000275210691668,3.66560571279e-05,5532.72157789,0.137605345834,0.22621513313,0.22621513313,0.45243026626,2.77555756156e-17,1.73472347598e-17,0.08,40164.9279505
2014-07-22,40156.3746059,0.000143736347969,-0.000212955556731,13.8286463227,0.497858330054,0.000344296554939,1.23953497606e-05,6914.32316137,0.17214827747,0.214083246875,0.214083246875,0.428166493749,-2.77555756156e-17,-3.12250225676e-17,0.08,40156.3746059
2014-07-23,40062.9728719,-0.00126016729332,-0.00232595035941,42.3269261292,0.471057921005,0.00105405247721,1.17305888698e-05,21163.4630646,0.527026238606,0.350725901889,0.350725901889,0.701451803778,-1.11022302463e-16,-5.55111512313e-17,0.08,40062.9728719
2014-07-24,40102.1705402,0.00177253365241,0.000978401386661,31.0453749103,0.769924509198,0.000774914408113,1.92178576377e-05,15522.6874552,0.387457204056,0.310076962097,0.310076962097,0.620153924195,-1.2490009027e-16,-9.02056207508e-17,0.08,40102.1705402
2014-07-25,40099.8949257,0.000736102448599,-5.67454188625e-05,31.1135637241,0.681356669293,0.000775857348991,1.69905184711e-05,15556.781862,0.387928674495,0.290481818971,0.290481818971,0.580963637942,-2.56739074445e-16,-2.49800180541e-16,0.08,40099.8949257
2014-07-28,40059.3769018,-0.000368041210447,-0.00101042718398,23.8448225745,1.91478746607,0.000594635537541,4.77504359952e-05,11922.4112872,0.297317768771,0.325054181706,0.325054181706,0.650108363412,-2.22044604925e-16,-1.2490009027e-16,0.08,40059.3769018
2014-07-29,40005.192375,-0.000698887841031,-0.00135260533228,25.4740102744,0.71350509471,0.000635906303206,1.78111880387e-05,12737.0051372,0.317953151603,0.346961747378,0.346961747378,0.693923494756,-8.32667268469e-17,-5.55111512313e-17,0.08,40005.192375
2014-07-30,39876.9933143,-0.00226049579362,-0.0032045605338,37.0069287263,0.760562819212,0.000925053137589,1.90116025961e-05,18503.4643632,0.462526568794,0.335925823744,0.335925823744,0.671851647487,7.6327832943e-17,1.2490009027e-16,0.08,39876.9933143
2014-07-31,39889.810708,0.00125253457463,0.000321423270995,36.3959076229,0.734011606988,0.00091270440918,1.84068944517e-05,18197.9538114,0.45635220459,0.322740824411,0.322740824411,0.645481648822,-1.04083408559e-16,-6.93889390391e-17,0.08,39889.810708
2014-08-01,39907.2278158,0.00124572996361,0.000436630496432,31.5693960751,0.705428514712,0.000791415038447,1.76844287349e-05,15784.6980376,0.395707519224,0.408944444139,0.408944444139,0.817888888279,-4.92661467177e-16,-3.88578058619e-16,0.08,39907.2278158
2014-08-04,39853.0915425,-0.000277118278738,-0.00135655309419,40.3945378165,2.6827132761,0.00101221107121,6.72237442421e-05,20197.2689083,0.506105535606,0.356456661128,0.356456661128,0.712913322256,-1.52655665886e-16,-5.89805981832e-17,0.08,39853.0915425
2014-08-05,39782.9954951,-0.0007244505492,-0.00175886097351,40.4460478561,0.77840547654,0.00101487855247,1.95318718426e-05,20223.0239281,0.507439276236,0.454126216292,0.454126216292,0.908252432584,-1.11022302463e-16,-8.32667268469e-17,0.08,39782.9954951
2014-08-06,39788.7255861,0.00108831392886,0.000144033673665,36.5763518664,0.989945272161,0.000919396626907,2.488362829e-05,18288.1759332,0.459698313453,0.318569368152,0.318569368152,0.637138736304,-2.77555756156e-17,-4.16333634234e-17,0.08,39788.7255861
2014-08-07,39761.0785599,1.0594682962e-05,-0.000694845730863,27.3740287871,0.694546255864,0.000687984558036,1.74558557891e-05,13687.0143936,0.343992279018,0.29569692557,0.29569692557,0.591393851139,2.22044604925e-16,1.80411241502e-16,0.08,39761.0785599
2014-08-08,39783.0398619,0.00144036780652,0.000552331646833,34.6650438006,0.644231708904,0.000871833588426,1.62025712641e-05,17332.5219003,0.435916794213,0.387198599147,0.387198599147,0.774397198294,3.26128013484e-16,3.1918911958e-16,0.08,39783.0398619
2014-08-11,39677.654575,-0.00143518670898,-0.0026490003618,45.7570428576,2.53215407743,0.00115016456803,6.36490847913e-05,22878.5214288,0.575082284014,0.357529984342,0.357529984342,0.715059968683,-1.38777878078e-17,-4.16333634234e-17,0.08,39677.654575
2014-08-12,39659.7349358,0.000252018531854,-0.000451630505069,27.1418310335,0.777312395556,0.00068405835285,1.95906840735e-05,13570.9155167,0.342029176425,0.316778982045,0.316778982045,0.63355796409,9.71445146547e-17,5.55111512313e-17,0.08,39659.7349358
2014-08-13,39656.2438786,0.000705446664305,-8.8025227364e-05,30.7804810417,0.688403860884,0.000776114139229,1.73577524408e-05,15390.2405209,0.388057069614,0.283875223957,0.283875223957,0.567750447914,1.94289029309e-16,1.38777878078e-16,0.08,39656.2438786
2014-08-14,39649.4875895,0.000696824031565,-0.000170371382517,33.7728676196,0.616845211635,0.00085164060729,1.55548067922e-05,16886.4338098,0.425820303645,0.351560636222,0.351560636222,0.703121272445,1.38777878078e-17,4.51028103754e-17,0.08,39649.4875895
2014-08-15,39588.4518374,-0.000408776763447,-0.00153938312422,44.0641711396,0.763791730567,0.00111134276427,1.92635965053e-05,22032.0855698,0.555671382135,0.267032488006,0.267032488006,0.534064976012,2.56739074445e-16,2.35922392733e-16,0.08,39588.4518374
2014-08-18,39591.8082831,0.00111545857493,8.47834546476e-05,39.0650675172,1.73776484227,0.000986779368834,4.3895751453e-05,19532.5337586,0.493389684417,0.344721179949,0.344721179949,0.689442359897,3.74700270811e-16,3.53883589099e-16,0.08,39591.8082831
2014-08-19,39489.8392146,-0.00166374304844,-0.00257550925204,35.3506297255,0.747843006447,0.000892877371821,1.8888831778e-05,17675.3148628,0.446438685911,0.326962998495,0.326962998495,0.653925996991,0,5.55111512313e-17,0.08,39489.8392146
2014-08-20,39496.2626775,0.000955396758164,0.00016266115717,30.5975101221,0.707491300806,0.000774819820254,1.79157807395e-05,15298.7550611,0.387409910127,0.387038883951,0.387038883951,0.774077767902,1.04083408559e-16,1.09287578987e-16,0.08,39496.2626775
2014-08-21,39443.2358359,-0.000440235644158,-0.00134257871522,34.8015576217,0.837621338463,0.000881135460987,2.12076100795e-05,17400.7788108,0.440567730494,0.201262917101,0.201262917101,0.402525834201,4.51028103754e-17,4.51028103754e-17,0.08,39443.2358359
2014-08-22,39394.5985965,-0.000561270340196,-0.00123309455796,26.0639369133,0.434984148177,0.000660796112716,1.10281050466e-05,13031.9684567,0.330398056358,0.232260183878,0.232260183878,0.464520367755,1.38777878078e-17,1.56125112838e-17,0.08,39394.5985965
2014-08-25,39402.6943959,0.000766187623636,0.000205505314567,20.5837783338,1.50407617213,0.000522502552815,3.81797562538e-05,10291.8891669,0.261251276407,0.279330377542,0.279330377542,0.558660755085,-6.93889390391e-17,-5.55111512313e-17,0.08,39402.6943959
2014-08-26,39374.2736085,-0.000107380725054,-0.0007212904558,23.5866087674,0.603088739824,0.000598603956634,1.53057741119e-05,11793.3043837,0.299301978317,0.190319020786,0.190319020786,0.380638041572,-9.02056207508e-17,-7.6327832943e-17,0.08,39374.2736085
2014-08-27,39352.8894603,0.000321697694431,-0.000543099495442,33.6401489399,0.41061222999,0.000854368750378,1.04284394951e-05,16820.0744699,0.427184375189,0.277966101497,0.277966101497,0.555932202994,-4.71844785466e-16,-4.30211422042e-16,0.08,39352.8894603
2014-08-28,39333.6108084,0.000536710714538,-0.000489891648648,39.8003847009,0.599384617311,0.00101137134393,1.52310192601e-05,19900.1923504,0.505685671963,0.339487612874,0.339487612874,0.678975225747,-1.38777878078e-16,-1.38777878078e-16,0.08,39333.6108084
2014-08-29,39296.3366598,0.000467026360785,-0.000947641162402,54.9122955536,0.731686226797,0.00139606546221,1.86020609794e-05,27456.1477768,0.698032731104,0.377020680531,0.377020680531,0.754041361062,-1.38777878078e-17,-6.93889390391e-18,0.08,39296.3366598
2014-09-02,39284.208146,0.000682892452661,-0.00030864235197,35.7164456921,3.24723980051,0.000908900134926,8.26346697054e-05,17858.2228461,0.454450067463,0.324027684022,0.324027684022,0.648055368044,5.55111512313e-17,6.93889390391e-17,0.08,39284.208146
2014-09-03,39259.3732097,0.000607621631843,-0.000632186250574,48.0073820929,0.697488821051,0.00122205294083,1.77549415902e-05,24003.6910464,0.611026470414,0.336522666074,0.336522666074,0.673045332148,-2.77555756156e-17,-1.38777878078e-17,0.08,39259.3732097
2014-09-04,39178.0327019,-0.000919189817615,-0.00207187484597,44.5297646563,0.723927065256,0.00113424543022,1.8439598141e-05,22264.8823282,0.567122715108,0.248036859042,0.248036859042,0.496073718084,8.32667268469e-17,5.20417042793e-17,0.08,39178.0327019
2014-09-05,39174.1726542,0.000924146500737,-9.85258189083e-05,39.5338185591,0.532471023279,0.00100908125888,1.35910607694e-05,19766.9092796,0.504540629438,0.323228016845,0.323228016845,0.646456033689,1.38777878078e-16,1.04950770297e-16,0.08,39174.1726542
2014-09-08,39036.0090256,-0.00297006668822,-0.00352690610248,19.7322674417,2.08145591318,0.00050370604163,5.3133372632e-05,9866.13372087,0.251853020815,0.285466735668,0.285466735668,0.570933471337,9.02056207508e-17,2.08166817117e-17,0.08,39036.0090256
2014-09-09,38961.7152647,-0.00139442026091,-0.00190321097643,19.2505572059,0.610601757263,0.000493148702608,1.56420129133e-05,9625.27860297,0.246574351304,0.3097896099,0.3097896099,0.619579219799,8.32667268469e-17,5.03069808033e-17,0.08,38961.7152647
2014-09-10,38947.182714,0.000384123717176,-0.000372995659875,28.8373033121,0.661366277966,0.000740144603905,1.69747731452e-05,14418.651656,0.370072301953,0.343887373138,0.343887373138,0.687774746276,2.77555756156e-17,-1.38777878078e-17,0.08,38947.182714
2014-09-11,38909.2566705,-6.79630319436e-07,-0.000973781436586,37.1656864861,0.733887361898,0.000954258662533,1.88431437336e-05,18582.8432431,0.477129331267,0.327948383872,0.327948383872,0.655896767744,9.02056207508e-17,9.36750677027e-17,0.08,38909.2566705
2014-09-12,38812.0712045,-0.0018075473431,-0.0024977466612,26.1559518549,0.699190566725,0.000672229543638,1.79697744587e-05,13077.9759275,0.336114771819,0.282423736169,0.282423736169,0.564847472339,-2.77555756156e-17,4.16333634234e-17,0.08,38812.0712045
2014-09-15,38855.2907442,0.00190981579579,0.00111355921905,29.1024847358,1.80188221776,0.000749830757097,4.64258196443e-05,14551.2423679,0.374915378549,0.371335428073,0.371335428073,0.742670856145,0,1.38777878078e-17,0.08,38855.2907442
2014-09-16,38868.0929085,0.00119453058928,0.000329483167603,32.8210747741,0.790594302542,0.000844700274929,2.03471467437e-05,16410.5373871,0.422350137464,0.269738672934,0.269738672934,0.539477345867,-3.46944695195e-17,0,0.08,38868.0929085
2014-09-17,38818.5435231,-0.000865908253851,-0.00127480876308,15.3187047475,0.57447823565,0.000394120307974,1.47802012566e-05,7659.35237374,0.197060153987,0.267732318543,0.267732318543,0.535464637087,-2.77555756156e-17,-4.16333634234e-17,0.08,38818.5435231
2014-09-18,38736.6288328,-0.00161500940526,-0.00211019483972,18.652899057,0.569478282735,0.000480515170434,1.46702640298e-05,9326.44952849,0.240257585217,0.229994679302,0.229994679302,0.459989358605,-2.08166817117e-17,-2.77555756156e-17,0.08,38736.6288328
2014-09-19,38759.9948126,0.00110031549646,0.000603201166885,18.7683569145,0.488176357571,0.000484511881391,1.2602448181e-05,9384.17845727,0.242255940695,0.259021602299,0.259021602299,0.518043204598,-5.55111512313e-17,-6.93889390391e-17,0.08,38759.9948126
2014-09-22,38708.6568645,-0.000695159234201,-0.0013245086418,22.7432220813,1.65035769229,0.000586770514065,4.25788935286e-05,11371.6110407,0.293385257033,0.210646547172,0.210646547172,0.421293094344,-1.38777878078e-17,-4.16333634234e-17,0.08,38708.6568645
2014-09-23,38705.5875146,0.000744475482288,-7.92936286984e-05,31.44020983,0.446786022694,0.000812226834429,1.15422765574e-05,15720.104915,0.406113417214,0.284909145247,0.284909145247,0.569818290493,0,-2.77555756156e-17,0.08,38705.5875146
2014-09-24,38641.6124308,-0.000843525529969,-0.00165286429982,30.7216818536,0.604250731784,0.000793727309836,1.56114600135e-05,15360.8409268,0.396863654918,0.261806013603,0.261806013603,0.523612027205,-2.77555756156e-17,-1.38777878078e-17,0.08,38641.6124308
2014-09-25,38650.1037567,0.000815645165189,0.00021974563993,22.4721838995,0.55433460327,0.000581553990267,1.43455349919e-05,11236.0919497,0.290776995134,0.285500754431,0.285500754431,0.571001508861,1.11022302463e-16,8.32667268469e-17,0.08,38650.1037567
2014-09-26,38642.948763,0.000467622726471,-0.000185122237345,24.6240231106,0.604637467471,0.00063710108686,1.56438769551e-05,12312.0115553,0.31855054343,0.212368352987,0.212368352987,0.424736705974,1.11022302463e-16,6.93889390391e-17,0.08,38642.948763
2014-09-29,38579.7038118,-0.00104989943295,-0.00163664920061,21.3247210357,1.34902017261,0.000551839901414,3.49098662444e-05,10662.3605178,0.275919950707,0.181763993715,0.181763993715,0.363527987431,1.00613961607e-16,9.02056207508e-17,0.08,38579.7038118
2014-09-30,38568.4434253,0.000316860337725,-0.000291873326933,23.1005233298,0.384241152942,0.000598773993769,9.95967088852e-06,11550.2616649,0.299386996885,0.232665167816,0.232665167816,0.465330335632,1.7694179455e-16,1.80411241502e-16,0.08,38568.4434253
2014-10-01,38555.2416406,0.000528067678723,-0.000342294981231,33.0768325517,0.491700458188,0.000857613883636,1.27487763187e-05,16538.4162759,0.428806941818,0.235361355081,0.235361355081,0.470722710162,2.77555756156e-17,0,0.08,38555.2416406
2014-10-02,38527.1316147,0.000156921420101,-0.000729084418145,33.6629410287,0.497228159891,0.000873109325639,1.28965126072e-05,16831.4705144,0.436554662819,0.313361794121,0.313361794121,0.626723588242,5.55111512313e-17,6.93889390391e-17,0.08,38527.1316147
2014-10-03,38495.2773566,-0.000125163192354,-0.000826800666554,26.3705488439,0.661530470418,0.000684466964933,1.71705092669e-05,13185.274422,0.342233482467,0.296441266564,0.296441266564,0.592882533128,-2.08166817117e-17,-6.93889390391e-18,0.08,38495.2773566
2014-10-06,38450.7492176,-0.000220697832554,-0.00115671692916,34.1564371278,1.87587760707,0.000887289025387,4.8730071216e-05,17078.2185639,0.443644512693,0.386334708834,0.386334708834,0.772669417668,1.11022302463e-16,9.71445146547e-17,0.08,38450.7492176
2014-10-07,38394.1802646,-0.000434547818949,-0.00147120548094,39.0462989087,0.8139648769,0.00101548863684,2.11690251416e-05,19523.1494543,0.507744318422,0.486193610645,0.486193610645,0.972387221291,1.31838984174e-16,1.31838984174e-16,0.08,38394.1802646
2014-10-08,38327.5921797,-0.000355765685881,-0.00173432755932,51.9059034787,1.0228495962,0.00135192112765,2.66407457888e-05,25952.9517393,0.675960563826,0.240904041409,0.240904041409,0.481808082818,3.12250225676e-16,2.63677968348e-16,0.08,38327.5921797
2014-10-09,38258.5879852,-0.000745819896249,-0.00180037906282,39.9127809612,0.505932704304,0.00104135894512,1.32002214471e-05,19956.3904806,0.52067947256,0.401568366258,0.401568366258,0.803136732517,5.34294830601e-16,4.59701721134e-16,0.08,38258.5879852
2014-10-10,38153.4516223,-0.00148972323484,-0.0027480460846,47.2998232052,0.841832256031,0.00123631910366,2.20037460964e-05,23649.9116026,0.618159551831,0.380888512807,0.380888512807,0.761777025614,2.56739074445e-16,2.77555756156e-16,0.08,38153.4516223
2014-10-13,38072.5960818,-0.00109871742443,-0.00211921954723,36.5468216962,2.3888566762,0.000957890312469,6.26118103244e-05,18273.4108481,0.478945156235,0.280449044519,0.280449044519,0.560898089037,9.81853487403e-16,9.15933995316e-16,0.08,38072.5960818
2014-10-14,38044.4100863,-3.82586962929e-05,-0.000740322393371,26.144323278,0.585064284575,0.000686696626146,1.53670709325e-05,13072.161639,0.343348313073,0.268775255938,0.268775255938,0.537550511876,3.46944695195e-17,4.16333634234e-17,0.08,38044.4100863
2014-10-15,38165.7907639,0.00430381636187,0.00319049966274,41.795181383,0.560295674409,0.00109858928784,1.47274112843e-05,20897.5906915,0.54929464392,0.387957897465,0.387957897465,0.775915794931,2.63677968348e-16,2.15105711021e-16,0.08,38165.7907639
2014-10-16,38192.2650437,0.00182804992841,0.000693665170886,42.4833641814,0.811327119993,0.00111312679054,2.12579669844e-05,21241.6820907,0.55656339527,0.241623929439,0.241623929439,0.483247858879,7.84095011142e-16,7.77156117238e-16,0.08,38192.2650437
2014-10-17,38190.1493074,0.000802806098872,-5.53969836405e-05,32.2710667035,0.505652885153,0.000844963415146,1.32396673665e-05,16135.5333517,0.422481707573,0.32525315624,0.32525315624,0.65050631248,5.55111512313e-17,0,0.08,38190.1493074
2014-10-20,38198.6128888,0.00104169390389,0.000221616870726,29.2769794196,2.04188492047,0.000766610760906,5.34662722586e-05,14638.4897098,0.383305380453,0.290669599227,0.290669599227,0.581339198453,-2.22044604925e-16,-1.94289029309e-16,0.08,38198.6128888
2014-10-21,38204.4914082,0.00104514167299,0.000153893532097,33.4360495439,0.608393178049,0.000875321039569,1.59271013275e-05,16718.0247719,0.437660519784,0.34137411419,0.34137411419,0.682748228381,-1.73472347598e-16,-1.11022302463e-16,0.08,38204.4914082
2014-10-22,38180.2618588,0.000265156616708,-0.000634206831364,33.6450916501,0.714631474662,0.000880658017157,1.87054309145e-05,16822.545825,0.440329008579,0.241876931164,0.241876931164,0.483753862327,-7.6327832943e-17,-5.55111512313e-17,0.08,38180.2618588
2014-10-23,38160.09697,0.000195840775535,-0.000528149568034,27.1361176366,0.506023264078,0.000710736813094,1.32535304747e-05,13568.0588183,0.355368406547,0.224882654002,0.224882654002,0.449765308004,-2.35922392733e-16,-2.35922392733e-16,0.08,38160.09697
2014-10-24,38115.5781312,-0.000553985005741,-0.00116663327064,22.9084956143,0.470221582662,0.000600325927691,1.23223372056e-05,11454.2478071,0.300162963845,0.185263639557,0.185263639557,0.370527279114,-3.1918911958e-16,-2.671474153e-16,0.08,38115.5781312
2014-10-27,38057.803492,-0.00110299422118,-0.00151577496742,14.5725936512,1.16078313344,0.000382326449334,3.04542969135e-05,7286.29682561,0.191163224667,0.182264481777,0.182264481777,0.364528963553,-1.66533453694e-16,-1.2490009027e-16,0.08,38057.803492
2014-10-28,38069.2330649,0.00124852771954,0.000300321401675,35.7065628205,0.380086894851,0.000938219222976,9.98709489188e-06,17853.2814102,0.469109611488,0.346946737946,0.346946737946,0.693893475892,-3.05311331772e-16,-2.77555756156e-16,0.08,38069.2330649
2014-10-29,38042.7844715,0.000477842713594,-0.000694749837254,43.9159732877,0.723725820711,0.00115358177069,1.90107801614e-05,21957.9866439,0.576790885343,0.337654929006,0.337654929006,0.675309858011,-8.32667268469e-17,-1.73472347598e-17,0.08,38042.7844715
2014-10-30,38029.1192645,0.000435801553822,-0.000359206277638,29.5404576845,0.703853900816,0.000776506191514,1.85016399455e-05,14770.2288423,0.388253095757,0.316759853442,0.316759853442,0.633519706884,-1.66533453694e-16,-1.11022302463e-16,0.08,38029.1192645
2014-10-31,37978.2177667,-0.000540544573669,-0.00133848741985,29.6850034857,0.660060177793,0.000780586141879,1.73567042982e-05,14842.5017428,0.39029307094,0.333493252484,0.333493252484,0.666986504968,-5.55111512313e-17,3.46944695195e-18,0.08,37978.2177667
2014-11-03,37829.8606792,-0.00305923835033,-0.00390637307953,30.0906706152,2.0819966082,0.000792313920575,5.48208086275e-05,15045.3353076,0.396156960287,0.347585756842,0.347585756842,0.695171513685,0,-4.16333634234e-17,0.08,37829.8606792
2014-11-04,37748.0662427,-0.00119778737134,-0.00216216594568,35.7618073422,0.720499767421,0.000945332779452,1.90457948955e-05,17880.9036711,0.472666389726,0.28058198931,0.28058198931,0.561163978619,-1.11022302463e-16,-7.6327832943e-17,0.08,37748.0662427
2014-11-05,37676.164896,-0.000897717064716,-0.00190476901072,37.433911375,0.580352192821,0.00099167759043,1.53743555786e-05,18716.9556875,0.495838795215,0.391984716465,0.391984716465,0.78396943293,1.66533453694e-16,1.56125112838e-16,0.08,37676.164896
2014-11-06,37744.3429084,0.002536170646,0.00180957941416,26.5659392372,0.809231825438,0.000705112617236,2.14786146008e-05,13282.9696186,0.352556308618,0.332263525363,0.332263525363,0.664527050726,0,2.08166817117e-17,0.08,37744.3429084
2014-11-07,37902.151581,0.00491802585735,0.00418098873761,27.1317999511,0.687181832177,0.000718830899163,1.82062205678e-05,13565.8999756,0.359415449582,0.238785532074,0.238785532074,0.477571064147,6.93889390391e-17,4.16333634234e-17,0.08,37902.151581
2014-11-10,37865.8848496,0.000306767452552,-0.000956851520206,46.4061268161,1.48775102992,0.00122436655653,3.92524162313e-05,23203.0634081,0.612183278263,0.380073946698,0.380073946698,0.760147893395,1.80411241502e-16,1.66533453694e-16,0.08,37865.8848496
2014-11-11,37868.6633521,0.00126496931232,7.33774599337e-05,44.3320861002,0.788593769862,0.0011707658827,2.08259696821e-05,22166.0430501,0.58538294135,0.28560120439,0.28560120439,0.57120240878,2.49800180541e-16,1.66533453694e-16,0.08,37868.6633521
2014-11-12,37804.9569386,-0.000944994417738,-0.00168229897316,27.3281168542,0.592621143123,0.000721655174363,1.56493810625e-05,13664.0584271,0.360827587182,0.225946330062,0.225946330062,0.451892660124,0,1.38777878078e-17,0.08,37804.9569386
2014-11-13,37759.8876814,-0.000605012024332,-0.00119215205703,21.728754816,0.468048837174,0.000574759411875,1.23806208253e-05,10864.377408,0.287379705938,0.198237952607,0.198237952607,0.396475905213,5.55111512313e-17,5.16080234103e-17,0.08,37759.8876814
2014-11-14,37676.7434645,-0.00152689671465,-0.00220191907258,25.0786071672,0.410161250664,0.000664160004362,1.08623535675e-05,12539.3035836,0.332080002181,0.298728624292,0.298728624292,0.597457248584,8.32667268469e-17,1.2490009027e-16,0.08,37676.7434645
2014-11-17,37657.4272481,0.000302383088303,-0.000512682749171,28.8588694664,1.85015699884,0.000765959762249,4.91060752261e-05,14429.4347332,0.382979881124,0.440466183002,0.440466183002,0.880932366005,6.38378239159e-16,6.93889390391e-16,0.08,37657.4272481
2014-11-18,37565.2170743,-0.00177977567226,-0.00244865835445,24.2795339152,0.908867026941,0.000644747548875,2.41351333152e-05,12139.7669576,0.322373774438,0.374435020177,0.374435020177,0.748870040354,7.77156117238e-16,8.46545056277e-16,0.08,37565.2170743
2014-11-19,37522.2649529,-0.00043096802582,-0.00114340138997,25.9919888895,0.770725085652,0.000691916376741,2.05169874069e-05,12995.9944448,0.34595818837,0.383088365037,0.383088365037,0.766176730073,3.74700270811e-16,4.51028103754e-16,0.08,37522.2649529
2014-11-20,37472.8432571,-0.000422922312981,-0.0013171298641,32.7650574156,0.787635240179,0.000873216407825,2.09911432897e-05,16382.5287078,0.436608203912,0.302381169476,0.302381169476,0.604762338951,5.82867087928e-16,5.82867087928e-16,0.08,37472.8432571
2014-11-21,37467.9681637,0.000853819353015,-0.000130096704911,36.2492510022,0.620881214667,0.000967347226722,1.65688312041e-05,18124.6255011,0.483673613361,0.330455094227,0.330455094227,0.660910188454,-8.32667268469e-17,-9.71445146547e-17,0.08,37467.9681637
2014-11-24,37407.1417679,-0.000685014794797,-0.00162342392124,33.1249713372,2.03531193699,0.000884087741093,5.43213853524e-05,16562.4856686,0.442043870546,0.371269610576,0.371269610576,0.742539221152,2.42861286637e-17,6.93889390391e-17,0.08,37407.1417679
2014-11-25,37358.9154039,-0.000221142900547,-0.00128922878549,39.1930464222,0.76099369627,0.00104774234464,2.03435403055e-05,19596.5232111,0.52387117232,0.402917313742,0.402917313742,0.805834627483,1.11022302463e-16,1.2490009027e-16,0.08,37358.9154039
2014-11-26,37422.4825363,0.00263279468087,0.00170152510202,33.9664239441,0.824797470622,0.000909191917828,2.20776610269e-05,16983.211972,0.454595958914,0.288111322823,0.288111322823,0.576222645646,-1.11022302463e-16,-8.32667268469e-17,0.08,37422.4825363
2014-11-28,37361.0161935,-0.000503100717788,-0.00164249773467,41.4574933556,1.18157161061,0.00110782317329,3.1573843597e-05,20728.7466778,0.553911586643,0.283774266913,0.283774266913,0.567548533825,1.11022302463e-16,1.31838984174e-16,0.08,37361.0161935
2014-12-01,37456.0700737,0.00319683971126,0.00254419953958,22.6404898887,1.74281013393,0.000605992346982,4.6647824698e-05,11320.2449444,0.302996173491,0.245991821914,0.245991821914,0.491983643828,8.32667268469e-17,8.67361737988e-17,0.08,37456.0700737
2014-12-02,37457.0039149,0.00090925450478,2.49316383925e-05,32.6183887351,0.504870516119,0.000870843862447,1.34790039405e-05,16309.1943675,0.435421931224,0.338263823759,0.338263823759,0.676527647518,3.46944695195e-17,2.60208521397e-18,0.08,37457.0039149
2014-12-03,37473.3975459,0.00139966673884,0.000437665305277,35.3394257442,0.694265718949,0.000943466429522,1.85350040416e-05,17669.7128721,0.471733214761,0.268922253252,0.268922253252,0.537844506505,1.11022302463e-16,4.85722573274e-17,0.08,37473.3975459
2014-12-04,37479.8409969,0.000805516789097,0.000171947336883,23.1898119829,0.552187972881,0.000618833986283,1.47354659316e-05,11594.9059915,0.309416993141,0.26360336272,0.26360336272,0.52720672544,6.93889390391e-18,-2.08166817117e-17,0.08,37479.8409969
2014-12-05,37369.5406242,-0.00201981038799,-0.00294292530826,34.0568408652,0.541359568273,0.000908670900393,1.44440198751e-05,17028.4204326,0.454335450196,0.379015901441,0.379015901441,0.758031802882,-1.38777878078e-17,-9.71445146547e-17,0.08,37369.5406242
2014-12-08,37028.3876407,-0.00809485389666,-0.00912917252561,36.3237407693,2.32827125361,0.000972014645151,6.23039837985e-05,18161.8703847,0.486007322576,0.411121377024,0.411121377024,0.822242754047,-1.94289029309e-16,-2.8449465006e-16,0.08,37028.3876407
2014-12-09,37108.2087865,0.00316273952493,0.00215567435877,36.4558535046,0.834145847441,0.000984537967419,2.2527198741e-05,18227.9267523,0.49226898371,0.403114571034,0.403114571034,0.806229142067,1.11022302463e-16,4.85722573274e-17,0.08,37108.2087865
2014-12-10,37013.5140898,-0.00174782663576,-0.00255185307402,29.0163173974,0.819663543385,0.000781937968614,2.20884696457e-05,14508.1586987,0.390968984307,0.390699527025,0.390699527025,0.78139905405,-4.71844785466e-16,-4.30211422042e-16,0.08,37013.5140898
2014-12-11,36945.7562514,-0.00106733526064,-0.00183062430127,27.4596171971,0.792392462927,0.00074188084737,2.14081932616e-05,13729.8085985,0.370940423685,0.314810167461,0.314810167461,0.629620334921,-1.94289029309e-16,-1.94289029309e-16,0.08,36945.7562514
2014-12-12,36887.5242413,-0.0010516373229,-0.00157614882075,18.7411643773,0.637309573286,0.000507261625659,1.72498721896e-05,9370.58218866,0.25363081283,0.351455934857,0.351455934857,0.702911869715,-1.94289029309e-16,-1.94289029309e-16,0.08,36887.5242413
2014-12-15,36906.374821,0.00156568774082,0.000511028596806,36.7726404698,2.13112427125,0.00099688556568,5.77735783327e-05,18386.3202349,0.49844278284,0.330072086222,0.330072086222,0.660144172445,3.46944695195e-17,2.77555756156e-17,0.08,36906.374821
2014-12-16,37067.8187421,0.00583304674791,0.00437441829178,53.1651946016,0.667493925046,0.00144054231442,1.80861417108e-05,26582.5973008,0.72027115721,0.446439199119,0.446439199119,0.892878398238,2.77555756156e-16,3.05311331772e-16,0.08,37067.8187421
2014-12-17,36993.6725126,-0.000768536982082,-0.0020002857488,44.7514714009,0.906768619854,0.00120728634485,2.44624218695e-05,22375.7357004,0.603643172427,0.337167723512,0.337167723512,0.674335447023,2.49800180541e-16,1.97758476261e-16,0.08,36993.6725126
2014-12-18,36845.9228926,-0.00299571579115,-0.0039939159833,36.2436349915,0.683456018926,0.000979725248397,1.84749437541e-05,18121.8174957,0.489862624198,0.38873784579,0.38873784579,0.777475691579,5.55111512313e-17,0,0.08,36845.9228926
2014-12-19,36793.5387322,-0.000489485645177,-0.00142170846351,33.5637659903,0.78484409268,0.000910922114452,2.13007038789e-05,16781.8829952,0.455461057226,0.224651799341,0.224651799341,0.449303598682,-2.77555756156e-17,-4.51028103754e-17,0.08,36793.5387322
2014-12-22,36831.0779798,0.00169192893104,0.00102026738501,23.3540542024,1.35875090635,0.000634732483125,3.69290629054e-05,11677.0271012,0.317366241562,0.225118535483,0.225118535483,0.450237070967,-1.66533453694e-16,-1.31838984174e-16,0.08,36831.0779798
2014-12-23,36774.9248253,-0.000800910121802,-0.00152461338502,26.2004503171,0.454321004662,0.000711368000998,1.23352622183e-05,13100.2251585,0.355684000499,0.342140175186,0.342140175186,0.684280350373,-8.32667268469e-17,-5.55111512313e-17,0.08,36774.9248253
2014-12-24,36754.6305337,0.000461185768158,-0.000551851341825,36.5649290869,0.689434477928,0.000994289703124,1.87474068595e-05,18282.4645435,0.497144851562,0.267451565319,0.267451565319,0.534903130638,-1.38777878078e-17,-4.16333634234e-17,0.08,36754.6305337
2014-12-26,36786.4991705,0.00146318729192,0.000867064541005,20.8330020413,1.07726942126,0.000566812990332,2.93097605829e-05,10416.5010207,0.283406495166,0.339660395066,0.339660395066,0.679320790132,-4.16333634234e-17,-5.55111512313e-17,0.08,36786.4991705
2014-12-29,36791.245376,0.000951552756381,0.000129020309221,28.2041302524,2.05395893283,0.00076669786167,5.58345854903e-05,14102.0651262,0.383348930835,0.258383358111,0.258383358111,0.516766716222,5.55111512313e-17,2.77555756156e-17,0.08,36791.245376
2014-12-30,36773.418685,0.000481863359117,-0.000484536222435,35.0341539702,0.520890165991,0.000952241589327,1.41579922252e-05,17517.0769851,0.476120794663,0.248871703172,0.248871703172,0.497743406345,4.85722573274e-17,6.15826833972e-17,0.08,36773.418685
2014-12-31,36717.4154934,-0.000727643689915,-0.00152292589618,28.74377358,0.501471963814,0.000781645400614,1.36368056533e-05,14371.88679,0.390822700307,0.305032938276,0.305032938276,0.610065876552,-1.94289029309e-16,-1.66533453694e-16,0.08,36717.4154934
2015-01-02,36693.0366265,0.000819795693874,-0.000663959229925,53.2522464511,1.22739957631,0.00145032665659,3.34282672084e-05,26626.1232256,0.725163328295,0.347874779293,0.347874779293,0.695749558586,-1.11022302463e-16,-1.80411241502e-16,0.08,36693.0366265
2015-01-05,36670.9824722,0.000176994538596,-0.000601044673738,26.45033386,2.09828745502,0.000720854317108,5.71848952263e-05,13225.16693,0.360427158554,0.273836946433,0.273836946433,0.547673892866,-4.16333634234e-17,-1.11022302463e-16,0.08,36670.9824722
2015-01-06,36657.0494999,0.000661327234938,-0.000379945432376,37.6342522873,0.550239444542,0.00102626790313,1.50047641881e-05,18817.1261437,0.513133951563,0.33223289697,0.33223289697,0.664465793941,-6.93889390391e-18,-2.77555756156e-17,0.08,36657.0494999
2015-01-07,36593.2235459,-0.000730707258903,-0.00174116452151,36.3730570847,0.667324808205,0.000992252720306,1.82045422997e-05,18186.5285424,0.496126360153,0.230699721839,0.230699721839,0.461399443678,2.22044604925e-16,1.70002900646e-16,0.08,36593.2235459
2015-01-08,36589.6049599,0.000365757390904,-9.88867778339e-05,16.5402500459,0.46257789004,0.000452003088089,1.26410806487e-05,8270.12502294,0.226001544045,0.210593070169,0.210593070169,0.421186140338,5.96744875736e-16,5.62050406216e-16,0.08,36589.6049599
2015-01-09,36523.9880577,-0.00116067644197,-0.001793320869,22.7259895423,0.422220123002,0.000621105080724,1.15393463106e-05,11362.9947711,0.310552540362,0.29165159434,0.29165159434,0.58330318868,3.05311331772e-16,2.77555756156e-16,0.08,36523.9880577
2015-01-12,36502.7615798,-0.000107460057123,-0.000581165394293,15.5505484587,1.75105961896,0.000425762609332,4.79427278367e-05,7775.27422935,0.212881304666,0.307825472576,0.307825472576,0.615650945152,3.05311331772e-16,2.91433543964e-16,0.08,36502.7615798
2015-01-13,36496.1495125,0.000207012366064,-0.000181138823957,13.5528928211,0.615697525131,0.000371284040839,1.68671491822e-05,6776.44641056,0.185642020419,0.330518537649,0.330518537649,0.661037075299,5.55111512313e-17,5.55111512313e-17,0.08,36496.1495125
2015-01-14,36318.0446496,-0.00391724794881,-0.00488010010204,34.479428802,0.660967340642,0.000944741548425,1.81106048027e-05,17239.714401,0.472370774212,0.371144013073,0.371144013073,0.742288026145,3.88578058619e-16,4.57966997658e-16,0.08,36318.0446496
2015-01-15,36147.2310027,-0.00381236047254,-0.00470327211928,31.6175813028,0.738587662367,0.000870574988492,2.03366582506e-05,15808.7906514,0.435287494246,0.362543531721,0.362543531721,0.725087063442,1.66533453694e-16,2.671474153e-16,0.08,36147.2310027
2015-01-16,36055.0972655,-0.00176659332055,-0.00254884633387,27.5582012084,0.718079166557,0.000762387614319,1.98653989984e-05,13779.1006042,0.381193807159,0.339941479607,0.339941479607,0.679882959214,4.4408920985e-16,5.13478148889e-16,0.08,36055.0972655
2015-01-20,35953.0303903,-0.00197692702173,-0.0028308584077,28.1021960313,2.68638314779,0.000779423664409,7.45077215576e-05,14051.0980157,0.389711832205,0.32366305251,0.32366305251,0.647326105021,1.11022302463e-16,1.2490009027e-16,0.08,35953.0303903
2015-01-21,35895.4135483,-0.000994288642229,-0.00160255870816,21.2315265459,0.637625619897,0.000590535104145,1.77349617814e-05,10615.7632729,0.295267552072,0.371471546185,0.371471546185,0.742943092371,5.55111512313e-17,1.04083408559e-16,0.08,35895.4135483
2015-01-22,35978.7103299,0.00281804722654,0.00232054107662,17.1275520205,0.730636973796,0.000477151544652,2.03546052704e-05,8563.77601025,0.238575772326,0.291378948949,0.291378948949,0.582757897897,2.77555756156e-17,5.55111512313e-17,0.08,35978.7103299
2015-01-23,35870.3884625,-0.00217842398669,-0.00301072124272,29.3705468804,0.574435002765,0.000816331286227,1.59659698054e-05,14685.2734402,0.408165643114,0.226925325795,0.226925325795,0.45385065159,-1.07552855511e-16,-9.71445146547e-17,0.08,35870.3884625
2015-01-26,35879.3650856,0.000942459520965,0.000250251629257,23.4917002866,1.33806568574,0.000654905098426,3.73027932814e-05,11745.8501433,0.327452549213,0.286249292198,0.286249292198,0.572498584396,-6.24500451352e-17,-1.38777878078e-17,0.08,35879.3650856
2015-01-27,35886.4058957,0.000795173905067,0.000196235636351,20.9267608146,0.562763992344,0.000583253375992,1.56848927232e-05,10463.3804073,0.291626687996,0.262997335703,0.262997335703,0.525994671406,-1.38777878078e-16,-8.32667268469e-17,0.08,35886.4058957
2015-01-28,35755.4233255,-0.00280793509828,-0.00364992165865,29.6987191826,0.517152281562,0.000827575747456,1.44108129152e-05,14849.3595913,0.413787873728,0.217072115216,0.217072115216,0.434144230432,-6.93889390391e-17,-6.93889390391e-17,0.08,35755.4233255
2015-01-29,35767.3244164,0.00082420405212,0.00033284715241,17.1433859875,0.425287965574,0.000479462537232,1.18943624776e-05,8571.69299373,0.239731268616,0.259498810343,0.259498810343,0.518997620686,1.38777878078e-16,1.94289029309e-16,0.08,35767.3244164
2015-01-30,35679.6873829,-0.00177707900201,-0.00245019818741,23.5670926514,0.508579623847,0.000658900072508,1.42191128955e-05,11783.5463257,0.329450036254,0.304158828551,0.304158828551,0.608317657102,1.66533453694e-16,1.52655665886e-16,0.08,35679.6873829
2015-02-02,35729.1735,0.00205456997482,0.00138695489671,22.0363588817,1.78393839739,0.000617616366566,4.99987115426e-05,11018.1794408,0.308808183283,0.25542920341,0.25542920341,0.510858406819,2.49800180541e-16,2.91433543964e-16,0.08,35729.1735
2015-02-03,35605.9010769,-0.00311926552735,-0.00345018960991,11.323574135,0.50006982606,0.000316927961824,1.39961207348e-05,5661.78706752,0.158463980912,0.217834837896,0.217834837896,0.435669675792,6.93889390391e-17,1.11022302463e-16,0.08,35605.9010769
2015-02-04,35626.6446262,0.00123013442318,0.000582587400591,22.6314976568,0.424997572012,0.000635610867085,1.19361555012e-05,11315.7488284,0.317805433542,0.20786156698,0.20786156698,0.41572313396,0,4.51028103754e-17,0.08,35626.6446262
2015-02-05,35682.72769,0.00205970339395,0.00157418876675,16.8914811841,0.405775900178,0.000474124952303,1.1389674903e-05,8445.74059205,0.237062476151,0.166737422276,0.166737422276,0.333474844551,2.08166817117e-17,1.38777878078e-17,0.08,35682.72769
2015-02-06,35621.8984572,-0.00128465344028,-0.00170472485568,14.6632859243,0.326008001906,0.000410935118292,9.13629711099e-06,7331.64296214,0.205467559146,0.195018292959,0.195018292959,0.390036585918,2.42861286637e-17,6.93889390391e-18,0.08,35621.8984572
2015-02-09,35567.3809157,-0.000484649014433,-0.00153045019596,36.111463742,1.14195975272,0.00101374337995,3.20578015823e-05,18055.731871,0.506871689973,0.366993253529,0.366993253529,0.733986507057,-6.93889390391e-17,-9.71445146547e-17,0.08,35567.3809157
2015-02-10,35524.7874631,-0.000734206174793,-0.00119754256541,15.764429632,0.715232265301,0.000443227171249,2.01092193714e-05,7882.214816,0.221613585624,0.321851217623,0.321851217623,0.643702435247,-1.5959455979e-16,-1.94289029309e-16,0.08,35524.7874631
2015-02-11,35491.7981378,-0.000194894251334,-0.000928628365829,25.4392445759,0.626503895935,0.000716098431338,1.76356831575e-05,12719.622288,0.358049215669,0.204841249724,0.204841249724,0.409682499447,-1.38777878078e-17,-6.93889390391e-18,0.08,35491.7981378
2015-02-12,35357.9729313,-0.00320749117186,-0.00377059527922,19.5872110468,0.398366262218,0.000551879929293,1.1224178067e-05,9793.60552339,0.275939964647,0.255918911735,0.255918911735,0.511837823469,-2.77555756156e-16,-2.49800180541e-16,0.08,35357.9729313
2015-02-13,35451.4128311,0.00308137393247,0.00264268259839,15.0154130853,0.49582323034,0.000424668380013,1.40229540676e-05,7507.70654264,0.212334190007,0.230751665767,0.230751665767,0.461503331534,-1.11022302463e-16,-6.93889390391e-17,0.08,35451.4128311
2015-02-17,35443.6223038,0.000439451767405,-0.000219752235588,21.5767329619,1.79298028812,0.000608628295429,5.05757075653e-05,10788.366481,0.304314147714,0.285268961814,0.285268961814,0.570537923629,-4.85722573274e-17,0,0.08,35443.6223038
2015-02-18,35373.1647535,-0.00137432329094,-0.00198787668167,21.1925291462,0.554025497948,0.000597922214737,1.56311759898e-05,10596.2645731,0.298961107369,0.329999779126,0.329999779126,0.659999558253,-5.55111512313e-17,1.38777878078e-17,0.08,35373.1647535
2015-02-19,35262.36262,-0.00200484435241,-0.00313237829517,39.2448200017,0.639623920859,0.00110945176309,1.80821796782e-05,19622.4100009,0.554725881543,0.444892131153,0.444892131153,0.889784262306,-2.91433543964e-16,-2.08166817117e-16,0.08,35262.36262
2015-02-20,35200.1390062,-0.000304132553811,-0.00176459003815,50.6395678339,0.859613570165,0.00143607983332,2.43776510221e-05,25319.7839169,0.718039916661,0.353419027109,0.353419027109,0.706838054218,-4.16333634234e-17,-5.89805981832e-17,0.08,35200.1390062
2015-02-23,35139.8808469,-0.000647960272167,-0.00171187276527,35.4048705712,2.04499707644,0.00100581621467,5.80962784289e-05,17702.4352856,0.502908107336,0.338978939616,0.338978939616,0.677957879233,-1.87350135405e-16,-1.79543879764e-16,0.08,35139.8808469
2015-02-24,35133.6876848,0.000592600084474,-0.00017624311819,26.3643637619,0.652694769739,0.000750269014192,1.85741884721e-05,13182.1818809,0.375134507096,0.221738681252,0.221738681252,0.443477362504,4.85722573274e-17,6.93889390391e-17,0.08,35133.6876848
2015-02-25,35231.0398733,0.00349765584929,0.0027709072101,25.1064831352,0.426876579437,0.000714598574464,1.21500647261e-05,12553.2415676,0.357299287232,0.229229150325,0.229229150325,0.45845830065,-1.38777878078e-17,-6.93889390391e-18,0.08,35231.0398733
2015-02-26,35173.5812953,-0.000831684085302,-0.00163090780752,27.7149632999,0.442519525217,0.00078666322083,1.25605013877e-05,13857.48165,0.393331610415,0.29069128398,0.29069128398,0.581382567961,-5.55111512313e-17,-4.51028103754e-17,0.08,35173.5812953
2015-02-27,35153.8186754,0.000256636827504,-0.000561859757326,28.2292011796,0.56025498679,0.000802568295296,1.59282895332e-05,14114.6005898,0.401284147648,0.271725631102,0.271725631102,0.543451262205,-8.32667268469e-17,-5.55111512313e-17,0.08,35153.8186754
2015-03-02,35059.2443904,-0.00212436026453,-0.00269029905113,18.3246858858,1.57022359977,0.00052127155957,4.46672270305e-05,9162.3429429,0.260635779785,0.270612689163,0.270612689163,0.541225378326,1.11022302463e-16,4.16333634234e-17,0.08,35059.2443904
2015-03-03,35046.1791043,0.000142011831466,-0.000372663083372,17.5242519001,0.519861720795,0.000499846822281,1.48280925569e-05,8762.12595006,0.24992341114,0.268514408308,0.268514408308,0.537028816616,9.71445146547e-17,4.16333634234e-17,0.08,35046.1791043
2015-03-04,34999.9489211,-0.000747281149246,-0.0013191219234,19.5251956124,0.515638577844,0.000557127655892,1.47131182635e-05,9762.59780618,0.278563827946,0.270953659409,0.270953659409,0.541907318819,1.11022302463e-16,8.32667268469e-17,0.08,34999.9489211
2015-03-05,35049.1691753,0.00197213987122,0.00140629502973,19.284904153,0.519636396675,0.00055099806564,1.4846775858e-05,9642.45207651,0.27549903282,0.24555455335,0.24555455335,0.491109106699,6.93889390391e-17,5.55111512313e-17,0.08,35049.1691753
2015-03-06,35089.8279662,0.00221678010526,0.00116005006212,36.5659219407,0.471588114089,0.00104327499912,1.34550440192e-05,18282.9609703,0.521637499562,0.323338882368,0.323338882368,0.646677764736,2.77555756156e-17,-2.77555756156e-17,0.08,35089.8279662
2015-03-09,34987.6729454,-0.00187756521067,-0.00291124313514,34.4065001438,1.86508039842,0.000980526327371,5.31515971016e-05,17203.2500719,0.490263163686,0.353962961171,0.353962961171,0.707925922342,-2.56739074445e-16,-2.42861286637e-16,0.08,34987.6729454
2015-03-10,34992.4629459,0.000937404156485,0.000136905373874,27.328995609,0.678593990151,0.000781103551861,1.93952307491e-05,13664.4978045,0.390551775931,0.339571575248,0.339571575248,0.679143150495,-8.32667268469e-17,-8.32667268469e-17,0.08,34992.4629459
2015-03-11,34898.1431242,-0.00185333366038,-0.00269543249277,28.8160192705,0.651092918593,0.000823492170731,1.86066616574e-05,14408.0096353,0.411746085366,0.317288043184,0.317288043184,0.634576086367,-2.77555756156e-17,0,0.08,34898.1431242
2015-03-12,35034.4478967,0.00500070632971,0.00390578868278,37.6038659822,0.606726769459,0.00107753200072,1.73856462018e-05,18801.9329911,0.538766000362,0.421446408477,0.421446408477,0.842892816955,-3.05311331772e-16,-3.60822483003e-16,0.08,35034.4478967
2015-03-13,34963.7139041,-0.000456755985933,-0.00201898408232,53.9227499557,0.809048889811,0.00153913514249,2.30929538892e-05,26961.3749778,0.769567571247,0.225128432219,0.225128432219,0.450256864439,-1.2490009027e-16,-1.4224732503e-16,0.08,34963.7139041
2015-03-16,34934.8557511,2.1777305185e-06,-0.000825374358057,27.6403778472,1.29391661849,0.00079054467506,3.70074135155e-05,13820.1889236,0.39527233753,0.337210956889,0.337210956889,0.674421913779,-4.4408920985e-16,-4.82253126322e-16,0.08,34934.8557511
2015-03-17,34894.0432771,-0.000569873665742,-0.00116824510068,20.258517511,0.645502254062,0.000579894122228,1.84773127063e-05,10129.2587555,0.289947061114,0.365070145083,0.365070145083,0.730140290166,-7.77156117238e-16,-8.98586760556e-16,0.08,34894.0432771
2015-03-18,34926.994841,0.00169601948698,0.000944332064908,25.5313984536,0.698014983106,0.000731683578508,2.00038435662e-05,12765.6992268,0.365841789254,0.241519357256,0.241519357256,0.483038714511,-1.80411241502e-16,-1.73472347598e-16,0.08,34926.994841
2015-03-19,34891.1472008,-0.000277043576644,-0.00102635913615,25.7091190183,0.462221662733,0.000736081622118,1.32339373839e-05,12854.5595091,0.368040811059,0.309572055426,0.309572055426,0.619144110853,4.16333634234e-17,1.38777878078e-17,0.08,34891.1472008
2015-03-20,34947.7611787,0.00297367143371,0.00162258860809,46.548976371,0.591853378363,0.00133411997327,1.69628523521e-05,23274.4881855,0.667059986637,0.366207731652,0.366207731652,0.732415463304,-2.77555756156e-17,-1.38777878078e-17,0.08,34947.7611787
2015-03-23,34902.3422709,-0.000157913208423,-0.00129962281572,37.7963907985,2.10380389275,0.00108151107606,6.01985312305e-05,18898.1953992,0.540755538032,0.403134488071,0.403134488071,0.806268976142,2.22044604925e-16,1.52655665886e-16,0.08,34902.3422709
2015-03-24,34869.7983138,0.000231377440121,-0.000932429030092,39.8485943422,0.770977418295,0.00114171690922,2.20895609902e-05,19924.2971711,0.570858454611,0.375759742005,0.375759742005,0.751519484011,4.4408920985e-16,4.85722573274e-16,0.08,34869.7983138
2015-03-25,34802.8693477,-0.00115622212498,-0.00191939642234,25.893779503,0.717954324283,0.000742584722456,2.05895749044e-05,12946.8897515,0.371292361228,0.337450818189,0.337450818189,0.674901636379,4.4408920985e-16,4.71844785466e-16,0.08,34802.8693477
2015-03-26,34793.9935829,0.000608730672352,-0.000255029684994,29.4178179473,0.64352091708,0.000845269901555,1.84904557912e-05,14708.9089737,0.422634950777,0.341973053859,0.341973053859,0.683946107718,9.43689570931e-16,8.881784197e-16,0.08,34793.9935829
2015-03-27,34716.8345685,-0.00101221391151,-0.00221759580928,41.2880714819,0.65197853378,0.00118664364824,1.87382495265e-05,20644.0357409,0.593321824118,0.381815127254,0.381815127254,0.763630254507,-4.30211422042e-16,-4.37150315946e-16,0.08,34716.8345685
2015-03-30,34714.1801351,0.00111936853897,-7.64595470599e-05,39.3363938995,2.17897193566,0.00113306395553,6.27641305074e-05,19668.1969498,0.566531977763,0.402566694274,0.402566694274,0.805133388548,2.98372437868e-16,2.91433543964e-16,0.08,34714.1801351
2015-03-31,34732.9058516,0.0016250676117,0.000539425573591,36.9214323009,0.765740972132,0.00106358358911,2.20584490013e-05,18460.7161504,0.531791794553,0.355122272148,0.355122272148,0.710244544296,1.2490009027e-16,1.52655665886e-16,0.08,34732.9058516
2015-04-01,34600.4566531,-0.00266422662002,-0.00381336358784,39.2370070208,0.675859092839,0.00112967821317,1.94587546382e-05,19618.5035104,0.564839106587,0.338339911151,0.338339911151,0.676679822301,2.22044604925e-16,1.64798730218e-16,0.08,34600.4566531
2015-04-02,34545.1421981,-0.000527458871738,-0.00159866257054,36.4226732878,0.641463859166,0.00105266452559,1.85391732137e-05,18211.3366439,0.526332262793,0.203729278773,0.203729278773,0.407458557547,-2.98372437868e-16,-2.91433543964e-16,0.08,34545.1421981
2015-04-06,34538.9582,0.000655945368917,-0.000179012091396,27.3011802167,1.54254397921,0.000790304467705,4.46529926079e-05,13650.5901083,0.395152233852,0.364667816023,0.364667816023,0.729335632046,-4.57966997658e-16,-4.51028103754e-16,0.08,34538.9582
2015-04-07,34534.9975775,0.000960843069573,-0.000114671161259,36.4569905716,0.690150490658,0.00105553243269,1.99817981383e-05,18228.4952858,0.527766216347,0.31905326097,0.31905326097,0.63810652194,-2.01227923213e-16,-1.80411241502e-16,0.08,34534.9975775
2015-04-08,34541.5694539,0.000959950749207,0.000190296130074,25.9762667857,0.603753621628,0.000752172248669,1.74823704641e-05,12988.1333928,0.376086124335,0.380303792258,0.380303792258,0.760607584516,-2.42861286637e-16,-2.01227923213e-16,0.08,34541.5694539
2015-04-09,34462.647469,-0.00145091691103,-0.00228484073508,28.0852409834,0.719796704321,0.000813085260091,2.08385639593e-05,14042.6204917,0.406542630046,0.303027381684,0.303027381684,0.606054763367,-1.11022302463e-16,-1.38777878078e-16,0.08,34462.647469
2015-04-10,34461.1612359,0.00108277308319,-4.31259128481e-05,38.2292341133,0.57222607279,0.00110929475595,1.66042400923e-05,19114.6170567,0.554647377973,0.372128728363,0.372128728363,0.744257456726,-1.94289029309e-16,-2.08166817117e-16,0.08,34461.1612359
2015-04-13,34461.6114125,0.00114545594374,1.3063304797e-05,36.9155124733,2.10805283977,0.00107122079319,6.11718457583e-05,18457.7562366,0.535610396594,0.276791497432,0.276791497432,0.553582994864,-2.22044604925e-16,-2.08166817117e-16,0.08,34461.6114125
2015-04-14,34400.7122048,-0.000302970331816,-0.00176716076875,49.9356944179,0.522667453522,0.00144902377954,1.51666573935e-05,24967.8472089,0.724511889768,0.423317933861,0.423317933861,0.846635867722,-3.88578058619e-16,-4.30211422042e-16,0.08,34400.7122048
2015-04-15,34377.9311991,0.000237523778849,-0.000662224825901,30.1540509778,0.797941830898,0.000876553101525,2.31955032253e-05,15077.0254889,0.438276550762,0.331700239939,0.331700239939,0.663400479878,5.55111512313e-17,6.24500451352e-17,0.08,34377.9311991
2015-04-16,34312.0635198,-0.000911203019856,-0.00191598729439,33.9175735352,0.624831124787,0.000986608918923,1.81753556131e-05,16958.7867676,0.493304459461,0.250425898301,0.250425898301,0.500851796602,-1.66533453694e-16,-1.80411241502e-16,0.08,34312.0635198
2015-04-17,34272.0119087,-0.000452776209693,-0.00116727491455,24.0450959416,0.470829004356,0.000700776737829,1.37219670302e-05,12022.5479708,0.350388368915,0.331947125924,0.331947125924,0.663894251847,-5.27355936697e-16,-5.9934696095e-16,0.08,34272.0119087
2015-04-20,34295.7161365,0.00132301087757,0.000691649730327,19.7679078498,1.8701089073,0.000576794496408,5.45666508367e-05,9883.95392489,0.288397248204,0.369000487887,0.369000487887,0.738000975774,-4.16333634234e-16,-4.57966997658e-16,0.08,34295.7161365
2015-04-21,34272.9635806,0.000411852787197,-0.000663422681066,36.1839101193,0.693432108867,0.00105505626345,2.02192048157e-05,18091.9550596,0.527528131724,0.332531937625,0.332531937625,0.665063875251,-5.55111512313e-17,-5.55111512313e-17,0.08,34272.9635806
2015-04-22,34220.1705129,-6.44270708673e-05,-0.00154037066567,49.9604758669,0.624485204801,0.00145772266672,1.82209280891e-05,24980.2379335,0.728861333358,0.418920926215,0.418920926215,0.837841852431,-6.93889390391e-17,-8.32667268469e-17,0.08,34220.1705129
2015-04-23,34139.2043009,-0.000982350641499,-0.00236603765357,46.5644961455,0.785509343917,0.00136073244077,2.29545712995e-05,23282.2480728,0.680366220385,0.341152895631,0.341152895631,0.682305791263,1.00613961607e-16,1.11022302463e-16,0.08,34139.2043009
2015-04-24,33935.5188264,-0.0048190492115,-0.00596632167193,38.5287942083,0.638174706948,0.00112857915107,1.86933093497e-05,19264.3971041,0.564289575537,0.271831015654,0.271831015654,0.543662031307,3.33066907388e-16,4.31946145518e-16,0.08,33935.5188264
2015-04-27,33826.7999213,-0.00223058730814,-0.00320369067383,31.506374181,1.51639340537,0.000928418815169,4.46845505184e-05,15753.1870905,0.464209407584,0.306105814909,0.306105814909,0.612211629817,3.33066907388e-16,4.16333634234e-16,0.08,33826.7999213
2015-04-28,33748.587372,-0.00153035781402,-0.00231214745177,25.8780674017,0.567374255104,0.000765016716388,1.67729213649e-05,12939.0337008,0.382508358194,0.300683831158,0.300683831158,0.601367662316,1.94289029309e-16,2.35922392733e-16,0.08,33748.587372
2015-04-29,33708.3077514,-0.000555019714973,-0.00119352019481,20.9924533654,0.5560358656,0.000622024653476,1.64758263648e-05,10496.2266827,0.311012326738,0.291505065312,0.291505065312,0.583010130624,1.38777878078e-17,5.55111512313e-17,0.08,33708.3077514
2015-04-30,33719.7086485,0.000862972287617,0.000338222170321,17.1500196819,0.538418764528,0.000508777237005,1.59728802911e-05,8575.00984094,0.254388618502,0.325251787553,0.325251787553,0.650503575106,-6.93889390391e-18,-2.08166817117e-17,0.08,33719.7086485
2015-05-01,33763.8860845,0.00208605141101,0.00131013694382,25.5626565909,0.600953178832,0.000758092451433,1.78220157563e-05,12781.3282955,0.379046225716,0.230473380281,0.230473380281,0.460946760562,-6.93889390391e-18,-3.81639164715e-17,0.08,33763.8860845
2015-05-04,33731.9686078,0.000153500123456,-0.000945314074122,35.8210576212,1.2791797738,0.00106092816246,3.78860351147e-05,17910.5288106,0.530464081232,0.379138216708,0.379138216708,0.758276433416,0,2.77555756156e-17,0.08,33731.9686078
2015-05-05,33639.1116173,-0.00186472347395,-0.00275278894983,29.2554253335,0.700771420493,0.000867290779073,2.07746968059e-05,14627.7126667,0.433645389536,0.331533813072,0.331533813072,0.663067626144,-5.55111512313e-17,-8.32667268469e-17,0.08,33639.1116173
2015-05-06,33648.0112996,0.000753120525398,0.000264563535183,15.8235270736,0.611096051663,0.000470390753883,1.81662363327e-05,7911.76353682,0.235195376941,0.280091442077,0.280091442077,0.560182884154,5.55111512313e-17,3.46944695195e-17,0.08,33648.0112996
2015-05-07,33665.823745,0.00127511460468,0.000529375873211,24.5762132079,0.51641205523,0.000730391255193,1.53474762782e-05,12288.1066039,0.365195627596,0.321573172266,0.321573172266,0.643146344533,1.66533453694e-16,1.66533453694e-16,0.08,33665.823745
2015-05-08,33640.7946544,0.000339434722868,-0.00074345694923,35.863233278,0.593206889788,0.0010652712243,1.76204477954e-05,17931.616639,0.532635612151,0.311313451956,0.311313451956,0.622626903913,-1.94289029309e-16,-1.80411241502e-16,0.08,33640.7946544
2015-05-11,33564.6670446,-0.00107487149928,-0.00226295515793,38.2465169828,1.72156140993,0.00113690884463,5.11748140202e-05,19123.2584914,0.568454422313,0.285606895319,0.285606895319,0.571213790639,-2.49800180541e-16,-3.60822483003e-16,0.08,33564.6670446
2015-05-12,33538.997932,0.000282084359059,-0.000764765893031,34.6119034256,0.525276731344,0.0010312005592,1.56496928942e-05,17305.9517128,0.515600279598,0.410606740691,0.410606740691,0.821213481382,-2.22044604925e-16,-2.08166817117e-16,0.08,33538.997932
2015-05-13,33525.7053624,0.00061444250742,-0.000396331745205,33.1457616712,0.754593897365,0.000988275253135,2.24989994899e-05,16572.8808356,0.494137626567,0.245679895667,0.245679895667,0.491359791334,-2.22044604925e-16,-2.49800180541e-16,0.08,33525.7053624
2015-05-14,33538.7942796,0.00118277974139,0.000390414371704,26.113287825,0.451320098389,0.000778903457592,1.34619120913e-05,13056.6439125,0.389451728796,0.291478735477,0.291478735477,0.582957470954,-2.77555756156e-16,-2.77555756156e-16,0.08,33538.7942796
2015-05-15,33538.6838866,0.000798091653302,-3.29150236844e-06,26.3417620385,0.535662758688,0.00078541171811,1.59714375604e-05,13170.8810192,0.392705859055,0.283091874861,0.283091874861,0.566183749722,-2.77555756156e-17,-1.38777878078e-17,0.08,33538.6838866
2015-05-18,33490.3441333,-0.000640851802553,-0.00144131336352,25.2856827797,1.56074447701,0.000753925910307,4.65356506621e-05,12642.8413899,0.376962955154,0.339150843805,0.339150843805,0.67830168761,-1.80411241502e-16,-1.94289029309e-16,0.08,33490.3441333
2015-05-19,33526.3354131,0.00202990640518,0.0010746763205,31.3686128392,0.622371423131,0.000936646476797,1.85836078797e-05,15684.3064196,0.468323238398,0.318445009406,0.318445009406,0.636890018812,-1.38777878078e-16,-1.38777878078e-16,0.08,33526.3354131
2015-05-20,33513.2463576,0.000946471081473,-0.000390411160498,44.2357600305,0.585002421698,0.00131943320036,1.74490416113e-05,22117.8800152,0.659716600179,0.368907897123,0.368907897123,0.737815794247,-1.11022302463e-16,-1.31838984174e-16,0.08,33513.2463576
2015-05-21,33566.8629287,0.00231846816968,0.00159986205215,23.4053826872,0.677441163812,0.000698391986184,2.02141313492e-05,11702.6913436,0.349195993092,0.296544695085,0.296544695085,0.59308939017,-8.32667268469e-17,-8.67361737988e-17,0.08,33566.8629287
2015-05-22,33543.4384135,2.57025346511e-05,-0.00069784642346,23.7418399247,0.545428774365,0.000707299933722,1.62490243882e-05,11870.9199624,0.353649966861,0.299833538148,0.299833538148,0.599667076296,-2.77555756156e-17,1.38777878078e-17,0.08,33543.4384135
2015-05-26,33494.5006854,-0.00049608646049,-0.0014589359466,30.0929103135,2.20437212519,0.00089713254624,6.5716939868e-05,15046.4551568,0.44856627312,0.379155379566,0.379155379566,0.758310759133,-1.38777878078e-16,-1.45716771982e-16,0.08,33494.5006854
2015-05-27,33402.2403017,-0.00203737195911,-0.00275449347847,23.3237576261,0.695869595658,0.000696345882124,2.07756372365e-05,11661.878813,0.348172941062,0.254338402617,0.254338402617,0.508676805233,-8.32667268469e-17,-4.85722573274e-17,0.08,33402.2403017
2015-05-28,33375.1506598,5.40801966624e-05,-0.000811012723703,28.43053627,0.465505339296,0.000851156569537,1.39363508283e-05,14215.268135,0.425578284768,0.294707408817,0.294707408817,0.589414817634,-1.87350135405e-16,-1.52655665886e-16,0.08,33375.1506598
2015-05-29,33366.9075353,0.000253011520363,-0.000246983889026,16.1484684644,0.538953653142,0.000483847058221,1.61483511681e-05,8074.23423222,0.241923529111,0.261787925316,0.261787925316,0.523575850632,-8.32667268469e-17,-8.32667268469e-17,0.08,33366.9075353
2015-06-01,33322.6806128,-0.00068085166988,-0.00132547262357,20.0731085519,1.43589920513,0.00060158732213,4.30336315588e-05,10036.554276,0.300793661065,0.272019392241,0.272019392241,0.544038784482,-4.16333634234e-17,-5.55111512313e-17,0.08,33322.6806128
2015-06-02,33331.8662016,0.000882564128335,0.000275655758247,19.7271334857,0.496680291953,0.00059200319791,1.49051721776e-05,9863.56674287,0.296001598955,0.349186962385,0.349186962385,0.69837392477,2.77555756156e-17,2.77555756156e-17,0.08,33331.8662016
2015-06-03,33256.1742675,-0.00125872783351,-0.00227085797436,33.0984300988,0.637756334771,0.000992996608667,1.91335321855e-05,16549.2150494,0.496498304333,0.349191000932,0.349191000932,0.698382001863,4.16333634234e-17,2.08166817117e-17,0.08,33256.1742675
2015-06-04,33250.5392976,0.000605161039551,-0.000169441315332,25.123995462,0.636315439979,0.000755468601408,1.91337534757e-05,12561.997731,0.377734300704,0.252772311734,0.252772311734,0.505544623468,1.38777878078e-17,-3.29597460436e-17,0.08,33250.5392976
2015-06-05,33141.0661728,-0.00221478079202,-0.00329237140494,35.3699311759,0.460537845734,0.00106374007529,1.38505376293e-05,17684.965588,0.531870037646,0.42903268845,0.42903268845,0.8580653769,-2.77555756156e-17,-5.37764277553e-17,0.08,33141.0661728
2015-06-08,33140.116361,0.000869758306551,-2.86596625172e-05,27.437225136,2.33730422765,0.000827892047679,7.0525921389e-05,13718.612568,0.413946023839,0.419116523096,0.419116523096,0.838233046193,-4.16333634234e-16,-4.37150315946e-16,0.08,33140.116361
2015-06-09,33057.1552787,-0.00180331814245,-0.00250334311944,22.4378368456,0.761072347629,0.000677059688058,2.29652889368e-05,11218.9184228,0.338529844029,0.368681492199,0.368681492199,0.737362984398,-2.22044604925e-16,-3.33066907388e-16,0.08,33057.1552787
2015-06-10,33030.7231599,-0.000218848373215,-0.000799588428625,18.5298026082,0.667811580055,0.00056053832981,2.02017255999e-05,9264.90130411,0.280269164905,0.353326563504,0.353326563504,0.706653127007,-1.66533453694e-16,-1.83880688454e-16,0.08,33030.7231599
2015-06-11,32997.4031755,-0.000501775022138,-0.00100875733925,16.1065058838,0.639486679678,0.000487621957466,1.9360359644e-05,8053.25294188,0.243810978733,0.283292609119,0.283292609119,0.566585218238,0,-2.08166817117e-17,0.08,32997.4031755
2015-06-12,32938.5352835,-0.00122989071949,-0.00178401590032,17.772477183,0.512214818616,0.00053860229814,1.55228826915e-05,8886.23859148,0.26930114907,0.343195384708,0.343195384708,0.686390769415,3.33066907388e-16,2.09901540593e-16,0.08,32938.5352835
2015-06-15,32856.9046627,-0.0015707263681,-0.00247827112439,28.0349451208,1.85824985562,0.000851129076611,5.6415679678e-05,14017.4725604,0.425564538305,0.405664530503,0.405664530503,0.811329061006,0,-1.2490009027e-16,0.08,32856.9046627
2015-06-16,32795.6167284,-0.000845795050413,-0.00186529847924,32.7673773313,0.730349633083,0.000997275235378,2.22281934522e-05,16383.6886656,0.498637617689,0.419830607372,0.419830607372,0.839661214743,8.32667268469e-17,1.38777878078e-17,0.08,32795.6167284
2015-06-17,32784.718896,0.000811672832889,-0.000332295395119,36.7626995174,0.754444037819,0.00112096381117,2.30044168423e-05,18381.3497587,0.560481905583,0.426137006772,0.426137006772,0.852274013544,-2.77555756156e-16,-3.33066907388e-16,0.08,32784.718896
2015-06-18,32863.0622785,0.0033892017787,0.00238963106096,32.0051226973,0.765522300175,0.000976220744759,2.33499729738e-05,16002.5613487,0.488110372379,0.289310975188,0.289310975188,0.578621950377,-6.93889390391e-17,-1.14491749414e-16,0.08,32863.0622785
2015-06-19,32844.7679538,0.000632543741416,-0.000556683507313,38.5606823112,0.52096682715,0.00117337459255,1.58526561747e-05,19280.3411556,0.586687296277,0.355228790116,0.355228790116,0.710457580233,-1.2490009027e-16,-1.2490009027e-16,0.08,32844.7679538
2015-06-22,32783.7895233,-0.00105974101121,-0.00185656450729,24.2535528812,1.91792994771,0.000738429722364,5.83937737178e-05,12126.7764406,0.369214861182,0.255801743669,0.255801743669,0.511603487339,0,0,0.08,32783.7895233
2015-06-23,32786.2392261,0.000708260998536,7.47229895501e-05,20.3102616444,0.459515097214,0.000619521475086,1.40165338997e-05,10155.1308222,0.309760737543,0.251575877524,0.251575877524,0.503151755047,-4.16333634234e-17,-5.55111512313e-17,0.08,32786.2392261
2015-06-24,32757.2038075,-0.000437344411725,-0.000885597716105,14.2445824327,0.451957638576,0.000434468324789,1.37849795903e-05,7122.29121636,0.217234162395,0.205698365511,0.205698365511,0.411396731022,-2.77555756156e-17,-3.46944695195e-17,0.08,32757.2038075
2015-06-25,32760.9836044,0.00036100968074,0.000115388262729,7.67665971054,0.369211138736,0.000234350274695,1.12711433157e-05,3838.32985527,0.117175137348,0.167017078426,0.167017078426,0.334034156851,-2.77555756156e-17,-5.55111512313e-17,0.08,32760.9836044
2015-06-26,32717.9428889,-0.000332926951856,-0.00131377970776,31.8338849575,0.299816096874,0.000971701135166,9.15162073565e-06,15916.9424788,0.485850567583,0.303815908755,0.303815908755,0.607631817509,-1.66533453694e-16,-1.52655665886e-16,0.08,32717.9428889
2015-06-29,32713.525665,0.00102268187875,-0.000135009219218,36.2432605602,1.63401066598,0.0011077487568,4.99423411651e-05,18121.6302801,0.5538743784,0.434746752088,0.434746752088,0.869493504175,-2.77555756156e-16,-2.91433543964e-16,0.08,32713.525665
2015-06-30,32621.386639,-0.0010206257415,-0.00281654221268,57.9714664745,0.779293097654,0.00177209473134,2.38217398404e-05,28985.7332373,0.886047365671,0.293016101128,0.293016101128,0.586032202256,-5.55111512313e-17,-1.04083408559e-17,0.08,32621.386639
2015-07-01,32641.5388727,0.00123825490289,0.000617761405647,19.7175998406,0.5237584398,0.000604437820464,1.60556767741e-05,9858.7999203,0.302218910232,0.231267884655,0.231267884655,0.46253576931,-2.49800180541e-16,-2.08166817117e-16,0.08,32641.5388727
2015-07-02,32598.1467057,-0.000440787858705,-0.00132935420685,28.5905324654,0.413640528601,0.000875894135289,1.26722128578e-05,14295.2662327,0.437947067645,0.285411075099,0.285411075099,0.570822150199,-2.77555756156e-16,-2.74086309204e-16,0.08,32598.1467057
2015-07-06,32473.7710027,-0.00251313307288,-0.00381542251757,40.413017528,2.03920484329,0.00123973359261,6.25558520766e-05,20206.508764,0.619866796307,0.430696136208,0.430696136208,0.861392272415,0,2.77555756156e-17,0.08,32473.7710027
2015-07-07,32461.9452671,0.000819866689458,-0.000364162683164,37.6835245865,0.766374120491,0.00116042958434,2.35997882854e-05,18841.7622932,0.580214792168,0.364831525031,0.364831525031,0.729663050062,-5.55111512313e-17,-4.16333634234e-17,0.08,32461.9452671
2015-07-08,32381.649672,-0.00113251373501,-0.00247352998847,42.8830569894,0.648939232728,0.00132102548497,1.99907684949e-05,21441.5284947,0.660512742483,0.235556138593,0.235556138593,0.471112277186,1.80411241502e-16,1.80411241502e-16,0.08,32381.649672
2015-07-09,32415.5525029,0.00207633064865,0.00104697664314,32.91422483,0.417955964822,0.00101644681983,1.29071856763e-05,16457.112415,0.508223409916,0.368517812667,0.368517812667,0.737035625333,6.93889390391e-16,6.97358837343e-16,0.08,32415.5525029
2015-07-10,32364.7027436,-0.00033266632101,-0.00156868402086,39.4116372738,0.654559370123,0.00121582494299,2.01927568584e-05,19705.8186369,0.607912471496,0.324115372666,0.324115372666,0.648230745332,1.27675647832e-15,1.2490009027e-15,0.08,32364.7027436
2015-07-13,32325.4961278,-0.000130551804135,-0.00121140046208,33.2569787816,1.72436674372,0.0010275694186,5.32792393424e-05,16628.4893908,0.513784709302,0.448852439368,0.448852439368,0.897704878736,-2.77555756156e-17,-1.11022302463e-16,0.08,32325.4961278
2015-07-14,32322.7856194,0.000861354437146,-8.38504820674e-05,29.7591835565,0.795034399493,0.000920610265002,2.4594654212e-05,14879.5917783,0.460305132501,0.328822806785,0.328822806785,0.65764561357,6.93889390391e-18,0,0.08,32322.7856194
2015-07-15,32321.9896965,0.00101481067867,-2.46242022983e-05,33.0150489549,0.582381867971,0.00102141719293,1.8017688043e-05,16507.5244775,0.510708596464,0.290935402463,0.290935402463,0.581870804926,1.66533453694e-16,1.66533453694e-16,0.08,32321.9896965
2015-07-16,32307.4020658,0.000464894423785,-0.000451322175283,29.0986771143,0.51526636059,0.00090027493318,1.59416658884e-05,14549.3385572,0.45013746659,0.374726648758,0.374726648758,0.749453297517,-3.88578058619e-16,-3.74700270811e-16,0.08,32307.4020658
2015-07-17,32251.1974762,-0.000818472025985,-0.00173968150003,29.0985180425,0.663366822259,0.000900676506988,2.05329670552e-05,14549.2590213,0.450338253494,0.332157837729,0.332157837729,0.664315675459,-1.38777878078e-16,-1.52655665886e-16,0.08,32251.1974762
2015-07-20,32146.9437389,-0.0025055246948,-0.00323255399504,21.6866085985,1.76095693444,0.000672428011843,5.46012883939e-05,10843.3042992,0.336214005922,0.319127647353,0.319127647353,0.638255294706,-8.32667268469e-17,-6.24500451352e-17,0.08,32146.9437389
2015-07-21,32179.2848879,0.00152408880912,0.00100604117304,16.0915124015,0.562135809588,0.00050056118965,1.74864464303e-05,8045.75620077,0.250280594825,0.327178683425,0.327178683425,0.65435736685,-2.77555756156e-17,1.38777878078e-17,0.08,32179.2848879
2015-07-22,32126.2951291,-0.000672950136115,-0.00164670405203,30.7578073523,0.57689731853,0.000955826316819,1.79275990918e-05,15378.9036761,0.477913158409,0.353202454425,0.353202454425,0.706404908851,5.55111512313e-17,1.11022302463e-16,0.08,32126.2951291
2015-07-23,32062.3395801,-0.00119091519595,-0.00199075395105,25.0740977489,0.621758152942,0.000780485195948,1.93535591466e-05,12537.0488744,0.390242597974,0.370786992712,0.370786992712,0.741573985423,2.77555756156e-16,2.22044604925e-16,0.08,32062.3395801
2015-07-24,31988.3332396,-0.00181600020455,-0.00230820150681,15.12971168,0.651413614916,0.000471884206773,2.0317095491e-05,7564.85584002,0.235942103386,0.368686664734,0.368686664734,0.737373329469,1.94289029309e-16,1.38777878078e-16,0.08,31988.3332396
2015-07-27,31954.9442194,-0.000336168473438,-0.00104378743116,20.6968652356,1.93868579055,0.000647012930639,6.06060270796e-05,10348.4326178,0.323506465319,0.328964814614,0.328964814614,0.657929629228,1.11022302463e-16,1.11022302463e-16,0.08,31954.9442194
2015-07-28,32113.6400023,0.00547818495545,0.00496623564111,15.7833089169,0.576002865816,0.000493923845042,1.80254692939e-05,7891.65445847,0.246961922521,0.294128641223,0.294128641223,0.588257282445,1.38777878078e-16,1.11022302463e-16,0.08,32113.6400023
2015-07-29,32050.929743,-0.000615088458991,-0.00195276086027,42.4399660289,0.517563906772,0.0013215557634,1.61166378752e-05,21219.9830144,0.660777881701,0.312184169779,0.312184169779,0.624368339558,2.98372437868e-16,2.77555756156e-16,0.08,32050.929743
2015-07-30,31985.280077,-0.00112906402049,-0.0020482920939,28.9138517746,0.548262624245,0.000902122091509,1.71059819057e-05,14456.9258873,0.451061045754,0.302456618358,0.302456618358,0.604913236716,5.55111512313e-17,2.77555756156e-17,0.08,31985.280077
2015-07-31,31921.5824044,-0.00137082226267,-0.00199146834125,19.3214477124,0.530090939689,0.00060407311319,1.65729653895e-05,9660.72385619,0.302036556595,0.385027343195,0.385027343195,0.770054686391,2.08166817117e-16,1.11022302463e-16,0.08,31921.5824044
2015-08-03,31887.2864986,-4.76295799512e-05,-0.00107437987559,30.7551080781,2.02038609267,0.000963458129629,6.32921660047e-05,15377.5540391,0.481729064815,0.239086931924,0.239086931924,0.478173863847,3.33066907388e-16,2.91433543964e-16,0.08,31887.2864986
2015-08-04,31847.3572802,-0.000610758338212,-0.00125219869301,20.0360480642,0.417744301169,0.000628339700997,1.3100653804e-05,10018.0240321,0.314169850499,0.269536416466,0.269536416466,0.539072832931,6.24500451352e-16,5.13478148889e-16,0.08,31847.3572802
2015-08-05,31823.9791381,0.000321969160797,-0.000734068509212,33.1616515778,0.470357400285,0.0010412685513,1.47691187104e-05,16580.8257889,0.520634275649,0.380064801935,0.380064801935,0.76012960387,2.77555756156e-16,1.94289029309e-16,0.08,31823.9791381
2015-08-06,31987.6418138,0.00583271520366,0.00514274707925,21.2947819191,0.662749278241,0.000669142655815,2.08254685992e-05,10647.3909595,0.334571327907,0.330550904973,0.330550904973,0.661101809947,2.22044604925e-16,1.94289029309e-16,0.08,31987.6418138
2015-08-07,31878.577208,-0.0026434771363,-0.00340958569025,23.9266337432,0.579372271207,0.000747996175599,1.81123783547e-05,11963.3168716,0.3739980878,0.307864975756,0.307864975756,0.615729951511,2.77555756156e-16,2.63677968348e-16,0.08,31878.577208
2015-08-10,31942.5353708,0.00270781908759,0.00200630543638,20.7499479311,1.61330916153,0.000650905709992,5.06079412201e-05,10374.9739656,0.325452854996,0.301845877241,0.301845877241,0.603691754482,0,0,0.08,31942.5353708
2015-08-11,31902.6880808,-0.000409348303985,-0.00124746797917,26.243353802,0.528313567688,0.000821580175066,1.65395001228e-05,13121.676901,0.410790087533,0.303242885405,0.303242885405,0.606485770809,-3.46944695195e-17,0,0.08,31902.6880808
2015-08-12,31923.6186378,0.00148880012406,0.000656075029597,26.0360723327,0.530096612919,0.000816109045947,1.66160485153e-05,13018.0361664,0.408054522974,0.317296507168,0.317296507168,0.634593014336,2.77555756156e-17,6.41847686111e-17,0.08,31923.6186378
2015-08-13,31931.21639,0.00138705140223,0.000237997836851,36.1269202709,0.555027544653,0.0011316674554,1.73861099818e-05,18063.4601354,0.565833727699,0.337074761191,0.337074761191,0.674149522381,5.55111512313e-17,1.4224732503e-16,0.08,31931.21639
2015-08-14,31932.0965382,0.00105491436664,2.75638806004e-05,32.2147859034,0.589764774749,0.00100888063611,1.84698499283e-05,16107.3929517,0.504440318057,0.18975662876,0.18975662876,0.379513257521,-2.77555756156e-17,-2.08166817117e-17,0.08,31932.0965382
2015-08-17,31933.3793094,0.000460892149058,4.01718444254e-05,12.4384276316,0.996053751507,0.000389527434152,3.11928704811e-05,6219.21381581,0.194763717076,0.214544559922,0.214544559922,0.429089119844,2.77555756156e-17,1.73472347598e-17,0.08,31933.3793094
2015-08-18,31874.7417922,-0.00112879582084,-0.00183624528672,22.2158475987,0.375404537576,0.000695693599585,1.17558662971e-05,11107.9237993,0.347846799793,0.267682749768,0.267682749768,0.535365499536,1.38777878078e-16,1.31838984174e-16,0.08,31874.7417922
2015-08-19,31793.9231142,-0.00179450497055,-0.00253550847667,23.1517711214,0.467524303073,0.000726335958182,1.46675479325e-05,11575.8855607,0.363167979091,0.219882575549,0.219882575549,0.439765151097,-3.74700270811e-16,-3.53883589099e-16,0.08,31793.9231142
2015-08-20,31830.300939,0.00169624229803,0.00114417540594,17.16930768,0.383064641158,0.000540018531792,1.2048360304e-05,8584.65384001,0.270009265896,0.250016455537,0.250016455537,0.500032911073,-2.08166817117e-16,-2.22044604925e-16,0.08,31830.300939
2015-08-21,31790.22858,-0.000504159785333,-0.00125893748515,23.5887411069,0.436060220243,0.000741078168003,1.36995318102e-05,11794.3705534,0.370539084002,0.251284290792,0.251284290792,0.502568581584,-3.46944695195e-18,-2.21177243187e-17,0.08,31790.22858
2015-08-24,31723.559573,-0.00146506680446,-0.00209715406248,18.7810392297,1.31315918513,0.000590780251311,4.13070067055e-05,9390.51961487,0.295390125655,0.309155224942,0.309155224942,0.618310449885,4.85722573274e-17,8.67361737988e-17,0.08,31723.559573
2015-08-25,31729.2935571,0.000734216035802,0.000180748446169,17.0205645613,0.537397490179,0.000536527577307,1.69400123256e-05,8510.28228063,0.268263788654,0.286166321261,0.286166321261,0.572332642522,-2.77555756156e-17,-6.93889390391e-18,0.08,31729.2935571
2015-08-26,31658.8830015,-0.000869622086596,-0.00221910252967,42.3205348149,0.497526313066,0.0013338000967,1.56803463705e-05,21160.2674074,0.666900048352,0.350252231483,0.350252231483,0.700504462965,-5.55111512313e-17,2.77555756156e-17,0.08,31658.8830015
2015-08-27,31701.0768873,0.00240087503018,0.00133276609274,33.2075416685,0.607594214659,0.00104891703434,1.91919030949e-05,16603.7708343,0.524458517171,0.279130181057,0.279130181057,0.558260362114,-9.43689570931e-16,-9.71445146547e-16,0.08,31701.0768873
2015-08-28,31695.7842085,0.00062989163686,-0.000166955806516,24.7760602983,0.484861771576,0.000781552638934,1.52948044415e-05,12388.0301492,0.390776319467,0.338424832462,0.338424832462,0.676849664923,-7.00828284295e-16,-6.66133814775e-16,0.08,31695.7842085
2015-08-31,31671.2381298,0.000635872216706,-0.000774427237843,42.9372638173,1.76328336337,0.00135466797524,5.56314793088e-05,21468.6319087,0.67733398762,0.459982183275,0.459982183275,0.919964366551,2.22044604925e-16,2.08166817117e-16,0.08,31671.2381298
2015-09-01,31569.0808023,-0.00183220730314,-0.00322555522305,43.3307959465,0.798257822575,0.00136814341671,2.52045031932e-05,21665.3979733,0.684071708357,0.359930788792,0.359930788792,0.719861577583,-5.27355936697e-16,-5.6898930012e-16,0.08,31569.0808023
2015-09-02,31514.9559322,-0.000442634875298,-0.00171448989491,39.5286810525,0.622612830388,0.00125213278461,1.97222350023e-05,19764.3405263,0.626066392305,0.298344717885,0.298344717885,0.59668943577,-1.38777878078e-17,-4.16333634234e-17,0.08,31514.9559322
2015-09-03,31510.8393963,0.000826733112643,-0.000130621664161,29.6557979512,0.515195651329,0.00094100712103,1.63476557745e-05,14827.8989756,0.470503560515,0.274571420009,0.274571420009,0.549142840018,3.05311331772e-16,3.74700270811e-16,0.08,31510.8393963
2015-09-04,31477.166282,-0.00050541250734,-0.00106862003409,17.2730610498,0.474080872258,0.000548162517432,1.50450093156e-05,8636.53052492,0.274081258716,0.221882292928,0.221882292928,0.443764585857,1.66533453694e-16,1.80411241502e-16,0.08,31477.166282
2015-09-08,31511.8195275,0.00165431720727,0.00110090105236,15.8891831082,1.53078922291,0.000504784419471,4.86317354364e-05,7944.59155412,0.252392209736,0.265110416364,0.265110416364,0.530220832729,-1.66533453694e-16,-1.5959455979e-16,0.08,31511.8195275
2015-09-09,31468.0601105,-9.67439055294e-05,-0.00138866677928,40.2530809014,0.45775953947,0.00127739627559,1.45265981569e-05,20126.5404507,0.638698137795,0.414234322953,0.414234322953,0.828468645907,2.22044604925e-16,2.63677968348e-16,0.08,31468.0601105
2015-09-10,31449.2925879,0.000712865620945,-0.00059639909755,40.4857660362,0.714254826003,0.00128656694737,2.26977711207e-05,20242.8830181,0.643283473687,0.304500185876,0.304500185876,0.609000371753,-4.16333634234e-16,-4.51028103754e-16,0.08,31449.2925879
2015-09-11,31384.4004286,-0.0011821108807,-0.00206339010979,27.1908787142,0.524729613079,0.000864594287399,1.66849416919e-05,13595.4393571,0.4322971437,0.276241197763,0.276241197763,0.552482395525,-1.94289029309e-16,-2.22044604925e-16,0.08,31384.4004286
2015-09-14,31402.5062058,0.00132006666187,0.000576903713586,21.8985732459,1.42515030665,0.00069775343632,4.5409511961e-05,10949.2866229,0.34887671816,0.248894364692,0.248894364692,0.497788729385,-7.6327832943e-16,-7.49400541622e-16,0.08,31402.5062058
2015-09-15,31402.996918,0.000646756804656,1.56265314493e-05,19.3908034535,0.428268867497,0.000617492225827,1.36380473804e-05,9695.40172677,0.308746112913,0.320683579837,0.320683579837,0.641367159673,-6.66133814775e-16,-6.35776153945e-16,0.08,31402.996918
2015-09-16,31475.5387122,0.00341561493259,0.00231002774564,34.1669468892,0.551804135302,0.00108801548395,1.75717030047e-05,17083.4734446,0.544007741975,0.397146040782,0.397146040782,0.794292081564,-3.05311331772e-16,-2.91433543964e-16,0.08,31475.5387122
2015-09-17,31400.2622822,-0.00124455908993,-0.00239158511899,35.418309547,0.684952634577,0.00112526460217,2.17614268922e-05,17709.1547735,0.562632301084,0.253997433408,0.253997433408,0.507994866815,-7.6327832943e-17,-4.16333634234e-17,0.08,31400.2622822
2015-09-18,31300.7316478,-0.00217277095231,-0.00316973894858,30.8680381572,0.437018412493,0.000983050328683,1.3917667584e-05,15434.0190786,0.491525164342,0.311433660221,0.311433660221,0.622867320441,5.6898930012e-16,6.31439345256e-16,0.08,31300.7316478
2015-09-21,31316.7830406,0.00119347084409,0.000512812061829,19.7026902558,1.60242763145,0.000629464207977,5.11945742828e-05,9851.3451279,0.314732103988,0.375737855513,0.375737855513,0.751475711026,1.73472347598e-16,2.56739074445e-16,0.08,31316.7830406
2015-09-22,31256.3444155,-0.00108331901482,-0.00192991166892,25.8677967788,0.644761693218,0.00082600427845,2.05883756445e-05,12933.8983894,0.413002139225,0.343342488489,0.343342488489,0.686684976978,5.96744875736e-16,6.10622663544e-16,0.08,31256.3444155
2015-09-23,31264.1500647,0.000804468299061,0.000249730071722,16.7510545149,0.588034579326,0.000535924940298,1.88132870405e-05,8375.52725743,0.267962470149,0.321658081952,0.321658081952,0.643316163904,5.55111512313e-17,7.6327832943e-17,0.08,31264.1500647
2015-09-24,31194.04847,-0.00159133550606,-0.0022422357412,19.7988088455,0.551033783214,0.000633275134765,1.76251003809e-05,9899.40442277,0.316637567383,0.338493343741,0.338493343741,0.676986687481,2.77555756156e-17,6.93889390391e-17,0.08,31194.04847
2015-09-25,31300.6200142,0.004407565469,0.00341640631683,30.3396925096,0.578574124461,0.000972611571686,1.85475804789e-05,15169.8462548,0.486305785843,0.285072785454,0.285072785454,0.570145570908,-2.77555756156e-17,7.6327832943e-17,0.08,31300.6200142
2015-09-28,31259.4384466,-0.000294426646805,-0.00131567897338,30.4990439005,1.46678711242,0.000974391046779,4.68612798006e-05,15249.5219502,0.487195523389,0.252017241394,0.252017241394,0.504034482788,-4.16333634234e-17,-2.08166817117e-17,0.08,31259.4384466
2015-09-29,31320.4754758,0.00292169351186,0.00195259519084,29.8618026052,0.431666709306,0.000955289157103,1.3809163912e-05,14930.9013026,0.477644578551,0.294062856995,0.294062856995,0.58812571399,1.52655665886e-16,1.52655665886e-16,0.08,31320.4754758
2015-09-30,31273.5365368,-0.000746322020051,-0.00149866623306,23.0591106097,0.504667863061,0.000736231179744,1.611303326e-05,11529.5553049,0.368115589872,0.337996774105,0.337996774105,0.67599354821,3.33066907388e-16,3.60822483003e-16,0.08,31273.5365368
2015-10-01,31290.7444462,0.00147794979625,0.000550238679204,28.4336100096,0.579197504892,0.000909190745859,1.85203711838e-05,14216.8050048,0.45459537293,0.368195501602,0.368195501602,0.736391003204,3.88578058619e-16,3.88578058619e-16,0.08,31290.7444462
2015-10-02,31285.0498151,0.0007404652731,-0.000181990914019,28.2330470416,0.631293772432,0.000902281091141,2.01750959782e-05,14116.5235208,0.45114054557,0.304954366145,0.304954366145,0.609908732291,-1.38777878078e-17,-8.32667268469e-17,0.08,31285.0498151
2015-10-05,31222.276501,-0.000562240734557,-0.00200649557499,43.6152811978,1.56830343061,0.00139412535558,5.01294848458e-05,21807.6405989,0.697062677791,0.409930673056,0.409930673056,0.819861346111,-1.38777878078e-17,-1.38777878078e-17,0.08,31222.276501
2015-10-06,31116.4451573,-0.00235295902575,-0.00338961009793,31.6652930507,0.701313360022,0.00101418911749,2.2461954688e-05,15832.6465253,0.507094558746,0.295784074802,0.295784074802,0.591568149604,-1.90819582357e-17,-1.2490009027e-16,0.08,31116.4451573
2015-10-07,31075.2021854,-0.000453144203996,-0.00132543970716,26.6384201748,0.50431501052,0.000856088156603,1.62073465645e-05,13319.2100874,0.428044078301,0.381427720251,0.381427720251,0.762855440501,-1.38777878078e-17,-5.55111512313e-17,0.08,31075.2021854
2015-10-08,30933.8127056,-0.00378470403609,-0.00454991343121,23.1295603099,0.649476357583,0.000744309246064,2.09001490548e-05,11564.7801549,0.372154623032,0.467909368179,0.467909368179,0.935818736357,6.24500451352e-16,5.27355936697e-16,0.08,30933.8127056
2015-10-09,30956.94036,0.00169436943935,0.000747649657226,28.4925444383,0.793107986763,0.000921080912639,2.56388694892e-05,14246.2722191,0.46054045632,0.380916911032,0.380916911032,0.761833822064,1.27675647832e-15,1.22124532709e-15,0.08,30956.94036
2015-10-12,31040.494307,0.00356309270407,0.00269903762968,24.8100868145,1.93841459128,0.000801438595868,6.26164785258e-05,12405.0434073,0.400719297934,0.379857207762,0.379857207762,0.759714415524,8.881784197e-16,8.32667268469e-16,0.08,31040.494307
2015-10-13,31063.5276014,0.0016558813088,0.000742040194343,27.7200001578,0.64607975315,0.000893027020885,2.0814093576e-05,13860.0000789,0.446513510443,0.467871144192,0.467871144192,0.935742288383,1.85962356625e-15,1.83186799063e-15,0.08,31063.5276014
2015-10-14,30756.8511594,-0.00856577704595,-0.00987255684224,39.7968216022,0.796368668575,0.00128114302126,2.56367750242e-05,19898.4108011,0.640571510629,0.275706030443,0.275706030443,0.551412060886,8.32667268469e-17,6.93889390391e-17,0.08,30756.8511594
2015-10-15,30845.234935,0.00363832074314,0.00287362887558,23.0548646744,0.464649279019,0.000749584687811,1.51071797503e-05,11527.4323372,0.374792343906,0.253383003084,0.253383003084,0.506766006169,-1.38777878078e-17,-1.38777878078e-17,0.08,30845.234935
2015-10-16,30797.0565476,-0.000670287157101,-0.00156193939092,27.0749673854,0.428255247051,0.000877768233648,1.3884000169e-05,13537.4836927,0.438884116824,0.250803846567,0.250803846567,0.501607693134,-2.22044604925e-16,-2.35922392733e-16,0.08,30797.0565476
2015-10-19,30746.4262511,-0.00105818919715,-0.00164399790543,16.7714819567,1.26970195809,0.0005445806787,4.12280295726e-05,8385.74097833,0.27229033935,0.298208580276,0.298208580276,0.596417160551,1.38777878078e-16,9.02056207508e-17,0.08,30746.4262511
2015-10-20,30718.6496803,-0.000458401862489,-0.000903408109395,13.179949115,0.502402636762,0.000428666050727,1.63401961795e-05,6589.97455751,0.214333025363,0.279889309647,0.279889309647,0.559778619295,-7.49400541622e-16,-7.6327832943e-16,0.08,30718.6496803
2015-10-21,30783.9494132,0.00265303283801,0.00212573578426,15.7267399565,0.471113515196,0.000511960653224,1.53364005286e-05,7863.36997824,0.255980326612,0.282950989918,0.282950989918,0.565901979836,-5.55111512313e-17,-8.32667268469e-17,0.08,30783.9494132
2015-10-22,30689.2067077,-0.00223434347092,-0.00307766571014,25.4835097561,0.477279395071,0.00082781807539,1.55041638311e-05,12741.7548781,0.413909037695,0.322894130954,0.322894130954,0.645788261908,2.77555756156e-17,4.16333634234e-17,0.08,30689.2067077
2015-10-23,30665.9382055,0.000287255744342,-0.000758198227718,31.5411741626,0.542978889289,0.00102776114297,1.76928290934e-05,15770.5870813,0.513880571483,0.330025884907,0.330025884907,0.660051769813,5.13478148889e-16,5.6898930012e-16,0.08,30665.9382055
2015-10-26,30605.3744137,-0.00107838606977,-0.00197495316832,25.8304186288,1.66365261251,0.000842316268156,5.42508303956e-05,12915.2093144,0.421158134078,0.411576624379,0.411576624379,0.823153248757,-6.93889390391e-18,-4.16333634234e-17,0.08,30605.3744137
2015-10-27,30577.7911083,-0.000310141778906,-0.000901256918279,17.4010833572,0.690216804879,0.000568562995572,2.25521438016e-05,8700.54167862,0.284281497786,0.302638345145,0.302638345145,0.60527669029,-9.36750677027e-17,-1.04083408559e-16,0.08,30577.7911083
2015-10-28,30641.2830051,0.00262522843468,0.002076405605,16.2747206853,0.507069156121,0.000532239906658,1.65829230217e-05,8137.36034264,0.266119953329,0.293824796718,0.293824796718,0.587649593435,6.93889390391e-18,-2.77555756156e-17,0.08,30641.2830051
2015-10-29,30658.5402424,0.00136326167479,0.000563202175988,24.0215252085,0.493324315076,0.000783959509935,1.60999888612e-05,12010.7626042,0.391979754968,0.293351271875,0.293351271875,0.586702543749,0,-2.77555756156e-17,0.08,30658.5402424
2015-10-30,30684.0682179,0.00172800947468,0.000832654630283,26.9574658555,0.492806672544,0.0008792808021,1.60740422945e-05,13478.7329278,0.43964040105,0.356865710873,0.356865710873,0.713731421745,-6.38378239159e-16,-6.24500451352e-16,0.08,30684.0682179
2015-11-02,30658.0064038,0.000629988853988,-0.000849359800067,43.5924199258,1.80001509321,0.00142068579747,5.86628565818e-05,21796.2099629,0.710342898737,0.305708183257,0.305708183257,0.611416366514,4.51028103754e-17,2.77555756156e-17,0.08,30658.0064038
2015-11-03,30630.3294068,0.000310996492948,-0.000902765712742,36.6979731219,0.513556352877,0.00119701107236,1.67511333292e-05,18348.9865609,0.59850553618,0.468238409825,0.468238409825,0.936476819649,-1.31838984174e-16,-6.93889390391e-17,0.08,30630.3294068
2015-11-04,30634.2578518,0.00132055968986,0.000128253435068,35.7348540649,0.785879273088,0.00116664935562,2.56568991685e-05,17867.4270325,0.58332467781,0.360860094683,0.360860094683,0.721720189365,-5.55111512313e-16,-4.99600361081e-16,0.08,30634.2578518
2015-11-05,30695.2190889,0.00291262535976,0.00198996944413,27.6591432724,0.605735955558,0.000902882759758,1.9773155873e-05,13829.5716362,0.451441379879,0.407649288165,0.407649288165,0.81529857633,-2.22044604925e-16,-1.11022302463e-16,0.08,30695.2190889
2015-11-06,30747.3298207,0.00262893276541,0.00169768235545,27.8992978693,0.685637491049,0.000908913462663,2.23369472967e-05,13949.6489346,0.454456731332,0.38753707144,0.38753707144,0.77507414288,-4.71844785466e-16,-5.27355936697e-16,0.08,30747.3298207
2015-11-09,30740.5186128,0.00144455526717,-0.000221521931465,49.2686749709,1.95875016219,0.00160237247456,6.37047240724e-05,24634.3374855,0.801186237281,0.339544044029,0.339544044029,0.679088088057,-4.02455846427e-16,-4.71844785466e-16,0.08,30740.5186128
2015-11-10,30680.650301,-0.00112029359951,-0.00194753747027,24.8579735516,0.571932055087,0.00080863871767,1.86051530975e-05,12428.9867758,0.404319358835,0.35620934221,0.35620934221,0.71241868442,-7.6327832943e-16,-8.46545056277e-16,0.08,30680.650301
2015-11-11,30670.8814189,0.000328028419245,-0.000318405311232,19.2341724734,0.598834754098,0.000626915410356,1.95183201211e-05,9617.08623671,0.313457705178,0.344657549831,0.344657549831,0.689315099662,-7.21644966006e-16,-9.02056207508e-16,0.08,30670.8814189
2015-11-12,30684.9548543,0.00102748113211,0.000458853305928,16.8610864453,0.579230183069,0.000549742480986,1.88853451962e-05,8430.54322265,0.274871240493,0.375864293814,0.375864293814,0.751728587627,-5.55111512313e-17,-1.66533453694e-16,0.08,30684.9548543
2015-11-13,30559.6424532,-0.00331316375541,-0.00408383853504,23.016154854,0.631965966411,0.000750079475865,2.05953037706e-05,11508.077427,0.375039737932,0.283444253666,0.283444253666,0.566888507332,-1.66533453694e-16,-2.08166817117e-16,0.08,30559.6424532
2015-11-16,30627.1904752,0.00320239336879,0.00221036689478,28.8920913285,1.4238830215,0.00094543289807,4.65935759451e-05,14446.0456643,0.472716449035,0.287544967661,0.287544967661,0.575089935323,-8.32667268469e-17,-1.66533453694e-16,0.08,30627.1904752
2015-11-17,30687.1782138,0.00279899714638,0.00195864320852,25.2551215189,0.482558602452,0.00082459804922,1.5755888639e-05,12627.5607595,0.41229902461,0.306901739507,0.306901739507,0.613803479015,5.55111512313e-17,-1.90819582357e-17,0.08,30687.1782138
2015-11-18,30547.7234189,-0.00329128799465,-0.0045443994218,37.9384017211,0.51605196572,0.00123629489348,1.68165336716e-05,18969.2008606,0.618147446741,0.302594686092,0.302594686092,0.605189372185,1.2490009027e-16,1.52655665886e-16,0.08,30547.7234189
2015-11-19,30542.9795635,0.000484721256524,-0.000155293254936,19.0444888128,0.50649746733,0.000623433980715,1.65805307448e-05,9522.2444064,0.311716990357,0.220413751337,0.220413751337,0.440827502673,4.16333634234e-17,4.16333634234e-17,0.08,30542.9795635
2015-11-20,30526.1544515,-5.0522016066e-05,-0.000550866754751,14.9131373364,0.368881791922,0.000488267272858,1.20774658267e-05,7456.56866821,0.244133636429,0.21250450126,0.21250450126,0.425009002519,1.04083408559e-16,1.35308431126e-16,0.08,30526.1544515
2015-11-23,30488.7240505,-0.000325755168453,-0.00122617478873,26.4200012392,1.06634716062,0.000865487373498,3.49322467824e-05,13210.0006196,0.432743686749,0.248032070555,0.248032070555,0.496064141111,1.94289029309e-16,2.39391839685e-16,0.08,30488.7240505
2015-11-24,30504.9328527,0.000956067632901,0.000531632683906,12.5261139357,0.414366101634,0.000410844150609,1.35907983866e-05,6263.05696783,0.205422075304,0.182605890036,0.182605890036,0.365211780071,2.63677968348e-16,3.105155022e-16,0.08,30504.9328527
2015-11-25,30517.6596225,0.00103708550529,0.000417203667295,18.6042275207,0.305226324057,0.000609876035805,1.00058021937e-05,9302.11376033,0.304938017902,0.28306008775,0.28306008775,0.566120175501,2.91433543964e-16,3.26128013484e-16,0.08,30517.6596225
2015-11-27,30517.7020098,0.000511153068978,1.38894200408e-06,14.6101416588,0.946666455966,0.000478743843385,3.10202835891e-05,7305.0708294,0.239371921692,0.219963023984,0.219963023984,0.439926047968,3.88578058619e-16,4.15032591627e-16,0.08,30517.7020098
2015-11-30,30470.4109003,-0.00119865676015,-0.00154962878374,9.60739124312,1.1034683867,0.000314813718282,3.61583053124e-05,4803.69562156,0.157406859141,0.195381073935,0.195381073935,0.39076214787,1.11022302463e-16,1.38777878078e-16,0.08,30470.4109003
2015-12-01,30457.9032167,0.000397691827764,-0.000410486214353,24.299306525,0.326210498901,0.000797472229846,1.07058122704e-05,12149.6532625,0.398736114923,0.327099733475,0.327099733475,0.654199466951,2.91433543964e-16,2.77555756156e-16,0.08,30457.9032167
2015-12-02,30470.2849127,0.00140745593918,0.000406518332503,29.9405554339,0.545905316406,0.000983014333614,1.79232730671e-05,14970.2777169,0.491507166807,0.261034620775,0.261034620775,0.522069241551,-9.71445146547e-17,-8.32667268469e-17,0.08,30470.2849127
2015-12-03,30448.2614602,0.000504973400335,-0.000722784593859,36.9743112696,0.435824617376,0.0012134547273,1.43032668918e-05,18487.1556348,0.606727363651,0.379450238219,0.379450238219,0.758900476437,-1.94289029309e-16,-1.66533453694e-16,0.08,30448.2614602
2015-12-04,30362.9313649,-0.00168467511605,-0.00280246198793,33.4015929559,0.633073976133,0.00109699507801,2.0791793875e-05,16700.7964779,0.548497539006,0.2764424216,0.2764424216,0.552884843199,1.38777878078e-17,-6.93889390391e-18,0.08,30362.9313649
2015-12-07,30337.4957906,0.000146279765739,-0.000837718006377,28.4972865812,1.37977023672,0.000938555182264,4.5442589852e-05,14248.6432906,0.469277591132,0.445838972372,0.445838972372,0.891677944744,6.93889390391e-18,0,0.08,30337.4957906
2015-12-08,30221.7424404,-0.00269794417066,-0.00381552093143,33.1633494292,0.741130846444,0.00109314722804,2.44295327327e-05,16581.6747146,0.546573614021,0.382849209087,0.382849209087,0.765698418175,5.55111512313e-17,4.85722573274e-17,0.08,30221.7424404
2015-12-09,30346.5228515,0.00518672268353,0.00412882915048,31.3373929982,0.633992887153,0.0010369154942,2.09780388541e-05,15668.6964991,0.518457747101,0.275146970075,0.275146970075,0.55029394015,1.52655665886e-16,2.08166817117e-16,0.08,30346.5228515
2015-12-10,30268.0650473,-0.001802428466,-0.00258539683753,23.3028468216,0.457520756982,0.000767891825223,1.50765463055e-05,11651.4234108,0.383945912611,0.225318405055,0.225318405055,0.450636810109,4.38885039422e-16,4.92661467177e-16,0.08,30268.0650473
2015-12-11,30229.4070414,-0.000444967618687,-0.001277187884,24.8160011166,0.373696007701,0.000819874051342,1.23462139756e-05,12408.0005583,0.409937025671,0.307075759158,0.307075759158,0.614151518317,-2.77555756156e-17,0,0.08,30229.4070414
2015-12-14,30209.8534937,0.00040708417096,-0.000646838612297,30.3335345396,1.52592626567,0.00100344457627,5.04782069849e-05,15166.7672698,0.501722288136,0.291608039813,0.291608039813,0.583216079626,2.8449465006e-16,2.77555756156e-16,0.08,30209.8534937
2015-12-15,30303.1148858,0.00379136101702,0.00308711831789,20.792359934,0.482708830703,0.000688264176399,1.59785227295e-05,10396.179967,0.3441320882,0.37476680917,0.37476680917,0.74953361834,0,1.38777878078e-17,0.08,30303.1148858
2015-12-16,30341.9341341,0.00307991771886,0.00128103161825,53.8895726294,0.622279543762,0.00177835093298,2.05351676257e-05,26944.7863147,0.889175466492,0.353775119592,0.353775119592,0.707550239184,-4.16333634234e-17,-1.38777878078e-16,0.08,30341.9341341
2015-12-17,30286.9817977,-0.00078814920593,-0.00181110195924,30.4501885495,0.588176513804,0.00100356781525,1.93849380598e-05,15225.0942748,0.501783907627,0.330746275287,0.330746275287,0.661492550574,-2.77555756156e-17,-1.38777878078e-16,0.08,30286.9817977
2015-12-18,30289.1908447,0.000857069249608,7.29371796715e-05,23.2001002267,0.548893502426,0.000766008986359,1.81230835774e-05,11600.0501134,0.383004493179,0.353539316825,0.353539316825,0.707078633651,5.55111512313e-17,2.77555756156e-17,0.08,30289.1908447
2015-12-21,30266.7435,4.05011173906e-05,-0.00074110083807,21.9138026009,1.76028819262,0.000723485903379,5.81160520809e-05,10956.9013005,0.36174295169,0.317672846046,0.317672846046,0.635345692093,0,-3.46944695195e-17,0.08,30266.7435
2015-12-22,30274.0122028,0.0010780849608,0.000240154768475,24.8345731309,0.526845071135,0.000820523461035,1.74067312902e-05,12417.2865655,0.410261730518,0.32324461592,0.32324461592,0.64648923184,-2.77555756156e-16,-3.43475248243e-16,0.08,30274.0122028
2015-12-23,30305.704253,0.0020353931133,0.00104684010667,29.3912514599,0.536214325855,0.000970840972877,1.77120337491e-05,14695.6257299,0.485420486439,0.229395764934,0.229395764934,0.458791529869,7.6327832943e-17,6.93889390391e-17,0.08,30305.704253
2015-12-24,30305.4043155,0.000484748199071,-9.89706229215e-06,14.6096414827,0.3809315183,0.000482075630408,1.25696309553e-05,7304.82074135,0.241037815204,0.157419785645,0.157419785645,0.314839571289,0,3.46944695195e-18,0.08,30305.4043155
2015-12-28,30277.496978,-0.000175034608436,-0.000920869993805,21.55721655,1.04562635643,0.000711332418653,3.45029667166e-05,10778.608275,0.355666209326,0.17725828493,0.17725828493,0.35451656986,2.35922392733e-16,2.22044604925e-16,0.08,30277.496978
2015-12-29,30229.8963061,-5.62983159564e-05,-0.00157214686522,45.6020211196,0.294078749934,0.00150613576653,9.71278273589e-06,22801.0105598,0.753067883265,0.317855603957,0.317855603957,0.635711207914,8.32667268469e-17,-2.08166817117e-17,0.08,30229.8963061
2015-12-30,30188.5436218,-0.000177874827295,-0.00136793999715,35.4490402742,0.526506408106,0.00117264842444,1.74167454223e-05,17724.5201371,0.586324212218,0.363596753146,0.363596753146,0.727193506293,5.27355936697e-16,5.13478148889e-16,0.08,30188.5436218
2015-12-31,30128.4535596,-0.000631097913806,-0.00199049225226,40.4366856175,0.601449668115,0.00133947122869,1.99231097614e-05,20218.3428087,0.669735614345,0.363488528046,0.363488528046,0.726977056091,1.11022302463e-16,8.32667268469e-17,0.08,30128.4535596
2016-01-04,30124.5263347,0.00139882124042,-0.000130349369669,43.6712504261,2.40029528475,0.00144950189161,7.96687184758e-05,21835.625213,0.724750945807,0.350622238895,0.350622238895,0.701244477791,7.21644966006e-16,5.96744875736e-16,0.08,30124.5263347
2016-01-05,30031.3634189,-0.00152589483418,-0.00309259354804,46.617298918,0.578757746254,0.00154748653639,1.92121774737e-05,23308.649459,0.773743268193,0.325012852069,0.325012852069,0.650025704137,2.77555756156e-16,3.1918911958e-16,0.08,30031.3634189
2016-01-06,30031.4442674,0.000859448845626,2.6921357541e-06,25.194745865,0.534826250756,0.000838947786471,1.7808923401e-05,12597.3729325,0.419473893236,0.411803191957,0.411803191957,0.823606383914,0,-2.77555756156e-17,0.08,30031.4442674
2016-01-07,29869.1514264,-0.00459949593217,-0.00540409710499,23.4856889989,0.677646279912,0.000782036614349,2.25645584634e-05,11742.8444995,0.391018307174,0.281379500564,0.281379500564,0.562759001129,5.55111512313e-16,5.48172618409e-16,0.08,29869.1514264
2016-01-08,29869.8464684,0.00042146112434,2.32695588334e-05,11.4331199526,0.460524214282,0.000382773510681,1.54180548254e-05,5716.55997628,0.191386755341,0.34526743785,0.34526743785,0.690534875699,-1.11022302463e-16,-1.09287578987e-16,0.08,29869.8464684
2016-01-11,29948.0739098,0.00321500262157,0.00261894353899,16.1088915799,1.69530170287,0.000539302791429,5.67562911534e-05,8054.44578997,0.269651395714,0.279186196126,0.279186196126,0.558372392252,5.96744875736e-16,6.52256026967e-16,0.08,29948.0739098
2016-01-12,29977.0454205,0.00147841894673,0.000967391452352,14.8461473177,0.458141854037,0.000495729620622,1.52978737603e-05,7423.07365883,0.247864810311,0.298473965677,0.298473965677,0.596947931354,4.51028103754e-16,4.57966997658e-16,0.08,29977.0454205
2016-01-13,29890.7307234,-0.00216255128811,-0.00287935972021,20.9975322074,0.49026671923,0.000700453694247,1.63547378453e-05,10498.7661037,0.350226847124,0.206431191613,0.206431191613,0.412862383225,1.94289029309e-16,2.49800180541e-16,0.08,29890.7307234
2016-01-14,29832.5087315,-0.00158212153852,-0.00194782765433,10.5931200639,0.338102967748,0.000354394817641,1.13112981705e-05,5296.56003193,0.17719740882,0.214946405963,0.214946405963,0.429892811926,1.52655665886e-16,2.01227923213e-16,0.08,29832.5087315
2016-01-15,29799.8815759,-0.000461348635968,-0.00109367790207,18.5126044873,0.351363864805,0.000620551380841,1.17778852583e-05,9256.30224364,0.310275690421,0.310563101132,0.310563101132,0.621126202264,-1.38777878078e-17,1.38777878078e-17,0.08,29799.8815759
2016-01-19,29707.3517076,-0.00240764321929,-0.00310504147811,18.7539485629,2.02843696122,0.000629329633915,6.80686249056e-05,9376.97428144,0.314664816957,0.368071706728,0.368071706728,0.736143413456,9.71445146547e-17,1.45716771982e-16,0.08,29707.3517076
2016-01-20,29625.7058653,-0.00183242461215,-0.00274833795521,26.6102126572,0.599147158651,0.00089574503036,2.01683126974e-05,13305.1063286,0.44787251518,0.415198229085,0.415198229085,0.83039645817,4.99600361081e-16,4.92661467177e-16,0.08,29625.7058653
2016-01-21,29601.4357062,-0.000104771105097,-0.000819226357592,20.4922389391,0.674002225242,0.0006917046646,2.27505878951e-05,10246.1194696,0.3458523323,0.400803072123,0.400803072123,0.801606144246,-4.85722573274e-17,-5.20417042793e-17,0.08,29601.4357062
2016-01-22,29537.8264549,-0.00125427049561,-0.00214885696769,25.8309427659,0.650101170976,0.000872624659908,2.19618121711e-05,12915.471383,0.436312329954,0.323007501446,0.323007501446,0.646015002892,1.11022302463e-16,1.73472347598e-16,0.08,29537.8264549
2016-01-25,29427.2635211,-0.00287595238378,-0.00374309646422,24.0451777395,1.56837361994,0.000814046956916,5.30971235253e-05,12022.5888697,0.407023478458,0.24737154404,0.24737154404,0.49474308808,1.11022302463e-16,1.11022302463e-16,0.08,29427.2635211
2016-01-26,29449.5451852,0.00133661408089,0.000757177578806,16.6523557027,0.398874937758,0.000565881896927,1.35546051529e-05,8326.17785135,0.282940948464,0.362585656724,0.362585656724,0.725171313447,2.49800180541e-16,3.1918911958e-16,0.08,29449.5451852
2016-01-27,29569.3232157,0.00492241964261,0.0040672285345,24.5998942387,0.585094941436,0.000835323400887,1.98677072177e-05,12299.9471194,0.417661700444,0.333358961421,0.333358961421,0.666717922843,-2.77555756156e-17,0,0.08,29569.3232157
2016-01-28,29484.1723848,-0.00203696861534,-0.00287970171968,24.3789270604,0.540120486418,0.000824466859878,1.82662444614e-05,12189.4635302,0.412233429939,0.275649541871,0.275649541871,0.551299083742,-2.77555756156e-17,-6.93889390391e-17,0.08,29484.1723848
2016-01-29,29457.4495884,-0.00035309465248,-0.000906343787043,15.8667614245,0.445331430702,0.000538145050077,1.51040844861e-05,7933.38071226,0.269072525039,0.283643112928,0.283643112928,0.567286225856,6.24500451352e-17,1.38777878078e-17,0.08,29457.4495884
2016-02-01,29469.5471989,0.000913728192008,0.000410680852452,13.4450007907,1.37349085482,0.000456421074417,4.66262651388e-05,6722.50039535,0.228210537208,0.262594529101,0.262594529101,0.525189058203,4.16333634234e-17,-4.16333634234e-17,0.08,29469.5471989
2016-02-02,29495.226675,0.00126295149044,0.000871390252096,11.1151027033,0.424029691481,0.000377172497028,1.43887413206e-05,5557.55135165,0.188586248514,0.279023677032,0.279023677032,0.558047354065,2.77555756156e-17,-1.07552855511e-16,0.08,29495.226675
2016-02-03,29501.4114131,0.00128006253866,0.000209686065605,31.1200451059,0.450951594618,0.00105508750445,1.52889686045e-05,15560.0225529,0.527543752227,0.448443350578,0.448443350578,0.896886701157,1.7694179455e-16,1.38777878078e-16,0.08,29501.4114131
2016-02-04,29642.116225,0.00626620590842,0.00476942645022,43.432190877,0.72491571402,0.00147220721981,2.45722383879e-05,21716.0954385,0.736103609906,0.356783169193,0.356783169193,0.713566338387,2.49800180541e-16,2.60208521397e-16,0.08,29642.116225
2016-02-05,29808.2014117,0.00692357821053,0.00560301381589,38.5648269303,0.579496337992,0.00130101463194,1.95497626955e-05,19282.4134652,0.650507315969,0.354851802442,0.354851802442,0.709703604883,5.55111512313e-17,1.2490009027e-16,0.08,29808.2014117
2016-02-08,29807.8412122,0.00111249361125,-1.20839066754e-05,31.7828670208,1.73876613674,0.00106624571479,5.83318031411e-05,15891.4335104,0.533122857394,0.398010453972,0.398010453972,0.796020907944,7.07767178199e-16,8.46545056277e-16,0.08,29807.8412122
2016-02-09,29897.2410924,0.0038859787497,0.00299920680455,25.7826843235,0.65007300892,0.000864963153151,2.18087919985e-05,12891.3421618,0.432481576576,0.363211688374,0.363211688374,0.726423376748,6.80011602583e-16,8.32667268469e-16,0.08,29897.2410924
2016-02-10,29958.2155515,0.00262193244236,0.00203946775292,16.8190720472,0.595015200816,0.000562562679118,1.99020103219e-05,8409.53602358,0.281281339559,0.42085436951,0.42085436951,0.841708739019,1.11022302463e-16,1.38777878078e-16,0.08,29958.2155515
2016-02-11,29937.9780786,0.000392036407812,-0.000675523310428,31.2913323221,0.690851831099,0.00104449920484,2.30605133978e-05,15645.666161,0.522249602421,0.380523699141,0.380523699141,0.761047398282,2.08166817117e-16,2.77555756156e-16,0.08,29937.9780786
2016-02-12,30019.2811093,0.00413445125814,0.00271571548668,41.8498552107,0.624225214425,0.0013978851578,2.08506136516e-05,20924.9276054,0.698942578902,0.364694686572,0.364694686572,0.729389373144,3.33066907388e-16,4.02455846427e-16,0.08,30019.2811093
2016-02-16,30054.0969794,0.00238737492805,0.00115978360869,34.4518752452,2.39953365814,0.00114765823738,7.99330819884e-05,17225.9376226,0.573829118688,0.261388409276,0.261388409276,0.522776818552,1.63064006742e-16,1.94289029309e-16,0.08,30054.0969794
2016-02-17,30031.3854825,0.000307869114034,-0.000755687217889,31.5337707536,0.430454389133,0.00104923367936,1.43226525631e-05,15766.8853768,0.52461683968,0.297913039804,0.297913039804,0.595826079608,-1.17961196366e-16,-1.66533453694e-16,0.08,30031.3854825
2016-02-18,30088.9409171,0.0034076541672,0.001916509468,44.2909088699,0.490232402116,0.00147482069702,1.6324002181e-05,22145.454435,0.737410348512,0.438073347511,0.438073347511,0.876146695023,-3.33066907388e-16,-4.4408920985e-16,0.08,30088.9409171
2016-02-19,29951.3172754,-0.00309693906523,-0.00457389451223,43.7177696712,0.72225551072,0.00145295142796,2.40040190417e-05,21858.8848356,0.726475713978,0.344500715757,0.344500715757,0.689001431515,0,-2.42861286637e-17,0.08,29951.3172754
2016-02-22,29979.0389759,0.00155561940644,0.000925558640408,17.174999182,1.69615072426,0.00057343051139,5.6630254645e-05,8587.49959102,0.286715255695,0.324792084187,0.324792084187,0.649584168373,-4.16333634234e-17,-9.19403442268e-17,0.08,29979.0389759
2016-02-23,29939.5426875,-0.00057739107636,-0.0013174634585,21.6531270329,0.533531756213,0.000722275555609,1.77968265308e-05,10826.5635165,0.361137777804,0.295105608448,0.295105608448,0.590211216895,5.55111512313e-17,6.93889390391e-17,0.08,29939.5426875
2016-02-24,29942.1913663,0.000712560799701,8.84675771091e-05,18.2009381741,0.484127504737,0.000607923052267,1.61701703259e-05,9100.46908703,0.303961526133,0.335426931204,0.335426931204,0.670853862407,6.10622663544e-16,5.82867087928e-16,0.08,29942.1913663
2016-02-25,29924.7721666,0.000152613114167,-0.000581761017912,21.4384465581,0.550324239097,0.000715994574206,1.83795578742e-05,10719.2232791,0.357997287103,0.326783560346,0.326783560346,0.653567120692,3.05311331772e-16,2.70616862252e-16,0.08,29924.7721666
2016-02-26,29860.9595067,-0.0012225157876,-0.00213243594852,26.6933220757,0.535831429651,0.000892014212408,1.79059485121e-05,13346.6610378,0.446007106204,0.332466208533,0.332466208533,0.664932417065,9.43689570931e-16,9.43689570931e-16,0.08,29860.9595067
2016-02-29,29804.5719054,-0.000904567432318,-0.00188833855964,27.7443892505,1.63196054636,0.000929119147838,5.46519794848e-05,13872.1946252,0.464559573919,0.305699444196,0.305699444196,0.611398888392,-3.46944695195e-18,3.12250225676e-17,0.08,29804.5719054
2016-03-01,29767.4563984,-0.000571729448127,-0.00124529575868,19.57610945,0.499246085807,0.000656815656073,1.67506544765e-05,9788.05472501,0.328407828036,0.292250605169,0.292250605169,0.584501210339,8.32667268469e-17,6.80878964321e-17,0.08,29767.4563984
2016-03-02,29750.8747074,0.000205856023997,-0.000557040910135,22.2328131604,0.476688062838,0.000746883202343,1.60137317901e-05,11116.4065802,0.373441601171,0.247340985551,0.247340985551,0.494681971101,-9.36750677027e-17,-9.02056207508e-17,0.08,29750.8747074
2016-03-03,29804.2508496,0.00235394247366,0.0017941032913,16.252493827,0.403211543623,0.000546286251642,1.35529307151e-05,8126.24691349,0.273143125821,0.240555227796,0.240555227796,0.481110455591,-2.35922392733e-16,-2.49800180541e-16,0.08,29804.2508496
2016-03-04,29710.2398989,-0.00216549841716,-0.00315427994711,29.0770396939,0.392853060406,0.000975600421582,1.31811083724e-05,14538.5198469,0.487800210791,0.361012099097,0.361012099097,0.722024198193,-1.22124532709e-15,-1.16573417586e-15,0.08,29710.2398989
2016-03-07,29751.8849535,0.00243570626184,0.00140170711305,28.9572247815,1.7631379842,0.000974654694143,5.9344454646e-05,14478.6123908,0.487327347071,0.397812386825,0.397812386825,0.795624773651,-7.21644966006e-16,-6.93889390391e-16,0.08,29751.8849535
2016-03-08,29810.1708576,0.00323997060453,0.00195906593046,37.460798726,0.648529773473,0.00125910673507,2.17979390041e-05,18730.399363,0.629553367537,0.348172543849,0.348172543849,0.696345087699,-3.05311331772e-16,-2.22044604925e-16,0.08,29810.1708576
2016-03-09,29823.8769368,0.00154743603391,0.000459778618658,31.8545365053,0.568716877813,0.00106857946764,1.90779476082e-05,15927.2682526,0.53428973382,0.316726920053,0.316726920053,0.633453840105,8.32667268469e-17,1.38777878078e-16,0.08,29823.8769368
2016-03-10,29786.3375646,-0.000391509545863,-0.0012587019554,25.3454493087,0.517590393766,0.000849837509803,1.73548997289e-05,12672.7246543,0.424918754902,0.323059364584,0.323059364584,0.646118729169,-5.55111512313e-17,-4.51028103754e-17,0.08,29786.3375646
2016-03-11,29725.9122688,-0.0012683189241,-0.00202862455511,22.1194459155,0.527274262297,0.000742603748027,1.77018829909e-05,11059.7229577,0.371301874014,0.253000901021,0.253000901021,0.506001802042,3.1918911958e-16,3.88578058619e-16,0.08,29725.9122688
2016-03-14,29698.8695374,-3.41196208956e-05,-0.00090973596116,24.7922179221,1.23627658975,0.000834027151056,4.15891892089e-05,12396.108961,0.417013575528,0.364746112681,0.364746112681,0.729492225362,2.63677968348e-16,2.63677968348e-16,0.08,29698.8695374
2016-03-15,29714.4745039,0.00135918636169,0.000525439744596,24.1677677775,0.593564230948,0.00081376052873,1.99860883661e-05,12083.8838887,0.406880264365,0.406555144995,0.406555144995,0.813110289991,3.05311331772e-16,3.46944695195e-16,0.08,29714.4745039
2016-03-16,29622.099077,-0.00245968142825,-0.00310876865209,18.6253365861,0.661949177555,0.000626810229598,2.22769942463e-05,9312.66829307,0.313405114799,0.346741465507,0.346741465507,0.693482931014,6.93889390391e-17,1.11022302463e-16,0.08,29622.099077
2016-03-17,29582.2176125,-0.000149801695606,-0.00134634160952,34.8812178498,0.562806029883,0.00117754038156,1.89995323566e-05,17440.6089249,0.588770190781,0.296107172292,0.296107172292,0.592214344584,0,3.46944695195e-17,0.08,29582.2176125
2016-03-18,29568.7029924,0.000234810407449,-0.000456849455734,19.9808596107,0.479972975746,0.000675434812647,1.62250505366e-05,9990.42980537,0.337717406323,0.198521319478,0.198521319478,0.397042638957,-1.38777878078e-17,6.93889390391e-18,0.08,29568.7029924
2016-03-21,29564.2256488,0.000466216146524,-0.000151421712049,17.2978159422,0.964934454793,0.000585004217014,3.26336415581e-05,8648.90797111,0.292502108507,0.163650392687,0.163650392687,0.327300785374,-8.32667268469e-17,-1.00613961607e-16,0.08,29564.2256488
2016-03-22,29548.6061433,-8.81671627048e-05,-0.00052832452682,12.7478049412,0.265106692434,0.00043119021931,8.96714480477e-06,6373.90247062,0.215595109655,0.0975056833267,0.0975056833267,0.195011366653,-4.16333634234e-17,-2.08166817117e-17,0.08,29548.6061433
2016-03-23,29569.0083721,0.000881619952706,0.000690463324465,5.49054030131,0.157871618266,0.000185813851073,5.34277716859e-06,2745.27015065,0.0929069255363,0.113943814046,0.113943814046,0.227887628092,-4.85722573274e-17,-4.85722573274e-17,0.08,29569.0083721
2016-03-24,29505.7130339,-0.000841164626526,-0.00214059725732,38.238320334,0.184614005012,0.00129318913414,6.24349666004e-06,19119.160167,0.646594567068,0.38372562467,0.38372562467,0.767451249339,3.05311331772e-16,2.63677968348e-16,0.08,29505.7130339
2016-03-28,29522.6769392,0.00165127191715,0.000574936293256,29.2764942845,2.48155576225,0.00099223137739,8.41042465029e-05,14638.2471422,0.496115688695,0.371051218704,0.371051218704,0.742102437407,3.46944695195e-17,-1.47451495458e-17,0.08,29522.6769392
2016-03-29,29498.9700378,0.00042126716514,-0.000803006496735,35.5435933248,0.600242479872,0.00120394208825,2.03315736276e-05,17771.7966624,0.601971044124,0.248807814343,0.248807814343,0.497615628685,4.7878367937e-16,5.06539254985e-16,0.08,29498.9700378
2016-03-30,29531.4963619,0.00170052976725,0.00110262575573,17.2353840686,0.402168452628,0.000584270706623,1.36333048955e-05,8617.69203431,0.292135353311,0.200078401966,0.200078401966,0.400156803931,-1.38777878078e-17,5.55111512313e-17,0.08,29531.4963619
2016-03-31,29504.5646475,-0.000452346871964,-0.000911965789522,13.2494746876,0.323759704096,0.000448655717451,1.09632001077e-05,6624.73734382,0.224327858725,0.209554106466,0.209554106466,0.419108212933,2.91433543964e-16,3.74700270811e-16,0.08,29504.5646475
2016-04-01,29495.8731776,0.00034998916452,-0.000294580519041,18.6789641899,0.338783708569,0.000633087266769,1.14824167927e-05,9339.48209495,0.316543633384,0.262454033679,0.262454033679,0.524908067358,1.52655665886e-16,2.22044604925e-16,0.08,29495.8731776
2016-04-04,29503.2609813,0.000970756085624,0.000250469064014,19.9729503846,1.27254425628,0.000677143892785,4.3143128824e-05,9986.47519228,0.338571946393,0.317999392102,0.317999392102,0.635998784203,-7.2858385991e-17,-4.16333634234e-17,0.08,29503.2609813
2016-04-05,29475.4849588,9.61281946928e-05,-0.000941456014437,30.098034476,0.514083236004,0.00102015958491,1.74246242248e-05,15049.017238,0.510079792453,0.424159082473,0.424159082473,0.848318164946,8.32667268469e-17,2.08166817117e-16,0.08,29475.4849588
2016-04-06,29375.1306811,-0.00235268568665,-0.00340466926517,30.3226689042,0.685057241402,0.00102874198496,2.32415935602e-05,15161.3344521,0.514370992481,0.360181102539,0.360181102539,0.720362205079,2.81025203108e-16,3.81639164715e-16,0.08,29375.1306811
2016-04-07,29304.9475257,-0.00165590167159,-0.00238920317105,20.9610812407,0.579746134573,0.000713565548635,1.97359508241e-05,10480.5406203,0.356782774317,0.240532891113,0.240532891113,0.481065782226,1.4224732503e-16,1.40512601554e-16,0.08,29304.9475257
2016-04-08,29291.5742595,-3.25268879548e-05,-0.00045634841175,12.033831693,0.386235822043,0.00041064163935,1.31798844445e-05,6016.91584652,0.205320819675,0.243890682735,0.243890682735,0.48778136547,1.11022302463e-16,1.30971622436e-16,0.08,29291.5742595
2016-04-11,29316.106241,0.00136371361757,0.000837509834925,14.2389905374,1.17434663746,0.000486112163563,4.00916190797e-05,7119.49526872,0.243056081782,0.315952514151,0.315952514151,0.631905028303,8.32667268469e-17,6.07153216592e-17,0.08,29316.106241
2016-04-12,29280.487567,-0.000711678827793,-0.00121498652139,14.2474877094,0.507534108053,0.000485995227069,1.73124665288e-05,7123.74385468,0.242997613534,0.316751919434,0.316751919434,0.633503838868,6.93889390391e-17,7.97972798949e-17,0.08,29280.487567
2016-04-13,29361.5565043,0.00346929963249,0.00276870175315,20.0056474604,0.508200035004,0.000683241609779,1.7356269558e-05,10002.8237302,0.341620804889,0.276918154493,0.276918154493,0.553836308986,-3.12250225676e-17,-2.77555756156e-17,0.08,29361.5565043
2016-04-14,29331.8425733,0.00047196913266,-0.00101200121831,43.1261588702,0.44552044056,0.00146879675346,1.51735975065e-05,21563.0794351,0.734398376732,0.334006868815,0.334006868815,0.66801373763,1.11022302463e-16,1.66533453694e-16,0.08,29331.8425733
2016-04-15,29329.4310215,0.000714176882511,-8.22161715268e-05,22.8228517481,0.536823939424,0.000778091307801,1.83017462364e-05,11411.4258741,0.3890456539,0.227713074595,0.227713074595,0.45542614919,-3.81639164715e-16,-3.88578058619e-16,0.08,29329.4310215
2016-04-18,29318.4455299,0.000288901950533,-0.000374555224735,18.3609538007,1.0978676571,0.000626024889033,3.74322862348e-05,9180.47690033,0.313012444516,0.277004659927,0.277004659927,0.554009319854,9.71445146547e-17,9.71445146547e-17,0.08,29318.4455299
2016-04-19,29293.9503249,-0.000262695012633,-0.000835487850549,16.3483903563,0.445005262116,0.000557614500386,1.51783375303e-05,8174.19517813,0.278807250193,0.30993819549,0.30993819549,0.61987639098,-1.38777878078e-16,-2.77555756156e-16,0.08,29293.9503249
2016-04-20,29208.2464985,-0.00221396996755,-0.00292564933857,20.3504034788,0.497496663149,0.000694696456199,1.69829148214e-05,10175.2017394,0.347348228099,0.262590466421,0.262590466421,0.525180932842,-1.38777878078e-16,-3.67761376907e-16,0.08,29208.2464985
2016-04-21,29204.8966029,0.000682378513099,-0.000114690060698,22.8607119785,0.420263401172,0.000782680055089,1.4388518708e-05,11430.3559892,0.391340027545,0.316587122891,0.316587122891,0.633174245783,0,-4.85722573274e-17,0.08,29204.8966029
2016-04-22,29179.9784193,-0.000315906373291,-0.000853219373296,15.1855462694,0.506624339171,0.000519965760394,1.73472396105e-05,7592.77313469,0.259982880197,0.244024884461,0.244024884461,0.488049768922,-2.77555756156e-17,-6.93889390391e-17,0.08,29179.9784193
2016-04-25,29157.2688028,3.51190249591e-05,-0.000778260225099,22.5638726573,1.17051630614,0.00077326557042,4.01136796374e-05,11281.9363286,0.38663278521,0.315955159174,0.315955159174,0.631910318348,-3.33066907388e-16,-4.82253126322e-16,0.08,29157.2688028
2016-04-26,29093.1438247,-0.00165427636252,-0.00219927931085,15.3860089968,0.504788466064,0.000527690336871,1.73126114616e-05,7693.00449839,0.263845168436,0.359889811402,0.359889811402,0.719779622804,-1.66533453694e-16,-1.97758476261e-16,0.08,29093.1438247
2016-04-27,29016.1418465,-0.00189551445628,-0.00264673968304,21.2817870713,0.573716495571,0.000731505237095,1.97199896659e-05,10640.8935357,0.365752618547,0.275082160781,0.275082160781,0.550164321562,-8.32667268469e-17,-1.04083408559e-16,0.08,29016.1418465
2016-04-28,28968.3078159,-0.000766241937189,-0.00164853173336,25.1632857113,0.4373601642,0.000867216801064,1.50729951113e-05,12581.6428557,0.433608400532,0.263610670964,0.263610670964,0.527221341928,-2.77555756156e-17,-1.2490009027e-16,0.08,28968.3078159
2016-04-29,28952.0292499,-1.9304943743e-05,-0.000561943972684,15.300904009,0.418430414249,0.000528194608614,1.44444203268e-05,7650.45200451,0.264097304307,0.28278271722,0.28278271722,0.56556543444,-1.38777878078e-17,-9.71445146547e-17,0.08,28952.0292499
2016-05-02,28928.2473853,-0.000102415412236,-0.000821423064821,19.4709004241,1.34583016444,0.000672522822357,4.6484830228e-05,9735.45021205,0.336261411179,0.181339274085,0.181339274085,0.36267854817,-9.71445146547e-17,-2.15105711021e-16,0.08,28928.2473853
2016-05-03,28983.3966506,0.00221358562132,0.00190641571266,8.59844451075,0.287442596241,0.000297233510079,9.93639858e-06,4299.22225538,0.148616755039,0.172267822817,0.172267822817,0.344535645634,-2.77555756156e-17,-1.17961196366e-16,0.08,28983.3966506
2016-05-04,28958.5607097,-0.000377128109843,-0.000856902358552,13.6319034277,0.273583925416,0.000470334915953,9.4393327571e-06,6815.95171385,0.235167457976,0.245999219375,0.245999219375,0.49199843875,-2.77555756156e-17,-4.16333634234e-17,0.08,28958.5607097
2016-05-05,28895.1587089,-0.00101129154676,-0.00218940441908,33.726108844,0.390344291989,0.00116463346304,1.34794092808e-05,16863.054422,0.58231673152,0.360519038449,0.360519038449,0.721038076899,3.88578058619e-16,3.46944695195e-16,0.08,28895.1587089
2016-05-06,28873.790232,5.4151415245e-05,-0.000739517546765,22.3623821356,0.570808484032,0.00077391449415,1.97544678602e-05,11181.1910678,0.386957247075,0.386362302368,0.386362302368,0.772724604736,2.08166817117e-17,1.38777878078e-17,0.08,28873.790232
2016-05-09,28852.0065468,0.000296657226455,-0.000754444950017,28.5154828125,1.83382094336,0.000987590565123,6.35116113482e-05,14257.7414062,0.493795282562,0.376637708719,0.376637708719,0.753275417437,-9.71445146547e-17,-3.46944695195e-17,0.08,28852.0065468
2016-05-10,28866.4947249,0.00116631473472,0.000502154956623,18.5669037102,0.595438555491,0.000643522095426,2.06376826695e-05,9283.45185512,0.321761047713,0.376764497243,0.376764497243,0.753528994486,1.30451205393e-15,1.51267887105e-15,0.08,28866.4947249
2016-05-11,28798.7568525,-0.00125994707534,-0.00234659154231,30.7716786712,0.595938102586,0.00106599983699,2.06446299859e-05,15385.8393356,0.532999918494,0.330685220056,0.330685220056,0.661370440112,4.05925293379e-16,4.11129463807e-16,0.08,28798.7568525
2016-05-12,28731.404698,-0.00133534107412,-0.00233871742807,28.3741657176,0.521825931348,0.000985256615866,1.81197380852e-05,14187.0828588,0.492628307933,0.402356407698,0.402356407698,0.804712815397,5.55111512313e-17,2.77555756156e-17,0.08,28731.404698
2016-05-13,28674.6193759,-0.00109114233699,-0.00197641997133,24.801830816,0.633439166159,0.000863230707888,2.20469264492e-05,12400.915408,0.431615353944,0.336192445727,0.336192445727,0.672384891454,1.04083408559e-16,3.46944695195e-17,0.08,28674.6193759
2016-05-16,28725.8402727,0.0029247600809,0.00178627991873,31.0607964813,1.58468883588,0.00108321565054,5.52645116264e-05,15530.3982406,0.54160782527,0.44003268839,0.44003268839,0.880065376779,6.93889390391e-17,5.55111512313e-17,0.08,28725.8402727
2016-05-17,28724.0241065,0.00104601184249,-6.32241267478e-05,31.1711156211,0.692619655969,0.00108512458905,2.41113801857e-05,15585.5578105,0.542562294527,0.391000432281,0.391000432281,0.782000864561,-5.55111512313e-17,-4.16333634234e-17,0.08,28724.0241065
2016-05-18,28632.715689,-0.00230535793491,-0.00317881704923,24.473857596,0.615403059862,0.000852034433101,2.14246812209e-05,12236.928798,0.42601721655,0.384877845306,0.384877845306,0.769755690611,0,1.11022302463e-16,0.08,28632.715689
2016-05-19,28513.0110032,-0.00285503850458,-0.00418069620129,37.3533389488,0.603840981897,0.0013045684997,2.1089197003e-05,18676.6694744,0.652284249852,0.266489374755,0.266489374755,0.53297874951,-1.66533453694e-16,-2.08166817117e-16,0.08,28513.0110032
2016-05-20,28514.1642383,0.000965053015869,4.04459225161e-05,25.9469807484,0.416351478062,0.000910004935832,1.46021575208e-05,12973.4903742,0.455002467916,0.35940116605,0.35940116605,0.7188023321,-2.63677968348e-16,-2.49800180541e-16,0.08,28514.1642383
2016-05-23,28490.8246816,-0.000211280502611,-0.000818525012666,15.6304630279,1.68460666458,0.000548164866321,5.90796437342e-05,7815.23151397,0.274082433161,0.297520066245,0.297520066245,0.59504013249,-2.22044604925e-16,-2.08166817117e-16,0.08,28490.8246816
2016-05-24,28453.1474854,-0.000613079690224,-0.00132243263174,19.7455794971,0.464470797077,0.000693050472135,1.63024693833e-05,9872.78974856,0.346525236067,0.298995328663,0.298995328663,0.597990657326,-1.94289029309e-16,-1.52655665886e-16,0.08,28453.1474854
2016-05-25,28419.6593802,-0.000565942429142,-0.00117695608721,16.9191051156,0.466156612815,0.000594630352384,1.63833056802e-05,8459.55255782,0.297315176192,0.289330751468,0.289330751468,0.578661502936,-3.74700270811e-16,-3.40005801291e-16,0.08,28419.6593802
2016-05-26,28363.8267115,-0.000962804693185,-0.00196457909741,28.0195294587,0.450557885203,0.000985920664417,1.58537398065e-05,14009.7647293,0.492960332209,0.223813321748,0.223813321748,0.447626643496,2.77555756156e-17,3.46944695195e-17,0.08,28363.8267115
2016-05-27,28342.2752168,9.03330546506e-05,-0.000759823237992,23.7658390622,0.347846699933,0.000837892548985,1.22637436574e-05,11882.9195311,0.418946274493,0.322535553396,0.322535553396,0.645071106793,5.55111512313e-17,1.17961196366e-16,0.08,28342.2752168
2016-05-31,28265.0196465,-0.00163115423306,-0.00272580693509,29.0213555077,2.00359264034,0.00102395997801,7.06927240321e-05,14510.6777538,0.511979989003,0.325717250572,0.325717250572,0.651434501144,2.08166817117e-17,9.71445146547e-17,0.08,28265.0196465
2016-06-01,28206.6716101,-0.0011758057469,-0.00206431968331,24.6094033491,0.504460519814,0.000870666415835,1.78475205793e-05,12304.7016745,0.435333207917,0.326034267964,0.326034267964,0.652068535927,-3.46944695195e-17,1.73472347598e-17,0.08,28206.6716101
2016-06-02,28223.2443796,0.00142469851183,0.00058754786116,23.1093243666,0.503909124936,0.000819285759272,1.78648913953e-05,11554.6621833,0.409642879636,0.207033393143,0.207033393143,0.414066786285,-3.46944695195e-17,-4.16333634234e-17,0.08,28223.2443796
2016-06-03,28218.7055286,0.000568520717788,-0.000160819605281,20.2641773493,0.320172824625,0.000717996027555,1.13442955147e-05,10132.0886746,0.358998013778,0.22785722127,0.22785722127,0.45571444254,2.77555756156e-17,2.77555756156e-17,0.08,28218.7055286
2016-06-06,28209.0586476,0.000363513535118,-0.000341861218197,18.8478031367,1.05695931445,0.000667918771737,3.74559815786e-05,9423.90156834,0.333959385869,0.227863300893,0.227863300893,0.455726601785,1.66533453694e-16,1.47451495458e-16,0.08,28209.0586476
2016-06-07,28185.7463019,-0.000293254834103,-0.000826413456377,14.6876941199,0.352208724302,0.000520672961951,1.24856603229e-05,7343.84705994,0.260336480976,0.242781048056,0.242781048056,0.485562096112,-1.2490009027e-16,-6.93889390391e-17,0.08,28185.7463019
2016-06-08,28104.5153677,-0.00214603505117,-0.00288198628103,20.3683776675,0.374956987803,0.000722648158731,1.33030711263e-05,10184.1888338,0.361324079365,0.332348608105,0.332348608105,0.664697216209,6.24500451352e-17,4.16333634234e-17,0.08,28104.5153677
2016-06-09,28053.6147325,-0.00125538250525,-0.00181111947921,15.1069102943,0.5118080309,0.000537526091328,1.82108826359e-05,7553.45514714,0.268763045664,0.307107282811,0.307107282811,0.614214565622,1.97758476261e-16,2.91433543964e-16,0.08,28053.6147325
2016-06-10,28087.2996197,0.0019281957097,0.00120073251037,19.9358918113,0.472080514713,0.000710635403011,1.68277963184e-05,9967.94590567,0.355317701505,0.339129608819,0.339129608819,0.678259217638,2.77555756156e-17,1.04083408559e-16,0.08,28087.2996197
2016-06-13,28046.9011371,-0.000906733298827,-0.00143831849881,13.3650007415,1.56579204375,0.000475837867022,5.57473329565e-05,6682.50037073,0.237918933511,0.300329050038,0.300329050038,0.600658100077,6.52256026967e-16,7.1123662515e-16,0.08,28046.9011371
2016-06-14,27911.6085473,-0.0041382385691,-0.00482379815187,18.7662712019,0.461550639728,0.00066910319647,1.64563863035e-05,9383.13560096,0.334551598235,0.293207843548,0.293207843548,0.586415687097,3.60822483003e-16,4.7878367937e-16,0.08,27911.6085473
2016-06-15,27938.3894252,0.0016802560995,0.000959488876196,19.6693395739,0.448433016554,0.000704701040093,1.60661832081e-05,9834.66978695,0.352350520046,0.280850182665,0.280850182665,0.56170036533,2.98372437868e-16,3.46944695195e-16,0.08,27938.3894252
2016-06-16,27922.5313801,-0.000113634292608,-0.000567607705379,12.253340692,0.429945302653,0.000438584361666,1.53890511049e-05,6126.670346,0.219292180833,0.266827381053,0.266827381053,0.533654762107,2.35922392733e-16,2.8449465006e-16,0.08,27922.5313801
2016-06-17,27890.1287433,-0.000344615932151,-0.00116044768105,22.3718412578,0.408246351809,0.000801211070489,1.46206784139e-05,11185.9206289,0.400605535245,0.309248485802,0.309248485802,0.618496971604,8.18789480661e-16,8.67361737988e-16,0.08,27890.1287433
2016-06-20,27872.734592,0.000341902235918,-0.00062366694035,25.5120436916,1.4178049451,0.000914733808739,5.08353675291e-05,12756.0218458,0.45736690437,0.204310907802,0.204310907802,0.408621815604,-5.55111512313e-17,-4.16333634234e-17,0.08,27872.734592
2016-06-21,27865.9166436,0.000214986505065,-0.00024460995597,12.4981716185,0.31203855931,0.000448401342799,1.11951182357e-05,6249.08580927,0.224200671399,0.172930257569,0.172930257569,0.345860515138,4.16333634234e-17,4.16333634234e-17,0.08,27865.9166436
2016-06-22,27832.1935667,-0.000266843280059,-0.00121019083305,26.0231971464,0.2640471311,0.000933871922435,9.47563055173e-06,13011.5985732,0.466935961218,0.261817750127,0.261817750127,0.523635500253,-1.11022302463e-16,-1.38777878078e-16,0.08,27832.1935667
2016-06-23,27800.774199,-0.000491383524312,-0.00112888578581,17.3438007358,0.39928560552,0.00062315608341,1.43461780891e-05,8671.90036788,0.311578041705,0.187462624933,0.187462624933,0.374925249865,0,-2.77555756156e-17,0.08,27800.774199
2016-06-24,27793.5842504,0.000233624541498,-0.000258624044748,13.3993243381,0.285567457891,0.000481976661592,1.02719246538e-05,6699.66216907,0.240988330796,0.173273745541,0.173273745541,0.346547491082,0,5.55111512313e-17,0.08,27793.5842504
2016-06-27,27752.0537543,-0.000300208766386,-0.0014942475822,32.3949638868,0.791654538917,0.00116555546039,2.84833554314e-05,16197.4819434,0.582777730194,0.267873690162,0.267873690162,0.535747380324,0,0,0.08,27752.0537543
2016-06-28,27796.3405072,0.00221344984117,0.001595800919,16.7336811553,0.407344934177,0.000602970911755,1.46780104198e-05,8366.84057765,0.301485455878,0.187000914874,0.187000914874,0.374001829748,3.33066907388e-16,3.33066907388e-16,0.08,27796.3405072
2016-06-29,27785.6367316,0.000182410136057,-0.000385078587647,15.4892911074,0.284818690685,0.000557242098231,1.02466254725e-05,7744.64555368,0.278621049115,0.24803348549,0.24803348549,0.496066970981,2.77555756156e-16,3.05311331772e-16,0.08,27785.6367316
2016-06-30,27796.3421184,0.00128347238395,0.000385284918577,24.5790794888,0.377631141103,0.00088459658946,1.35908759173e-05,12289.5397444,0.44229829473,0.382845968731,0.382845968731,0.765691937461,5.10008701937e-16,4.99600361081e-16,0.08,27796.3421184
2016-07-01,27767.8636038,-0.00027948467845,-0.00102454180805,20.1267550624,0.583107809616,0.000724079268295,2.09778613003e-05,10063.3775312,0.362039634148,0.278335923152,0.278335923152,0.556671846304,4.47558656802e-16,5.55111512313e-16,0.08,27767.8636038
2016-07-05,27720.9255301,-0.000824635074561,-0.00169037396501,22.3457371909,1.69398223564,0.000804733756609,6.10051338415e-05,11172.8685955,0.402366878305,0.298042545275,0.298042545275,0.59608509055,-6.93889390391e-17,-1.21430643318e-16,0.08,27720.9255301
2016-07-06,27693.5748924,-9.05197523979e-05,-0.000986642299812,24.3886332409,0.452713161774,0.000879791449043,1.63310983712e-05,12194.3166205,0.439895724521,0.332339264588,0.332339264588,0.664678529175,4.71844785466e-16,3.05311331772e-16,0.08,27693.5748924
2016-07-07,27792.7446279,0.00427136969935,0.00358096547395,18.6154508584,0.504310263756,0.000672193854737,1.82103706623e-05,9307.72542919,0.336096927368,0.310500423316,0.310500423316,0.621000846632,5.6898930012e-16,5.89805981832e-16,0.08,27792.7446279
2016-07-08,27764.2044964,0.000458494837828,-0.00102689143905,40.8101034411,0.472858025868,0.00146837255505,1.70137218255e-05,20405.0517206,0.734186277524,0.461294401975,0.461294401975,0.92258880395,4.57966997658e-16,5.6898930012e-16,0.08,27764.2044964
2016-07-11,27736.2678527,0.000175394561164,-0.00100621084798,30.7009963326,2.10533788101,0.00110577619238,7.5829216763e-05,15350.4981663,0.552888096191,0.24380313455,0.24380313455,0.487606269101,1.94289029309e-16,2.15105711021e-16,0.08,27736.2678527
2016-07-12,27738.3841523,0.000919701468352,7.63008068119e-05,23.0222557491,0.370530906477,0.000830041585674,1.33590758658e-05,11511.1278746,0.415020792837,0.424826396106,0.424826396106,0.849652792212,4.85722573274e-17,7.6327832943e-17,0.08,27738.3841523
2016-07-13,27670.7201342,-0.00143669216686,-0.00243936408392,27.1668003061,0.645698508122,0.000979393758372,2.32781586907e-05,13583.400153,0.489696879186,0.273748788929,0.273748788929,0.547497577858,-1.35308431126e-16,-1.12757025938e-16,0.08,27670.7201342
2016-07-14,27596.3670166,-0.00194328117648,-0.002687068397,20.1660690528,0.415058965783,0.000728787286887,1.49999336399e-05,10083.0345264,0.364393643443,0.327114981622,0.327114981622,0.654229963244,-2.35922392733e-16,-2.01227923213e-16,0.08,27596.3670166
2016-07-15,27626.7918925,0.00172863150481,0.0011024956956,16.7844333143,0.494640278876,0.000608211700627,1.7924108582e-05,8392.21665715,0.304105850313,0.274901364319,0.274901364319,0.549802728639,-2.01227923213e-16,-1.61329283266e-16,0.08,27626.7918925
2016-07-18,27594.6396166,-0.000545500736039,-0.00116380780053,15.8334061663,1.24843443008,0.000573117799126,4.51892653676e-05,7916.70308317,0.286558899563,0.248225845215,0.248225845215,0.49645169043,-4.16333634234e-17,-1.38777878078e-17,0.08,27594.6396166
2016-07-19,27604.7441189,0.00105644108649,0.000366176272766,18.6722825969,0.375326177656,0.000676663397543,1.36014161762e-05,9336.14129846,0.338331698771,0.251070832913,0.251070832913,0.502141665826,-1.73472347598e-16,-1.11022302463e-16,0.08,27604.7441189
2016-07-20,27560.4556345,-0.000326156325629,-0.00160437945748,34.9052555721,0.379766909495,0.00126446582594,1.37573059131e-05,17452.627786,0.632232912969,0.365089513803,0.365089513803,0.730179027605,4.16333634234e-17,5.55111512313e-17,0.08,27560.4556345
2016-07-21,27522.4341564,-0.000462972266919,-0.00137956638226,24.7104071577,0.551344293029,0.000896589210476,2.00049048659e-05,12355.2035788,0.448294605238,0.366954984885,0.366954984885,0.73390996977,-8.32667268469e-17,-2.77555756156e-17,0.08,27522.4341564
2016-07-22,27449.5731147,-0.00193854248828,-0.00264733276396,18.954236739,0.553396953965,0.000688683153216,2.01071224595e-05,9477.11836951,0.344341576608,0.354606305475,0.354606305475,0.70921261095,-8.32667268469e-17,-1.11022302463e-16,0.08,27449.5731147
2016-07-25,27409.2297228,-0.000776152026473,-0.0014697274791,17.4382747481,1.60007534944,0.000635284005153,5.82914474753e-05,8719.13737403,0.317642002577,0.409562639603,0.409562639603,0.819125279207,-3.46944695195e-17,-5.55111512313e-17,0.08,27409.2297228
2016-07-26,27445.5250827,0.00221224840817,0.00132420211062,23.7255528383,0.615112135604,0.000865604509074,2.24417884714e-05,11862.7764192,0.432802254537,0.343355207194,0.343355207194,0.686710414388,-8.32667268469e-17,-1.11022302463e-16,0.08,27445.5250827
2016-07-27,27508.4405801,0.00327129816616,0.00229237725427,26.3506387727,0.516359668565,0.000960106927936,1.88139839558e-05,13175.3193864,0.480053463968,0.240925001325,0.240925001325,0.481850002649,-1.80411241502e-16,-2.22044604925e-16,0.08,27508.4405801
2016-07-28,27493.3541065,0.000670262397697,-0.000548430711044,33.1611978667,0.363149100449,0.00120549173881,1.32013699356e-05,16580.5989334,0.602745869403,0.415839464188,0.415839464188,0.831678928376,-8.32667268469e-17,-2.77555756156e-17,0.08,27493.3541065
2016-07-29,27407.900417,-0.0023324405838,-0.00310815803655,20.7006186349,0.626455980294,0.000752931728691,2.27857240651e-05,10350.3093175,0.376465864346,0.304555347941,0.304555347941,0.609110695882,-2.01227923213e-16,-1.11022302463e-16,0.08,27407.900417
2016-08-01,27266.7585931,-0.00470177448028,-0.00514967661399,10.9039108884,1.37214618868,0.000397838240892,5.00638928122e-05,5451.95544421,0.198919120446,0.264677068647,0.264677068647,0.529354137294,-5.55111512313e-17,4.85722573274e-17,0.08,27266.7585931
2016-08-02,27335.9261888,0.00288242074789,0.00253670033525,9.03122923843,0.39544579375,0.000331217559564,1.45028530765e-05,4515.61461921,0.165608779782,0.298973634368,0.298973634368,0.597947268736,2.08166817117e-17,7.97972798949e-17,0.08,27335.9261888
2016-08-03,27348.2962686,0.00114624261128,0.000452520969577,18.5157032535,0.447820339807,0.000677339524755,1.63821169517e-05,9257.85162674,0.338669762378,0.291077736198,0.291077736198,0.582155472395,2.77555756156e-17,9.02056207508e-17,0.08,27348.2962686
2016-08-04,27304.049304,-0.000820484196757,-0.00161790570698,21.3719290186,0.436190694068,0.000781472045229,1.59494649971e-05,10685.9645093,0.390736022614,0.3270021576,0.3270021576,0.654004315199,-1.04083408559e-16,-8.32667268469e-17,0.08,27304.049304
2016-08-05,27343.8463059,0.00217831948553,0.00145754944559,19.1907087602,0.489231947048,0.000702852113493,1.79179264438e-05,9595.35438012,0.351426056747,0.281347874225,0.281347874225,0.56269574845,-3.46944695195e-17,-1.38777878078e-17,0.08,27343.8463059
2016-08-08,27291.8786959,-0.0010020804761,-0.0019005230456,23.3022509271,1.26462460789,0.00085219360387,4.6248965626e-05,11651.1254636,0.426096801935,0.278664151204,0.278664151204,0.557328302408,-1.52655665886e-16,-1.11022302463e-16,0.08,27291.8786959
2016-08-09,27285.6925138,0.000318628992386,-0.000226667504362,14.4654388172,0.416727025291,0.000530027228189,1.52692685591e-05,7232.71940862,0.265013614094,0.256004310864,0.256004310864,0.512008621728,-2.35922392733e-16,-2.77555756156e-16,0.08,27285.6925138
2016-08-10,27288.155699,0.000738865708099,9.02738724824e-05,17.3145237,0.382753693614,0.000634564202145,1.4027633472e-05,8657.26185001,0.317282101073,0.347644865803,0.347644865803,0.695289731607,-5.55111512313e-16,-4.99600361081e-16,0.08,27288.155699
2016-08-11,27263.8340224,7.48670917871e-05,-0.000891290597416,25.8448484541,0.519812998684,0.000947108655461,1.90490337426e-05,12922.424227,0.47355432773,0.199285222311,0.199285222311,0.398570444623,3.46944695195e-18,1.38777878078e-17,0.08,27263.8340224
2016-08-12,27276.6096334,0.000968411995174,0.000468591873603,13.3292989055,0.297713930094,0.000488900383362,1.09197382088e-05,6664.64945273,0.244450191681,0.153827345617,0.153827345617,0.307654691234,-6.93889390391e-18,-2.08166817117e-17,0.08,27276.6096334
2016-08-15,27239.7829007,-0.000133953184375,-0.00135012134016,32.483208945,0.689735088878,0.00119088146883,2.52866869507e-05,16241.6044725,0.595440734415,0.308108380681,0.308108380681,0.616216761363,5.55111512313e-17,8.32667268469e-17,0.08,27239.7829007
2016-08-16,27196.9729382,-0.000721361763881,-0.00157159704995,22.7003448592,0.459879747926,0.000833352635075,1.68826509962e-05,11350.1724296,0.416676317538,0.310845906648,0.310845906648,0.621691813296,-2.77555756156e-17,5.55111512313e-17,0.08,27196.9729382
2016-08-17,27206.3424669,0.00107175957717,0.000344506304918,19.3158509778,0.463236586908,0.000710220619834,1.70326524191e-05,9657.92548891,0.355110309917,0.252066540748,0.252066540748,0.504133081496,-5.55111512313e-17,-4.77048955894e-17,0.08,27206.3424669
2016-08-18,27169.3583351,-0.000402868731846,-0.00135939374493,25.647776748,0.375770336002,0.000942713147834,1.38118652465e-05,12823.888374,0.471356573917,0.328656018912,0.328656018912,0.657312037823,-7.6327832943e-17,-1.38777878078e-17,0.08,27169.3583351
2016-08-19,27160.3598584,0.000444735556169,-0.000331199455705,20.592375662,0.489280720373,0.000757926462893,1.80085489815e-05,10296.187831,0.378963231446,0.239880799311,0.239880799311,0.479761598622,-4.16333634234e-17,0,0.08,27160.3598584
2016-08-22,27131.6984215,9.21722701717e-05,-0.00105526720038,30.0938691278,1.07099980807,0.00110800701039,3.94324601607e-05,15046.9345639,0.554003505194,0.343448713523,0.343448713523,0.686897427047,-8.43075609325e-16,-8.881784197e-16,0.08,27131.6984215
2016-08-23,27127.0843721,0.00094152836123,-0.000170061207155,29.6487185862,0.510594351703,0.00109277046079,1.88191075903e-05,14824.3592931,0.546385230397,0.240776664093,0.240776664093,0.481553328187,-3.33066907388e-16,-3.60822483003e-16,0.08,27127.0843721
2016-08-24,27093.8716364,-0.000383199870658,-0.00122433857292,22.4597463598,0.357894185299,0.000827945460398,1.31932418681e-05,11229.8731799,0.413972730199,0.250242116658,0.250242116658,0.500484233316,-6.24500451352e-17,-8.32667268469e-17,0.08,27093.8716364
2016-08-25,27045.1329618,-0.000510335301535,-0.00179888187276,34.5402070265,0.371508371877,0.00127483467443,1.37118968032e-05,17270.1035132,0.637417337213,0.329931013188,0.329931013188,0.659862026376,-1.52655665886e-16,-1.80411241502e-16,0.08,27045.1329618
2016-08-26,26982.2910716,-0.00141130978321,-0.00232359331594,24.1838963939,0.488933047666,0.000894205121049,1.80784116815e-05,12091.948197,0.447102560525,0.324067214429,0.324067214429,0.648134428858,-6.93889390391e-17,-1.38777878078e-16,0.08,26982.2910716
2016-08-29,26966.9697937,0.000111313231565,-0.00056782716916,16.8873816301,1.4373823408,0.000625869077805,5.32713229199e-05,8443.69081503,0.312934538902,0.263665662109,0.263665662109,0.527331324219,-1.94289029309e-16,-2.63677968348e-16,0.08,26966.9697937
2016-08-30,26914.2995896,-0.00147506278047,-0.00195313765172,12.5026271082,0.389603503876,0.000463627437709,1.44474335402e-05,6251.31355412,0.231813718855,0.247202724501,0.247202724501,0.494405449003,-3.1918911958e-16,-3.24393290008e-16,0.08,26914.2995896
2016-08-31,26839.6316776,-0.00218834702524,-0.0027742840502,15.4055208942,0.364563736252,0.000572391670192,1.35453547672e-05,7702.76044708,0.286195835096,0.264321784171,0.264321784171,0.528643568341,-1.66533453694e-16,-1.73472347598e-16,0.08,26839.6316776
2016-09-01,26824.4288557,-0.000190539979958,-0.000566431834876,9.70007020609,0.388728730493,0.000361408469484,1.4483385434e-05,4850.03510304,0.180704234742,0.255178932249,0.255178932249,0.510357864499,-1.94289029309e-16,-1.66533453694e-16,0.08,26824.4288557
2016-09-02,26829.2818323,0.000638278396204,0.000180916303929,11.8934068171,0.375070088417,0.000443379685028,1.39824072465e-05,5946.70340856,0.221689842514,0.232882351962,0.232882351962,0.465764703924,-5.55111512313e-17,-8.32667268469e-17,0.08,26829.2818323
2016-09-06,26838.7846939,0.000707736260582,0.00035419739163,8.11575477469,1.36943917908,0.000302496161673,5.10427072794e-05,4057.87738735,0.151248080836,0.209054313019,0.209054313019,0.418108626038,-5.55111512313e-17,-8.32667268469e-17,0.08,26838.7846939
2016-09-07,26837.6513942,0.000780409937134,-4.22261925136e-05,21.7711148584,0.307439106655,0.000811181098798,1.14550308504e-05,10885.5574292,0.405590549399,0.339788560714,0.339788560714,0.679577121428,0,-2.77555756156e-17,0.08,26837.6513942
2016-09-08,26816.7570415,0.000294559339984,-0.000778546244601,28.2999553998,0.499678188503,0.00105448703331,1.8618551272e-05,14149.9776999,0.527243516656,0.259681080555,0.259681080555,0.519362161111,-5.55111512313e-17,-6.93889390391e-17,0.08,26816.7570415
2016-09-09,26807.8416011,0.000478516424952,-0.000332457812138,21.3661207572,0.381578325783,0.000796745136786,1.42291003044e-05,10683.0603786,0.398372568393,0.329888424853,0.329888424853,0.659776849706,-4.16333634234e-17,-1.38777878078e-17,0.08,26807.8416011
2016-09-12,26721.363254,-0.00236083864556,-0.00322586011847,21.7356167139,1.45374191334,0.000810793238685,5.42282342224e-05,10867.808357,0.405396619343,0.279315671112,0.279315671112,0.558631342224,-7.6327832943e-17,-5.55111512313e-17,0.08,26721.363254
2016-09-13,26702.63886,-0.000104861093277,-0.000700727499909,15.5133930855,0.408969617005,0.000580561438351,1.53049682801e-05,7756.69654274,0.290280719176,0.20289354363,0.20289354363,0.40578708726,-6.93889390391e-17,-9.71445146547e-17,0.08,26702.63886
2016-09-14,26716.0435422,0.000985114112393,0.000501998407441,12.6035988258,0.2968653711,0.000471998250507,1.11174544455e-05,6301.79941291,0.235999125253,0.214151390538,0.214151390538,0.428302781076,-3.46944695195e-18,-3.46944695195e-18,0.08,26716.0435422
2016-09-15,26647.2058485,-0.00215140235503,-0.00257664251829,11.0472400394,0.31349467804,0.000413505840486,1.17343227692e-05,5523.62001968,0.206752920243,0.21142821244,0.21142821244,0.422856424881,-1.66533453694e-16,-1.07552855511e-16,0.08,26647.2058485
2016-09-16,26586.7206839,-0.00188170115392,-0.00226985016246,10.0343757854,0.308710745154,0.000376563901013,1.1585107531e-05,5017.1878927,0.188281950507,0.194935989116,0.194935989116,0.389871978232,2.77555756156e-17,4.16333634234e-17,0.08,26586.7206839
2016-09-19,26606.7259108,0.00130791812477,0.000752451838441,13.91607489,0.851952114062,0.00052342201415,3.20442721835e-05,6958.03744501,0.261711007075,0.22754373705,0.22754373705,0.4550874741,1.38777878078e-16,2.28983498829e-16,0.08,26606.7259108
2016-09-20,26611.6505021,0.000814806782679,0.000185088212568,16.4230127468,0.331736649009,0.000617250420135,1.24681499753e-05,8211.50637342,0.308625210067,0.311018855987,0.311018855987,0.622037711974,1.05818132035e-16,1.61329283266e-16,0.08,26611.6505021
2016-09-21,26593.2131964,6.94226346186e-05,-0.000692828343628,19.8312374447,0.453519183293,0.000745208849152,1.70421290952e-05,9915.61872236,0.372604424576,0.313338052686,0.313338052686,0.626676105372,2.63677968348e-16,3.53883589099e-16,0.08,26593.2131964
2016-09-22,26555.4938836,-0.000485608137712,-0.00141838116921,24.3488476719,0.456584418499,0.000915603823129,1.71692083663e-05,12174.4238359,0.457801911564,0.208894336327,0.208894336327,0.417788672653,2.42861286637e-17,2.77555756156e-17,0.08,26555.4938836
2016-09-23,26557.690835,0.000666604276787,8.2730579688e-05,15.2010931718,0.303961220309,0.000572427432095,1.14462650042e-05,7600.54658589,0.286213716048,0.254401722874,0.254401722874,0.508803445747,-2.77555756156e-17,-5.20417042793e-17,0.08,26557.690835
2016-09-26,26519.7173981,-0.000435570947081,-0.00142984708473,25.2950499442,1.11062832394,0.000952456676351,4.18194612943e-05,12647.5249721,0.476228338176,0.239679263187,0.239679263187,0.479358526374,-1.38777878078e-17,-1.73472347598e-17,0.08,26519.7173981
2016-09-27,26477.6713051,-0.000378700928032,-0.00158546535243,31.6547651271,0.348286374022,0.00119363131409,1.31331103116e-05,15827.3825636,0.596815657043,0.302708466747,0.302708466747,0.605416933493,6.93889390391e-18,4.16333634234e-17,0.08,26477.6713051
2016-09-28,26307.3302253,-0.00552004894985,-0.00643338599324,23.7438591059,0.439178919659,0.000896750278087,1.65867653012e-05,11871.9295529,0.448375139043,0.263156949107,0.263156949107,0.526313898214,1.80411241502e-16,1.00613961607e-16,0.08,26307.3302253
2016-09-29,26182.1294951,-0.00375824824621,-0.00475915758576,25.9519124246,0.379340096507,0.000986489780693,1.44195588552e-05,12975.9562123,0.493244890346,0.375115410125,0.375115410125,0.75023082025,8.32667268469e-17,1.38777878078e-16,0.08,26182.1294951
2016-09-30,26247.0199662,0.00320951888198,0.00247842602315,18.603413369,0.538154533891,0.000710538589782,2.05542690479e-05,9301.70668448,0.355269294891,0.304584607013,0.304584607013,0.609169214025,8.32667268469e-17,5.55111512313e-17,0.08,26247.0199662
2016-10-03,26228.3190312,-6.53495373264e-05,-0.000712497460242,15.6715502191,1.31415423479,0.000597079220393,5.00687025226e-05,7835.77510953,0.298539610196,0.300331047896,0.300331047896,0.600662095791,2.77555756156e-17,6.93889390391e-17,0.08,26228.3190312
2016-10-04,26270.5295504,0.00236628424406,0.00160934900734,19.4215126533,0.431626221325,0.000740478740945,1.64564957751e-05,9710.75632665,0.370239370473,0.227469215705,0.227469215705,0.454938431409,-8.32667268469e-17,-4.51028103754e-17,0.08,26270.5295504
2016-10-05,26305.8393489,0.00171716232777,0.00134408400404,9.47352749806,0.327437630299,0.000360614257124,1.24640666139e-05,4736.76374903,0.180307128562,0.221505222123,0.221505222123,0.443010444246,-1.52655665886e-16,-1.35308431126e-16,0.08,26305.8393489
2016-10-06,26242.0332714,-0.00130498988358,-0.00242554805773,29.1579421714,0.319281139074,0.00110842090171,1.21372724451e-05,14578.9710857,0.554210450856,0.331140848982,0.331140848982,0.662281697964,-6.0368376964e-16,-5.82867087928e-16,0.08,26242.0332714
2016-10-07,26218.6819712,-0.000346702368373,-0.000889843401399,13.7769711322,0.476153927479,0.000524996328972,1.81447040538e-05,6888.48556611,0.262498164486,0.329092155891,0.329092155891,0.658184311782,-1.38777878078e-16,-1.11022302463e-16,0.08,26218.6819712
2016-10-10,26218.1079939,0.000745366300062,-2.18919202067e-05,18.6981382959,1.41836097116,0.000713160879574,5.40973406944e-05,9349.06914793,0.356580439787,0.348617953967,0.348617953967,0.697235907934,-4.99600361081e-16,-4.89192020225e-16,0.08,26218.1079939
2016-10-11,26143.5402098,-0.00233711335476,-0.00284413292333,12.792266233,0.500827570725,0.000487917214926,1.9102353642e-05,6396.13311652,0.243958607463,0.32943787054,0.32943787054,0.658875741079,0,-5.55111512313e-17,0.08,26143.5402098
2016-10-12,26126.5642177,-9.01637823917e-05,-0.000649337922182,14.1468643632,0.471927244662,0.000541122749623,1.80513901666e-05,7073.4321816,0.270561374812,0.368011070466,0.368011070466,0.736022140932,-5.55111512313e-17,1.38777878078e-17,0.08,26126.5642177
2016-10-13,26102.3066752,-0.000219790084217,-0.000928462781796,17.9883408322,0.526841910431,0.000688507707417,2.01649901625e-05,8994.17041611,0.344253853708,0.383369434343,0.383369434343,0.766738868685,2.77555756156e-17,1.14491749414e-16,0.08,26102.3066752
2016-10-14,26066.7599676,-0.000492960857321,-0.00136182246606,22.1309729068,0.548319262746,0.000847855064388,2.10065443475e-05,11065.4864534,0.423927532194,0.367566302365,0.367566302365,0.73513260473,0,4.16333634234e-17,0.08,26066.7599676
2016-10-17,26052.3128296,0.000607977526581,-0.000554236044378,28.720140118,1.57500206727,0.00110179171304,6.0421857923e-05,14360.070059,0.550895856518,0.348236514904,0.348236514904,0.696473029808,1.2490009027e-16,1.94289029309e-16,0.08,26052.3128296
2016-10-18,26022.8312894,-0.000166004192364,-0.00113162851996,24.6596310789,0.497115979451,0.000946542874722,1.90814528714e-05,12329.8155395,0.473271437361,0.373619696985,0.373619696985,0.747239393971,8.32667268469e-17,1.38777878078e-16,0.08,26022.8312894
2016-10-19,26020.2139714,0.00107161722145,-0.000100577757492,29.9710846497,0.532747525537,0.00115172266678,2.04723121636e-05,14985.5423249,0.575861333388,0.279680025449,0.279680025449,0.559360050898,-3.46944695195e-17,0,0.08,26020.2139714
2016-10-20,26004.8480468,-0.000131616442544,-0.000590537981876,11.5424786163,0.39875803319,0.000443596606431,1.53249329013e-05,5771.23930816,0.221798303215,0.261961086971,0.261961086971,0.523922173941,-1.66533453694e-16,-2.22044604925e-16,0.08,26004.8480468
2016-10-21,25987.9721713,-7.84679251841e-05,-0.000648951127123,14.4620545544,0.373274425251,0.000556129169777,1.43540321628e-05,7231.02727721,0.278064584888,0.342653254031,0.342653254031,0.685306508062,-8.32667268469e-17,-1.11022302463e-16,0.08,25987.9721713
2016-10-24,25968.9666275,0.00031540355383,-0.000731320768369,25.7384294226,1.46381313373,0.000990397759893,5.63265623065e-05,12869.2147113,0.495198879946,0.193545800782,0.193545800782,0.387091601564,-5.55111512313e-17,-6.93889390391e-17,0.08,25968.9666275
2016-10-25,25983.6273215,0.000839371079323,0.000564546682123,6.86149823266,0.275407366652,0.000264219147842,1.06052493579e-05,3430.74911633,0.132109573921,0.192756756434,0.192756756434,0.385513512869,-6.93889390391e-17,-9.71445146547e-17,0.08,25983.6273215
2016-10-26,25992.8127173,0.00096035378741,0.000353507063728,15.4936396726,0.274439436871,0.000596284709631,1.05620140512e-05,7746.81983628,0.298142354815,0.177513834086,0.177513834086,0.355027668173,-1.00613961607e-16,-1.21430643318e-16,0.08,25992.8127173
2016-10-27,25999.0228895,0.000642413707383,0.000238918823533,10.2351404363,0.252826512008,0.00039376809842,9.7267854294e-06,5117.57021814,0.19688404921,0.162813194821,0.162813194821,0.325626389641,-5.20417042793e-17,-5.89805981832e-17,0.08,25999.0228895
2016-10-28,25984.4375989,-3.23331882804e-05,-0.000560993801131,13.5127150467,0.231944327609,0.000519739341902,8.92127094908e-06,6756.35752335,0.259869670951,0.258137181025,0.258137181025,0.51627436205,-2.08166817117e-17,0,0.08,25984.4375989
2016-10-31,25936.1665752,-0.000646512024999,-0.00185768976097,30.3691614293,1.10261087216,0.00116874422676,4.24335092096e-05,15184.5807146,0.58437211338,0.386996860728,0.386996860728,0.773993721456,-9.02056207508e-17,-1.38777878078e-16,0.08,25936.1665752
2016-11-01,25914.7650605,-0.000102233877103,-0.000825161058815,18.1999754206,0.549984385968,0.000701721874275,2.12053074372e-05,9099.98771032,0.350860937138,0.370454273976,0.370454273976,0.740908547952,4.16333634234e-17,2.77555756156e-17,0.08,25914.7650605
2016-11-02,25924.4390601,0.000854328788521,0.000373300685791,11.9396899697,0.526040300041,0.000460729238403,2.02988643275e-05,5969.84498487,0.230364619202,0.372657100115,0.372657100115,0.74531420023,8.67361737988e-18,-4.16333634234e-17,0.08,25924.4390601
2016-11-03,25842.3641831,-0.00249044779917,-0.00316592682355,16.9820489803,0.529365823684,0.000655059457252,2.04195671296e-05,8491.02449013,0.327529728626,0.2543562246,0.2543562246,0.508712449201,-7.6327832943e-17,-1.11022302463e-16,0.08,25842.3641831
2016-11-04,25855.4103903,0.0010301192892,0.000504837990982,13.2143371173,0.360173489773,0.000511343970839,1.39373273754e-05,6607.16855863,0.25567198542,0.205777356378,0.205777356378,0.411554712755,6.93889390391e-18,-6.93889390391e-18,0.08,25855.4103903
2016-11-07,25836.7097778,-9.89911811722e-06,-0.000723276567885,17.5700708916,0.874595835316,0.000679551035021,3.3826414747e-05,8785.03544581,0.339775517511,0.216813018615,0.216813018615,0.43362603723,-6.93889390391e-18,-3.81639164715e-17,0.08,25836.7097778
2016-11-08,25817.4576907,-0.000202379209922,-0.000745144690823,13.7163298218,0.306944385644,0.000530885315498,1.18801654036e-05,6858.1649109,0.265442657749,0.200472986312,0.200472986312,0.400945972624,-6.76542155631e-17,-8.32667268469e-17,0.08,25817.4576907
2016-11-09,25927.5138077,0.00476172131623,0.00426285648887,12.595821418,0.283600155739,0.000487880006191,1.09848211678e-05,6297.91070898,0.243940003096,0.229032832776,0.229032832776,0.458065665553,1.73472347598e-17,6.07153216592e-18,0.08,25927.5138077
2016-11-10,26000.2927993,0.00418260363749,0.00280701775396,35.3401383213,0.325383667629,0.00136303613927,1.25497442617e-05,17670.0691606,0.681518069633,0.29865026074,0.29865026074,0.59730052148,2.49800180541e-16,1.71737624122e-16,0.08,26000.2927993
2016-11-11,25952.3097198,-0.000953933433212,-0.00184548227285,22.7550517399,0.425479135552,0.00087518444179,1.63643978488e-05,11377.52587,0.437592220895,0.3015482395,0.3015482395,0.603096479001,-5.55111512313e-17,-6.93889390391e-17,0.08,25952.3097198
2016-11-14,25761.4512068,-0.00679949412389,-0.00735420142203,13.1094906781,1.28644492718,0.000505137724528,4.95695736165e-05,6554.74533906,0.252568862264,0.295565485851,0.295565485851,0.591130971702,3.88578058619e-16,4.16333634234e-16,0.08,25761.4512068
2016-11-15,25841.9050753,0.00356898286003,0.00312303324408,11.0710930614,0.41721621053,0.000429754246861,1.61953690877e-05,5535.54653071,0.21487712343,0.328979144811,0.328979144811,0.657958289621,-5.13478148889e-16,-5.27355936697e-16,0.08,25841.9050753
2016-11-16,25872.7600803,0.00161594615395,0.00119399111126,10.4382894011,0.465832757916,0.000403928788171,1.80262545102e-05,5219.14470055,0.201964394085,0.332565396172,0.332565396172,0.665130792344,-4.99600361081e-16,-5.13478148889e-16,0.08,25872.7600803
2016-11-17,25830.2028296,-0.00045278265139,-0.00164486705439,30.3710406198,0.471473134585,0.00117386164157,1.82227614341e-05,15185.5203099,0.586930820785,0.475510958124,0.475510958124,0.951021916247,-2.91433543964e-16,-3.1918911958e-16,0.08,25830.2028296
2016-11-18,25804.2358256,0.000151754877004,-0.0010052961708,29.2138471123,0.673016136769,0.00113099565284,2.60553949657e-05,14606.9235561,0.56549782642,0.3722636657,0.3722636657,0.744527331399,7.6327832943e-17,5.55111512313e-17,0.08,25804.2358256
2016-11-21,25827.36811,0.00161093449281,0.000896452991914,16.8575840322,1.57906510998,0.000653287473659,6.11940272383e-05,8428.79201612,0.32664373683,0.455777357581,0.455777357581,0.911554715162,-9.71445146547e-17,-1.11022302463e-16,0.08,25827.36811
2016-11-22,25710.5101863,-0.00277547650936,-0.00452457730888,44.5296548906,0.645015320026,0.00172412669773,2.49741017853e-05,22264.8274453,0.862063348865,0.293468837986,0.293468837986,0.586937675972,0,8.32667268469e-17,0.08,25710.5101863
2016-11-23,25690.5686257,0.000201716778026,-0.000775619018019,24.714364485,0.413437454707,0.000961255311772,1.60804842732e-05,12357.1822425,0.480627655886,0.410835927968,0.410835927968,0.821671855936,5.55111512313e-17,5.55111512313e-17,0.08,25690.5686257
2016-11-25,25709.0461747,0.00191587165015,0.000719234724674,29.5856136181,1.15666943576,0.00115161381008,4.50231153937e-05,14792.8068091,0.57580690504,0.222320590666,0.222320590666,0.444641181331,-2.28983498829e-16,-2.77555756156e-16,0.08,25709.0461747
2016-11-28,25673.2882372,-0.000291309189825,-0.0013908698618,27.3290971291,0.939558958523,0.00106301482145,3.65458505204e-05,13664.5485646,0.531507410726,0.379591540367,0.379591540367,0.759183080735,-2.77555756156e-17,2.60208521397e-17,0.08,25673.2882372
2016-11-29,25691.5746593,0.00165776469572,0.000712274247797,23.7398563005,0.533992494699,0.000924690911469,2.07995364585e-05,11869.9281502,0.462345455734,0.263803629841,0.263803629841,0.527607259681,1.66533453694e-16,1.73472347598e-16,0.08,25691.5746593
2016-11-30,25693.2964473,0.00112977784321,6.70176110926e-05,26.9326123058,0.371371542545,0.0010483052387,1.44549934159e-05,13466.3061529,0.52415261935,0.251620681223,0.251620681223,0.503241362445,1.31838984174e-16,8.32667268469e-17,0.08,25693.2964473
2016-12-01,25651.6367904,-0.000261866574295,-0.00162142124988,34.577196672,0.354244644105,0.001345767241,1.37874345875e-05,17288.598336,0.6728836205,0.368428561083,0.368428561083,0.736857122165,-1.66533453694e-16,-8.32667268469e-17,0.08,25651.6367904
2016-12-02,25705.6405064,0.00318280020477,0.00210527368956,27.1224669847,0.517851815458,0.00105733864885,2.01878663607e-05,13561.2334923,0.528669324423,0.297942862685,0.297942862685,0.59588572537,-3.60822483003e-16,-3.60822483003e-16,0.08,25705.6405064
2016-12-05,25655.3028237,-0.00135207878273,-0.00195823491344,14.3226487726,1.25898281419,0.000557179221773,4.89769089345e-05,7161.32438628,0.278589610887,0.322772808353,0.322772808353,0.645545616707,-1.38777878078e-16,-1.31838984174e-16,0.08,25655.3028237
2016-12-06,25656.50767,0.000687314041867,4.69628542481e-05,15.9746592954,0.453744336524,0.000622665006339,1.76861812796e-05,7987.32964768,0.311332503169,0.301835120592,0.301835120592,0.603670241185,-5.82867087928e-16,-5.55111512313e-16,0.08,25656.50767
2016-12-07,25659.2129591,0.000640913240928,0.000105442607836,13.3139757153,0.424330689674,0.000518931722375,1.65389107174e-05,6656.98785765,0.259465861187,0.37371691304,0.37371691304,0.74743382608,-8.32667268469e-16,-7.70217223334e-16,0.08,25659.2129591
2016-12-08,25536.3737511,-0.00381956946251,-0.00478733342883,24.3066216039,0.525440101813,0.000947286327243,2.04776390707e-05,12153.310802,0.473643163621,0.355650163497,0.355650163497,0.711300326994,-3.05311331772e-16,-2.28983498829e-16,0.08,25536.3737511
2016-12-09,25584.3199986,0.0028358070259,0.00187756679873,23.9723358993,0.497644684915,0.000938752546974,1.94876801916e-05,11986.1679497,0.469376273487,0.419577164655,0.419577164655,0.83915432931,-4.23272528138e-16,-4.05925293379e-16,0.08,25584.3199986
2016-12-12,25695.4890935,0.00516845553955,0.00434520420627,19.2977343536,1.76459119638,0.000754279744571,6.89715887104e-05,9648.86717679,0.377139872286,0.333633049644,0.333633049644,0.667266099288,-7.07767178199e-16,-7.49400541622e-16,0.08,25695.4890935
2016-12-13,25749.9248405,0.00352600170479,0.00211849429346,35.696845343,0.469745993882,0.00138922614834,1.82812629942e-05,17848.4226715,0.69461307417,0.394247193887,0.394247193887,0.788494387775,2.49800180541e-16,2.01227923213e-16,0.08,25749.9248405
2016-12-14,25721.0027209,0.000110054480948,-0.00112319238738,31.1997492043,0.556264964996,0.00121164428236,2.16025859664e-05,15599.8746021,0.605822141182,0.340237960386,0.340237960386,0.680475920772,2.77555756156e-16,2.63677968348e-16,0.08,25721.0027209
2016-12-15,25716.8117046,0.000894890392848,-0.000162941404147,26.7289733505,0.479521178348,0.00103918862108,1.86431759115e-05,13364.4866752,0.519594310542,0.224569610166,0.224569610166,0.449139220331,8.32667268469e-17,1.04083408559e-16,0.08,25716.8117046
2016-12-16,25710.6718779,0.000331306759536,-0.000238747585784,14.343530157,0.316450102971,0.000557749161201,1.23051841187e-05,7171.76507851,0.2788745806,0.247207483532,0.247207483532,0.494414967064,-2.08166817117e-17,-3.12250225676e-17,0.08,25710.6718779
2016-12-19,25703.5182455,0.000394010449192,-0.000278235918496,16.2391051515,1.04480062929,0.000631609521081,4.0636846608e-05,8119.55257574,0.31580476054,0.280310011845,0.280310011845,0.56062002369,6.31439345256e-16,6.17561557448e-16,0.08,25703.5182455
2016-12-20,25718.379687,0.00142654950986,0.000578187052694,21.4111079237,0.394791972815,0.000833003004458,1.53594527038e-05,10705.5539618,0.416501502229,0.182972419816,0.182972419816,0.365944839633,-1.38777878078e-17,6.93889390391e-18,0.08,25718.379687
2016-12-21,25692.5379062,-0.000503941241176,-0.00100479816679,12.6233790386,0.257849543292,0.0004908310396,1.00258860173e-05,6311.6895193,0.2454155198,0.212411447101,0.212411447101,0.424822894203,-4.51028103754e-17,-1.73472347598e-18,0.08,25692.5379062
2016-12-22,25709.6991079,0.00104141754485,0.000667944976314,9.29642310173,0.299035022267,0.000361833585131,1.16389834028e-05,4648.21155086,0.180916792566,0.192699820683,0.192699820683,0.385399641366,-2.08166817117e-17,1.38777878078e-17,0.08,25709.6991079
2016-12-23,25685.4083112,-0.000481737018906,-0.000944810614739,11.6340168187,0.271465994953,0.00045251470155,1.0558894284e-05,5817.00840936,0.226257350775,0.217831551244,0.217831551244,0.435663102488,7.4593109467e-17,1.00613961607e-16,0.08,25685.4083112
2016-12-27,25672.8602365,0.000270866586744,-0.000488529305615,18.279071957,1.22632160806,0.000711651990716,4.77439016425e-05,9139.53597852,0.355825995358,0.264764443322,0.264764443322,0.529528886643,-1.17961196366e-16,-7.6327832943e-17,0.08,25672.8602365
2016-12-28,25635.1280693,-0.000681440100215,-0.00146972978063,19.8651981584,0.372452632822,0.000773782039686,1.45076407299e-05,9932.59907921,0.386891019843,0.29409039567,0.29409039567,0.58818079134,-3.05311331772e-16,-2.671474153e-16,0.08,25635.1280693
2016-12-29,25617.1168259,4.87815523393e-05,-0.000702600093946,18.8486663777,0.413098353806,0.000735267104057,1.61145422285e-05,9424.33318883,0.367633552029,0.28238604084,0.28238604084,0.564772081681,-4.16333634234e-17,2.42861286637e-17,0.08,25617.1168259
2016-12-30,25578.0900787,-0.000382073822146,-0.00152346368532,28.8427384991,0.396378969765,0.00112591665546,1.54732077173e-05,14421.3692496,0.56295832773,0,0,0,0,0,0,25578.0900787
