date,nav,gross_return,net_return,trading_cost,borrow_cost,trading_cost_return,borrow_cost_return,traded_notional,turnover,long_exposure,short_exposure,gross_exposure,net_exposure,estimated_beta_exposure,max_position,cash
2010-01-04,99892.6756198,0,-0.00107324380187,107.324380187,0,0.00107324380187,0,53662.1900937,0.536621900937,0.26859922292,0.26859922292,0.537198445839,-1.94289029309e-16,-2.77555756156e-17,0.08,99892.6756198
2010-01-05,99794.7953275,0.000227821523434,-0.000979854546078,119.167796877,1.47019698887,0.00119295830387,1.47177656394e-05,59583.8984384,0.596479151936,0.393675707436,0.393675707436,0.787351414871,-1.80411241502e-16,-1.66533453694e-16,0.08,99794.7953275
2010-01-06,99809.9313667,0.00119060149267,0.000151671629301,101.527092436,2.1527006383,0.00101735859172,2.15712716403e-05,50763.5462179,0.508679295862,0.321574775315,0.321574775315,0.643149550629,-5.06539254985e-16,-4.2674197509e-16,0.08,99809.9313667
2010-01-07,99599.4604918,-0.000853428857629,-0.00210871675828,123.531494757,1.75870445224,0.00123766736502,1.76205356337e-05,61765.7473785,0.618833682508,0.465609382628,0.465609382628,0.931218765255,-8.04911692853e-16,-6.38378239159e-16,0.08,99599.4604918
2010-01-08,99602.1803491,0.000987732140861,2.73079528956e-05,93.1166655778,2.54106538683,0.000934911345082,2.55128428837e-05,46558.3327889,0.467455672541,0.344396811773,0.344396811773,0.688793623546,-7.35522753814e-16,-7.56339435526e-16,0.08,99602.1803491
2010-01-11,99264.8243911,-0.00261289629035,-0.00338703386702,71.4669949057,5.63879562047,0.000717524402128,5.6613174538e-05,35733.4974528,0.358762201064,0.283412980727,0.283412980727,0.566825961453,-4.99600361081e-16,-3.12250225676e-16,0.08,99264.8243911
2010-01-12,99440.5910178,0.00299386366805,0.0017706839038,119.877193552,1.54153094586,0.00120765028586,1.5529478396e-05,59938.5967758,0.603825142929,0.447693940671,0.447693940671,0.895387881341,5.55111512313e-17,4.16333634234e-17,0.08,99440.5910178
2010-01-13,99260.142167,-0.000483993575194,-0.00181463976656,129.880849181,2.43939452358,0.00130611501653,2.45311748313e-05,64940.4245907,0.653057508267,0.421172653179,0.421172653179,0.842345306358,-2.77555756156e-17,-9.71445146547e-17,0.08,99260.142167
2010-01-14,99190.9961726,0.000636590565839,-0.000696613896515,130.043343516,2.29072095514,0.00131012650875,2.30779535988e-05,65021.6717579,0.655063254377,0.454704207731,0.454704207731,0.909408415461,-1.38777878078e-16,-7.6327832943e-17,0.08,99190.9961726
2010-01-15,99350.2217973,0.00270326771055,0.00160524272282,106.442819022,2.47137333308,0.00107310968867,2.49152990537e-05,53221.4095109,0.536554844336,0.356742943029,0.356742943029,0.713485886058,1.94289029309e-16,2.28983498829e-16,0.08,99350.2217973
2010-01-19,99240.8536215,-0.000311040828099,-0.00110083474218,70.6979834388,7.76821709908,0.00071160367999,7.81902340885e-05,35348.9917194,0.355801839995,0.327974995105,0.327974995105,0.655949990211,1.66533453694e-16,8.32667268469e-17,0.08,99240.8536215
2010-01-20,99065.2882044,-0.000469703156525,-0.00176908410948,127.168194486,1.7834804647,0.00128140972035,1.79712326085e-05,63584.0972432,0.640704860175,0.398409479721,0.398409479721,0.796818959442,8.18789480661e-16,8.39606162373e-16,0.08,99065.2882044
2010-01-21,98858.2839568,-0.00136473730986,-0.00208957396995,69.6434923634,2.16266027024,0.000703006003674,2.18306564231e-05,34821.7461817,0.351503001837,0.288559466079,0.288559466079,0.577118932157,1.2490009027e-16,9.71445146547e-17,0.08,98858.2839568
2010-01-22,98882.9756253,0.00125300786453,0.000249768329905,97.6154432489,1.5630955417,0.000987428057031,1.58114775934e-05,48807.7216244,0.493714028515,0.440139081247,0.440139081247,0.880278162494,1.66533453694e-16,1.49186218934e-16,0.08,98882.9756253
2010-01-25,98918.8353371,0.00143086330338,0.000362647984594,98.4739648847,7.15434444538,0.000995863688992,7.23516297941e-05,49236.9824424,0.497931844496,0.390039663148,0.390039663148,0.780079326296,3.05311331772e-16,3.88578058619e-16,0.08,98918.8353371
2010-01-26,98490.8707853,-0.00363787185727,-0.00432642125633,65.9964076839,2.11409694323,0.000667177362723,2.13720363369e-05,32998.2038419,0.333588681361,0.358138976636,0.358138976636,0.716277953271,-3.74700270811e-16,-3.46944695195e-16,0.08,98490.8707853
2010-01-27,98210.8275182,-0.00200895836643,-0.00284334238143,80.2464180878,1.93279011896,0.000814759961487,1.96240535143e-05,40123.2090439,0.407379980743,0.322040520899,0.322040520899,0.644081041797,-1.31838984174e-16,-7.6327832943e-17,0.08,98210.8275182
2010-01-28,98217.6685551,0.000742711846635,6.96566468226e-05,64.3682743827,1.73303375627,0.000655409143873,1.76460559397e-05,32184.1371914,0.327704571936,0.336862267963,0.336862267963,0.673724535926,-2.53269627493e-16,-2.63677968348e-16,0.08,98217.6685551
2010-01-29,97928.4805434,-0.00176448544594,-0.00294435834197,114.071443035,1.81292200458,0.00116141468957,1.84582064637e-05,57035.7215175,0.580707344784,0.340991659967,0.340991659967,0.681983319934,-7.21644966006e-16,-6.93889390391e-16,0.08,97928.4805434
2010-02-01,98167.3796584,0.00331430989339,0.00243952641419,80.1769903239,5.48922659811,0.000818730055639,5.60534235562e-05,40088.4951619,0.409365027819,0.403953082619,0.403953082619,0.807906165238,-5.27355936697e-16,-5.6898930012e-16,0.08,98167.3796584
2010-02-02,98370.55738,0.00309370003211,0.00206970708967,98.3498263797,2.17287756853,0.00100185852696,2.2134415486e-05,49174.9131899,0.500929263478,0.420852738015,0.420852738015,0.84170547603,-8.32667268469e-17,-1.17961196366e-16,0.08,98370.55738
2010-02-03,98492.1795602,0.00253058465047,0.00123636770397,125.044375636,2.26846676238,0.0012711565225,2.30604240008e-05,62522.1878178,0.63557826125,0.354312382999,0.354312382999,0.708624765997,-2.77555756156e-17,-7.6327832943e-17,0.08,98492.1795602
2010-02-04,98267.7125929,-0.0011973268791,-0.00227903340423,104.627468984,1.91216432037,0.00106229214798,1.94143771506e-05,52313.7344921,0.53114607399,0.312958917746,0.312958917746,0.625917835491,5.55111512313e-17,9.02056207508e-17,0.08,98267.7125929
2010-02-05,98263.7949716,0.000964888603619,-3.98668207888e-05,97.049879903,1.6851373689,0.000987606990559,1.71484338491e-05,48524.9399515,0.49380349528,0.316039838863,0.316039838863,0.632079677725,-9.71445146547e-17,-1.5959455979e-16,0.08,98263.7949716
2010-02-08,97880.2676227,-0.00260718766376,-0.00390303823556,122.230218365,5.10497653625,0.00124389881747,5.19517543336e-05,61115.1091826,0.621949408735,0.378146421294,0.378146421294,0.756292842588,0,6.93889390391e-17,0.08,97880.2676227
2010-02-09,97721.2904288,-0.000412567366245,-0.00162420064592,116.56687609,2.02811358448,0.00119091292782,2.07203518517e-05,58283.4380451,0.59545646391,0.403921536418,0.403921536418,0.807843072836,-3.60822483003e-16,-3.05311331772e-16,0.08,97721.2904288
2010-02-10,97688.5162552,0.000771548941225,-0.000335384166834,106.008097011,2.16283472716,0.00108480042113,2.2132686927e-05,53004.0485054,0.542400210566,0.287409187156,0.287409187156,0.574818374311,1.66533453694e-16,2.22044604925e-16,0.08,97688.5162552
2010-02-11,97597.5851324,-0.000109261671298,-0.000930827146766,78.7190697269,1.53844257816,0.000805817026857,1.57484486113e-05,39359.5348634,0.402908513429,0.227122450267,0.227122450267,0.454244900533,-3.74700270811e-16,-3.46944695195e-16,0.08,97597.5851324
2010-02-12,97523.5222166,0.000171235259432,-0.000758860125814,89.560455177,1.21460836577,0.000917650319478,1.2445065768e-05,44780.2275885,0.458825159739,0.383985214507,0.383985214507,0.767970429013,4.71844785466e-16,4.99600361081e-16,0.08,97523.5222166
2010-02-16,97498.0935286,0.000791333010736,-0.000260744151309,94.3945793963,8.20769108993,0.000967916019139,8.41611429056e-05,47197.2896982,0.483958009569,0.421072356234,0.421072356234,0.842144712468,3.33066907388e-16,3.26128013484e-16,0.08,97498.0935286
2010-02-17,97583.6246607,0.00220727776443,0.000877259533828,127.424721186,2.24952065591,0.00130694577273,2.30724578758e-05,63712.3605932,0.653472886365,0.246120618453,0.246120618453,0.492241236906,6.10622663544e-16,6.10622663544e-16,0.08,97583.6246607
2010-02-18,97437.9815039,-0.00065780297537,-0.00149249586939,80.1363393348,1.31601874259,0.000821206832739,1.34860612851e-05,40068.1696674,0.41060341637,0.299839232885,0.299839232885,0.59967846577,2.63677968348e-16,2.35922392733e-16,0.08,97437.9815039
2010-02-19,97278.7206145,-0.000650069379642,-0.00163448469464,94.3185793579,1.60086189743,0.000967985767995,1.64295470074e-05,47159.289679,0.483992883997,0.435018813339,0.435018813339,0.870037626678,6.38378239159e-16,6.38378239159e-16,0.08,97278.7206145
2010-02-22,97516.5445373,0.00339706425237,0.00244476820149,85.6817458145,6.95639566107,0.000880786108958,7.15099419187e-05,42840.8729072,0.440393054479,0.287778461115,0.287778461115,0.57555692223,1.52655665886e-16,9.71445146547e-17,0.08,97516.5445373
2010-02-23,97378.3626764,-0.000647479056574,-0.0014170094071,73.5042332414,1.53770745864,0.000753761667726,1.57686828008e-05,36752.1166207,0.376880833863,0.274741110619,0.274741110619,0.549482221238,4.54497550706e-16,4.16333634234e-16,0.08,97378.3626764
2010-02-24,97098.0941004,-0.0020180617547,-0.00287814015607,82.2870626903,1.46596380887,0.000845024093943,1.50543074312e-05,41143.5313451,0.422512046971,0.306095382274,0.306095382274,0.612190764549,6.93889390391e-17,0,0.08,97098.0941004
2010-02-25,96904.0131456,-0.0014440217806,-0.00199881322683,52.240628861,1.62856319078,0.000538019096512,1.67723497137e-05,26120.3144305,0.269009548256,0.224361319388,0.224361319388,0.448722638777,0,7.8062556419e-18,0.08,96904.0131456
2010-02-26,96853.9973974,4.90064270254e-05,-0.000516137016093,53.5733519017,1.19131573936,0.000552849672193,1.22937709254e-05,26786.6759509,0.276424836096,0.275000392369,0.275000392369,0.550000784737,-1.82145964978e-16,-1.5959455979e-16,0.08,96853.9973974
2010-03-01,96901.8753476,0.00114995467734,0.000494331172671,59.1214195787,4.37833763618,0.000610417960717,4.5205543951e-05,29560.7097893,0.305208980359,0.308252566522,0.308252566522,0.616505133045,-3.12250225676e-16,-2.74086309204e-16,0.08,96901.8753476
2010-03-02,97178.3453257,0.00374970501912,0.00285309213161,85.2467441355,1.63672612475,0.000879722335917,1.68905515903e-05,42623.3720678,0.439861167959,0.252020526262,0.252020526262,0.504041052525,5.55111512313e-17,1.2490009027e-16,0.08,97178.3453257
2010-03-03,97179.7452977,0.00074368705288,1.44062141199e-05,69.5283359977,1.3419691907,0.000715471494855,1.38093439048e-05,34764.1679988,0.357735747427,0.266094613639,0.266094613639,0.532189227279,-1.66533453694e-16,-7.6327832943e-17,0.08,97179.7452977
2010-03-04,97233.7092453,0.00113976444656,0.000555300360305,55.3811391595,1.41693187828,0.000569883559479,1.45805267748e-05,27690.5695797,0.284941779739,0.232015358793,0.232015358793,0.464030717585,-2.35922392733e-16,-1.2490009027e-16,0.08,97233.7092453
2010-03-05,96990.9048456,-0.00163087715282,-0.00249712164203,82.9920160898,1.23614870889,0.000853531318861,1.27131703448e-05,41496.0080449,0.42676565943,0.350573923203,0.350573923203,0.701147846406,1.38777878078e-16,1.94289029309e-16,0.08,96990.9048456
2010-03-08,96855.8859016,-0.000472979434231,-0.00139207840334,83.5547915564,5.58944910029,0.000861470378995,5.76285901156e-05,41777.3957782,0.430735189498,0.5,0.5,1,5.27355936697e-16,5.55111512313e-16,0.0759201615622,96855.8859016
2010-03-09,96681.313812,-0.000927824833583,-0.00180239009764,82.053207514,2.65358591511,0.000847168003784,2.7397260274e-05,41026.603757,0.423584001892,0.460670248918,0.460670248918,0.921340497837,4.05925293379e-16,4.16333634234e-16,0.08,96681.313812
2010-03-10,96481.5400929,-0.00121472231548,-0.00206631158794,79.8923201056,2.44044958354,0.000826347067035,2.52422054202e-05,39946.1600528,0.413173533517,0.336882506477,0.336882506477,0.673765012953,1.87350135405e-16,2.35922392733e-16,0.08,96481.5400929
2010-03-11,96535.139746,0.00127892129841,0.000555543091543,68.0116602869,1.78098318111,0.000704918891442,1.84593154234e-05,34005.8301435,0.352459445721,0.402305242077,0.402305242077,0.804610484154,1.5959455979e-16,1.38777878078e-16,0.08,96535.139746
2010-03-12,96216.9490257,-0.00244425052864,-0.00329611290894,80.1066214462,2.12803248024,0.000829818257444,2.20441228535e-05,40053.3107231,0.414909128722,0.369146536913,0.369146536913,0.738293073825,2.63677968348e-16,3.1918911958e-16,0.08,96216.9490257
2010-03-15,96291.3307241,0.00159501784937,0.000773062325771,73.2474521363,5.83860057947,0.000761273901095,6.06816225062e-05,36623.7260681,0.380636950548,0.347117602301,0.347117602301,0.694235204601,7.97972798949e-17,1.04083408559e-16,0.08,96291.3307241
2010-03-16,96063.7552326,-0.00110549085217,-0.00236340582006,119.294831355,1.83147484073,0.0012388948253,1.90201425918e-05,59647.4156775,0.619447412648,0.441150430305,0.441150430305,0.882300860609,4.02455846427e-16,3.95516952523e-16,0.08,96063.7552326
2010-03-17,95861.7530977,-0.00111550083625,-0.00210279240525,92.5208223692,2.32211325795,0.000963118942677,2.41726263181e-05,46260.4111846,0.481559471338,0.355457872168,0.355457872168,0.710915744337,-6.93889390391e-17,-4.85722573274e-17,0.08,95861.7530977
2010-03-18,96080.7824224,0.00310498545198,0.00228484580729,76.7529109865,1.86711313854,0.000800662501011,1.94771436805e-05,38376.4554932,0.400331250505,0.423464345839,0.423464345839,0.846928691679,-4.85722573274e-17,-1.5959455979e-16,0.08,96080.7824224
2010-03-19,96353.7007291,0.00369130969994,0.00284050878669,79.516204517,2.22941291377,0.000827597387451,2.32035257994e-05,39758.1022585,0.413798693726,0.447787928828,0.447787928828,0.895575857656,7.21644966006e-16,6.43582409587e-16,0.08,96353.7007291
2010-03-22,96251.2716767,0.000382509363169,-0.00106305260238,132.192747904,7.09249710976,0.00137195299095,7.36089746018e-05,66096.3739521,0.685976495474,0.429805169445,0.429805169445,0.859610338889,4.99600361081e-16,3.12250225676e-16,0.08,96251.2716767
2010-03-23,96216.1740716,0.000983216911081,-0.000364645625279,127.466672533,2.26681063739,0.00132431156817,2.35509681888e-05,63733.3362663,0.662155784085,0.35505079339,0.35505079339,0.71010158678,1.94289029309e-16,9.71445146547e-17,0.08,96216.1740716
2010-03-24,96145.0649408,0.000571346491799,-0.000739055897118,124.210034277,1.87187007896,0.00129094755092,1.9454837994e-05,62105.0171384,0.645473775461,0.292565889878,0.292565889878,0.585131779757,3.88578058619e-16,4.16333634234e-16,0.08,96145.0649408
2010-03-25,95809.2720206,-0.00271060395419,-0.00349256532693,73.64042469,1.54130227298,0.000765930365073,1.60310076646e-05,36820.212345,0.382965182536,0.236223461735,0.236223461735,0.47244692347,-5.55111512313e-17,0,0.08,95809.2720206
2010-03-26,95880.3294743,0.00134321934072,0.000741655293465,56.3952820497,1.24013139195,0.000588620295931,1.29437513279e-05,28197.6410249,0.294310147966,0.303430934192,0.303430934192,0.606861868384,-9.71445146547e-17,-6.93889390391e-17,0.08,95880.3294743
2010-03-29,96104.8037669,0.0032624292554,0.00234119233566,83.546078904,4.78242048379,0.000871357862056,4.98790576754e-05,41773.039452,0.435678931028,0.425720861877,0.425720861877,0.851441723754,-3.12250225676e-17,-2.77555756156e-17,0.08,96104.8037669
2010-03-30,95999.0104767,1.6107346494e-05,-0.00110081167703,105.099430435,2.24185314467,0.00109359185301,2.33271705138e-05,52549.7152173,0.546795926505,0.379545212413,0.379545212413,0.759090424826,-2.91433543964e-16,-2.08166817117e-16,0.08,95999.0104767
2010-03-31,95748.8378462,-0.00168723484075,-0.00260599176195,86.2032640809,1.99649122317,0.000897959923263,2.07969979405e-05,43101.6320405,0.448979961631,0.33370714098,0.33370714098,0.667414281961,-2.49800180541e-16,-1.11022302463e-16,0.08,95748.8378462
2010-04-01,95537.4364259,-0.00116239214375,-0.00220787452962,98.3529250283,1.75079840711,0.00102719706307,1.82853227934e-05,49176.4625141,0.513598531537,0.332456670877,0.332456670877,0.664913341753,-6.93889390391e-17,6.93889390391e-18,0.08,95537.4364259
2010-04-05,95519.6609282,0.00106440760811,-0.00018605793,112.504724878,6.96154697167,0.00117759832258,7.28672155346e-05,56252.3624391,0.588799161288,0.37287111867,0.37287111867,0.745742237341,2.08166817117e-17,9.71445146547e-17,0.08,95519.6609282
2010-04-06,95435.322429,-5.06728120517e-05,-0.0008829438715,77.5466591071,1.9515902918,0.000811839765275,2.04312941737e-05,38773.3295536,0.405919882638,0.390116608145,0.390116608145,0.780233216289,8.32667268469e-17,1.04083408559e-16,0.08,95435.322429
2010-04-07,95587.7991189,0.00250533588896,0.0015976965978,84.580798851,2.04004954976,0.000886263038655,2.13762525011e-05,42290.3994255,0.443131519328,0.350268844289,0.350268844289,0.700537688578,-1.11022302463e-16,-2.08166817117e-17,0.08,95587.7991189
2010-04-08,95628.7839595,0.00113285760858,0.000428766442719,65.467926133,1.83459879044,0.000684898352473,1.91928133857e-05,32733.9630665,0.342449176236,0.276637712381,0.276637712381,0.553275424761,-5.55111512313e-16,-5.58580959265e-16,0.08,95628.7839595
2010-04-09,95478.5452799,-0.000580627818522,-0.00157106127899,93.2643842379,1.44956317985,0.000975275229656,1.51582308154e-05,46632.192119,0.487637614828,0.327679485877,0.327679485877,0.655358971754,-8.32667268469e-17,-1.45716771982e-16,0.08,95478.5452799
2010-04-12,95378.4453594,-0.000100793554223,-0.00104840223773,85.3333352051,5.14296339117,0.000893743562545,5.38651209661e-05,42666.6676025,0.446871781272,0.445325388349,0.445325388349,0.890650776697,-2.22044604925e-16,-3.1918911958e-16,0.08,95378.4453594
2010-04-13,95102.0040562,-0.00190750928101,-0.00289836243583,92.178666734,2.32736675177,0.000966451763674,2.44013911424e-05,46089.333367,0.483225881837,0.408019374748,0.408019374748,0.816038749496,5.55111512313e-17,1.90819582357e-17,0.08,95102.0040562
2010-04-14,94563.1154452,-0.00467861606313,-0.0056664274991,91.816630191,2.12621699903,0.000965454209953,2.23572260136e-05,45908.3150955,0.482727104977,0.31066991562,0.31066991562,0.62133983124,2.08166817117e-16,1.89084858881e-16,0.08,94563.1154452
2010-04-15,94312.3307915,-0.00212696942094,-0.00265203459591,48.0420499847,1.60974877239,0.000508042165896,1.70230090751e-05,24021.0249923,0.254021082948,0.324451732816,0.324451732816,0.648903465631,1.94289029309e-16,1.66533453694e-16,0.08,94312.3307915
2010-04-16,94479.6729808,0.00233197214862,0.00177434051146,50.9148381006,1.67670132335,0.000539853460023,1.77781771406e-05,25457.4190503,0.269926730012,0.305431753313,0.305431753313,0.610863506626,-3.05311331772e-16,-2.91433543964e-16,0.08,94479.6729808
2010-04-19,94342.9340373,-0.000753337796626,-0.00144728425802,60.8202031493,4.74363158975,0.00064373850195,5.02079594488e-05,30410.1015747,0.321869250975,0.279549369923,0.279549369923,0.559098739847,2.77555756156e-17,5.55111512313e-17,0.08,94342.9340373
2010-04-20,94152.0192089,-0.00153594417748,-0.00202362615031,44.5642244801,1.44512371325,0.00047236419913,1.53177736944e-05,22282.1122401,0.236182099565,0.334675762727,0.334675762727,0.669351525453,1.94289029309e-16,1.94289029309e-16,0.08,94152.0192089
2010-04-21,93712.5127819,-0.00383780415607,-0.00466805099571,76.4428191971,1.72659719677,0.000811908441681,1.83383979576e-05,38221.4095985,0.405954220841,0.280947995559,0.280947995559,0.561895991117,4.16333634234e-17,6.93889390391e-17,0.08,93712.5127819
2010-04-22,93315.8519711,-0.00350179360318,-0.00423274116804,67.0562841038,1.44264891095,0.000715553154144,1.53944107155e-05,33528.1420519,0.357776577072,0.298794772917,0.298794772917,0.597589545833,8.32667268469e-17,1.31838984174e-16,0.08,93315.8519711
2010-04-23,93042.8573997,-0.00216153548155,-0.00292548978207,69.7612497738,1.52779664653,0.000747581984199,1.63723163242e-05,34880.6248869,0.3737909921,0.367725168556,0.367725168556,0.735450337112,1.94289029309e-16,3.1918911958e-16,0.08,93042.8573997
2010-04-26,92540.3508774,-0.00442106685205,-0.00540080707224,85.5335774719,5.62425212387,0.000919292247276,6.04479729133e-05,42766.788736,0.459646123638,0.452169941357,0.452169941357,0.904339882714,2.77555756156e-16,2.32452945781e-16,0.08,92540.3508774
2010-04-27,92895.7794617,0.00438418346958,0.00384079572836,47.9924722339,2.29282000161,0.000518611306083,2.47764351429e-05,23996.2361169,0.259305653041,0.413310513752,0.413310513752,0.826621027504,-1.11022302463e-16,7.2858385991e-17,0.08,92895.7794617
2010-04-28,93414.9490414,0.00629082100441,0.00558873161589,63.1173162122,2.10382478547,0.000679442237074,2.26471514385e-05,31558.6581061,0.339721118537,0.308150256964,0.308150256964,0.616300513929,-1.66533453694e-16,-3.81639164715e-17,0.08,93414.9490414
2010-04-29,93238.0739865,-0.000738798505253,-0.00189343415263,106.28292383,1.57730633158,0.00113775070179,1.68849455871e-05,53141.4619148,0.568875350896,0.406868047513,0.406868047513,0.813736095025,-2.22044604925e-16,-2.15973072759e-16,0.08,93238.0739865
2010-04-30,93129.7201751,0.000181469576428,-0.00116211979536,123.195022618,2.07866263653,0.0013212952322,2.22941395897e-05,61597.5113088,0.660647616099,0.417772363698,0.417772363698,0.835544727396,7.6327832943e-17,1.02348685083e-16,0.08,93129.7201751
2010-05-03,93338.6669254,0.00371503856309,0.0022436097727,130.638076439,6.39567506763,0.00140275388129,6.86749091011e-05,65319.0382194,0.701376940644,0.278377081418,0.278377081418,0.556754162835,2.15105711021e-16,1.66533453694e-16,0.08,93338.6669254
2010-05-04,93228.6845768,-3.1392504638e-05,-0.00117831497025,105.628469038,1.42374496888,0.0011316689269,1.52535387078e-05,52814.234519,0.565834463452,0.410291542367,0.410291542367,0.820583084733,-1.11022302463e-16,-8.32667268469e-17,0.08,93228.6845768
2010-05-05,93167.4716126,0.000551166554617,-0.000656589380457,110.501555156,2.09594196098,0.00118527420673,2.24817283489e-05,55250.7775779,0.592637103363,0.310052808745,0.310052808745,0.62010561749,5.55111512313e-17,1.38777878078e-17,0.08,93167.4716126
2010-05-06,93138.1467804,0.000393012386689,-0.000314753976683,64.3579622249,1.58284034286,0.000690777168372,1.69891949997e-05,32178.9811124,0.345388584186,0.275448340721,0.275448340721,0.550896681442,2.49800180541e-16,2.35922392733e-16,0.08,93138.1467804
2010-05-07,93067.3328009,-0.00018786509425,-0.000760311236416,51.9108331971,1.40573961581,0.0005573530824,1.50930597655e-05,25955.4165986,0.2786765412,0.317295103542,0.317295103542,0.634590207084,6.10622663544e-16,5.55111512313e-16,0.08,93067.3328009
2010-05-10,93021.8210372,0.00047283235622,-0.000489019748219,84.6627947314,4.85421517766,0.000909694005227,5.21580992124e-05,42331.3973657,0.454847002614,0.416923623694,0.416923623694,0.833847247388,-1.49880108324e-15,-1.55431223448e-15,0.08,93021.8210372
2010-05-11,93156.9044759,0.00250922665255,0.00145216936364,96.204298355,2.12509560052,0.00103421215885,2.28451300654e-05,48102.1491775,0.517106079425,0.319500186711,0.319500186711,0.639000373421,0,1.38777878078e-17,0.08,93156.9044759
2010-05-12,93088.3328125,0.000260381415522,-0.000736087827063,91.1971052023,1.63088484238,0.00097896238304,1.75068595458e-05,45598.5526012,0.48948119152,0.373166072084,0.373166072084,0.746332144168,-2.49800180541e-16,-1.94289029309e-16,0.08,93088.3328125
2010-05-13,93229.6600313,0.00232765513518,0.00151820549919,73.4468975199,1.90341958973,0.000789002179982,2.04474560046e-05,36723.44876,0.394501089991,0.372859454498,0.372859454498,0.745718908996,-4.30211422042e-16,-3.60822483003e-16,0.08,93229.6600313
2010-05-14,93059.7114741,-0.00113219458781,-0.00182290225078,62.4896975757,1.90474302369,0.000670277007926,2.0430655041e-05,31244.8487879,0.335138503963,0.327951913757,0.327951913757,0.655903827514,2.08166817117e-16,2.08166817117e-16,0.08,93059.7114741
2010-05-17,92977.9578102,-4.06802815833e-05,-0.00087850760229,72.9511286526,5.01684007753,0.000783917417075,5.39099036313e-05,36475.5643263,0.391958708538,0.250481187094,0.250481187094,0.500962374189,4.99600361081e-16,5.30825383649e-16,0.08,92977.9578102
2010-05-18,92806.636625,-0.001023760554,-0.00184260000088,74.8578973947,1.27612215046,0.000805114450326,1.37249965531e-05,37428.9486974,0.402557225163,0.327908009603,0.327908009603,0.655816019206,1.66533453694e-16,1.94289029309e-16,0.08,92806.636625
2010-05-19,92933.4243708,0.00207894371261,0.00136614956038,64.4845188607,1.66750901335,0.000694826590056,1.796756217e-05,32242.2594304,0.347413295028,0.292564055082,0.292564055082,0.585128110164,3.1918911958e-16,3.95516952523e-16,0.08,92933.4243708
2010-05-20,92930.2966647,0.000991882851829,-3.3655341546e-05,93.8169690383,1.48980709516,0.00100950728625,1.60309071278e-05,46908.4845191,0.504753643124,0.362831716665,0.362831716665,0.725663433331,-1.94289029309e-16,-1.52655665886e-16,0.08,92930.2966647
2010-05-21,92854.8818406,-0.000116584434652,-0.000811520320261,62.7330331321,1.8475648805,0.000675054695655,1.98811899543e-05,31366.516566,0.337527347827,0.350747251979,0.350747251979,0.701494503958,-6.38378239159e-16,-6.24500451352e-16,0.08,92854.8818406
2010-05-24,92550.620759,-0.00218686969899,-0.00327673758777,95.8458124502,5.3537415844,0.00103221080626,5.76570825171e-05,47922.9062251,0.516105403132,0.444285078567,0.444285078567,0.888570157135,-2.63677968348e-16,-2.35922392733e-16,0.08,92550.620759
2010-05-25,92196.4063309,-0.00285524203007,-0.00382725070045,87.7069176185,2.25308820906,0.000947664282521,2.43443878667e-05,43853.4588092,0.47383214126,0.348706582996,0.348706582996,0.697413165991,-6.38378239159e-16,-5.82867087928e-16,0.08,92196.4063309
2010-05-26,91767.3610519,-0.00387839916272,-0.00465360089498,69.709197796,1.76161609951,0.000756094522229,1.91072100272e-05,34854.598898,0.378047261114,0.367820432586,0.367820432586,0.735640865172,-1.33226762955e-15,-1.13797860024e-15,0.08,91767.3610519
2010-05-27,91670.8097354,-0.000384390407194,-0.00105213133918,59.427293855,1.84952933914,0.000647586387729,2.01545442513e-05,29713.6469275,0.323793193865,0.286037684116,0.286037684116,0.572075368233,-1.20736753928e-15,-1.13103970634e-15,0.08,91670.8097354
2010-05-28,91566.8018801,-0.000537080250228,-0.00113457986936,53.3364900053,1.43678389687,0.000581826321369,1.56732977598e-05,26668.2450026,0.290913160685,0.297923430657,0.297923430657,0.595846861314,-3.81639164715e-16,-2.22044604925e-16,0.08,91566.8018801
2010-06-01,91408.735767,-0.000637178404809,-0.00172623822005,93.7425691049,5.97915523297,0.00102376152907,6.52982861714e-05,46871.2845525,0.511880764535,0.35387268415,0.35387268415,0.707745368301,-5.55111512313e-17,-1.38777878078e-17,0.08,91408.735767
2010-06-02,91777.5585934,0.00476678557208,0.00403487503986,65.1305750922,1.77244135236,0.000712520248154,1.9390284063e-05,32565.2875461,0.356260124077,0.27270452509,0.27270452509,0.54540905018,-5.55111512313e-17,2.08166817117e-17,0.08,91777.5585934
2010-06-03,91894.6885953,0.00216871543169,0.00127623793524,80.5379999412,1.37140578247,0.000877534782746,1.49427137036e-05,40268.9999706,0.438767391373,0.359424317516,0.359424317516,0.718848635032,5.82867087928e-16,6.24500451352e-16,0.08,91894.6885953
2010-06-04,91857.098736,0.000624930846471,-0.00040905366598,93.2078663877,1.80981839626,0.0010142900293,1.96944831516e-05,46603.9331939,0.50714501465,0.316670895025,0.316670895025,0.63334179005,4.02455846427e-16,4.51028103754e-16,0.08,91857.098736
2010-06-07,91630.5906201,-0.00139351086054,-0.00246587491931,93.7225849806,4.78166624731,0.00102030856918,5.20554895931e-05,46861.2924903,0.510154284591,0.306244415108,0.306244415108,0.612488830217,-2.77555756156e-17,4.51028103754e-17,0.08,91630.5906201
2010-06-08,91772.3222804,0.00216007936684,0.00154677231062,54.6600792099,1.53760858249,0.000596526540318,1.67805158964e-05,27330.0396049,0.298263270159,0.229903479366,0.229903479366,0.459806958732,-1.52655665886e-16,-1.05818132035e-16,0.08,91772.3222804
2010-06-09,91770.2458065,0.000801592401216,-2.26263641039e-05,74.4843728344,1.15609732612,0.000811621314396,1.25974509242e-05,37242.1864172,0.405810657198,0.304846871878,0.304846871878,0.609693743756,1.38777878078e-17,-1.73472347598e-17,0.08,91770.2458065
2010-06-10,91553.4459339,-0.00181748461446,-0.00236242009269,48.4759382726,1.53292451318,0.000528231540045,1.67039381851e-05,24237.9691363,0.264115770022,0.304127211259,0.304127211259,0.608254422517,-2.22044604925e-16,-2.15105711021e-16,0.08,91553.4459339
2010-06-11,91632.1337009,0.00169931191293,0.00085947356979,75.3644015092,1.52569283249,0.000823173838412,1.66645047265e-05,37682.2007546,0.411586919206,0.274227102887,0.274227102887,0.548454205775,-2.35922392733e-16,-2.49800180541e-16,0.08,91632.1337009
2010-06-14,91507.5543476,-0.000518915243201,-0.00135955966787,72.8994097868,4.13063252978,0.000795565996801,4.50784278719e-05,36449.7048934,0.397782998401,0.347819191045,0.347819191045,0.69563838209,2.91433543964e-16,2.63677968348e-16,0.08,91507.5543476
2010-06-15,91458.6309009,5.55653500765e-05,-0.000534638337804,52.264091468,1.74400457686,0.00057114510207,1.90585858107e-05,26132.045734,0.285572551035,0.3295836969,0.3295836969,0.6591673938,8.53483950181e-16,7.25114412958e-16,0.08,91458.6309009
2010-06-16,91476.5234535,0.00125034805008,0.000195635474679,94.8108819111,1.65168622935,0.00103665319475,1.80593806521e-05,47405.4409555,0.518326597376,0.460995586028,0.460995586028,0.921991172057,-1.66533453694e-16,-1.38777878078e-16,0.08,91476.5234535
2010-06-17,91294.7495797,-0.000977667877442,-0.00198710955541,90.0295154093,2.31069991985,0.000984181645852,2.52600321111e-05,45014.7577046,0.492090822926,0.381852863324,0.381852863324,0.763705726649,8.04911692853e-16,8.53483950181e-16,0.08,91294.7495797
2010-06-18,91337.2688751,0.0015336945795,0.000465736481368,95.5887664987,1.91020063197,0.00104703465357,2.09234445657e-05,47794.3832494,0.523517326784,0.28890556951,0.28890556951,0.577811139021,-7.6327832943e-17,-1.73472347598e-17,0.08,91337.2688751
2010-06-21,91328.0045946,0.000952330901583,-0.000101429358139,91.9098561149,4.3377280573,0.00100626893323,4.74913264949e-05,45954.9280574,0.503134466614,0.253501082976,0.253501082976,0.507002165952,1.80411241502e-16,2.77555756156e-16,0.08,91328.0045946
2010-06-22,90959.6623557,-0.00312786837368,-0.00403317953193,81.4116726847,1.26858893538,0.000891420687949,1.38904703001e-05,40705.8363423,0.445710343974,0.356899219154,0.356899219154,0.713798438308,-3.50414142147e-16,-2.22044604925e-16,0.08,90959.6623557
2010-06-23,91128.6301175,0.00266211630727,0.00185761201629,71.3986204535,1.77881821749,0.000784948169379,1.95561215975e-05,35699.3102267,0.39247408469,0.253655545941,0.253655545941,0.507311091882,-7.49400541622e-16,-5.27355936697e-16,0.08,91128.6301175
2010-06-24,90690.504894,-0.00377161684196,-0.00480776703189,93.1563565864,1.26659081772,0.0010222512559,1.38989340242e-05,46578.1782932,0.511125627952,0.399548194157,0.399548194157,0.799096388313,-2.08166817117e-16,-8.32667268469e-17,0.08,90690.504894
2010-06-25,90784.4535228,0.00191010183787,0.00103592574441,77.2939793671,1.98549191548,0.000852283041731,2.18930517346e-05,38646.9896836,0.426141520865,0.309493926772,0.309493926772,0.618987853544,-1.16573417586e-15,-9.71445146547e-16,0.08,90784.4535228
2010-06-28,90371.3549623,-0.00333951106693,-0.00455032270921,105.304149372,4.61872389215,0.0011599359283,5.08757139899e-05,52652.074686,0.57996796415,0.357230981595,0.357230981595,0.714461963191,-1.02695629778e-15,-9.71445146547e-16,0.08,90371.3549623
2010-06-29,90204.2187423,-0.00120773586366,-0.0018494380223,56.2225375118,1.7689560461,0.000622127858272,1.95743003614e-05,28111.2687559,0.311063929136,0.347064217646,0.347064217646,0.694128435292,-1.38777878078e-16,-1.11022302463e-16,0.08,90204.2187423
2010-06-30,90240.086048,0.000980966521372,0.00039762337347,50.9045796765,1.71543323869,0.000564325930497,1.90172174053e-05,25452.2898382,0.282162965248,0.318652235742,0.318652235742,0.637304471484,-4.16333634234e-16,-4.09394740331e-16,0.08,90240.086048
2010-07-01,90314.5242446,0.00146033586129,0.000824890575598,55.7670095793,1.5756276807,0.000617984889217,1.7460396479e-05,27883.5047896,0.308992444608,0.297858243708,0.297858243708,0.595716487416,-1.94289029309e-15,-1.85268467234e-15,0.08,90314.5242446
2010-07-02,90227.4124613,0.00025037626912,-0.000964537918647,108.250373547,1.47402331906,0.00119859318811,1.63209996552e-05,54125.1867735,0.599296594056,0.474474542816,0.474474542816,0.948949085632,-2.77555756156e-16,-2.22044604925e-16,0.08,90227.4124613
2010-07-06,90203.1780856,0.00134004071052,-0.000268592161048,135.759634144,9.38314745798,0.00150463845122,0.000103994420343,67879.8170719,0.752319225612,0.317422078298,0.317422078298,0.634844156596,-9.29811783124e-16,-8.89913143176e-16,0.08,90203.1780856
2010-07-07,89960.5397191,-0.0014845187035,-0.00268990928771,107.161158503,1.56890302778,0.00118799759362,1.73929905917e-05,53580.5792514,0.593998796811,0.357899973656,0.357899973656,0.715799947313,-7.42461647718e-16,-7.04297731247e-16,0.08,89960.5397191
2010-07-08,90015.4139615,0.00136533682204,0.000609981249138,66.1879827006,1.76421231757,0.000735744615442,1.96109574606e-05,33093.9913503,0.367872307721,0.294436884005,0.294436884005,0.58887376801,2.35922392733e-16,2.28983498829e-16,0.08,90015.4139615
2010-07-09,90257.0483346,0.00326984395549,0.00268436662677,51.2497179187,1.45226619174,0.000569343800837,1.61335278907e-05,25624.8589594,0.284671900418,0.313009162246,0.313009162246,0.626018324492,2.08166817117e-16,2.06432093641e-16,0.08,90257.0483346
2010-07-12,89955.7383217,-0.00229252337724,-0.00333835438279,89.7495730833,4.64404653469,0.000994377444635,5.14535609172e-05,44874.7865416,0.497188722317,0.334125885684,0.334125885684,0.668251771368,6.80011602583e-16,6.0368376964e-16,0.08,89955.7383217
2010-07-13,89849.428301,-0.000388455024736,-0.00118180365941,69.7193284392,1.64693373913,0.000775040366961,1.83082677087e-05,34859.6642196,0.387520183481,0.270332821941,0.270332821941,0.540665643882,1.2490009027e-16,1.11022302463e-16,0.08,89849.428301
2010-07-14,89665.643346,-0.00123089556638,-0.00204547717752,71.858774284,1.33091778095,0.000799768853768,1.48127573666e-05,35929.387142,0.399884426884,0.30245822118,0.30245822118,0.604916442361,5.96744875736e-16,5.41233724505e-16,0.08,89665.643346
2010-07-15,89804.348364,0.00215589697359,0.00154691376516,53.118837692,1.48603347876,0.000592410155214,1.65730532154e-05,26559.418846,0.296205077607,0.358986162175,0.358986162175,0.71797232435,3.74700270811e-16,2.63677968348e-16,0.08,89804.348364
2010-07-16,90157.5896761,0.0048553580082,0.00393345443244,81.024455718,1.76649415703,0.000902233101115,1.96704746397e-05,40512.227859,0.451116550558,0.33761541804,0.33761541804,0.67523083608,2.35922392733e-16,2.01227923213e-16,0.08,90157.5896761
2010-07-19,89969.4700697,-0.0010349298752,-0.00208656428183,89.8092191042,5.0036042183,0.000996135981751,5.54984248833e-05,44904.6095521,0.498067990875,0.299801810796,0.299801810796,0.599603621591,-7.6327832943e-17,-7.2858385991e-17,0.08,89969.4700697
2010-07-20,89890.9491232,-0.000178645849453,-0.000872751016723,60.9703009189,1.47797315305,0.000677677670788,1.64274964819e-05,30485.1504594,0.338838835394,0.344274097995,0.344274097995,0.688548195989,-6.93889390391e-17,-5.89805981832e-17,0.08,89890.9491232
2010-07-21,89780.1455849,-0.000207271217064,-0.00123264399146,90.4759989951,1.69573290013,0.00100650844026,1.88643341367e-05,45237.9994976,0.503254220128,0.368262287145,0.368262287145,0.736524574291,-1.38777878078e-17,2.77555756156e-17,0.08,89780.1455849
2010-07-22,89869.5914456,0.00162384635553,0.000996276627884,54.5316499099,1.81165160292,0.000607390972187,2.017875546e-05,27265.8249549,0.303695486093,0.27768158204,0.27768158204,0.555363164079,-1.11022302463e-16,-6.59194920871e-17,0.08,89869.5914456
2010-07-23,89997.3015742,0.00194189640326,0.00142106052282,45.4399033838,1.36740440164,0.000505620451288,1.52154291529e-05,22719.9516919,0.252810225644,0.255469230411,0.255469230411,0.510938460822,-4.16333634234e-17,1.38777878078e-17,0.08,89997.3015742
2010-07-26,90034.8088501,0.00109144491434,0.000416760005778,56.9403897247,3.77943145845,0.000632689966573,4.19949419854e-05,28470.1948623,0.316344983287,0.282215959196,0.282215959196,0.564431918392,5.82867087928e-16,4.99600361081e-16,0.08,90034.8088501
2010-07-27,89994.9097598,0.000127801322895,-0.000443151830494,50.0133698119,1.39228821593,0.000555489265215,1.54638881751e-05,25006.684906,0.277744632607,0.273782136054,0.273782136054,0.547564272109,1.80411241502e-16,1.87350135405e-16,0.08,89994.9097598
2010-07-28,89929.0899648,0.000658233869792,-0.00073137242067,123.707410595,1.35008211661,0.00137460452958,1.50017608797e-05,61853.7052976,0.687302264791,0.432746016817,0.432746016817,0.865492033633,-1.80411241502e-16,-8.32667268469e-17,0.08,89929.0899648
2010-07-29,90149.0133395,0.00348548662469,0.00244551985056,91.3908570717,2.13240851935,0.00101625466362,2.37121105105e-05,45695.4285359,0.508127331809,0.374672305973,0.374672305973,0.749344611946,1.66533453694e-16,1.80411241502e-16,0.08,90149.0133395
2010-07-30,89885.2608629,-0.00167148629671,-0.00292573891554,111.218877781,1.85075828543,0.00123372262947,2.05299893684e-05,55609.4388905,0.616861314734,0.325320270015,0.325320270015,0.650640540031,1.11022302463e-16,1.11022302463e-16,0.08,89885.2608629
2010-08-02,89778.5957676,-0.000317802061841,-0.00118668059991,73.2925525733,4.80682147962,0.000815401233413,5.34773046601e-05,36646.2762866,0.407700616706,0.329638388111,0.329638388111,0.659276776222,-1.80411241502e-16,-2.08166817117e-16,0.08,89778.5957676
2010-08-03,89353.6219744,-0.00365812629471,-0.00473357585491,94.9307364514,1.62161488196,0.00105738718277,1.80623774308e-05,47465.3682257,0.528693591383,0.422466648766,0.422466648766,0.844933297533,-2.70616862252e-16,-2.98372437868e-16,0.08,89353.6219744
2010-08-04,89381.6564421,0.00134436996927,0.000313747412692,90.0214240598,2.06843425921,0.00100747369911,2.31488574666e-05,45010.7120299,0.503736849557,0.419165905269,0.419165905269,0.838331810537,4.02455846427e-16,3.53883589099e-16,0.08,89381.6564421
2010-08-05,89241.0694371,-0.000828840282914,-0.00157288431075,64.4509702524,2.0529174212,0.000721076033024,2.29679948092e-05,32225.4851262,0.360538016512,0.286349292429,0.286349292429,0.572698584859,4.57966997658e-16,4.30211422042e-16,0.08,89241.0694371
2010-08-06,89269.63435,0.000884076269322,0.000320087075664,48.9307731991,1.40022559391,0.00054829882147,1.56903721879e-05,24465.3865995,0.274149410735,0.229974780143,0.229974780143,0.459949560286,1.52655665886e-16,7.2858385991e-17,0.08,89269.63435
2010-08-09,89264.4887675,0.000367677096204,-5.76409052137e-05,34.5932266553,3.37475581366,0.000387513927969,3.78040734482e-05,17296.6133277,0.193756963985,0.221670170031,0.221670170031,0.443340340062,5.82867087928e-16,5.06539254985e-16,0.08,89264.4887675
2010-08-10,89086.1787698,-0.00120652409786,-0.00199754684199,69.5260066449,1.08423421385,0.00077887643345,1.21463106866e-05,34763.0033225,0.389438216725,0.337801732997,0.337801732997,0.675603465994,3.88578058619e-16,3.33066907388e-16,0.08,89086.1787698
2010-08-11,89335.3752894,0.00372787337652,0.0027972523127,81.2565174401,1.64895701778,0.000912111379814,1.85096839998e-05,40628.2587201,0.456055689907,0.298072385,0.298072385,0.59614477,6.38378239159e-16,4.71844785466e-16,0.08,89335.3752894
2010-08-12,89152.6122289,-0.0010603165392,-0.0020458083922,86.5801936628,1.45909086999,0.00096915911958,1.63327334247e-05,43290.0968314,0.48457955979,0.326401821015,0.326401821015,0.652803642031,-1.80411241502e-16,-1.73472347598e-16,0.08,89152.6122289
2010-08-13,89115.2365224,0.000504208999807,-0.000419232881479,80.7327586991,1.59449725917,0.000905556849998,1.78850312885e-05,40366.3793496,0.452778424999,0.23150339967,0.23150339967,0.463006799341,-3.33066907388e-16,-3.33066907388e-16,0.08,89115.2365224
2010-08-16,89078.1487867,0.000326093137418,-0.000416177268723,62.7562909902,3.39131181655,0.00070421505277,3.80553533705e-05,31378.1454951,0.352107526385,0.331912151163,0.331912151163,0.663824302326,-6.38378239159e-16,-6.66133814775e-16,0.08,89078.1487867
2010-08-17,89049.0357416,0.000616178775141,-0.000326825888419,82.3810483581,1.62006136906,0.000924817696374,1.8186967187e-05,41190.5241791,0.462408848187,0.465622313327,0.465622313327,0.931244626654,-1.89431803577e-15,-1.71390679427e-15,0.08,89049.0357416
2010-08-18,89400.8667792,0.00538555035449,0.00395098088083,125.475071182,2.27195715186,0.00140905592224,2.55135514152e-05,62737.5355909,0.704527961122,0.418838017825,0.418838017825,0.83767603565,-2.01227923213e-16,-2.22044604925e-16,0.08,89400.8667792
2010-08-19,89296.6848997,-3.48007138436e-05,-0.00116533410963,99.0189130768,2.05175242924,0.00110758336741,2.2950028374e-05,49509.4565384,0.553791683706,0.289857324525,0.289857324525,0.57971464905,3.05311331772e-16,2.8449465006e-16,0.08,89296.6848997
2010-08-20,89285.5853981,0.000846783413147,-0.000124299145162,85.2961903074,1.41826291364,0.000955199965185,1.58825931247e-05,42648.0951537,0.477599982593,0.319260945752,0.319260945752,0.638521891504,-1.52655665886e-16,-1.2490009027e-16,0.08,89285.5853981
2010-08-23,89282.0556305,0.000957896884225,-3.95334542651e-05,84.3703324162,4.68581924979,0.000944949087134,5.24812513565e-05,42185.1662081,0.472474543567,0.341528257317,0.341528257317,0.683056514634,5.41233724505e-16,5.51642065361e-16,0.08,89282.0556305
2010-08-24,89280.89364,0.000706910270097,-1.30148274615e-05,62.6055791926,1.67081341749,0.000701211220445,1.87138771133e-05,31302.7895963,0.350605610223,0.331686826285,0.331686826285,0.66337365257,-5.89805981832e-17,-1.47451495458e-16,0.08,89280.89364
2010-08-25,89159.484627,-0.000243499896082,-0.00135985436528,98.0464782587,1.62264637037,0.00109817984858,1.81746206184e-05,49023.2391293,0.54908992429,0.269863587433,0.269863587433,0.539727174865,1.31838984174e-15,1.13797860024e-15,0.08,89159.484627
2010-08-26,89029.6338612,-0.000566214296191,-0.00145638757813,78.0489856559,1.31840539042,0.000875386236051,1.47870458867e-05,39024.492828,0.437693118026,0.268380478636,0.268380478636,0.536760957272,-9.71445146547e-17,-3.46944695195e-17,0.08,89029.6338612
2010-08-27,89061.9266248,0.00105365500529,0.000362719268498,60.2045054904,1.309250178,0.000676229957143,1.47057796513e-05,30102.2527452,0.338114978572,0.260709064314,0.260709064314,0.521418128628,3.67761376907e-16,2.77555756156e-16,0.08,89061.9266248
2010-08-30,89060.4500106,0.000873596150652,-1.65796353916e-05,75.4639072703,3.81686326954,0.000847319501499,4.28562845448e-05,37731.9536351,0.423659750749,0.280004609874,0.280004609874,0.560009219748,1.56125112838e-16,8.32667268469e-17,0.08,89060.4500106
2010-08-31,88936.8477782,-0.000793043643713,-0.00138784648335,51.6069791651,1.36642940057,0.000579460121288,1.53427183493e-05,25803.4895826,0.289730060644,0.241051674769,0.241051674769,0.482103349539,-2.08166817117e-16,-2.15105711021e-16,0.08,88936.8477782
2010-09-01,88834.8282463,-0.000428387767862,-0.00114710083041,62.7453687002,1.17470554003,0.000705504751604,1.32083109463e-05,31372.6843501,0.352752375802,0.338668071052,0.338668071052,0.677336142104,-4.16333634234e-17,0,0.08,88834.8282463
2010-09-02,88585.5050941,-0.00194359466652,-0.00280659238192,75.0157321846,1.64852163969,0.000844440560819,1.85571545782e-05,37507.8660923,0.42222028041,0.25710949402,0.25710949402,0.51421898804,1.2490009027e-16,1.11022302463e-16,0.08,88585.5050941
2010-09-03,88891.7862782,0.0040579238121,0.00345746387962,51.9440368511,1.24800955574,0.00058637174102,1.40881914532e-05,25972.0184255,0.29318587051,0.250988611586,0.250988611586,0.501977223171,4.23272528138e-16,3.88578058619e-16,0.08,88891.7862782
2010-09-07,88921.8643027,0.00172426729155,0.00033836674683,118.305130965,4.89004405903,0.00133088934218,5.50112025393e-05,59152.5654824,0.665444671089,0.385795359479,0.385795359479,0.771590718958,2.16493489802e-15,2.14411821631e-15,0.08,88921.8643027
2010-09-08,88702.4117069,-0.00136198356781,-0.0024679261683,96.4627166086,1.87976123859,0.00108480312874,2.11394717523e-05,48231.3583043,0.542401564368,0.292072541949,0.292072541949,0.584145083898,9.71445146547e-16,9.29811783124e-16,0.08,88702.4117069
2010-09-09,88698.1061563,0.00062263917986,-4.85392733107e-05,58.1155563113,1.41959117064,0.000655174478269,1.60039749013e-05,29057.7781556,0.327587239134,0.332841139216,0.332841139216,0.665682278431,7.6327832943e-17,8.32667268469e-17,0.08,88698.1061563
2010-09-10,88378.4519877,-0.00275051320171,-0.00360384434832,74.0711920428,1.61766458626,0.000835093275975,1.82378706419e-05,37035.5960214,0.417546637987,0.372998891713,0.372998891713,0.745997783426,1.11022302463e-15,1.08246744901e-15,0.08,88378.4519877
2010-09-13,88267.5849492,-0.000335793919698,-0.00125445780068,75.7711769624,5.41891473579,0.000857348994673,6.1314886309e-05,37885.5884812,0.428674497337,0.239502888589,0.239502888589,0.479005777177,5.27355936697e-16,4.99600361081e-16,0.08,88267.5849492
2010-09-14,88190.263392,-0.000425574038444,-0.000875990401356,38.5987896955,1.15837488022,0.000437292916961,1.31234459501e-05,19299.3948478,0.218646458481,0.230118202991,0.230118202991,0.460236405983,5.58580959265e-16,4.99600361081e-16,0.08,88190.263392
2010-09-15,88066.6774671,-0.000644400932393,-0.00140135566142,65.6440267951,1.11201013332,0.000744345512422,1.26092166023e-05,32822.0133976,0.372172756211,0.200226886752,0.200226886752,0.400453773504,-1.28369537222e-16,-1.1622647289e-16,0.08,88066.6774671
2010-09-16,88012.2959988,-0.000110841481124,-0.000617503349236,43.653818192,0.966209131827,0.000495690531851,1.09713362604e-05,21826.909096,0.247845265926,0.246418837787,0.246418837787,0.492837675575,-3.12250225676e-17,0,0.08,88012.2959988
2010-09-17,87571.5593315,-0.00406428164192,-0.00500767151129,81.8415310172,1.18837740773,0.000929887467296,1.35024020705e-05,40920.7655086,0.464943733648,0.332431092774,0.332431092774,0.664862185549,5.55111512313e-16,5.96744875736e-16,0.08,87571.5593315
2010-09-20,87525.9853025,0.00022716837976,-0.000520420435353,60.682064717,4.78545356129,0.000692942608082,5.46462070314e-05,30341.0323585,0.346471304041,0.285638731574,0.285638731574,0.571277463148,5.55111512313e-17,7.97972798949e-17,0.08,87525.9853025
2010-09-21,87736.4640607,0.00308824692573,0.0024047573696,58.4531893693,1.36990747516,0.000667838118786,1.56514373465e-05,29226.5946846,0.333919059393,0.251212514906,0.251212514906,0.502425029813,8.60422844084e-16,7.56339435526e-16,0.08,87736.4640607
2010-09-22,87372.8668889,-0.00338239175892,-0.00414419677954,65.6303803039,1.2076985088,0.000748039951308,1.37650693099e-05,32815.1901519,0.374019975654,0.259966533252,0.259966533252,0.519933066504,4.16333634234e-16,4.57966997658e-16,0.08,87372.8668889
2010-09-23,87110.6233623,-0.00236668407872,-0.0030014298017,54.2149496543,1.24460390714,0.000620500981423,1.4244741548e-05,27107.4748271,0.310250490711,0.262399045359,0.262399045359,0.524798090718,5.27355936697e-16,5.6898930012e-16,0.08,87110.6233623
2010-09-24,87144.941236,0.000820612345398,0.000393957387858,35.9137001661,1.2524791458,0.000412276927657,1.43780298827e-05,17956.8500831,0.206138463829,0.32128130801,0.32128130801,0.64256261602,2.77555756156e-17,7.8062556419e-17,0.08,87144.941236
2010-09-27,86992.1965355,-0.000856379618533,-0.00175276611933,73.5131312861,4.60241765043,0.000843573135095,5.28133657003e-05,36756.5656431,0.421786567548,0.383215379878,0.383215379878,0.766430759756,7.49400541622e-16,7.00828284295e-16,0.08,86992.1965355
2010-09-28,86859.771697,-0.000798820807398,-0.00152226111963,61.1069907198,1.82667110366,0.000702442209226,2.0998103007e-05,30553.4953599,0.351221104613,0.399846064608,0.399846064608,0.799692129215,8.60422844084e-16,8.43075609325e-16,0.08,86859.771697
2010-09-29,86498.0358776,-0.00330814365999,-0.00416459555823,72.4881731783,1.90304317182,0.000834542524831,2.19093734032e-05,36244.0865891,0.417271262416,0.281943795902,0.281943795902,0.563887591803,2.77555756156e-16,2.35922392733e-16,0.08,86498.0358776
2010-09-30,86498.3353977,0.000844210956804,3.46273822438e-06,71.3867635707,1.33630600402,0.000825299243462,1.54489751179e-05,35693.3817854,0.412649621731,0.400000991591,0.400000991591,0.800001983181,1.11022302463e-16,1.2490009027e-16,0.08,86498.3353977
2010-10-01,86484.1404289,0.000599162186925,-0.00016410684281,64.1256419064,1.8958586263,0.000741351167182,2.19178625529e-05,32062.8209532,0.370675583591,0.437754253213,0.437754253213,0.875508506426,1.66533453694e-16,1.11022302463e-16,0.08,86484.1404289
2010-10-04,86457.5551051,0.00084530970521,-0.000307401145313,93.4678426363,6.22336443423,0.00108075124725,7.19596032679e-05,46733.9213181,0.540375623627,0.454186276191,0.454186276191,0.908372552382,-2.08166817117e-16,-3.05311331772e-16,0.08,86457.5551051
2010-10-05,86471.3115523,0.00114331794464,0.00015911214666,82.940364822,2.15166219188,0.00095931887874,2.48869192433e-05,41470.182411,0.47965943937,0.315048636296,0.315048636296,0.630097272592,-8.32667268469e-17,-6.93889390391e-17,0.08,86471.3115523
2010-10-06,86075.3570726,-0.00334180359318,-0.00457902710878,105.491591103,1.49274897443,0.00121996057663,1.72629389751e-05,52745.7955515,0.609980288313,0.467228876228,0.467228876228,0.934457752457,-1.14491749414e-16,-1.2490009027e-16,0.08,86075.3570726
2010-10-07,86167.5895568,0.00228692521435,0.00107153182201,102.411754895,2.20366533457,0.00118979181008,2.56015822591e-05,51205.8774474,0.594895905041,0.285963550442,0.285963550442,0.571927100884,4.23272528138e-16,3.88578058619e-16,0.08,86167.5895568
2010-10-08,86128.6032811,0.000217400681261,-0.000452447095519,56.3689880297,1.35018026535,0.000654178541139,1.56692356407e-05,28184.4940149,0.32708927057,0.318592302327,0.318592302327,0.637184604654,1.38777878078e-16,1.66533453694e-16,0.08,86128.6032811
2010-10-11,86031.5116161,-0.000274732547489,-0.00112728711889,68.9186643159,4.51067013954,0.000800183234029,5.23713373688e-05,34459.3321579,0.400091617014,0.319218322066,0.319218322066,0.638436644132,2.49800180541e-16,2.77555756156e-16,0.08,86031.5116161
2010-10-12,86119.5111045,0.00156636305777,0.00102287506941,45.2522803191,1.50481286482,0.000525996573454,1.74914149077e-05,22626.1401596,0.262998286727,0.293884337904,0.293884337904,0.587768675808,3.88578058619e-16,4.02455846427e-16,0.08,86119.5111045
2010-10-13,85897.0341389,-0.00179247108267,-0.00258335147007,66.7234281683,1.38680413707,0.000774777136012,1.6103251392e-05,33361.7140841,0.387388568006,0.363720847175,0.363720847175,0.72744169435,-1.66533453694e-16,-9.71445146547e-17,0.08,85897.0341389
2010-10-14,85583.4284628,-0.00265240857806,-0.00365094882793,84.0597258207,1.71192011106,0.000978610340431,1.99299094343e-05,42029.8629103,0.489305170215,0.411670831549,0.411670831549,0.823341663099,-1.2490009027e-16,-2.08166817117e-17,0.08,85583.4284628
2010-10-15,84752.5819983,-0.00883829827866,-0.00970802968967,72.5040644255,1.93053157053,0.000847174105172,2.25573058383e-05,36252.0322127,0.423587052586,0.38004659561,0.38004659561,0.760093191221,2.74086309204e-16,3.17454396104e-16,0.08,84752.5819983
2010-10-18,84933.8689925,0.00275281404063,0.00213901441013,46.7263204584,5.29478305605,0.000551326217522,6.2473412977e-05,23363.1602292,0.275663108761,0.370460938119,0.370460938119,0.740921876238,5.82867087928e-16,6.38378239159e-16,0.08,84933.8689925
2010-10-19,85084.0778361,0.0023024132747,0.00176853881055,43.6199316992,1.72409209781,0.000513575234669,2.0299229486e-05,21809.9658496,0.256787617335,0.367098003045,0.367098003045,0.734196006089,2.98372437868e-16,3.64291929955e-16,0.08,85084.0778361
2010-10-20,84968.4626193,-0.000398255274541,-0.00135883492876,80.0185713242,1.71146274326,0.000940464695149,2.01149590709e-05,40009.2856621,0.470232347575,0.33706761499,0.33706761499,0.67413522998,2.91433543964e-16,2.56739074445e-16,0.08,84968.4626193
2010-10-21,84797.2958743,-0.00131104466432,-0.00201447383823,58.1999739863,1.56932148189,0.000684959715548,1.84694583556e-05,29099.9869931,0.342479857774,0.296889437703,0.296889437703,0.593778875405,1.73472347598e-16,1.94289029309e-16,0.08,84797.2958743
2010-10-22,84572.1557952,-0.00193973236366,-0.0026550384272,59.276544761,1.37947515018,0.000699038149152,1.62679143947e-05,29638.2723805,0.349519074576,0.284682011074,0.284682011074,0.569364022148,1.38777878078e-17,-1.38777878078e-17,0.08,84572.1557952
2010-10-25,84434.5605219,-0.000733715433583,-0.00162695714658,71.5856505102,3.95772680427,0.000846444670082,4.67970429163e-05,35792.8252551,0.423222335041,0.377481257218,0.377481257218,0.754962514437,2.77555756156e-17,-4.16333634234e-17,0.08,84434.5605219
2010-10-26,84276.1813615,-0.00108733939067,-0.0018757622402,64.8237004192,1.74643638677,0.00076773894503,2.06839045051e-05,32411.8502096,0.383869472515,0.32516848108,0.32516848108,0.650336962159,1.73472347598e-16,9.36750677027e-17,0.08,84276.1813615
2010-10-27,84588.8059859,0.00464337590194,0.00370952526913,77.1997785622,1.5015867334,0.000916033181796,1.78174510181e-05,38599.8892811,0.458016590898,0.392979534544,0.392979534544,0.785959069089,4.16333634234e-17,0,0.08,84588.8059859
2010-10-28,84504.4300099,0.000220022560596,-0.00099748394591,101.165960317,1.82146134816,0.00119597338133,2.15331251805e-05,50582.9801586,0.597986690663,0.321062382455,0.321062382455,0.64212476491,-2.49800180541e-16,-2.22044604925e-16,0.08,84504.4300099
2010-10-29,84100.5823508,-0.00379754370982,-0.00477901169252,81.4517517044,1.48664074668,0.000963875523388,1.75924593126e-05,40725.8758522,0.481937761694,0.308086595226,0.308086595226,0.616173190452,-4.16333634234e-16,-3.33066907388e-16,0.08,84100.5823508
2010-11-01,84074.5553915,0.000603159499226,-0.000309474186995,72.4938033214,4.25922116269,0.000861989314402,5.0644371818e-05,36246.9016607,0.430994657201,0.293994771158,0.293994771158,0.587989542317,-7.6327832943e-17,-8.32667268469e-17,0.08,84074.5553915
2010-11-02,84059.7447138,0.000392827446614,-0.000176161236931,46.483088144,1.35438244781,0.000552879381016,1.61093025292e-05,23241.544072,0.276439690508,0.281997156249,0.281997156249,0.563994312499,-4.16333634234e-17,-5.55111512313e-17,0.08,84059.7447138
2010-11-03,84067.878975,0.000687625655847,9.67676172103e-05,48.3684932069,1.29888268298,0.000575406139664,1.54518989726e-05,24184.2466035,0.287703069832,0.300425503851,0.300425503851,0.600851007702,1.80411241502e-16,1.94289029309e-16,0.08,84067.878975
2010-11-04,84091.6363168,0.00115119423922,0.000282597135255,71.6372184117,1.38389780267,0.000852135432523,1.64616714439e-05,35818.6092058,0.426067716262,0.27573903684,0.27573903684,0.55147807368,-6.93889390391e-18,1.73472347598e-17,0.08,84091.6363168
2010-11-05,83862.0415039,-0.00134252366723,-0.00273029308212,115.429261378,1.27053955092,0.00137266042657,1.510898832e-05,57714.6306889,0.686330213287,0.392227597789,0.392227597789,0.784455195577,3.60822483003e-16,3.05311331772e-16,0.08,83862.0415039
2010-11-08,83806.3784948,0.000174144143791,-0.000663744980495,64.8600228588,5.40706965776,0.000773413354787,6.44757694995e-05,32430.0114294,0.386706677393,0.352403597524,0.352403597524,0.704807195047,-9.71445146547e-17,-5.55111512313e-17,0.08,83806.3784948
2010-11-09,83708.3815925,-0.00045725974043,-0.00116932510409,58.0573361317,1.61828324805,0.000692755577493,1.93097861657e-05,29028.6680659,0.346377788746,0.322455242357,0.322455242357,0.644910484715,-2.49800180541e-16,-2.49800180541e-16,0.08,83708.3815925
2010-11-10,83440.0551046,-0.00265331760703,-0.00320549128752,44.7425401402,1.47902501226,0.000534504900094,1.76687804031e-05,22371.2700701,0.267252450047,0.274350480266,0.274350480266,0.548700960532,-2.77555756156e-17,-5.55111512313e-17,0.08,83440.0551046
2010-11-11,83424.5186609,0.00034030379427,-0.000186198867319,42.6770648387,1.25434625706,0.000511469758561,1.50329030283e-05,21338.5324193,0.255734879281,0.28003449323,0.28003449323,0.56006898646,-3.33066907388e-16,-3.33066907388e-16,0.08,83424.5186609
2010-11-12,83322.2699061,-0.000645693667525,-0.00122564392817,47.1019758449,1.28009549623,0.000564605904847,1.53443557934e-05,23550.9879225,0.282302952423,0.260700035178,0.260700035178,0.521400070356,-4.16333634234e-17,-3.46944695195e-17,0.08,83322.2699061
2010-11-15,83305.8211913,0.000629329419573,-0.000197410785817,65.3151112981,3.57075923764,0.000783885405087,4.28548003032e-05,32657.5556491,0.391942702544,0.278778448089,0.278778448089,0.557556896177,-1.38777878078e-17,-6.93889390391e-18,0.08,83305.8211913
2010-11-16,83302.3662676,0.00120977014418,-4.14727764293e-05,102.963278324,1.27254068759,0.00123596738921,1.52755314021e-05,51481.6391619,0.617983694605,0.4373298886,0.4373298886,0.8746597772,-3.26128013484e-16,-3.95516952523e-16,0.08,83302.3662676
2010-11-17,83010.0525738,-0.00222855208839,-0.00350906831249,104.673833454,1.99619805808,0.00125655294253,2.39632815671e-05,52336.9167269,0.628276471267,0.23128707162,0.23128707162,0.46257414324,-3.88578058619e-16,-4.02455846427e-16,0.08,83010.0525738
2010-11-18,83194.1106514,0.00283915711148,0.00221729865115,50.5684951579,1.05200832739,0.00060918519613,1.26732641984e-05,25284.247579,0.304592598065,0.232475632973,0.232475632973,0.464951265946,-4.64905891562e-16,-4.99600361081e-16,0.08,83194.1106514
2010-11-19,82986.8489125,-0.0016211814386,-0.00249130301774,71.3292318379,1.05975909772,0.000857383188298,1.27383908478e-05,35664.615919,0.428691594149,0.367353059209,0.367353059209,0.734706118417,-1.07552855511e-16,-1.80411241502e-16,0.08,82986.8489125
2010-11-22,83034.0503322,0.00130652705776,0.000568781925339,56.2118332395,5.01131060089,0.00067735832817,6.03868042535e-05,28105.9166197,0.338679164085,0.302030710439,0.302030710439,0.604061420877,1.87350135405e-16,8.32667268469e-17,0.08,83034.0503322
2010-11-23,82837.4437396,-0.00136518965586,-0.00236778275623,81.8751833167,1.37418264178,0.000986043472397,1.65496279692e-05,40937.5916584,0.493021736198,0.402574183267,0.402574183267,0.805148366534,9.02056207508e-16,8.60422844084e-16,0.08,82837.4437396
2010-11-24,82544.1009702,-0.00274972625416,-0.00354118567872,63.7351760336,1.82729952095,0.000769400565207,2.20588593571e-05,31867.5880168,0.384700282604,0.452178838186,0.452178838186,0.904357676373,2.42861286637e-16,3.33066907388e-16,0.08,82544.1009702
2010-11-26,82456.0022077,-0.000141308925308,-0.00106729325902,72.3441667304,4.09037760831,0.000876430488431,4.95538452807e-05,36172.0833652,0.438215244215,0.351468880765,0.351468880765,0.702937761529,4.64905891562e-16,4.85722573274e-16,0.08,82456.0022077
2010-11-29,82494.265928,0.00150825110139,0.000464050151117,81.3366820841,4.7639537767,0.000986425243844,5.77757064271e-05,40668.3410421,0.493212621922,0.391569435788,0.391569435788,0.783138871577,2.22044604925e-16,2.48065457065e-16,0.08,82494.265928
2010-11-30,82139.6128394,-0.00344890189066,-0.00429912412204,68.3684734739,1.76998537891,0.000828766371878,2.14558594953e-05,34184.2367369,0.414383185939,0.267059474192,0.267059474192,0.534118948384,-3.88578058619e-16,-2.91433543964e-16,0.08,82139.6128394
2010-12-01,82023.3959228,-0.000535988167656,-0.00141487051757,70.9890744841,1.20198146933,0.00086424895407,1.46333958461e-05,35494.5372421,0.432124477035,0.330919781298,0.330919781298,0.661839562595,-4.30211422042e-16,-3.76434994287e-16,0.08,82023.3959228
2010-12-02,81962.9864914,0.000413254760492,-0.000736490251103,92.8186936257,1.48729667069,0.00113161242084,1.8132590756e-05,46409.3468128,0.565806210419,0.423522657675,0.423522657675,0.847045315349,3.60822483003e-16,3.33066907388e-16,0.08,81962.9864914
2010-12-03,81964.8764888,0.00110317152185,2.30591574468e-05,86.6271429757,1.90209215725,0.00105690564344,2.32067209685e-05,43313.5714879,0.528452821719,0.317976370357,0.317976370357,0.635952740713,8.32667268469e-17,9.71445146547e-17,0.08,81964.8764888
2010-12-06,81973.9844399,0.00071233945792,0.000111120171522,44.9945532225,4.28431132975,0.00054894919812,5.22700882778e-05,22497.2766113,0.27447459906,0.315059808638,0.315059808638,0.630119617276,1.2490009027e-16,5.55111512313e-17,0.08,81973.9844399
2010-12-07,81845.3152724,-0.000728030501446,-0.00156963417648,67.5744444876,1.41516207402,0.000824340123874,1.72635511583e-05,33787.2222438,0.412170061937,0.278968758414,0.278968758414,0.557937516828,1.38777878078e-16,6.93889390391e-17,0.08,81845.3152724
2010-12-08,81974.2461863,0.00228600604618,0.00157529986323,56.9168874456,1.25108416348,0.000695420223579,1.52859593652e-05,28458.4437228,0.34771011179,0.247257486308,0.247257486308,0.494514972617,2.77555756156e-17,4.16333634234e-17,0.08,81974.2461863
2010-12-09,82008.9816038,0.00128205854194,0.000423735734953,69.2497488651,1.11061622214,0.000844774451572,1.35483554142e-05,34624.8744326,0.422387225786,0.316511719708,0.316511719708,0.633023439416,-3.05311331772e-16,-2.63677968348e-16,0.08,82008.9816038
2010-12-10,81811.4822966,-0.00123460213394,-0.00240826435483,94.828552863,1.42229061912,0.00115631911296,1.73431079292e-05,47414.2764315,0.578159556481,0.337536328421,0.337536328421,0.675072656842,-8.32667268469e-17,-8.32667268469e-17,0.08,81811.4822966
2010-12-13,81623.2342119,-0.00182722486242,-0.00230099833672,34.2207654344,4.53934477103,0.000418288050451,5.54854238501e-05,17110.3827172,0.209144025226,0.327032801312,0.327032801312,0.654065602625,-9.71445146547e-17,-1.04083408559e-16,0.08,81623.2342119
2010-12-14,81546.4838354,-0.000326532940759,-0.000940300604648,48.6350456204,1.4626561609,0.000595848058338,1.79196055514e-05,24317.5228102,0.297924029169,0.295003352733,0.295003352733,0.590006705467,1.14491749414e-16,1.17961196366e-16,0.08,81546.4838354
2010-12-15,81375.2948436,-0.00153858179875,-0.0020992810951,44.4048924821,1.31816362384,0.000544534729072,1.61645672731e-05,22202.4462411,0.272267364536,0.214529797559,0.214529797559,0.429059595119,-1.04083408559e-16,-1.28369537222e-16,0.08,81375.2948436
2010-12-16,81331.0726878,0.000144769036496,-0.000543434661057,55.0462075389,0.95657126187,0.000676448640153,1.17550574005e-05,27523.1037695,0.338224320076,0.30716759416,0.30716759416,0.61433518832,9.71445146547e-17,5.55111512313e-17,0.08,81331.0726878
2010-12-17,81182.2152425,-0.00122545919764,-0.0018302653628,47.8206426777,1.3688915029,0.000587975064109,1.68311010499e-05,23910.3213388,0.293987532055,0.341637855028,0.341637855028,0.683275710057,4.4408920985e-16,4.02455846427e-16,0.08,81182.2152425
2010-12-20,81108.2980337,-0.000108340553263,-0.000910509876578,60.562718083,4.55916458333,0.000746009675913,5.61596474019e-05,30281.3590415,0.373004837956,0.327157909301,0.327157909301,0.654315818602,4.71844785466e-16,3.88578058619e-16,0.08,81108.2980337
2010-12-21,81303.2919281,0.00303228593347,0.00240411769303,49.4956721364,1.45398472393,0.000610241779648,1.79264607836e-05,24747.8360682,0.305120889824,0.29337003615,0.29337003615,0.5867400723,2.77555756156e-17,4.16333634234e-17,0.08,81303.2919281
2010-12-22,81422.1326903,0.00248784705833,0.0014616968069,82.1224373066,1.30695614751,0.00101007518096,1.6075070474e-05,41061.2186533,0.505037590478,0.272479503701,0.272479503701,0.544959007401,-1.66533453694e-16,-2.42861286637e-16,0.08,81422.1326903
2010-12-23,81381.661982,0.000429031107952,-0.000497048001065,74.1876724081,1.21566368798,0.000911148725253,1.49303837644e-05,37093.8362041,0.455574362626,0.307761158841,0.307761158841,0.615522317682,2.70616862252e-16,2.77555756156e-16,0.08,81381.661982
2010-12-27,81319.2486277,-8.44043956942e-06,-0.000766921598026,56.2368978928,5.48955936438,0.000691026657888,6.74545005679e-05,28118.4489464,0.345513328944,0.295787450964,0.295787450964,0.591574901929,2.49800180541e-16,1.63064006742e-16,0.08,81319.2486277
2010-12-28,81198.7325769,-0.000261393577248,-0.00148201136695,97.9417372314,1.31798428854,0.00120441025814,1.62075315597e-05,48970.8686157,0.602205129069,0.425859500056,0.425859500056,0.851719000112,-4.85722573274e-17,9.71445146547e-17,0.08,81198.7325769
2010-12-29,81283.0919518,0.00194987367057,0.00103892477391,72.073142336,1.89475351564,0.00088761412954,2.33347671263e-05,36036.571168,0.44380706477,0.40368719061,0.40368719061,0.80737438122,-3.74700270811e-16,-2.77555756156e-16,0.08,81283.0919518
2010-12-30,81095.779683,-0.0010668833985,-0.00230444320291,98.7947178961,1.79796948132,0.00121543995835,2.21198460608e-05,49397.3589481,0.607719979173,0.37727828193,0.37727828193,0.75455656386,-2.49800180541e-16,-3.33066907388e-16,0.08,81095.779683
2010-12-31,81050.1804392,0.000286048183785,-0.00056228874063,67.1200688985,1.67647542085,0.000827664141844,2.06727825715e-05,33560.0344493,0.413832070922,0.321026030506,0.321026030506,0.642052061012,5.55111512313e-17,0,0.08,81050.1804392
2011-01-03,81051.0933252,0.00108990157911,1.1263219007e-05,83.1467020385,4.27713167642,0.00102586695783,5.2771402275e-05,41573.3510192,0.512933478913,0.402069198302,0.402069198302,0.804138396604,-5.55111512313e-17,-2.08166817117e-17,0.08,81051.0933252
2011-01-04,80963.8355977,0.000490875473236,-0.00107657680892,125.258069253,1.78565195149,0.00154542109321,2.20311889481e-05,62629.0346263,0.772710546606,0.392181928137,0.392181928137,0.784363856274,1.17961196366e-16,1.35308431126e-16,0.08,80963.8355977
2011-01-05,80862.5824192,-2.24706750035e-05,-0.00125059760024,97.6940005415,1.73986592625,0.00120663750451,2.14894207198e-05,48847.0002707,0.603318752257,0.336781575026,0.336781575026,0.673563150051,-1.52655665886e-16,-1.4224732503e-16,0.08,80862.5824192
2011-01-06,80522.9213638,-0.00343235834127,-0.00420047252132,60.6194754867,1.49222070508,0.000749660395119,1.84537849329e-05,30309.7377434,0.374830197559,0.45494608821,0.45494608821,0.90989217642,-5.55111512313e-17,-1.38777878078e-17,0.08,80522.9213638
2011-01-07,80674.4965997,0.00264554276474,0.00188238619917,59.4442762221,2.00731989511,0.000738228012786,2.49285527786e-05,29722.1381111,0.369114006393,0.385713306391,0.385713306391,0.771426612782,-5.55111512313e-17,-4.51028103754e-17,0.08,80674.4965997
2011-01-10,80634.1288049,4.38287400905e-05,-0.000500378638745,38.7884957594,5.11516057396,0.000480802451758,6.3404927078e-05,19394.2478797,0.240401225879,0.350519779522,0.350519779522,0.701039559044,-2.08166817117e-16,-1.38777878078e-16,0.08,80634.1288049
2011-01-11,80664.5331191,0.000871091570825,0.000377065079748,38.2866912186,1.54870449592,0.000474819927815,1.92065632615e-05,19143.3456093,0.237409963908,0.327945477405,0.327945477405,0.655890954811,-1.66533453694e-16,-1.04083408559e-16,0.08,80664.5331191
2011-01-12,80587.9038836,-0.00015865340801,-0.000949974326257,62.3820217973,1.44951062046,0.000773351303047,1.79696152003e-05,31191.0108987,0.386675651524,0.239917595418,0.239917595418,0.479835190836,0,6.93889390391e-18,0.08,80587.9038836
2011-01-13,80680.7844953,0.001750799483,0.00115253787708,47.1532265416,1.05942225312,0.000585115436303,1.31461696119e-05,23576.6132708,0.292557718152,0.268668493546,0.268668493546,0.537336987093,-6.93889390391e-17,-5.55111512313e-17,0.08,80680.7844953
2011-01-14,80511.9557344,-0.00102494794073,-0.00209255229589,84.947409791,1.18774711389,0.00105288279387,1.47215612902e-05,42473.7048955,0.526441396935,0.237625930181,0.237625930181,0.475251860362,-1.11022302463e-16,-2.77555756156e-17,0.08,80511.9557344
2011-01-18,80437.7037131,-0.000374872138795,-0.000922248386989,39.8770767311,4.1932555336,0.000495293852538,5.20823956561e-05,19938.5383655,0.247646926269,0.183652531946,0.183652531946,0.367305063892,1.38777878078e-17,5.55111512313e-17,0.08,80437.7037131
2011-01-19,80468.5038633,0.000770306974139,0.000382906880668,30.3521170631,0.809456874019,0.000377336941036,1.00631524354e-05,15176.0585315,0.188668470518,0.176744994503,0.176744994503,0.353489989005,9.71445146547e-17,9.02056207508e-17,0.08,80468.5038633
2011-01-20,80447.0414211,0.000248767663513,-0.000266718544528,40.7010940452,0.77930987797,0.000505801550808,9.68465723302e-06,20350.5470226,0.252900775404,0.19978420091,0.19978420091,0.399568401819,1.11022302463e-16,6.59194920871e-17,0.08,80447.0414211
2011-01-21,80353.5686532,-0.000641454435811,-0.00116191678686,40.9889961551,0.88066015813,0.00050951527155,1.09470795019e-05,20494.4980775,0.254757635775,0.245589261125,0.245589261125,0.49117852225,9.71445146547e-17,6.24500451352e-17,0.08,80353.5686532
2011-01-24,80293.9082164,4.14591771793e-05,-0.000742474015849,59.7478887873,3.24394085824,0.000743562355583,4.03708374452e-05,29873.9443937,0.371781177792,0.318934189546,0.318934189546,0.637868379093,1.52655665886e-16,3.81639164715e-17,0.08,80293.9082164
2011-01-25,79940.7263736,-0.00373928568042,-0.00439861317849,51.5367776402,1.40320397493,0.000641851652074,1.74758460025e-05,25768.3888201,0.320925826037,0.264072511803,0.264072511803,0.528145023606,3.88578058619e-16,3.05311331772e-16,0.08,79940.7263736
2011-01-26,79909.3512436,5.89041009768e-05,-0.000392479921135,34.9272461403,1.15672046076,0.000436914295438,1.44697266741e-05,17463.6230702,0.218457147719,0.257647889768,0.257647889768,0.515295779536,-5.55111512313e-17,-2.77555756156e-17,0.08,79909.3512436
2011-01-27,79874.821552,0.00036226777756,-0.000432110773233,62.3501389798,1.12813565593,0.000780260858203,1.411769259e-05,31175.0694899,0.390130429101,0.284994415039,0.284994415039,0.569988830078,2.22044604925e-16,2.08166817117e-16,0.08,79874.821552
2011-01-28,79913.7328978,0.00111497127872,0.000487154087522,48.8994503311,1.24733578326,0.000612201058868,1.56161323309e-05,24449.7251655,0.306100529434,0.292306416872,0.292306416872,0.584612833744,1.38777878078e-16,1.73472347598e-16,0.08,79913.7328978
2011-01-31,79777.5652428,-0.00089607346446,-0.00170393310516,60.7191951203,3.83988442557,0.000759809270803,4.80503698967e-05,30359.5975601,0.379904635402,0.308319289623,0.308319289623,0.616638579245,-2.22044604925e-16,-1.52655665886e-16,0.08,79777.5652428
2011-02-01,79961.1340697,0.00296260867106,0.00230100813864,51.433100886,1.34777875307,0.00064470632476,1.68942076506e-05,25716.550443,0.32235316238,0.3574336715,0.3574336715,0.714867343,-3.88578058619e-16,-3.74700270811e-16,0.08,79961.1340697
2011-02-02,79832.7879784,-0.000570619623414,-0.00160510594072,81.152627784,1.56607132755,0.00101490091065,1.95854066575e-05,40576.313892,0.507450455325,0.306163126815,0.306163126815,0.61232625363,-3.33066907388e-16,-2.70616862252e-16,0.08,79832.7879784
2011-02-03,79776.9405666,6.07607781995e-05,-0.000699554821574,59.3588342932,1.33927978026,0.000743539538031,1.67760617433e-05,29679.4171466,0.371769769015,0.399265360743,0.399265360743,0.798530721487,-7.2858385991e-17,-1.04083408559e-16,0.08,79776.9405666
2011-02-04,79818.9191265,0.00135701224238,0.00052619916935,64.534400823,1.74532432627,0.000808935519019,2.18775540133e-05,32267.2004115,0.404467759509,0.386505650605,0.386505650605,0.773011301211,-5.6898930012e-16,-7.14706072102e-16,0.08,79818.9191265
2011-02-07,79857.5270174,0.00133963909134,0.000483693481825,63.2493443526,5.07130903029,0.000792410434077,6.3535175442e-05,31624.6721763,0.396205217039,0.273028938485,0.273028938485,0.54605787697,-6.93889390391e-17,-4.85722573274e-17,0.08,79857.5270174
2011-02-08,79900.6634964,0.00126817277829,0.000540167979015,56.9419552103,1.1947077168,0.000713044309497,1.496048978e-05,28470.9776051,0.356522154749,0.341326624115,0.341326624115,0.682653248229,-3.74700270811e-16,-3.05311331772e-16,0.08,79900.6634964
2011-02-09,79801.2946427,0.000191588297922,-0.00124365492568,113.182517421,1.49436842388,0.00141654039488,1.87028287186e-05,56591.2587103,0.708270197441,0.373336460608,0.373336460608,0.746672921215,4.16333634234e-16,4.47558656802e-16,0.08,79801.2946427
2011-02-10,79852.5470811,0.00159226735741,0.000642250713778,74.1800795794,1.63247851473,0.000929559851272,2.04567923621e-05,37090.0397897,0.464779925636,0.287650047488,0.287650047488,0.575300094977,3.05311331772e-16,3.85108611667e-16,0.08,79852.5470811
2011-02-11,79707.678653,-0.000651652965873,-0.00181419921312,91.5736713282,1.25860761424,0.00114678460081,1.57616464377e-05,45786.8356641,0.573392300406,0.30168538968,0.30168538968,0.60337077936,-1.38777878078e-17,3.46944695195e-18,0.08,79707.678653
2011-02-14,79742.1206507,0.00147871020165,0.00043210388521,79.4696872741,3.95287267314,0.000997014197592,4.95921188515e-05,39734.8436371,0.498507098796,0.350181257597,0.350181257597,0.700362515193,-1.94289029309e-16,-1.2490009027e-16,0.08,79742.1206507
2011-02-15,79624.150054,-0.000355578403225,-0.00147940129598,88.0859277678,1.5300929366,0.00110463487864,1.91880141149e-05,44042.9638839,0.552317439322,0.277101373051,0.277101373051,0.554202746103,-3.46944695195e-17,-9.02056207508e-17,0.08,79624.150054
2011-02-16,79406.4420136,-0.00204460520856,-0.00273419609839,53.6991043064,1.20898418126,0.00067440725295,1.51836368795e-05,26849.5521532,0.337203626475,0.306974265407,0.306974265407,0.613948530815,-2.22044604925e-16,-1.2490009027e-16,0.08,79406.4420136
2011-02-17,79248.7503656,-0.00118342875732,-0.0019858797854,62.3841243618,1.33565666881,0.000785630520394,1.68205076936e-05,31192.0621809,0.392815260197,0.292064755234,0.292064755234,0.584129510468,1.66533453694e-16,2.15105711021e-16,0.08,79248.7503656
2011-02-18,78990.6953447,-0.00250952423828,-0.00325626612045,57.9100998096,1.2682611988,0.000730738333948,1.6003548232e-05,28955.0499048,0.365369166974,0.192425540305,0.192425540305,0.38485108061,-1.52655665886e-16,-1.49186218934e-16,0.08,78990.6953447
2011-02-22,78706.9299296,-0.00292020124112,-0.00359239039325,49.7652195476,3.33146898209,0.000630013691239,4.21754608888e-05,24882.6097738,0.315006845619,0.23831131906,0.23831131906,0.476622638119,-4.16333634234e-17,-1.11022302463e-16,0.08,78706.9299296
2011-02-23,78416.7859154,-0.00316548826648,-0.00368638459716,39.9703837508,1.0277672488,0.000507838176214,1.3058154469e-05,19985.1918754,0.253919088107,0.295778512134,0.295778512134,0.591557024267,6.24500451352e-17,-9.71445146547e-17,0.08,78416.7859154
2011-02-24,78700.7416172,0.00408744223464,0.00362110865012,35.2974767381,1.27090412407,0.000450126542756,1.62070417607e-05,17648.7383691,0.225063271378,0.282765550066,0.282765550066,0.565531100132,5.55111512313e-17,3.46944695195e-17,0.08,78700.7416172
2011-02-25,78880.5400233,0.00272340675852,0.00228458337842,33.3163359464,1.21938950652,0.000423329377358,1.54940027433e-05,16658.1679732,0.211664688679,0.220286310871,0.220286310871,0.440572621743,7.6327832943e-17,7.6327832943e-17,0.08,78880.5400233
2011-02-28,78830.4126398,-0.000155795054112,-0.000635484791098,34.9818068953,2.85637860185,0.000443478288624,3.62114483624e-05,17490.9034476,0.221739144312,0.186670221955,0.186670221955,0.373340443909,-1.80411241502e-16,-1.94289029309e-16,0.08,78830.4126398
2011-03-01,78749.3134631,-0.000409712191136,-0.00102878031443,47.995078317,0.806317294479,0.000608839617982,1.02285053126e-05,23997.5391585,0.304419808991,0.213703937519,0.213703937519,0.427407875039,1.23165366794e-16,1.35308431126e-16,0.08,78749.3134631
2011-03-02,78584.8693673,-0.00123474021955,-0.00208819719937,66.287012143,0.922139088439,0.000841747175028,1.17098047956e-05,33143.5060715,0.420873587514,0.355075857934,0.355075857934,0.710151715868,2.77555756156e-17,1.11022302463e-16,0.08,78584.8693673
2011-03-03,78571.7123368,0.000974814838771,-0.000167424475379,88.2337634579,1.52896383075,0.00112278310276,1.94562113936e-05,44116.881729,0.561391551378,0.418188825932,0.418188825932,0.836377651864,1.38777878078e-16,2.35922392733e-16,0.08,78571.7123368
2011-03-04,78424.046558,-0.00086010695443,-0.00187937585176,78.285274533,1.80042806211,0.000996354441118,2.29144562154e-05,39142.6372665,0.498177220559,0.335593069691,0.335593069691,0.671186139382,4.99600361081e-16,5.37764277553e-16,0.08,78424.046558
2011-03-07,78333.8256477,-5.04165937894e-05,-0.00115042406282,81.9406972629,4.32633970225,0.00104484148497,5.51659840588e-05,40970.3486315,0.522420742484,0.481013685311,0.481013685311,0.962027370621,3.33066907388e-16,3.95516952523e-16,0.08,78333.8256477
2011-03-08,78541.6230358,0.00376529056487,0.00265271594162,85.0875886309,2.06463792654,0.00108621770898,2.63569142636e-05,42543.7943155,0.543108854491,0.461188813854,0.461188813854,0.922377627709,1.11022302463e-16,9.71445146547e-17,0.08,78541.6230358
2011-03-09,78361.6083979,-0.0010198851845,-0.0022919648329,97.926404711,1.98479550499,0.00124680902846,2.52706199372e-05,48963.2023555,0.62340451423,0.362773147613,0.362773147613,0.725546295225,2.22044604925e-16,2.01227923213e-16,0.08,78361.6083979
2011-03-10,77432.7426845,-0.0107663467375,-0.0118535815223,83.6397959013,1.55767053866,0.00106735680407,1.98779806911e-05,41819.8979507,0.533678402035,0.433442335039,0.433442335039,0.866884670078,2.77555756156e-17,-6.93889390391e-18,0.08,77432.7426845
2011-03-11,77893.0098208,0.00694670210959,0.00594408928767,75.7960124987,1.8390481533,0.000978862556988,2.37502649336e-05,37898.0062494,0.489431278494,0.212669864856,0.212669864856,0.425339729712,-2.77555756156e-17,-5.20417042793e-17,0.08,77893.0098208
2011-03-14,78065.5744254,0.00266791328118,0.00221540552838,32.5240956214,2.7230952118,0.000417548322966,3.49594298393e-05,16262.0478107,0.208774161483,0.281551288539,0.281551288539,0.563102577078,-2.77555756156e-17,-6.93889390391e-17,0.08,78065.5744254
2011-03-15,78004.4479615,-0.000220051519557,-0.000783014335607,42.7436614743,1.20435414082,0.000547535348185,1.54274678652e-05,21371.8307371,0.273767674093,0.325394049227,0.325394049227,0.650788098455,-1.66533453694e-16,-1.5959455979e-16,0.08,78004.4479615
2011-03-16,77966.4560468,0.000338255841068,-0.000487048055698,62.98657031,1.3908045578,0.00080747408585,1.78298109166e-05,31493.285155,0.403737042925,0.244357718103,0.244357718103,0.488715436207,-1.11022302463e-16,-1.2490009027e-16,0.08,77966.4560468
2011-03-17,78173.1625409,0.00327601650129,0.00265122341862,47.6689733616,1.04392905689,0.000611403618666,1.33894640057e-05,23834.4866808,0.305701809333,0.251752295294,0.251752295294,0.503504590587,-1.11022302463e-16,-1.52655665886e-16,0.08,78173.1625409
2011-03-18,78166.1510192,0.00108771545726,-8.96921840331e-05,90.963307791,1.07837112877,0.00116361299498,1.37946463175e-05,45481.6538955,0.581806497488,0.294047261585,0.294047261585,0.58809452317,-8.881784197e-16,-8.881784197e-16,0.08,78166.1510192
2011-03-21,77932.2127231,-0.00222022242364,-0.00299283376677,56.6137739418,3.77828098453,0.000724274806979,4.8336536151e-05,28306.8869709,0.362137403489,0.248875006772,0.248875006772,0.497750013544,-1.08940634291e-15,-1.11022302463e-15,0.08,77932.2127231
2011-03-22,77895.0484233,2.66403591356e-05,-0.000476879822868,38.177681388,1.06276054626,0.000489883195331,1.36369866724e-05,19088.840694,0.244941597666,0.220792943125,0.220792943125,0.44158588625,-2.98372437868e-16,-3.1918911958e-16,0.08,77895.0484233
2011-03-23,77848.2006481,1.66384453115e-06,-0.000601421735276,46.0349871824,0.942393260068,0.000590987336348,1.20982434589e-05,23017.4935912,0.295493668174,0.315732637748,0.315732637748,0.631465275495,2.77555756156e-17,-2.77555756156e-17,0.08,77848.2006481
2011-03-24,77973.9058646,0.00263457348821,0.00161474787501,78.0447825112,1.34680645121,0.00100252519469,1.73004185067e-05,39022.3912556,0.501262597347,0.336592369501,0.336592369501,0.673184739001,1.94289029309e-16,2.15105711021e-16,0.08,77973.9058646
2011-03-25,77620.8673465,-0.00328299747315,-0.00452764952832,95.6122768839,1.4381053005,0.00122620863767,1.84434175069e-05,47806.1384419,0.613104318834,0.369091231245,0.369091231245,0.73818246249,7.21644966006e-16,6.71337985203e-16,0.08,77620.8673465
2011-03-28,77715.8721552,0.00227125839852,0.0012239596371,76.5827837391,4.70945449302,0.000986626230254,6.06725311636e-05,38291.3918696,0.493313115127,0.441399584343,0.441399584343,0.882799168687,6.10622663544e-16,7.21644966006e-16,0.08,77715.8721552
2011-03-29,77500.5365158,-0.00185644322161,-0.00277080644396,69.1808775562,1.87965773513,0.000890176943754,2.41862785942e-05,34590.4387781,0.445088471877,0.327701155271,0.327701155271,0.655402310543,5.41233724505e-16,6.24500451352e-16,0.08,77500.5365158
2011-03-30,77659.5052216,0.00267653787058,0.0020511949074,47.0727978737,1.39161727947,0.000607386735498,1.79562276861e-05,23536.3989368,0.303693367749,0.361725217549,0.361725217549,0.723450435097,2.98372437868e-16,2.98372437868e-16,0.08,77659.5052216
2011-03-31,77426.3287298,-0.00216911906807,-0.00300254928444,63.1845233678,1.53925487238,0.000813609656506,1.98205598657e-05,31592.2616839,0.406804828253,0.333867151519,0.333867151519,0.667734303037,1.16573417586e-15,1.15185638805e-15,0.08,77426.3287298
2011-04-01,77267.0125799,-0.00115207717628,-0.00205764825029,68.6985994,1.41644426441,0.000887276983515,1.82940904942e-05,34349.2997,0.443638491758,0.414682926684,0.414682926684,0.829365853367,1.21430643318e-16,1.11022302463e-16,0.08,77267.0125799
2011-04-04,77134.579497,-0.000602066150975,-0.00171396665335,80.6461652973,5.26706480758,0.00104373344594,6.81670564412e-05,40323.0826487,0.521866722969,0.340572029883,0.340572029883,0.681144059765,3.46944695195e-16,3.33066907388e-16,0.08,77134.579497
2011-04-05,77127.2422633,0.000685084119655,-9.51224947275e-05,58.7414636245,1.43944549663,0.000761545133293,1.86614810895e-05,29370.7318123,0.380772566646,0.287260411854,0.287260411854,0.574520823707,6.0368376964e-16,5.41233724505e-16,0.08,77127.2422633
2011-04-06,77125.9490135,0.00108413874929,-1.67677438989e-05,83.6958761447,1.21400566453,0.00108516619665,1.57402965399e-05,41847.9380724,0.542583098323,0.286761626085,0.286761626085,0.573523252171,2.22044604925e-16,1.1622647289e-16,0.08,77125.9490135
2011-04-07,76937.435416,-0.00164092281058,-0.00244423050732,60.7439910611,1.21187740014,0.000787594730932,1.57129658129e-05,30371.9955306,0.393797365466,0.327359001134,0.327359001134,0.654718002269,6.10622663544e-16,5.34294830601e-16,0.08,76937.435416
2011-04-08,77031.1407576,0.0021099290419,0.00121794209892,67.2471241457,1.38006367165,0.000874049463465,1.79374795142e-05,33623.5620729,0.437024731732,0.323240777328,0.323240777328,0.646481554656,2.22044604925e-16,6.93889390391e-17,0.08,77031.1407576
2011-04-11,76825.0593732,-0.00158678409023,-0.00267529965639,79.7565099065,4.09308588772,0.00103538009592,5.31354702457e-05,39878.2549533,0.517690047961,0.449582637761,0.449582637761,0.899165275523,0,-5.03069808033e-17,0.08,76825.0593732
2011-04-12,77255.3487156,0.0063922961552,0.00560089827378,58.9066296209,1.89255960763,0.000766763216345,2.46346650828e-05,29453.3148104,0.383381608172,0.453086136676,0.453086136676,0.906172273352,-1.38777878078e-17,-5.55111512313e-17,0.08,77255.3487156
2011-04-13,77164.304754,0.000357961988063,-0.00117848101285,116.78044927,1.91799054724,0.00151161636329,2.48266376261e-05,58390.2246351,0.755808181645,0.266444978897,0.266444978897,0.532889957793,0,3.12250225676e-17,0.08,77164.304754
2011-04-14,77372.1917014,0.00347591424727,0.00269408177906,59.2029812241,1.12657761927,0.000767232743337,1.4599724871e-05,29601.490612,0.383616371668,0.298970057837,0.298970057837,0.597940115674,1.2490009027e-16,1.94289029309e-16,0.08,77372.1917014
2011-04-15,77336.5072267,0.000840670774012,-0.000461205426806,99.461509851,1.2675051303,0.00128549427984,1.63819209774e-05,49730.7549255,0.642747139921,0.408869040537,0.408869040537,0.817738081074,-1.11022302463e-16,9.71445146547e-17,0.08,77336.5072267
2011-04-18,77374.317163,0.00117485243669,0.000488901524726,47.8511566726,5.19789098766,0.000618739562834,6.72113491293e-05,23925.5783363,0.309369781417,0.328158942279,0.328158942279,0.656317884559,4.92661467177e-16,5.41233724505e-16,0.08,77374.317163
2011-04-19,77336.5876042,0.000457223130076,-0.000487623803306,71.7155945636,1.3912917304,0.000926865621476,1.79813119057e-05,35857.7972818,0.463432810738,0.407717208213,0.407717208213,0.815434416425,1.04083408559e-15,1.155325835e-15,0.08,77336.5876042
2011-04-20,77243.8242753,0.000353548511554,-0.00119947533049,118.377813311,1.72775110086,0.0015306831731,2.23406689432e-05,59188.9066553,0.765341586548,0.336081533824,0.336081533824,0.672163067648,2.91433543964e-16,4.30211422042e-16,0.08,77243.8242753
2011-04-21,77014.3498563,-0.00237483632098,-0.00297078013853,44.6105015516,1.42247796936,0.000577528391042,1.84154265109e-05,22305.2507758,0.288764195521,0.271119677412,0.271119677412,0.542239354824,2.35922392733e-16,2.94035629178e-16,0.08,77014.3498563
2011-04-25,77004.2645881,0.000626145624807,-0.000130953104801,53.7310049169,4.5764615209,0.000697675238669,5.94234909396e-05,26865.5024584,0.348837619334,0.338663049814,0.338663049814,0.677326099627,1.11022302463e-16,1.56125112838e-16,0.08,77004.2645881
2011-04-26,76817.992784,-0.00188206747286,-0.00241898036465,39.9156235255,1.42895885447,0.000518356012346,1.85568794418e-05,19957.8117627,0.259178006173,0.290583580603,0.290583580603,0.581167161206,1.38777878078e-16,2.63677968348e-16,0.08,76817.992784
2011-04-27,76847.919712,0.000912928804694,0.000389582269467,38.9793044818,1.22312588482,0.000507424147249,1.59223879783e-05,19489.6522409,0.253712073625,0.308550535423,0.308550535423,0.617101070846,-1.38777878078e-17,3.81639164715e-17,0.08,76847.919712
2011-04-28,76826.0495576,0.000600119166405,-0.000284590064249,66.6888054724,1.29925845333,0.000867802352001,1.69068786533e-05,33344.4027362,0.433901176001,0.448205017637,0.448205017637,0.896410035274,-2.63677968348e-16,-1.66533453694e-16,0.08,76826.0495576
2011-04-29,76568.492228,-0.00201221634845,-0.00335247394674,101.079911959,1.88678470668,0.00131569841924,2.45591790486e-05,50539.9559797,0.65784920962,0.295314035458,0.295314035458,0.590628070916,4.4408920985e-16,4.09394740331e-16,0.08,76568.492228
2011-05-02,76301.968219,-0.00245041240289,-0.00348085748133,75.1826259096,3.71700007048,0.000981900305491,4.8544772952e-05,37591.3129548,0.490950152745,0.335922897782,0.335922897782,0.671845795564,3.74700270811e-16,2.87964097012e-16,0.08,76301.968219
2011-05-03,76220.5191163,-0.000432103279229,-0.00106745742723,47.0743019665,1.40447004222,0.000616947413877,1.8406734125e-05,23537.1509832,0.308473706939,0.37343074588,0.37343074588,0.746861491759,4.4408920985e-16,3.92047505571e-16,0.08,76220.5191163
2011-05-04,76223.0036268,0.00100626358436,3.25963464476e-05,72.6538012077,1.5596211126,0.000953205279235,2.04619586783e-05,36326.9006039,0.476602639618,0.297479908302,0.297479908302,0.594959816604,1.11022302463e-16,1.05818132035e-16,0.08,76223.0036268
2011-05-05,76145.6135906,-0.00050589414865,-0.00101531076581,37.5868091983,1.24245545914,0.000493116348213,1.63002689481e-05,18793.4045991,0.246558174107,0.313881609659,0.313881609659,0.627763219318,1.38777878078e-16,1.45716771982e-16,0.08,76145.6135906
2011-05-06,76111.8070554,0.000504915800754,-0.000443972194016,70.9440307679,1.30962782259,0.00093168900246,1.71989923101e-05,35472.0153839,0.46584450123,0.384732167458,0.384732167458,0.769464334915,-3.05311331772e-16,-1.67400815432e-16,0.08,76111.8070554
2011-05-09,76270.2709243,0.00291776909264,0.00208198799911,58.7992213044,4.813588027,0.000772537449565,6.32436439656e-05,29399.6106522,0.386268724782,0.329768139168,0.329768139168,0.659536278337,6.10622663544e-16,6.31439345256e-16,0.08,76270.2709243
2011-05-10,76227.2327289,0.000227969030239,-0.000564285336108,59.0472904874,1.37816467488,0.000774184879269,1.80694870777e-05,29523.6452437,0.387092439634,0.374504295786,0.374504295786,0.749008591571,-2.22044604925e-16,-1.52655665886e-16,0.08,76227.2327289
2011-05-11,75889.933735,-0.00302315400581,-0.00442491458412,105.288087306,1.56424252673,0.00138123979498,2.05207833307e-05,52644.0436531,0.690619897489,0.42311714909,0.42311714909,0.846234298181,5.6898930012e-16,4.99600361081e-16,0.08,75889.933735
2011-05-12,75594.8147961,-0.00258554079954,-0.00388877581573,97.1429487515,1.75947026886,0.00128005051488,2.318450132e-05,48571.4743757,0.640025257438,0.359802520111,0.359802520111,0.719605040221,8.08381139805e-16,5.55111512313e-16,0.08,75594.8147961
2011-05-13,75567.1401547,0.000684337304672,-0.000366091793976,77.9166257785,1.49036739019,0.00103071389207,1.97152065814e-05,38958.3128893,0.515356946033,0.24278874571,0.24278874571,0.48557749142,3.81639164715e-16,3.55618312575e-16,0.08,75567.1401547
2011-05-16,75492.2336629,-0.000636646805682,-0.00099125746558,23.7809926958,3.0159207411,0.000314700181151,3.99104787468e-05,11890.4963479,0.157350090576,0.229762720129,0.229762720129,0.459525440259,1.08940634291e-15,1.04430353254e-15,0.08,75492.2336629
2011-05-17,75509.9603371,0.00079928424777,0.00023481454175,41.6626514929,0.950427449591,0.000551879967931,1.25897380893e-05,20831.3257465,0.275939983966,0.317061077444,0.317061077444,0.634122154888,-4.71844785466e-16,-4.47558656802e-16,0.08,75509.9603371
2011-05-18,75564.225577,0.00131218040643,0.000718650090712,43.5056002213,1.31185037711,0.000576157105991,1.7373209723e-05,21752.8001107,0.288078552995,0.255639148938,0.255639148938,0.511278297876,9.99200722163e-16,9.02056207508e-16,0.08,75564.225577
2011-05-19,75578.8098843,0.000996418212391,0.000193005449123,59.65078797,1.05847530502,0.000789405138668,1.40076245993e-05,29825.393985,0.394702569334,0.294417352956,0.294417352956,0.588834705912,1.38777878078e-16,1.87350135405e-16,0.08,75578.8098843
2011-05-20,75376.5589244,-0.00166937339619,-0.00267602731756,74.8624333893,1.21927195319,0.000990521463674,1.61324576962e-05,37431.2166947,0.495260731837,0.45022165016,0.45022165016,0.90044330032,4.57966997658e-16,4.16333634234e-16,0.08,75376.5589244
2011-05-23,75361.8631799,0.000674063929743,-0.000194964385536,59.9258173711,5.57854664257,0.000795019276897,7.40090383825e-05,29962.9086855,0.397509638449,0.310100102591,0.310100102591,0.620200205183,1.1622647289e-16,1.2490009027e-16,0.08,75361.8631799
2011-05-24,75224.3840418,-0.00099797194592,-0.00182425343935,60.9895801704,1.28053268513,0.000809289706981,1.69917864434e-05,30494.7900852,0.404644853491,0.41808826585,0.41808826585,0.8361765317,-6.93889390391e-17,-4.16333634234e-17,0.08,75224.3840418
2011-05-25,75089.0972429,-0.000739333588226,-0.00179844342526,77.9475737664,1.72331135746,0.00103620089096,2.2908946074e-05,38973.7868832,0.518100445482,0.381999530745,0.381999530745,0.76399906149,1.38777878078e-16,1.63064006742e-16,0.08,75089.0972429
2011-05-26,74947.734306,-0.00103759053998,-0.00188260269573,61.8794739124,1.57172602251,0.000824080674618,2.09314811367e-05,30939.7369562,0.412040337309,0.363940618585,0.363940618585,0.72788123717,-4.99600361081e-16,-4.71844785466e-16,0.08,74947.734306
2011-05-27,75046.9612419,0.00212305546257,0.00132394843949,58.3966567498,1.4946040978,0.000779165071373,1.99419517033e-05,29198.3283749,0.389582535686,0.454159886319,0.454159886319,0.908319772637,-2.91433543964e-16,-2.42861286637e-16,0.08,75046.9612419
2011-05-31,74957.4697371,-1.49556904706e-05,-0.00119247339621,80.8988090466,7.47031657779,0.00107797581285,9.95418928917e-05,40449.4045233,0.538987906425,0.328941920548,0.328941920548,0.657883841096,-1.11022302463e-16,-1.26634813746e-16,0.08,74957.4697371
2011-06-01,74967.8188692,0.000744307297301,0.000138066720895,44.0912101222,1.35104953725,0.000588216361582,1.80242148245e-05,22045.6050611,0.294108180791,0.311087901856,0.311087901856,0.622175803711,-1.11022302463e-16,-1.11022302463e-16,0.08,74967.8188692
2011-06-02,74958.6272477,0.000664255718382,-0.000122607561409,57.7115289586,1.27789487555,0.00076981736736,1.70459124304e-05,28855.7644793,0.38490868368,0.327515263448,0.327515263448,0.655030526896,-4.16333634234e-17,1.73472347598e-18,0.08,74958.6272477
2011-06-03,74851.1604799,-0.000728091832627,-0.00143368110889,51.5447928889,1.34521066032,0.000687643234428,1.79460418328e-05,25772.3964445,0.343821617214,0.282168382477,0.282168382477,0.564336764954,-8.32667268469e-17,1.38777878078e-17,0.08,74851.1604799
2011-06-06,74777.4759635,-0.000217970324898,-0.000984413814378,53.8973001018,3.47188452808,0.000720059645785,4.63838436948e-05,26948.6500509,0.360029822893,0.346628486966,0.346628486966,0.693256973932,-7.21644966006e-16,-5.27355936697e-16,0.08,74777.4759635
2011-06-07,74851.5287522,0.00183838460385,0.000990308749762,61.9966976383,1.42027415629,0.00082908251234,1.89933417516e-05,30998.3488191,0.41454125617,0.393215949388,0.393215949388,0.786431898776,1.38777878078e-17,1.39265769056e-16,0.08,74851.5287522
2011-06-08,74517.0139614,-0.00363940874182,-0.00446904420573,60.4867257977,1.61275698309,0.000808089384492,2.15460794185e-05,30243.3628988,0.404044692246,0.360013528482,0.360013528482,0.720027056964,-1.25593979661e-15,-1.19348975147e-15,0.08,74517.0139614
2011-06-09,74299.1763777,-0.00221133232999,-0.00292332679634,51.5857216917,1.46997989743,0.000692267697661,1.97267686839e-05,25792.8608458,0.346133848831,0.35299681939,0.35299681939,0.705993638781,-3.46944695195e-16,-3.64291929955e-16,0.08,74299.1763777
2011-06-10,74547.3919321,0.00416756497772,0.00334075781836,59.9939746381,1.43711632573,0.00080746486789,1.93422914735e-05,29996.9873191,0.403732433945,0.316061570148,0.316061570148,0.632123140296,1.87350135405e-16,1.52655665886e-16,0.08,74547.3919321
2011-06-13,74733.6246973,0.00363055851935,0.00249817948515,80.542769583,3.87313409498,0.0010804237076,5.19553265996e-05,40271.3847915,0.540211853799,0.355473189751,0.355473189751,0.710946379501,-4.99600361081e-16,-4.99600361081e-16,0.08,74733.6246973
2011-06-14,74802.3932632,0.00219416488681,0.000920182397625,93.7536689465,1.45566027138,0.00125450450619,1.9477983e-05,46876.8344733,0.627252253094,0.464294062646,0.464294062646,0.928588125291,-1.11022302463e-16,-1.66533453694e-16,0.08,74802.3932632
2011-06-15,74615.8776536,-0.00142421006667,-0.00249344441352,78.0782575794,1.90303052404,0.00104379357629,2.54407705559e-05,39039.1287897,0.521896788146,0.290275711824,0.290275711824,0.580551423648,1.38777878078e-16,1.17961196366e-16,0.08,74615.8776536
2011-06-16,74506.4779324,-0.000694462840087,-0.0014661721426,56.3949626816,1.18680421914,0.000755803784061,1.59055184561e-05,28197.4813408,0.377901892031,0.349152472399,0.349152472399,0.698304944798,-2.49800180541e-16,-3.12250225676e-16,0.08,74506.4779324
2011-06-17,74223.9491632,-0.00274080504513,-0.0037920027503,76.8956073358,1.42543128657,0.00103206606284,1.91316423232e-05,38447.8036679,0.51603303142,0.378811841703,0.378811841703,0.757623683407,5.55111512313e-17,1.38777878078e-17,0.08,74223.9491632
2011-06-20,74389.4560663,0.00331033802787,0.00222983154389,75.5775003849,4.62195795304,0.00101823604426,6.22704397321e-05,37788.7501925,0.509118022128,0.333867577372,0.333867577372,0.667735154745,3.74700270811e-16,1.31838984174e-16,0.08,74389.4560663
2011-06-21,74345.1798316,0.000766612516476,-0.000595195032375,99.9432336491,1.36088917693,0.00134351343502,1.82941138286e-05,49971.6168246,0.671756717511,0.373789945082,0.373789945082,0.747579890163,4.99600361081e-16,2.91433543964e-16,0.08,74345.1798316
2011-06-22,74306.976838,0.000378741611595,-0.000513859725064,64.8378956214,1.52271127048,0.000872119695833,2.04816408264e-05,32418.9478107,0.436059847916,0.451305823716,0.451305823716,0.902611647432,3.46944695195e-16,2.22044604925e-16,0.08,74306.976838
2011-06-23,74226.6272006,-0.000256202958026,-0.00108132023107,59.4744264586,1.83754363779,0.000800388186809,2.4729086231e-05,29737.2132293,0.400194093405,0.332894382837,0.332894382837,0.665788765675,3.29597460436e-16,2.08166817117e-16,0.08,74226.6272006
2011-06-24,74086.0001328,-0.000867920167116,-0.00189456362348,74.8503289255,1.35395217819,0.00100840266827,1.82407881007e-05,37425.1644628,0.504201334133,0.290130171668,0.290130171668,0.580260343336,-2.77555756156e-17,-2.77555756156e-17,0.08,74086.0001328
2011-06-27,73880.7366147,-0.00212782486333,-0.00277061142038,44.0881286877,3.53335626357,0.000595093926095,4.76926309591e-05,22044.0643439,0.297546963048,0.221547867827,0.221547867827,0.443095735654,-6.93889390391e-17,-3.46944695195e-17,0.08,73880.7366147
2011-06-28,73547.3551522,-0.00381536913073,-0.00451242743123,50.6022974349,0.896883269615,0.000684918691306,1.2139609196e-05,25301.1487174,0.342459345653,0.295095788835,0.295095788835,0.590191577671,-7.6327832943e-17,-2.77555756156e-17,0.08,73547.3551522
2011-06-29,73627.7227795,0.00176326464338,0.00109273307135,48.1265899821,1.18923368687,0.000654361939767,1.6169632265e-05,24063.2949911,0.327180969884,0.323445801666,0.323445801666,0.646891603332,6.93889390391e-18,7.6327832943e-17,0.08,73627.7227795
2011-06-30,73677.1564339,0.00116412887474,0.000671400018781,34.9735952382,1.30490837366,0.000475005798331,1.77230576255e-05,17486.7976191,0.237502899166,0.415028229883,0.415028229883,0.830056459767,3.33066907388e-16,3.26128013484e-16,0.08,73677.1564339
2011-07-01,73624.8961027,0.000682769971335,-0.000709315258527,100.889368931,1.67551231877,0.00136934395699,2.27412728703e-05,50444.6844656,0.684671978496,0.379831190538,0.379831190538,0.759662381076,3.60822483003e-16,2.98372437868e-16,0.08,73624.8961027
2011-07-05,73407.9050322,-0.00210371533409,-0.00294725129635,55.9759255118,6.12932206902,0.000760285290369,8.32506718988e-05,27987.9627559,0.380142645184,0.358228241063,0.358228241063,0.716456482126,1.20736753928e-15,1.04083408559e-15,0.08,73407.9050322
2011-07-06,73332.5242281,-5.19530760801e-05,-0.00102687583976,70.1261179405,1.44091970958,0.000955293818966,1.96289447158e-05,35063.0589702,0.477646909483,0.426776016409,0.426776016409,0.853552032819,7.49400541622e-16,6.66133814775e-16,0.08,73332.5242281
2011-07-07,73477.5211852,0.00315474008133,0.00197725304902,84.6332161846,1.71488014045,0.00115410204511,2.33849872005e-05,42316.6080923,0.577051022554,0.295494751969,0.295494751969,0.590989503937,8.881784197e-16,8.46545056277e-16,0.08,73477.5211852
2011-07-08,73272.8252664,-0.00187992496695,-0.00278583048896,65.3739813968,1.18971078893,0.000889714028758,1.61914932586e-05,32686.9906984,0.444857014379,0.307932321264,0.307932321264,0.615864642528,6.10622663544e-16,5.96744875736e-16,0.08,73272.8252664
2011-07-11,73139.9372752,-0.00122398688406,-0.00181360539492,39.49401612,3.70899800053,0.000538999499151,5.06190117147e-05,19747.00806,0.269499749576,0.324033614328,0.324033614328,0.648067228655,-2.77555756156e-17,1.38777878078e-17,0.08,73139.9372752
2011-07-12,73034.3046968,-0.000745985646005,-0.00144425306231,49.7726159493,1.29861908093,0.000680512149771,1.77552665385e-05,24886.3079746,0.340256074885,0.349086252421,0.349086252421,0.698172504842,3.33066907388e-16,3.53883589099e-16,0.08,73034.3046968
2011-07-13,72916.3573286,-0.000949597548195,-0.00161495845975,47.1971703577,1.3970011904,0.000646232897727,1.91280138313e-05,23598.5851788,0.323116448863,0.263652474446,0.263652474446,0.527304948892,1.11022302463e-16,1.04083408559e-16,0.08,72916.3573286
2011-07-14,72906.8655752,0.00045055601045,-0.000130173170934,41.2912549647,1.05340153629,0.000566282470456,1.44467109286e-05,20645.6274823,0.283141235228,0.320319934874,0.320319934874,0.640639869749,-1.11022302463e-16,-6.93889390391e-17,0.08,72906.8655752
2011-07-15,72641.1613928,-0.00241852690285,-0.00364443293824,88.0973214653,1.27964506482,0.00120835425814,1.75517772534e-05,44048.6607326,0.604177129069,0.320261269558,0.320261269558,0.640522539115,-2.56739074445e-16,-1.66533453694e-16,0.08,72641.1613928
2011-07-18,72326.166526,-0.00353925286125,-0.00433631374815,54.075184596,3.82424392928,0.000744415198754,5.26456881464e-05,27037.592298,0.372207599377,0.347824728708,0.347824728708,0.695649457417,-1.66533453694e-16,-8.32667268469e-17,0.08,72326.166526
2011-07-19,72378.7066475,0.00129185914014,0.00072643310128,39.5166414472,1.37845639728,0.000546367149612,1.90588892443e-05,19758.3207236,0.273183574806,0.264123404735,0.264123404735,0.528246809471,-4.16333634234e-17,1.38777878078e-16,0.08,72378.7066475
2011-07-20,72295.1119658,-0.000278659658874,-0.00115496235803,62.3781540555,1.04750194137,0.000861830183832,1.4472515328e-05,31189.0770278,0.430915091916,0.267228003118,0.267228003118,0.534456006236,1.11022302463e-16,1.38777878078e-16,0.08,72295.1119658
2011-07-21,72371.8397206,0.00171711013403,0.00106131317526,46.3523239638,1.05859059758,0.000641154328466,1.46426303078e-05,23176.1619819,0.320577164233,0.274539770691,0.274539770691,0.549079541382,2.77555756156e-17,8.32667268469e-17,0.08,72371.8397206
2011-07-22,72173.6508541,-0.00202280888613,-0.00273848042684,50.7057565418,1.08870949487,0.000700628265601,1.50432751064e-05,25352.8782709,0.350314132801,0.334465975535,0.334465975535,0.668931951071,-2.49800180541e-16,-2.22044604925e-16,0.08,72173.6508541
2011-07-25,71859.6635142,-0.00364477693926,-0.00435044280221,46.9623231673,3.96815844507,0.000650685154645,5.49807083072e-05,23481.1615836,0.325342577323,0.271529011939,0.271529011939,0.543058023879,-1.80411241502e-16,-9.71445146547e-17,0.08,71859.6635142
2011-07-26,71717.537978,-0.00154663324269,-0.00197782078682,29.9158420556,1.06914977711,0.000416309242107,1.48783020241e-05,14957.9210278,0.208154621053,0.247639461334,0.247639461334,0.495278922668,-2.08166817117e-16,-1.2490009027e-16,0.08,71717.537978
2011-07-27,71689.1837026,0.000218331112683,-0.000395360411528,43.0392894424,0.973155751949,0.000600122238659,1.35692855526e-05,21519.6447212,0.300061119329,0.232533682423,0.232533682423,0.465067364846,1.38777878078e-17,7.97972798949e-17,0.08,71689.1837026
2011-07-28,71612.1959052,-0.000540240739323,-0.00107391092264,37.3449469384,0.913432869934,0.000520928611676,1.27415716396e-05,18672.4734692,0.260464305838,0.209833826332,0.209833826332,0.419667652664,-2.49800180541e-16,-2.22044604925e-16,0.08,71612.1959052
2011-07-29,71618.9118023,0.00106126113803,9.37814712356e-05,68.4599647436,0.823378689252,0.000955981922886,1.14977439086e-05,34229.9823718,0.477990961443,0.37091909617,0.37091909617,0.741838192339,-4.30211422042e-16,-3.22658566532e-16,0.08,71618.9118023
2011-08-01,71352.5006064,-0.00264668106929,-0.00371984423116,72.4919577794,4.36682006044,0.00101219015977,6.09730021101e-05,36245.9788897,0.506095079883,0.383321110429,0.383321110429,0.766642220858,-6.73072708679e-16,-6.0368376964e-16,0.08,71352.5006064
2011-08-02,71418.9055884,0.0017627399665,0.000930660893913,57.8722419961,1.49868053503,0.000811075176122,2.10038964619e-05,28936.120998,0.405537588061,0.28022114089,0.28022114089,0.560442281781,-1.52655665886e-16,-3.07913416986e-17,0.08,71418.9055884
2011-08-03,71227.8511469,-0.00230069529581,-0.00267512418349,25.6446938606,1.09660751809,0.000359074304616,1.53545830625e-05,12822.3469303,0.179537152308,0.305307381261,0.305307381261,0.610614762522,-3.64291929955e-16,-2.91433543964e-16,0.08,71227.8511469
2011-08-04,71379.1772884,0.00273046165397,0.00212453610567,41.9671918179,1.19158294282,0.000589196376728,1.67291715759e-05,20983.5959089,0.294598188364,0.315657925767,0.315657925767,0.631315851534,-2.01227923213e-16,-1.2490009027e-16,0.08,71379.1772884
2011-08-05,71491.7057212,0.00215663369731,0.00157648822952,40.1757087714,1.23459742717,0.000562849143092,1.72963246996e-05,20087.8543857,0.281424571546,0.305907128895,0.305907128895,0.611814257789,1.80411241502e-16,1.87350135405e-16,0.08,71491.7057212
2011-08-08,71520.1496203,0.00123829612295,0.000397862924139,56.488963623,3.5950393047,0.000790147095431,5.02861033799e-05,28244.4818115,0.395073547716,0.329758594427,0.329758594427,0.659517188854,-6.52256026967e-16,-5.44703171457e-16,0.08,71520.1496203
2011-08-09,71973.5043907,0.00713151249857,0.00633883979269,55.3997755101,1.29229501436,0.000774603741801,1.80689640782e-05,27699.887755,0.387301870901,0.278633087658,0.278633087658,0.557266175317,-1.73472347598e-15,-1.49880108324e-15,0.08,71973.5043907
2011-08-10,71844.6442411,-0.000308802788958,-0.00179038315173,105.535670485,1.09886026071,0.00146631279633,1.5267566447e-05,52767.8352424,0.733156398164,0.442188585414,0.442188585414,0.884377170829,-9.43689570931e-16,-1.05471187339e-15,0.08,71844.6442411
2011-08-11,72163.4370621,0.00550724996417,0.00443725241292,75.1328327722,1.74076063598,0.00104576803972,2.42295115296e-05,37566.4163861,0.522884019859,0.329465061266,0.329465061266,0.658930122533,3.40005801291e-16,4.6143644461e-16,0.08,72163.4370621
2011-08-12,72006.3852751,-0.000738623109374,-0.00217633462864,102.447446859,1.30275787468,0.00141965863919,1.80528800694e-05,51223.7234295,0.709829319596,0.408400148604,0.408400148604,0.816800297208,5.55111512313e-16,5.41233724505e-16,0.08,72006.3852751
2011-08-15,71950.397315,0.000190279396192,-0.000777541601676,64.8551954668,4.83409618303,0.000900686726865,6.71342710034e-05,32427.5977334,0.450343363432,0.401274290952,0.401274290952,0.802548581904,1.66533453694e-16,2.56739074445e-16,0.08,71950.397315
2011-08-16,71744.9027821,-0.00181798684294,-0.00285605834768,73.1076383219,1.58201888582,0.00101608387236,2.19876323809e-05,36553.8191609,0.508041936182,0.336241288878,0.336241288878,0.672482577757,4.7878367937e-16,4.85722573274e-16,0.08,71744.9027821
2011-08-17,71753.7647868,0.00100822526884,0.000123521036625,62.151178113,1.32184101819,0.000866280052003,1.84241802125e-05,31075.5890565,0.433140026002,0.286181056387,0.286181056387,0.572362112775,5.27355936697e-16,4.71844785466e-16,0.08,71753.7647868
2011-08-18,72028.4253749,0.00461404014236,0.00382782128385,55.2889812251,1.12518181953,0.000770537704737,1.56811537746e-05,27644.4906126,0.385268852369,0.228451976587,0.228451976587,0.456903953175,5.55111512313e-17,2.08166817117e-17,0.08,72028.4253749
2011-08-19,71791.0948415,-0.00225142068563,-0.00329495657021,74.262600772,0.901645816294,0.00103101796805,1.25179165253e-05,37131.300386,0.515508984026,0.343358309051,0.343358309051,0.686716618101,3.33066907388e-16,3.40005801291e-16,0.08,71791.0948415
2011-08-22,71827.3776539,0.00139146565574,0.000505394332392,59.5599642852,4.05206612542,0.000829628861584,5.64424617618e-05,29779.9821426,0.414814430792,0.328270762928,0.328270762928,0.656541525856,2.01227923213e-16,1.11022302463e-16,0.08,71827.3776539
2011-08-23,72323.5095079,0.00745188990706,0.00690728062403,37.8258660673,1.29199057872,0.000526621843966,1.79874390645e-05,18912.9330337,0.263310921983,0.362451072124,0.362451072124,0.724902144248,-6.80011602583e-16,-6.31439345256e-16,0.08,72323.5095079
2011-08-24,71926.4421699,-0.00439264340339,-0.00549015583757,77.9395820064,1.43636896224,0.00107765210146,1.98603327191e-05,38969.7910032,0.538826050732,0.248281873529,0.248281873529,0.496563747058,4.09394740331e-16,3.05311331772e-16,0.08,71926.4421699
2011-08-25,71998.0427912,0.00175477736071,0.000995470081978,53.6357487815,0.97852229141,0.000745702792511,1.36044862208e-05,26817.8743907,0.372851396255,0.327887033642,0.327887033642,0.655774067283,9.02056207508e-16,8.46545056277e-16,0.08,71998.0427912
2011-08-26,72117.2045259,0.00265401971716,0.00165506908314,70.6289439372,1.29354655774,0.000980984221224,1.79664128023e-05,35314.4719686,0.490492110612,0.333569819627,0.333569819627,0.667139639254,1.66533453694e-16,1.17961196366e-16,0.08,72117.2045259
2011-08-29,72163.9184805,0.00203209907897,0.00064775049018,95.8809191503,3.95443116258,0.00132951519378,5.48333950072e-05,47940.4595751,0.664757596891,0.289911438512,0.289911438512,0.579822877023,4.02455846427e-16,4.64905891562e-16,0.08,72163.9184805
2011-08-30,72008.3553083,-0.000919448339012,-0.00215569186689,88.0658130353,1.14636413235,0.0012203579696,1.58855582746e-05,44032.9065177,0.610178984801,0.378430221391,0.378430221391,0.756860442782,-8.04911692853e-16,-8.18789480661e-16,0.08,72008.3553083
2011-08-31,72090.9261007,0.00225201459062,0.00114668349326,78.0999161542,1.49315823788,0.00108459519482,2.0735902542e-05,39049.9580771,0.542297597409,0.390691574738,0.390691574738,0.781383149476,7.77156117238e-16,7.97972798949e-16,0.08,72090.9261007
2011-09-01,72207.1431498,0.00266895412774,0.00161208983439,74.6470206052,1.54330506535,0.00103545653583,2.14077575199e-05,37323.5103026,0.517728267916,0.254375220171,0.254375220171,0.508750440341,-6.66133814775e-16,-6.43582409587e-16,0.08,72207.1431498
2011-09-02,72265.4596263,0.00200930066398,0.000807627526375,85.7629345167,1.00644974995,0.00118773476938,1.39383682285e-05,42881.4672583,0.59386738469,0.294152221507,0.294152221507,0.588304443014,7.49400541622e-16,7.35522753814e-16,0.08,72265.4596263
2011-09-06,72100.5152812,-0.00155203295855,-0.00228247832194,48.1268914545,4.65907846297,0.000665973643611,6.44717197824e-05,24063.4457273,0.332986821806,0.407009014015,0.407009014015,0.814018028031,-2.77555756156e-17,-8.32667268469e-17,0.08,72100.5152812
2011-09-07,72137.0879724,0.00148478772011,0.000507245905282,68.8732926877,1.60797587039,0.000955239951046,2.23018637817e-05,34436.6463438,0.477619975523,0.337719223793,0.337719223793,0.675438447586,-7.21644966006e-16,-7.91033905045e-16,0.08,72137.0879724
2011-09-08,71637.8013196,-0.00610597242432,-0.0069213585807,57.4846743266,1.33490856749,0.00079688099343,1.85051629476e-05,28742.3371633,0.398440496715,0.329382438092,0.329382438092,0.658764876184,-1.11022302463e-16,-9.02056207508e-17,0.08,71637.8013196
2011-09-09,71621.1726836,0.000308876027629,-0.000232120970112,37.4628911286,1.29294431004,0.000522948644969,1.80483527722e-05,18731.4455643,0.261474322484,0.347124567358,0.347124567358,0.694249134716,-1.66533453694e-16,-1.11022302463e-16,0.08,71621.1726836
2011-09-12,71589.9764141,0.000360423752028,-0.00043557328516,52.923424503,4.08681675312,0.000738935464472,5.70615727164e-05,26461.7122515,0.369467732236,0.326433387271,0.326433387271,0.652866774542,2.77555756156e-16,2.77555756156e-16,0.08,71589.9764141
2011-09-13,71434.9475802,-0.00171386320001,-0.00216551033685,31.0528950798,1.28051279428,0.000433760375897,1.78867609464e-05,15526.4475399,0.216880187948,0.283913896925,0.283913896925,0.567827793851,-4.16333634234e-16,-3.46944695195e-16,0.08,71434.9475802
2011-09-14,71356.4986269,-0.000146742962092,-0.00109818731576,66.8550693463,1.11130818324,0.000935887427806,1.55569258589e-05,33427.5346732,0.467943713903,0.452582810667,0.452582810667,0.905165621334,-5.55111512313e-17,0,0.08,71356.4986269
2011-09-15,71316.656338,0.000417851132183,-0.000558355435616,67.8891086581,1.7695739566,0.00095140750968,2.47990581187e-05,33944.554329,0.47570375484,0.461713927018,0.461713927018,0.923427854036,-1.11022302463e-16,-1.11022302463e-16,0.08,71316.656338
2011-09-16,70747.9860877,-0.00693498146505,-0.00797387706455,72.2862923059,1.80426813477,0.00101359620624,2.52993932612e-05,36143.146153,0.50679810312,0.41842108205,0.41842108205,0.8368421641,3.05311331772e-16,3.05311331772e-16,0.08,70747.9860877
2011-09-19,70699.0295176,0.000161489643786,-0.000691985352849,55.5154812059,4.86615598219,0.0007846934489,6.87815477343e-05,27757.7406029,0.39234672445,0.281695930231,0.281695930231,0.563391860462,3.05311331772e-16,3.13984949152e-16,0.08,70699.0295176
2011-09-20,70612.0175796,-0.000270326002544,-0.00123073737427,66.8088845824,1.09126733624,0.000944975978288,1.54353934373e-05,33404.4422912,0.472487989144,0.490663766579,0.490663766579,0.981327533157,1.38777878078e-16,2.42861286637e-16,0.08,70612.0175796
2011-09-21,69822.0419301,-0.0103258559146,-0.0111875524398,58.947677665,1.89845252117,0.000834810839366,2.68856858399e-05,29473.8388325,0.417405419683,0.428786264573,0.428786264573,0.857572529146,4.16333634234e-16,5.62050406216e-16,0.08,69822.0419301
2011-09-22,69658.9611576,-0.00153492887866,-0.00233566317999,54.2684254665,1.64047849557,0.000777239163541,2.34951377848e-05,27134.2127332,0.38861958177,0.351297506487,0.351297506487,0.702595012973,1.66533453694e-16,2.42861286637e-16,0.08,69658.9611576
2011-09-23,69474.1480836,-0.00223996904758,-0.00265311269236,27.4382793307,1.3408777731,0.000393894466336,1.92491784376e-05,13719.1396653,0.196947233168,0.345022977011,0.345022977011,0.690045954023,-3.88578058619e-16,-3.03576608296e-16,0.08,69474.1480836
2011-09-26,69781.9490119,0.00509984737424,0.00443043832542,42.5663202531,3.94030313377,0.00061269294302,5.67161058101e-05,21283.1601266,0.30634647151,0.42424162803,0.42424162803,0.848483256059,-1.56125112838e-16,-3.81639164715e-17,0.08,69781.9490119
2011-09-27,69868.7733414,0.00235470314091,0.00124422333723,75.8692857155,1.62215932361,0.00108723368707,2.32461166044e-05,37934.6428577,0.543616843537,0.405472003663,0.405472003663,0.810944007326,-5.55111512313e-17,4.16333634234e-17,0.08,69868.7733414
2011-09-28,69716.3826327,-0.00135378631187,-0.00218109895788,56.2510002117,1.55231953535,0.000805095001981,2.22176440363e-05,28125.5001059,0.402547500991,0.280290758807,0.280290758807,0.560581517614,-6.93889390391e-17,-5.55111512313e-17,0.08,69716.3826327
2011-09-29,69644.5927107,-0.000230085758966,-0.00102974249735,54.6784432146,1.07073193366,0.000784298340645,1.53583977428e-05,27339.2216073,0.392149170323,0.347901555894,0.347901555894,0.695803111788,5.55111512313e-17,-5.55111512313e-17,0.08,69644.5927107
2011-09-30,69553.4205143,-0.000103076491904,-0.00130910660613,82.66583434,1.32764176239,0.00118696701528,1.90630989531e-05,41332.91717,0.593483507639,0.303532142906,0.303532142906,0.607064285811,5.6898930012e-16,4.4408920985e-16,0.08,69553.4205143
2011-10-03,69472.747423,-0.000517734197681,-0.00115987237901,41.192490717,3.47041623701,0.000592242486602,4.98956947242e-05,20596.2453585,0.296121243301,0.282594208205,0.282594208205,0.565188416411,2.49800180541e-16,8.32667268469e-17,0.08,69472.747423
2011-10-04,69324.447548,-0.0011880287954,-0.00213464819656,64.6884918752,1.07575868766,0.000931134787017,1.54846141482e-05,32344.2459376,0.465567393509,0.382954791449,0.382954791449,0.765909582898,-1.34614541736e-15,-1.36002320517e-15,0.08,69324.447548
2011-10-05,69337.5774255,0.0011219968596,0.000189397506936,63.1972428874,1.45469201935,0.000911615528471,2.0983824189e-05,31598.6214437,0.455807764236,0.24327342334,0.24327342334,0.486546846681,1.2490009027e-16,1.11022302463e-16,0.08,69337.5774255
2011-10-06,69157.890412,-0.00176233447877,-0.00259148098554,56.5667366949,0.924273415147,0.000815816456173,1.3330050594e-05,28283.3683474,0.407908228086,0.39913056641,0.39913056641,0.79826113282,-4.4408920985e-16,-4.4408920985e-16,0.08,69157.890412
2011-10-07,68947.2035744,-0.00207416821256,-0.00304646131289,65.7292449976,1.51249468339,0.000950422932307,2.18701680225e-05,32864.6224988,0.475211466154,0.380113715708,0.380113715708,0.760227431417,-8.60422844084e-16,-8.60422844084e-16,0.08,68947.2035744
2011-10-10,68904.9457824,0.0001202452491,-0.000612900738182,46.2402377874,4.3081278474,0.000670661540863,6.24844464178e-05,23120.1188937,0.335330770432,0.5,0.5,1,1.11022302463e-16,1.2490009027e-16,0.0771845748764,68904.9457824
2011-10-11,68855.5038977,0.000213127827629,-0.000717537532864,62.2396394726,1.88780673377,0.000903268100219,2.7397260274e-05,31119.8197363,0.451634050109,0.30886044887,0.30886044887,0.617720897741,3.46944695195e-16,2.94902990916e-16,0.08,68855.5038977
2011-10-12,69041.8654484,0.00340535609249,0.00270655997229,46.9506580555,1.1653009228,0.00068187225999,1.69238602121e-05,23475.3290277,0.340936129995,0.310389123907,0.310389123907,0.620778247814,6.66133814775e-16,6.48786580015e-16,0.08,69041.8654484
2011-10-13,68644.8851367,-0.00473550778683,-0.00574984915425,68.8577821737,1.17423803449,0.000997333744193,1.70076232278e-05,34428.8910868,0.498666872096,0.307124752907,0.307124752907,0.614249505814,8.39606162373e-16,8.18789480661e-16,0.08,68644.8851367
2011-10-14,68327.5742385,-0.00326845018383,-0.00462249878596,91.7933029062,1.15520785676,0.00133721984855,1.68287535839e-05,45896.6514531,0.668609924275,0.261938531307,0.261938531307,0.523877062615,2.77555756156e-17,1.17961196366e-16,0.08,68327.5742385
2011-10-17,68431.2387271,0.00220011460094,0.0015171691624,43.7219299019,2.94207525104,0.000639887049836,4.30583887081e-05,21860.964951,0.319943524918,0.175467399046,0.175467399046,0.350934798092,3.33066907388e-16,3.81639164715e-16,0.08,68431.2387271
2011-10-18,68584.0178073,0.00275934952739,0.00223259264413,35.388683483,0.657942546462,0.000517142231258,9.61465200252e-06,17694.3417415,0.258571115629,0.175209471212,0.175209471212,0.350418942424,2.77555756156e-16,3.57353036051e-16,0.08,68584.0178073
2011-10-19,68705.09903,0.00268594249219,0.00176544370813,62.4730628339,0.658442164033,0.000910898265095,9.60051897051e-06,31236.531417,0.455449132548,0.28694664904,0.28694664904,0.57389329808,4.16333634234e-16,4.71844785466e-16,0.08,68705.09903
2011-10-20,68686.4334619,0.000708231127463,-0.000271676605879,66.2444004382,1.0802574213,0.000964184629285,1.5723104057e-05,33122.2002191,0.482092314642,0.307813438224,0.307813438224,0.615626876447,2.77555756156e-17,2.77555756156e-17,0.08,68686.4334619
2011-10-21,68628.1371143,-0.00018666628357,-0.000848731615208,44.316407322,1.15849902703,0.000645198841873,1.68664897657e-05,22158.203661,0.322599420937,0.305948441731,0.305948441731,0.611896883462,-3.05311331772e-16,-3.53883589099e-16,0.08,68628.1371143
2011-10-24,68811.8333101,0.00327251245923,0.00267668923435,37.4387303108,3.45150766175,0.000545530330344,5.02928945311e-05,18719.3651554,0.272765165172,0.285422644748,0.285422644748,0.570845289497,2.08166817117e-17,-8.32667268469e-17,0.08,68811.8333101
2011-10-25,68698.4108785,-0.00100203446328,-0.00164829835448,43.3944138156,1.07618933991,0.000630624294226,1.56395969725e-05,21697.2069078,0.315312147113,0.271361938959,0.271361938959,0.542723877918,-1.94289029309e-16,-3.0184188482e-16,0.08,68698.4108785
2011-10-26,68486.4662916,-0.00219528636354,-0.0030851454085,60.1104155014,1.02148679339,0.000874989897623,1.48691473402e-05,30055.2077507,0.437494948811,0.269901980917,0.269901980917,0.539803961834,6.93889390391e-18,-9.71445146547e-17,0.08,68486.4662916
2011-10-27,68647.5437628,0.00339089546255,0.00235196061249,70.1401199896,1.01285659825,0.00102414570042,1.47891496393e-05,35070.0599948,0.512072850211,0.2989735139,0.2989735139,0.5979470278,1.80411241502e-16,1.52655665886e-16,0.08,68647.5437628
2011-10-28,68594.3420111,0.000188814882455,-0.000774998619427,65.0388379124,1.12459163723,0.000947431391531,1.63821103507e-05,32519.4189562,0.473715695766,0.347187397128,0.347187397128,0.694374794255,-3.60822483003e-16,-5.16947595841e-16,0.08,68594.3420111
2011-10-31,68745.4577335,0.00322217929704,0.00220303479809,65.9927368301,3.9148094894,0.000962072598049,5.70719008977e-05,32996.368415,0.481036299024,0.392678773516,0.392678773516,0.785357547033,-5.27355936697e-16,-5.55111512313e-16,0.08,68745.4577335
2011-11-01,68808.0690033,0.00198798248653,0.000910769552835,72.5743245852,1.47917161795,0.00105569628857,2.15166451242e-05,36287.1622926,0.527848144284,0.403150218361,0.403150218361,0.806300436723,-2.77555756156e-17,-5.55111512313e-17,0.08,68808.0690033
2011-11-02,68700.9566276,-0.000561315805697,-0.00155668335584,66.9693197288,1.51999934486,0.000973277127215,2.20904229239e-05,33484.6598644,0.486638563607,0.365964790928,0.365964790928,0.731929581855,-1.66533453694e-16,-8.32667268469e-17,0.08,68700.9566276
2011-11-03,68466.1461554,-0.00274694799645,-0.00341786321028,44.7148659798,1.37765102623,0.000650862348573,2.00528652563e-05,22357.4329899,0.325431174287,0.407190922917,0.407190922917,0.814381845834,-5.55111512313e-17,-8.32667268469e-17,0.08,68466.1461554
2011-11-04,68608.0912441,0.00300388319438,0.00207321569414,62.191611984,1.52760510913,0.000908355668842,2.23118313927e-05,31095.805992,0.454177834421,0.279030006882,0.279030006882,0.558060013763,4.68375338514e-17,9.71445146547e-17,0.08,68608.0912441
2011-11-07,68540.2098849,8.1892701569e-05,-0.000989407488652,70.3529489531,3.14691224745,0.00102543224388,4.58679463367e-05,35176.4744766,0.512716121942,0.298098228724,0.298098228724,0.596196457447,0,8.32667268469e-17,0.08,68540.2098849
2011-11-08,68571.4044335,0.00120354396383,0.000455127708567,50.1770611808,1.11954603633,0.000732082105747,1.63341495191e-05,25088.5305904,0.366041052873,0.340893842202,0.340893842202,0.681787684403,6.93889390391e-17,6.93889390391e-17,0.08,68571.4044335
2011-11-09,68542.7799187,0.000354212178894,-0.00041744098851,51.6324883,1.28085312452,0.000752974052763,1.86791146412e-05,25816.24415,0.376487026381,0.3454240042,0.3454240042,0.6908480084,1.08246744901e-15,9.90527104783e-16,0.08,68542.7799187
2011-11-10,68378.6201591,-0.00151688744641,-0.00239499710657,58.8907444963,1.29733268485,0.000859182317469,1.89273426959e-05,29445.3722481,0.429591158734,0.360809473756,0.360809473756,0.721618947513,1.38777878078e-16,7.97972798949e-17,0.08,68378.6201591
2011-11-11,68288.0723086,-0.000392238665503,-0.00132421289379,62.3752403048,1.35187144963,0.000912203846167,1.97703821236e-05,31187.6201524,0.456101923084,0.312897334791,0.312897334791,0.625794669583,1.45716771982e-16,4.85722573274e-17,0.08,68288.0723086
2011-11-14,68210.0515841,-0.00031873837256,-0.00114252345848,52.7422863376,3.51240917645,0.000772349907597,5.14351783219e-05,26371.1431688,0.386174953799,0.244750201341,0.244750201341,0.489500402681,4.51028103754e-16,4.23272528138e-16,0.08,68210.0515841
2011-11-15,68426.9242634,0.00359955936583,0.00317948270496,27.7386877561,0.91476295116,0.000406665690934,1.34109699365e-05,13869.343878,0.203332845467,0.245464858919,0.245464858919,0.490929717838,2.35922392733e-16,1.17961196366e-16,0.08,68426.9242634
2011-11-16,68346.3076423,-0.000253266062953,-0.0011781418202,62.3660524182,0.920350975922,0.000911425627991,1.34501292558e-05,31183.0262091,0.455712813995,0.289900125431,0.289900125431,0.579800250862,1.66533453694e-16,8.32667268469e-17,0.08,68346.3076423
2011-11-17,68269.1106014,-0.000486286359472,-0.00112949833774,42.8754868609,1.08567688538,0.000627327039893,1.58849383798e-05,21437.7434304,0.313663519947,0.313553704296,0.313553704296,0.627107408591,2.35922392733e-16,1.35308431126e-16,0.08,68269.1106014
2011-11-18,68174.3561276,-0.000462015912922,-0.00138795529861,62.040125043,1.17293328866,0.000908758360794,1.71810248929e-05,31020.0625215,0.454379180397,0.369832189207,0.369832189207,0.739664378415,-4.85722573274e-17,-5.20417042793e-17,0.08,68174.3561276
2011-11-21,68285.0130846,0.00239906325699,0.00162314634439,48.7530214524,4.14461447252,0.000715122580126,6.07943324725e-05,24376.5107262,0.357561290063,0.369145760323,0.369145760323,0.738291520647,-4.85722573274e-16,-4.02455846427e-16,0.08,68285.0130846
2011-11-22,68245.6709601,0.000181006774604,-0.00057614581366,50.3209621734,1.38121222322,0.000736925423314,2.02271649492e-05,25160.4810867,0.368462711657,0.287102609971,0.287102609971,0.574205219942,-2.77555756156e-16,-2.91433543964e-16,0.08,68245.6709601
2011-11-23,68229.6155679,0.000684198412554,-0.000235258764697,61.6753549805,1.0736170001,0.000903725527389,1.57316498614e-05,30837.6774902,0.451862763695,0.303701941277,0.303701941277,0.607403882554,-1.00613961607e-15,-9.71445146547e-16,0.08,68229.6155679
2011-11-25,68073.3217968,-0.00132953975751,-0.00229070279568,63.3089389267,2.27084566581,0.000927880633648,3.32824045235e-05,31654.4694633,0.463940316824,0.321253677975,0.321253677975,0.64250735595,-9.02056207508e-17,-4.16333634234e-17,0.08,68073.3217968
2011-11-28,68265.4800823,0.00357039816532,0.00282281340839,47.2957056743,3.59487205466,0.000694775933155,5.28088237767e-05,23647.8528372,0.347387966578,0.361387849257,0.361387849257,0.722775698514,-2.22044604925e-16,-2.32452945781e-16,0.08,68265.4800823
2011-11-29,68217.4998678,0.000476143234545,-0.000702847390181,79.1325629258,1.35179808359,0.00115918855079,1.98020739319e-05,39566.2814629,0.579594275397,0.316120861186,0.316120861186,0.632241722372,-1.38777878078e-16,-4.16333634234e-17,0.08,68217.4998678
2011-11-30,67987.6729467,-0.00220094147128,-0.00336903172281,78.5025541244,1.18164245513,0.00115076856051,1.73216910239e-05,39251.2770622,0.575384280255,0.272300076651,0.272300076651,0.544600153302,4.2674197509e-16,4.16333634234e-16,0.08,67987.6729467
2011-12-01,67828.7741017,-0.00129763488258,-0.0023371714029,69.66125534,1.01441361944,0.00102461596817,1.49205521453e-05,34830.62767,0.512307984086,0.300223523413,0.300223523413,0.600447046826,7.97972798949e-17,-9.02056207508e-17,0.08,67828.7741017
2011-12-02,68017.8911975,0.00345645333484,0.00278815441213,44.2140723567,1.11582430409,0.000651848318686,1.64506040226e-05,22107.0361784,0.325924159343,0.30175458351,0.30175458351,0.603509167019,8.46545056277e-16,7.35522753814e-16,0.08,68017.8911975
2011-12-05,68089.4370764,0.00194818136198,0.00105186852502,57.5913840217,3.37392500211,0.000846709343788,4.96034931797e-05,28795.6920108,0.423354671894,0.390529708757,0.390529708757,0.781059417514,9.99200722163e-16,9.74914593499e-16,0.08,68089.4370764
2011-12-06,67973.4132416,-0.000803882706953,-0.00170399168748,59.8308755435,1.45703824827,0.00087871009238,2.13988881511e-05,29915.4377717,0.43935504619,0.296602817495,0.296602817495,0.593205634989,9.15933995316e-16,9.33281230076e-16,0.08,67973.4132416
2011-12-07,68019.4044673,0.00157890977478,0.000676606095556,60.2279427266,1.10471813053,0.000886051470044,1.62522091778e-05,30113.9713633,0.443025735022,0.276837068965,0.276837068965,0.55367413793,5.96744875736e-16,5.06539254985e-16,0.08,68019.4044673
2011-12-08,68035.2437133,0.00156581835229,0.000232863637897,89.6349890019,1.0317968529,0.00131778555993,1.51691544638e-05,44817.4945009,0.658892779963,0.488193488712,0.488193488712,0.976386977424,-4.7878367937e-16,-4.7878367937e-16,0.08,68035.2437133
2011-12-09,68256.9748598,0.00449521147854,0.00325906301513,82.2816968785,1.819965095,0.00120939813525,2.67503281486e-05,41140.8484392,0.604699067627,0.446960110686,0.446960110686,0.893920221372,2.77555756156e-17,5.55111512313e-17,0.08,68256.9748598
2011-12-12,68195.4589769,0.00056136732147,-0.000901239515373,94.8180805517,5.01503754056,0.00138913394194,7.34728949073e-05,47409.0402758,0.694566970968,0.178628506929,0.178628506929,0.357257013859,1.94289029309e-16,1.73472347598e-16,0.08,68195.4589769
2011-12-13,68093.211578,-0.00105589658641,-0.00149932855294,29.5725586455,0.667487836515,0.00043364410313,9.7878633934e-06,14786.2793228,0.216822051565,0.187090877894,0.187090877894,0.374181755788,1.94289029309e-16,2.42861286637e-16,0.08,68093.211578
2011-12-14,67896.4098207,-0.00248455497255,-0.00289018174856,26.9223685803,0.698061300426,0.000395375221059,1.02515549531e-05,13461.1842902,0.19768761053,0.192310282785,0.192310282785,0.384620565569,8.32667268469e-17,4.16333634234e-17,0.08,67896.4098207
2011-12-15,67735.841085,-0.00192862294745,-0.00236490760168,28.9066998863,0.715461795764,0.000425747104488,1.05375497416e-05,14453.3499431,0.212873552244,0.253365201639,0.253365201639,0.506730403279,4.16333634234e-16,4.64905891562e-16,0.08,67735.841085
2011-12-16,67688.9355039,3.01419765707e-05,-0.000692478019649,48.0068948708,0.940378358067,0.000708736971473,1.38830247474e-05,24003.4474354,0.354368485736,0.351977907094,0.351977907094,0.703955814187,5.55111512313e-17,6.93889390391e-18,0.08,67688.9355039
2011-12-19,67456.7616197,-0.00264107962933,-0.00343001234289,49.4855755893,3.91643997568,0.00073107333157,5.7859381988e-05,24742.7877946,0.365536665785,0.366514247856,0.366514247856,0.733028495712,1.38777878078e-16,5.55111512313e-17,0.08,67456.7616197
2011-12-20,67463.916979,0.000622307150993,0.000106073271177,33.4687334832,1.35473228755,0.00049615090733,2.00829724852e-05,16734.3667416,0.248075453665,0.355020109399,0.355020109399,0.710040218799,1.11022302463e-16,0,0.08,67463.916979
2011-12-21,66730.2558863,-0.0101732253303,-0.0108748665295,46.0230774621,1.3123861472,0.000682188042481,1.94531566794e-05,23011.538731,0.341094021241,0.400921344404,0.400921344404,0.801842688809,6.38378239159e-16,6.17561557448e-16,0.08,66730.2558863
2011-12-22,66552.9059252,-0.00169539424548,-0.00265771438699,62.7499194848,1.46594980287,0.000940351848667,2.19682928441e-05,31374.9597424,0.470175924334,0.213117134035,0.213117134035,0.426234268069,-6.93889390391e-17,-3.46944695195e-17,0.08,66552.9059252
2011-12-23,66551.24707,0.000280821719846,-2.49253615787e-05,19.5711751265,0.777181620409,0.000294069430244,1.167765118e-05,9785.58756327,0.147034715122,0.197512579316,0.197512579316,0.395025158632,2.56739074445e-16,2.56739074445e-16,0.08,66551.24707
2011-12-27,66440.0769753,-0.00133453530955,-0.00167044344811,19.4740735292,2.88103199243,0.00029261771021,4.32904283432e-05,9737.0367646,0.146308855105,0.173379586774,0.173379586774,0.346759173548,-4.16333634234e-17,-4.16333634234e-17,0.08,66440.0769753
2011-12-28,66503.8656157,0.00118182014046,0.000960092811732,14.1003833584,0.631197429656,0.000212227077395,9.50025133009e-06,7050.1916792,0.106113538698,0.154938739813,0.154938739813,0.309877479626,3.1918911958e-16,2.77555756156e-16,0.08,66503.8656157
2011-12-29,66432.7013358,-0.000831886351557,-0.00107007734295,15.2760175659,0.564604116777,0.000229701197434,8.48979396236e-06,7638.00878296,0.114850598717,0.155104368581,0.155104368581,0.310208737162,8.32667268469e-17,8.32667268469e-17,0.08,66432.7013358
2011-12-30,66307.0484053,-0.000354997400481,-0.0018914319,101.504891369,0.564602859936,0.00152793563,8.4988695113e-06,50752.4456843,0.763967815002,0.4646999988,0.4646999988,0.9293999976,4.02455846427e-16,3.33066907388e-16,0.08,66307.0484053
2012-01-03,66329.3062036,0.00177377260788,0.000335677711173,88.6023188175,6.75350911,0.00133624284218,0.000101852054531,44301.1594088,0.668121421089,0.288202621235,0.288202621235,0.576405242469,3.67761376907e-16,4.16333634234e-16,0.08,66329.3062036
2012-01-04,66090.3400992,-0.00199804375674,-0.00360272280859,105.389780796,1.04746739247,0.0015888871274,1.57919244512e-05,52694.8903981,0.794443563699,0.311430496174,0.311430496174,0.622860992348,-1.2490009027e-16,-2.77555756156e-17,0.08,66090.3400992
2012-01-05,66013.6199387,-0.000320991469088,-0.00116083773319,54.3779144087,1.12781081696,0.000822781579381,1.70646847219e-05,27188.9572043,0.41139078969,0.190872149986,0.190872149986,0.381744299972,-1.37043154602e-16,-1.56125112838e-16,0.08,66013.6199387
2012-01-06,65945.1191123,-0.000663873709376,-0.00103767717121,23.9856998492,0.690419811838,0.000363344713887,1.04587479444e-05,11992.8499246,0.181672356943,0.182272712652,0.182272712652,0.364545425303,-1.45716771982e-16,-7.2858385991e-17,0.08,65945.1191123
2012-01-09,65938.3347145,0.000337371611278,-0.000102879451938,27.0565190913,1.97588971179,0.00041028842552,2.99626376961e-05,13528.2595456,0.20514421276,0.212057422669,0.212057422669,0.424114845338,-8.32667268469e-17,2.77555756156e-17,0.08,65938.3347145
2012-01-10,65983.223526,0.00101668504601,0.000680769565281,21.3835313323,0.766176072036,0.000324295895928,1.16195848038e-05,10691.7656661,0.162147947964,0.244553424773,0.244553424773,0.489106849545,4.85722573274e-17,1.07552855511e-16,0.08,65983.223526
2012-01-11,66044.809791,0.00150326598009,0.000933362478085,36.7198825836,0.884187577579,0.000556503314348,1.34001876588e-05,18359.9412918,0.278251657174,0.249435138737,0.249435138737,0.498870277474,-6.52256026967e-16,-5.96744875736e-16,0.08,66044.809791
2012-01-12,65931.4772078,-0.00104109184212,-0.0017159952998,43.671191241,0.902679248937,0.000661235778848,1.36676788349e-05,21835.5956205,0.330617889424,0.313917309457,0.313917309457,0.627834618915,1.11022302463e-16,1.66533453694e-16,0.08,65931.4772078
2012-01-13,65887.668355,0.000185149409552,-0.000664460356103,54.8819429582,1.13408394157,0.000832408817191,1.72009484634e-05,27440.9714791,0.416204408595,0.374108776761,0.374108776761,0.748217553523,-4.23272528138e-16,-3.95516952523e-16,0.08,65887.668355
2012-01-17,65909.1370014,0.00120567764545,0.000325837094134,52.5680879273,5.40255452317,0.000797844107095,8.19964442217e-05,26284.0439636,0.398922053547,0.317884055787,0.317884055787,0.635768111573,-4.6143644461e-16,-4.16333634234e-16,0.08,65909.1370014
2012-01-18,65749.0506776,-0.00166778743546,-0.00242889424841,49.0158677942,1.14802541279,0.000743688508517,1.74183044267e-05,24507.9338971,0.371844254259,0.354054019782,0.354054019782,0.708108039565,-2.08166817117e-17,0,0.08,65749.0506776
2012-01-19,65725.84694,0.000213485890462,-0.00035291365311,35.9646862289,1.27554606517,0.00054699932331,1.94002202621e-05,17982.3431145,0.273499661655,0.313816686883,0.313816686883,0.627633373766,1.04083408559e-16,1.11022302463e-16,0.08,65725.84694
2012-01-20,65769.5197108,0.00196142675003,0.000664468742179,84.1134789895,1.13018452215,0.00127976257295,1.71954348977e-05,42056.7394947,0.639881286477,0.426664002865,0.426664002865,0.85332800573,5.55111512313e-16,5.27355936697e-16,0.08,65769.5197108
2012-01-23,65768.0727604,0.00152393084044,-2.20003186517e-05,97.0623027358,4.61284710351,0.00147579461067,7.01365484162e-05,48531.1513679,0.737897305336,0.358895024337,0.358895024337,0.717790048674,4.4408920985e-16,3.88578058619e-16,0.08,65768.0727604
2012-01-24,65554.0700822,-0.00250635006331,-0.00325389918384,47.8715041801,1.29336077118,0.000727883639748,1.96654807856e-05,23935.75209,0.363941819874,0.367827473337,0.367827473337,0.735654946674,-2.49800180541e-16,-2.87964097012e-16,0.08,65554.0700822
2012-01-25,65461.0739848,-0.000693977824029,-0.00141861668117,46.1817887285,1.32123769673,0.000704483927094,2.01549300459e-05,23090.8943642,0.352241963547,0.340254350046,0.340254350046,0.680508700092,-4.16333634234e-16,-4.7878367937e-16,0.08,65461.0739848
2012-01-26,65322.5442696,-0.00147895864326,-0.00211621513027,40.4950329375,1.22046110586,0.000618612413034,1.86440739751e-05,20247.5164688,0.309306206517,0.360079373439,0.360079373439,0.720158746877,1.38777878078e-16,1.56125112838e-16,0.08,65322.5442696
2012-01-27,65338.1931593,0.000963935998425,0.000239563382615,46.0290238633,1.28883840066,0.000704642239183,1.97303766268e-05,23014.5119316,0.352321119591,0.311960753543,0.311960753543,0.623921507086,8.32667268469e-17,1.38777878078e-16,0.08,65338.1931593
2012-01-30,65160.7662998,-0.00177533897449,-0.00271551524275,58.078796377,3.35062224216,0.000888895048497,5.12812197605e-05,29039.3981885,0.444447524248,0.210071287155,0.210071287155,0.42014257431,-1.38777878078e-17,1.04083408559e-17,0.08,65160.7662998
2012-01-31,65041.3757884,-0.00127910609764,-0.00183224535516,35.2929282436,0.750049646499,0.000541628502054,1.15107554605e-05,17646.4641218,0.270814251027,0.265745308029,0.265745308029,0.531490616058,0,1.94289029309e-16,0.08,65041.3757884
2012-02-01,65058.6946966,0.00098452066315,0.000266275243736,45.7685776054,0.947092627042,0.000703684032673,1.45613867413e-05,22884.2888027,0.351842016336,0.18643456849,0.18643456849,0.372869136981,-6.41847686111e-17,-2.08166817117e-17,0.08,65058.6946966
2012-02-02,65004.2867759,8.42094860565e-05,-0.00083628976834,59.2218668275,0.66461313273,0.000910283661602,1.0215592794e-05,29610.9334137,0.455141830801,0.300749958319,0.300749958319,0.601499916638,-1.38777878078e-17,-1.38777878078e-17,0.08,65004.2867759
2012-02-03,65119.0951771,0.00261412600542,0.00176616661663,54.0497604045,1.07123487882,0.000831479939021,1.64794497709e-05,27024.8802023,0.415739969511,0.32962564956,0.32962564956,0.65925129912,9.71445146547e-17,1.38777878078e-16,0.08,65119.0951771
2012-02-06,65146.1931192,0.00126314842792,0.000416128970846,51.628659977,3.52848066518,0.000792834418792,5.41850382839e-05,25814.3299885,0.396417209396,0.305747770773,0.305747770773,0.611495541546,5.6898930012e-16,5.13478148889e-16,0.08,65146.1931192
2012-02-07,65219.1727922,0.00186515714923,0.00112024463066,47.4368009113,1.09141388058,0.000728159216065,1.67533025081e-05,23718.4004557,0.364079608033,0.32694365813,0.32694365813,0.65388731626,2.77555756156e-16,3.33066907388e-16,0.08,65219.1727922
2012-02-08,65021.3841699,-0.00211839272034,-0.00303267603526,58.4604182129,1.16838328399,0.000896368593927,1.79147209934e-05,29230.2091064,0.448184296964,0.352731993632,0.352731993632,0.705463987265,7.21644966006e-16,7.59808882478e-16,0.08,65021.3841699
2012-02-09,65037.8825796,0.00115053071293,0.00025373821086,57.0539707583,1.25671903929,0.000877464721594,1.9327780473e-05,28526.9853791,0.438732360797,0.422502135887,0.422502135887,0.845004271774,1.66533453694e-16,2.70616862252e-16,0.08,65037.8825796
2012-02-10,64932.6309747,-0.000299387414562,-0.00161831229214,84.2744021794,1.50567913991,0.00129577407561,2.31508019664e-05,42137.2010897,0.647887037807,0.238425302358,0.238425302358,0.476850604717,2.35922392733e-16,2.22044604925e-16,0.08,64932.6309747
2012-02-13,64761.6723937,-0.00214049260961,-0.00263286083575,29.4258467141,2.54491761749,0.000453175025752,3.91932003877e-05,14712.9233571,0.226587512876,0.222551764143,0.222551764143,0.445103528285,-5.55111512313e-17,4.85722573274e-17,0.08,64761.6723937
2012-02-14,64601.5136026,-0.0021412166291,-0.00247304902923,20.7002773819,0.789743804933,0.000319637782917,1.21946172133e-05,10350.138691,0.159818891458,0.238634408034,0.238634408034,0.477268816068,9.02056207508e-17,1.87350135405e-16,0.08,64601.5136026
2012-02-15,64677.2044583,0.00143493331846,0.00117165762037,16.1632883741,0.844720216804,0.000250199840109,1.30758579745e-05,8081.64418707,0.125099920054,0.225640887034,0.225640887034,0.451281774067,0,9.02056207508e-17,0.08,64677.2044583
2012-02-16,64639.6561987,-0.00015122021544,-0.000580548586955,26.9680973966,0.799661467662,0.000416964487294,1.2363884221e-05,13484.0486983,0.208482243647,0.186734807456,0.186734807456,0.373469614911,0,9.02056207508e-17,0.08,64639.6561987
2012-02-17,64591.5191142,-0.000116942411644,-0.000744698955318,39.9165713375,0.661395822151,0.000617524499431,1.02320442441e-05,19958.2856687,0.308762249715,0.266831350875,0.266831350875,0.53366270175,-1.38777878078e-17,2.77555756156e-17,0.08,64591.5191142
2012-02-21,64455.9178791,-0.00142189478454,-0.00209936593913,39.9813475134,3.77754351788,0.000618987570839,5.84835837534e-05,19990.6737567,0.30949378542,0.21624619027,0.21624619027,0.43249238054,1.52655665886e-16,1.2490009027e-16,0.08,64455.9178791
2012-02-22,64418.6277322,0.000220066134667,-0.000578537209887,50.7109665708,0.763745023655,0.000786754238238,1.18491063162e-05,25355.4832854,0.393377119119,0.234536847875,0.234536847875,0.469073695749,1.38777878078e-17,5.55111512313e-17,0.08,64418.6277322
2012-02-23,64345.0230566,-0.000591716938383,-0.00114259924718,34.6592170655,0.827865309189,0.000538030974668,1.28513341301e-05,17329.6085328,0.269015487334,0.144932054468,0.144932054468,0.289864108937,9.71445146547e-17,1.02348685083e-16,0.08,64345.0230566
2012-02-24,64279.5071569,-0.000720767017455,-0.00101819684946,18.6271345278,0.510994870488,0.000289488349572,7.94148243663e-06,9313.56726392,0.144744174786,0.158921765637,0.158921765637,0.317843531275,1.11022302463e-16,1.07552855511e-16,0.08,64279.5071569
2012-02-27,64241.8315057,-0.00019123711675,-0.000586122278395,23.703777639,1.67924593507,0.000368761035787,2.61241258582e-05,11851.8888195,0.184380517894,0.17535433209,0.17535433209,0.350708664179,5.55111512313e-17,6.93889390391e-17,0.08,64241.8315057
2012-02-28,64211.1768061,-0.000217568171049,-0.000477176613406,16.0604569644,0.617264846898,0.000249999985804,9.60845655285e-06,8030.22848221,0.124999992902,0.154473380361,0.154473380361,0.308946760722,6.93889390391e-17,1.07552855511e-16,0.08,64211.1768061
2012-02-29,64140.3879635,-0.000571726535987,-0.00110243801957,33.5341065748,0.54350233086,0.000522247188773,8.46429481431e-06,16767.0532874,0.261123594386,0.176202942804,0.176202942804,0.352405885609,1.38777878078e-16,1.2490009027e-16,0.08,64140.3879635
2012-03-01,64046.9888888,-0.000879893319372,-0.00145616634997,36.3431031468,0.619272608865,0.000566618074831,9.65495577011e-06,18171.5515734,0.283309037416,0.194250050709,0.194250050709,0.388500101417,3.33066907388e-16,3.88578058619e-16,0.08,64046.9888888
2012-03-02,63976.0316847,-0.000206087846375,-0.0011078928983,57.076192341,0.681705799419,0.000891161213527,1.0643838395e-05,28538.0961705,0.445580606764,0.354287464518,0.354287464518,0.708574929036,0,1.04083408559e-16,0.08,63976.0316847
2012-03-05,64090.3468242,0.00268445454305,0.00178684323574,53.6997070716,3.72590236529,0.000839372272045,5.82390352632e-05,26849.8535358,0.419686136022,0.302906829868,0.302906829868,0.605813659736,1.2490009027e-16,1.38777878078e-16,0.08,64090.3468242
2012-03-06,63971.9473153,-0.00101547018212,-0.0018473844299,52.2539245163,1.06374815242,0.000815316613275,1.65976345133e-05,26126.9622582,0.407658306638,0.29891075242,0.29891075242,0.59782150484,4.99600361081e-16,4.16333634234e-16,0.08,63971.9473153
2012-03-07,63792.4887984,-0.00179580711414,-0.00280526894227,63.5294633844,1.04777550169,0.000993083156766,1.63786713655e-05,31764.7316922,0.496541578383,0.293749876748,0.293749876748,0.587499753495,4.16333634234e-17,1.73472347598e-17,0.08,63792.4887984
2012-03-08,63857.7427217,0.00212788122848,0.00102290919443,69.4621196266,1.02679647791,0.00108887615039,1.60958836574e-05,34731.0598133,0.544438075195,0.466455371486,0.466455371486,0.932910742972,5.55111512313e-17,-1.11022302463e-16,0.08,63857.7427217
2012-03-09,63611.9852323,-0.00219110828666,-0.0038485151352,104.206107401,1.632152718,0.0016318476501,2.55591984376e-05,52103.0537006,0.81592382505,0.338197917145,0.338197917145,0.67639583429,2.98372437868e-16,2.77555756156e-16,0.08,63611.9852323
2012-03-12,63666.1751184,0.00139676078753,0.000851881699654,31.1243844514,3.53645604017,0.000489284909718,5.55941781608e-05,15562.1922257,0.244642454859,0.243109880834,0.243109880834,0.486219761668,1.52655665886e-16,1.45716771982e-16,0.08,63666.1751184
2012-03-13,63511.7132742,-0.00189134800502,-0.00242612099602,33.1988480858,0.84810280801,0.000521451901643,1.33210893608e-05,16599.4240429,0.260725950822,0.246122821932,0.246122821932,0.492245643863,3.0184188482e-16,3.0184188482e-16,0.08,63511.7132742
2012-03-14,63305.3104941,-0.00272846754808,-0.00324983801385,32.2566010056,0.85653052585,0.000507884283744,1.34861820237e-05,16128.3005028,0.253942141872,0.233211027481,0.233211027481,0.466422054962,-2.77555756156e-17,-1.38777878078e-17,0.08,63305.3104941
2012-03-15,63264.5185761,-0.000168719779718,-0.000644368026166,29.3021012147,0.808958712621,0.00046286956001,1.27786864373e-05,14651.0506074,0.231434780005,0.270519335062,0.270519335062,0.541038670124,4.30211422042e-16,4.4408920985e-16,0.08,63264.5185761
2012-03-16,63224.3609087,0.0002941677698,-0.000634758128358,57.8302812195,0.937768520451,0.000914102920895,1.48229772637e-05,28915.1406097,0.457051460447,0.419315427319,0.419315427319,0.838630854637,3.05311331772e-16,3.33066907388e-16,0.08,63224.3609087
2012-03-19,63194.4125968,0.000470464321985,-0.000473683110573,55.3351536581,4.357964369,0.000875218869164,6.89285633948e-05,27667.5768291,0.437609434582,0.339468202528,0.339468202528,0.678936405057,1.11022302463e-16,2.08166817117e-16,0.08,63194.4125968
2012-03-20,62804.2546811,-0.00530016309347,-0.0061739305679,54.041743188,1.17547910433,0.000855166477024,1.86009973988e-05,27020.871594,0.427583238512,0.238512948354,0.238512948354,0.477025896709,1.52655665886e-16,2.63677968348e-16,0.08,62804.2546811
2012-03-21,62683.123125,-0.00127353258883,-0.00192871576581,40.3274895783,0.820801531682,0.000642113974333,1.30692026496e-05,20163.7447892,0.321056987166,0.277232979186,0.277232979186,0.554465958373,-7.6327832943e-17,1.38777878078e-17,0.08,62683.123125
2012-03-22,62540.3525039,-0.00150248807489,-0.00227765647192,47.6377662667,0.952209806501,0.000759977548848,1.51908481746e-05,23818.8831333,0.379988774424,0.346053494915,0.346053494915,0.692106989831,-8.32667268469e-17,7.97972798949e-17,0.08,62540.3525039
2012-03-23,62512.2723887,0.000154342022424,-0.000448991955866,36.5468398137,1.18587986615,0.000584372142953,1.89618353378e-05,18273.4199069,0.292186071476,0.337433797194,0.337433797194,0.674867594388,-6.93889390391e-17,-2.94902990916e-17,0.08,62512.2723887
2012-03-26,62550.3503175,0.0011492945499,0.000609127253993,30.2996188179,3.46746631945,0.000484698726507,5.54685694017e-05,15149.8094089,0.242349363253,0.335008567577,0.335008567577,0.670017135153,-5.55111512313e-17,-6.93889390391e-18,0.08,62550.3503175
2012-03-27,62461.2670887,-0.000756514732579,-0.00142418433185,40.6147534534,1.14821387733,0.000649312965431,1.83566338398e-05,20307.3767267,0.324656482715,0.348269903756,0.348269903756,0.696539807511,5.55111512313e-16,4.85722573274e-16,0.08,62461.2670887
2012-03-28,62310.7253672,-0.00175013418838,-0.00241016118461,40.0341564986,1.19196599876,0.000640943713834,1.90832823976e-05,20017.0782493,0.320471856917,0.306373207255,0.306373207255,0.612746414511,4.4408920985e-16,3.81639164715e-16,0.08,62310.7253672
2012-03-29,62324.2729542,0.000963890369274,0.000217419824314,45.4670752709,1.0460458508,0.00072968297196,1.67875730003e-05,22733.5376354,0.36484148598,0.354616861052,0.354616861052,0.709233722105,4.4408920985e-16,4.30211422042e-16,0.08,62324.2729542
2012-03-30,62267.6053401,0.000230997873965,-0.000909238269118,69.8533618716,1.21102674205,0.0011208050822,1.94310608796e-05,34926.6809358,0.560402541102,0.30560383048,0.30560383048,0.611207660959,2.49800180541e-16,2.15105711021e-16,0.08,62267.6053401
2012-04-02,62274.1226592,0.000485076016413,0.00010466628878,20.5591120415,3.12809074631,0.000330173481527,5.02362461062e-05,10279.5560207,0.165086740764,0.28247196895,0.28247196895,0.564943937901,6.66133814775e-16,6.45317133063e-16,0.08,62274.1226592
2012-04-03,62180.4392194,-0.000984945231674,-0.0015043718942,31.3829660488,0.963873646149,0.000503948746424,1.54779161069e-05,15691.4830244,0.251974373212,0.283294192199,0.283294192199,0.566588384399,4.4408920985e-16,3.88578058619e-16,0.08,62180.4392194
2012-04-04,62131.345488,-0.000163630232671,-0.000789536581469,37.953906621,0.965225057494,0.000610383379362,1.55229694356e-05,18976.9533105,0.305191689681,0.250976814971,0.250976814971,0.501953629943,1.94289029309e-16,1.94289029309e-16,0.08,62131.345488
2012-04-05,62051.407385,-0.000616777152214,-0.0012865986142,40.7624688233,0.8544398466,0.000656069307741,1.3752154245e-05,20381.2344116,0.32803465387,0.208404834346,0.208404834346,0.416809668692,-5.55111512313e-17,-1.04083408559e-16,0.08,62051.407385
2012-04-09,62008.722595,0.000232191097049,-0.000687893985574,54.2582042574,2.83437003332,0.000874407310712,4.56777719115e-05,27129.1021287,0.437203655356,0.273664781029,0.273664781029,0.547329562058,1.52655665886e-16,2.06432093641e-16,0.08,62008.722595
2012-04-10,61938.5315318,-0.000634575098495,-0.00113195467174,29.9120306948,0.929841287171,0.000482384242781,1.49953304674e-05,14956.0153474,0.24119212139,0.280224141819,0.280224141819,0.560448283637,-4.85722573274e-17,3.81639164715e-17,0.08,61938.5315318
2012-04-11,61748.9758496,-0.00244865232413,-0.00306038385957,36.9387024846,0.951050512,0.00059637678794,1.53547474969e-05,18469.3512423,0.29818839397,0.358938977789,0.358938977789,0.717877955578,-7.21644966006e-16,-6.66133814775e-16,0.08,61748.9758496
2012-04-12,61762.6864174,0.000975206460956,0.000222037169403,45.29296038,1.21447201485,0.00073350140236,1.96678891939e-05,22646.48019,0.36675070118,0.246916718051,0.246916718051,0.493833436102,-2.49800180541e-16,-2.09901540593e-16,0.08,61762.6864174
2012-04-13,61625.6324463,-0.00176682015468,-0.00221904161033,27.0947823768,0.835629579628,0.000438691772468,1.35296831809e-05,13547.3911884,0.219345886234,0.217635298039,0.217635298039,0.435270596078,-2.98372437868e-16,-1.87350135405e-16,0.08,61625.6324463
2012-04-16,61867.4265753,0.00425654093567,0.00392359671514,18.3132001509,2.20469800837,0.000297168555096,3.5775665431e-05,9156.60007547,0.148584277548,0.176777441481,0.176777441481,0.353554882962,-5.55111512313e-17,-4.16333634234e-17,0.08,61867.4265753
2012-04-17,61991.657824,0.00278388605553,0.00200802353655,47.4013426101,0.599274815398,0.000766176083829,9.68643514965e-06,23700.671305,0.383088041915,0.258229585375,0.258229585375,0.516459170749,-2.77555756156e-17,-1.11022302463e-16,0.08,61991.657824
2012-04-18,61764.2230191,-0.00287852641448,-0.00366879694589,48.113025298,0.877155073786,0.000776120965091,1.41495663219e-05,24056.512649,0.388060482546,0.312769203176,0.312769203176,0.625538406352,4.57966997658e-16,3.46944695195e-16,0.08,61764.2230191
2012-04-19,61568.3262959,-0.00233612803438,-0.00317168602922,50.5490727048,1.05851763389,0.000818419956309,1.71380385302e-05,25274.5363524,0.409209978154,0.411717984967,0.411717984967,0.823435969935,2.22044604925e-16,1.38777878078e-16,0.08,61568.3262959
2012-04-20,61397.9323094,-0.00198797185859,-0.00276755917759,46.6089117889,1.38897464331,0.00075702742941,2.25598895872e-05,23304.4558944,0.378513714705,0.459675345321,0.459675345321,0.919350690642,4.85722573274e-16,3.60822483003e-16,0.08,61397.9323094
2012-04-23,61486.8613418,0.0024130450556,0.00144840435335,54.5875282545,4.63941628542,0.000889077631791,7.55630704637e-05,27293.7641273,0.444538815896,0.414823014064,0.414823014064,0.829646028128,7.07767178199e-16,3.74700270811e-16,0.08,61486.8613418
2012-04-24,61283.5964765,-0.00230785498665,-0.00330582600714,59.9645076696,1.39759809026,0.000975240992319,2.27300281679e-05,29982.2538348,0.48762049616,0.380873475977,0.380873475977,0.761746951954,-7.6327832943e-17,-9.71445146547e-17,0.08,61283.5964765
2012-04-25,61175.4905463,-0.000964175838651,-0.00176402718513,47.7387920129,1.27897514577,0.000778981566971,2.08697795056e-05,23869.3960065,0.389490783486,0.345648036992,0.345648036992,0.691296073985,-3.33066907388e-16,-3.1918911958e-16,0.08,61175.4905463
2012-04-26,61348.8623049,0.0036382631039,0.00283400683886,48.0421310889,1.15864045038,0.000785316646583,1.89396184653e-05,24021.0655445,0.392658323291,0.246634695612,0.246634695612,0.493269391223,-3.46944695195e-18,2.77555756156e-17,0.08,61348.8623049
2012-04-27,61319.9828237,0.000164545106382,-0.000470741919736,38.1450536604,0.829082629079,0.000621772796222,1.35142298965e-05,19072.5268302,0.310886398111,0.271902445378,0.271902445378,0.543804890756,3.40005801291e-16,3.88578058619e-16,0.08,61319.9828237
2012-04-30,61188.2406694,-0.00133253065288,-0.00214843755995,47.2906216457,2.74077588169,0.00077121061468,4.46962923909e-05,23645.3108228,0.38560530734,0.296653848648,0.296653848648,0.593307697296,6.24500451352e-17,9.02056207508e-17,0.08,61188.2406694
2012-05-01,61253.6547685,0.0016383815477,0.00106906324456,33.8409701675,0.994615182826,0.00055306329774,1.62550054054e-05,16920.4850838,0.27653164887,0.304986111896,0.304986111896,0.609972223792,5.55111512313e-17,5.55111512313e-17,0.08,61253.6547685
2012-05-02,61115.3474383,-0.00158712346284,-0.00225794412949,40.0665729232,1.02364460314,0.000654109098871,1.67115677751e-05,20033.2864616,0.327054549435,0.332417353179,0.332417353179,0.664834706359,6.80011602583e-16,6.66133814775e-16,0.08,61115.3474383
2012-05-03,60919.5789878,-0.00242476345454,-0.00320326168117,46.4649949684,1.113194632,0.000760283577137,1.82146494893e-05,23232.4974842,0.380141788569,0.387148779036,0.387148779036,0.774297558072,1.11022302463e-16,-1.38777878078e-17,0.08,60919.5789878
2012-05-04,60759.2542665,-0.00176635318864,-0.00263174374994,51.4269031411,1.29232551367,0.000844176929578,2.1213631728e-05,25713.4515705,0.422088464789,0.299936195683,0.299936195683,0.599872391367,1.38777878078e-16,1.66533453694e-16,0.08,60759.2542665
2012-05-07,60806.8308982,0.0013788910592,0.000783035148869,33.2080512424,2.99570951955,0.000546551330219,4.93045801123e-05,16604.0256212,0.273275665109,0.239888319769,0.239888319769,0.479776639539,-1.94289029309e-16,-1.66533453694e-16,0.08,60806.8308982
2012-05-08,60796.3143453,0.000628609589863,-0.000172950189879,47.9410306119,0.799279369571,0.000788415214274,1.31445654668e-05,23970.515306,0.394207607137,0.260706371598,0.260706371598,0.521412743196,-4.16333634234e-16,-3.74700270811e-16,0.08,60796.3143453
2012-05-09,60799.9804062,0.000853990051913,6.03007097493e-05,47.3848943267,0.868492412026,0.000779404061529,1.42852806355e-05,23692.4471633,0.389702030764,0.412397662599,0.412397662599,0.824795325199,-2.77555756156e-16,-2.49800180541e-16,0.08,60799.9804062
2012-05-10,60674.0113566,-0.00113128990739,-0.0020718600352,55.8127401461,1.37390519483,0.000917972995604,2.25971321972e-05,27906.3700731,0.458986497802,0.38367343326,0.38367343326,0.767346866519,-1.38777878078e-16,-1.66533453694e-16,0.08,60674.0113566
2012-05-11,60619.5566583,-0.000107652962696,-0.000897496261022,46.6473992664,1.27556198613,0.000768820096503,2.10232018224e-05,23323.6996332,0.384410048252,0.313650037725,0.313650037725,0.62730007545,-6.93889390391e-17,1.21430643318e-17,0.08,60619.5566583
2012-05-14,60576.0389018,7.63855156904e-06,-0.000717883120053,40.8553237949,3.12547828483,0.000673962761312,5.15589103109e-05,20427.6618975,0.336981380656,0.335306803044,0.335306803044,0.670613606087,-2.49800180541e-16,-2.77555756156e-16,0.08,60576.0389018
2012-05-15,60594.7309309,0.00082499778046,0.000308571333277,30.1701064753,1.11296207919,0.000498053471673,1.83729755092e-05,15085.0532376,0.249026735837,0.264746739593,0.264746739593,0.529493479187,3.81639164715e-16,3.46944695195e-16,0.08,60594.7309309
2012-05-16,60487.6292939,-0.000877306892972,-0.00176750742808,53.062434094,0.879027805506,0.000875693864447,1.45066706626e-05,26531.217047,0.437846932223,0.374762349497,0.374762349497,0.749524698994,2.15105711021e-16,1.38777878078e-16,0.08,60487.6292939
2012-05-17,60159.5088239,-0.00450140149601,-0.0054245880317,54.599256114,1.24210882574,0.000902651612426,2.05349232601e-05,27299.628057,0.451325806213,0.217508913424,0.217508913424,0.435017826849,2.35922392733e-16,2.08166817117e-16,0.08,60159.5088239
2012-05-18,60122.0669572,9.6847707138e-05,-0.000622376535946,42.5511783272,0.716998871037,0.000707305946458,1.1918296626e-05,21275.5891636,0.353652973229,0.286108354711,0.286108354711,0.572216709423,1.66533453694e-16,2.63677968348e-16,0.08,60122.0669572
2012-05-21,60147.5150311,0.00125034419334,0.000423273435887,46.8975718426,2.82763161518,0.000780039247087,4.70315103635e-05,23448.7859213,0.390019623543,0.298841686557,0.298841686557,0.597683373114,-2.8449465006e-16,-3.67761376907e-16,0.08,60147.5150311
2012-05-22,59992.2248013,-0.00178074793524,-0.00258182286847,47.1977578293,0.984908758034,0.000784700046293,1.63748869346e-05,23598.8789147,0.392350023147,0.252378271598,0.252378271598,0.504756543195,-2.08166817117e-17,-1.38777878078e-17,0.08,59992.2248013
2012-05-23,59859.054142,-0.00177914886007,-0.00221979864391,25.6059316308,0.829629260529,0.00042682083746,1.38289463889e-05,12802.9658154,0.21341041873,0.201718854356,0.201718854356,0.403437708712,-5.55111512313e-17,-4.85722573274e-17,0.08,59859.054142
2012-05-24,59865.3842575,0.000624408865087,0.000105750342768,30.3847811811,0.661627387636,0.000507605434408,1.10530879099e-05,15192.3905905,0.253802717204,0.207406392655,0.207406392655,0.41481278531,-1.38777878078e-17,4.51028103754e-17,0.08,59865.3842575
2012-05-25,59747.3445728,-0.000987498914135,-0.00197175189284,58.2423286181,0.680354158562,0.000972888244859,1.13647338441e-05,29121.1643091,0.486444122429,0.371896313354,0.371896313354,0.743792626709,1.2490009027e-16,2.35922392733e-16,0.08,59747.3445728
2012-05-29,59591.64858,-0.0018603836411,-0.00260590648753,39.6729134765,4.87009691602,0.000664011325694,8.15115207352e-05,19836.4567382,0.332005662847,0.324051858176,0.324051858176,0.648103716352,2.22044604925e-16,2.49800180541e-16,0.08,59591.64858
2012-05-30,59469.0502007,-0.00112883185863,-0.00205730806619,54.2713027003,1.05812517557,0.00091071994136,1.77562662014e-05,27135.6513502,0.45535997068,0.406301230943,0.406301230943,0.812602461887,1.2490009027e-16,9.71445146547e-17,0.08,59469.0502007
2012-05-31,59262.9712694,-0.00266689568871,-0.00346531398486,46.1572134449,1.32396429039,0.000776155215008,2.22630811476e-05,23078.6067224,0.388077607504,0.453365323926,0.453365323926,0.906730647853,1.94289029309e-16,1.66533453694e-16,0.08,59262.9712694
2012-06-01,59375.1834506,0.00283767002561,0.00189346195107,54.4843690804,1.47220691323,0.000919366138981,2.48419355576e-05,27242.1845402,0.45968306949,0.256468409221,0.256468409221,0.512936818442,1.51788304148e-16,1.87350135405e-16,0.08,59375.1834506
2012-06-04,59264.0745202,-0.00117404155273,-0.001871302519,38.8967881117,2.50320967344,0.000655101775713,4.21591905569e-05,19448.3940559,0.327550887856,0.31699553631,0.31699553631,0.63399107262,-1.80411241502e-16,-1.80411241502e-16,0.08,59264.0745202
2012-06-05,59178.7031266,-0.000876163975128,-0.00144052521298,32.4169520956,1.0293943609,0.000546991619426,1.73696184279e-05,16208.4760478,0.273495809713,0.30184784994,0.30184784994,0.603695699879,-1.66533453694e-16,-1.2490009027e-16,0.08,59178.7031266
2012-06-06,59201.4274572,0.00114615745157,0.000383995075519,44.1249884221,0.978792564438,0.000745622767834,1.65396082159e-05,22062.494211,0.372811383917,0.35137088504,0.35137088504,0.70274177008,-9.85322934355e-16,-9.85322934355e-16,0.08,59201.4274572
2012-06-07,59218.8658703,0.00138279671562,0.000294560685908,63.2853094947,1.13981687459,0.00106898283053,1.92531991803e-05,31642.6547474,0.534491415266,0.372500935389,0.372500935389,0.745001870779,-1.66533453694e-16,-2.22044604925e-16,0.08,59218.8658703
2012-06-08,59221.306991,0.00107817492094,4.12220107719e-05,60.198458428,1.20871687284,0.00101654190001,2.04110101583e-05,30099.229214,0.508270950003,0.466634454554,0.466634454554,0.933268909109,3.05311331772e-16,2.35922392733e-16,0.08,59221.306991
2012-06-11,59065.9700941,-0.00137034220338,-0.00262299001432,69.6407497766,4.5426907867,0.00117594077731,7.67070336254e-05,34820.3748883,0.587970388657,0.1942814789,0.1942814789,0.3885629578,4.71844785466e-16,4.99600361081e-16,0.08,59065.9700941
2012-06-12,58959.66014,-0.000929332576388,-0.00179985114818,50.7892335705,0.6287903574,0.000859873011304,1.06455604877e-05,25394.6167852,0.429936505652,0.318620933928,0.318620933928,0.637241867856,1.38777878078e-17,-9.71445146547e-17,0.08,58959.66014
2012-06-13,58930.301075,0.000368477264086,-0.00049795173561,50.0550014409,1.0293579166,0.000848970318384,1.74586813111e-05,25027.5007205,0.424485159192,0.35684656108,0.35684656108,0.713693122161,5.27355936697e-16,3.81639164715e-16,0.08,58930.301075
2012-06-14,58754.8661494,-0.0015161907828,-0.00297699014508,84.9330681315,1.15227809765,0.00144124612605,1.95532362236e-05,42466.5340658,0.720623063027,0.339366396747,0.339366396747,0.678732793493,4.99600361081e-16,4.16333634234e-16,0.08,58754.8661494
2012-06-15,58845.2759384,0.00227390593633,0.00153876257249,42.100678589,1.09257135433,0.000716547944845,1.85954189998e-05,21050.3392945,0.358273972422,0.284239177583,0.284239177583,0.568478355166,3.88578058619e-16,4.85722573274e-16,0.08,58845.2759384
2012-06-18,58863.76189,0.00141866741535,0.000314145040626,62.2464226325,2.74950128833,0.00105779812636,4.67242483698e-05,31123.2113163,0.528899063178,0.260327985679,0.260327985679,0.520655971359,3.05311331772e-16,3.26128013484e-16,0.08,58863.76189
2012-06-19,58840.3903631,0.000123416875851,-0.000397044398081,29.7966435942,0.839664907525,0.000506196726772,1.42645471605e-05,14898.3217971,0.253098363386,0.18065677453,0.18065677453,0.361313549059,-2.77555756156e-16,-3.40005801291e-16,0.08,58840.3903631
2012-06-20,58823.7232056,0.000157742923686,-0.000283260484517,25.3663515868,0.582461103291,0.000431104406859,9.89900134409e-06,12683.1757934,0.215552203429,0.185320539687,0.185320539687,0.370641079374,9.71445146547e-17,1.21430643318e-17,0.08,58823.7232056
2012-06-21,58723.8217542,-0.000632598449098,-0.00169831907839,62.0923268662,0.597328445527,0.00105556607917,1.01545501198e-05,31046.1634331,0.527783039584,0.354704044931,0.354704044931,0.709408089861,1.87350135405e-16,1.38777878078e-16,0.08,58723.8217542
2012-06-22,58581.1737362,-0.00112611204854,-0.00242913376161,75.3770681288,1.14134669096,0.00128358587498,1.94358380784e-05,37688.5340644,0.641792937492,0.486164820153,0.486164820153,0.972329640305,-1.66533453694e-16,-1.87350135405e-16,0.08,58581.1737362
2012-06-25,58625.1425114,0.00175572475393,0.000750561527922,54.2019803494,4.68166122638,0.000925245721321,7.99175046826e-05,27100.9901747,0.46262286066,0.343343919063,0.343343919063,0.686687838126,0,3.46944695195e-17,0.08,58625.1425114
2012-06-26,58570.2780456,-0.000353817979387,-0.000935852152815,33.0189001344,1.10293622934,0.000563220808,1.88133654281e-05,16509.4500672,0.281610404,0.302953606542,0.302953606542,0.605907213083,-1.52655665886e-16,-1.17961196366e-16,0.08,58570.2780456
2012-06-27,58576.1369479,0.000706529550896,0.000100032003602,34.5504517889,0.97227819014,0.000589897349675,1.66001976187e-05,17275.2258944,0.294948674838,0.249363013111,0.249363013111,0.498726026222,-1.38777878078e-17,-2.77555756156e-17,0.08,58576.1369479
2012-06-28,58689.0739884,0.00280642356364,0.00192803838545,50.6520421617,0.800368329081,0.000864721451447,1.36637267458e-05,25326.0210809,0.432360725724,0.234798140633,0.234798140633,0.469596281267,2.22044604925e-16,1.94289029309e-16,0.08,58689.0739884
2012-06-29,58648.970745,0.000423423363842,-0.0006833170234,64.1984952976,0.755073175231,0.0010938747357,1.28656515416e-05,32099.2476488,0.54693736785,0.377100083442,0.377100083442,0.754200166884,6.24500451352e-17,7.2858385991e-17,0.08,58648.970745
2012-07-02,58578.0033068,-4.00253589029e-05,-0.00121003723196,64.9843978519,3.6355942622,0.00110802281824,6.19890548124e-05,32492.1989259,0.554011409121,0.475249425629,0.475249425629,0.950498851258,-9.02056207508e-16,-9.71445146547e-16,0.08,58578.0033068
2012-07-03,58129.5927194,-0.00681793523397,-0.00765493123848,47.5041211623,1.52543355759,0.000810954940091,2.6041064418e-05,23752.0605812,0.405477470045,0.326781708455,0.326781708455,0.65356341691,7.07767178199e-16,7.56339435526e-16,0.08,58129.5927194
2012-07-05,58366.4200103,0.00461367031675,0.00407412609997,29.2817663847,2.0817191913,0.000503732522711,3.58116940773e-05,14640.8831924,0.251866261355,0.261475484143,0.261475484143,0.522950968286,6.93889390391e-17,1.1622647289e-16,0.08,58366.4200103
2012-07-06,58401.4894641,0.00121905480776,0.000600849833779,35.2461707292,0.836240434514,0.00060387755019,1.43274237886e-05,17623.0853646,0.301938775095,0.234590284571,0.234590284571,0.469180569142,1.2490009027e-16,1.35308431126e-16,0.08,58401.4894641
2012-07-09,58363.258162,-0.000165401359567,-0.000654628887122,26.3194921263,2.25212416976,0.00045066474105,3.85627865048e-05,13159.7460631,0.225332370525,0.183477021256,0.183477021256,0.366954042512,5.55111512313e-17,6.24500451352e-17,0.08,58363.258162
2012-07-10,58308.6632066,5.5732320631e-05,-0.000935433647347,57.2609181879,0.586757082649,0.000981112432567,1.00535354113e-05,28630.4590939,0.490556216283,0.32514134375,0.32514134375,0.6502826875,-1.04083408559e-16,-5.55111512313e-17,0.08,58308.6632066
2012-07-11,58349.0876901,0.0015721498695,0.000693284348563,50.2066486172,1.03882504697,0.000861049556897,1.78159640411e-05,25103.3243086,0.430524778448,0.324432893876,0.324432893876,0.648865787751,-3.05311331772e-16,-2.56739074445e-16,0.08,58349.0876901
2012-07-12,58183.3269501,-0.00202384107128,-0.00284084544582,46.6341797086,1.03728018489,0.000799227229674,1.77771448699e-05,23317.0898543,0.399613614837,0.320393331821,0.320393331821,0.640786663642,-6.24500451352e-17,-1.1622647289e-16,0.08,58183.3269501
2012-07-13,58047.4321355,-0.0014822617765,-0.00233563155876,48.6304382572,1.02145479331,0.000835813983255,1.75557990039e-05,24315.2191286,0.417906991628,0.263742413914,0.263742413914,0.527484827828,1.11022302463e-16,1.39645239816e-16,0.08,58047.4321355
2012-07-16,58066.1738443,0.000803705467355,0.000322868869673,25.3946881493,2.51664162295,0.000437481680326,4.33549173557e-05,12697.3440746,0.218740840163,0.256718409536,0.256718409536,0.513436819072,6.93889390391e-17,3.46944695195e-17,0.08,58066.1738443
2012-07-17,58021.0148698,-0.000247778706144,-0.000777715691078,29.9546100363,0.816803057378,0.000515870222767,1.40667621664e-05,14977.3050182,0.257935111384,0.263554425535,0.263554425535,0.527108851069,9.02056207508e-17,9.02056207508e-17,0.08,58021.0148698
2012-07-18,58171.3940489,0.00334710557475,0.00259180539053,42.9853821103,0.837901109202,0.00074085884583,1.44413383855e-05,21492.6910551,0.370429422915,0.313898477121,0.313898477121,0.627796954241,3.88578058619e-16,3.52148865623e-16,0.08,58171.3940489
2012-07-19,58240.641932,0.00192370100238,0.00119041127044,41.6559428247,1.0005431235,0.000716089815378,1.71999165546e-05,20827.9714124,0.358044907689,0.277464389022,0.277464389022,0.554928778044,-4.16333634234e-17,-4.51028103754e-17,0.08,58240.641932
2012-07-20,58213.5319263,0.00064505097592,-0.000465482604581,63.7927253754,0.885463239994,0.00109533005234,1.52035281656e-05,31896.3626877,0.547665026168,0.405497015953,0.405497015953,0.810994031906,3.74700270811e-16,2.91433543964e-16,0.08,58213.5319263
2012-07-23,58318.5801553,0.00273648401203,0.00180453282098,50.371828471,3.88034194261,0.000865294147327,6.66570437183e-05,25185.9142355,0.432647073663,0.365354350659,0.365354350659,0.730708701319,3.33066907388e-16,3.53883589099e-16,0.08,58318.5801553
2012-07-24,58471.4921855,0.00348897913287,0.00262201222733,49.3927750286,1.16750394433,0.000846947489069,2.00194164745e-05,24696.3875143,0.423473744534,0.360623749829,0.360623749829,0.721247499658,0,-2.08166817117e-17,0.08,58471.4921855
2012-07-25,58510.3005633,0.00170158127834,0.000663714510584,59.5302099006,1.15540869973,0.00101810656228,1.97602054701e-05,29765.1049503,0.509053281142,0.241653054969,0.241653054969,0.483306109939,-3.05311331772e-16,-2.91433543964e-16,0.08,58510.3005633
2012-07-26,58402.0019842,-0.000692684453309,-0.00185093185426,66.9946532614,0.774750294702,0.00114500613766,1.3241263286e-05,33497.3266307,0.572503068831,0.404576594304,0.404576594304,0.809153188608,-4.57966997658e-16,-4.85722573274e-16,0.08,58402.0019842
2012-07-27,58177.9999997,-0.00300167233989,-0.00383551893519,47.4036210305,1.29468948292,0.000811678014794,2.21685805098e-05,23701.8105153,0.405839007397,0.431067978557,0.431067978557,0.862135957113,-6.24500451352e-17,-1.17961196366e-16,0.08,58177.9999997
2012-07-30,58163.5510755,0.000730319502506,-0.000248357184117,52.8149307087,4.12252156543,0.000907816196997,7.08604896258e-05,26407.4653543,0.453908098499,0.35133672991,0.35133672991,0.702673459819,5.55111512313e-17,-4.25007251614e-17,0.08,58163.5510755
2012-07-31,58008.7709039,-0.00212034313943,-0.0026611197003,30.3337595384,1.11972557999,0.0005215252332,1.92513276663e-05,15166.8797692,0.2607626166,0.283792602041,0.283792602041,0.567585204083,1.73472347598e-16,1.04083408559e-16,0.08,58008.7709039
2012-08-01,57909.9457586,-0.00111357941007,-0.0017036241884,33.3257197645,0.902052604714,0.000574494498767,1.55502795639e-05,16662.8598823,0.287247249383,0.241198800301,0.241198800301,0.482397600601,4.57966997658e-16,4.19803081186e-16,0.08,57909.9457586
2012-08-02,57971.934307,0.0016213619452,0.00107043008805,31.1390745427,0.765359421504,0.000537715484529,1.32163726192e-05,15569.5372713,0.268857742265,0.166639896352,0.166639896352,0.333279792703,3.74700270811e-16,3.81639164715e-16,0.08,57971.934307
2012-08-03,57922.7208407,-0.00037223519312,-0.000848918824414,27.1049331381,0.529339020505,0.000467552678069,9.13095322474e-06,13552.466569,0.233776339035,0.137147646515,0.137147646515,0.274295293031,-2.08166817117e-17,-1.38777878078e-17,0.08,57922.7208407
2012-08-06,57781.2665003,-0.0016449343238,-0.00244212181814,44.8694114582,1.30585723448,0.000774642675741,2.25448186053e-05,22434.7057291,0.38732133787,0.300838072543,0.300838072543,0.601676145086,9.71445146547e-17,2.35922392733e-16,0.08,57781.2665003
2012-08-07,58133.0975083,0.00666674720567,0.00608901516507,32.4296065464,0.952482457153,0.000561247762651,1.64842779476e-05,16214.8032732,0.280623881326,0.246156661784,0.246156661784,0.492313323568,-1.52655665886e-16,-9.02056207508e-17,0.08,58133.0975083
2012-08-08,58070.3427449,0.000306236671942,-0.00107950145591,79.7731483801,0.784101327223,0.00137225009159,1.34880362621e-05,39886.57419,0.686125045794,0.276708103554,0.276708103554,0.553416207108,2.22044604925e-16,2.8449465006e-16,0.08,58070.3427449
2012-08-09,58048.0869403,0.000248858927928,-0.000383255953051,35.8266601535,0.880467639105,0.000616952793113,1.5162087866e-05,17913.3300767,0.308476396556,0.284695433866,0.284695433866,0.569390867731,2.77555756156e-17,6.93889390391e-18,0.08,58048.0869403
2012-08-10,58025.4881784,0.000420961411617,-0.000389311054874,46.1292309475,0.905535632687,0.00079467271669,1.55997498009e-05,23064.6154738,0.397336358345,0.257793350754,0.257793350754,0.515586701507,-2.77555756156e-16,-4.09394740331e-16,0.08,58025.4881784
2012-08-13,57966.8775724,-0.000125851250898,-0.0010100838059,48.8490801832,2.45894548383,0.000841855565833,4.2376989165e-05,24424.5400916,0.420927782917,0.36588522568,0.36588522568,0.73177045136,-1.66533453694e-16,-1.73472347598e-16,0.08,57966.8775724
2012-08-14,57905.088071,-0.000374610178342,-0.00106594496795,38.9123698458,1.1621492648,0.000671286284089,2.00485055167e-05,19456.1849229,0.335643142044,0.345707474021,0.345707474021,0.691414948042,-2.22044604925e-16,-2.77555756156e-16,0.08,57905.088071
2012-08-15,57675.3953058,-0.00275760458142,-0.00396671126541,68.9165401614,1.09688886192,0.0011901638087,1.89428752888e-05,34458.2700807,0.595081904348,0.277818197034,0.277818197034,0.555636394068,1.11022302463e-16,1.38777878078e-16,0.08,57675.3953058
2012-08-16,57610.0603797,-0.000237752171894,-0.00113280413262,50.7444880191,0.877987634909,0.000879829045818,1.5222914906e-05,25372.2440096,0.439914522909,0.301534442467,0.301534442467,0.603068884934,2.35922392733e-16,2.63677968348e-16,0.08,57610.0603797
2012-08-17,57461.161255,-0.0017035827915,-0.00258460282243,49.8037586878,0.951858489702,0.000864497595726,1.65224352037e-05,24901.8793439,0.432248797863,0.288594199662,0.288594199662,0.577188399324,6.24500451352e-17,9.71445146547e-17,0.08,57461.161255
2012-08-20,57524.9883537,0.00164039261348,0.00111078678722,27.705800111,2.72596567299,0.000482165683844,4.74401424102e-05,13852.9000555,0.241082841922,0.306391600016,0.306391600016,0.612783200032,-2.08166817117e-16,-9.71445146547e-17,0.08,57524.9883537
2012-08-21,57463.2813863,-0.00054744766036,-0.00107269847685,29.2492841849,0.965762916307,0.000508462235664,1.67885808228e-05,14624.6420924,0.254231117832,0.282016727895,0.282016727895,0.564033455791,1.45716771982e-16,2.49800180541e-16,0.08,57463.2813863
2012-08-22,57332.1991152,-0.00147713169066,-0.00228114837741,45.3134586665,0.887978443326,0.000788563715355,1.54529713915e-05,22656.7293332,0.394281857677,0.381344896172,0.381344896172,0.762689792345,-2.70616862252e-16,-2.15105711021e-16,0.08,57332.1991152
2012-08-23,57299.251655,0.000345667969759,-0.000574676372015,51.567373741,1.19799131611,0.000899448731025,2.08956107492e-05,25783.6868705,0.449724365512,0.225568830424,0.225568830424,0.451137660849,-4.96130914129e-16,-3.46077333457e-16,0.08,57299.251655
2012-08-24,57302.4954971,0.00077535956422,5.66122931045e-05,40.4754656856,0.708215078357,0.000706387335202,1.23599359137e-05,20237.7328428,0.353193667601,0.245577686107,0.245577686107,0.491155372215,-4.85722573274e-16,-3.22875406966e-16,0.08,57302.4954971
2012-08-27,57106.7607204,-0.00284600737542,-0.00341581592472,30.3382111318,2.31324069902,0.000529439614603,4.03689347026e-05,15169.1055659,0.264719807302,0.271117932161,0.271117932161,0.542235864322,-1.38777878078e-17,6.93889390391e-18,0.08,57106.7607204
2012-08-28,57082.8025438,0.000157706112374,-0.000419533103884,32.1158964928,0.848365308435,0.000562383439153,1.48557771047e-05,16057.9482464,0.281191719577,0.208360087062,0.208360087062,0.416720174123,6.93889390391e-18,6.93889390391e-17,0.08,57082.8025438
2012-08-29,56983.0578857,-0.00122194402446,-0.00174736792429,29.3409548791,0.651713847,0.000514006908764,1.14169910719e-05,14670.4774396,0.257003454382,0.202730986533,0.202730986533,0.405461973067,1.87350135405e-16,2.35922392733e-16,0.08,56983.0578857
2012-08-30,56901.8381381,-0.000910847165103,-0.00142533150382,28.6838918658,0.632998988539,0.000503375791509,1.11085472073e-05,14341.9459329,0.251687895755,0.166191376951,0.166191376951,0.332382753901,1.80411241502e-16,1.52655665886e-16,0.08,56901.8381381
2012-08-31,56929.6823664,0.00094555440308,0.000489337941389,25.4413856793,0.518169579791,0.000447110084872,9.10637681921e-06,12720.6928396,0.223555042436,0.20054425811,0.20054425811,0.40108851622,2.91433543964e-16,2.77555756156e-16,0.08,56929.6823664
2012-09-04,56848.5275698,-0.000919433485396,-0.00142552695167,26.309401452,2.5023388306,0.000462138560385,4.39549058871e-05,13154.700726,0.231069280193,0.255559055357,0.255559055357,0.511118110714,5.55111512313e-17,7.6327832943e-17,0.08,56848.5275698
2012-09-05,56816.8568253,0.0001233940173,-0.000557107561073,37.8894493967,0.796063342695,0.000666498342463,1.400323591e-05,18944.7246984,0.333249171231,0.273701133544,0.273701133544,0.547402267089,1.04083408559e-16,1.31838984174e-16,0.08,56816.8568253
2012-09-06,56672.503489,-0.0017340712487,-0.00254067796781,44.9767577556,0.852100718768,0.00079160939673,1.4997322386e-05,22488.3788778,0.395804698365,0.294297329419,0.294297329419,0.588594658838,2.08166817117e-17,0,0.08,56672.503489
2012-09-07,56614.364572,-0.00047017206499,-0.00102587521883,30.5791948737,0.913894050865,0.000539577272771,1.6125881064e-05,15289.5974368,0.269788636385,0.287914233322,0.287914233322,0.575828466644,3.60822483003e-16,3.33066907388e-16,0.08,56614.364572
2012-09-10,56513.6024045,-0.000958705511734,-0.00177979861284,43.8061987426,2.67946543081,0.000773764733982,4.73283671215e-05,21903.0993713,0.386882366991,0.254986351107,0.254986351107,0.509972702215,1.38777878078e-17,-3.12250225676e-17,0.08,56513.6024045
2012-09-11,56299.4517572,-0.00298688923768,-0.00378936465169,44.5611766366,0.78959985014,0.000788503559154,1.39718548552e-05,22280.5883183,0.394251779577,0.30907253676,0.30907253676,0.618145073519,5.55111512313e-17,-1.73472347598e-17,0.08,56299.4517572
2012-09-12,56218.0791938,-0.000700559503787,-0.00144535267853,40.9779890887,0.953458321796,0.000727857693275,1.69354814663e-05,20488.9945443,0.363928846638,0.376781296276,0.376781296276,0.753562592553,3.05311331772e-16,2.39391839685e-16,0.08,56218.0791938
2012-09-13,56173.8612924,-5.54387509773e-06,-0.000786542372439,42.7455821818,1.16065319194,0.00076035294686,2.06455504809e-05,21372.7910909,0.38017647343,0.364205174546,0.364205174546,0.728410349092,-2.91433543964e-16,-2.22044604925e-16,0.08,56173.8612924
2012-09-14,56286.9300359,0.00261801617104,0.00201283552314,32.8743030345,1.12103073737,0.000585224199978,1.99564479203e-05,16437.1515173,0.292612099989,0.376429297041,0.376429297041,0.752858594083,-2.02962646689e-16,-2.77555756156e-16,0.08,56286.9300359
2012-09-17,56291.192469,0.00115921732315,7.57268718303e-05,57.5033841858,3.48296704209,0.00102161166276,6.18787885547e-05,28751.6920929,0.510805831382,0.339007369329,0.339007369329,0.678014738658,-7.21644966006e-16,-6.10622663544e-16,0.08,56291.192469
2012-09-18,56255.2446161,0.000302041310663,-0.000638605284661,51.9044676345,1.04565090824,0.00092207084906,1.85757462646e-05,25952.2338173,0.46103542453,0.31923256863,0.31923256863,0.63846513726,-1.38777878078e-16,-2.22044604925e-16,0.08,56255.2446161
2012-09-19,56351.5141323,0.0025512283395,0.00171129850875,46.2664303502,0.984027739052,0.000822437635209,1.74921955414e-05,23133.2151751,0.411218817605,0.38111730133,0.38111730133,0.76223460266,-1.52655665886e-16,-1.66533453694e-16,0.08,56351.5141323
2012-09-20,56422.3022746,0.00212545104332,0.00125618882569,47.8074455942,1.1767965475,0.000848379077835,2.08831397989e-05,23903.7227971,0.424189538918,0.326532212356,0.326532212356,0.653064424712,6.07153216592e-16,5.96744875736e-16,0.08,56422.3022746
2012-09-21,56295.5005202,-0.000998064436572,-0.00224736937981,69.4791433771,1.00951776372,0.00123141276722,1.78921760195e-05,34739.5716886,0.615706383612,0.390592927705,0.390592927705,0.78118585541,-1.38777878078e-17,6.24500451352e-17,0.08,56295.5005202
2012-09-24,56327.3094463,0.00222673177701,0.000565034964187,89.9314854018,3.61456838873,0.00159748975621,6.4207056609e-05,44965.7427009,0.798744878106,0.451646930471,0.451646930471,0.903293860942,-3.05311331772e-16,-3.33066907388e-16,0.08,56327.3094463
2012-09-25,56159.977908,-0.00163100259402,-0.00297070000136,74.0675747339,1.39397569387,0.00131494963033,2.47477770121e-05,37033.7873669,0.657474815165,0.427128503725,0.427128503725,0.854257007449,1.74860126378e-15,1.60982338571e-15,0.08,56159.977908
2012-09-26,56108.5946169,-0.000234184480337,-0.000914945002895,36.9171108482,1.31438505935,0.000657356220984,2.3404301574e-05,18458.5554241,0.328678110492,0.396017989299,0.396017989299,0.792035978598,2.77555756156e-16,2.28983498829e-16,0.08,56108.5946169
2012-09-27,56105.4155285,0.000653322663619,-5.66595613027e-05,38.6185698941,1.21753494918,0.000688282609069,2.1699615852e-05,19309.2849471,0.344141304535,0.384580988257,0.384580988257,0.769161976514,8.32667268469e-16,7.21644966006e-16,0.08,56105.4155285
2012-09-28,56060.6289401,0.000173999570088,-0.000798257851729,53.3666011092,1.18230554249,0.000951184490953,2.10729308634e-05,26683.3005546,0.475592245477,0.36191025821,0.36191025821,0.72382051642,1.38777878078e-16,8.32667268469e-17,0.08,56060.6289401
2012-10-01,55806.6483562,-0.00351019083198,-0.00453046261935,53.8619137015,3.33516438824,0.000960779690129,5.949209724e-05,26930.9568507,0.480389845064,0.42201844185,0.42201844185,0.844036883699,-3.05311331772e-16,-3.1918911958e-16,0.08,55806.6483562
2012-10-02,55760.4746691,-7.99116382266e-05,-0.000827386853153,40.4235968972,1.29048957721,0.000724350916743,2.31242981835e-05,20211.7984486,0.362175458371,0.372778767724,0.372778767724,0.745557535448,-8.32667268469e-17,-1.6826817717e-16,0.08,55760.4746691
2012-10-03,55644.6187413,-0.00113819073464,-0.00207774285452,51.2508956859,1.13897649506,0.000919125886035,2.04262338479e-05,25625.447843,0.459562943017,0.47898721527,0.47898721527,0.957974430541,-2.49800180541e-16,-3.15719672628e-16,0.08,55644.6187413
2012-10-04,55613.9545709,0.000610169172749,-0.000551071622927,63.1563596449,1.4604416973,0.00113499492087,2.62458748093e-05,31578.1798224,0.567497460433,0.325651052866,0.325651052866,0.651302105731,-1.38777878078e-17,-4.85722573274e-17,0.08,55613.9545709
2012-10-05,55500.191814,-0.00118025048589,-0.00204557934663,47.1319904784,0.992369471783,0.000847484967434,1.78438933077e-05,23565.9952392,0.423742483717,0.362897523373,0.362897523373,0.725795046746,-9.71445146547e-17,-1.2490009027e-16,0.08,55500.191814
2012-10-08,55487.910043,0.0004727274162,-0.000221292406843,35.2074033582,3.31082994346,0.000634365435639,5.96543874038e-05,17603.7016791,0.317182717819,0.367650580436,0.367650580436,0.735301160872,4.71844785466e-16,2.98372437868e-16,0.08,55487.910043
2012-10-09,55444.5220726,-2.15929845312e-05,-0.000781935568277,41.0720037745,1.11781711422,0.000740197346461,2.01452372842e-05,20536.0018873,0.370098673231,0.322922285295,0.322922285295,0.645844570589,3.33066907388e-16,1.45716771982e-16,0.08,55444.5220726
2012-10-10,55376.245801,-0.000388271295786,-0.00123143403531,45.7676991346,0.981055987657,0.000825468367726,1.7694371797e-05,22883.8495673,0.412734183863,0.355457567712,0.355457567712,0.710915135424,8.32667268469e-17,8.50014503229e-17,0.08,55376.245801
2012-10-11,55180.806437,-0.00235988733177,-0.00352929963243,63.6790928321,1.07857017213,0.00114993517367,1.94771269979e-05,31839.5464161,0.574967586833,0.42876217417,0.42876217417,0.857524348341,5.55111512313e-17,-6.24500451352e-17,0.08,55180.806437
2012-10-12,55370.6630537,0.00431431857469,0.00344062780068,46.9145536758,1.29640781043,0.000850196956243,2.34938177628e-05,23457.2768379,0.425098478122,0.388171969494,0.388171969494,0.776343938987,-9.15933995316e-16,-9.71445146547e-16,0.08,55370.6630537
2012-10-15,55125.7607776,-0.00361723547841,-0.00442296087268,41.0803976491,3.53315167064,0.000741916303391,6.38090908757e-05,20540.1988246,0.370958151695,0.342317735309,0.342317735309,0.684635470618,-3.88578058619e-16,-3.68628738645e-16,0.08,55125.7607776
2012-10-16,55200.0337846,0.00209851228824,0.00134733754245,40.3750779365,1.034001402,0.000732417609607,1.87571361813e-05,20187.5389682,0.366208804804,0.375467593051,0.375467593051,0.750935186101,-8.32667268469e-17,-7.6327832943e-17,0.08,55200.0337846
2012-10-17,55275.2103041,0.00222403910829,0.0013618926351,46.4548528683,1.13566157926,0.000841572906451,2.05735667425e-05,23227.4264341,0.420786453225,0.373075955868,0.373075955868,0.746151911736,2.46330733589e-16,2.28983498829e-16,0.08,55275.2103041
2012-10-18,55256.9887269,0.000864101563434,-0.000329651882905,64.8550083089,1.12996448877,0.00117331092821,2.04425181297e-05,32427.5041544,0.586655464105,0.285025391178,0.285025391178,0.570050782356,7.6327832943e-17,4.68375338514e-17,0.08,55256.9887269
2012-10-19,55252.7035647,0.000474414553801,-7.7549688571e-05,29.6368876813,0.862994237108,0.000536346412718,1.56178296536e-05,14818.4438406,0.268173206359,0.271535673536,0.271535673536,0.543071347073,1.52655665886e-16,1.7694179455e-16,0.08,55252.7035647
2012-10-22,55369.0758749,0.00263208172171,0.00210618309642,26.5910611092,2.46625973871,0.000481262624155,4.46360011293e-05,13295.5305546,0.240631312078,0.287459503533,0.287459503533,0.574919007066,1.38777878078e-17,-1.04083408559e-17,0.08,55369.0758749
2012-10-23,55411.3560314,0.00129886031704,0.000763605961478,28.7644093235,0.872129702032,0.000519503149889,1.5751205673e-05,14382.2046617,0.259751574945,0.240528278311,0.240528278311,0.481056556622,-1.2490009027e-16,-9.71445146547e-17,0.08,55411.3560314
2012-10-24,55382.4286896,7.61897533894e-05,-0.000522047173137,32.418818063,0.730301263841,0.000585057294839,1.31796316883e-05,16209.4090315,0.292528647419,0.252337658346,0.252337658346,0.504675316692,-5.62050406216e-16,-5.13478148889e-16,0.08,55382.4286896
2012-10-25,55380.9369671,0.000754334506731,-2.69349416642e-05,42.502842123,0.765757390085,0.00076744272739,1.38267210053e-05,21251.4210615,0.383721363695,0.28307737056,0.28307737056,0.566154741121,-9.29811783124e-16,-8.81239525796e-16,0.08,55380.9369671
2012-10-26,55381.5481555,0.000711846986035,1.10360786154e-05,37.9525460587,0.859018631004,0.000685299818622,1.55110887978e-05,18976.2730293,0.342649909311,0.288128921599,0.288128921599,0.576257843198,8.32667268469e-17,6.59194920871e-17,0.08,55381.5481555
2012-10-31,55272.5328027,-0.000917626866375,-0.00196844177193,53.8239684188,4.37178787575,0.000971875474982,7.8939430575e-05,26911.9842094,0.485937737491,0.357036282626,0.357036282626,0.714072565253,-2.22044604925e-16,-2.15105711021e-16,0.08,55272.5328027
2012-11-01,55300.4466502,0.00152829369735,0.000505022045203,55.4774844721,1.0813314873,0.00100370802022,1.95636319247e-05,27738.7422361,0.501854010112,0.336529008168,0.336529008168,0.673058016336,2.77555756156e-17,-6.93889390391e-17,0.08,55300.4466502
2012-11-02,54961.7154202,-0.0049779006631,-0.00612528922574,62.4313627649,1.01973723082,0.00112894861699,1.8439945653e-05,31215.6813825,0.564474308497,0.392110498795,0.392110498795,0.78422099759,1.73472347598e-16,1.3357370765e-16,0.08,54961.7154202
2012-11-05,55030.3968837,0.00230026283557,0.00124962372479,54.2022868876,3.54264092844,0.000986182590431,6.44565203498e-05,27101.1434438,0.493091295215,0.256142856188,0.256142856188,0.512285712375,-3.60822483003e-16,-4.7878367937e-16,0.08,55030.3968837
2012-11-06,54945.4728151,-0.000911976382444,-0.00154322108155,33.9652823206,0.772364001915,0.000617209474108,1.40352249966e-05,16982.6411603,0.308604737054,0.311459679601,0.311459679601,0.622919359201,1.73472347598e-16,1.11022302463e-16,0.08,54945.4728151
2012-11-07,54723.3412359,-0.00356147251024,-0.00404276399556,25.5070731899,0.937715033343,0.000464225201515,1.70662838137e-05,12753.536595,0.232112600757,0.26981298741,0.26981298741,0.539625974821,-5.41233724505e-16,-5.96744875736e-16,0.08,54723.3412359
2012-11-08,54640.973649,-0.000725924601597,-0.00150516370221,41.8335223752,0.809044831778,0.000764454827325,1.47842732828e-05,20916.7611876,0.382227413663,0.165283636368,0.165283636368,0.330567272737,-9.71445146547e-17,-8.32667268469e-17,0.08,54640.973649
2012-11-09,54633.8784785,0.000240295882868,-0.000129850733409,19.7303080093,0.494863496955,0.000361089978668,9.05663760923e-06,9865.15400466,0.180544989334,0.17681125507,0.17681125507,0.353622510139,-2.49800180541e-16,-2.63677968348e-16,0.08,54633.8784785
2012-11-12,54598.6907289,0.000239354650349,-0.000644064647025,46.6766962989,1.58792623942,0.000854354433527,2.90648638471e-05,23338.3481495,0.427177216763,0.328870098474,0.328870098474,0.657740196949,-6.38378239159e-16,-6.10622663544e-16,0.08,54598.6907289
2012-11-13,54472.8729488,-0.00162049214495,-0.00230441020484,36.3571469756,0.983883660086,0.000665897780519,1.80202793685e-05,18178.5734878,0.33294889026,0.360811121155,0.360811121155,0.72162224231,-4.02455846427e-16,-4.4408920985e-16,0.08,54472.8729488
2012-11-14,54568.3552588,0.00256642211656,0.00175284145733,43.241121453,1.07695443075,0.000793810186836,1.9770472392e-05,21620.5607265,0.396905093418,0.265639275101,0.265639275101,0.531278550203,-1.21430643318e-15,-1.19348975147e-15,0.08,54568.3552588
2012-11-15,54480.3023284,-0.000859036305896,-0.00161362624851,40.3824581819,0.794273881338,0.000740034365895,1.45555767179e-05,20191.2290909,0.370017182947,0.243420546729,0.243420546729,0.486841093458,-1.20042864538e-15,-1.05774763948e-15,0.08,54480.3023284
2012-11-16,54405.0775668,-0.000347439310078,-0.00138076989998,55.5694985608,0.726664382398,0.00101999247775,1.33381121495e-05,27784.7492804,0.509996238877,0.306014830004,0.306014830004,0.612029660009,-7.6327832943e-17,-4.33680868994e-17,0.08,54405.0775668
2012-11-19,54297.2456682,-0.00137989149499,-0.00198201902224,30.0220122668,2.7367825583,0.000551823719576,5.0303807672e-05,15011.0061334,0.275911859788,0.224207077625,0.224207077625,0.44841415525,-2.04697370165e-16,-2.48065457065e-16,0.08,54297.2456682
2012-11-20,54243.9726965,-0.000497751420052,-0.000981135802745,25.5793815779,0.667059001334,0.000471099063372,1.22853193219e-05,12789.690789,0.235549531686,0.24832708896,0.24832708896,0.49665417792,-6.24500451352e-17,-2.42861286637e-17,0.08,54243.9726965
2012-11-21,54204.7013305,-0.000158575579577,-0.000723976583018,29.9315008215,0.73809577169,0.000551794039662,1.36069637786e-05,14965.7504107,0.275897019831,0.195395567597,0.195395567597,0.390791135193,-2.77555756156e-17,2.77555756156e-17,0.08,54204.7013305
2012-11-23,54228.9349217,0.000942953705878,0.000447075450269,25.7182359325,1.16069680908,0.000474465042722,2.14132128873e-05,12859.1179662,0.237232521361,0.165388859294,0.165388859294,0.330777718589,-6.93889390391e-18,-4.59701721134e-17,0.08,54228.9349217
2012-11-26,54224.9982556,0.00118057797623,-7.25934620943e-05,66.4838189464,1.47433342807,0.00122598422857,2.7187209747e-05,33241.9094732,0.612992114287,0.438593837589,0.438593837589,0.877187675179,9.99200722163e-16,9.71445146547e-16,0.08,54224.9982556
2012-11-27,54186.157842,0.000607269083044,-0.000716282431158,70.4664141609,1.30316438785,0.00129951897516,2.4032539046e-05,35233.2070805,0.649759487578,0.213214477193,0.213214477193,0.426428954387,5.48172618409e-16,5.82867087928e-16,0.08,54186.157842
2012-11-28,54330.5498673,0.00364421273815,0.00266474005672,52.440805246,0.633056072077,0.000967789696381,1.16829850517e-05,26220.402623,0.483894848191,0.277717000292,0.277717000292,0.555434000585,2.01227923213e-16,2.671474153e-16,0.08,54330.5498673
2012-11-29,54333.2583433,0.000978614523268,4.98518050114e-05,49.6334211061,0.826768073062,0.000913545348378,1.5217369879e-05,24816.710553,0.456772674189,0.275150166461,0.275150166461,0.550300332921,6.52256026967e-16,6.24500451352e-16,0.08,54333.2583433
2012-11-30,54220.3491603,-0.00126851501573,-0.00207808598994,43.1674614873,0.819167401507,0.000794494252757,1.50767214499e-05,21583.7307437,0.397247126378,0.252460185186,0.252460185186,0.504920370373,-3.43475248243e-16,-2.63677968348e-16,0.08,54220.3491603
2012-12-03,54074.3558636,-0.00191558536988,-0.0026925923385,39.8794281432,2.2501609956,0.000735506664209,4.15003044142e-05,19939.7140716,0.367753332105,0.293836297374,0.293836297374,0.587672594748,2.22044604925e-16,2.91433543964e-16,0.08,54074.3558636
2012-12-04,53990.5940913,-0.00107761633505,-0.00154901100493,24.6197325283,0.87063060328,0.00045529405085,1.61006190342e-05,12309.8662641,0.227647025425,0.222277732943,0.222277732943,0.444555465886,1.26634813746e-16,1.38777878078e-16,0.08,53990.5940913
2012-12-05,53891.573125,-0.00133420167942,-0.00183404105779,26.3290410512,0.657583937252,0.000487659776566,1.21796018051e-05,13164.5205256,0.243829888283,0.309075041459,0.309075041459,0.618150082919,3.08780778724e-16,2.49800180541e-16,0.08,53891.573125
2012-12-06,53943.6237896,0.00175719567369,0.000965840511822,41.7346874393,0.912687134133,0.000774419543154,1.69356187101e-05,20867.3437197,0.387209771577,0.331356492175,0.331356492175,0.66271298435,-2.77555756156e-17,-8.32667268469e-17,0.08,53943.6237896
2012-12-07,53706.5312525,-0.00376539886438,-0.00439519113405,32.9938487701,0.979428490637,0.000611635749552,1.81565201192e-05,16496.924385,0.305817874776,0.301457589706,0.301457589706,0.602915179413,1.38777878078e-17,-2.77555756156e-17,0.08,53706.5312525
2012-12-10,53679.7063958,0.00026426261056,-0.000499471035442,38.3560753721,2.66140955554,0.000714178973722,4.95546722805e-05,19178.0376861,0.357089486861,0.232313529858,0.232313529858,0.464627059715,-5.55111512313e-17,-2.04697370165e-16,0.08,53679.7063958
2012-12-11,53752.8112922,0.0018320234384,0.001361872137,24.5542675423,0.683316278056,0.000457421792908,1.27295084854e-05,12277.1337712,0.228710896454,0.204168038611,0.204168038611,0.408336077222,1.2490009027e-16,5.55111512313e-17,0.08,53752.8112922
2012-12-12,53678.7171505,-0.000791878100238,-0.00137842356515,30.927119413,0.601348276787,0.000575358175126,1.11872897869e-05,15463.5597065,0.287679087563,0.281232785893,0.281232785893,0.562465571786,1.66533453694e-16,1.04083408559e-16,0.08,53678.7171505
2012-12-13,53612.9165453,-0.000395327442781,-0.00122582298205,43.7527452748,0.827189872186,0.000815085523602,1.54100156654e-05,21876.3726374,0.407542761801,0.32840760609,0.32840760609,0.65681521218,-3.05311331772e-16,-3.05311331772e-16,0.08,53612.9165453
2012-12-14,53504.6125693,-0.00132361911018,-0.00202010976169,36.376134101,0.964761072776,0.000678495714186,1.799493732e-05,18188.0670505,0.339247857093,0.344785336408,0.344785336408,0.689570672816,-2.22044604925e-16,-2.91433543964e-16,0.08,53504.6125693
2012-12-17,53592.2789583,0.00249210969801,0.00163848283091,42.6404916505,3.03248315245,0.0007969498255,5.66770416013e-05,21320.2458253,0.39847491275,0.324775632024,0.324775632024,0.649551264049,-6.38378239159e-16,-7.00828284295e-16,0.08,53592.2789583
2012-12-18,53616.6463495,0.00123944480762,0.000454681002718,41.1035565693,0.953724179196,0.000766967879855,1.77959250424e-05,20551.7782846,0.383483939928,0.265290329276,0.265290329276,0.530580658552,-3.05311331772e-16,-3.59087759527e-16,0.08,53616.6463495
2012-12-19,53481.0191704,-0.00174069129091,-0.00252957221933,41.517753709,0.779396041903,0.00077434447202,1.45364563987e-05,20758.8768545,0.38717223601,0.311089584743,0.311089584743,0.622179169486,-4.16333634234e-16,-5.89805981832e-16,0.08,53481.0191704
2012-12-20,53316.0733045,-0.0023594846707,-0.00308419451262,37.8465832474,0.911637701114,0.000707663837273,1.70460046434e-05,18923.2916237,0.353831918637,0.307585917521,0.307585917521,0.615171835041,-3.95516952523e-16,-4.92661467177e-16,0.08,53316.0733045
2012-12-21,53214.5770689,-0.00130475613898,-0.00190367049406,31.0331713393,0.898590319231,0.000582060332201,1.68540228778e-05,15516.5856696,0.2910301661,0.305120161394,0.305120161394,0.610240322788,-1.66533453694e-16,-1.66533453694e-16,0.08,53214.5770689
2012-12-24,53204.8765749,0.000457669233588,-0.000182290163538,31.3860990138,2.66906964555,0.000589802658267,5.01567388593e-05,15693.0495069,0.294901329133,0.24638371027,0.24638371027,0.49276742054,-4.51028103754e-16,-4.71844785466e-16,0.08,53204.8765749
2012-12-26,53212.0428233,0.000512092506179,0.00013469156938,18.6429878074,1.43658245425,0.000350399982249,2.70009545501e-05,9321.49390371,0.175199991125,0.244130787754,0.244130787754,0.488261575508,-4.4408920985e-16,-4.30211422042e-16,0.08,53212.0428233
2012-12-27,53194.5498135,0.000289358369881,-0.000328741556584,32.1785406913,0.711819064792,0.000604722896999,1.3377029466e-05,16089.2703457,0.302361448499,0.260708965126,0.260708965126,0.521417930253,-7.59808882478e-16,-8.18789480661e-16,0.08,53194.5498135
2012-12-28,53124.0551438,-0.000799315741283,-0.00132522354095,27.215522015,0.759906631903,0.000511622376924,1.42854227467e-05,13607.7610075,0.255811188462,0.237774252419,0.237774252419,0.475548504839,-7.6327832943e-16,-8.04911692853e-16,0.08,53124.0551438
2012-12-31,53039.5149565,-0.000531079778303,-0.00159137300614,54.2506596034,2.07641630093,0.00102120704936,3.90861784799e-05,27125.3298017,0.510603524679,0.298363031757,0.298363031757,0.596726063514,-1.12063136548e-15,-9.50628464835e-16,0.08,53039.5149565
2013-01-02,52942.3509724,-0.000828375799823,-0.00183191690456,51.4930835177,1.7342499162,0.000970843786185,3.26973185487e-05,25746.5417589,0.485421893092,0.378218361995,0.378218361995,0.75643672399,-9.02056207508e-16,-8.36136715421e-16,0.08,52942.3509724
2013-01-03,52824.1507979,-0.000682689538005,-0.00223262043298,80.9597925882,1.09719283644,0.00152920660116,2.07242938079e-05,40479.8962941,0.764603300582,0.277495789537,0.277495789537,0.554991579075,1.11022302463e-16,1.07552855511e-16,0.08,52824.1507979
2013-01-04,52786.9844881,0.000250629749498,-0.000703585560415,49.602409072,0.803204352454,0.000939010061171,1.52052487418e-05,24801.204536,0.469505030586,0.13555430337,0.13555430337,0.271108606741,2.35922392733e-16,2.35922392733e-16,0.08,52786.9844881
2013-01-07,52774.1689106,0.000312706032242,-0.00024277911696,28.1461389007,1.17624705359,0.000533202250018,2.22828991842e-05,14073.0694504,0.266601125009,0.198789323891,0.198789323891,0.397578647781,-1.11022302463e-16,-1.2490009027e-16,0.08,52774.1689106
2013-01-08,52721.0277485,-0.000669613118564,-0.00100695403152,17.2280402192,0.574846101733,0.000326448347266,1.08925656926e-05,8614.0201096,0.163224173633,0.202927579795,0.202927579795,0.40585515959,3.46944695195e-16,3.03576608296e-16,0.08,52721.0277485
2013-01-09,52769.2521353,0.00120002800069,0.000914708776016,14.4561008123,0.586221948785,0.000274199905231,1.11193194408e-05,7228.05040615,0.137099952615,0.195291780532,0.195291780532,0.390583561064,1.94289029309e-16,1.45716771982e-16,0.08,52769.2521353
2013-01-10,52666.135053,-0.000881647569545,-0.0019541130119,56.0285198158,0.564679518183,0.00106176452287,1.07009194812e-05,28014.2599079,0.530882261437,0.405100727384,0.405100727384,0.810201454769,3.88578058619e-16,2.53269627493e-16,0.08,52666.135053
2013-01-11,52595.1070701,-0.000180455995154,-0.0013486462002,60.3550171003,1.16904600649,0.00114599290492,2.21973001307e-05,30177.5085501,0.572996452459,0.4865352243,0.4865352243,0.973070448601,1.66533453694e-16,1.38777878078e-17,0.08,52595.1070701
2013-01-14,52395.3073739,-0.00259609405478,-0.00379882668541,59.0513793398,4.20647214501,0.0011227542376,7.99783930357e-05,29525.6896699,0.561377118798,0.386902244369,0.386902244369,0.773804488738,4.71844785466e-16,4.71844785466e-16,0.08,52395.3073739
2013-01-15,52490.3198639,0.0026029725229,0.0018133778542,40.260268407,1.11078695985,0.000768394545713,2.12001229791e-05,20130.1342035,0.384197272856,0.398183282832,0.398183282832,0.796366565664,1.52655665886e-16,1.52655665886e-16,0.08,52490.3198639
2013-01-16,52522.1206126,0.00152119670045,0.000605840253315,46.9021051444,1.14524755509,0.00089353818506,2.1818262073e-05,23451.0525722,0.44676909253,0.318889386757,0.318889386757,0.637778773515,3.88578058619e-16,2.08166817117e-16,0.08,52522.1206126
2013-01-17,52290.0962473,-0.00360230584833,-0.00441765036422,41.9058834518,0.917739552513,0.000797871124834,1.74733910552e-05,20952.9417259,0.398935562417,0.312856593621,0.312856593621,0.625713187241,4.71844785466e-16,3.88578058619e-16,0.08,52290.0962473
2013-01-18,52206.7047301,-0.000793886852854,-0.00159478607386,40.9826972745,0.896400076276,0.000783756393958,1.71428270477e-05,20491.3486373,0.391878196979,0.354637902232,0.354637902232,0.709275804464,3.74700270811e-16,3.33066907388e-16,0.08,52206.7047301
2013-01-22,52220.8850707,0.00107583927719,0.000271619148294,37.9277154105,4.0579673968,0.000726491273614,7.77288552837e-05,18963.8577053,0.363245636807,0.417597145782,0.417597145782,0.835194291563,5.27355936697e-16,5.27355936697e-16,0.08,52220.8850707
2013-01-23,52314.1441016,0.00289922223962,0.0017858569564,56.9460003571,1.19492014004,0.00109048324784,2.28820353853e-05,28473.0001785,0.545241623921,0.397149304309,0.397149304309,0.794298608617,5.27355936697e-16,4.99600361081e-16,0.08,52314.1441016
2013-01-24,52016.3817553,-0.00449584153517,-0.00569181339759,61.4278045746,1.13843977729,0.0011742102567,2.17616057155e-05,30713.9022873,0.58710512835,0.263610337277,0.263610337277,0.527220674553,5.55111512313e-17,6.93889390391e-17,0.08,52016.3817553
2013-01-25,52040.5393421,0.00117946700137,0.000464422667906,36.4426734904,0.751345530873,0.000700599931418,1.44444020426e-05,18221.3367452,0.350299965709,0.296945062809,0.296945062809,0.593890125617,3.33066907388e-16,1.66533453694e-16,0.08,52040.5393421
2013-01-28,52073.8553234,0.00123896918837,0.000640192852389,28.6203945017,2.54024896825,0.000549963448947,4.8812887037e-05,14310.1972508,0.274981724474,0.21249714734,0.21249714734,0.42499429468,-7.6327832943e-17,-1.80411241502e-16,0.08,52073.8553234
2013-01-29,52156.7578518,0.0020960693169,0.00159201825726,25.6415506835,0.606331271629,0.000492407380329,1.16436793063e-05,12820.7753417,0.246203690165,0.25693066949,0.25693066949,0.51386133898,1.04083408559e-16,4.16333634234e-17,0.08,52156.7578518
2013-01-30,52155.2615238,0.000769473529058,-2.86890540073e-05,40.8952892446,0.734283326756,0.000784084190216,1.40783928488e-05,20447.6446223,0.392042095108,0.271242746557,0.271242746557,0.542485493113,9.02056207508e-16,7.6327832943e-16,0.08,52155.2615238
2013-01-31,52182.4138578,0.00128771347995,0.00052060584627,39.2335356141,0.77516363743,0.000752245017432,1.48626162497e-05,19616.7678071,0.376122508716,0.245348154839,0.245348154839,0.490696309677,2.77555756156e-16,1.2490009027e-16,0.08,52182.4138578
2013-02-01,52046.0046151,-0.0015556137239,-0.00261408456784,54.5320371168,0.701526518085,0.00104502710943,1.34437345117e-05,27266.0185584,0.522513554713,0.305767187715,0.305767187715,0.611534375431,2.77555756156e-16,2.98372437868e-16,0.08,52046.0046151
2013-02-04,52049.2547493,0.00100737338527,6.2447333687e-05,46.5636321409,2.61599350076,0.000894662952234,5.02630993505e-05,23281.8160705,0.447331476117,0.30658682392,0.30658682392,0.61317364784,-2.77555756156e-17,0,0.08,52049.2547493
2013-02-05,51924.7580022,-0.00167813083122,-0.00239190258651,36.2768980227,0.874389901424,0.000696972477271,1.6799278023e-05,18138.4490114,0.348486238636,0.272842583772,0.272842583772,0.545685167543,-1.11022302463e-16,-1.2490009027e-16,0.08,51924.7580022
2013-02-06,51846.7750703,-0.000924719734167,-0.00150184487905,29.1907938884,0.776289596441,0.000562174866316,1.49502785628e-05,14595.3969442,0.281087433158,0.241978685476,0.241978685476,0.483957370951,1.38777878078e-17,1.38777878078e-17,0.08,51846.7750703
2013-02-07,51814.0667102,-0.000174590822608,-0.000630865855874,22.9689471308,0.687441889188,0.000443015927213,1.32591060535e-05,11484.4735654,0.221507963606,0.282128158772,0.282128158772,0.564256317545,-9.71445146547e-17,-9.02056207508e-17,0.08,51814.0667102
2013-02-08,51799.9952692,0.000411652500481,-0.000271575691281,34.5998334493,0.800997656957,0.000667769114569,1.5459077193e-05,17299.9167246,0.333884557285,0.308700569892,0.308700569892,0.617401139783,2.77555756156e-17,3.12250225676e-17,0.08,51799.9952692
2013-02-11,51790.4112263,0.000566019880248,-0.000185020150419,36.2752637791,2.62860625644,0.000700294731507,5.07452991603e-05,18137.6318896,0.350147365754,0.403889891982,0.403889891982,0.807779783964,2.77555756156e-17,8.32667268469e-17,0.08,51790.4112263
2013-02-12,51887.8552042,0.00295273400939,0.00188150616224,54.333159565,1.14617115594,0.00104909689416,2.21309529853e-05,27166.5797825,0.524548447082,0.455001995592,0.455001995592,0.910003991185,4.16333634234e-16,5.55111512313e-16,0.08,51887.8552042
2013-02-13,51877.2681553,0.00122437384539,-0.000204037125607,72.8235335438,1.29364809123,0.0014034793548,2.49316161968e-05,36411.7667719,0.701739677399,0.290440688482,0.290440688482,0.580881376964,-2.15105711021e-16,-2.77555756156e-16,0.08,51877.2681553
2013-02-14,51907.4672044,0.00152983913521,0.000582124891368,48.3392221552,0.825603807102,0.000931799685567,1.5914558273e-05,24169.6110776,0.465899842784,0.307877285148,0.307877285148,0.615754570297,-4.71844785466e-16,-5.27355936697e-16,0.08,51907.4672044
2013-02-15,52062.0591609,0.00383136282579,0.00297822191736,43.4087053645,0.875678360648,0.000836270920204,1.68699882273e-05,21704.3526823,0.418135460102,0.185391202767,0.185391202767,0.370782405534,-1.52655665886e-16,-2.35922392733e-16,0.08,52062.0591609
2013-02-19,51972.444338,-0.000796720665703,-0.0017213076923,46.0204309951,2.11547348304,0.000883953338319,4.06336882777e-05,23010.2154975,0.441976669159,0.327867566275,0.327867566275,0.655735132551,-2.22044604925e-16,-2.77555756156e-16,0.08,51972.444338
2013-02-20,51954.7128753,0.00022380464613,-0.000341170459796,28.429434295,0.933702950054,0.000547009759829,1.79653460973e-05,14214.7171475,0.273504879914,0.286873915355,0.286873915355,0.57374783071,2.08166817117e-17,0,0.08,51954.7128753
2013-02-21,52083.8377857,0.00306020219615,0.00248533584906,29.0503337086,0.816682296093,0.00055914722844,1.57191186496e-05,14525.1668543,0.27957361422,0.23102877469,0.23102877469,0.462057549379,4.16333634234e-17,3.46944695195e-18,0.08,52083.8377857
2013-02-22,52061.2274648,0.000116197210594,-0.000434113957159,28.0029825121,0.65933508081,0.000537652056811,1.26591109419e-05,14001.4912561,0.268826028406,0.233402384627,0.233402384627,0.466804769254,2.49800180541e-16,2.77555756156e-16,0.08,52061.2274648
2013-02-25,52029.6595783,8.55797982741e-05,-0.000606360780697,34.0258159336,1.99745994031,0.00065357306369,3.83675152811e-05,17012.9079668,0.326786531845,0.322981370171,0.322981370171,0.645962740342,1.94289029309e-16,2.49800180541e-16,0.08,52029.6595783
2013-02-26,52093.7338052,0.00217640963668,0.00123149425701,48.2428249459,0.9208005885,0.000927217770343,1.76976093244e-05,24121.4124729,0.463608885171,0.276401001306,0.276401001306,0.552802002612,2.8449465006e-16,3.05311331772e-16,0.08,52093.7338052
2013-02-27,52144.9741949,0.00200187257089,0.000983619063715,52.2556539883,0.788973160851,0.00100310824683,1.51452603455e-05,26127.8269942,0.501554123416,0.318774963675,0.318774963675,0.63754992735,2.91433543964e-16,3.33066907388e-16,0.08,52144.9741949
2013-02-28,52081.5413189,-0.000290008356033,-0.00121647151934,47.3995751538,0.910822589304,0.000908996042008,1.74671212973e-05,23699.7875769,0.454498021004,0.363599990479,0.363599990479,0.727199980957,3.40005801291e-16,3.60822483003e-16,0.08,52081.5413189
2013-03-01,52073.934136,0.000808479008435,-0.000146062937645,48.6763803025,1.03763550289,0.000934618658931,1.99232871495e-05,24338.1901513,0.467309329465,0.284144574224,0.284144574224,0.568289148449,-2.77555756156e-17,-5.55111512313e-17,0.08,52073.934136
2013-03-04,52056.8767985,0.000428158554453,-0.000327559993453,36.9209322709,2.43230561807,0.000709009850773,4.67086971328e-05,18460.4661355,0.354504925386,0.207745249128,0.207745249128,0.415490498255,8.32667268469e-17,2.77555756156e-17,0.08,52056.8767985
2013-03-05,52018.0102102,8.16662598028e-05,-0.00074661775039,42.5252995583,0.592579114482,0.00081690070887,1.13833013221e-05,21262.6497791,0.408450354435,0.270307176403,0.270307176403,0.540614352806,7.91033905045e-16,7.49400541622e-16,0.08,52018.0102102
2013-03-06,51953.5537385,-0.00037079709284,-0.0012391183651,44.3978877399,0.770457066412,0.00085350992013,1.48113521317e-05,22198.9438699,0.426754960065,0.386249618942,0.386249618942,0.772499237884,1.67227343084e-15,1.55431223448e-15,0.08,51953.5537385
2013-03-07,51793.3542043,-0.00208161419963,-0.00308351445993,50.9527151599,1.09956385393,0.000980735897614,2.11643626818e-05,25476.35758,0.490367948807,0.389581331661,0.389581331661,0.779162663323,1.2351231149e-15,1.08246744901e-15,0.08,51793.3542043
2013-03-08,51822.9195393,0.00132784957308,0.000570832600158,38.1028195104,1.10562870696,0.000735670050643,2.13469222828e-05,19051.4097552,0.367835025322,0.451123613372,0.451123613372,0.902247226744,9.15933995316e-16,8.04911692853e-16,0.08,51822.9195393
2013-03-11,51750.3976469,-0.000478843793397,-0.00139941734331,43.8637608892,3.84304811804,0.000846416243607,7.41573063077e-05,21931.8804446,0.423208121803,0.392193738316,0.392193738316,0.784387476632,7.77156117238e-16,8.32667268469e-16,0.08,51750.3976469
2013-03-12,51865.6920525,0.00331223364958,0.00222789410059,55.0028832877,1.11211955685,0.00106284948114,2.14900678529e-05,27501.4416438,0.531424740569,0.264340147277,0.264340147277,0.528680294554,2.77555756156e-17,5.55111512313e-17,0.08,51865.6920525
2013-03-13,51762.7610433,-0.00119004962467,-0.00198456831871,40.4570189193,0.751242995933,0.000780034302412,1.44843916316e-05,20228.5094597,0.390017151206,0.347693733292,0.347693733292,0.695387466584,3.05311331772e-16,3.60822483003e-16,0.08,51762.7610433
2013-03-14,51830.8593685,0.00186933110081,0.00131558525528,27.6772446957,0.98616918535,0.00053469413412,1.90517114133e-05,13838.6223478,0.26734706706,0.361244879667,0.361244879667,0.722489759334,2.22044604925e-16,1.66533453694e-16,0.08,51830.8593685
2013-03-15,51551.17011,-0.00402683392589,-0.00539619180342,69.9490431065,1.0259524688,0.00134956363755,1.97942399818e-05,34974.5215533,0.674781818774,0.453479140083,0.453479140083,0.906958280165,5.82867087928e-16,5.55111512313e-16,0.08,51551.17011
2013-03-18,51528.6569532,0.000954532150132,-0.000436714757801,67.8775489816,3.84285703426,0.00131670239175,7.4544516178e-05,33938.7744908,0.658351195877,0.327796550736,0.327796550736,0.655593101473,5.55111512313e-17,5.55111512313e-17,0.08,51528.6569532
2013-03-19,51475.7136254,2.36133380613e-05,-0.00102745405988,53.2345617384,0.925529644566,0.0010331059431,1.79614548349e-05,26617.2808692,0.516552971551,0.40024339643,0.40024339643,0.80048679286,-9.71445146547e-17,-2.77555756156e-17,0.08,51475.7136254
2013-03-20,51470.4609808,0.000721024703304,-0.000102041220651,41.2389844564,1.12892134,0.000801134778946,2.19311450099e-05,20619.4922282,0.400567389473,0.405441636255,0.405441636255,0.81088327251,-1.31838984174e-16,-6.93889390391e-17,0.08,51470.4609808
2013-03-21,51444.0353916,9.98176133808e-05,-0.000513412716275,30.4197810195,1.14346673528,0.000591014349586,2.22159800688e-05,15209.8905097,0.295507174793,0.416740551879,0.416740551879,0.833481103757,-3.12250225676e-17,5.55111512313e-17,0.08,51444.0353916
2013-03-22,51550.1172361,0.00311168913515,0.00206208248838,52.8212718564,1.1747296274,0.00102677154804,2.28350987331e-05,26410.6359282,0.513385774019,0.296488009659,0.296488009659,0.592976019318,6.93889390391e-17,1.66533453694e-16,0.08,51550.1172361
2013-03-25,51398.3788746,-0.00218421676489,-0.00294351147318,36.6292942441,2.51243698472,0.000710556953273,4.87377550125e-05,18314.6471221,0.355278476636,0.239884758199,0.239884758199,0.479769516398,6.38378239159e-16,6.59194920871e-16,0.08,51398.3788746
2013-03-26,51446.1495368,0.00129602663613,0.000929419629324,18.1674065087,0.675599325378,0.000353462636498,1.31443703123e-05,9083.70325437,0.176731318249,0.175233941513,0.175233941513,0.350467883026,2.22044604925e-16,2.35922392733e-16,0.08,51446.1495368
2013-03-27,51511.2203029,0.00164190621063,0.00126483258123,18.9050076087,0.493978715561,0.000367471769586,9.60185980892e-06,9452.50380435,0.183735884793,0.174640628741,0.174640628741,0.349281257481,6.0368376964e-16,7.42461647718e-16,0.08,51511.2203029
2013-03-28,51601.5682026,0.00224799020873,0.00175394601705,24.9558903254,0.492928871282,0.000484474842153,9.56934952004e-06,12477.9451627,0.242237421077,0.229945221272,0.229945221272,0.459890442545,1.17961196366e-16,2.42861286637e-16,0.08,51601.5682026
2013-04-01,51547.2898777,0.000174148654759,-0.00105187355265,60.664003563,2.60066499032,0.0011756232548,5.03989526076e-05,30332.0017815,0.587811627398,0.387124143863,0.387124143863,0.774248287727,3.33066907388e-16,2.77555756156e-16,0.08,51547.2898777
2013-04-02,51327.4172871,-0.00312314956918,-0.0042654539389,57.7892588326,1.09343564178,0.00112109208786,2.12122818555e-05,28894.6294163,0.560546043931,0.214171820703,0.214171820703,0.428343641406,6.38378239159e-16,5.27355936697e-16,0.08,51327.4172871
2013-04-03,51279.8781249,-0.000487812658797,-0.000926194316113,21.8986483157,0.602349940403,0.000426646215086,1.17354422303e-05,10949.3241578,0.213323107543,0.215592844157,0.215592844157,0.431185688315,2.22044604925e-16,2.22044604925e-16,0.08,51279.8781249
2013-04-04,51270.5128412,0.000207288603207,-0.000182630771653,19.3892331023,0.605784919069,0.000378106068331,1.18133065292e-05,9694.61655116,0.189053034166,0.192747952703,0.192747952703,0.385495905407,2.70616862252e-16,2.22044604925e-16,0.08,51270.5128412
2013-04-05,51204.604738,-0.000738162570721,-0.0012854972498,27.5206345477,0.54149514434,0.000536773147421,1.0561531655e-05,13760.3172738,0.268386573711,0.211723324988,0.211723324988,0.423446649977,3.88578058619e-16,3.88578058619e-16,0.08,51204.604738
2013-04-08,51223.7755158,0.000879711896973,0.000374395582099,24.0924055949,1.78211657586,0.000470512480628,3.48038342447e-05,12046.2027974,0.235256240314,0.199601023066,0.199601023066,0.399202046131,1.80411241502e-16,2.08166817117e-16,0.08,51223.7755158
2013-04-09,51163.110409,-0.000308003732237,-0.00118431541173,44.3277561496,0.560236602643,0.000865374637135,1.09370423598e-05,22163.8780748,0.432687318567,0.325687766431,0.325687766431,0.651375532862,8.32667268469e-17,1.66533453694e-16,0.08,51163.110409
2013-04-10,51102.4474157,-3.40621960397e-05,-0.00118567836883,58.007213389,0.913052008371,0.00113377026778,1.78459050099e-05,29003.6066945,0.566885133891,0.310975530984,0.310975530984,0.621951061968,-3.46944695195e-17,-3.81639164715e-17,0.08,51102.4474157
2013-04-11,51252.3871725,0.00367001256367,0.00293410128898,36.7360940271,0.870773190119,0.000718871519564,1.70397551224e-05,18368.0470136,0.359435759782,0.27336009909,0.27336009909,0.546720198181,1.66533453694e-16,1.11022302463e-16,0.08,51252.3871725
2013-04-12,51202.7470365,-6.52338858016e-05,-0.00096854290577,45.5290527985,0.767690829376,0.000888330384402,1.49786355666e-05,22764.5263992,0.444165192201,0.307651043805,0.307651043805,0.61530208761,1.80411241502e-16,1.52655665886e-16,0.08,51202.7470365
2013-04-15,51130.1832843,-0.000679531718238,-0.00141718474872,35.1803965496,2.58946497065,0.000687080256154,5.05727743241e-05,17590.1982748,0.343540128077,0.317126786078,0.317126786078,0.634253572157,-8.32667268469e-17,-1.2490009027e-16,0.08,51130.1832843
2013-04-16,51098.9554277,0.000282219639819,-0.000610751901634,44.7693190919,0.888479490223,0.000875594731257,1.73768101961e-05,22384.659546,0.437797365628,0.285640488207,0.285640488207,0.571280976415,9.71445146547e-17,9.71445146547e-17,0.08,51098.9554277
2013-04-17,51022.5543331,-0.000614405107072,-0.00149515961603,44.2058583783,0.799777017821,0.000865102975361,1.56515336004e-05,22102.9291892,0.432551487681,0.284406060486,0.284406060486,0.568812120972,1.94289029309e-16,2.22044604925e-16,0.08,51022.5543331
2013-04-18,51142.9142586,0.00315757154748,0.0023589553106,39.9523102731,0.795130064319,0.000783032343154,1.55838937253e-05,19976.1551366,0.391516171577,0.416731434436,0.416731434436,0.833462868873,4.71844785466e-16,4.64905891562e-16,0.08,51142.9142586
2013-04-19,51036.3466276,-0.000995694265117,-0.00208372230048,54.4770965771,1.16782794631,0.00106519343621,2.28345991472e-05,27238.5482885,0.532596718107,0.374224500642,0.374224500642,0.748449001283,1.38777878078e-16,1.52655665886e-16,0.08,51036.3466276
2013-04-22,50894.1046409,-0.00168183803548,-0.00278707227606,53.2675477249,3.13957008186,0.00104371788431,6.15163562699e-05,26633.7738625,0.521858942153,0.282629577087,0.282629577087,0.565259154174,3.05311331772e-16,3.12250225676e-16,0.08,50894.1046409
2013-04-23,50970.879432,0.00195656692017,0.00150852032116,22.0147562876,0.788174206624,0.000432560046845,1.54865521692e-05,11007.3781438,0.216280023423,0.235207230897,0.235207230897,0.470414461794,1.73472347598e-16,1.80411241502e-16,0.08,50970.879432
2013-04-24,50979.1609082,0.000675921223534,0.00016247465776,25.5139068669,0.656916131922,0.000500558498328,1.28880674464e-05,12756.9534334,0.250279249164,0.232845683513,0.232845683513,0.465691367027,1.66533453694e-16,1.17961196366e-16,0.08,50979.1609082
2013-04-25,51013.2687015,0.00116718372558,0.000669053644081,24.74382741,0.650426168033,0.000485371413911,1.27586675898e-05,12371.913705,0.242685706955,0.264759138075,0.264759138075,0.52951827615,-2.77555756156e-17,-4.85722573274e-17,0.08,51013.2687015
2013-04-26,51008.4765934,0.000581260097307,-9.39384640501e-05,33.7040182921,0.740067345304,0.000660691211326,1.45073500315e-05,16852.009146,0.330345605663,0.262968928533,0.262968928533,0.525937857066,3.46944695195e-17,4.16333634234e-17,0.08,51008.4765934
2013-04-29,51038.4155256,0.00158401217534,0.000586940331792,48.6541331468,2.20498264699,0.000953844074479,4.3227769074e-05,24327.0665734,0.476922037239,0.298727370735,0.298727370735,0.59745474147,8.32667268469e-17,4.85722573274e-17,0.08,51038.4155256
2013-04-30,50745.1763971,-0.00487245464059,-0.00574545909138,43.72133533,0.835428585011,0.000856635827734,1.6368623054e-05,21860.667665,0.428317913867,0.444129429378,0.444129429378,0.888258858757,-3.05311331772e-16,-2.63677968348e-16,0.08,50745.1763971
2013-05-01,50790.0972384,0.00179767971992,0.000885223867215,45.067805735,1.23492746504,0.00088811999356,2.4335859144e-05,22533.9028675,0.44405999678,0.28159038521,0.28159038521,0.56318077042,1.66533453694e-16,1.5959455979e-16,0.08,50790.0972384
2013-05-02,50720.8829888,-0.000714503863522,-0.00136275087696,32.1408574474,0.783671399792,0.000632817403294,1.54296101485e-05,16070.4287237,0.316408701647,0.269984800179,0.269984800179,0.539969600359,5.55111512313e-17,1.2490009027e-16,0.08,50720.8829888
2013-05-03,50531.1018284,-0.00270957635634,-0.00374167698243,51.5987061869,0.750348901845,0.00101730693841,1.47936876811e-05,25799.3530935,0.508653469206,0.413370296099,0.413370296099,0.826740592198,-5.55111512313e-17,5.55111512313e-17,0.08,50531.1018284
2013-05-06,50528.0907346,0.000730795905317,-5.95889212246e-05,36.5053630262,3.4336531274,0.000722433544991,6.79512815505e-05,18252.6815131,0.361216772495,0.346878257627,0.346878257627,0.693756515254,5.55111512313e-17,1.52655665886e-16,0.08,50528.0907346
2013-05-07,50644.1557626,0.00302564639811,0.00229703965201,35.8547189509,0.96038882604,0.000709599718287,1.90070278152e-05,17927.3594754,0.354799859144,0.267287078543,0.267287078543,0.534574157086,-4.99600361081e-16,-3.45209971719e-16,0.08,50644.1557626
2013-05-08,50603.9578773,-0.000131493922716,-0.000793731964989,32.7967589791,0.741727585701,0.000647592174956,1.46458673174e-05,16398.3794895,0.323796087478,0.191123034888,0.191123034888,0.382246069776,-2.22044604925e-16,-2.23779328401e-16,0.08,50603.9578773
2013-05-09,50564.3306895,0.000124783324147,-0.000783084751446,45.4117681564,0.529949699005,0.00089739558053,1.04724950624e-05,22705.8840782,0.448697790265,0.298613162664,0.298613162664,0.597226325329,7.14706072102e-16,7.84095011142e-16,0.08,50564.3306895
2013-05-10,50586.5111013,0.00124240789979,0.000438657280861,39.813760049,0.827352038641,0.000787388253856,1.63623650775e-05,19906.8800245,0.393694126928,0.332155106399,0.332155106399,0.664310212799,-3.1918911958e-16,-3.05311331772e-16,0.08,50586.5111013
2013-05-13,50666.3252469,0.00266194773396,0.00157777525736,52.0824370547,2.76206596886,0.0010295716372,5.46008394081e-05,26041.2185274,0.514785818599,0.217460835107,0.217460835107,0.434921670215,-6.93889390391e-17,-1.38777878078e-17,0.08,50666.3252469
2013-05-14,50656.0391289,0.000748886532598,-0.000203016854788,47.6257238125,0.603722816439,0.000939987725189,1.19156621977e-05,23812.8619062,0.469993862594,0.337525871985,0.337525871985,0.67505174397,8.32667268469e-17,5.89805981832e-17,0.08,50656.0391289
2013-05-15,50501.3402751,-0.00188848167722,-0.00305390741971,58.0989904366,0.936861576892,0.00114693117416,1.84945683279e-05,29049.4952183,0.573465587082,0.3379696604,0.3379696604,0.6759393208,3.33066907388e-16,2.22044604925e-16,0.08,50501.3402751
2013-05-16,50585.7977656,0.00249096999747,0.00167238116913,40.4046044274,0.935228538221,0.000800069942842,1.85188855014e-05,20202.3022137,0.400034971421,0.298447555581,0.298447555581,0.596895111163,4.16333634234e-16,2.49800180541e-16,0.08,50585.7977656
2013-05-17,50505.4626852,-0.000837126652236,-0.00158809555191,37.16111663,0.827244257002,0.000734615608953,1.63532907168e-05,18580.558315,0.367307804476,0.341114785593,0.341114785593,0.682229571187,4.71844785466e-16,2.77555756156e-16,0.08,50505.4626852
2013-05-20,50622.998272,0.00308976288976,0.00232718562492,35.6822912804,2.83202631372,0.000706503601459,5.60736633852e-05,17841.1456402,0.353251800729,0.319440485551,0.319440485551,0.638880971103,3.05311331772e-16,2.7582103268e-16,0.08,50622.998272
2013-05-21,50527.1778233,-0.00107513189433,-0.0018928244457,40.5079644972,0.886084117702,0.000800188963119,1.75035882494e-05,20253.9822486,0.400094481559,0.441193148535,0.441193148535,0.882386297071,-5.20417042793e-17,-1.87350135405e-16,0.08,50527.1778233
2013-05-22,50647.7159167,0.00332186962908,0.0023856090639,46.0851112072,1.22149285866,0.000912085598138,2.4174967043e-05,23042.5556036,0.456042799069,0.383228891604,0.383228891604,0.766457783208,6.93889390391e-18,-2.77555756156e-17,0.08,50647.7159167
2013-05-23,50542.4812789,-0.00101100953887,-0.00207777657589,52.9657703865,1.06354345386,0.00104576819365,2.09988433756e-05,26482.8851932,0.522884096823,0.343989994078,0.343989994078,0.687979988156,-4.71844785466e-16,-4.30211422042e-16,0.08,50542.4812789
2013-05-24,50576.8380254,0.00140345864252,0.000679759789755,35.6248722746,0.95266344306,0.00070485008597,1.88487667988e-05,17812.4361373,0.352425042985,0.422278590077,0.422278590077,0.844557180153,-2.49800180541e-16,-2.22044604925e-16,0.08,50576.8380254
2013-05-28,50417.8451431,-0.00188323518577,-0.00314359079101,59.0637019358,4.6810993648,0.00116780139372,9.25542115237e-05,29531.8509679,0.583900696858,0.425020733097,0.425020733097,0.850041466194,-1.2490009027e-16,-9.71445146547e-17,0.08,50417.8451431
2013-05-29,50315.5977066,-0.00112161817889,-0.00202800092492,44.5236934503,1.17417147967,0.000883093938741,2.3288807293e-05,22261.8467251,0.44154696937,0.324854269295,0.324854269295,0.649708538589,2.77555756156e-17,3.46944695195e-17,0.08,50315.5977066
2013-05-30,50212.150928,-0.00078078290255,-0.00205595845469,63.265590677,0.895629409704,0.00125737531821,1.7800233934e-05,31632.7953385,0.628687659103,0.370557678815,0.370557678815,0.741115357631,-1.57512891619e-15,-1.38777878078e-15,0.08,50212.150928
2013-05-31,50123.3152626,-0.000593447686554,-0.00176920653248,58.0178464845,1.01953414226,0.00115545431558,2.0304530346e-05,29008.9232423,0.577727157792,0.416450188907,0.416450188907,0.832900377814,-6.93889390391e-17,-1.2490009027e-16,0.08,50123.3152626
2013-06-03,50133.5556971,0.00113446477979,0.000204304812395,43.1913811628,3.43132012763,0.000861702402097,6.84575652998e-05,21595.6905814,0.430851201048,0.384154984207,0.384154984207,0.768309968414,-6.10622663544e-16,-5.6898930012e-16,0.08,50133.5556971
2013-06-04,50197.4863252,0.00192833025667,0.00127520633995,31.6881335549,1.05529070121,0.000632074328546,2.10495881757e-05,15844.0667774,0.316037164273,0.404914533833,0.404914533833,0.809829067665,-2.91433543964e-16,-2.63677968348e-16,0.08,50197.4863252
2013-06-05,50233.8475703,0.00166858603468,0.000724363862711,46.2838430296,1.11373653561,0.000922035074222,2.21870977443e-05,23141.9215148,0.461017537111,0.335757516657,0.335757516657,0.671515033314,-5.96744875736e-16,-5.13478148889e-16,0.08,50233.8475703
2013-06-06,50395.700378,0.00398390413822,0.00322198707659,37.3498396772,0.92418585821,0.00074351938949,1.83976721456e-05,18674.9198386,0.371759694745,0.282590960223,0.282590960223,0.565181920446,9.02056207508e-17,1.38777878078e-16,0.08,50395.700378
2013-06-07,50403.2767378,0.00130379147717,0.000150337423984,57.348775858,0.780349006077,0.00113796961701,1.54844361766e-05,28674.387929,0.568984808505,0.321146079227,0.321146079227,0.642292158454,5.13478148889e-16,4.64905891562e-16,0.08,50403.2767378
2013-06-10,50380.9263696,0.000934129480998,-0.000443430855532,66.7727086123,2.6608462528,0.00132476920022,5.27911363113e-05,33386.3543061,0.662384600109,0.479567465112,0.479567465112,0.959134930224,-3.33066907388e-16,-3.88578058619e-16,0.08,50380.9263696
2013-06-11,50433.9651187,0.0023140599114,0.00105275454213,62.2218396155,1.32389332324,0.00123502769995,2.62776693212e-05,31110.9198077,0.617513849973,0.284640132726,0.284640132726,0.569280265452,5.55111512313e-17,2.77555756156e-17,0.08,50433.9651187
2013-06-12,50364.6809043,-0.000519751669852,-0.00137376100137,42.2844724244,0.786604412345,0.000838412611914,1.55967196014e-05,21142.2362122,0.419206305957,0.352818912203,0.352818912203,0.705637824406,-2.77555756156e-17,-9.71445146547e-17,0.08,50364.6809043
2013-06-13,50308.0213736,-0.000375707273032,-0.00112498540051,36.7634764328,0.973677366032,0.00072994558434,1.93325431344e-05,18381.7382164,0.36497279217,0.396328773974,0.396328773974,0.792657547949,5.55111512313e-17,-8.32667268469e-17,0.08,50308.0213736
2013-06-14,50190.1116763,-0.00133290875926,-0.0023437554107,49.7611734975,1.09252144833,0.000989130006286,2.17166451493e-05,24880.5867487,0.494565003143,0.315361772338,0.315361772338,0.630723544676,-2.77555756156e-17,-1.38777878078e-17,0.08,50190.1116763
2013-06-17,50172.7460315,0.000587149568667,-0.00034599733209,44.2328771475,2.60187001185,0.000881306609413,5.18402913433e-05,22116.4385737,0.440653304706,0.324173139667,0.324173139667,0.648346279334,-3.33066907388e-16,-3.05311331772e-16,0.08,50172.7460315
2013-06-18,50069.3595438,-0.00119015599434,-0.00206061050905,42.7818792378,0.891214060644,0.000852691602945,1.77629117626e-05,21390.9396189,0.426345801473,0.289356216842,0.289356216842,0.578712433683,1.38777878078e-17,-4.16333634234e-17,0.08,50069.3595438
2013-06-19,49998.7867541,-0.000351133483492,-0.00140950054653,52.1979045449,0.793856463412,0.00104251192786,1.58551351694e-05,26098.9522725,0.521255963932,0.43354090888,0.43354090888,0.86708181776,2.77555756156e-16,1.66533453694e-16,0.08,49998.7867541
2013-06-20,49918.7489685,-0.000627901836386,-0.00160079455529,47.4557010964,1.18775449054,0.00094913705266,2.375566624e-05,23727.8505482,0.47456852633,0.437573827873,0.437573827873,0.875147655745,-3.1918911958e-16,-3.22658566532e-16,0.08,49918.7489685
2013-06-21,49794.1892568,-0.00111909374976,-0.00249524906544,67.4990674676,1.19688427774,0.00135217866758,2.39766481026e-05,33749.5337338,0.676089333791,0.315367866489,0.315367866489,0.630735732979,-5.82867087928e-16,-5.48172618409e-16,0.08,49794.1892568
2013-06-24,49797.5352164,0.00122403281442,6.71957839333e-05,55.0223668742,2.58139516101,0.00110499573736,5.18412931216e-05,27511.1834371,0.552497868681,0.217920865025,0.217920865025,0.43584173005,-1.66533453694e-16,-1.31838984174e-16,0.08,49797.5352164
2013-06-25,49684.8148404,-0.00151649163234,-0.00226357339723,36.6082046365,0.5946258603,0.000735140895577,1.19408693164e-05,18304.1023183,0.367570447788,0.239307848191,0.239307848191,0.478615696382,2.63677968348e-16,2.01227923213e-16,0.08,49684.8148404
2013-06-26,49569.329283,-0.00182508786955,-0.00232436324579,24.1548996297,0.651504993273,0.000486162617438,1.3112758805e-05,12077.4498149,0.243081308719,0.17682761791,0.17682761791,0.353655235821,1.80411241502e-16,1.38777878078e-16,0.08,49569.329283
2013-06-27,49538.584207,-0.000176924785233,-0.000620243937519,21.494746658,0.480286379097,0.000433629967743,9.68918454303e-06,10747.373329,0.216814983871,0.225589582425,0.225589582425,0.45117916485,2.77555756156e-17,1.73472347598e-17,0.08,49538.584207
2013-06-28,49560.49469,0.000903305029177,0.000442291264106,22.2256191654,0.612350056174,0.000448652692062,1.23610730096e-05,11112.8095827,0.224326346031,0.275057630403,0.275057630403,0.550115260805,8.60422844084e-16,7.14706072102e-16,0.08,49560.49469
2013-07-01,49519.166356,0.000135383668352,-0.000833896721265,45.7971401675,2.24087543524,0.000924065436674,4.52149529429e-05,22898.5700838,0.462032718337,0.341352462956,0.341352462956,0.682704925913,2.8449465006e-16,1.52655665886e-16,0.08,49519.166356
2013-07-02,49533.6666174,0.00171037268696,0.000292821194725,69.2697495651,0.926218597215,0.00139884724769,1.87042445456e-05,34634.8747825,0.699423623846,0.408380773316,0.408380773316,0.816761546633,6.24500451352e-16,5.55111512313e-16,0.08,49533.6666174
2013-07-03,49575.4705591,0.00159773328907,0.000843950075884,36.2292301053,1.10841627827,0.000731406184507,2.23770286749e-05,18114.6150526,0.365703092253,0.378582885011,0.378582885011,0.757165770022,1.80411241502e-16,1.94289029309e-16,0.08,49575.4705591
2013-07-05,49623.1640916,0.00196149974711,0.000962038927214,47.4919267894,2.05681366247,0.000957972284554,4.14885353437e-05,23745.9633947,0.478986142277,0.30077457577,0.30077457577,0.601549151541,1.2490009027e-16,1.38777878078e-16,0.08,49623.1640916
2013-07-08,49613.677191,0.000525258990904,-0.000191178873338,33.0984255681,2.45348813064,0.000666995468225,4.94423960171e-05,16549.2127841,0.333497734113,0.369308712181,0.369308712181,0.738617424362,3.05311331772e-16,3.60822483003e-16,0.08,49613.677191
2013-07-09,49518.9927251,-0.000901760764579,-0.00190843475741,48.9408114906,1.0039870263,0.000986437899012,2.02360938181e-05,24470.4057453,0.493218949506,0.389237187681,0.389237187681,0.778474375361,7.6327832943e-16,7.21644966006e-16,0.08,49518.9927251
2013-07-10,49540.6094842,0.00149986977252,0.000436534710571,51.5991368976,1.05614429946,0.00104200699687,2.13280650784e-05,25799.5684488,0.521003498436,0.397703543022,0.397703543022,0.795407086043,1.02695629778e-15,9.29811783124e-16,0.08,49540.6094842
2013-07-11,49586.330367,0.00186890929815,0.000922897058684,45.7864352012,1.07958772139,0.000924220264504,2.17919749601e-05,22893.2176006,0.462110132252,0.389537686949,0.389537686949,0.779075373899,2.77555756156e-17,-9.71445146547e-17,0.08,49586.330367
2013-07-12,49565.3510724,0.000557255455049,-0.000423086251359,47.5531507711,1.05839695537,0.000958997175616,2.13445307917e-05,23776.5753856,0.479498587808,0.314481797587,0.314481797587,0.628963595174,1.31838984174e-16,0,0.08,49565.3510724
2013-07-15,49574.0568376,0.000918345029212,0.000175642158919,34.2500160642,2.56231244437,0.000691007232334,5.16956379595e-05,17125.0080321,0.345503616167,0.265966745514,0.265966745514,0.531933491027,1.13450915329e-15,9.43689570931e-16,0.08,49574.0568376
2013-07-16,49513.3340659,-0.000194184728695,-0.00122489010596,50.3737784315,0.722468523782,0.00101613185696,1.45735203021e-05,25186.8892157,0.50806592848,0.405912186917,0.405912186917,0.811824373833,7.77156117238e-16,6.66133814775e-16,0.08,49513.3340659
2013-07-17,49407.4709457,-0.000950691587959,-0.00213807294964,57.6899461497,1.10126387464,0.00116513959801,2.22417636667e-05,28844.9730748,0.582569799005,0.269545752425,0.269545752425,0.53909150485,1.11022302463e-16,1.52655665886e-16,0.08,49407.4709457
2013-07-18,49584.9252972,0.00465596229264,0.00359165017237,51.8552400811,0.729730078437,0.00104954249,1.47696302699e-05,25927.6200406,0.524771245002,0.311368358464,0.311368358464,0.622736716928,4.02455846427e-16,3.53883589099e-16,0.08,49584.9252972
2013-07-19,49759.3585138,0.00460585349217,0.00351786789095,53.1017024708,0.845982290102,0.0010709243213,1.70612799158e-05,26550.8512354,0.535462160652,0.317310902302,0.317310902302,0.634621804604,-5.30825383649e-16,-4.30211422042e-16,0.08,49759.3585138
2013-07-22,49691.672615,-0.000348072023907,-0.00136026469874,47.7705754061,2.59548278597,0.000960031978565,5.21606962688e-05,23885.2877031,0.480015989283,0.221939264732,0.221939264732,0.443878529464,-1.2490009027e-16,-1.07552855511e-16,0.08,49691.672615
2013-07-23,49590.8368169,-0.0016768909426,-0.00202922930134,16.9039791785,0.604303193615,0.000340177303136,1.21610556018e-05,8451.98958923,0.170088651568,0.25879453349,0.25879453349,0.51758906698,-2.49800180541e-16,-1.78676518026e-16,0.08,49590.8368169
2013-07-24,49669.8244267,0.00186903461375,0.00159278638791,12.9961567172,0.703223971474,0.000262067703458,1.4180522383e-05,6498.07835858,0.131033851729,0.265414243352,0.265414243352,0.530828486704,-1.87350135405e-16,-1.5959455979e-16,0.08,49669.8244267
2013-07-25,49662.1866423,0.000295452218687,-0.000153771117545,21.5904837532,0.722360485899,0.000434680090022,1.45432462111e-05,10795.2418766,0.217340045011,0.227860445101,0.227860445101,0.455720890202,-9.71445146547e-17,-6.93889390391e-17,0.08,49662.1866423
2013-07-26,49863.7075723,0.00467171183381,0.00405783441306,29.8664376228,0.620057422083,0.000601391916911,1.24855038412e-05,14933.2188114,0.300695958455,0.215499609261,0.215499609261,0.430999218522,-2.56739074445e-16,-1.89084858881e-16,0.08,49863.7075723
2013-07-29,49765.2595811,-0.000821616954631,-0.00197434157977,55.7127220579,1.76640156134,0.00111730003184,3.54245933032e-05,27856.361029,0.558650015918,0.27596804826,0.27596804826,0.551936096521,-6.59194920871e-17,-3.12250225676e-17,0.08,49765.2595811
2013-07-30,49748.3078559,0.000132114413802,-0.000340633713649,22.7739060705,0.752527208645,0.00045762659056,1.5121536891e-05,11386.9530352,0.22881329528,0.288915141112,0.288915141112,0.577830282224,1.66533453694e-16,1.87350135405e-16,0.08,49748.3078559
2013-07-31,49757.9184769,0.000709633100539,0.00019318488264,24.9048611338,0.787563801878,0.000500617251263,1.58309666363e-05,12452.4305669,0.250308625632,0.24673905415,0.24673905415,0.4934781083,9.71445146547e-17,8.67361737988e-17,0.08,49757.9184769
2013-08-01,49674.0976456,-0.00116054886076,-0.00168457270591,25.401611288,0.672724478985,0.000510503896978,1.35199481726e-05,12700.805644,0.255251948489,0.225101286819,0.225101286819,0.450202573638,-1.38777878078e-17,3.46944695195e-17,0.08,49674.0976456
2013-08-02,49577.4185079,-0.00138351819542,-0.00194626862392,27.3414236643,0.612696071321,0.000550416111419,1.2334317086e-05,13670.7118322,0.27520805571,0.225253955021,0.225253955021,0.450507910041,-4.16333634234e-17,1.04083408559e-17,0.08,49577.4185079
2013-08-05,49497.1802359,-0.000845203641452,-0.0016184439283,36.4995023056,1.83575500251,0.000736212239445,3.70280474007e-05,18249.7511528,0.368106119722,0.257798920711,0.257798920711,0.515597841422,7.97972798949e-17,1.17961196366e-16,0.08,49497.1802359
2013-08-06,49499.1142519,0.000402555768139,3.90732555577e-05,17.2921638409,0.699195596881,0.000349356544322,1.41259682581e-05,8646.08192047,0.174678272161,0.257348860028,0.257348860028,0.514697720056,1.94289029309e-16,2.42861286637e-16,0.08,49499.1142519
2013-08-07,49508.3239323,0.000803837915366,0.000186057478523,29.8815821999,0.698002226034,0.000603679129444,1.41013073988e-05,14940.7910999,0.301839564722,0.272201598656,0.272201598656,0.544403197312,3.46944695195e-17,4.98732999343e-17,0.08,49508.3239323
2013-08-08,49485.2308282,5.63578110421e-05,-0.000466448916917,25.1448604625,0.738424379242,0.000507891571868,1.49151560908e-05,12572.4302313,0.253945785934,0.250045569345,0.250045569345,0.500091138691,1.11022302463e-16,1.04083408559e-16,0.08,49485.2308282
2013-08-09,49483.0526359,0.000834449613064,-4.40170183165e-05,42.7931205922,0.678003436528,0.000864765504293,1.37011270874e-05,21396.5602961,0.432382752146,0.307509504864,0.307509504864,0.615019009728,3.0184188482e-16,2.91433543964e-16,0.08,49483.0526359
2013-08-12,49354.3344546,-0.00149343050898,-0.00260125789439,52.317336876,2.50134394771,0.00105727787776,5.05495076489e-05,26158.668438,0.52863893888,0.382789293313,0.382789293313,0.765578586626,-3.95516952523e-16,-4.16333634234e-16,0.08,49354.3344546
2013-08-13,49350.353888,0.000702483072948,-8.06528266178e-05,37.6159559978,1.03519511276,0.000762161143768,2.0974755798e-05,18807.9779989,0.381080571884,0.300286349042,0.300286349042,0.600572698083,3.31332183912e-16,3.60822483003e-16,0.08,49350.353888
2013-08-14,49164.6161306,-0.00276887802298,-0.00376365603892,48.2806341082,0.812013018792,0.000978323969424,1.64540465228e-05,24140.3170541,0.489161984712,0.194469552221,0.194469552221,0.388939104441,-1.52655665886e-16,-7.2858385991e-17,0.08,49164.6161306
2013-08-15,49097.9893898,-0.000966104103137,-0.00135517666978,18.6047118307,0.523891555289,0.000378416700769,1.06558658751e-05,9302.35591535,0.189208350384,0.19977449961,0.19977449961,0.39954899922,-4.02455846427e-16,-2.37657116209e-16,0.08,49097.9893898
2013-08-16,49045.8889864,-0.0006371102763,-0.00106115146558,20.2821163185,0.53745349382,0.00041309464136,1.09465479238e-05,10141.0581593,0.20654732068,0.204984227334,0.204984227334,0.409968454669,-5.13478148889e-16,-4.09394740331e-16,0.08,49045.8889864
2013-08-19,49036.7203411,9.01452295623e-05,-0.000186940139777,11.9372461562,1.65265210813,0.000243389331969,3.369603737e-05,5968.62307812,0.121694665985,0.159234690872,0.159234690872,0.318469381744,-1.38777878078e-17,6.24500451352e-17,0.08,49036.7203411
2013-08-20,49037.9946394,0.000308339984489,2.59866141086e-05,13.4178286303,0.427854630406,0.000273628181839,8.72518854094e-06,6708.91431515,0.13681409092,0.156231536312,0.156231536312,0.312463072624,-1.23165366794e-16,-4.33680868994e-17,0.08,49037.9946394
2013-08-21,48973.0297791,-0.000703930325157,-0.00132478623647,30.0257326185,0.419796232339,0.000612295279187,8.56063212669e-06,15012.8663093,0.306147639593,0.264440587404,0.264440587404,0.528881174809,1.52655665886e-16,2.06432093641e-16,0.08,48973.0297791
2013-08-22,48855.1896629,-0.00177037015832,-0.00240622474581,30.4301115794,0.709614069137,0.000621364692295,1.44898952002e-05,15215.0557897,0.310682346147,0.308300206821,0.308300206821,0.616600413641,-1.2420620088e-15,-1.00613961607e-15,0.08,48855.1896629
2013-08-23,48752.5804762,-0.00148902966442,-0.00210027199678,29.0370414432,0.825318634375,0.000594349170344,1.68931620176e-05,14518.5207216,0.297174585172,0.215707720068,0.215707720068,0.431415440136,-3.46944695195e-16,-2.35922392733e-16,0.08,48752.5804762
2013-08-26,48714.6017285,-0.000276362610907,-0.00077900999935,22.7766490948,1.72870816142,0.000467188585145,3.54588032988e-05,11388.3245474,0.233594292572,0.188483262686,0.188483262686,0.376966525372,-1.11022302463e-16,-6.93889390391e-17,0.08,48714.6017285
2013-08-27,48723.1774454,0.00070636585892,0.000176039968453,25.3314974405,0.503117099958,0.000519998040457,1.03278500102e-05,12665.7487202,0.259999020228,0.204994580658,0.204994580658,0.409989161316,-4.64905891562e-16,-3.60822483003e-16,0.08,48723.1774455
2013-08-28,48703.3920723,-9.51884819482e-06,-0.000406077234706,18.7742976566,0.547286976918,0.00038532580675,1.12325797621e-05,9387.14882829,0.192662903375,0.188498026927,0.188498026927,0.376996053855,-5.55111512313e-17,-2.77555756156e-17,0.08,48703.3920723
2013-08-29,48658.6836608,0.000103371121822,-0.000917973258575,49.23989507,0.503040729331,0.00101101572139,1.03286590097e-05,24619.947535,0.505507860694,0.379328377607,0.379328377607,0.758656755214,-1.11022302463e-16,-9.71445146547e-17,0.08,48658.6836608
2013-08-30,48644.3703973,0.000398030040292,-0.00029415640426,32.6695048271,1.01137641258,0.000671401327971,2.07851165812e-05,16334.7524136,0.335700663985,0.367095563007,0.367095563007,0.734191126014,-8.32667268469e-17,-1.66533453694e-16,0.08,48644.3703973
2013-09-03,48780.9594604,0.00382798893904,0.00280791100765,45.7071566652,3.91389206315,0.000939618629902,8.0459301481e-05,22853.5783326,0.469809314951,0.413300784449,0.413300784449,0.826601568898,-1.11022302463e-16,-1.66533453694e-16,0.08,48780.9594604
2013-09-04,48689.3177237,-0.000772370722024,-0.00187863743927,52.860028116,1.10472377047,0.00108362009892,2.2646618326e-05,26430.014058,0.54181004946,0.300090949015,0.300090949015,0.60018189803,-2.08166817117e-17,-1.38777878078e-17,0.08,48689.3177237
2013-09-05,48563.237549,-0.0017251320838,-0.00258948328963,41.2840554956,0.800614989731,0.000847907866155,1.64433396721e-05,20642.0277478,0.423953933078,0.172055757712,0.172055757712,0.344111515425,-6.93889390391e-17,-6.93889390391e-17,0.08,48563.237549
2013-09-06,48466.0723318,-0.000958369017162,-0.00200079776614,50.1658747108,0.457840253888,0.00103300103623,9.42771275136e-06,25082.9373554,0.516500518115,0.253907308575,0.253907308575,0.507814617151,2.22044604925e-16,1.83880688454e-16,0.08,48466.0723318
2013-09-09,48471.0891009,0.000888322912847,0.00010351094631,36.0138675125,2.0228860246,0.000743073778826,4.1738187711e-05,18006.9337562,0.371536889413,0.22603764194,0.22603764194,0.452075283881,6.93889390391e-17,8.32667268469e-17,0.08,48471.0891009
2013-09-10,48574.4242488,0.00254177469444,0.00213189243137,19.267094999,0.600344694939,0.00039749663885,1.23856242159e-05,9633.54749949,0.198748319425,0.248045983126,0.248045983126,0.496091966251,1.97758476261e-16,2.08166817117e-16,0.08,48574.4242488
2013-09-11,48617.2819403,0.00181531559169,0.000882309819113,44.6600159874,0.660202236579,0.000919414211862,1.35915607192e-05,22330.0079937,0.459707105931,0.293069402811,0.293069402811,0.586138805622,2.18575157973e-16,1.04083408559e-16,0.08,48617.2819403
2013-09-12,48656.353734,0.00174080543556,0.000803660593089,44.7807096671,0.780725358057,0.000921086245054,1.60585974143e-05,22390.3548336,0.460543122527,0.210373160637,0.210373160637,0.420746321274,1.04083408559e-16,4.16333634234e-17,0.08,48656.353734
2013-09-13,48587.8441403,-0.000745288932411,-0.00140802975248,31.6856755602,0.560876214799,0.000651213523592,1.15272964733e-05,15842.8377801,0.325606761796,0.235960087493,0.235960087493,0.471920174986,1.2490009027e-16,4.85722573274e-17,0.08,48587.8441403
2013-09-16,48456.751786,-0.00228478195163,-0.00269804838214,18.195101579,1.88462333497,0.00037447847092,3.87879595879e-05,9097.55078948,0.18723923546,0.191717724378,0.191717724378,0.383435448755,2.35922392733e-16,1.73472347598e-16,0.08,48456.751786
2013-09-17,48474.9186297,0.000782456741631,0.000374908409416,19.2394262827,0.509042092227,0.000397043251428,1.05050807878e-05,9619.71314136,0.198521625714,0.157401655444,0.157401655444,0.314803310888,0,-4.16333634234e-17,0.08,48474.9186297
2013-09-18,48489.8339459,0.000686460360057,0.000307691411695,17.942709982,0.418083969305,0.000370144200119,8.6247482435e-06,8971.35499102,0.18507210006,0.163620445494,0.163620445494,0.327240890987,1.80411241502e-16,1.2490009027e-16,0.08,48489.8339459
2013-09-19,48519.0649388,0.0013488492788,0.000602827243894,35.739748799,0.434735793542,0.000737056531043,8.96550386266e-06,17869.8743995,0.368528265522,0.256423300883,0.256423300883,0.512846601766,1.73472347598e-16,1.17961196366e-16,0.08,48519.0649388
2013-09-20,48441.0839136,-0.000975279324657,-0.00160722440344,29.9796627378,0.68172157739,0.000617894486954,1.40505918292e-05,14989.8313689,0.308947243477,0.169958072128,0.169958072128,0.339916144256,1.80411241502e-16,1.31838984174e-16,0.08,48441.0839136
2013-09-23,48574.8763228,0.00331988480156,0.00276196150911,25.6730468516,1.35336217541,0.000529984979224,2.79383132266e-05,12836.5234258,0.264992489612,0.239985665031,0.239985665031,0.479971330062,4.16333634234e-17,3.81639164715e-17,0.08,48574.8763228
2013-09-24,48607.0869579,0.00165285685183,0.000663113064259,47.4379273328,0.638754739624,0.000976593888115,1.31498994538e-05,23718.9636664,0.488296944058,0.333208928054,0.333208928054,0.666417856109,6.10622663544e-16,5.82867087928e-16,0.08,48607.0869579
2013-09-25,48672.4351089,0.0021120858998,0.00134441611327,36.4267227354,0.887469333759,0.000749411763082,1.8258023455e-05,18213.3613677,0.374705881541,0.315295114309,0.315295114309,0.630590228618,3.60822483003e-16,4.4408920985e-16,0.08,48672.4351089
2013-09-26,48593.8155839,-0.000752371479473,-0.0016152782318,41.1588862777,0.840886629663,0.000845630307702,1.72764446197e-05,20579.4431389,0.422815153851,0.285213809027,0.285213809027,0.570427618053,-8.46545056277e-16,-7.21644966006e-16,0.08,48593.8155839
2013-09-27,48520.326444,-0.000570773627072,-0.00151231466575,44.9936399687,0.75943162947,0.000925912884758,1.56281539193e-05,22496.8199844,0.462956442379,0.389658983827,0.389658983827,0.779317967653,-2.98372437868e-16,-1.66533453694e-16,0.08,48520.326444
2013-09-30,48541.7128177,0.00141919212982,0.000440771431561,44.3653934164,3.10789826254,0.000914367166668,6.40535315879e-05,22182.6967082,0.457183583334,0.430631435764,0.430631435764,0.861262871529,1.38777878078e-16,1.66533453694e-16,0.08,48541.7128177
2013-10-01,48343.8020308,-0.0029439231963,-0.00407712821348,53.8623104538,1.14540205398,0.00110960877413,2.35962430556e-05,26931.1552269,0.554804387065,0.494112537776,0.494112537776,0.988225075551,-1.01307850997e-15,-8.18789480661e-16,0.08,48343.8020308
2013-10-02,48172.0616664,-0.00241103850716,-0.00355247947504,53.8727041969,1.30889198396,0.00111436630827,2.70746596042e-05,26936.3520984,0.557183154135,0.288694660371,0.288694660371,0.577389320741,-3.33066907388e-16,-2.63677968348e-16,0.08,48172.0616664
2013-10-03,48039.2595357,-0.00181144216348,-0.00275682887685,44.7791987273,0.762028327788,0.00092956782787,1.58188854998e-05,22389.5993636,0.464783913935,0.444277652247,0.444277652247,0.888555304495,-1.45716771982e-16,-4.85722573274e-17,0.08,48039.2595357
2013-10-04,47957.7917839,-0.0012554826107,-0.00169585777668,19.985830073,1.16946681875,0.000416031185038,2.43439809451e-05,9992.91503649,0.208015592519,0.382392425818,0.382392425818,0.764784851637,-1.31838984174e-16,-1.04083408559e-16,0.08,47957.7917839
2013-10-07,47985.7891093,0.00120005307584,0.000583790961896,26.5399899248,3.0145802198,0.000553403085037,6.28590289016e-05,13269.9949624,0.276701542519,0.312201185008,0.312201185008,0.624402370016,-2.28983498829e-16,-2.08166817117e-16,0.08,47985.7891093
2013-10-08,48060.1621183,0.0022554492778,0.0015498965503,33.0356156078,0.820888779368,0.000688445813251,1.7106914247e-05,16517.8078039,0.344222906625,0.382456725267,0.382456725267,0.764913450534,-3.81639164715e-16,-2.49800180541e-16,0.08,48060.1621183
2013-10-09,48064.5865172,0.00116560063121,9.20595934866e-05,50.5873819454,1.00717436819,0.00105258450483,2.09565328913e-05,25293.6909727,0.526292252416,0.354513996615,0.354513996615,0.709027993229,-4.7878367937e-16,-3.46944695195e-16,0.08,48064.5865172
2013-10-10,47876.4456988,-0.00281651260106,-0.00391433344329,51.8326298568,0.93367499517,0.00107839541776,1.9425424472e-05,25916.3149284,0.539197708881,0.276936944205,0.276936944205,0.553873888411,-6.17561557448e-16,-4.51028103754e-16,0.08,47876.4456988
2013-10-11,47851.5792841,0.000356581131784,-0.000519387233488,41.2117446644,0.726507209383,0.000860793738193,1.51746270797e-05,20605.8723322,0.430396869096,0.281525791957,0.281525791957,0.563051583914,-2.28983498829e-16,-1.94289029309e-16,0.08,47851.5792841
2013-10-14,47791.5485254,-0.000615392452341,-0.00125451990488,28.3687724192,2.21448554866,0.000592849240163,4.62782123765e-05,14184.3862096,0.296424620081,0.25673031777,0.25673031777,0.513460635541,1.5959455979e-16,1.45716771982e-16,0.08,47791.5485254
2013-10-15,47738.1557904,-0.000567285254902,-0.00111720035689,25.6089907507,0.672303530941,0.000535847687319,1.40674146723e-05,12804.4953754,0.267923843659,0.196206100249,0.196206100249,0.392412200498,3.46944695195e-17,-5.20417042793e-18,0.08,47738.1557904
2013-10-16,47689.5331135,-0.000556143065744,-0.00101852859647,21.5601986718,0.513233829079,0.000451634511532,1.07510191917e-05,10780.0993359,0.225817255766,0.198637640987,0.198637640987,0.397275281975,1.66533453694e-16,1.49186218934e-16,0.08,47689.5331135
2013-10-17,47665.9986194,0.000418416831633,-0.000493493910166,42.9695325117,0.519065005888,0.000901026487498,1.08842543007e-05,21484.7662559,0.450513243749,0.336285731499,0.336285731499,0.672571462998,-1.80411241502e-16,-2.08166817117e-16,0.08,47665.9986194
2013-10-18,47579.3240328,-0.000612381193258,-0.00181837345489,56.6065024527,0.878323025389,0.00118756564621,1.84266154246e-05,28303.2512264,0.593782823106,0.24858079106,0.24858079106,0.49716158212,2.77555756156e-17,2.08166817117e-17,0.08,47579.3240328
2013-10-21,47555.8208519,-2.86704903843e-05,-0.000493978872423,20.1948435982,1.94421468595,0.000424445786248,4.08625957907e-05,10097.4217991,0.212222893124,0.292950198211,0.292950198211,0.585900396421,-2.77555756156e-17,1.04083408559e-17,0.08,47555.8208519
2013-10-22,47525.10145,-0.000243177370619,-0.000645965128146,18.3915332797,0.763369158611,0.000386735691872,1.60520656554e-05,9195.76663987,0.193367845936,0.240986735818,0.240986735818,0.481973471636,-5.55111512313e-17,-2.42861286637e-17,0.08,47525.10145
2013-10-23,47521.8765025,0.000313929470601,-6.78577721627e-05,17.5169202355,0.627557209199,0.000368582490116,1.32047526476e-05,8758.46011774,0.184291245058,0.250439798832,0.250439798832,0.500879597664,4.57966997658e-16,3.81639164715e-16,0.08,47521.8765025
2013-10-24,47571.8154283,0.00153229053564,0.00105086182328,22.226265995,0.652129818707,0.00046770598366,1.37227287031e-05,11113.1329975,0.23385299183,0.238193704707,0.238193704707,0.476387409414,6.93889390391e-18,-3.46944695195e-18,0.08,47571.8154283
2013-10-25,47549.3765298,0.000672605023334,-0.00047168472123,53.8150469931,0.620893531864,0.00113123803472,1.3051709847e-05,26907.5234965,0.565619017359,0.362015009079,0.362015009079,0.724030018158,8.32667268469e-17,1.4224732503e-16,0.08,47549.3765298
2013-10-28,47358.1053451,-0.00287555025767,-0.00402258028858,51.7109319304,2.82963090019,0.00108752071435,5.9509316561e-05,25855.4659652,0.543760357173,0.428146225694,0.428146225694,0.856292451387,1.66533453694e-16,1.2490009027e-16,0.08,47358.1053451
2013-10-29,47240.4710386,-0.00103557269823,-0.00248393185457,67.4805211716,1.11102433203,0.00142489908918,2.34600671613e-05,33740.2605858,0.712449544591,0.247157746164,0.247157746164,0.494315492327,5.13478148889e-16,4.19803081186e-16,0.08,47240.4710386
2013-10-30,47249.6855263,0.000916268339213,0.000195054949271,33.4306877479,0.639772512308,0.000707670499741,1.35428902007e-05,16715.3438739,0.35383524987,0.348058899164,0.348058899164,0.696117798327,6.93889390391e-17,-1.38777878078e-17,0.08,47249.6855263
2013-10-31,47138.0896227,-0.00145374763806,-0.00236183378592,42.0056521211,0.90113279617,0.000889014427361,1.90717205021e-05,21002.8260606,0.44450721368,0.201785578864,0.201785578864,0.403571157728,2.63677968348e-16,1.80411241502e-16,0.08,47138.0896227
2013-11-01,47126.429798,0.000433408098786,-0.000247354629611,31.5686607111,0.521193791838,0.00066970598435,1.10567440473e-05,15784.3303556,0.334852992175,0.255456792631,0.255456792631,0.510913585262,8.32667268469e-17,4.16333634234e-17,0.08,47126.429798
2013-11-04,47089.1461371,-4.56380376568e-05,-0.000791141212725,33.1539277118,1.97897533222,0.00070351027765,4.19928974188e-05,16576.9638559,0.351755138825,0.263127972801,0.263127972801,0.526255945603,1.31838984174e-16,9.71445146547e-17,0.08,47089.1461371
2013-11-05,47019.8652552,-0.000675010093966,-0.0014712707207,36.8163030666,0.678929948713,0.000781842655618,1.44179711124e-05,18408.1515333,0.390921327809,0.265205053469,0.265205053469,0.530410106939,-1.00613961607e-16,-9.54097911787e-17,0.08,47019.8652552
2013-11-06,46999.6464093,0.000369430721968,-0.000430006461718,36.9061461429,0.683282513924,0.000784905399934,1.45317837517e-05,18453.0730715,0.392452699967,0.289734172552,0.289734172552,0.579468345105,4.16333634234e-17,3.12250225676e-17,0.08,46999.6464093
2013-11-07,47002.3202805,0.0011593057203,5.6891305273e-05,51.066928598,0.746159104802,0.00108653856996,1.58758450714e-05,25533.464299,0.543269284979,0.288701017746,0.288701017746,0.577402035491,3.88578058619e-16,2.15105711021e-16,0.08,47002.3202805
2013-11-08,47072.58247,0.00225755878968,0.00149486640311,35.1047711331,0.743540695966,0.000746873152722,1.58192338491e-05,17552.3855666,0.373436576361,0.370969210796,0.370969210796,0.741938421592,6.93889390391e-16,3.98986399475e-16,0.08,47072.58247
2013-11-11,47009.1815078,-0.000226797794684,-0.0013468766492,49.854459797,2.87054445518,0.00105909761439,6.09812401308e-05,24927.2298985,0.529548807194,0.307335477164,0.307335477164,0.614670954327,4.23272528138e-16,3.29597460436e-16,0.08,47009.1815078
2013-11-12,47003.5480589,0.000461034412235,-0.000119837204308,26.5146505299,0.791648724919,0.000564031316425,1.68403001186e-05,13257.325265,0.282015658212,0.296175428411,0.296175428411,0.592350856822,3.40005801291e-16,1.94289029309e-16,0.08,47003.5480589
2013-11-13,47040.0140832,0.00154925031552,0.000775814290562,35.591426631,0.762810738805,0.000757207234365,1.62287905979e-05,17795.7133155,0.378603617182,0.227860150776,0.227860150776,0.455720301552,1.80411241502e-16,5.55111512313e-17,0.08,47040.0140832
2013-11-14,47016.568271,0.000723553416542,-0.000498422729654,56.8944576085,0.587317517891,0.00120949065848,1.24854877138e-05,28447.2288042,0.604745329241,0.396718184728,0.396718184728,0.793436369455,1.38777878078e-16,8.32667268469e-17,0.08,47016.568271
2013-11-15,46850.4367251,-0.0026123832697,-0.00353346813684,42.2842041903,1.02204534885,0.000899346884413,2.17379827248e-05,21142.1020952,0.449673442207,0.319245294961,0.319245294961,0.638490589922,-2.22044604925e-16,-1.66533453694e-16,0.08,46850.4367251
2013-11-18,46795.1869227,-0.000307520188788,-0.00117928041403,38.38369826,2.45864901228,0.000819281546621,5.24786786237e-05,19191.84913,0.40964077331,0.277370278018,0.277370278018,0.554740556035,3.0184188482e-16,2.25514051877e-16,0.08,46795.1869227
2013-11-19,46706.7102845,-0.00140077096948,-0.00189072090543,22.2160882048,0.7112106305,0.000474751564547,1.51983713982e-05,11108.0441024,0.237375782274,0.27134463164,0.27134463164,0.54268926328,-1.2490009027e-16,-1.47451495458e-16,0.08,46706.7102845
2013-11-20,46678.5766727,0.00019324325307,-0.000602346249244,36.4649237271,0.694444662863,0.000780721303319,1.4868198994e-05,18232.4618635,0.39036065166,0.335342999401,0.335342999401,0.670685998803,9.36750677027e-17,6.24500451352e-17,0.08,46678.5766727
2013-11-21,46703.015107,0.00120282006036,0.000523547116772,30.8497772526,0.857716926533,0.000660897984719,1.83749588713e-05,15424.8886263,0.33044899236,0.406132968593,0.406132968593,0.812265937187,-8.32667268469e-17,-1.52655665886e-16,0.08,46703.015107
2013-11-22,46714.66537,0.00111425794788,0.000249454195581,39.3496202883,1.03932242015,0.000842549891011,2.22538612928e-05,19674.8101441,0.421274945506,0.316734265778,0.316734265778,0.633468531557,-6.93889390391e-17,-1.38777878078e-17,0.08,46714.66537
2013-11-25,46480.9699473,-0.00415665107004,-0.00500261365141,37.0866174957,2.43224140883,0.000793896674672,5.20659067033e-05,18543.3087478,0.396948337336,0.297735804443,0.297735804443,0.595471608887,-4.99600361081e-16,-4.02455846427e-16,0.08,46480.9699473
2013-11-26,46489.6294809,0.000804629055465,0.000186302773414,27.98210128,0.75830405362,0.000602011991396,1.63142906544e-05,13991.05064,0.301005995698,0.328808135626,0.328808135626,0.657616271252,-1.11022302463e-16,-8.67361737988e-17,0.08,46489.6294809
2013-11-27,46467.9384525,0.000175912683203,-0.000466577788008,29.0315456833,0.837598268251,0.000624473587066,1.80168841439e-05,14515.7728417,0.312236793533,0.296652587487,0.296652587487,0.593305174975,-5.55111512313e-17,-1.04083408559e-17,0.08,46467.9384525
2013-11-29,46407.9087071,-0.000674695476359,-0.00129185299275,27.1673707279,1.51066675914,0.000584647643788,3.25098726014e-05,13583.6853639,0.292323821894,0.357668493417,0.357668493417,0.715336986834,2.77555756156e-16,2.23779328401e-16,0.08,46407.9087071
2013-12-02,46269.2860631,-0.00217092842435,-0.00298704785106,35.1458511709,2.72854467779,0.000757324605871,5.87948208357e-05,17572.9255855,0.378662302936,0.407456738878,0.407456738878,0.814913477756,4.85722573274e-16,5.34294830601e-16,0.08,46269.2860631
2013-12-03,46195.5362497,-0.000904987962637,-0.00159392590011,30.8436400754,1.0330264334,0.000666611540825,2.23263966509e-05,15421.8200377,0.333305770413,0.396420893823,0.396420893823,0.792841787647,1.38777878078e-16,1.90819582357e-16,0.08,46195.5362497
2013-12-04,46081.1538042,-0.00142940067783,-0.0024760497396,47.3470694258,1.00344524771,0.00102492736895,2.17216928122e-05,23673.5347129,0.512463684477,0.243937500482,0.243937500482,0.487875000963,-5.55111512313e-17,6.24500451352e-17,0.08,46081.1538042
2013-12-05,46063.9654751,0.00033046163844,-0.000373001274419,31.8004417801,0.615940902921,0.000690096474476,1.33664383826e-05,15900.22089,0.345048237238,0.310277418832,0.310277418832,0.620554837664,1.11022302463e-16,2.02962646689e-16,0.08,46063.9654751
2013-12-06,46116.4685998,0.00191908123032,0.00113978734097,35.1142101943,0.783156619659,0.000762292386949,1.70015024018e-05,17557.1050972,0.381146193474,0.244911685106,0.244911685106,0.489823370213,3.05311331772e-16,3.46944695195e-16,0.08,46116.4685998
2013-12-09,45973.7155593,-0.00215407829229,-0.00309548941824,41.5579327331,1.85662389632,0.000901151670865,4.0259455086e-05,20778.9663666,0.450575835433,0.241036823202,0.241036823202,0.482073646404,1.14491749414e-16,1.04083408559e-16,0.08,45973.7155593
2013-12-10,45952.7697795,0.000125898193994,-0.000455603370495,26.1265898054,0.607197717764,0.000568294067328,1.32074971617e-05,13063.2949027,0.284147033664,0.308054647263,0.308054647263,0.616109294526,2.91433543964e-16,2.49800180541e-16,0.08,45952.7697795
2013-12-11,45880.605595,-0.000376890811271,-0.00157039901811,54.0693385828,0.7756692759,0.00117662850014,1.68797066993e-05,27034.6692914,0.588314250069,0.381688207993,0.381688207993,0.763376415985,1.38777878078e-17,4.85722573274e-17,0.08,45880.605595
2013-12-12,45813.0742803,-0.000371484907951,-0.00147189239984,49.5277957659,0.959566363351,0.00107949306954,2.09144223558e-05,24763.8978829,0.539746534768,0.289289275064,0.289289275064,0.578578550127,-1.31838984174e-16,-1.2490009027e-16,0.08,45813.0742803
2013-12-13,45718.2604693,-0.000769625543594,-0.00206957975379,58.8286943519,0.72620444093,0.00128410274307,1.58514671268e-05,29414.3471759,0.642051371536,0.399339815419,0.399339815419,0.798679630838,-5.41233724505e-16,-4.02455846427e-16,0.08,45718.2604693
2013-12-16,45613.9379741,-0.00152387852516,-0.00228185617968,31.6522491491,3.00117068993,0.00069233275335,6.56449011647e-05,15826.1245745,0.346166376675,0.311164951701,0.311164951701,0.622329903403,-4.71844785466e-16,-3.05311331772e-16,0.08,45613.9379741
2013-12-17,45624.6266694,0.000932137709652,0.000234329587969,31.0520526101,0.777723770226,0.000680757987343,1.70501343398e-05,15526.026305,0.340378993672,0.373016486203,0.373016486203,0.746032972406,-5.13478148889e-16,-3.60822483003e-16,0.08,45624.6266694
2013-12-18,45579.9016105,-0.000185762278151,-0.00098028328552,35.3171907573,0.932533584906,0.00077408174785,2.0439259518e-05,17658.5953786,0.387040873925,0.291500836892,0.291500836892,0.583001673783,-6.10622663544e-16,-4.57966997658e-16,0.08,45579.9016105
2013-12-19,45637.6349765,0.00216097175348,0.00126664086596,40.0354821087,0.728031751501,0.00087835823892,1.59726485968e-05,20017.7410544,0.43917911946,0.18667951384,0.18667951384,0.373359027679,-4.40619762898e-16,-3.74700270811e-16,0.08,45637.6349765
2013-12-20,45649.1156313,0.00112399019435,0.000251561125184,39.3487713737,0.466828027957,0.000862200054713,1.0229014457e-05,19674.3856869,0.431100027356,0.276840458643,0.276840458643,0.553680917286,-7.6327832943e-17,-1.31838984174e-16,0.08,45649.1156313
2013-12-23,45595.0948244,-0.00069767823807,-0.00118339218901,20.0950114158,2.07740089447,0.000440205930342,4.55080205988e-05,10047.5057079,0.220102965171,0.250928786596,0.250928786596,0.501857573192,-3.46944695195e-16,-3.64291929955e-16,0.08,45595.0948244
2013-12-24,45534.936431,-0.000794799691905,-0.00131940494178,23.2925153286,0.626910784604,0.000510855727317,1.37495225532e-05,11646.2576643,0.255427863658,0.194537280162,0.194537280162,0.389074560324,-6.93889390391e-17,-8.67361737988e-17,0.08,45534.936431
2013-12-26,45517.8362235,2.05968620888e-05,-0.000375540384048,17.0673179991,0.970766321715,0.000374818092146,2.13191539904e-05,8533.65899954,0.187409046073,0.204610408183,0.204610408183,0.409220816366,7.6327832943e-17,6.07153216592e-17,0.08,45517.8362235
2013-12-27,45453.5844088,-0.000943825533014,-0.00141157445238,20.7805941547,0.510324550646,0.000456537390149,1.12115292155e-05,10390.2970773,0.228268695074,0.176574709968,0.176574709968,0.353149419936,4.02455846427e-16,3.46944695195e-16,0.08,45453.5844088
2013-12-30,45418.6720347,0.000238408019503,-0.000768088468799,44.4295382689,1.31933481928,0.000977470508582,2.90259797207e-05,22214.7691345,0.488735254291,0.332676752916,0.332676752916,0.665353505832,-2.77555756156e-16,-3.81639164715e-16,0.08,45418.6720347
2013-12-31,45293.255308,-0.00147260782144,-0.00276134728406,57.7049042331,0.827930758043,0.00127051059945,1.82288631735e-05,28852.4521166,0.635255299726,0.335079666334,0.335079666334,0.670159332668,6.80011602583e-16,5.20417042793e-16,0.08,45293.255308
2014-01-02,45369.1202781,0.00269796036681,0.00167497278641,44.671221341,1.66321631516,0.000986266521079,3.67210593243e-05,22335.6106705,0.49313326054,0.300193138093,0.300193138093,0.600386276186,3.46944695195e-16,2.08166817117e-16,0.08,45369.1202781
2014-01-03,45329.2900959,0.000258360119938,-0.000877913918922,50.8054796427,0.746273895277,0.00111982509979,1.64489390736e-05,25402.7398213,0.559912549893,0.350024198734,0.350024198734,0.700048397467,4.16333634234e-17,-6.93889390391e-18,0.08,45329.2900959
2014-01-06,45308.4047058,0.000537003092777,-0.000460748227716,42.6191921826,2.60816686767,0.000940213096044,5.75382244494e-05,21309.5960913,0.470106548022,0.278677634669,0.278677634669,0.557355269338,-4.51028103754e-16,-4.23272528138e-16,0.08,45308.4047058
2014-01-07,45328.6233693,0.000985764095505,0.00044624531779,23.7528754529,0.691859674194,0.000524248770337,1.52700073791e-05,11876.4377265,0.262124385168,0.236952882252,0.236952882252,0.473905764503,-6.10622663544e-16,-5.55111512313e-16,0.08,45328.6233693
2014-01-08,45249.0237194,-0.00101582441235,-0.00175605707853,32.9651935962,0.588534134567,0.000727248946601,1.29837195754e-05,16482.5967981,0.363624473301,0.304710548364,0.304710548364,0.609421096728,-3.88578058619e-16,-3.46944695195e-16,0.08,45249.0237194
2014-01-09,45197.8360788,-0.000429072742057,-0.00113124298316,31.017019,0.75549889482,0.000685473772702,1.66964684035e-05,15508.5095,0.342736886351,0.316257081706,0.316257081706,0.632514163412,-4.99600361081e-16,-4.71844785466e-16,0.08,45197.8360788
2014-01-10,45287.6228682,0.00260128735372,0.00198652849771,27.0025296875,0.783240314395,0.000597429700847,1.7329155162e-05,13501.2648437,0.298714850424,0.270466648826,0.270466648826,0.540933297652,-2.22044604925e-16,-1.87350135405e-16,0.08,45287.6228682
2014-01-13,45159.4835036,-0.00199648407733,-0.00282945662626,35.7098466679,2.01349998747,0.000788512277888,4.44602710399e-05,17854.923334,0.394256138944,0.265195067685,0.265195067685,0.530390135371,-1.66533453694e-16,-1.52655665886e-16,0.08,45159.4835036
2014-01-14,45153.8502511,0.000579493883117,-0.000124741294785,31.1466737602,0.65622313887,0.000689703941316,1.45312365855e-05,15573.3368801,0.344851970658,0.242943009835,0.242943009835,0.485886019671,5.55111512313e-17,-2.42861286637e-17,0.08,45153.8502511
2014-01-15,45141.5114875,0.000462940402989,-0.000273260498358,32.6412196495,0.601085604694,0.000722888955603,1.33119457444e-05,16320.6098247,0.361444477801,0.280914435934,0.280914435934,0.561828871868,-5.55111512313e-17,-4.85722573274e-17,0.08,45141.5114875
2014-01-16,45085.2783227,-0.000679257052446,-0.00124570850551,24.8756308174,0.694843958177,0.00055105888123,1.5392571832e-05,12437.8154087,0.275529440615,0.345677118403,0.345677118403,0.691354236806,8.32667268469e-17,9.71445146547e-17,0.08,45085.2783227
2014-01-17,45082.4731881,0.000776780292308,-6.22184156254e-05,36.9725204462,0.853969813314,0.000820057495966,1.89412119673e-05,18486.2602231,0.410028747983,0.362623365061,0.362623365061,0.725246730122,-6.93889390391e-17,-6.07153216592e-17,0.08,45082.4731881
2014-01-21,44972.8449925,-0.00152323023218,-0.00243172541109,37.3740954337,3.58311411129,0.000829016085203,7.9479093712e-05,18687.0477168,0.414508042602,0.399621464698,0.399621464698,0.799242929396,1.38777878078e-17,7.6327832943e-17,0.08,44972.8449925
2014-01-22,44955.3798096,0.000799923862148,-0.000388349521245,52.4552612999,0.984773380139,0.00116637631683,2.18970665588e-05,26227.6306499,0.583188158417,0.407145253001,0.407145253001,0.814290506002,-3.12250225676e-16,-1.73472347598e-16,0.08,44955.3798096
2014-01-23,44902.8371668,-0.000383599599891,-0.00116877319467,34.2948528144,1.00292435542,0.000762864265848,2.23093289316e-05,17147.4264072,0.381432132924,0.325835319167,0.325835319167,0.651670638334,-1.94289029309e-16,-1.7694179455e-16,0.08,44902.8371668
2014-01-24,45038.1246951,0.00375666310872,0.0030128948839,32.5956086791,0.801694809849,0.000725914234729,1.78539900913e-05,16297.8043395,0.362957117365,0.302992186561,0.302992186561,0.605984373122,-5.13478148889e-16,-4.16333634234e-16,0.08,45038.1246951
2014-01-27,44971.2914718,-0.000155481464025,-0.00148392553681,57.5874188613,2.24321093918,0.00127863713801,4.98069347772e-05,28793.7094307,0.639318569003,0.464223795614,0.464223795614,0.928447591229,-1.27675647832e-15,-1.02695629778e-15,0.08,44971.2914718
2014-01-28,45169.294682,0.00527802468243,0.00440288023242,38.212444984,1.1439311573,0.000849707529702,2.54369203076e-05,19106.222492,0.424853764851,0.390867858823,0.390867858823,0.781735717647,-4.30211422042e-16,-3.33066907388e-16,0.08,45169.294682
2014-01-29,45149.6949757,0.000792567110199,-0.000433916590394,54.4319940785,0.96740961627,0.00120506628367,2.14174169218e-05,27215.9970393,0.602533141836,0.362285317018,0.362285317018,0.724570634035,2.35922392733e-16,1.66533453694e-16,0.08,45149.6949757
2014-01-30,45003.8566205,-0.00242093057263,-0.00323010720728,35.6378003425,0.896277893563,0.000789325384406,1.98512502475e-05,17818.9001713,0.394662692203,0.296589871344,0.296589871344,0.593179742689,1.45716771982e-16,2.77555756156e-17,0.08,45003.8566205
2014-01-31,44845.2785149,-0.00282009579058,-0.00352365591662,30.9315388696,0.731380166854,0.000687308626246,1.62514997997e-05,15465.7694348,0.343654313123,0.259766620707,0.259766620707,0.519533241414,-3.33066907388e-16,-2.91433543964e-16,0.08,44845.2785149
2014-02-03,44869.052817,0.00143439608177,0.000530140583898,38.6366351649,1.91495448567,0.000861554135561,4.2701362308e-05,19318.3175824,0.430777067781,0.447701084898,0.447701084898,0.895402169797,-3.74700270811e-16,-4.02455846427e-16,0.08,44869.052817
2014-02-04,44809.3035786,-0.000334956920842,-0.00133163583086,43.6193305114,1.10070814381,0.000972147343722,2.45315662958e-05,21809.6652557,0.486073671861,0.279369221407,0.279369221407,0.558738442814,-2.63677968348e-16,-1.80411241502e-16,0.08,44809.3035786
2014-02-05,44862.7062437,0.00186619676477,0.00119177628052,29.5343757662,0.685936452194,0.000659112581708,1.53079025428e-05,14767.1878831,0.329556290854,0.300841686728,0.300841686728,0.601683373456,-4.57966997658e-16,-3.60822483003e-16,0.08,44862.7062437
2014-02-06,44844.0462157,0.000349769405507,-0.000415936299836,33.6120919242,0.739538203702,0.000749221229358,1.64844759851e-05,16806.0459621,0.374610614679,0.307794698954,0.307794698954,0.615589397908,1.66533453694e-16,1.94289029309e-16,0.08,44844.0462157
2014-02-07,44760.4317655,-0.00088249275323,-0.00186456078869,43.283588769,0.756315600265,0.000965202572507,1.68654629564e-05,21641.7943845,0.482601286253,0.375151952611,0.375151952611,0.750303905222,-4.71844785466e-16,-3.64291929955e-16,0.08,44760.4317655
2014-02-10,44572.8132563,-0.00305194879089,-0.00419161526861,48.2516408646,2.76032274683,0.00107799766359,6.16688141279e-05,24125.8204323,0.538998831796,0.402392490929,0.402392490929,0.804784981859,3.88578058619e-16,4.02455846427e-16,0.08,44572.8132563
2014-02-11,44567.460305,0.000983195060192,-0.000120094534772,48.1939394207,0.982781663229,0.00108124069135,2.20489036126e-05,24096.9697104,0.540620345675,0.312846789656,0.312846789656,0.625693579311,6.38378239159e-16,5.41233724505e-16,0.08,44567.460305
2014-02-12,44570.7898357,0.000883709892887,7.4707660251e-05,35.2911865675,0.763988322166,0.000791859942792,1.71422898441e-05,17645.5932838,0.395929971396,0.196680777701,0.196680777701,0.393361555403,4.68375338514e-16,3.88578058619e-16,0.08,44570.7898357
2014-02-13,44568.7241963,0.000544139819806,-4.63451385941e-05,25.8380402912,0.48034069083,0.000579707929485,1.07770289151e-05,12919.0201456,0.289853964742,0.214370162396,0.214370162396,0.428740324792,5.6898930012e-16,4.16333634234e-16,0.08,44568.7241963
2014-02-14,44653.5259424,0.00281889950378,0.00190271872591,40.3094903401,0.523518062671,0.0009044344676,1.17463102683e-05,20154.74517,0.4522172338,0.358816415236,0.358816415236,0.717632830472,1.02695629778e-15,8.32667268469e-16,0.08,44653.5259424
2014-02-18,44610.6850988,0.000174905947014,-0.000959405616307,47.1392479469,3.51176287262,0.00105566686957,7.86446937504e-05,23569.6239735,0.527833434785,0.21204432529,0.21204432529,0.424088650581,4.4408920985e-16,3.74700270811e-16,0.08,44610.6850988
2014-02-19,44563.2019721,-0.000349829750971,-0.00106438909407,31.3586562163,0.518325623152,0.000702940475961,1.16188671392e-05,15679.3281082,0.35147023798,0.252597750595,0.252597750595,0.50519550119,3.88578058619e-16,3.60822483003e-16,0.08,44563.2019721
2014-02-20,44576.7467058,0.000834370304016,0.000303944354599,23.0206806561,0.61679805904,0.000516584976782,1.38409726353e-05,11510.3403281,0.258292488391,0.232856074535,0.232856074535,0.46571214907,2.77555756156e-17,0,0.08,44576.7467058
2014-02-21,44581.2082084,0.000570859876267,0.000100085873456,20.4168082048,0.568765274161,0.000458014765851,1.27592369608e-05,10208.4041024,0.229007382925,0.26622453188,0.26622453188,0.532449063759,-2.77555756156e-17,-4.16333634234e-17,0.08,44581.2082084
2014-02-24,44472.8454021,-0.00169630507,-0.00243068348018,30.788472213,1.95100459494,0.000690615473432,4.37629367473e-05,15394.2361065,0.345307736716,0.338472936686,0.338472936686,0.676945873373,-2.08166817117e-16,-1.7694179455e-16,0.08,44472.8454021
2014-02-25,44431.8195907,-0.000241377782671,-0.000922491265713,29.4662406827,0.824813949921,0.000662567020758,1.85464622842e-05,14733.1203414,0.331283510379,0.323862097202,0.323862097202,0.647724194404,-3.1918911958e-16,-2.98372437868e-16,0.08,44431.8195907
2014-02-26,44479.7522193,0.00206915637286,0.00107879058528,43.2152727821,0.788481220555,0.000972619919243,1.77458683398e-05,21607.636391,0.486309959621,0.293409849424,0.293409849424,0.586819698848,2.77555756156e-17,-1.38777878078e-17,0.08,44479.7522193
2014-02-27,44489.9696382,0.000950520119725,0.000229709437517,31.3463683553,0.715112186361,0.000704733430185,1.60772520232e-05,15673.1841777,0.352366715092,0.211814460245,0.211814460245,0.423628920491,2.42861286637e-16,1.52655665886e-16,0.08,44489.9696382
2014-02-28,44373.5605761,-0.00214599899819,-0.0026165237483,20.4172691668,0.51636267974,0.00045891847832,1.16062717943e-05,10208.6345834,0.22945923916,0.247359677721,0.247359677721,0.494719355441,4.16333634234e-16,3.12250225676e-16,0.08,44373.5605761
2014-03-03,44338.3363033,-0.000391302268619,-0.000793812178642,16.0564861527,1.8043117222,0.000361848045192,4.06618648308e-05,8028.24307634,0.180924022596,0.251885086608,0.251885086608,0.503770173216,6.10622663544e-16,5.06539254985e-16,0.08,44338.3363033
2014-03-04,44423.7762591,0.00237347538573,0.00192699958992,19.1840397017,0.611954283825,0.000432673873247,1.38019225539e-05,9592.01985084,0.216336936624,0.202591271241,0.202591271241,0.405182542483,1.11022302463e-16,1.38777878078e-17,0.08,44423.7762591
2014-03-05,44426.3846453,0.000829117852936,5.87159929093e-05,33.7310163359,0.493143523599,0.000759300968452,1.11008915749e-05,16865.5081679,0.379650484226,0.236656596889,0.236656596889,0.473313193777,3.3653635434e-16,2.70616862252e-16,0.08,44426.3846453
2014-03-06,44393.1270169,0.000609505646357,-0.000748600829139,59.7596622038,0.576098465875,0.00134513899074,1.2967484761e-05,29879.8311019,0.672569495368,0.350048752321,0.350048752321,0.700097504642,-5.55111512313e-17,1.38777878078e-17,0.08,44393.1270169
2014-03-07,44379.8128492,0.000549918862867,-0.000299915068401,36.8752920253,0.851493628707,0.000830653177716,1.91807535518e-05,18437.6460127,0.415326588858,0.339623962947,0.339623962947,0.679247925895,-3.33066907388e-16,-2.28983498829e-16,0.08,44379.8128492
2014-03-10,44406.9522948,0.00138847706818,0.000611526815691,32.0032441276,2.47766267091,0.000721121655839,5.58285966489e-05,16001.6220638,0.360560827919,0.392216553224,0.392216553224,0.784433106449,-5.55111512313e-17,-9.71445146547e-17,0.08,44406.9522948
2014-03-11,44372.5065452,-0.000165950548137,-0.000775683711515,26.1220275662,0.954363932508,0.000588241845393,2.14913179849e-05,13061.0137831,0.294120922696,0.5,0.5,1,-1.11022302463e-16,-5.55111512313e-17,0.0789871241287,44372.5065452
2014-03-12,44278.975691,-0.000707177707775,-0.00210785600165,60.935921652,1.21568511083,0.0013732810336,2.7397260274e-05,30467.960826,0.686640516802,0.296683505525,0.296683505525,0.59336701105,1.11022302463e-16,9.02056207508e-17,0.08,44278.975691
2014-03-13,44199.6182395,-0.000890821904473,-0.00179221515936,39.1929430773,0.719826944059,0.000885136624451,1.62566304397e-05,19596.4715386,0.442568312226,0.280245156401,0.280245156401,0.560490312801,4.71844785466e-16,3.88578058619e-16,0.08,44199.6182395
2014-03-14,44185.4746392,0.000317825895686,-0.000319993721786,27.5126587253,0.678724872679,0.000622463718491,1.53558989809e-05,13756.3293626,0.311231859246,0.341863533299,0.341863533299,0.683727066597,4.99600361081e-16,4.16333634234e-16,0.08,44185.4746392
2014-03-17,44178.1095436,0.000650292095031,-0.000166685898881,33.615480571,2.48307985983,0.000760781248713,5.61967451998e-05,16807.7402855,0.380390624356,0.339441463937,0.339441463937,0.678882927873,0,0,0.08,44178.1095436
2014-03-18,44151.8229536,7.61238149783e-05,-0.000595013917503,28.8279040903,0.821692174106,0.000652538200212,1.85995322705e-05,14413.9520452,0.326269100106,0.36039536381,0.36039536381,0.720790727619,9.43689570931e-16,7.21644966006e-16,0.08,44151.8229536
2014-03-19,44119.2252735,0.000580135399833,-0.000738308815987,57.3398190269,0.871896564177,0.00129869652465,1.97476911677e-05,28669.9095134,0.649348262326,0.298185782583,0.298185782583,0.596371565166,-3.46944695195e-16,-2.49800180541e-16,0.08,44119.2252735
2014-03-20,43985.0977612,-0.00206688544749,-0.00304011485732,42.2172658921,0.72086168302,0.00095689046284,1.63389469908e-05,21108.632946,0.47844523142,0.31346774065,0.31346774065,0.626935481299,1.70002900646e-16,2.15105711021e-16,0.08,43985.0977612
2014-03-21,43983.4333282,0.000940297281445,-3.78408402945e-05,42.2679990338,0.755501874929,0.000960961807183,1.71763145561e-05,21133.9995169,0.480480903592,0.293283798013,0.293283798013,0.586567596026,1.38777878078e-17,-4.16333634234e-17,0.08,43983.4333282
2014-03-24,43907.1762246,-0.000523155227451,-0.00173376878078,51.1264536528,2.12048685635,0.00116240251804,4.82110352898e-05,25563.2268264,0.581201259021,0.371742013782,0.371742013782,0.743484027564,-1.18655085757e-15,-8.81239525796e-16,0.08,43907.1762246
2014-03-25,43820.4993175,-0.00111961092104,-0.00197409431789,36.623589135,0.89436395119,0.00083411397143,2.03694254127e-05,18311.7945675,0.417056985715,0.396315004829,0.396315004829,0.792630009658,2.08166817117e-16,2.35922392733e-16,0.08,43820.4993175
2014-03-26,43988.470033,0.00473155316188,0.00383315384734,38.4167053771,0.951601172527,0.000876683423863,2.17158906756e-05,19208.3526885,0.438341711932,0.393138706123,0.393138706123,0.786277412246,2.49800180541e-16,2.77555756156e-16,0.08,43988.470033
2014-03-27,43992.6931663,0.00102861132048,9.60054598842e-05,40.076312064,0.947592887294,0.00091106401368,2.15418469108e-05,20038.156032,0.45553200684,0.310856974483,0.310856974483,0.621713948965,3.74700270811e-16,3.33066907388e-16,0.08,43992.6931663
2014-03-28,43921.8318961,-0.000920583132868,-0.00161075090371,29.6130000448,0.749338931344,0.000673134511971,1.70332588758e-05,14806.5000224,0.336567255986,0.290127535295,0.290127535295,0.580255070591,1.80411241502e-16,1.66533453694e-16,0.08,43921.8318961
2014-03-31,43895.3001721,0.00036621936172,-0.000604066880276,40.522020527,2.09472868499,0.000922594044414,4.76921975828e-05,20261.0102635,0.461297022207,0.407482035396,0.407482035396,0.814964070791,1.11022302463e-16,1.11022302463e-16,0.08,43895.3001721
2014-04-01,43899.0568013,0.000807599589887,8.55815805385e-05,30.7131125235,0.980084726489,0.000699690226587,2.23277827614e-05,15356.5562618,0.349845113294,0.387195037807,0.387195037807,0.774390075614,1.2490009027e-16,8.32667268469e-17,0.08,43899.0568013
2014-04-02,43868.3982996,0.000288349881691,-0.00069838634223,42.3854198455,0.931369696321,0.000965520057466,2.12161664552e-05,21192.7099227,0.482760028733,0.25711279258,0.25711279258,0.514225585161,-1.80411241502e-16,-2.00360561475e-16,0.08,43868.3982996
2014-04-03,43870.110522,0.00121175079794,3.9030885473e-05,50.8273098909,0.618034322895,0.00115863154027,1.40883721962e-05,25413.6549454,0.579315770134,0.466457738604,0.466457738604,0.932915477207,2.22044604925e-16,1.80411241502e-16,0.08,43870.110522
2014-04-04,43765.383137,-0.00123096384381,-0.00238721497844,49.603574517,1.12129055049,0.00113069180649,2.55593281427e-05,24801.7872585,0.565345903245,0.224086965415,0.224086965415,0.44817393083,2.63677968348e-16,2.08166817117e-16,0.08,43765.383137
2014-04-07,43778.1756337,0.00115375618823,0.00029229714879,36.0899339213,1.61215099683,0.000824622825951,3.68362134929e-05,18044.9669606,0.412311412975,0.340764937281,0.340764937281,0.681529874562,8.32667268469e-17,2.77555756156e-17,0.08,43778.1756337
2014-04-08,43706.3304703,0.000250933275736,-0.00164111825988,82.0131360907,0.817428343787,0.00187337948426,1.86720513579e-05,41006.5680453,0.936689742131,0.452157492747,0.452157492747,0.904314985494,7.35522753814e-16,6.52256026967e-16,0.08,43706.3304703
2014-04-09,43847.5456172,0.00417302597373,0.00323099984303,40.0896481308,1.08285724946,0.000917250377678,2.47757530272e-05,20044.8240654,0.458625188839,0.388907048715,0.388907048715,0.777814097429,2.77555756156e-16,2.22044604925e-16,0.08,43847.5456172
2014-04-10,43743.5319357,-0.00158180830035,-0.00237216656121,33.7208797839,0.934390112842,0.000769048285583,2.1309975272e-05,16860.439892,0.384524142791,0.351918075641,0.351918075641,0.703836151281,1.73472347598e-16,-1.38777878078e-17,0.08,43743.5319357
2014-04-11,43516.1674978,-0.00422158556868,-0.00519766986848,41.8538602428,0.843514497564,0.000956801117577,1.92831822269e-05,20926.9301214,0.478400558788,0.468319082972,0.468319082972,0.936638165945,7.14706072102e-16,4.16333634234e-16,0.08,43516.1674978
2014-04-14,43387.3555676,-0.00202787497685,-0.00296009363038,37.2165362238,3.35004684773,0.000855234694685,7.69839588448e-05,18608.2681119,0.427617347342,0.432955998173,0.432955998173,0.865911996346,9.29811783124e-16,7.91033905045e-16,0.08,43387.3555676
2014-04-15,43146.6549114,-0.00450727378718,-0.00554771437448,44.1126607306,1.02930497742,0.00101671697096,2.37236163383e-05,22056.3303653,0.508358485479,0.366611141575,0.366611141575,0.73322228315,8.04911692853e-16,6.24500451352e-16,0.08,43146.6549114
2014-04-16,43062.1011189,-0.00104841190077,-0.0019596836133,38.4515839514,0.866742159574,0.000891183430796,2.00882817301e-05,19225.7919757,0.445591715398,0.377689554167,0.377689554167,0.755379108335,3.33066907388e-16,2.63677968348e-16,0.08,43062.1011189
2014-04-17,43021.2565231,-9.400791774e-05,-0.000948504477379,35.9052333789,0.891183877977,0.000833801241603,2.06953180366e-05,17952.6166895,0.416900620801,0.398772659524,0.398772659524,0.797545319049,8.32667268469e-17,8.67361737988e-18,0.08,43021.2565231
2014-04-21,42976.4883112,-2.2741598154e-05,-0.00104060679718,40.0296862159,3.76015361749,0.000930462972284,8.7402226745e-05,20014.843108,0.465231486142,0.291729515606,0.291729515606,0.583459031211,6.93889390391e-17,2.77555756156e-17,0.08,42976.4883112
2014-04-22,43085.7371806,0.00307428080244,0.00254206133839,22.1859367199,0.68698685575,0.000516234285112,1.59851789373e-05,11092.96836,0.258117142556,0.23113583651,0.23113583651,0.46227167302,4.02455846427e-16,3.26995375222e-16,0.08,43085.7371806
2014-04-23,43036.497841,-0.000620020014302,-0.00114282226071,21.9796403011,0.545679885199,0.000510137269069,1.2664977343e-05,10989.8201506,0.255068634535,0.261412339621,0.261412339621,0.522824679241,2.11636264069e-16,1.66533453694e-16,0.08,43036.497841
2014-04-24,43056.4583719,0.00107363571543,0.000463804722732,25.6285369627,0.616453237791,0.000595507028881,1.43239638148e-05,12814.2684814,0.29775351444,0.232109076697,0.232109076697,0.464218153394,1.52655665886e-16,1.21430643318e-16,0.08,43056.4583719
2014-04-25,42999.0602939,-0.000549807189828,-0.00133308869933,33.1777225131,0.547605194442,0.000770563203932,1.27183055724e-05,16588.8612565,0.385281601966,0.28687631319,0.28687631319,0.573752626379,6.59194920871e-16,6.48786580015e-16,0.08,42999.0602939
2014-04-28,42920.5675732,-0.000968166701267,-0.00182545200188,34.8347233895,2.02773894045,0.000810127550496,4.71577501134e-05,17417.3616948,0.405063775248,0.255032061356,0.255032061356,0.510064122711,1.52655665886e-16,1.56125112838e-16,0.08,42920.5675732
2014-04-29,42908.6462928,0.000799004010817,-0.000277752160985,45.6151985893,0.599787442342,0.00106278181228,1.39743595263e-05,22807.5992946,0.531390906138,0.320761606389,0.320761606389,0.641523212778,5.27355936697e-16,4.6143644461e-16,0.08,42908.6462928
2014-04-30,42911.8608232,0.000955540736262,7.49156810689e-05,37.0322675681,0.7541614418,0.000863049076761,1.75759784323e-05,18516.133784,0.431524538381,0.209420207115,0.209420207115,0.41884041423,1.49880108324e-15,1.33920652345e-15,0.08,42911.8608232
2014-05-01,42889.5126994,1.71003228927e-05,-0.000520791301646,22.5895135011,0.492417029112,0.000526416544697,1.14750798419e-05,11294.7567505,0.263208272348,0.209676398303,0.209676398303,0.419352796607,4.16333634234e-16,4.37150315946e-16,0.08,42889.5126994
2014-05-02,42917.8017857,0.0013172815731,0.000659580502418,27.7157157632,0.492762660153,0.000646211952965,1.14891177153e-05,13857.8578816,0.323105976483,0.250989703458,0.250989703458,0.501979406916,7.49400541622e-16,6.10622663544e-16,0.08,42917.8017857
2014-05-05,42792.4213091,-0.00210315377178,-0.00292140956435,33.3470122973,1.77072761807,0.000776997211176,4.12585813903e-05,16673.5061486,0.388498605588,0.303047430446,0.303047430446,0.606094860892,2.22044604925e-16,2.49800180541e-16,0.08,42792.4213091
2014-05-06,42677.4264547,-0.00149454700051,-0.00268727150491,50.3289868503,0.710582647687,0.00117611916575,1.66053386546e-05,25164.4934252,0.588059582873,0.304245571617,0.304245571617,0.608491143233,-6.93889390391e-18,0,0.08,42677.4264547
2014-05-07,42675.3967527,0.000734579219304,-4.7559147177e-05,32.6681776536,0.711474959279,0.000765467376255,1.66709902256e-05,16334.0888268,0.382733688127,0.31497929041,0.31497929041,0.629958580819,-2.28983498829e-16,-1.7694179455e-16,0.08,42675.3967527
2014-05-08,42822.9361177,0.00408644104535,0.00345724647563,26.1145872841,0.736540612992,0.000611935430513,1.72591392005e-05,13057.2936421,0.305967715256,0.2985276157,0.2985276157,0.597055231399,3.12250225676e-17,2.94902990916e-17,0.08,42822.9361177
2014-05-09,42799.7437041,-1.2507765874e-07,-0.000541588590355,22.4865736326,0.700483781725,0.000525105835124,1.63576775726e-05,11243.2868163,0.262552917562,0.249801481666,0.249801481666,0.499602963333,-3.12250225676e-17,-2.25514051877e-17,0.08,42799.7437041
2014-05-12,42765.6132003,-0.000177925274882,-0.000797446452034,24.757850715,1.75749688639,0.000578457919891,4.10632572602e-05,12378.9253575,0.289228959946,0.306120122459,0.306120122459,0.612240244918,2.63677968348e-16,1.87350135405e-16,0.08,42765.6132003
2014-05-13,42700.5456238,-0.000719615129637,-0.00152149289271,33.5754564549,0.717337794516,0.00078510405773,1.67737053402e-05,16787.7282274,0.392552028865,0.211182513256,0.211182513256,0.422365026512,4.16333634234e-17,1.73472347598e-17,0.08,42700.5456238
2014-05-14,42755.299158,0.00186102477958,0.00128226778778,24.2191237969,0.494115536561,0.000567185347238,1.1571644562e-05,12109.5618985,0.283592673619,0.294971915458,0.294971915458,0.589943830916,4.02455846427e-16,3.15719672628e-16,0.08,42755.299158
2014-05-15,42753.9703841,0.000975348707886,-3.10785776799e-05,42.3390524155,0.691047259649,0.000990264440884,1.61628446826e-05,21169.5262077,0.495132220442,0.253882063316,0.253882063316,0.507764126632,1.5959455979e-16,6.24500451352e-17,0.08,42753.9703841
2014-05-16,42688.737221,-0.000163857363652,-0.00152578023677,57.6328449106,0.594765272113,0.00134801152718,1.39113459351e-05,28816.4224553,0.674005763592,0.292895070856,0.292895070856,0.585790141712,-9.71445146547e-17,-1.04083408559e-16,0.08,42688.737221
2014-05-19,42609.3581876,-0.00113012580883,-0.00185948422416,29.0800493405,2.05534039119,0.00068121128039,4.81471349352e-05,14540.0246703,0.340605640195,0.249292900784,0.249292900784,0.498585801569,-1.90819582357e-16,-1.2490009027e-16,0.08,42609.3581876
2014-05-20,42563.4225405,-0.000587413135702,-0.00107806475109,20.3243114939,0.582038931679,0.000476991730417,1.36598849745e-05,10162.1557469,0.238495865209,0.26782324956,0.26782324956,0.53564649912,4.85722573274e-17,1.04083408559e-16,0.08,42563.4225405
2014-05-21,42521.225444,-0.000361276879175,-0.000991393407509,26.1952873254,0.624628719846,0.000615441281783,1.46752465512e-05,13097.6436627,0.307720640891,0.269225154544,0.269225154544,0.538450309089,-2.31585584043e-16,-1.11022302463e-16,0.08,42521.225444
2014-05-22,42427.9004791,-0.00164993494695,-0.00219478540299,22.5404332669,0.627275807757,0.000530098392781,1.47520632627e-05,11270.2166335,0.26504919639,0.198279591243,0.198279591243,0.396559182486,-2.28983498829e-16,-1.4224732503e-16,0.08,42427.9004791
2014-05-23,42385.3305178,-0.000344469302988,-0.00100334828742,27.493888321,0.460963658317,0.000648014349297,1.08646351366e-05,13746.9441605,0.324007174648,0.328397340491,0.328397340491,0.656794680983,-8.32667268469e-17,-6.24500451352e-17,0.08,42385.3305178
2014-05-27,42246.4716489,-0.00263748461561,-0.00327610678339,24.01742156,3.05079009707,0.000566644668489,7.19774992858e-05,12008.71078,0.283322334245,0.316487395889,0.316487395889,0.632974791779,-8.60422844084e-16,-6.17561557448e-16,0.08,42246.4716489
2014-05-28,42176.7873595,-0.000821610641509,-0.0016494700438,34.2415099572,0.732628810832,0.00081051762717,1.73417751172e-05,17120.7549786,0.405258813585,0.30921609739,0.30921609739,0.61843219478,1.11022302463e-16,1.04083408559e-16,0.08,42176.7873595
2014-05-29,42147.3609994,7.87178322956e-06,-0.000697690883915,29.0437506036,0.714615977411,0.000688619319342,1.69433478022e-05,14521.8753018,0.344309659671,0.371593714696,0.371593714696,0.743187429392,2.22044604925e-16,2.42861286637e-16,0.08,42147.3609994
2014-05-30,42176.8934798,0.00162597530558,0.000700695836093,38.1399127879,0.858175037721,0.000904918170047,2.03612994354e-05,19069.956394,0.452459085024,0.411498296141,0.411498296141,0.822996592282,-5.55111512313e-17,1.38777878078e-17,0.08,42176.8934798
2014-06-02,42112.0916026,-0.00052190519967,-0.00153643077547,39.9365421068,2.85299503619,0.000946882020268,6.76435555301e-05,19968.2710534,0.473441010134,0.346229070185,0.346229070185,0.69245814037,-6.24500451352e-17,-4.16333634234e-17,0.08,42112.0916026
2014-06-03,42038.3625423,-0.00103496436597,-0.00175078124853,29.3456184404,0.79892768872,0.00069684542666,1.89714559005e-05,14672.8092202,0.34842271333,0.293980219634,0.293980219634,0.587960439269,3.60822483003e-16,3.05311331772e-16,0.08,42038.3625423
2014-06-04,41989.5480298,-0.000328329287005,-0.00116118967545,34.3349117757,0.677175181001,0.000816751883262,1.61085051854e-05,17167.4558879,0.408375941631,0.333871627655,0.333871627655,0.667743255311,-1.07552855511e-16,-1.80411241502e-16,0.08,41989.5480298
2014-06-05,41984.2741489,0.000675263597018,-0.000125599849794,32.8597232751,0.768170890149,0.00078256911105,1.82943357619e-05,16429.8616375,0.391284555525,0.268747115582,0.268747115582,0.537494231164,1.28369537222e-15,1.04083408559e-15,0.08,41984.2741489
2014-06-06,41949.9781417,0.000222547008344,-0.000816877458352,43.0212268311,0.618254935743,0.00102469859735,1.4725869347e-05,21510.6134155,0.512349298675,0.302290398444,0.302290398444,0.604580796888,2.81025203108e-16,1.80411241502e-16,0.08,41949.9781417
2014-06-09,41898.3577139,-4.94216535282e-05,-0.00123052335462,47.46263017,2.08456037378,0.00113141012874,4.96915723469e-05,23731.315085,0.56570506437,0.293739674352,0.293739674352,0.587479348703,-8.53483950181e-16,-7.35522753814e-16,0.08,41898.3577139
2014-06-10,41888.2491452,0.000598655977704,-0.000241264079099,34.5169033225,0.674367668534,0.000823824732182,1.6095324622e-05,17258.4516612,0.411912366091,0.349992974401,0.349992974401,0.699985948802,2.77555756156e-17,1.80411241502e-16,0.08,41888.2491452
2014-06-11,41849.7505419,0.000133489034685,-0.000919078835194,43.2869050162,0.803320159494,0.00103339017265,1.91776972275e-05,21643.4525081,0.516695086326,0.5,0.5,1,-5.82867087928e-16,-3.74700270811e-16,0.0786121131316,41849.7505419
2014-06-12,41756.6205269,-0.00117184905724,-0.00222534217801,42.9418557939,1.146568508,0.0010260958605,2.7397260274e-05,21470.9278969,0.513047930248,0.459619184903,0.459619184903,0.919238369806,-9.71445146547e-17,-2.77555756156e-17,0.08,41756.6205269
2014-06-13,41660.3730911,-0.0013133988744,-0.00230496229457,40.3527131416,1.05162432279,0.000966378807297,2.51846128714e-05,20176.3565708,0.483189403649,0.298674189119,0.298674189119,0.597348378238,-2.22044604925e-16,-1.17961196366e-16,0.08,41660.3730911
2014-06-16,41635.7264114,1.36380782757e-05,-0.000591609673123,23.1694425082,2.04540462762,0.000556150624421,4.90971269785e-05,11584.7212541,0.27807531221,0.311016693711,0.311016693711,0.622033387422,-3.0184188482e-16,-2.22044604925e-16,0.08,41635.7264114
2014-06-17,41679.4036895,0.00175323331338,0.00104903365152,28.6103079687,0.709556491437,0.000687157651246,1.70420106143e-05,14305.1539844,0.343578825623,0.288321783565,0.288321783565,0.576643567129,2.77555756156e-17,6.93889390391e-18,0.08,41679.4036895
2014-06-18,41661.56229,0.000199203469542,-0.000428062734266,25.4856111918,0.658470137515,0.000611467749915,1.5798453894e-05,12742.8055959,0.305733874957,0.332033834154,0.332033834154,0.664067668309,-1.38777878078e-16,-1.19695919842e-16,0.08,41661.56229
2014-06-19,41587.3941945,-0.00103640768635,-0.0017802523807,30.2317568205,0.757975247342,0.000725651059605,1.81936347482e-05,15115.8784102,0.362825529802,0.241393730439,0.241393730439,0.482787460878,2.35922392733e-16,1.31838984174e-16,0.08,41587.3941945
2014-06-20,41571.2737048,0.000263874732085,-0.000387629233626,26.5442735441,0.550078697197,0.000638276911988,1.32270537227e-05,13272.136772,0.319138455994,0.278709485809,0.278709485809,0.557418971618,5.75928194024e-16,4.02455846427e-16,0.08,41571.2737048
2014-06-23,41508.762454,-0.000545398597347,-0.00150371266458,37.9337377565,1.90459862773,0.000912498809295,4.58152579412e-05,18966.8688782,0.456249404647,0.353266389962,0.353266389962,0.706532779925,4.16333634234e-16,2.94902990916e-16,0.08,41508.762454
2014-06-24,41478.9952443,-1.92529348603e-05,-0.000717130745446,28.1645565539,0.803487707613,0.000678520748122,1.93570624637e-05,14082.278277,0.339260374061,0.368137902171,0.368137902171,0.736275804341,0,-2.77555756156e-17,0.08,41478.9952443
2014-06-25,41396.1148025,-0.00111563005288,-0.00199813041047,35.7685163388,0.836711796897,0.000862328417748,2.0171939845e-05,17884.2581694,0.431164208874,0.326284710296,0.326284710296,0.652569420591,6.38378239159e-16,3.85108611667e-16,0.08,41396.1148025
2014-06-26,41335.966576,-0.000555992765209,-0.00145299206863,36.3921809737,0.740105168531,0.00087912068916,1.78786142628e-05,18196.0904869,0.43956034458,0.295725406962,0.295725406962,0.591450813924,9.71445146547e-17,4.16333634234e-17,0.08,41335.966576
2014-06-27,41333.5464128,0.000483196962075,-5.85486039177e-05,21.7237631544,0.669813454128,0.000525541434104,1.62041318883e-05,10861.8815772,0.262770717052,0.207645907929,0.207645907929,0.415291815859,-3.46944695195e-17,-1.64798730218e-17,0.08,41333.5464128
2014-06-30,41316.9765039,0.000362878572057,-0.000400882827126,30.1581055802,1.41086166129,0.000729627825277,3.41335739062e-05,15079.0527901,0.364813912638,0.182362021125,0.182362021125,0.364724042249,-7.6327832943e-17,-5.55111512313e-17,0.08,41316.9765039
2014-07-01,41323.3818637,0.00053430907,0.000155029733156,15.2578180602,0.412857388603,0.000369286897331,9.99243951367e-06,7628.9090301,0.184643448665,0.190654922355,0.190654922355,0.381309844709,-1.04083408559e-17,1.38777878078e-17,0.08,41323.3818637
2014-07-02,41307.242503,6.37603576701e-05,-0.000390562438676,18.3424554351,0.431698967708,0.000443875951285,1.04468450605e-05,9171.22771754,0.221937975643,0.197110531667,0.197110531667,0.394221063335,-4.85722573274e-17,-2.08166817117e-17,0.08,41307.242503
2014-07-03,41333.7846501,0.00144656539358,0.000642554320655,32.7653383077,0.446142056519,0.000793210495843,1.08005770777e-05,16382.6691538,0.396605247921,0.288572682696,0.288572682696,0.577145365393,-4.16333634234e-17,5.20417042793e-18,0.08,41333.7846501
2014-07-07,41240.9695038,-0.00150357995639,-0.00224550321432,28.0521835956,2.61431257479,0.00067867445077,6.32488071663e-05,14026.0917978,0.339337225385,0.265942390986,0.265942390986,0.531884781972,-2.08166817117e-16,-1.43114686768e-16,0.08,41240.9695038
2014-07-08,41198.7786095,-7.28162733013e-05,-0.00102303352351,38.5869095675,0.600971070489,0.000935645064405,1.45721858075e-05,19293.4547837,0.467822532202,0.375411960622,0.375411960622,0.750823921245,3.05311331772e-16,3.40005801291e-16,0.08,41198.7786095
2014-07-09,41159.0133185,0.000127150294539,-0.000965205579776,44.1562475956,0.847480233042,0.00107178535592,2.05705183903e-05,22078.1237978,0.535892677962,0.461338611894,0.461338611894,0.922677223789,4.99600361081e-16,3.81639164715e-16,0.08,41159.0133185
2014-07-10,41094.419989,-0.000570732881664,-0.00156936049348,40.0620755548,1.04045162034,0.000973348783772,2.5278828049e-05,20031.0377774,0.486674391886,0.431735936724,0.431735936724,0.863471873448,2.77555756156e-16,2.49800180541e-16,0.08,41094.419989
2014-07-11,41068.7797045,0.000270931130584,-0.000623935915217,35.8018812332,0.972160981265,0.000871210282144,2.36567636561e-05,17900.9406166,0.435605141072,0.268473623912,0.268473623912,0.536947247824,3.46944695195e-16,3.12250225676e-16,0.08,41068.7797045
2014-07-14,41045.0279768,0.000415267414765,-0.000578340235228,38.9937795888,1.81247410141,0.000949474999487,4.4132650506e-05,19496.8897944,0.474737499743,0.382100874095,0.382100874095,0.764201748191,8.32667268469e-16,6.93889390391e-16,0.08,41045.0279768
2014-07-15,40929.1193178,-0.00154254110928,-0.0028239390895,51.7356547932,0.859361154367,0.00126046094603,2.0937034197e-05,25867.8273966,0.630230473013,0.307033810401,0.307033810401,0.614067620803,5.89805981832e-16,4.71844785466e-16,0.08,40929.1193178
2014-07-16,40819.5904266,-0.00161602746627,-0.00267606273994,42.6977280896,0.688582107426,0.00104321150324,1.68237704329e-05,21348.8640448,0.521605751618,0.332213210653,0.332213210653,0.664426421306,-2.08166817117e-16,-2.01227923213e-16,0.08,40819.5904266
2014-07-17,40667.3969606,-0.00278624221395,-0.00372844177083,37.7171420837,0.743057928393,0.000923996093286,1.82034635974e-05,18858.5710419,0.461998046643,0.311086391346,0.311086391346,0.622172782691,-4.92661467177e-16,-3.95516952523e-16,0.08,40667.3969606
2014-07-18,40702.1284337,0.00137067660196,0.000854037279371,20.317166896,0.693209521419,0.000499593492931,1.70458296628e-05,10158.583448,0.249796746465,0.268438284694,0.268438284694,0.536876569389,-3.33066907388e-16,-2.22044604925e-16,0.08,40702.1284337
2014-07-21,40657.9823167,-0.000637968475213,-0.00108461445922,16.3833858428,1.79605636276,0.000402519142691,4.41268413196e-05,8191.69292142,0.201259571346,0.325984716356,0.325984716356,0.651969432712,-1.94289029309e-16,-1.73472347598e-16,0.08,40657.9823167
2014-07-22,40642.3161788,0.000163359971196,-0.000385315182884,21.5817846665,0.72624004565,0.000530812977841,1.78621762387e-05,10790.8923333,0.26540648892,0.260844642605,0.260844642605,0.52168928521,-1.66533453694e-16,-1.94289029309e-16,0.08,40642.3161788
2014-07-23,40566.8301497,-0.00092345784835,-0.0018573259633,37.3736683787,0.580894818537,0.000919575257826,1.4292857129e-05,18686.8341894,0.459787628913,0.351687408534,0.351687408534,0.703374817068,-3.60822483003e-16,-2.91433543964e-16,0.08,40566.8301497
2014-07-24,40610.9565902,0.00205984063287,0.00108774682017,38.653019747,0.781744842071,0.000952823269758,1.92705429334e-05,19326.5098735,0.476411634879,0.327478081077,0.327478081077,0.654956162154,-1.38777878078e-16,-8.67361737988e-17,0.08,40610.9565902
2014-07-25,40612.0146873,0.000833998878508,2.60544724366e-05,32.0826720168,0.728723185472,0.000790000401629,1.79440044426e-05,16041.3360084,0.395000200815,0.369097575862,0.369097575862,0.738195151725,-2.22044604925e-16,-1.38777878078e-16,0.08,40612.0146873
2014-07-28,40536.3536159,-0.00122965769843,-0.00186302186472,23.2581187409,2.46407608306,0.000572690592181,6.06735741144e-05,11629.0593705,0.28634529609,0.355277915984,0.355277915984,0.710555831968,-1.66533453694e-16,-7.97972798949e-17,0.08,40536.3536159
2014-07-29,40508.3131096,-0.000107856864595,-0.000691737264905,22.879249706,0.78913267037,0.000564413117243,1.94672830676e-05,11439.624853,0.282206558621,0.275286721056,0.275286721056,0.550573442113,4.16333634234e-17,9.71445146547e-17,0.08,40508.3131096
2014-07-30,40404.5411447,-0.00169260293251,-0.00256174490832,34.5964396383,0.611035654326,0.000854057771914,1.50842038935e-05,17298.2198192,0.427028885957,0.303282597817,0.303282597817,0.606565195634,-1.38777878078e-17,4.16333634234e-17,0.08,40404.5411447
2014-07-31,40395.704994,0.000924948373028,-0.000218692020509,45.5368135983,0.671451737094,0.001127022169,1.66182245379e-05,22768.4067991,0.563511084499,0.456106367616,0.456106367616,0.912212735232,-4.30211422042e-16,-2.35922392733e-16,0.08,40395.704994
2014-08-01,40403.9199678,0.00110431974569,0.000203362556254,35.3852261368,1.00957469984,0.000875965059703,2.49921297324e-05,17692.6130684,0.437982529852,0.472357064444,0.472357064444,0.944714128888,-1.36002320517e-15,-1.04083408559e-15,0.08,40403.9199678
2014-08-04,40407.849458,0.00126052511681,9.72551720062e-05,43.8633928148,3.13727293611,0.00108562220819,7.7647736621e-05,21931.6964074,0.542811104093,0.317933701329,0.317933701329,0.635867402657,-9.99200722163e-16,-7.84095011142e-16,0.08,40407.849458
2014-08-05,40331.1276677,-0.00105803027287,-0.00189868531274,33.2651161524,0.703946144707,0.000823234015138,1.74210247303e-05,16632.5580762,0.411617007569,0.348502087038,0.348502087038,0.697004174077,-7.21644966006e-16,-6.10622663544e-16,0.08,40331.1276677
2014-08-06,40320.712133,0.000777785418342,-0.000258250519245,41.0143342609,0.770163406291,0.00101693993282,1.90960047692e-05,20507.1671304,0.508469966409,0.382099321517,0.382099321517,0.764198643033,4.64905891562e-16,4.16333634234e-16,0.08,40320.712133
2014-08-07,40265.3170283,-0.000443904463938,-0.00137386226088,36.6523679279,0.844192698581,0.000909020847822,2.09369491242e-05,18326.183964,0.454510423911,0.414546251042,0.414546251042,0.829092502084,5.82867087928e-16,5.27355936697e-16,0.08,40265.3170283
2014-08-08,40317.4221151,0.0022655911715,0.00129404387433,38.205038766,0.9146211628,0.000948832434105,2.27148630708e-05,19102.519383,0.474416217052,0.394473839933,0.394473839933,0.788947679866,7.21644966006e-16,6.93889390391e-16,0.08,40317.4221151
2014-08-11,40184.7950664,-0.0021157822211,-0.00328957164815,44.7097799718,2.61438383309,0.00110894441227,6.48450147835e-05,22354.8899859,0.554472206136,0.353534812261,0.353534812261,0.707069624521,-8.32667268469e-17,-1.38777878078e-16,0.08,40184.7950664
2014-08-12,40182.6341088,0.000567349884127,-5.37755046319e-05,24.1813458288,0.778450629016,0.000601753618223,1.93717705348e-05,12090.6729144,0.300876809112,0.304254356784,0.304254356784,0.608508713569,1.17961196366e-16,8.32667268469e-17,0.08,40182.6341088
2014-08-13,40188.9973702,0.000908853075998,0.000158358494672,29.4869455185,0.669903643544,0.000733823109721,1.66714716046e-05,14743.4727593,0.366911554861,0.262147423341,0.262147423341,0.524294846681,3.74700270811e-16,3.46944695195e-16,0.08,40188.9973702
2014-08-14,40152.7502608,0.00018352495359,-0.000901916240511,43.0455087962,0.577284499028,0.00107107695173,1.43642423748e-05,21522.7543981,0.535538475863,0.332186521534,0.332186521534,0.664373043068,2.49800180541e-16,2.63677968348e-16,0.08,40152.7502608
2014-08-15,40075.6917407,-0.000903559778652,-0.00191913429634,40.0472495722,0.730860407626,0.000997372516504,1.820200118e-05,20023.6247861,0.498686258252,0.254515404406,0.254515404406,0.509030808812,1.11022302463e-16,1.17961196366e-16,0.08,40075.6917407
2014-08-18,40073.5347179,0.000984334707199,-5.38237187596e-05,39.9282243076,1.67669274908,0.000996320277289,4.18381486695e-05,19964.1121538,0.498160138644,0.378317345232,0.378317345232,0.756634690464,1.38777878078e-16,1.52655665886e-16,0.08,40073.5347179
2014-08-19,39993.6824345,-0.00124485377199,-0.00199264387244,29.1358794963,0.830713055811,0.000727060382903,2.0729717547e-05,14567.9397481,0.363530191451,0.297311611919,0.297311611919,0.594623223838,2.35922392733e-16,2.39391839685e-16,0.08,39993.6824345
2014-08-20,40019.5436601,0.00135018671058,0.000646632767107,27.4861740214,0.65153896938,0.000687262896243,1.62910472284e-05,13743.0870107,0.343631448122,0.363682419242,0.363682419242,0.727364838485,5.16947595841e-16,5.06539254985e-16,0.08,40019.5436601
2014-08-21,40000.2061877,0.000413557367592,-0.0004832007215,35.090347885,0.797501613988,0.000876830285298,1.99278037941e-05,17545.1739425,0.438415142649,0.187814379509,0.187814379509,0.375628759018,1.38777878078e-16,1.2490009027e-16,0.08,40000.2061877
2014-08-22,39949.2831336,-0.000758320574526,-0.00127306979076,20.1784247072,0.411650077007,0.000504458017355,1.02911988772e-05,10089.2123536,0.252229008678,0.205752189724,0.205752189724,0.411504379449,1.80411241502e-16,1.45716771982e-16,0.08,39949.2831336
2014-08-25,39962.2511509,0.000842688716612,0.000324612014514,19.3456171065,1.35117575057,0.000484254424336,3.38222777629e-05,9672.80855324,0.242127212168,0.247241817805,0.247241817805,0.494483635609,-4.16333634234e-17,-7.4593109467e-17,0.08,39962.2511509
2014-08-26,39954.722325,0.000293724076292,-0.00018839844151,18.7253126697,0.541388472225,0.000468575020936,1.3547496866e-05,9362.65633483,0.234287510468,0.176283774573,0.176283774573,0.352567549145,-7.6327832943e-17,-7.2858385991e-17,0.08,39954.722325
2014-08-27,39912.0006969,-5.41057421089e-05,-0.001069251033,40.1739101754,0.385938041833,0.00100548590599,9.65938490809e-06,20086.9550877,0.502742952993,0.347402473138,0.347402473138,0.694804946275,-7.21644966006e-16,-6.73072708679e-16,0.08,39912.0006969
2014-08-28,39875.434961,0.000265346499182,-0.000916158930513,46.3964905882,0.759754945204,0.00116246967774,1.90357519527e-05,23198.2452941,0.581234838871,0.368404959499,0.368404959499,0.736809918997,2.77555756156e-17,1.07552855511e-16,0.08,39875.434961
2014-08-29,39831.2217954,0.0002809368609,-0.00110878202863,54.6106968099,0.804948383661,0.00136953231641,2.01865731232e-05,27305.348405,0.684766158203,0.351308758674,0.351308758674,0.702617517348,1.94289029309e-16,2.01227923213e-16,0.08,39831.2217954
2014-09-02,39827.3357539,0.000915581651895,-9.75626976619e-05,37.2878058819,3.06697141598,0.000936145169573,7.69991799833e-05,18643.902941,0.468072584787,0.32481571921,0.32481571921,0.649631438421,2.22044604925e-16,1.80411241502e-16,0.08,39827.3357539
2014-09-03,39801.9233407,0.000539950520252,-0.000638064605366,46.2083521664,0.708851764775,0.00116021700402,1.77981216006e-05,23104.1760832,0.580108502009,0.303739380531,0.303739380531,0.607478761062,-2.77555756156e-16,-1.28369537222e-16,0.08,39801.9233407
2014-09-04,39679.9748865,-0.00175082763271,-0.00306388344972,51.5997134617,0.66243350901,0.00129641256328,1.66432537277e-05,25799.8567309,0.648206281642,0.370336777728,0.370336777728,0.740673555456,0,-7.97972798949e-17,0.08,39679.9748865
2014-09-05,39694.2562657,0.00151847439349,0.000359914020048,45.1664435617,0.805202961084,0.00113826794727,2.02924261769e-05,22583.2217808,0.569133973634,0.286188849541,0.286188849541,0.572377699081,1.38777878078e-16,6.93889390391e-17,0.08,39694.2562657
2014-09-08,39560.2704683,-0.00287791779806,-0.0033754454678,17.8815847615,1.86740606039,0.000450482927349,4.70447423903e-05,8940.79238076,0.225241463674,0.247552764487,0.247552764487,0.495105528974,1.66533453694e-16,6.93889390391e-17,0.08,39560.2704683
2014-09-09,39501.5523945,-0.00108762631657,-0.00148426876477,15.1546658553,0.536616674975,0.000383077913167,1.35645350404e-05,7577.33292766,0.191538956583,0.282345834889,0.282345834889,0.564691669778,1.2490009027e-16,9.02056207508e-17,0.08,39501.5523945
2014-09-10,39526.773955,0.00124465650617,0.000638495424355,23.3331750321,0.611128700836,0.000590690077166,1.54710046515e-05,11666.5875161,0.295345038583,0.347385484902,0.347385484902,0.694770969804,-1.2490009027e-16,-2.01227923213e-16,0.08,39526.773955
2014-09-11,39496.1764205,0.000214818546249,-0.000774096428385,38.3362335926,0.752385070519,0.000969880153543,1.90348210905e-05,19168.1167963,0.484940076772,0.323401469093,0.323401469093,0.646802938185,1.83880688454e-16,1.82145964978e-16,0.08,39496.1764205
2014-09-12,39373.056033,-0.00233105748388,-0.00311727358406,30.3526327299,0.699897067283,0.000768495471733,1.77206284434e-05,15176.3163649,0.384247735866,0.297571307389,0.297571307389,0.595142614778,-5.55111512313e-17,0,0.08,39373.056033
2014-09-15,39411.6013969,0.00222002565688,0.000978978207693,46.9378649879,1.92596576871,0.00119213161784,4.89158313516e-05,23468.9324939,0.596065808919,0.484939388445,0.484939388445,0.969878776889,-2.77555756156e-16,-1.80411241502e-16,0.08,39411.6013969
2014-09-16,39487.1861467,0.00309410118228,0.00191782995862,45.3114866903,1.04724591118,0.00114969920238,2.65720212846e-05,22655.7433452,0.574849601188,0.312133618677,0.312133618677,0.624267237354,-4.85722573274e-17,0,0.08,39487.1861467
2014-09-17,39420.1190723,-0.0011596338773,-0.00169845159819,20.6010379285,0.675357715253,0.000521714508904,1.71032119823e-05,10300.5189643,0.260857254452,0.301448311724,0.301448311724,0.602896623447,0,0,0.08,39420.1190723
2014-09-18,39333.644442,-0.00153375276528,-0.0021936674049,25.3627833513,0.651130320126,0.000643396923911,1.65177157109e-05,12681.3916757,0.321698461955,0.262320869308,0.262320869308,0.524641738616,-2.77555756156e-17,-1.38777878078e-17,0.08,39333.644442
2014-09-19,39349.8375845,0.0012931374084,0.000411686806064,34.1052927608,0.565371824827,0.000867076856077,1.43737462635e-05,17052.6463804,0.433538428038,0.426836345469,0.426836345469,0.853672690938,0,1.38777878078e-17,0.08,39349.8375845
2014-09-22,39238.0987328,-0.00140369698917,-0.00283962675754,53.7426265868,2.76097658126,0.00136576488966,7.01648787073e-05,26871.3132934,0.682882444831,0.261603823534,0.261603823534,0.523207647067,-1.38777878078e-16,-1.80411241502e-16,0.08,39238.0987328
2014-09-23,39242.7737225,0.000909470865413,0.000119144145232,30.4484610745,0.562456803106,0.000775992264097,1.4334456084e-05,15224.2305372,0.387996132048,0.312819245019,0.312819245019,0.625638490038,1.11022302463e-16,8.32667268469e-17,0.08,39242.7737225
2014-09-24,39183.6357194,-0.000737267772885,-0.00150697816447,29.5329189561,0.672651772511,0.000752569611031,1.7140780549e-05,14766.4594781,0.376284805515,0.219549025946,0.219549025946,0.439098051891,0,2.77555756156e-17,0.08,39183.6357194
2014-09-25,39184.6818903,0.000797082635332,2.66991793088e-05,29.715042291,0.471382413983,0.000758353372409,1.20300836135e-05,14857.5211455,0.379176686205,0.305432171322,0.305432171322,0.610864342645,2.49800180541e-16,1.7694179455e-16,0.08,39184.6818903
2014-09-26,39197.3426113,0.000899648992049,0.000323103835219,21.9359433618,0.655795203963,0.000559809147442,1.67360093875e-05,10967.9716809,0.279904573721,0.2667354655,0.2667354655,0.533470931,-8.32667268469e-17,-1.14491749414e-16,0.08,39197.3426113
2014-09-29,39077.8585323,-0.00180380633166,-0.00304826988363,47.0609812397,1.71868297443,0.00120061662614,4.38469258356e-05,23530.4906198,0.600308313071,0.385794235178,0.385794235178,0.771588470355,6.0368376964e-16,5.6898930012e-16,0.08,39077.8585323
2014-09-30,39031.1116332,-0.000267310274941,-0.00119625027686,35.4749031007,0.82608287917,0.000907800591771,2.11394101467e-05,17737.4515504,0.453900295885,0.322326061202,0.322326061202,0.644652122405,3.60822483003e-16,3.60822483003e-16,0.08,39031.1116332
2014-10-01,38996.9482571,5.78064566651e-05,-0.000875285758405,35.7302705487,0.689355861758,0.000915430513087,1.76617019837e-05,17865.1352744,0.457715256543,0.285544968109,0.285544968109,0.571089936218,-1.66533453694e-16,-1.52655665886e-16,0.08,38996.9482571
2014-10-02,38945.5494467,-0.000449861234912,-0.00131802134992,33.2454371469,0.61015793679,0.000852513815382,1.56462996224e-05,16622.7185734,0.426256907691,0.323815639031,0.323815639031,0.647631278062,8.881784197e-16,8.39606162373e-16,0.08,38945.5494467
2014-10-03,38878.1717805,-0.000878608081753,-0.00173004790463,32.4687682715,0.69102345104,0.000833696500185,1.77433226866e-05,16234.3841357,0.416848250093,0.398571238484,0.398571238484,0.797142476968,1.94289029309e-16,1.7694179455e-16,0.08,38878.1717805
2014-10-06,38845.4021804,0.000253266623574,-0.000842879141577,40.0689015332,2.5472418208,0.0010306272054,6.55185597508e-05,20034.4507666,0.5153136027,0.344191839418,0.344191839418,0.688383678836,1.11022302463e-16,1.14491749414e-16,0.08,38845.4021804
2014-10-07,38805.6437893,-0.000223659924841,-0.00102350314048,30.3376138348,0.732617557775,0.000780983388817,1.88598268174e-05,15168.8069174,0.390491694408,0.385429247054,0.385429247054,0.770858494108,8.32667268469e-17,7.97972798949e-17,0.08,38805.6437893
2014-10-08,38746.911263,-0.000820366314708,-0.00151350475075,26.0781309134,0.819552332446,0.000672019025247,2.11194107975e-05,13039.0654567,0.336009512624,0.355513489038,0.355513489038,0.711026978077,5.34294830601e-16,5.13478148889e-16,0.08,38746.911263
2014-10-09,38629.7240161,-0.00212402203587,-0.00302442809249,34.1331563375,0.754797239046,0.000880925865439,1.94801911802e-05,17066.5781687,0.44046293272,0.335038587131,0.335038587131,0.670077174263,6.93889390391e-16,6.0368376964e-16,0.08,38629.7240161
2014-10-10,38511.2642744,-0.00241387630912,-0.00306654382663,24.5031908343,0.709175241404,0.000634309238764,1.83582787469e-05,12251.5954172,0.317154619382,0.290288840082,0.290288840082,0.580577680165,-1.52655665886e-16,-9.71445146547e-17,0.08,38511.2642744
2014-10-13,38393.5396675,-0.00225677256651,-0.00305688761925,28.9757342619,1.83770798405,0.000752396339301,4.77187134382e-05,14487.867131,0.37619816965,0.193236405787,0.193236405787,0.386472811574,7.00828284295e-16,6.66133814775e-16,0.08,38393.5396675
2014-10-14,38354.8437498,-0.000388335337478,-0.00100787575204,23.3798273115,0.406522170454,0.000608952118352,1.05882962075e-05,11689.9136558,0.304476059176,0.290367822302,0.290367822302,0.580735644604,-6.83481049535e-16,-6.59194920871e-16,0.08,38354.8437498
2014-10-15,38475.0547692,0.00409101048988,0.00313418091739,36.0888014905,0.610247257773,0.00094091900689,1.59105656056e-05,18044.4007452,0.470459503445,0.351699680067,0.351699680067,0.703399360134,6.93889390391e-17,8.32667268469e-17,0.08,38475.0547692
2014-10-16,38563.8164021,0.00337626678698,0.00230699172394,40.398955548,0.741461065911,0.0010500038477,1.92712153461e-05,20199.477774,0.525001923849,0.40799874808,0.40799874808,0.815997496161,7.07767178199e-16,7.49400541622e-16,0.08,38563.8164021
2014-10-17,38583.0320615,0.00188042384887,0.000498282098829,52.4385243169,0.862136373329,0.00135978565425,2.23560957852e-05,26219.2621584,0.679892827127,0.310587171481,0.310587171481,0.621174342961,2.08166817117e-16,2.22044604925e-16,0.08,38583.0320615
2014-10-20,38539.0632583,-0.0003645769711,-0.00113958911081,27.9324451176,1.969873117,0.000723956714265,5.10554254489e-05,13966.2225588,0.361978357132,0.248344119555,0.248344119555,0.49668823911,-8.60422844084e-16,-7.77156117238e-16,0.08,38539.0632583
2014-10-21,38499.4032597,-0.000216537956648,-0.00102908569113,30.7903929376,0.524435601827,0.000798939837517,1.36078969619e-05,15395.1964688,0.399469918759,0.270851521025,0.270851521025,0.541703042051,-4.23272528138e-16,-3.60822483003e-16,0.08,38499.4032597
2014-10-22,38485.5083558,0.000236644559878,-0.000360912190078,22.434201743,0.57137654419,0.000582715570722,1.48411792343e-05,11217.1008715,0.291357785361,0.284285329197,0.284285329197,0.568570658394,2.35922392733e-16,2.77555756156e-16,0.08,38485.5083558
2014-10-23,38473.5684283,0.000280646366271,-0.000310244763501,22.1412460376,0.599499474643,0.00057531385146,1.55772783122e-05,11070.6230188,0.28765692573,0.219251193048,0.219251193048,0.438502386097,-4.7011006199e-16,-4.23272528138e-16,0.08,38473.5684283
2014-10-24,38477.5225727,0.000584359082137,0.000102775607728,18.0660223852,0.462212371438,0.000469569710406,1.20137640027e-05,9033.01119259,0.234784855203,0.165601298564,0.165601298564,0.331202597128,-5.34294830601e-16,-4.71844785466e-16,0.08,38477.5225727
2014-10-27,38434.8019865,-0.000850103581736,-0.00111027382707,8.96326631712,1.04744017045,0.000232948114063,2.72221312708e-05,4481.63315856,0.116474057031,0.17092333083,0.17092333083,0.34184666166,-2.77555756156e-17,1.21430643318e-17,0.08,38434.8019865
2014-10-28,38439.4085854,0.000965731526297,0.000119854888088,32.1511337315,0.359967363032,0.000836510976245,9.3656619633e-06,16075.5668657,0.418255488123,0.355718032093,0.355718032093,0.711436064186,-2.77555756156e-17,6.24500451352e-17,0.08,38439.4085854
2014-10-29,38414.4126034,0.000490080008783,-0.000650269680281,43.0851297773,0.749237850784,0.00112085829005,1.94913990188e-05,21542.5648887,0.560429145023,0.394178716096,0.394178716096,0.788357432192,1.11022302463e-16,9.02056207508e-17,0.08,38414.4126034
2014-10-30,38405.6217735,0.000653291694026,-0.000228841972613,33.0569401299,0.829706511759,0.000860534832881,2.15988337587e-05,16528.470065,0.43026741644,0.324328513988,0.324328513988,0.648657027976,-8.32667268469e-17,-1.38777878078e-17,0.08,38405.6217735
2014-10-31,38330.710762,-0.000961679008511,-0.00195052203411,37.2946085914,0.68252264321,0.000971071600178,1.7771425424e-05,18647.3042957,0.485535800089,0.383455030651,0.383455030651,0.766910061303,4.4408920985e-16,4.02455846427e-16,0.08,38330.710762
2014-11-03,38136.1590374,-0.00396062983125,-0.00507560962683,40.3218413863,2.41612666358,0.00105194609191,6.30337036687e-05,20160.9206931,0.525973045956,0.39810973434,0.39810973434,0.796219468681,3.33066907388e-16,2.98372437868e-16,0.08,38136.1590374
2014-11-04,38077.6765992,-0.000202064133597,-0.001533516737,49.9445772128,0.831911021542,0.00130963837139,2.18142320186e-05,24972.2886064,0.654819185694,0.413098803793,0.413098803793,0.826197607586,6.10622663544e-16,5.75928194024e-16,0.08,38077.6765992
2014-11-05,38006.5766236,-0.00065510675666,-0.00186723513635,45.293123252,0.861909186541,0.0011894928288,2.26355508928e-05,22646.561626,0.594746414398,0.362912489107,0.362912489107,0.725824978214,8.32667268469e-16,7.21644966006e-16,0.08,38006.5766236
2014-11-06,38099.0953631,0.00305433636234,0.00243428237142,22.8103453345,0.755784182186,0.00060016837508,1.98856158415e-05,11405.1726673,0.30008418754,0.37385532974,0.37385532974,0.747710659481,4.4408920985e-16,3.40005801291e-16,0.08,38099.0953631
2014-11-07,38236.6650114,0.004489497383,0.00361083765953,32.6956721106,0.780468485467,0.000858174499921,2.04852235474e-05,16347.8360553,0.42908724996,0.316177190107,0.316177190107,0.632354380213,2.35922392733e-16,2.15105711021e-16,0.08,38236.6650114
2014-11-10,38182.0224821,7.68586406359e-05,-0.0014290610669,55.5940222454,1.98732514559,0.00145394537491,5.19743326203e-05,27797.0111227,0.726972687456,0.449688261496,0.449688261496,0.899376522993,4.30211422042e-16,3.46944695195e-16,0.08,38182.0224821
2014-11-11,38196.1841641,0.00164610467655,0.000370899210895,47.7491014404,0.940822318378,0.00125056501297,2.46404526847e-05,23874.5507202,0.625282506483,0.252808568338,0.252808568338,0.505617136676,3.60822483003e-16,2.32452945781e-16,0.08,38196.1841641
2014-11-12,38136.2058495,-0.00080615620656,-0.00157026980322,28.6571100912,0.529113569014,0.000750261072364,1.38525242925e-05,14328.5550456,0.375130536182,0.231459076548,0.231459076548,0.462918153096,2.77555756156e-17,2.08166817117e-17,0.08,38136.2058495
2014-11-13,38075.3027311,-0.000979722578574,-0.00159698944974,23.0565468198,0.483669643232,0.000604584182043,1.26826891259e-05,11528.2734099,0.302292091022,0.15831496548,0.15831496548,0.31662993096,2.77555756156e-17,3.46944695195e-17,0.08,38075.3027311
2014-11-14,38005.7122545,-0.00133279948356,-0.00182770645681,18.5134374748,0.33029535548,0.000486232180622,8.67479262904e-06,9256.71873739,0.243116090311,0.187659214919,0.187659214919,0.375318429837,1.94289029309e-16,2.18575157973e-16,0.08,38005.7122545
2014-11-17,38002.1317853,0.000342532494456,-9.42087110084e-05,15.4262569477,1.17240363684,0.000405893115341,3.08480901236e-05,7713.12847385,0.20294655767,0.25826209998,0.25826209998,0.516524199961,8.32667268469e-16,8.11850586757e-16,0.08,38002.1317853
2014-11-18,37930.784106,-0.00127281593334,-0.00187746518249,22.4401790604,0.537781389513,0.000590497901201,1.41513479441e-05,11220.0895302,0.295248950601,0.337069974278,0.337069974278,0.674139948556,1.49880108324e-15,1.54043444667e-15,0.08,37930.784106
2014-11-19,37805.4007603,-0.00271940314606,-0.00330558275123,21.5336861101,0.700565940985,0.000567710017539,1.84695876317e-05,10766.8430551,0.28385500877,0.320545534531,0.320545534531,0.641091069062,1.18655085757e-15,1.17961196366e-15,0.08,37805.4007603
2014-11-20,37807.0369644,0.000810066199783,4.32796373928e-05,28.3246539795,0.664019309309,0.000749222423511,1.75641388784e-05,14162.3269897,0.374611211756,0.224142732645,0.224142732645,0.44828546529,9.43689570931e-16,8.18789480661e-16,0.08,37807.0369644
2014-11-21,37786.3549982,0.000383540347799,-0.000547040123074,34.7181520372,0.464338223475,0.000918298677303,1.22817935696e-05,17359.0760186,0.459149338652,0.323403822381,0.323403822381,0.646807644761,3.60822483003e-16,3.05311331772e-16,0.08,37786.3549982
2014-11-24,37740.5118721,-0.000395582782809,-0.00121321906093,28.8866861756,2.00880848881,0.000764474005947,5.31622721721e-05,14443.3430878,0.382237002973,0.305614331619,0.305614331619,0.611228663237,1.94289029309e-16,1.66533453694e-16,0.08,37740.5118721
2014-11-25,37730.2874138,0.000517602571836,-0.000270914668589,29.12704201,0.632002263602,0.000771771249651,1.67459907736e-05,14563.521005,0.385885624826,0.309244065803,0.309244065803,0.618488131606,-1.94289029309e-16,-8.32667268469e-17,0.08,37730.2874138
2014-11-26,37799.7517239,0.00251895702186,0.001841075561,24.9373271462,0.63933520459,0.000660936580542,1.6944880318e-05,12468.6635731,0.330468290271,0.22065874509,0.22065874509,0.441317490181,-1.11022302463e-16,-9.71445146547e-17,0.08,37799.7517239
2014-11-28,37687.2920605,-0.00155649029778,-0.00297514291233,52.7106513214,0.914065290973,0.00139447083426,2.41817802839e-05,26355.3256607,0.697235417132,0.380977611581,0.380977611581,0.761955223161,4.71844785466e-16,4.71844785466e-16,0.08,37687.2920605
2014-12-01,37853.1819574,0.00570586931908,0.00440174626165,46.788644984,2.3602215643,0.00124149660073,6.26264566982e-05,23394.322492,0.620748300367,0.41332044784,0.41332044784,0.82664089568,8.04911692853e-16,6.52256026967e-16,0.08,37853.1819574
2014-12-02,37936.4725932,0.00298907618424,0.002200360219,28.9981215961,0.857287348976,0.000766068269472,2.26476957721e-05,14499.0607981,0.383034134736,0.359018532091,0.359018532091,0.718037064183,0,-8.32667268469e-17,0.08,37936.4725932
2014-12-03,37972.7441939,0.00169574298449,0.000956114216548,27.3126107743,0.74629570976,0.000719956519606,1.96722483338e-05,13656.3053871,0.359978259803,0.300331486995,0.300331486995,0.60066297399,5.55111512313e-16,4.92661467177e-16,0.08,37972.7441939
2014-12-04,37935.1829342,-0.000499693931897,-0.000989163688653,17.9616106459,0.62489921803,0.000473013236921,1.64565198353e-05,8980.80532297,0.23650661846,0.27121741421,0.27121741421,0.54243482842,2.49800180541e-16,1.56125112838e-16,0.08,37935.1829342
2014-12-05,37782.5323158,-0.0032401076158,-0.00402398529886,29.1727798955,0.563763409479,0.000769016454885,1.48612281759e-05,14586.3899477,0.384508227443,0.386112390173,0.386112390173,0.772224780346,5.55111512313e-17,-3.46944695195e-17,0.08,37782.5323158
2014-12-08,37379.3354874,-0.00936935121634,-0.010671514155,46.8009359653,2.39807734672,0.00123869240881,6.34705298915e-05,23400.4679826,0.619346204406,0.312956890193,0.312956890193,0.625913780386,-4.4408920985e-16,-4.99600361081e-16,0.08,37379.3354874
2014-12-09,37394.3535422,0.0018537048518,0.000401774260176,53.6312077795,0.640992909129,0.00143478226887,1.71483227503e-05,26815.6038897,0.717391134436,0.454904161184,0.454904161184,0.909808322369,1.11022302463e-16,5.55111512313e-17,0.08,37394.3535422
2014-12-10,37251.2466438,-0.00308014683624,-0.00382696543376,26.9946974604,0.932101207187,0.000721892342114,2.49262554074e-05,13497.3487302,0.360946171057,0.394505349997,0.394505349997,0.789010699995,-5.55111512313e-16,-4.30211422042e-16,0.08,37251.2466438
2014-12-11,37187.2200301,-0.00104629158554,-0.0017187777459,24.2456976271,0.805250196989,0.000650869428854,2.16167315067e-05,12122.8488136,0.325434714427,0.359299238291,0.359299238291,0.718598476583,-5.55111512313e-16,-4.4408920985e-16,0.08,37187.2200301
2014-12-12,37110.5092303,-0.00160746689938,-0.00206282695325,16.2014463064,0.732128209916,0.00043567242438,1.96876294954e-05,8100.72315322,0.21783621219,0.416258969877,0.416258969877,0.832517939754,-4.16333634234e-16,-4.16333634234e-16,0.08,37110.5092303
2014-12-15,37079.6255777,0.000180317750637,-0.000832207726715,35.0360074687,2.53932860446,0.000944099345318,6.84261320346e-05,17518.0037344,0.472049672659,0.377659314217,0.377659314217,0.755318628435,-1.15185638805e-15,-1.02695629778e-15,0.08,37079.6255777
2014-12-16,37298.4681061,0.00727149648865,0.0059019616567,50.0145255804,0.767313203678,0.00134884117089,2.0693661053e-05,25007.2627902,0.674420585445,0.426623195062,0.426623195062,0.853246390124,-9.43689570931e-16,-8.881784197e-16,0.08,37298.4681061
2014-12-17,37268.4768369,0.000490040315377,-0.000804088498949,47.397110436,0.871911870375,0.0012707522009,2.3376613428e-05,23698.555218,0.635376100449,0.337027689448,0.337027689448,0.674055378897,-8.881784197e-16,-8.25728374565e-16,0.08,37268.4768369
2014-12-18,37175.9754569,-0.00145590412536,-0.00248202738112,37.5538037406,0.688247048636,0.00100765598511,1.84672706547e-05,18776.9018703,0.503827992555,0.436390133447,0.436390133447,0.872780266893,-3.33066907388e-16,-3.1918911958e-16,0.08,37175.9754569
2014-12-19,37080.2109743,-0.00136873924699,-0.00257597767017,43.9913219419,0.888944048803,0.00118332663504,2.39117881341e-05,21995.660971,0.591663317522,0.264825718614,0.264825718614,0.529651437229,-1.38777878078e-16,-1.66533453694e-16,0.08,37080.2109743
2014-12-22,37138.0748375,0.00234891679987,0.00156050523028,27.6202547018,1.61421263304,0.000744878574747,4.35329948407e-05,13810.1273509,0.372439287373,0.27269461666,0.27269461666,0.545389233319,-2.22044604925e-16,-1.97758476261e-16,0.08,37138.0748375
2014-12-23,37059.3269715,-0.00151182165664,-0.00212040786553,22.0467967143,0.554923456508,0.000593644038113,1.49421707759e-05,11023.3983571,0.296822019057,0.320647497203,0.320647497203,0.641294994406,-5.82867087928e-16,-5.89805981832e-16,0.08,37059.3269715
2014-12-24,37047.1145105,0.000659571354049,-0.000329538120467,36.0046092107,0.651122215968,0.000971539748643,1.75697258741e-05,18002.3046054,0.485769874321,0.304173573803,0.304173573803,0.608347147605,4.16333634234e-16,3.74700270811e-16,0.08,37047.1145105
2014-12-26,37099.2652874,0.00203566548498,0.00140768795452,22.0298236214,1.2349318597,0.000594643440184,3.33340902797e-05,11014.9118107,0.297321720092,0.287401003271,0.287401003271,0.574802006542,8.18789480661e-16,7.77156117238e-16,0.08,37099.2652874
2014-12-29,37115.71485,0.00152973070199,0.000443393218647,38.5496047771,1.75271770918,0.00103909348281,4.72440005377e-05,19274.8023886,0.519546741405,0.34274180234,0.34274180234,0.685483604681,3.05311331772e-16,2.77555756156e-16,0.08,37115.71485
2014-12-30,37104.9586957,0.000847638757834,-0.000289800542648,41.5198257768,0.69704695906,0.00111865892775,1.8780372731e-05,20759.9128884,0.559329463876,0.30349094027,0.30349094027,0.60698188054,2.91433543964e-16,2.87964097012e-16,0.08,37104.9586957
2014-12-31,37025.4691475,-0.00135189894896,-0.00214228908913,28.7103513782,0.617042126204,0.000773760499605,1.66296405627e-05,14355.1756891,0.386880249803,0.33999929399,0.33999929399,0.679998587981,-6.24500451352e-17,-7.97972798949e-17,0.08,37025.4691475
2015-01-02,37043.0607547,0.00181967869007,0.000475121789487,48.4032737798,1.37957625971,0.00130729670398,3.72601966017e-05,24201.6368899,0.653648351988,0.308271870395,0.308271870395,0.616543740791,-4.4408920985e-16,-4.71844785466e-16,0.08,37043.0607547
2015-01-05,37040.0280201,0.000611520976231,-8.18705195424e-05,23.808192572,1.87715073272,0.000642716667763,5.06748280102e-05,11904.096286,0.321358333881,0.301319003155,0.301319003155,0.602638006311,-1.08940634291e-15,-1.11022302463e-15,0.08,37040.0280201
2015-01-06,36995.4084493,-0.000207123076899,-0.00120463112759,36.3361719387,0.611554209307,0.000980997420386,1.65106303099e-05,18168.0859694,0.490498710193,0.255881549057,0.255881549057,0.511763098115,2.04697370165e-16,1.17961196366e-16,0.08,36995.4084493
2015-01-07,36948.8748213,-0.000522087309679,-0.00125782171201,26.7000855507,0.51870917381,0.000721713495536,1.40209067977e-05,13350.0427754,0.360856747768,0.228935355163,0.228935355163,0.457870710326,-1.38777878078e-16,-1.99493199737e-16,0.08,36948.8748213
2015-01-08,36943.7547628,0.000445231941034,-0.00013857143306,21.1073762127,0.463501576991,0.000571258971072,1.25444030226e-05,10553.6881063,0.285629485536,0.238582493783,0.238582493783,0.477164987566,1.48492329544e-15,1.38430933383e-15,0.08,36943.7547628
2015-01-09,36892.6036615,-0.000754725874688,-0.00138456693637,22.7857275229,0.482966199508,0.000616768048327,1.3073013358e-05,11392.8637615,0.308384024164,0.252434343257,0.252434343257,0.504868686515,9.92261828259e-16,9.52363188311e-16,0.08,36892.6036615
2015-01-12,36831.4669289,-0.00123237362458,-0.00165715418625,14.1403633416,1.53089756323,0.000383284505245,4.14960564259e-05,7070.18167079,0.191642252622,0.288928524848,0.288928524848,0.577857049696,4.6143644461e-16,4.83987849798e-16,0.08,36831.4669289
2015-01-13,36801.5110384,-0.000249292176409,-0.000813323305214,20.1909891328,0.583104734671,0.000548199428814,1.58316999917e-05,10095.4945664,0.274099714407,0.388233534349,0.388233534349,0.776467068698,2.8449465006e-16,3.50414142147e-16,0.08,36801.5110384
2015-01-14,36655.205314,-0.00295762961301,-0.00397553579623,36.6776045037,0.782881134238,0.000996633112845,2.12730703753e-05,18338.8022518,0.498316556423,0.441884733041,0.441884733041,0.883769466082,1.56819002228e-15,1.55431223448e-15,0.08,36655.205314
2015-01-15,36450.0575474,-0.00439832545162,-0.00559668851503,43.0387166988,0.887527430943,0.00117415020132,2.42128620844e-05,21519.3583494,0.587075100659,0.375812300207,0.375812300207,0.751624600413,9.02056207508e-17,1.94289029309e-16,0.08,36450.0575474
2015-01-16,36369.9416007,-0.00128095199534,-0.00219796488912,32.6745765872,0.750596162714,0.000896420438973,2.05924548058e-05,16337.2882936,0.448210219486,0.277268328921,0.277268328921,0.554536657843,-4.16333634234e-17,-3.46944695195e-17,0.08,36369.9416007
2015-01-20,36296.370029,-0.00130687030834,-0.00202286746734,23.8305320252,2.2102428341,0.000655226018419,6.07711405855e-05,11915.2660126,0.32761300921,0.267274490848,0.267274490848,0.534548981695,-2.42861286637e-16,-2.01227923213e-16,0.08,36296.370029
2015-01-21,36251.7505387,-0.000644176614198,-0.00122930999027,20.7066507497,0.53156678461,0.000570488198492,1.46451775807e-05,10353.3253748,0.285244099246,0.324592029992,0.324592029992,0.649184059985,-5.55111512313e-17,-8.32667268469e-17,0.08,36251.7505387
2015-01-22,36363.627474,0.00363645660113,0.00308611125265,19.3062135546,0.644768728666,0.000532559483823,1.77858646571e-05,9653.1067773,0.266279741912,0.378781339849,0.378781339849,0.757562679697,-2.22044604925e-16,-2.08166817117e-16,0.08,36363.627474
2015-01-23,36257.7708449,-0.00186732710273,-0.00291105801065,37.1991096702,0.754732248567,0.00102297576601,2.07551419095e-05,18599.5548351,0.511487883006,0.231549674913,0.231549674913,0.463099349826,1.45716771982e-16,1.52655665886e-16,0.08,36257.7708449
2015-01-26,36264.2907037,0.000976935897453,0.000179819625084,27.5215810496,1.38007809077,0.000759053312109,3.80629602597e-05,13760.7905248,0.379526656055,0.232234210283,0.232234210283,0.464468420567,5.72458747072e-16,6.38378239159e-16,0.08,36264.2907037
2015-01-27,36273.4127115,0.000772329029388,0.000251542430088,18.4244876501,0.461468981537,0.000508061437092,1.27251622073e-05,9212.24382503,0.254030718546,0.240289860865,0.240289860865,0.480579721729,-2.49800180541e-16,-1.80411241502e-16,0.08,36273.4127115
2015-01-28,36097.0300633,-0.00407376063222,-0.00486258763624,28.1358511302,0.477596344851,0.000775660436308,1.31665677186e-05,14067.9255651,0.387830218154,0.21830247419,0.21830247419,0.436604948379,-6.93889390391e-17,-7.97972798949e-17,0.08,36097.0300633
2015-01-29,36094.4140412,0.000458218241228,-7.24719493296e-05,18.724555052,0.431784710889,0.00051872841115,1.19617794076e-05,9362.27752599,0.259364205575,0.243375231301,0.243375231301,0.486750462602,1.2490009027e-16,1.73472347598e-16,0.08,36094.4140412
2015-01-30,36023.1353056,-0.00145761339414,-0.00197478578055,18.1856925273,0.481341718682,0.000503836757304,1.33356291124e-05,9092.84626366,0.251918378652,0.287351037709,0.287351037709,0.574702075418,1.73472347598e-16,2.35922392733e-16,0.08,36023.1353056
2015-02-02,36086.8150889,0.00241957163493,0.00176774683194,21.7791919265,1.70158114711,0.00060458901597,4.72357870207e-05,10889.5959633,0.302294507985,0.265295845593,0.265295845593,0.530591691186,-2.77555756156e-16,-2.49800180541e-16,0.08,36086.8150889
2015-02-03,35962.2548103,-0.00314562902523,-0.00345168389976,10.5199603424,0.52458532185,0.000291518115869,1.45367586626e-05,5259.98017122,0.145759057935,0.242816664334,0.242816664334,0.485633328668,-3.46944695195e-16,-2.63677968348e-16,0.08,35962.2548103
2015-02-04,35964.2755234,0.000647121311925,5.61898343552e-05,20.7727497551,0.47847861671,0.000577626454867,1.33050227032e-05,10386.3748775,0.288813227433,0.210981645957,0.210981645957,0.421963291914,4.16333634234e-17,1.11022302463e-16,0.08,35964.2755234
2015-02-05,36030.0678792,0.00225441758575,0.00182938081933,14.8703694002,0.415769975101,0.000413476128292,1.15606381346e-05,7435.18470012,0.206738064146,0.16927964732,0.16927964732,0.338559294639,-2.77555756156e-17,-1.38777878078e-17,0.08,36030.0678792
2015-02-06,35979.9207702,-0.00097756243245,-0.00139181278161,14.5912678058,0.334200393616,0.000404974752052,9.27559711341e-06,7295.6339029,0.202487376026,0.185974312914,0.185974312914,0.371948625827,1.66533453694e-16,1.5959455979e-16,0.08,35979.9207702
2015-02-09,35927.8954835,-0.000592028148148,-0.00144595334457,29.6242144379,1.09994647298,0.000823354076489,3.0571119931e-05,14812.107219,0.411677038244,0.305726167754,0.305726167754,0.611452335508,1.11022302463e-16,9.71445146547e-17,0.08,35927.8954835
2015-02-10,35911.3607853,-8.73910470369e-05,-0.000460218944069,12.7930533452,0.601868372692,0.000356075778251,1.6752118781e-05,6396.5266726,0.178037889126,0.26876987571,0.26876987571,0.537539751421,-9.02056207508e-17,-1.38777878078e-16,0.08,35911.3607853
2015-02-11,35894.426563,0.000246247629302,-0.000471556129773,25.248438972,0.528870793144,0.000703076642597,1.47271164773e-05,12624.219486,0.351538321298,0.217338140673,0.217338140673,0.434676281346,1.45716771982e-16,1.80411241502e-16,0.08,35894.426563
2015-02-12,35772.764843,-0.00286881858149,-0.00338943205658,18.2596576053,0.427464544095,0.000508704535876,1.1908939215e-05,9129.82880265,0.254352267938,0.228037013961,0.228037013961,0.456074027922,3.33066907388e-16,3.60822483003e-16,0.08,35772.764843
2015-02-13,35844.5924414,0.00246493601244,0.00200788501288,15.9029908338,0.446987094572,0.00044455582071,1.24951788472e-05,7951.49541692,0.222277910355,0.260400653622,0.260400653622,0.520801307244,1.94289029309e-16,2.49800180541e-16,0.08,35844.5924414
2015-02-17,35835.4010914,0.000575022058669,-0.000256422219122,27.7569828531,2.04579842204,0.000774370161929,5.70741158624e-05,13878.4914266,0.387185080964,0.316200233682,0.316200233682,0.632400467364,3.67761376907e-16,4.51028103754e-16,0.08,35835.4010914
2015-02-18,35758.4119137,-0.00148973989498,-0.00214841121935,22.9828654962,0.620885599957,0.000641345284167,1.73260402018e-05,11491.4327481,0.320672642084,0.329459564098,0.329459564098,0.658919128197,6.10622663544e-16,7.14706072102e-16,0.08,35758.4119137
2015-02-19,35631.6189117,-0.00264527511296,-0.00354582307153,31.5566332997,0.645531550791,0.000882495379713,1.80525788547e-05,15778.3166499,0.441247689857,0.304857450555,0.304857450555,0.609714901111,-2.42861286637e-16,-1.45716771982e-16,0.08,35631.6189117
2015-02-20,35587.0413855,-0.000254133896751,-0.00125106654115,34.927115052,0.595209013731,0.000980228126555,1.67045178387e-05,17463.557526,0.490114063278,0.298683191257,0.298683191257,0.597366382515,1.73472347598e-16,2.48065457065e-16,0.08,35587.0413855
2015-02-23,35519.0876252,-0.00103931463403,-0.00190950856481,29.2203532764,1.74727415152,0.000821095323992,4.90986067821e-05,14610.1766382,0.410547661996,0.36197614066,0.36197614066,0.72395228132,8.32667268469e-17,8.67361737988e-17,0.08,35519.0876252
2015-02-24,35504.8558015,0.000336822967175,-0.000400681002546,25.4909715623,0.7044965621,0.000717669660644,1.98343090773e-05,12745.4857812,0.358834830322,0.252184937222,0.252184937222,0.504369874444,1.52655665886e-16,1.5959455979e-16,0.08,35504.8558015
2015-02-25,35610.7381332,0.00360185878746,0.0029821929783,21.5105265786,0.490618620898,0.00060584745644,1.38183527245e-05,10755.2632893,0.30292372822,0.31719808738,0.31719808738,0.63439617476,2.35922392733e-16,2.63677968348e-16,0.08,35610.7381332
2015-02-26,35478.9686218,-0.00271275856629,-0.00370027464488,34.5472363114,0.618940165811,0.000970135361478,1.73807171167e-05,17273.6181557,0.485067680739,0.318675189198,0.318675189198,0.637350378397,-5.55111512313e-17,-8.32667268469e-17,0.08,35478.9686218
2015-02-27,35487.2114113,0.000975160551693,0.000232328891641,25.7353796767,0.619521481541,0.000725370005849,1.74616542026e-05,12867.6898384,0.362685002925,0.284805335982,0.284805335982,0.569610671965,3.88578058619e-16,4.09394740331e-16,0.08,35487.2114113
2015-03-02,35367.3521142,-0.00273007233338,-0.00337753495594,21.3152269949,1.661415973,0.000600645307062,4.68173155039e-05,10657.6134975,0.300322653531,0.267124555457,0.267124555457,0.534249110913,1.38777878078e-16,9.02056207508e-17,0.08,35367.3521142
2015-03-03,35366.2966205,0.000529274183804,-2.98437305813e-05,19.2568495645,0.517670586915,0.000544480952442,1.46369619428e-05,9628.42478225,0.272240476221,0.284687633837,0.284687633837,0.569375267673,4.16333634234e-16,3.67761376907e-16,0.08,35366.2966205
2015-03-04,35326.4223154,-0.00070908664223,-0.0011274662292,14.2448463095,0.551690263148,0.000402780264567,1.5599322402e-05,7122.42315477,0.201390132283,0.235311556048,0.235311556048,0.470623112097,2.22044604925e-16,1.80411241502e-16,0.08,35326.4223154
2015-03-05,35352.2855794,0.00165128389101,0.000732122369191,32.015196841,0.45549125505,0.000906267737931,1.28937838931e-05,16007.5984205,0.453133868965,0.388268456164,0.388268456164,0.776536912327,3.33066907388e-16,3.81639164715e-16,0.08,35352.2855794
2015-03-06,35419.8309729,0.0033138084143,0.00191063724433,48.8531886108,0.752119306508,0.00138189618606,2.12749838994e-05,24426.5943054,0.690948093032,0.281629546676,0.281629546676,0.563259093352,1.94289029309e-16,9.71445146547e-17,0.08,35419.8309729
2015-03-09,35317.9456993,-0.00195995325926,-0.0028765036639,30.824289845,1.63977056552,0.000870255136693,4.62952679467e-05,15412.1449225,0.435127568346,0.300683532471,0.300683532471,0.601367064942,-2.35922392733e-16,-1.94289029309e-16,0.08,35317.9456993
2015-03-10,35321.8810263,0.000730632821993,0.000111425703702,21.2872316176,0.581891762876,0.000602731308293,1.64758099984e-05,10643.6158088,0.301365654146,0.318175307211,0.318175307211,0.636350614423,-1.66533453694e-16,-2.01227923213e-16,0.08,35321.8810263
2015-03-11,35216.764381,-0.00229113460155,-0.00297596397041,23.5736505124,0.615810977908,0.000667395105454,1.74342634088e-05,11786.8252562,0.333697552727,0.300922663471,0.300922663471,0.601845326943,-5.55111512313e-17,-2.77555756156e-17,0.08,35216.764381
2015-03-12,35255.9617695,0.00191332252208,0.00111303208018,27.6029537624,0.580686166377,0.000783801528832,1.64889130669e-05,13801.4768812,0.391900764416,0.417215285461,0.417215285461,0.834430570923,-1.05471187339e-15,-1.11022302463e-15,0.08,35255.9617695
2015-03-13,35194.6743734,-0.000454904367887,-0.00173835553141,44.4433146802,0.805990474186,0.001260590052,2.28611115321e-05,22221.6573401,0.630295025998,0.381091767271,0.381091767271,0.762183534542,-2.22044604925e-16,-1.52655665886e-16,0.08,35194.6743734
2015-03-16,35161.4296583,2.07291235277e-05,-0.0009445950452,31.7694915932,2.20477818994,0.000902678946711,6.26452220171e-05,15884.7457966,0.451339473355,0.346816475654,0.346816475654,0.693632951309,-2.77555756156e-16,-3.40005801291e-16,0.08,35161.4296583
2015-03-17,35134.003291,-4.69653640499e-05,-0.000780012861016,25.1068027617,0.668195239072,0.000714043854464,1.90036425016e-05,12553.4013809,0.357021927232,0.433226794994,0.433226794994,0.866453589989,-2.77555756156e-16,-4.68375338514e-16,0.08,35134.003291
2015-03-18,35173.3995086,0.00212845760879,0.00112131308404,34.5509921079,0.834026939237,0.000983406070233,2.37384545202e-05,17275.496054,0.491703035117,0.336559455811,0.336559455811,0.673118911622,2.22044604925e-16,2.25514051877e-16,0.08,35173.3995086
2015-03-19,35081.6078796,-0.0015517753135,-0.00260968886211,36.5617616334,0.648654257404,0.00103947193459,1.8441614017e-05,18280.8808167,0.519735967296,0.331419847246,0.331419847246,0.662839694493,8.25728374565e-16,8.32667268469e-16,0.08,35081.6078796
2015-03-20,35186.5836782,0.00419515773693,0.00299233144879,41.5599984822,0.637081705459,0.00118466629651,1.81599916299e-05,20779.9992411,0.592333148253,0.40940813829,0.40940813829,0.81881627658,-1.38777878078e-17,1.04083408559e-17,0.08,35186.5836782
2015-03-23,35118.7690668,-0.000717093379137,-0.0019272860361,40.2144892377,2.36805595339,0.00114289268903,6.72999679381e-05,20107.2446188,0.571446344515,0.333313429339,0.333313429339,0.666626858678,5.41233724505e-16,5.06539254985e-16,0.08,35118.7690668
2015-03-24,35101.6913023,0.000389065178554,-0.000486285964858,30.099854255,0.641400402839,0.000857087393859,1.82637495528e-05,15049.9271275,0.42854369693,0.328966507957,0.328966507957,0.657933015914,2.77555756156e-16,2.87964097012e-16,0.08,35101.6913023
2015-03-25,35085.606455,0.000467020733045,-0.000458235676724,31.8453371555,0.632727715676,0.000907230847689,1.80255620798e-05,15922.6685777,0.453615423844,0.409113614266,0.409113614266,0.818227228532,4.16333634234e-16,5.13478148889e-16,0.08,35085.606455
2015-03-26,35075.0255537,0.00100510057594,-0.000301573847861,45.0589440907,0.7865205077,0.00128425723946,2.24171843434e-05,22529.4720453,0.64212861973,0.303740313043,0.303740313043,0.607480626086,7.35522753814e-16,7.07767178199e-16,0.08,35075.0255537
2015-03-27,34992.4195719,-0.00122247218857,-0.00235512249669,39.1439741587,0.583764342009,0.0011160070033,1.66433048243e-05,19571.9870794,0.558003501649,0.348089467708,0.348089467708,0.696178935417,-3.1918911958e-16,-3.53883589099e-16,0.08,34992.4195719
2015-03-30,34963.5983851,0.000364197077977,-0.000823640867238,39.5630509894,2.00227277303,0.00113061775874,5.72201864726e-05,19781.5254947,0.565308879371,0.348687769112,0.348687769112,0.697375538224,-3.12250225676e-17,6.93889390391e-18,0.08,34963.5983851
2015-03-31,34980.3786346,0.00129402637554,0.00047993485473,27.7955482085,0.668020773756,0.000794985341678,1.91061791294e-05,13897.7741042,0.397492670839,0.298754194976,0.298754194976,0.597508389952,-9.36750677027e-17,-7.4593109467e-17,0.08,34980.3786346
2015-04-01,34882.8449565,-0.00193798544424,-0.00278823963443,29.1695814614,0.572632047065,0.000833884097314,1.63700928754e-05,14584.7907307,0.416942048657,0.32600391831,0.32600391831,0.652007836619,-1.00613961607e-16,-1.04083408559e-16,0.08,34882.8449565
2015-04-02,34835.3824365,-9.5594284232e-05,-0.00136062640746,43.5047991928,0.623120226718,0.00124716889483,1.78632284005e-05,21752.3995964,0.623584447414,0.383518215812,0.383518215812,0.767036431624,-7.2858385991e-16,-7.14706072102e-16,0.08,34835.3824365
2015-04-06,34786.6347611,-0.000258421246822,-0.00139937247634,36.8172524283,2.92821999324,0.00105689244249,8.40587870273e-05,18408.6262141,0.528446221244,0.313687163976,0.313687163976,0.627374327953,-1.2490009027e-16,-1.11022302463e-16,0.08,34786.6347611
2015-04-07,34784.4030138,0.00121185347244,-6.41553086996e-05,43.7901269938,0.597924427533,0.00125882044339,1.71883377521e-05,21895.0634969,0.629410221693,0.313590381813,0.313590381813,0.627180763626,-1.66533453694e-16,-1.17961196366e-16,0.08,34784.4030138
2015-04-08,34837.0107345,0.00214519127728,0.00151239395243,21.4137755726,0.597701601218,0.000615614290236,1.71830346199e-05,10706.8877863,0.307807145118,0.313606814152,0.313606814152,0.627213628305,-3.88578058619e-16,-3.97251675999e-16,0.08,34837.0107345
2015-04-09,34744.0781339,-0.00172209745868,-0.00266763992275,32.3412360421,0.598636928825,0.000928358529052,1.71839350221e-05,16170.6180211,0.464179264526,0.420510612348,0.420510612348,0.841021224697,0,-1.38777878078e-17,0.08,34744.0781339
2015-04-10,34746.5656065,0.00156770999834,7.15941446545e-05,51.1806042782,0.800561839539,0.00147307417629,2.3041677389e-05,25590.3021391,0.736537088147,0.389050126806,0.389050126806,0.778100253613,-4.71844785466e-16,-4.92661467177e-16,0.08,34746.5656065
2015-04-13,34751.4767764,0.0012744513991,0.000141342599906,37.1494766405,2.22216258991,0.00106915535369,6.39534455024e-05,18574.7383203,0.534577676845,0.337526798712,0.337526798712,0.675053597425,-4.16333634234e-16,-3.92047505571e-16,0.08,34751.4767764
2015-04-14,34703.2893821,-0.000212784329712,-0.00138662867729,40.1501092575,0.642715326404,0.00115534972847,1.84946191075e-05,20075.0546288,0.577674864234,0.333497698634,0.333497698634,0.666995397268,-5.82867087928e-16,-6.05418493116e-16,0.08,34703.2893821
2015-04-15,34683.798919,0.000242673035474,-0.000561631576911,27.2778531317,0.634162583231,0.000786030765884,1.82738465005e-05,13638.9265659,0.393015382942,0.342434068247,0.342434068247,0.684868136495,2.49800180541e-16,2.8449465006e-16,0.08,34683.798919
2015-04-16,34579.995417,-0.00154724918709,-0.00299285272074,49.4882324493,0.65078982828,0.00142684002306,1.87635105889e-05,24744.1162247,0.713420011529,0.387229411664,0.387229411664,0.774458823328,6.80011602583e-16,7.21644966006e-16,0.08,34579.995417
2015-04-17,34463.999869,-0.0024439982916,-0.00335441189601,30.748378198,0.733720070174,0.000889195554458,2.12180499542e-05,15374.189099,0.444597777229,0.389175898259,0.389175898259,0.778351796518,-1.16573417586e-15,-1.24379673228e-15,0.08,34463.999869
2015-04-20,34478.5472801,0.00126723464892,0.000422104547755,26.9217596236,2.20480407232,0.000781155980903,6.39741202618e-05,13460.8798118,0.390577990452,0.427521803914,0.427521803914,0.855043607827,-7.21644966006e-16,-8.04911692853e-16,0.08,34478.5472801
2015-04-21,34489.5191175,0.00134539940421,0.000318222149459,34.6078901878,0.807689355042,0.00100375140248,2.34258522692e-05,17303.9450939,0.501875701238,0.443475145853,0.443475145853,0.886950291706,-3.1918911958e-16,-3.46944695195e-16,0.08,34489.5191175
2015-04-22,34421.4715065,-0.000605571948763,-0.00197299390468,46.3236301001,0.838095590194,0.00134312194792,2.43000079919e-05,23161.8150501,0.671560973962,0.455428014146,0.455428014146,0.910856028292,-1.87350135405e-16,-1.66533453694e-16,0.08,34421.4715065
2015-04-23,34313.2597651,-0.00156686337541,-0.00314372793229,53.4190119807,0.858986433546,0.0015519095972,2.49549596792e-05,26709.5059903,0.775954798599,0.357518498688,0.357518498688,0.715036997376,9.71445146547e-17,1.52655665886e-16,0.08,34313.2597651
2015-04-24,34072.4457547,-0.00578243771521,-0.00701810355747,41.7275243917,0.672198636511,0.00121607578753,1.95900547226e-05,20863.7621959,0.608037893767,0.249886672831,0.249886672831,0.499773345662,2.22044604925e-16,3.33066907388e-16,0.08,34072.4457547
2015-04-27,33953.644034,-0.00262623992735,-0.0034867388613,27.9197004921,1.39960275696,0.000819421672666,4.10772612873e-05,13959.8502461,0.409710836333,0.240230552563,0.240230552563,0.480461105125,6.80011602583e-16,7.25114412958e-16,0.08,33953.644034
2015-04-28,33927.1122801,-0.000297156446696,-0.000781411085348,15.9952670106,0.446942611934,0.000471091320703,1.31633179486e-05,7997.63350531,0.235545660351,0.243934679579,0.243934679579,0.487869359158,8.32667268469e-17,1.3791051634e-16,0.08,33927.1122801
2015-04-29,33901.3573474,-0.000296627953256,-0.000759125401676,15.2377234501,0.453479411676,0.000449131164607,1.33662838125e-05,7618.86172506,0.224565582304,0.238929104015,0.238929104015,0.477858208029,-3.46944695195e-17,-1.38777878078e-17,0.08,33901.3573474
2015-04-30,33931.2776852,0.00133815482858,0.000882570498455,15.0010904139,0.44383676361,0.000442492324427,1.30920056994e-05,7500.54520694,0.221246162213,0.28066901274,0.28066901274,0.56133802548,-1.11022302463e-16,-1.75207071074e-16,0.08,33931.2776852
2015-05-01,33956.3300336,0.00136326094755,0.000738326114271,20.6830040367,0.521833326516,0.000609555709293,1.53791239858e-05,10341.5020183,0.304777854647,0.254102991531,0.254102991531,0.508205983062,-2.98372437868e-16,-3.34801630864e-16,0.08,33956.3300336
2015-05-04,33955.3279715,0.000881343030035,-2.95103207592e-05,29.5108690395,1.41836795227,0.000869082996022,4.17703547722e-05,14755.4345198,0.434541498011,0.33725506676,0.33725506676,0.67451013352,-4.99600361081e-16,-5.6898930012e-16,0.08,33955.3279715
2015-05-05,33862.6740949,-0.00196481038906,-0.00272869920778,25.3106100911,0.627485282294,0.000745409089036,1.84797296855e-05,12655.3050456,0.372704544518,0.278124731893,0.278124731893,0.556249463786,0,-8.32667268469e-17,0.08,33862.6740949
2015-05-06,33866.7119348,0.000671730818644,0.000119241613357,18.1927045213,0.516057378292,0.00053724949395,1.52397113366e-05,9096.35226065,0.268624746975,0.277132591921,0.277132591921,0.554265183842,-2.77555756156e-16,-3.40005801291e-16,0.08,33866.7119348
2015-05-07,33898.7479336,0.00207033768958,0.000945943580641,37.5652535992,0.514277789498,0.00110920876144,1.51853475025e-05,18782.6267996,0.554604380719,0.39375329668,0.39375329668,0.78750659336,0,-4.16333634234e-17,0.08,33898.7479336
2015-05-08,33884.7815412,0.000842720946794,-0.000412003193419,41.8021941359,0.731383219296,0.00123314861711,2.15755231057e-05,20901.097068,0.616574308554,0.245013086066,0.245013086066,0.490026172131,8.32667268469e-17,1.2490009027e-16,0.08,33884.7815412
2015-05-11,33800.5401021,-0.00134515253119,-0.00248611427363,37.2964917353,1.36474765415,0.00110068561871,4.02761237368e-05,18648.2458677,0.550342809353,0.396109360604,0.396109360604,0.792218721207,3.60822483003e-16,2.91433543964e-16,0.08,33800.5401021
2015-05-12,33785.6880428,0.000731549568818,-0.000439403017779,38.8452018978,0.733627963173,0.0011492479641,2.17046224988e-05,19422.6009489,0.574623982049,0.5,0.5,1,-5.55111512313e-17,-1.94289029309e-16,0.0798790582503,33785.6880428
2015-05-13,33753.2369799,0.000319602118445,-0.000960497321737,42.3234050609,0.925635288844,0.00125270217991,2.7397260274e-05,21161.7025304,0.626351089954,0.303503424845,0.303503424845,0.607006849691,1.38777878078e-16,1.31838984174e-16,0.08,33753.2369799
2015-05-14,33783.5373695,0.00176358783046,0.000897703221502,28.6650811146,0.561327288933,0.000849254284311,1.66303246491e-05,14332.5405573,0.424627142156,0.271090536938,0.271090536938,0.542181073876,5.55111512313e-17,4.16333634234e-17,0.08,33783.5373695
2015-05-15,33797.9516288,0.00123225189528,0.00042666518815,26.7137386365,0.501829988228,0.000790732431135,1.48542759966e-05,13356.8693183,0.395366215568,0.256774956842,0.256774956842,0.513549913684,2.22044604925e-16,2.22044604925e-16,0.08,33797.9516288
2015-05-18,33759.2201346,-0.000463622164183,-0.00114597164582,21.6354173653,1.4265974089,0.000640139899688,4.22095819466e-05,10817.7086827,0.320069949844,0.319051824402,0.319051824402,0.638103648803,5.55111512313e-17,5.55111512313e-17,0.08,33759.2201346
2015-05-19,33745.2496569,0.000327703828726,-0.000413827025341,24.4433148034,0.590188535578,0.000724048562319,1.7482291748e-05,12221.6574017,0.362024281159,0.292970890088,0.292970890088,0.585941780175,-2.77555756156e-17,2.08166817117e-17,0.08,33745.2496569
2015-05-20,33737.096323,0.000979514223296,-0.000241614271014,40.6655666802,0.541719223464,0.00120507529485,1.60531994569e-05,20332.7833401,0.602537647427,0.382912164121,0.382912164121,0.765824328242,0,1.38777878078e-17,0.08,33737.096323
2015-05-21,33835.3898712,0.00345594736009,0.00291351535422,17.592226334,0.707854496669,0.000521450517423,2.0981488445e-05,8796.11316699,0.260725258712,0.308464378168,0.308464378168,0.616928756336,5.55111512313e-17,1.5959455979e-16,0.08,33835.3898712
2015-05-22,33800.3264037,-4.22937162529e-05,-0.0010362956539,33.0605519972,0.571891095709,0.000977099779936,1.69021577078e-05,16530.2759986,0.488549889968,0.270204373732,0.270204373732,0.540408747465,4.16333634234e-17,7.6327832943e-17,0.08,33800.3264037
2015-05-26,33755.4702625,-0.000510704222408,-0.00132709195189,25.5924191743,2.00175255405,0.000757164853045,5.92228764345e-05,12796.2095872,0.378582426523,0.332841182492,0.332841182492,0.665682364984,-2.22044604925e-16,-1.80411241502e-16,0.08,33755.4702625
2015-05-27,33669.7456052,-0.00190255921999,-0.00253957822662,20.8872481549,0.615627980151,0.000618781133618,1.82378730133e-05,10443.6240774,0.309390566809,0.213916749107,0.213916749107,0.427833498214,-1.52655665886e-16,-1.5092094241e-16,0.08,33669.7456052
2015-05-28,33642.2693488,0.000155149187674,-0.000816051798181,32.3054313569,0.394658768391,0.000959479520151,1.17214657045e-05,16152.7156785,0.479739760076,0.268719903625,0.268719903625,0.53743980725,-7.6327832943e-17,-4.16333634234e-17,0.08,33642.2693488
2015-05-29,33659.6009527,0.00112364130392,0.000515173447432,19.9748780178,0.495361500117,0.000593743478204,1.47243782808e-05,9987.43900892,0.296871739102,0.360349215545,0.360349215545,0.720698431091,-5.55111512313e-17,-2.77555756156e-17,0.08,33659.6009527
2015-06-01,33588.0276004,-0.000991057194681,-0.00212638742763,36.2209197194,1.99384287105,0.00107609474546,5.92354874869e-05,18110.4598597,0.538047372729,0.458177725925,0.458177725925,0.916355451851,2.22044604925e-16,2.77555756156e-16,0.08,33588.0276004
2015-06-02,33648.7833051,0.00261259634223,0.00180885002819,26.1530048262,0.843248553658,0.000778640685228,2.51056288178e-05,13076.5024131,0.389320342614,0.364622218255,0.364622218255,0.729244436509,-1.11022302463e-16,-1.66533453694e-16,0.08,33648.7833051
2015-06-03,33571.5015325,-0.00126686038938,-0.00229671818744,33.9811827584,0.67227912385,0.00100987849844,1.99792996304e-05,16990.5913792,0.504939249219,0.392097674615,0.392097674615,0.784195349231,5.55111512313e-17,5.55111512313e-17,0.08,33571.5015325
2015-06-04,33570.7613432,0.000820629642586,-2.20481429819e-05,27.5686814362,0.721277133382,0.000821192981479,2.14848040885e-05,13784.3407181,0.41059649074,0.336992138516,0.336992138516,0.673984277031,-2.77555756156e-17,-1.07552855511e-16,0.08,33570.7613432
2015-06-05,33408.2589357,-0.0038532541093,-0.00484059345047,32.5258384469,0.61989494009,0.000968874018508,1.84653226584e-05,16262.9192235,0.484437009254,0.45024884329,0.45024884329,0.90049768658,-2.49800180541e-16,-3.22658566532e-16,0.08,33408.2589357
2015-06-08,33411.0672469,0.00101445661335,8.40603882686e-05,28.6102555442,2.47266245624,0.000856382716599,7.4013508486e-05,14305.1277721,0.4281913583,0.283962941005,0.283962941005,0.56792588201,-9.99200722163e-16,-1.06728861859e-15,0.08,33411.0672469
2015-06-09,33344.31421,-0.00151788618165,-0.00199793189441,15.5189763073,0.519863283154,0.00046448609955,1.55596132058e-05,7759.48815366,0.232243049775,0.242984963445,0.242984963445,0.48596992689,1.52655665886e-16,1.04083408559e-16,0.08,33344.31421
2015-06-10,33326.7831482,-0.000128506953277,-0.000525758656408,12.8021312552,0.443954354489,0.000383937458558,1.33142445723e-05,6401.06562759,0.191968729279,0.235188470709,0.235188470709,0.470376941418,-8.32667268469e-17,-1.39645239816e-16,0.08,33326.7831482
2015-06-11,33318.5310172,0.000160917609084,-0.000247612587448,13.1855136988,0.429483570536,0.000395643157041,1.28870394909e-05,6592.75684938,0.19782157852,0.268459364288,0.268459364288,0.536918728576,-7.21644966006e-16,-7.6327832943e-16,0.08,33318.5310172
2015-06-12,33261.9168472,-0.00117212913461,-0.0016991796548,17.0704301097,0.490118994844,0.000512340418036,1.47101021528e-05,8535.21505484,0.256170209018,0.300287820444,0.300287820444,0.600575640888,2.22044604925e-16,1.31838984174e-16,0.08,33261.9168472
2015-06-15,33182.842035,-0.00141612954662,-0.00237733779696,30.3297414688,1.64188742693,0.000911845868899,4.93623814428e-05,15164.8707344,0.45592293445,0.372076532576,0.372076532576,0.744153065151,-1.11022302463e-16,-2.08166817117e-16,0.08,33182.842035
2015-06-16,33121.3850301,-0.000882672118184,-0.00185207176822,31.4909117953,0.67652366057,0.000949011894822,2.03877552096e-05,15745.4558976,0.474505947411,0.384498377454,0.384498377454,0.768996754907,-2.77555756156e-16,-3.05311331772e-16,0.08,33121.3850301
2015-06-17,33107.9792075,0.000484140337246,-0.000404748249579,28.7434064042,0.697814728937,0.000867820182581,2.1068404244e-05,14371.7032021,0.433910091291,0.402234510588,0.402234510588,0.804469021176,-6.10622663544e-16,-6.24500451352e-16,0.08,33107.9792075
2015-06-18,33157.9835508,0.002329162103,0.00151034114834,26.379799097,0.729708044553,0.000796780707504,2.20402471555e-05,13189.8995485,0.398390353752,0.281498789421,0.281498789421,0.562997578843,1.17961196366e-16,7.2858385991e-17,0.08,33157.9835508
2015-06-19,33105.3561703,-0.000627796596107,-0.00158717071643,31.2994629595,0.511448341327,0.000943949529124,1.54245912012e-05,15649.7314798,0.471974764562,0.392998795233,0.392998795233,0.785997590466,8.32667268469e-17,1.11022302463e-16,0.08,33105.3561703
2015-06-22,33067.77797,-0.000389842936888,-0.0011351093799,22.5336208857,2.1386901519,0.000680663901327,6.46025416821e-05,11266.8104429,0.340331950664,0.280469597414,0.280469597414,0.560939194829,-2.91433543964e-16,-2.98372437868e-16,0.08,33067.77797
2015-06-23,33071.8241576,0.000749957042867,0.00012236043242,20.2450332389,0.508192130117,0.000612228413328,1.53681971186e-05,10122.5166194,0.306114206664,0.228289330491,0.228289330491,0.456578660981,6.93889390391e-17,1.04083408559e-16,0.08,33071.8241576
2015-06-24,33052.8423185,-0.000138478687801,-0.000573958034379,13.9884007801,0.413695594249,0.000422970342167,1.25090044104e-05,6994.20039003,0.211485171084,0.185761143405,0.185761143405,0.37152228681,1.38777878078e-16,9.71445146547e-17,0.08,33052.8423185
2015-06-25,33025.6928791,-0.000545698800399,-0.000821394999211,8.77610825937,0.336434727774,0.000265517506023,1.01786927893e-05,4388.05412968,0.132758753011,0.155889828889,0.155889828889,0.311779657778,-1.38777878078e-17,-6.93889390391e-18,0.08,33025.6928791
2015-06-26,32983.3047397,-0.000491756047721,-0.00128348978197,25.8654527049,0.282102444485,0.00078319182582,8.54190843228e-06,12932.7263525,0.39159591291,0.277684426148,0.277684426148,0.555368852295,2.08166817117e-16,2.46330733589e-16,0.08,32983.3047397
2015-06-29,32977.9087131,0.00121095062604,-0.000163598723843,43.8315992569,1.50558082999,0.0013289025949,4.56467549832e-05,21915.7996285,0.664451297449,0.5,0.5,1,-3.33066907388e-16,-3.81639164715e-16,0.0788540038621,32977.9087131
2015-06-30,32872.1299233,-0.00145268351054,-0.00320756512418,56.9688213088,0.903504348305,0.00172748435337,2.7397260274e-05,28484.4106544,0.863742176685,0.294278885612,0.294278885612,0.588557771225,2.22044604925e-16,2.22044604925e-16,0.08,32872.1299233
2015-07-01,32872.1533771,0.000616234315551,7.13485303283e-07,19.7034218661,0.530058836248,0.000599395959803,1.61248704445e-05,9851.71093307,0.299697979902,0.342626159343,0.342626159343,0.685252318686,-9.85322934355e-16,-9.83588210879e-16,0.08,32872.1533771
2015-07-02,32803.5917646,-0.000826747158558,-0.00208570493398,40.7675100936,0.617142995119,0.00124018373929,1.87740361284e-05,20383.7550468,0.620091869644,0.252194165931,0.252194165931,0.504388331861,-3.88578058619e-16,-3.81639164715e-16,0.08,32803.5917646
2015-07-06,32668.301239,-0.00284414052876,-0.00412425951717,40.1792679464,1.81323275936,0.00122484355478,5.52754336286e-05,20089.6339732,0.612421777389,0.472649836692,0.472649836692,0.945299673383,-5.41233724505e-16,-4.71844785466e-16,0.08,32668.301239
2015-07-07,32656.1735686,0.000779132019905,-0.000371236641427,36.7345260057,0.846063958665,0.00112447004014,2.58986211886e-05,18367.2630029,0.562235020072,0.327118763978,0.327118763978,0.654237527956,-3.74700270811e-16,-3.53883589099e-16,0.08,32656.1735686
2015-07-08,32569.6060573,-0.00147823960277,-0.00265087736354,37.7085226796,0.585339568987,0.00115471344493,1.79243158344e-05,18854.2613398,0.577356722464,0.396263766015,0.396263766015,0.79252753203,1.5959455979e-15,1.65145674913e-15,0.08,32569.6060573
2015-07-09,32646.7806454,0.00304438262377,0.00236952783199,21.2725681523,0.707186561857,0.000653141708711,2.17130830693e-05,10636.2840762,0.326570854355,0.439480915504,0.439480915504,0.878961831008,1.21430643318e-15,1.25247034966e-15,0.08,32646.7806454
2015-07-10,32575.2448772,-0.00105698399313,-0.0021912043609,36.2424716571,0.786171892947,0.00111013922171,2.4081146055e-05,18121.2358285,0.555069610856,0.338937109731,0.338937109731,0.677874219462,1.47104550763e-15,1.34614541736e-15,0.08,32575.2448772
2015-07-13,32509.5300454,-0.00105872113446,-0.0020173242611,29.4117793687,1.8149522215,0.000902887437363,5.57156892709e-05,14705.8896843,0.451443718682,0.348448140655,0.348448140655,0.696896281309,4.16333634234e-16,3.46944695195e-16,0.08,32509.5300454
2015-07-14,32533.7687715,0.00137802111453,0.000745588326704,19.9393866737,0.62070604372,0.000613339739019,1.9093048803e-05,9969.69333685,0.306669869509,0.357436781691,0.357436781691,0.714873563382,3.05311331772e-16,3.05311331772e-16,0.08,32533.7687715
2015-07-15,32482.0746385,-0.000642504873486,-0.00158893773914,30.1538353732,0.637192635944,0.000926847288579,1.95855770789e-05,15076.9176866,0.463423644289,0.248477350673,0.248477350673,0.496954701346,-8.32667268469e-17,-8.32667268469e-17,0.08,32482.0746385
2015-07-16,32464.3660518,0.000282027790967,-0.000545180284718,26.4271846012,0.442249854825,0.000813592878388,1.36151972972e-05,13213.5923006,0.406796439194,0.368872286369,0.368872286369,0.737744572738,2.77555756156e-16,2.25514051877e-16,0.08,32464.3660518
2015-07-17,32384.2912904,-0.00163044711379,-0.00246654320257,26.487153868,0.656175612661,0.000815883908706,2.0212180075e-05,13243.576934,0.407941954353,0.314972464627,0.314972464627,0.629944929254,7.77156117238e-16,7.84095011142e-16,0.08,32384.2912904
2015-07-20,32273.1570429,-0.00288140387529,-0.00343173319952,16.1452865042,1.6767386372,0.000498553028672,5.17762955551e-05,8072.64325212,0.249276514336,0.270345875451,0.270345875451,0.540691750901,0,4.33680868994e-17,0.08,32273.1570429
2015-07-21,32317.8680924,0.00178368117361,0.00138539435369,12.3758955589,0.478077528455,0.000383473347291,1.48134726274e-05,6187.94777944,0.191736673646,0.3048134656,0.3048134656,0.609626931201,-3.88578058619e-16,-3.40005801291e-16,0.08,32317.8680924
2015-07-22,32308.1798789,0.000411449029184,-0.000299778854424,22.4455924125,0.539776513647,0.000694525775904,1.67021077041e-05,11222.7962062,0.347262887952,0.326776692053,0.326776692053,0.653553384105,-2.22044604925e-16,-1.66533453694e-16,0.08,32308.1798789
2015-07-23,32226.9444173,-0.00164173602591,-0.00251439301083,27.6154623952,0.578496446415,0.000854751412759,1.79055721673e-05,13807.7311976,0.427375706379,0.357205703566,0.357205703566,0.714411407132,1.66533453694e-16,1.38777878078e-16,0.08,32226.9444173
2015-07-24,32127.5917328,-0.00258291745882,-0.00308290737077,15.4823718493,0.630775252293,0.000480416996686,1.95729152639e-05,7741.18592466,0.240208498343,0.363631666084,0.363631666084,0.727263332168,1.94289029309e-16,1.94289029309e-16,0.08,32127.5917328
2015-07-27,32084.0728915,-0.000782598360568,-0.00135456282204,16.4554117106,1.92042899327,0.000512189393077,5.97750683973e-05,8227.70585532,0.256094696539,0.312281749037,0.312281749037,0.624563498074,-1.38777878078e-16,-1.94289029309e-16,0.08,32084.0728915
2015-07-28,32246.0805257,0.00553185979146,0.00504947220316,14.9279574273,0.549001117741,0.000465276259587,1.71113287144e-05,7463.97871363,0.232638129793,0.26966835303,0.26966835303,0.539336706059,-3.05311331772e-16,-2.77555756156e-16,0.08,32246.0805257
2015-07-29,32199.1678392,-0.000321542648924,-0.0014548337573,36.0677170286,0.47647931107,0.00111851476026,1.47763481112e-05,18033.8585143,0.559257380132,0.308649671234,0.308649671234,0.617299342467,-8.32667268469e-17,-1.38777878078e-16,0.08,32199.1678392
2015-07-30,32118.9090907,-0.00141679993877,-0.00249257213423,34.094407146,0.544562332469,0.00105885988471,1.69123107525e-05,17047.203573,0.529429942355,0.363794560252,0.363794560252,0.727589120503,-4.51028103754e-17,-2.77555756156e-17,0.08,32118.9090907
2015-07-31,31996.1349587,-0.0031962063395,-0.00382248760847,19.4752144632,0.640256679913,0.00060634732046,1.99339485069e-05,9737.60723162,0.30317366023,0.400638791464,0.400638791464,0.801277582928,1.66533453694e-16,1.11022302463e-16,0.08,31996.1349587
2015-08-03,31904.126911,-0.00177860542942,-0.0028755988122,32.9923330628,2.1072152616,0.00103113495131,6.58584314735e-05,16496.1665314,0.515567475656,0.308634216081,0.308634216081,0.617268432162,2.08166817117e-16,2.35922392733e-16,0.08,31904.126911
2015-08-04,31843.1859645,-0.00134134414328,-0.00191012738485,17.6069872333,0.539545490352,0.000551871777668,1.69114638949e-05,8803.49361666,0.275935888834,0.343734469593,0.343734469593,0.687468939187,1.16573417586e-15,9.71445146547e-16,0.08,31843.1859645
2015-08-05,31745.7317632,-0.00235491810784,-0.00306044129633,21.8663471544,0.599758939051,0.000686688423037,1.88347654572e-05,10933.1735772,0.343344211518,0.29822350603,0.29822350603,0.596447012059,-1.11022302463e-16,-1.11022302463e-16,0.08,31745.7317632
2015-08-06,31959.8314731,0.00721409666239,0.00674420459304,14.3983101431,0.518757448104,0.000453551055321,1.6341014029e-05,7199.15507157,0.226775527661,0.286325192639,0.286325192639,0.572650385278,-8.32667268469e-17,-1.11022302463e-16,0.08,31959.8314731
2015-08-07,31836.2991828,-0.00342340102435,-0.00386523597558,13.6195511336,0.501419446754,0.000426145899581,1.56890516515e-05,6809.77556679,0.21307294979,0.239698643388,0.239698643388,0.479397286775,3.88578058619e-16,3.67761376907e-16,0.08,31836.2991828
2015-08-10,31971.1142298,0.0048985267997,0.00423463312184,19.8814874433,1.25443031089,0.000624491161148,3.94025167213e-05,9940.74372164,0.312245580574,0.307941821875,0.307941821875,0.615883643749,1.66533453694e-16,1.66533453694e-16,0.08,31971.1142298
2015-08-11,31910.8834604,-0.000668990054601,-0.0018839121142,38.3029465688,0.53946537881,0.00119804853511,1.68735244863e-05,19151.4732844,0.599024267554,0.260131878941,0.260131878941,0.520263757881,1.66533453694e-16,2.01227923213e-16,0.08,31910.8834604
2015-08-12,31903.837125,0.000523758965954,-0.000220812920229,23.3050952866,0.454851401271,0.000730318084597,1.42538015858e-05,11652.5476433,0.365159042298,0.287388166247,0.287388166247,0.574776332494,1.11022302463e-16,9.36750677027e-17,0.08,31903.837125
2015-08-13,31948.1568977,0.00242851092211,0.00138916747049,32.656645006,0.502399191649,0.00102359615485,1.57472967806e-05,16328.322503,0.511798077423,0.336090510789,0.336090510789,0.672181021579,-1.11022302463e-16,-4.85722573274e-17,0.08,31948.1568977
2015-08-14,31964.3281776,0.00178135629396,0.00050617254532,40.1514158246,0.58835465044,0.00125676783024,1.84159183994e-05,20075.7079123,0.628383915121,0.301169345534,0.301169345534,0.602338691068,-1.66533453694e-16,-1.5959455979e-16,0.08,31964.3281776
2015-08-17,31967.9122,0.00082696990537,0.000112125691141,21.2670478051,1.58246725441,0.000665336924552,4.95072896768e-05,10633.5239025,0.332668462276,0.319387838331,0.319387838331,0.638775676662,8.32667268469e-17,7.6327832943e-17,0.08,31967.9122
2015-08-18,31918.091662,-1.74347981529e-05,-0.00155845454204,48.7037229189,0.559460951973,0.00152351904041,1.75007034702e-05,24351.8614595,0.761759520206,0.385866357024,0.385866357024,0.771732714047,3.88578058619e-16,3.05311331772e-16,0.08,31918.091662
2015-08-19,31737.4318618,-0.00464280263588,-0.00566010656845,31.7955444007,0.674855767275,0.000996160570542,2.11433620287e-05,15897.7722003,0.498080285271,0.312123678887,0.312123678887,0.624247357775,-4.99600361081e-16,-4.99600361081e-16,0.08,31737.4318618
2015-08-20,31779.2022777,0.00200705877158,0.0013161246372,21.3856802718,0.54279473924,0.000673831467049,1.71026673363e-05,10692.8401359,0.336915733524,0.353074340012,0.353074340012,0.706148680025,-3.33066907388e-16,-4.02455846427e-16,0.08,31779.2022777
2015-08-21,31713.2442974,-0.00118253906385,-0.00207550774017,27.7630146107,0.614817581936,0.000873622137147,1.93465391788e-05,13881.5073054,0.436811068573,0.290500795888,0.290500795888,0.581001591775,-2.08166817117e-16,-2.15105711021e-16,0.08,31713.2442974
2015-08-24,31629.8939222,-0.00204039586863,-0.00262825129049,17.1283824337,1.51442017127,0.000540101866371,4.77535554884e-05,8564.19121687,0.270050933186,0.299001880401,0.299001880401,0.598003760803,-2.70616862252e-16,-2.98372437868e-16,0.08,31629.8939222
2015-08-25,31636.7183481,0.000743494887794,0.00021575873652,16.1740249078,0.51821357587,0.000511352486594,1.63836646795e-05,8087.01245391,0.255676243297,0.239664846409,0.239664846409,0.479329692817,-7.49400541622e-16,-7.2858385991e-16,0.08,31636.7183481
2015-08-26,31569.6737406,-0.000909360347936,-0.00211920233982,37.8599668228,0.415463520207,0.00119670967153,1.31323203512e-05,18929.9834114,0.598354835767,0.338702664894,0.338702664894,0.677405329788,6.93889390391e-16,6.66133814775e-16,0.08,31569.6737406
2015-08-27,31651.3096004,0.0036021415965,0.00258589494756,31.4966719897,0.585903157577,0.000997687598816,1.85590501312e-05,15748.3359948,0.498843799408,0.361463994592,0.361463994592,0.722927989184,-3.60822483003e-16,-4.16333634234e-16,0.08,31651.3096004
2015-08-28,31716.0558737,0.00320592084814,0.00204561119607,36.0984263971,0.626893632999,0.00114050340579,1.9806246279e-05,18049.2131986,0.570251702897,0.312331916604,0.312331916604,0.624663833207,-1.71390679427e-15,-1.73472347598e-15,0.08,31716.0558737
2015-08-31,31644.6557119,-0.000729428608727,-0.00225123079822,46.6371901445,1.62837312627,0.00147045995663,5.13422328663e-05,23318.5950723,0.735229978315,0.5,0.5,1,8.32667268469e-16,8.11850586757e-16,0.0787913486935,31644.6557119
2015-09-01,31597.5628856,-0.000254529432175,-0.00148817629126,38.1713532571,0.86697686882,0.00120624959881,2.7397260274e-05,19085.6766286,0.603124799407,0.34237831484,0.34237831484,0.68475662968,-1.94289029309e-16,-1.73472347598e-16,0.08,31597.5628856
2015-09-02,31616.4478098,0.00144688743751,0.000597670281306,26.2404078209,0.592784675825,0.000830456700599,1.87604556077e-05,13120.2039104,0.415228350299,0.237240936548,0.237240936548,0.474481873095,3.33066907388e-16,3.34801630864e-16,0.08,31616.4478098
2015-09-03,31604.3670555,0.000182484510313,-0.000382103467664,17.4392682198,0.41099811993,0.000551588474604,1.29995033725e-05,8719.63410992,0.275794237302,0.265757914912,0.265757914912,0.531515829824,2.22044604925e-16,2.8449465006e-16,0.08,31604.3670555
2015-09-04,31586.0128537,-8.80449865053e-06,-0.000580748914313,17.6157160046,0.460225243331,0.000557382338133,1.45620775294e-05,8807.85800231,0.278691169067,0.279781857112,0.279781857112,0.559563714224,4.71844785466e-16,5.13478148889e-16,0.08,31586.0128537
2015-09-08,31655.2809463,0.00295771772307,0.00219299893947,22.2174982411,1.93691908711,0.000703396732727,6.13220508738e-05,11108.7491206,0.351698366363,0.279908850839,0.279908850839,0.559817701678,-5.27355936697e-16,-5.06539254985e-16,0.08,31655.2809463
2015-09-09,31609.9300261,-3.67417931228e-05,-0.00143264943117,43.7023364951,0.485511962338,0.00138057016677,1.53374712789e-05,21851.1682476,0.690285083384,0.325200691386,0.325200691386,0.650401382772,1.90819582357e-16,2.28983498829e-16,0.08,31609.9300261
2015-09-10,31627.0547241,0.00121991759359,0.000541750582826,20.8735475865,0.563264169816,0.000660347794799,1.78192159663e-05,10436.7737932,0.3301738974,0.238194941298,0.238194941298,0.476389882595,-1.14491749414e-16,-1.17961196366e-16,0.08,31627.0547241
2015-09-11,31512.280526,-0.00267441883118,-0.00362898787588,29.7774181299,0.412789284571,0.000941517267089,1.30517776053e-05,14888.709065,0.470758633544,0.312552934025,0.312552934025,0.625105868051,1.52655665886e-16,7.6327832943e-17,0.08,31512.280526
2015-09-14,31529.4897829,0.00166829208531,0.0005461127102,33.7433755314,1.61905573746,0.00107080081061,5.13785644973e-05,16871.6877657,0.535400405306,0.391522323941,0.391522323941,0.783044647881,-8.04911692853e-16,-7.91033905045e-16,0.08,31529.4897829
2015-09-15,31530.1876577,0.000693127724841,2.21340351132e-05,20.4796777744,0.676410910272,0.000649540411704,2.14532780241e-05,10239.8388872,0.324770205852,0.420763496351,0.420763496351,0.841526992702,-6.10622663544e-16,-5.62050406216e-16,0.08,31530.1876577
2015-09-16,31739.8948361,0.00772746929944,0.00665099683725,33.2144334261,0.726945315039,0.00105341692814,2.30555340466e-05,16607.216713,0.52670846407,0.337494804123,0.337494804123,0.674989608245,-3.88578058619e-16,-4.16333634234e-16,0.08,31739.8948361
2015-09-17,31678.3674819,-0.00108321112599,-0.00193848639083,26.5593853405,0.586961621402,0.000836782398858,1.84928659793e-05,13279.6926702,0.418391199429,0.238071408298,0.238071408298,0.476142816595,-1.80411241502e-16,-1.38777878078e-16,0.08,31678.3674819
2015-09-18,31582.9598872,-0.00216812852731,-0.00301175857007,26.3115779348,0.413244578575,0.000830585034086,1.30450086738e-05,13155.7889674,0.415292517043,0.304435758333,0.304435758333,0.608871516665,6.38378239159e-16,6.93889390391e-16,0.08,31582.9598872
2015-09-21,31606.103615,0.0013533753392,0.000732791603113,18.0193262007,1.58054504279,0.000570539501841,5.00442342465e-05,9009.66310035,0.285269750921,0.376971939392,0.376971939392,0.753943878783,1.80411241502e-16,2.42861286637e-16,0.08,31606.103615
2015-09-22,31547.6619275,-0.00105326075743,-0.0018490633376,24.4993632347,0.652855571307,0.000775146583495,2.0655996679e-05,12249.6816174,0.387573291747,0.382173020418,0.382173020418,0.764346040836,9.08995101412e-16,9.43689570931e-16,0.08,31547.6619275
2015-09-23,31546.3771178,0.000633256817068,-4.07259902756e-05,20.6019425595,0.66063919156,0.000653041819924,2.09409874202e-05,10300.9712798,0.326520909962,0.438336804162,0.438336804162,0.876673608323,0,5.55111512313e-17,0.08,31546.3771178
2015-09-24,31461.1003732,-0.00170789513472,-0.00270321832028,30.6411453258,0.757695239928,0.000971304730538,2.40184550225e-05,15320.5726629,0.485652365269,0.390936857529,0.390936857529,0.781873715058,-1.52655665886e-16,-9.71445146547e-17,0.08,31461.1003732
2015-09-25,31609.0380337,0.0057307639068,0.00470224050403,31.6845435608,0.673934450099,0.0010071022051,2.14211976728e-05,15842.2717804,0.503551102551,0.344112110079,0.344112110079,0.688224220159,-2.22044604925e-16,-1.66533453694e-16,0.08,31609.0380337
2015-09-28,31505.733589,-0.00204484673949,-0.00326819324681,36.880797603,1.7880086754,0.00116678013306,5.65663742596e-05,18440.3988015,0.583390066532,0.343713880388,0.343713880388,0.687427760775,1.66533453694e-16,2.39391839685e-16,0.08,31505.733589
2015-09-29,31603.5520469,0.00392613442927,0.00310478273923,25.2839199706,0.593367558704,0.000802518052759,1.88336372815e-05,12641.9599853,0.401259026379,0.277093212286,0.277093212286,0.554186424571,-3.60822483003e-16,-3.33066907388e-16,0.08,31603.5520469
2015-09-30,31570.7612908,-0.000449632334612,-0.00103756552513,18.1009344603,0.479842726373,0.000572750000804,1.51831897143e-05,9050.46723014,0.286375000402,0.330804844546,0.330804844546,0.661609689092,8.881784197e-16,8.881784197e-16,0.08,31570.7612908
2015-10-01,31569.7455991,0.000725139267212,-3.2171910937e-05,23.3366295635,0.572260864712,0.000739184885297,1.81262928518e-05,11668.3147817,0.369592442649,0.368368728941,0.368368728941,0.736737457882,8.74300631892e-16,8.881784197e-16,0.08,31569.7455991
2015-10-02,31602.1067477,0.0018432100407,0.00102506839866,25.1913011985,0.637222304621,0.00079795705415,2.01845878872e-05,12595.6505993,0.398978527075,0.240812204355,0.240812204355,0.48162440871,1.2490009027e-16,5.55111512313e-17,0.08,31602.1067477
2015-10-05,31540.8465252,-0.000555929322443,-0.00193848539678,42.4406973053,1.25098734052,0.0013429705065,3.95855678392e-05,21220.3486527,0.671485253249,0.378622624854,0.378622624854,0.757245249708,3.1918911958e-16,2.70616862252e-16,0.08,31540.8465252
2015-10-06,31461.3617002,-0.00168784729213,-0.00252005997747,25.5943321408,0.654360443917,0.000811466240143,2.07464451975e-05,12797.1660704,0.405733120072,0.243117076884,0.243117076884,0.486234153768,2.04697370165e-16,1.38777878078e-16,0.08,31461.3617002
2015-10-07,31403.6549478,-0.000928063405358,-0.00183421025875,28.0895018921,0.419112015965,0.000892825369727,1.33214836649e-05,14044.7509461,0.446412684863,0.302132846864,0.302132846864,0.604265693728,-8.32667268469e-17,-1.38777878078e-16,0.08,31403.6549478
2015-10-08,31254.3646223,-0.00429514571413,-0.00475391561399,13.8871570781,0.519894557333,0.000442214675367,1.65552244857e-05,6943.57853905,0.221107337683,0.324889159429,0.324889159429,0.649778318858,1.11022302463e-16,6.93889390391e-17,0.08,31254.3646223
2015-10-09,31332.2636345,0.00303303484868,0.0024924202819,16.3401700371,0.556394753459,0.000522812421068,1.78021457221e-05,8170.08501854,0.261406210534,0.352261314423,0.352261314423,0.704522628845,1.49880108324e-15,1.4155343564e-15,0.08,31332.2636345
2015-10-12,31467.6573628,0.00507477238685,0.00432122395916,21.7960528955,1.8143251022,0.000695642458195,5.79059694941e-05,10898.0264478,0.347821229097,0.343236301403,0.343236301403,0.686472602805,4.4408920985e-16,4.16333634234e-16,0.08,31467.6573628
2015-10-13,31481.525524,0.00133215590703,0.000440711585022,27.4598375061,0.591826976823,0.000872636853436,1.880746857e-05,13729.9187531,0.436318426718,0.394152496115,0.394152496115,0.788304992229,1.88737914186e-15,1.91513471748e-15,0.08,31481.525524
2015-10-14,31262.9107242,-0.00555864340391,-0.00694422510345,42.9403066332,0.679919006399,0.00136398430249,2.15973970474e-05,21470.1533166,0.681992151245,0.188589415331,0.188589415331,0.377178830663,2.35922392733e-16,2.08166817117e-16,0.08,31262.9107242
2015-10-15,31345.236273,0.00339103713672,0.00263332961907,23.3650819831,0.323060496166,0.000747373851055,1.03336665935e-05,11682.5409916,0.373686925528,0.193825849313,0.193825849313,0.387651698627,-1.14491749414e-16,-1.11022302463e-16,0.08,31345.236273
2015-10-16,31310.0256144,-0.00051473059541,-0.0011233176933,18.7434013326,0.332905043427,0.000597966503406,1.06205944829e-05,9371.70066629,0.298983251703,0.19078218349,0.19078218349,0.38156436698,-4.16333634234e-16,-4.30211422042e-16,0.08,31310.0256144
2015-10-19,31277.6487505,-0.000606364381312,-0.00103407337746,12.4096516713,0.981927953728,0.000396347541332,3.13614548203e-05,6204.82583566,0.198173770666,0.209189396935,0.209189396935,0.41837879387,3.33066907388e-16,2.70616862252e-16,0.08,31277.6487505
2015-10-20,31268.0618533,-9.63299964549e-06,-0.000306509523785,8.92708170022,0.358517944091,0.000285414091431,1.14624327088e-05,4463.54085011,0.142707045715,0.212422232241,0.212422232241,0.424844464482,-9.15933995316e-16,-9.15933995316e-16,0.08,31268.0618533
2015-10-21,31320.5146383,0.00204677162595,0.00167751954853,11.1818498649,0.363946931327,0.000357612503052,1.16395743694e-05,5590.92493247,0.178806251526,0.23871591091,0.23871591091,0.477431821821,-5.55111512313e-17,-8.32667268469e-17,0.08,31320.5146383
2015-10-22,31187.9095229,-0.00336271938281,-0.00423381023446,26.8733312946,0.409682475729,0.000858010527763,1.30803238855e-05,13436.6656473,0.429005263881,0.264608551829,0.264608551829,0.529217103659,8.32667268469e-17,9.71445146547e-17,0.08,31187.9095229
2015-10-23,31121.4759012,-0.0013304142835,-0.00213010819663,24.4885848294,0.452196579366,0.000785194814402,1.44990987304e-05,12244.2924147,0.392597407201,0.310695738834,0.310695738834,0.621391477668,9.43689570931e-16,9.78384040451e-16,0.08,31121.4759012
2015-10-26,31083.0215763,-0.000306507091898,-0.00123562021909,27.3258961894,1.58947560801,0.000878039855057,5.10732721371e-05,13662.9480947,0.439019927528,0.390965525089,0.390965525089,0.781931050177,-2.77555756156e-17,1.04083408559e-17,0.08,31083.0215763
2015-10-27,31054.8443835,-0.000349472225703,-0.000906513955181,16.6486557208,0.665884375447,0.000535618960981,2.1422768498e-05,8324.32786041,0.26780948049,0.295478952821,0.295478952821,0.590957905642,-1.73472347598e-16,-2.01227923213e-16,0.08,31054.8443835
2015-10-28,31098.7569653,0.00201990279139,0.00141403322692,18.3123876222,0.502797419093,0.000589678936919,1.61906275518e-05,9156.19381111,0.29483946846,0.293240537756,0.293240537756,0.586481075511,1.66533453694e-16,1.11022302463e-16,0.08,31098.7569653
2015-10-29,31136.0515133,0.00176885033393,0.0011992295395,17.2148046091,0.499694039234,0.000553552819758,1.60679746715e-05,8607.40230456,0.276776409879,0.338102137206,0.338102137206,0.676204274411,4.4408920985e-16,4.02455846427e-16,0.08,31136.0515133
2015-10-30,31178.2490798,0.00231387661946,0.00135526389702,29.2705841175,0.576830989632,0.000940086577936,1.85261445044e-05,14635.2920588,0.470043288968,0.356752449,0.356752449,0.713504898001,-6.66133814775e-16,-6.38378239159e-16,0.08,31178.2490798
2015-11-02,31211.7885303,0.00244080456387,0.00107573233061,40.7321374349,1.82842466544,0.00130642799507,5.86442381919e-05,20366.0687175,0.653213997533,0.233514795187,0.233514795187,0.467029590375,-1.04083408559e-17,-2.77555756156e-17,0.08,31211.7885303
2015-11-03,31202.7051857,0.000956584336218,-0.000291022880595,38.5406874471,0.399365172937,0.00123481188557,1.27953312431e-05,19270.3437236,0.617405942785,0.438569241562,0.438569241562,0.877138483125,-2.22044604925e-16,-1.94289029309e-16,0.08,31202.7051857
2015-11-04,31230.7999242,0.00209049900143,0.000900394317292,36.3846474213,0.749838177972,0.00116607349282,2.40311913185e-05,18192.3237107,0.58303674641,0.436544526659,0.436544526659,0.873089053318,3.88578058619e-16,4.4408920985e-16,0.08,31230.7999242
2015-11-05,31366.2059933,0.00515850376733,0.004335658053,24.9510813921,0.747048480552,0.000798925466293,2.39202480361e-05,12475.5406961,0.399462733147,0.432235200693,0.432235200693,0.864470401386,-4.4408920985e-16,-3.88578058619e-16,0.08,31366.2059933
2015-11-06,31407.2578761,0.00219390840031,0.00130879338112,27.0198190147,0.742881005069,0.000861430898607,2.36841205859e-05,13509.9095074,0.430715449304,0.394200671768,0.394200671768,0.788401343535,-6.10622663544e-16,-6.52256026967e-16,0.08,31407.2578761
2015-11-09,31425.0589301,0.00204496907507,0.000566781538397,44.3906233751,2.0351937786,0.00141338742625,6.48001104275e-05,22195.3116875,0.706693713124,0.425967973934,0.425967973934,0.851935947869,-1.01307850997e-15,-1.03736463863e-15,0.08,31425.0589301
2015-11-10,31381.9714364,-0.000238704553915,-0.00137111894573,34.8527057806,0.733483215518,0.00110907368092,2.33407109005e-05,17426.3528903,0.554536840458,0.446158419657,0.446158419657,0.892316839314,-7.35522753814e-16,-7.42461647718e-16,0.08,31381.9714364
2015-11-11,31369.3383369,0.000523671469709,-0.000402559143903,28.2997464527,0.767196207221,0.000901783576918,2.44470366935e-05,14149.8732263,0.450891788459,0.390258994476,0.390258994476,0.780517988953,-4.99600361081e-16,-6.38378239159e-16,0.08,31369.3383369
2015-11-12,31350.61286,0.000226290257178,-0.000596935664758,25.1532488325,0.670803640369,0.000801841867444,2.13840544919e-05,12576.6244163,0.400920933722,0.419235145572,0.419235145572,0.838470291144,-2.77555756156e-16,-3.60822483003e-16,0.08,31350.61286
2015-11-13,31256.0669278,-0.00228432962786,-0.00301576025489,22.2106187647,0.720179657322,0.000708458838232,2.29717887985e-05,11105.3093823,0.354229419116,0.405636999966,0.405636999966,0.811273999933,1.11022302463e-16,5.55111512313e-17,0.08,31256.0669278
2015-11-16,31410.8597395,0.00648410758315,0.00495240850442,45.7907326627,2.08415625523,0.00146501902394,6.6680054789e-05,22895.3663314,0.73250951197,0.273255976782,0.273255976782,0.546511953563,1.66533453694e-16,9.02056207508e-17,0.08,31410.8597395
2015-11-17,31453.2226053,0.00221783140401,0.00134866941551,26.8308127002,0.470312611488,0.000854189058267,1.49729302346e-05,13415.4063501,0.427094529134,0.313134533539,0.313134533539,0.626269067078,3.05311331772e-16,2.01227923213e-16,0.08,31453.2226053
2015-11-18,31291.961507,-0.00406076017498,-0.00512701354393,32.9974283927,0.539676174729,0.00104909531232,1.71580566323e-05,16498.7141963,0.524547656161,0.285732575706,0.285732575706,0.571465151412,5.13478148889e-16,5.23886489745e-16,0.08,31291.961507
2015-11-19,31302.3620231,0.000898688984689,0.000332370219515,17.2312999178,0.489925082756,0.000550662185683,1.56565794908e-05,8615.64995888,0.275331092841,0.191698570135,0.191698570135,0.383397140269,2.28983498829e-16,2.28983498829e-16,0.08,31302.3620231
2015-11-20,31295.3934147,0.00030614853195,-0.00022262244522,16.2229795661,0.328800988584,0.00051826694593,1.05040312403e-05,8111.48978305,0.259133472965,0.213662842388,0.213662842388,0.427325684776,1.94289029309e-16,2.08166817117e-16,0.08,31295.3934147
2015-11-23,31243.8715894,-0.000679399761189,-0.00164630700392,29.160565125,1.09917743189,0.00093178458371,3.51226590227e-05,14580.2825625,0.465892291855,0.293516124987,0.293516124987,0.587032249973,3.60822483003e-16,3.97251675999e-16,0.08,31243.8715894
2015-11-24,31318.7536054,0.00283022187456,0.00239669452728,13.042575228,0.50249754074,0.000417444271932,1.60830753417e-05,6521.28761399,0.208722135966,0.224679478991,0.224679478991,0.449358957982,9.29811783124e-16,9.92261828259e-16,0.08,31318.7536054
2015-11-25,31328.9586769,0.00121621384506,0.000325845390778,27.4996586627,0.385571574943,0.000878057249953,1.23112043283e-05,13749.8293314,0.439028624977,0.345552987873,0.345552987873,0.691105975745,0,9.02056207508e-17,0.08,31328.9586769
2015-11-27,31301.1909583,-1.84581039636e-05,-0.000886327531296,26.0030547105,1.18639071537,0.000830000606743,3.78688205888e-05,13001.5273552,0.415000303372,0.221339533995,0.221339533995,0.442679067989,8.18789480661e-16,8.74300631892e-16,0.08,31301.1909583
2015-11-30,31260.6689018,-0.000789502330509,-0.00129458513588,14.6708126251,1.13888071565,0.000468698224443,3.63845809306e-05,7335.40631257,0.234349112222,0.192562271009,0.192562271009,0.385124542017,2.28983498829e-16,2.63677968348e-16,0.08,31260.6689018
2015-12-01,31213.9793979,-0.000195837887356,-0.00149355421896,40.2376380833,0.329842487505,0.00128716497429,1.05513573155e-05,20118.8190416,0.643582487146,0.414208151107,0.414208151107,0.828416302213,3.33066907388e-16,2.8449465006e-16,0.08,31213.9793979
2015-12-02,31296.2783305,0.00395607559067,0.00263660495174,40.4774863429,0.70844299699,0.00129677430189,2.26963370469e-05,20238.7431714,0.648387150945,0.223837726248,0.223837726248,0.447675452496,-2.35922392733e-16,-2.63677968348e-16,0.08,31296.2783305
2015-12-03,31301.311155,0.00139975545092,0.000160812237756,38.3904602495,0.383851385289,0.00122667813227,1.22650808903e-05,19195.2301247,0.613339066135,0.329879773019,0.329879773019,0.659759546039,0,-8.32667268469e-17,0.08,31301.311155
2015-12-04,31159.3006075,-0.0032348920843,-0.00453688814736,40.1883937875,0.565790105153,0.00128392045906,1.80756040011e-05,20094.1968938,0.641960229532,0.350325003263,0.350325003263,0.700650006527,6.62664367823e-16,6.10622663544e-16,0.08,31159.3006075
2015-12-07,31076.9461559,-0.00152370478691,-0.00264301348177,33.0824845195,1.79439157594,0.00106172102308,5.75876717693e-05,16541.2422598,0.530860511541,0.348225928574,0.348225928574,0.696451857147,5.55111512313e-16,5.55111512313e-16,0.08,31076.9461559
2015-12-08,30936.027319,-0.00384060015957,-0.00453451366089,20.9717372609,0.592975256568,0.000674832628525,1.90808727986e-05,10485.8686304,0.337416314262,0.313412947712,0.313412947712,0.626825895424,1.94289029309e-16,2.08166817117e-16,0.08,30936.027319
2015-12-09,31115.2712962,0.00643036958006,0.00579402052375,19.154837735,0.531274055482,0.000619175744109,1.71733122034e-05,9577.41886752,0.309587872055,0.314265813813,0.314265813813,0.628531627627,7.07767178199e-16,7.91033905045e-16,0.08,31115.2712962
2015-12-10,31029.7724797,-0.00192916622044,-0.00274780880645,24.9364797992,0.535806359229,0.000801422541421,1.72200445925e-05,12468.2398996,0.40071127071,0.29801479747,0.29801479747,0.596029594941,2.77555756156e-16,4.02455846427e-16,0.08,31029.7724797
2015-12-11,30984.3129312,-0.000586327869118,-0.00146503003002,26.759225042,0.506703088279,0.000862372582958,1.63295779436e-05,13379.612521,0.431186291479,0.364988950577,0.364988950577,0.729977901154,1.94289029309e-16,2.22044604925e-16,0.08,30984.3129312
2015-12-14,31017.733507,0.00266170402789,0.00107862891169,47.1914922962,1.85900249772,0.00152307693254,5.99981836565e-05,23595.7461481,0.761538466271,0.421270424217,0.421270424217,0.842540848434,3.46944695195e-17,3.46944695195e-17,0.08,31017.733507
2015-12-15,31150.1180107,0.00544556453803,0.00426802634465,35.80857389,0.715991986451,0.00115445488246,2.3083310916e-05,17904.286945,0.57722744123,0.388479336657,0.388479336657,0.776958673314,-3.05311331772e-16,-3.40005801291e-16,0.08,31150.1180107
2015-12-16,31233.3163993,0.00411624924845,0.00267088518011,44.3601830955,0.663078201731,0.00142407752935,2.12865389949e-05,22180.0915478,0.712038764673,0.276351343175,0.276351343175,0.55270268635,-1.4224732503e-16,-2.63677968348e-16,0.08,31233.3163993
2015-12-17,31226.8344534,0.000640609385755,-0.000207533064142,26.0173497666,0.472951722671,0.000832999910545,1.51425393521e-05,13008.6748833,0.416499955272,0.256400889211,0.256400889211,0.512801778422,5.55111512313e-17,-1.38777878078e-17,0.08,31226.8344534
2015-12-18,31208.02383,-8.40311541458e-07,-0.000602386495486,18.3456659448,0.438717157321,0.000587496820152,1.40493637924e-05,9172.8329724,0.293748410076,0.309941892716,0.309941892716,0.619883785432,2.77555756156e-16,1.97758476261e-16,0.08,31208.02383
2015-12-21,31201.0563716,0.000402331458687,-0.000223258558751,17.9333995736,1.59002859843,0.000574640665211,5.09493522273e-05,8966.6997868,0.287320332605,0.237199544852,0.237199544852,0.474399089703,-1.11022302463e-16,-1.35308431126e-16,0.08,31201.0563716
2015-12-22,31194.1632102,0.000553968864565,-0.000220927180062,23.7720476982,0.405527472342,0.000761898809292,1.29972353343e-05,11886.0238491,0.380949404646,0.268533752279,0.268533752279,0.537067504558,5.55111512313e-17,-4.16333634234e-17,0.08,31194.1632102
2015-12-23,31261.8766415,0.003097596094,0.00217070837425,28.4544903309,0.458996476496,0.000912173541542,1.47141782071e-05,14227.2451655,0.456086770771,0.304224133114,0.304224133114,0.608448266228,7.21644966006e-16,6.80011602583e-16,0.08,31261.8766415
2015-12-24,31208.9815511,-0.000620741317841,-0.00169199984348,32.9684221636,0.521129716208,0.00105458871013,1.66698155131e-05,16484.2110818,0.527294355064,0.216247949509,0.216247949509,0.432495899017,-1.52655665886e-16,-1.54390389362e-16,0.08,31208.9815511
2015-12-28,31179.9687065,0.000202478694844,-0.000929631253512,33.8527922967,1.47920619544,0.0010847131375,4.73968108512e-05,16926.3961483,0.542356568752,0.355664115393,0.355664115393,0.711328230787,5.82867087928e-16,5.13478148889e-16,0.08,31179.9687065
2015-12-29,31110.5527092,5.25218962605e-05,-0.00222630105606,70.4459792459,0.607649095232,0.00225933450764,1.94884446791e-05,35222.9896229,1.12966725382,0.415719566096,0.415719566096,0.831439132193,6.93889390391e-16,6.38378239159e-16,0.08,31110.5527092
2015-12-30,31047.5081346,-0.000577572273909,-0.00202646912918,44.3673099055,0.708672080729,0.00142611770097,2.27791543067e-05,22183.6549527,0.713058850483,0.39417971702,0.39417971702,0.788359434041,1.90125692967e-15,1.87350135405e-15,0.08,31047.5081346
2015-12-31,30956.9720305,-0.00132421300155,-0.00291605058087,48.7519985232,0.670591669626,0.00157023869071,2.15988886039e-05,24375.9992616,0.785119345357,0.319689014315,0.319689014315,0.63937802863,2.77555756156e-16,2.63677968348e-16,0.08,30956.9720305
2016-01-04,30981.3699051,0.00190670446511,0.000788122128102,32.458803463,2.16911865744,0.00104851351195,7.00688250553e-05,16229.4017315,0.524256755974,0.35512925831,0.35512925831,0.710258516619,4.23272528138e-16,3.05311331772e-16,0.08,30981.3699051
2016-01-05,30889.6270417,-0.00141353309894,-0.00296122681749,47.3468008592,0.602870735114,0.00152823458111,1.94591374416e-05,23673.4004296,0.764117290556,0.337292038388,0.337292038388,0.674584076776,4.16333634234e-16,4.33680868994e-16,0.08,30889.6270417
2016-01-06,30884.055363,0.000604822492344,-0.000180373776379,23.6835253601,0.57089453534,0.000766714513195,1.84817555281e-05,11841.76268,0.383357256597,0.401746096678,0.401746096678,0.803492193356,3.88578058619e-16,3.46944695195e-16,0.08,30884.055363
2016-01-07,30673.583164,-0.00622562963506,-0.00681491457426,17.5196430051,0.679865681737,0.000567271454449,2.20134847495e-05,8759.82150254,0.283635727224,0.314392067717,0.314392067717,0.628784135434,7.21644966006e-16,6.93889390391e-16,0.08,30673.583164
2016-01-08,30750.8527936,0.00291047547094,0.00251909368246,11.4766691673,0.528412670424,0.000374154825862,1.72269626146e-05,5738.33458365,0.187077412931,0.293670010105,0.293670010105,0.587340020211,-4.99600361081e-16,-5.48172618409e-16,0.08,30750.8527936
2016-01-11,30845.6933384,0.00365040162837,0.0030841598247,15.9279356241,1.48448272613,0.00051796728146,4.82745222091e-05,7963.96781204,0.25898364073,0.306867740003,0.306867740003,0.613735480006,-2.77555756156e-17,6.93889390391e-18,0.08,30845.6933384
2016-01-12,30899.5572027,0.00262906386174,0.00174623613421,26.7127731784,0.518660175538,0.000866013056844,1.68146706851e-05,13356.3865892,0.433006528422,0.338277970991,0.338277970991,0.676555941983,-1.17961196366e-15,-1.20736753928e-15,0.08,30899.5572027
2016-01-13,30878.8862269,0.000278884785115,-0.000668973203731,28.7156447757,0.572747370688,0.000929322209614,1.85357792324e-05,14357.8223878,0.464661104807,0.269159912106,0.269159912106,0.538319824213,6.93889390391e-17,1.66533453694e-16,0.08,30878.8862269
2016-01-14,30891.2591109,0.00114476201868,0.000400690749304,22.5206751785,0.455416893303,0.000729322781043,1.47484883346e-05,11260.3375893,0.364661390522,0.315760527004,0.315760527004,0.631521054008,2.08166817117e-16,3.0184188482e-16,0.08,30891.2591109
2016-01-15,30821.6292624,-0.00146014051532,-0.00225403077086,23.9897906714,0.534478918175,0.000776588308856,1.73019466851e-05,11994.8953357,0.388294154428,0.402749785546,0.402749785546,0.805499571093,-6.73072708679e-16,-5.96744875736e-16,0.08,30821.6292624
2016-01-19,30646.5838006,-0.00470834766019,-0.00567930592701,27.205769521,2.72074620835,0.000882684341227,8.82739255992e-05,13602.8847605,0.441342170614,0.343932441179,0.343932441179,0.687864882359,-1.38777878078e-16,-1.17961196366e-16,0.08,30646.5838006
2016-01-20,30552.3939923,-0.0022315564033,-0.00307341950191,25.2226743355,0.577553664677,0.000823017485394,1.88456132153e-05,12611.3371678,0.411508742697,0.413008606372,0.413008606372,0.826017212743,-2.22044604925e-16,-2.42861286637e-16,0.08,30552.3939923
2016-01-21,30573.4503453,0.00147674321572,0.000689188316831,23.3702682923,0.691419269264,0.000764924290325,2.26306085683e-05,11685.1341461,0.382462145163,0.336364683828,0.336364683828,0.672729367655,3.1918911958e-16,3.74700270811e-16,0.08,30573.4503453
2016-01-22,30547.7089084,8.07527449219e-05,-0.00084195393636,27.6468294262,0.563497477201,0.000904275739702,1.84309415796e-05,13823.4147131,0.452137869851,0.31958018167,0.31958018167,0.63916036334,3.46944695195e-16,3.1918911958e-16,0.08,30547.7089084
2016-01-25,30399.0477129,-0.00384813874718,-0.00486652520974,29.5045881685,1.6047850459,0.000965852734062,5.25337284937e-05,14752.2940843,0.482926367031,0.221879360905,0.221879360905,0.44375872181,1.11022302463e-16,1.2490009027e-16,0.08,30399.0477129
2016-01-26,30441.9700911,0.00189003033922,0.00141196456433,14.1631595733,0.369584727598,0.000465908001694,1.21577732003e-05,7081.57978667,0.232954000847,0.277141104896,0.277141104896,0.554282209793,5.41233724505e-16,6.66133814775e-16,0.08,30441.9700911
2016-01-27,30551.4785893,0.0044034150014,0.00359728683492,24.0778434389,0.46228609459,0.000790942352512,1.51858139669e-05,12038.9217195,0.395471176256,0.264066420292,0.264066420292,0.528132840583,-2.77555756156e-17,-2.25514051877e-17,0.08,30551.4785893
2016-01-28,30478.8350853,-0.00120990322088,-0.00237774102372,35.2371102821,0.442061347162,0.00115336840995,1.44693928927e-05,17618.555141,0.576684204974,0.389038711985,0.389038711985,0.778077423971,3.12250225676e-16,2.91433543964e-16,0.08,30478.8350853
2016-01-29,30473.8864481,0.00073414954328,-0.000162363071096,26.6749370162,0.649723109283,0.000875195424678,2.13171896978e-05,13337.4685081,0.437597712339,0.319566967484,0.319566967484,0.639133934967,4.30211422042e-16,3.43475248243e-16,0.08,30473.8864481
2016-02-01,30493.4814536,0.00139069093585,0.000643009732689,21.183911403,1.60084068159,0.000695149646867,5.25315562987e-05,10591.9557015,0.347574823433,0.338758420656,0.338758420656,0.677516841313,-8.32667268469e-17,-1.66533453694e-16,0.08,30493.4814536
2016-02-02,30563.5069155,0.00276753430306,0.0022964075772,13.8002708656,0.566023211921,0.000452564620626,1.85621052414e-05,6900.13543282,0.226282310313,0.344355672438,0.344355672438,0.688711344876,7.42461647718e-16,6.31439345256e-16,0.08,30563.5069155
2016-02-03,30535.3243252,-0.000166591959236,-0.00092209936494,22.5142589984,0.5766968206,0.000736638601735,1.88688039692e-05,11257.1294992,0.368319300867,0.400173615653,0.400173615653,0.800347231306,1.38777878078e-15,1.33226762955e-15,0.08,30535.3243252
2016-02-04,30666.6089268,0.00580520696084,0.00429943367246,45.3097178503,0.669557870704,0.00148384596698,2.19273214056e-05,22654.8589252,0.741922983489,0.36661074536,0.36661074536,0.733221490721,3.60822483003e-16,4.4408920985e-16,0.08,30666.6089268
2016-02-05,30805.9865967,0.00605166095213,0.00454493257443,45.5902111039,0.616038814045,0.00148664011768,2.00882600197e-05,22795.1055519,0.743320058841,0.370488192855,0.370488192855,0.740976385711,4.16333634234e-17,1.11022302463e-16,0.08,30805.9865967
2016-02-08,30798.2236375,0.000916239512188,-0.000251995148053,34.1124698928,1.87615139233,0.00110733249155,6.09021686885e-05,17056.2349464,0.553666245776,0.343731163883,0.343731163883,0.687462327765,2.49800180541e-16,2.49800180541e-16,0.08,30798.2236375
2016-02-09,30940.2715724,0.00534383628465,0.00461221194389,21.9526583252,0.580071740079,0.000712789756434,1.88345843223e-05,10976.3291626,0.356394878217,0.316873140241,0.316873140241,0.633746280481,4.71844785466e-16,5.27355936697e-16,0.08,30940.2715724
2016-02-10,31057.9935202,0.00424501100899,0.00380481301053,13.0826324119,0.537213206194,0.000422835086671,1.7362911794e-05,6541.31620597,0.211417543335,0.311897677652,0.311897677652,0.623795355304,0,2.77555756156e-17,0.08,31057.9935202
2016-02-11,30964.4380517,-0.00195863878676,-0.00301228308366,32.1932878251,0.53078992063,0.00103655401319,1.7090283707e-05,16096.6439125,0.518277006595,0.385858323978,0.385858323978,0.771716647956,-5.67254576644e-16,-5.48172618409e-16,0.08,30964.4380517
2016-02-12,31059.9563004,0.00456097639232,0.00308477255503,45.0551435775,0.654678694223,0.00145506091544,2.11429218618e-05,22527.5717888,0.727530457718,0.386965024614,0.386965024614,0.773930049228,8.74300631892e-16,9.86190296093e-16,0.08,31059.9563004
2016-02-16,31125.3942061,0.00333288586212,0.00210682542626,35.4470565996,2.63432695985,0.00114124618389,8.48142519701e-05,17723.5282998,0.570623091944,0.259555116485,0.259555116485,0.51911023297,1.94289029309e-16,2.25514051877e-16,0.08,31125.3942061
2016-02-17,31095.7054954,0.000260674288778,-0.000953842079333,37.3596292029,0.442671524318,0.00120029416995,1.42221981636e-05,18679.8146015,0.600147084974,0.300286436141,0.300286436141,0.600572872281,4.85722573274e-16,5.13478148889e-16,0.08,31095.7054954
2016-02-18,31155.6866267,0.00348092636785,0.00192892010043,47.7490794853,0.511650333287,0.00153555221612,1.64540512954e-05,23874.5397426,0.76777610806,0.461055633487,0.461055633487,0.922111266975,-2.77555756156e-16,-2.77555756156e-16,0.08,31155.6866267
2016-02-19,31005.19064,-0.00316154977888,-0.00483045001039,51.2086364688,0.787096155311,0.00164363690912,2.52633223829e-05,25604.3182344,0.821818454562,0.248971731263,0.248971731263,0.497943462526,1.80411241502e-16,1.78025996722e-16,0.08,31005.19064
2016-02-22,31035.6889719,0.00153287594455,0.00098365245675,15.7598338485,1.26894509454,0.000508296627863,4.09268599337e-05,7879.91692427,0.254148313932,0.231670397588,0.231670397588,0.463340795176,1.73472347598e-16,1.38777878078e-16,0.08,31035.6889719
2016-02-23,30996.1631571,-0.000659396081449,-0.00127356009016,18.6670277876,0.393975364577,0.000601469740354,1.2694268361e-05,9333.51389382,0.300734870177,0.229958239505,0.229958239505,0.459916479011,1.17961196366e-16,9.71445146547e-17,0.08,30996.1631571
2016-02-24,31010.0647105,0.000986713863819,0.000448492716049,16.2922248609,0.390565649919,0.00052562069629,1.26004514797e-05,8146.11243046,0.262810348145,0.261555293445,0.261555293445,0.52311058689,9.02056207508e-16,9.15933995316e-16,0.08,31010.0647105
2016-02-25,30981.4606903,-0.000206078379044,-0.000922410851392,21.7690863724,0.44442994932,0.000702000675447,1.43317969011e-05,10884.5431862,0.351000337724,0.31183551539,0.31183551539,0.623671030779,6.10622663544e-16,6.24500451352e-16,0.08,30981.4606903
2016-02-26,30907.3773153,-0.00131890357894,-0.00239121633829,32.6924391761,0.529376425308,0.00105522588179,1.70868775556e-05,16346.219588,0.527612940896,0.326911208884,0.326911208884,0.653822417767,2.41473507856e-15,2.28983498829e-15,0.08,30907.3773153
2016-02-29,30880.8580004,-0.000186805396488,-0.000858025403054,19.0847237445,1.66092625998,0.000617481177708,5.37388288576e-05,9542.36187225,0.308740588854,0.240243980109,0.240243980109,0.480487960217,1.45716771982e-16,1.5959455979e-16,0.08,30880.8580004
2016-03-01,30837.4464636,-0.000897308904554,-0.00140577495752,15.2953507064,0.406517273161,0.000495301999259,1.31640537046e-05,7647.67535322,0.24765099963,0.205122205105,0.205122205105,0.41024441021,1.38777878078e-16,1.30104260698e-16,0.08,30837.4464636
2016-03-02,30824.5919964,0.000130284441225,-0.000416846029844,16.5255068831,0.346599727037,0.000535890898187,1.12395728825e-05,8262.75344157,0.267945449093,0.205149061924,0.205149061924,0.410298123847,1.12757025938e-16,1.2490009027e-16,0.08,30824.5919964
2016-03-03,30881.7988995,0.00232944439253,0.00185588516682,14.2507693089,0.346500609986,0.000462318181228,1.1241044489e-05,7125.38465443,0.231159090614,0.243337051931,0.243337051931,0.486674103863,-1.11022302463e-16,-1.66533453694e-16,0.08,30881.7988995
2016-03-04,30797.7548695,-0.0017331488501,-0.0027214745571,30.1095121197,0.411763611098,0.000974992169908,1.33335370921e-05,15054.7560598,0.487496084954,0.351344686908,0.351344686908,0.702689373815,-1.36696209907e-15,-1.22124532709e-15,0.08,30797.7548695
2016-03-07,30771.6121009,0.000117178139054,-0.000848853064743,27.9728589162,1.77873329459,0.000908275912799,5.77552909985e-05,13986.4294581,0.454137956399,0.343978112551,0.343978112551,0.687956225102,-4.37150315946e-16,-4.4408920985e-16,0.08,30771.6121009
2016-03-08,30833.2516013,0.00329722774981,0.00200312873569,39.2415259755,0.579986906883,0.00127525089836,1.88481157562e-05,19620.7629878,0.637625449178,0.413549002948,0.413549002948,0.827098005895,1.94289029309e-16,2.77555756156e-16,0.08,30833.2516013
2016-03-09,30794.5699854,-0.000183539994525,-0.00125454222167,32.3237928908,0.698688244239,0.0010483420078,2.26602193396e-05,16161.8964454,0.524171003902,0.341556839019,0.341556839019,0.683113678037,-2.77555756156e-17,-2.77555756156e-17,0.08,30794.5699854
2016-03-10,30754.8027978,-0.000513701360959,-0.0012913701209,23.3716410268,0.576334026473,0.000758953316703,1.87154432339e-05,11685.8205134,0.379476658352,0.35460955283,0.35460955283,0.709219105661,1.38777878078e-16,1.52655665886e-16,0.08,30754.8027978
2016-03-11,30742.4263449,0.000376797774197,-0.00040242341996,23.3672080324,0.597586129727,0.000759790533728,1.94306604291e-05,11683.6040162,0.379895266864,0.261248543884,0.261248543884,0.522497087768,8.32667268469e-17,8.32667268469e-17,0.08,30742.4263449
2016-03-14,30702.5562675,-0.000170826132078,-0.00129690730807,33.2982351535,1.32023245776,0.00108313620987,4.29449661179e-05,16649.1175767,0.541568104936,0.377826071032,0.377826071032,0.755652142064,2.42861286637e-16,2.63677968348e-16,0.08,30702.5562675
2016-03-15,30742.9057335,0.00238244885062,0.00131420542629,32.1621750095,0.63562883316,0.00104754062591,2.07027984127e-05,16081.0875048,0.523770312955,0.333240994985,0.333240994985,0.66648198997,6.66133814775e-16,6.80011602583e-16,0.08,30742.9057335
2016-03-16,30704.8009776,-0.000572963504488,-0.00123946500957,19.92883423,0.561358712075,0.000648241724539,1.82597805471e-05,9964.41711502,0.32412086227,0.298521366633,0.298521366633,0.597042733266,2.08166817117e-17,5.55111512313e-17,0.08,30704.8009776
2016-03-17,30671.9688389,-3.16741091583e-05,-0.00106928355188,31.3573427108,0.502248720549,0.00102125210757,1.6357335158e-05,15678.6713554,0.510626053784,0.277249539112,0.277249539112,0.554499078224,2.22044604925e-16,2.42861286637e-16,0.08,30671.9688389
2016-03-18,30677.6012124,0.000964704323889,0.000183632604022,23.4910463994,0.465961053383,0.000765879964299,1.51917555678e-05,11745.5231997,0.38293998215,0.343693901294,0.343693901294,0.687387802588,-3.60822483003e-16,-3.0184188482e-16,0.08,30677.6012124
2016-03-21,30715.0872683,0.00209168541453,0.00122193569188,24.9486234568,1.73321168927,0.000813252095039,5.649762761e-05,12474.3117284,0.406626047519,0.256110317395,0.256110317395,0.512220634789,5.55111512313e-17,2.77555756156e-17,0.08,30715.0872683
2016-03-22,30703.2006001,0.000339266878515,-0.000386997702396,21.8762415854,0.431038397211,0.000712231138862,1.4033442049e-05,10938.1207927,0.356115569431,0.149228544879,0.149228544879,0.298457089758,0,-9.54097911787e-18,0.08,30703.2006001
2016-03-23,30738.5804755,0.0016825470345,0.0011523188044,16.02864651,0.251057202668,0.000522051323534,8.17690656872e-06,8014.32325501,0.261025661767,0.200340819785,0.200340819785,0.400681639571,2.42861286637e-16,2.88939878967e-16,0.08,30738.5804755
2016-03-24,30666.2187189,-0.00126660124599,-0.00235410209331,33.090797112,0.337435200631,0.00107652326816,1.09775791663e-05,16545.398556,0.538261634078,0.288641727912,0.288641727912,0.577283455824,3.33066907388e-16,3.40005801291e-16,0.08,30666.2187189
2016-03-28,30679.2047865,0.0013215756156,0.000423464911876,25.6015934419,1.94006583223,0.000834846763358,6.32639403642e-05,12800.7967209,0.417423381679,0.378115014201,0.378115014201,0.756230028402,1.11022302463e-16,1.19695919842e-16,0.08,30679.2047865
2016-03-29,30660.5648559,0.00059585854861,-0.000607575416508,36.2847659421,0.63563112074,0.0011827153342,2.07186309151e-05,18142.3829711,0.591357667101,0.351098173164,0.351098173164,0.702196346328,8.881784197e-16,8.46545056277e-16,0.08,30660.5648559
2016-03-30,30712.6584527,0.00293327450046,0.00169904230751,37.2524004013,0.589855797757,0.00121499393688,1.92382560638e-05,18626.2002007,0.607496968442,0.261641554275,0.261641554275,0.52328310855,3.60822483003e-16,5.34294830601e-16,0.08,30712.6584527
2016-03-31,30669.4607076,-0.00044432123175,-0.00140651273124,29.1111461396,0.440312750328,0.000947854975966,1.43365235219e-05,14555.5730698,0.473927487983,0.280707728338,0.280707728338,0.561415456677,6.93889390391e-18,2.63677968348e-16,0.08,30669.4607076
2016-04-01,30640.2298443,-0.000134457480931,-0.000953093487451,24.6353903347,0.471734501074,0.000803254761132,1.53812453884e-05,12317.6951674,0.401627380566,0.3391905369,0.3391905369,0.678381073799,2.77555756156e-16,3.60822483003e-16,0.08,30640.2298443
2016-04-04,30677.9677323,0.00253511776179,0.00123164506758,38.2302849721,1.70841797451,0.00124771534568,5.57573485314e-05,19115.142486,0.623857672842,0.498752549117,0.498752549117,0.997505098235,4.57966997658e-16,6.66133814775e-16,0.08,30677.9677323
2016-04-05,30710.8731483,0.00217897575529,0.00107260742511,33.1027366121,0.838395320998,0.00107903942337,2.73289068009e-05,16551.368306,0.539519711686,0.372765360113,0.372765360113,0.745530720226,6.38378239159e-16,7.77156117238e-16,0.08,30710.8731483
2016-04-06,30650.6900408,-0.00102198692249,-0.00195966774423,28.1697118558,0.627284914438,0.000917255322563,2.04254991843e-05,14084.8559279,0.458627661281,0.279111956939,0.279111956939,0.558223913878,4.71844785466e-16,6.27969898304e-16,0.08,30650.6900408
2016-04-07,30602.3526976,-0.000907788914732,-0.00157703931292,20.0442208116,0.468765702948,0.000653956592331,1.52938058597e-05,10022.1104058,0.326978296165,0.161883758285,0.161883758285,0.32376751657,2.35922392733e-16,2.53269627493e-16,0.08,30602.3526976
2016-04-08,30611.5416885,0.000625272695866,0.000300270735011,9.67437127093,0.271453362578,0.000316131617936,8.87034291972e-06,4837.18563546,0.158065808968,0.189287868293,0.189287868293,0.378575736586,-1.38777878078e-17,-1.38777878078e-17,0.08,30611.5416885
2016-04-11,30631.2185859,0.00108996983151,0.000642793414491,12.7362564953,0.952503036392,0.000416060603054,3.1115813966e-05,6368.12824767,0.208030301527,0.23144762035,0.23144762035,0.4628952407,6.24500451352e-17,3.12250225676e-17,0.08,30631.2185859
2016-04-12,30605.1932976,-0.000400995494744,-0.000849632811634,13.3538407249,0.388466994528,0.000435955255501,1.26820613891e-05,6676.92036247,0.217977627751,0.331179428787,0.331179428787,0.662358857574,-1.11022302463e-16,-1.73472347598e-16,0.08,30605.1932976
2016-04-13,30677.320118,0.00299618276383,0.00235668566745,19.0165453748,0.555386873107,0.000621350278362,1.81468180157e-05,9508.27268738,0.310675139181,0.31101090509,0.31101090509,0.622021810179,-2.32452945781e-16,-2.35922392733e-16,0.08,30677.320118
2016-04-14,30644.2867066,0.000130669654535,-0.00107680238008,36.5192126548,0.522793484691,0.00119043034119,1.70416934296e-05,18259.6063274,0.595215170595,0.320099739925,0.320099739925,0.64019947985,1.80411241502e-16,2.91433543964e-16,0.08,30644.2867066
2016-04-15,30675.248478,0.001893459411,0.00101036032197,26.524449718,0.537491956438,0.000865559377247,1.75397117767e-05,13262.224859,0.432779688623,0.296072086024,0.296072086024,0.592144172048,-2.77555756156e-16,-3.88578058619e-16,0.08,30675.248478
2016-04-18,30660.565521,0.000533342526496,-0.000478658128853,29.5504261152,1.49294544759,0.000963331271345,4.8669384004e-05,14775.2130576,0.481665635673,0.343642566134,0.343642566134,0.687285132269,7.6327832943e-17,1.04083408559e-16,0.08,30660.565521
2016-04-19,30661.7260777,0.000791923712491,3.785177154e-05,22.5429419933,0.577330159713,0.0007352422113,1.88297296512e-05,11271.4709967,0.36762110565,0.298530746266,0.298530746266,0.597061492533,-3.1918911958e-16,-4.16333634234e-16,0.08,30661.7260777
2016-04-20,30540.8768227,-0.00303551896142,-0.00394137155696,27.2734442624,0.501559888646,0.000889494746424,1.63578491105e-05,13636.7221312,0.444747373212,0.267178000829,0.267178000829,0.534356001659,-3.33066907388e-16,-5.75928194024e-16,0.08,30540.8768227
2016-04-21,30542.5351099,0.000846296262113,5.42973020574e-05,23.7412275916,0.447115091126,0.0007773590696,1.46398904564e-05,11870.6137958,0.3886795348,0.31965302738,0.31965302738,0.63930605476,0,-8.32667268469e-17,0.08,30542.5351099
2016-04-22,30491.1766983,-0.00125561110766,-0.00168153728437,12.4739055455,0.534959660917,0.000408410942336,1.7515234377e-05,6236.95277277,0.204205471168,0.270873668086,0.270873668086,0.541747336172,-1.04083408559e-16,-1.38777878078e-16,0.08,30491.1766983
2016-04-25,30490.7347849,0.000819465010348,-1.44931563213e-05,24.070679757,1.3576860619,0.000789430988354,4.45271783155e-05,12035.3398785,0.394715494177,0.333444136504,0.333444136504,0.666888273009,-3.74700270811e-16,-5.41233724505e-16,0.08,30490.7347849
2016-04-26,30416.0845435,-0.00207128155855,-0.00244829263424,10.9382512004,0.557093519548,0.000358740164105,1.82709115893e-05,5469.12560021,0.179370082052,0.272301838335,0.272301838335,0.54460367667,-2.35922392733e-16,-2.11636264069e-16,0.08,30416.0845435
2016-04-27,30314.2229905,-0.00280507342134,-0.00334893706894,16.0883749738,0.45382771157,0.000528942998917,1.49206486759e-05,8044.1874869,0.264471499459,0.253301974781,0.253301974781,0.506603949561,-3.46944695195e-16,-4.23272528138e-16,0.08,30314.2229905
2016-04-28,30273.8469258,-0.000534387115146,-0.00133191818012,23.7557864608,0.420748084791,0.000783651504716,1.38795602619e-05,11877.8932304,0.391825752358,0.218860350387,0.218860350387,0.437720700774,1.2490009027e-16,2.08166817117e-17,0.08,30273.8469258
2016-04-29,30250.2253386,-0.000290663007512,-0.000780263812915,14.4590453309,0.363054506616,0.000477608457436,1.19923479664e-05,7229.52266544,0.238804228718,0.262457170034,0.262457170034,0.524914340068,5.55111512313e-17,-4.16333634234e-17,0.08,30250.2253386
2016-05-02,30264.4222738,0.0010864548387,0.000469316677539,17.3634634753,1.3051049647,0.000573994516768,4.31436443891e-05,8681.73173767,0.286997258384,0.179513729174,0.179513729174,0.359027458348,-7.6327832943e-17,-1.80411241502e-16,0.08,30264.4222738
2016-05-03,30338.7720915,0.00268274596638,0.00245667394512,6.54424709882,0.29769201664,0.00021623565253,9.83636872187e-06,3272.12354941,0.108117826265,0.165081076938,0.165081076938,0.330162153875,-2.77555756156e-17,-1.11022302463e-16,0.08,30338.7720915
2016-05-04,30321.6634063,-0.000187284497191,-0.000563921477726,11.1522729838,0.274430529854,0.000367591442072,9.04553846234e-06,5576.1364919,0.183795721036,0.218587545891,0.218587545891,0.437175091782,-5.55111512313e-17,-8.32667268469e-17,0.08,30321.6634063
2016-05-05,30260.1686215,-0.00101205399912,-0.00202808084644,30.4444493919,0.363174684455,0.00100404944755,1.19773997748e-05,15222.2246959,0.502024723774,0.35007956813,0.35007956813,0.70015913626,2.49800180541e-16,2.49800180541e-16,0.08,30260.1686215
2016-05-06,30251.6283333,0.000493231187255,-0.000282228706904,22.8850832243,0.580463932195,0.00075627745207,1.91824420893e-05,11442.5416122,0.378138726035,0.377416624839,0.377416624839,0.754833249678,-8.32667268469e-17,-1.38777878078e-16,0.08,30251.6283333
2016-05-09,30235.0126603,0.000457682388926,-0.000549248880725,28.5844665604,1.87684396626,0.000944890180637,6.20410890147e-05,14292.2332802,0.472445090318,0.310156716798,0.310156716798,0.620313433597,5.55111512313e-17,1.94289029309e-16,0.08,30235.0126603
2016-05-10,30233.22336,0.000567482561364,-5.91797436225e-05,18.4333020532,0.513840671729,0.000609667416395,1.69948885917e-05,9216.65102662,0.304833708197,0.27456768209,0.27456768209,0.54913536418,1.22124532709e-15,1.37563571645e-15,0.08,30233.22336
2016-05-11,30182.6394639,-0.000646030880559,-0.0016731228227,30.5974471632,0.454852934797,0.00101204713764,1.50448044981e-05,15298.7235816,0.506023568821,0.37393140105,0.37393140105,0.747862802099,9.71445146547e-17,6.24500451352e-17,0.08,30182.6394639
2016-05-12,30085.7526943,-0.00220015959411,-0.00321001646666,29.8617219675,0.618423926692,0.000989367480706,2.04893918383e-05,14930.8609837,0.494683740353,0.285412305865,0.285412305865,0.570824611731,-1.38777878078e-17,-2.08166817117e-17,0.08,30085.7526943
2016-05-13,30017.7003237,-0.00156999386905,-0.00226194674978,20.3474112427,0.470512002749,0.000676313850264,1.56390304584e-05,10173.7056214,0.338156925132,0.368414794775,0.368414794775,0.736829589549,1.87350135405e-16,1.45716771982e-16,0.08,30017.7003237
2016-05-16,30086.2638042,0.00327009968714,0.00228410170477,27.7794799155,1.81791203908,0.000925436646241,6.05613361273e-05,13889.7399577,0.462718323121,0.301130219853,0.301130219853,0.602260439705,-2.77555756156e-16,-3.1918911958e-16,0.08,30086.2638042
2016-05-17,30063.8643465,-9.44148903927e-05,-0.000744507787265,19.0624344345,0.496431958022,0.000633592610853,1.65002860193e-05,9531.21721727,0.316796305427,0.327266545886,0.327266545886,0.654533091772,-5.55111512313e-17,-2.77555756156e-17,0.08,30063.8643465
2016-05-18,29916.6238948,-0.00397941380469,-0.00489758901395,27.0647772913,0.539117646064,0.000900242795783,1.79324134732e-05,13532.3886457,0.450121397891,0.5,0.5,1,-1.05471187339e-15,-8.04911692853e-16,0.0794606703341,29916.6238948
2016-05-19,29854.0254247,-0.000864127523657,-0.00209243096056,35.9270584193,0.819633531364,0.00120090617663,2.7397260274e-05,17963.5292096,0.600453088317,0.33347491586,0.33347491586,0.666949831719,-4.57966997658e-16,-4.71844785466e-16,0.08,29854.0254247
2016-05-20,29818.4583733,-0.000272423271986,-0.00119136534831,26.8886095012,0.545510609128,0.000900669478192,1.82725981293e-05,13444.3047506,0.450334739096,0.339055576056,0.339055576056,0.678111152113,-4.89192020225e-16,-4.99600361081e-16,0.08,29818.4583733
2016-05-23,29784.5155679,-0.000664840921713,-0.0011383152325,12.4563373835,1.66193664343,0.000417739147597,5.57351631873e-05,6228.16869176,0.208869573798,0.30009907747,0.30009907747,0.600198154939,-2.22044604925e-16,-1.80411241502e-16,0.08,29784.5155679
2016-05-24,29762.148041,-0.00030819034895,-0.000750978368919,12.6984565017,0.489770172319,0.000426344234902,1.64437850668e-05,6349.22825087,0.213172117451,0.28426463725,0.28426463725,0.568529274501,-7.1991024253e-16,-7.35522753814e-16,0.08,29762.148041
2016-05-25,29692.9005653,-0.00180359111723,-0.00232669616637,15.1051503946,0.463579518722,0.000507528904628,1.55761445069e-05,7552.57519732,0.253764452314,0.293476341948,0.293476341948,0.586952683896,-1.2490009027e-16,-1.23165366794e-16,0.08,29692.9005653
2016-05-26,29666.4996766,-8.38740393245e-05,-0.00088913134754,23.4329367527,0.477488429574,0.000789176412766,1.60808954492e-05,11716.4683764,0.394588206383,0.229995093026,0.229995093026,0.459990186053,-6.93889390391e-17,-3.46944695195e-17,0.08,29666.4996766
2016-05-27,29638.3342999,-8.45675033042e-05,-0.000949400063013,25.2826836555,0.373871197418,0.000852230088858,1.26024708508e-05,12641.3418277,0.426115044429,0.311669325023,0.311669325023,0.623338650047,6.10622663544e-16,7.59808882478e-16,0.08,29638.3342999
2016-05-31,29547.8300309,-0.00195898928319,-0.00305362197886,30.4184629983,2.02462677174,0.00102632161074,6.83110849366e-05,15209.2314992,0.513160805369,0.409178394188,0.409178394188,0.818356788375,6.45317133063e-16,6.93889390391e-16,0.08,29547.8300309
2016-06-01,29477.0588928,-0.00145591262538,-0.00239513825555,27.0895952455,0.662484035275,0.000916804896239,2.24207339281e-05,13544.7976228,0.458402448119,0.407747334774,0.407747334774,0.815494669548,8.04911692853e-16,8.32667268469e-16,0.08,29477.0588928
2016-06-02,29471.5875172,0.000803978827755,-0.000185614704649,28.5117209606,0.658585874001,0.00096725121269,2.23423197137e-05,14255.8604803,0.483625606345,0.208196147888,0.208196147888,0.416392295776,-2.77555756156e-17,-5.55111512313e-17,0.08,29471.5875172
2016-06-03,29473.1201898,0.000905680151128,5.20050905592e-05,24.8229471496,0.336212109218,0.000842267052466,1.14080081035e-05,12411.4735748,0.421133526233,0.344584672297,0.344584672297,0.689169344594,2.22044604925e-16,2.49800180541e-16,0.08,29473.1201898
2016-06-06,29493.5489037,0.00154865063437,0.000693130342068,23.5453753375,1.66947706228,0.000798876236581,5.66440557201e-05,11772.6876688,0.399438118291,0.278212262073,0.278212262073,0.556424524146,1.11022302463e-16,7.97972798949e-17,0.08,29493.5489037
2016-06-07,29497.0271345,0.000836038977095,0.000117931919987,20.7299109791,0.449614627784,0.000702862549596,1.52445075109e-05,10364.9554895,0.351431274798,0.286255566381,0.286255566381,0.572511132761,2.22044604925e-16,2.98372437868e-16,0.08,29497.0271345
2016-06-08,29407.0977138,-0.00213128750369,-0.003048762181,26.6001076046,0.462667847065,0.000901789440789,1.5685236514e-05,13300.0538023,0.450894720395,0.378955446664,0.378955446664,0.757910893327,3.81639164715e-17,-8.32667268469e-17,0.08,29407.0977138
2016-06-09,29358.4765113,-0.00111810326509,-0.00165338323978,15.1304014873,0.610629032833,0.000514515292688,2.0764682009e-05,7565.20074365,0.257257646344,0.401921542457,0.401921542457,0.803843084913,3.81639164715e-16,4.30211422042e-16,0.08,29358.4765113
2016-06-10,29411.6707783,0.00267877092414,0.0018118878543,24.8038016322,0.646564611703,0.000844859971622,2.20230982168e-05,12401.9008161,0.422429985811,0.435729846788,0.435729846788,0.871459693577,6.10622663544e-16,6.86950496487e-16,0.08,29411.6707783
2016-06-13,29330.03477,-0.00219122764675,-0.00277563314376,15.0816775091,2.10666457019,0.000512778672887,7.16268241296e-05,7540.83875454,0.256389336444,0.377638718842,0.377638718842,0.755277437684,7.70217223334e-16,8.63892291036e-16,0.08,29330.03477
2016-06-14,29162.2293403,-0.00486010949185,-0.00572128301622,24.6513367138,0.606912698857,0.000840480991824,2.06925325393e-05,12325.6683569,0.420240495912,0.347023366245,0.347023366245,0.69404673249,4.16333634234e-16,5.72458747072e-16,0.08,29162.2293403
2016-06-15,29198.5733736,0.00223197591762,0.00124627074663,28.1908410805,0.554519177691,0.000966690192014,1.90149789723e-05,14095.4205402,0.483345096007,0.277269512427,0.277269512427,0.554539024854,4.23272528138e-16,4.99600361081e-16,0.08,29198.5733736
2016-06-16,29189.4371829,0.000344413889449,-0.000312898530698,18.7489753837,0.443609545362,0.000642119570151,1.5192849996e-05,9374.48769184,0.321059785076,0.252953005365,0.252953005365,0.50590601073,-2.08166817117e-17,0,0.08,29189.4371829
2016-06-17,29121.5225934,-0.0013381335353,-0.00232668375926,28.4506462612,0.404578403305,0.000974689785313,1.38604386501e-05,14225.3231306,0.487344892656,0.30770352415,0.30770352415,0.615407048301,8.74300631892e-16,9.95731275211e-16,0.08,29121.5225934
2016-06-20,29113.5651249,0.000830682243298,-0.000273250428912,30.6751928367,1.47300741873,0.00105335127098,5.05814012302e-05,15337.5964183,0.52667563549,0.312542634767,0.312542634767,0.625085269535,2.22044604925e-16,1.94289029309e-16,0.08,29113.5651249
2016-06-21,29101.7556409,0.000235899496457,-0.00040563510486,18.1787714309,0.498587964472,0.000624408977494,1.71256238229e-05,9089.38571543,0.312204488747,0.256596044137,0.256596044137,0.513192088274,1.66533453694e-16,1.52655665886e-16,0.08,29101.7556409
2016-06-22,29066.6027657,-9.27554193241e-05,-0.0012079297078,32.0443572908,0.409172349309,0.00110111423126,1.4060057213e-05,16022.1786454,0.55055711563,0.339121613802,0.339121613802,0.678243227604,2.22044604925e-16,1.38777878078e-16,0.08,29066.6027657
2016-06-23,29018.318028,-0.000787965563329,-0.00166117582087,24.8411398931,0.540115793843,0.000854628251309,1.85820062357e-05,12420.5699466,0.427314125654,0.261500502912,0.261500502912,0.523001005824,2.77555756156e-17,-5.55111512313e-17,0.08,29018.318028
2016-06-24,29017.0580019,0.000625043391597,-4.34217463089e-05,18.9819364414,0.415797520985,0.000654136343226,1.43287946801e-05,9490.96822069,0.327068171613,0.226076846674,0.226076846674,0.452153693347,3.33066907388e-16,4.85722573274e-16,0.08,29017.0580019
2016-06-27,28940.6892824,-0.00116881387559,-0.00263185604587,41.3748093816,1.07837013252,0.00142587885301,3.71633172614e-05,20687.4046908,0.712939426506,0.319616119898,0.319616119898,0.639232239795,8.32667268469e-17,8.32667268469e-17,0.08,28940.6892824
2016-06-28,28994.9512579,0.00254988784065,0.00187493721973,19.0266917727,0.506844428252,0.000657437408869,1.75132120492e-05,9513.34588635,0.328718704435,0.200788925979,0.200788925979,0.401577851957,-3.74700270811e-16,-3.67761376907e-16,0.08,28994.9512579
2016-06-29,28989.7551091,0.000466491858233,-0.00017920874193,18.4030511209,0.319006308048,0.000634698467233,1.10021329303e-05,9201.52556043,0.317349233616,0.242832650993,0.242832650993,0.485665301985,4.57966997658e-16,4.99600361081e-16,0.08,28989.7551091
2016-06-30,29027.509642,0.00204253368614,0.00130234052245,21.0722838045,0.385734744372,0.000726887265006,1.33058986845e-05,10536.1419022,0.363443632503,0.290898728634,0.290898728634,0.581797457269,2.20309881449e-16,2.28983498829e-16,0.08,29027.509642
2016-07-01,29004.2163877,-0.000206992440657,-0.000802454447631,16.8220906201,0.462688528782,0.000579522350611,1.59396563635e-05,8411.04531004,0.289761175305,0.214332139643,0.214332139643,0.428664279286,5.96744875736e-16,6.69603261727e-16,0.08,29004.2163877
2016-07-05,28962.7007778,-0.000719340708639,-0.00143136464628,19.2891679754,1.36252838511,0.00066504703032,4.6976907319e-05,9644.58398772,0.33252351516,0.23605031448,0.23605031448,0.47210062896,6.52256026967e-16,6.41847686111e-16,0.08,28962.7007778
2016-07-06,28949.6222525,0.000168737604594,-0.000451564426439,17.5910109043,0.374611212427,0.000607367767226,1.29342638071e-05,8795.50545213,0.303683883613,0.290890995727,0.290890995727,0.581781991453,1.36002320517e-15,1.15879528195e-15,0.08,28949.6222525
2016-07-07,29026.7772069,0.00320978182106,0.00266514546388,15.3055820414,0.461434763996,0.00052869712454,1.59392326426e-05,7652.79102069,0.26434856227,0.329743891676,0.329743891676,0.659487783353,1.04083408559e-15,1.10328413072e-15,0.08,29026.7772069
2016-07-08,29013.2949648,0.000976101791887,-0.000464476024109,41.2908709043,0.524460409809,0.00142250965755,1.8068158448e-05,20645.4354521,0.711254828774,0.415171366971,0.415171366971,0.830342733942,1.30451205393e-15,1.47104550763e-15,0.08,29013.2949648
2016-07-11,28971.5752933,-0.000387092869481,-0.00143795014002,28.5087515181,1.98008043795,0.000982609922542,6.82473479953e-05,14254.375759,0.491304961271,0.260113561065,0.260113561065,0.520227122131,5.06539254985e-16,5.6898930012e-16,0.08,28971.5752933
2016-07-12,28993.0469262,0.00137770155521,0.000741127563051,18.0296253371,0.412926006532,0.000622321194296,1.42527978666e-05,9014.81266857,0.311160597148,0.308321461055,0.308321461055,0.616642922109,4.16333634234e-17,6.93889390391e-17,0.08,28993.0469262
2016-07-13,28942.1516441,-0.00108835271058,-0.00175543061346,18.8508029369,0.489818004862,0.000650183576249,1.68943266331e-05,9425.40146843,0.325091788124,0.262260147539,0.262260147539,0.524520295077,5.13478148889e-16,4.64905891562e-16,0.08,28942.1516441
2016-07-14,28890.0541152,-0.00113380454212,-0.0018000572162,18.8668750793,0.415910847138,0.000651882255033,1.43704190432e-05,9433.43753963,0.325941127517,0.273208707959,0.273208707959,0.546417415919,5.6898930012e-16,5.55111512313e-16,0.08,28890.0541152
2016-07-15,28899.7635182,0.00125126439249,0.000336081164784,26.0071990362,0.432493937407,0.000900212887541,1.49703401622e-05,13003.5995181,0.45010644377,0.344310776934,0.344310776934,0.688621553868,2.08166817117e-16,2.70616862252e-16,0.08,28899.7635182
2016-07-18,28854.0207043,-0.000833196294721,-0.00158280928052,20.0279393847,1.63569863509,0.000693013953974,5.65990318247e-05,10013.9696923,0.346506976987,0.329173539607,0.329173539607,0.658347079214,5.41233724505e-16,5.6898930012e-16,0.08,28854.0207043
2016-07-19,28854.4603671,0.000824644231294,1.52374885884e-05,22.834201645,0.52043726724,0.000791369836426,1.80369062798e-05,11417.1008225,0.395684918213,0.304679786033,0.304679786033,0.609359572067,-5.20417042793e-17,2.77555756156e-17,0.08,28854.4603671
2016-07-20,28796.9497413,-0.000685458378642,-0.00199312775528,37.2503752531,0.481718948535,0.00129097459385,1.66947827964e-05,18625.1876265,0.645487296923,0.397191439659,0.397191439659,0.794382879319,2.77555756156e-17,8.32667268469e-17,0.08,28796.9497413
2016-07-21,28746.3356157,-0.000639348233329,-0.00175762106811,31.5761122681,0.626734352085,0.00109650892028,2.17639145019e-05,15788.056134,0.548254460138,0.5,0.5,1,1.11022302463e-16,2.49800180541e-16,0.0762030156525,28746.3356157
2016-07-22,28665.6498946,-0.00188749184278,-0.00280681761376,25.6396763139,0.787570838787,0.000891928510702,2.7397260274e-05,12819.8381569,0.445964255351,0.415258980807,0.415258980807,0.830517961615,1.2490009027e-16,1.11022302463e-16,0.08,28665.6498946
2016-07-25,28598.4412222,-0.00170111370654,-0.00234457173141,16.4883750285,1.95676743442,0.000575196274604,6.82617502697e-05,8244.18751424,0.287598137302,0.386939915399,0.386939915399,0.773879830799,2.08166817117e-16,1.38777878078e-16,0.08,28598.4412222
2016-07-26,28645.8376944,0.0024556539216,0.00165730963573,22.2250526316,0.606349502853,0.000777142098723,2.12021871452e-05,11112.5263158,0.388571049362,0.351545924933,0.351545924933,0.703091849866,1.38777878078e-17,0,0.08,28645.8376944
2016-07-27,28713.1289118,0.0032678155214,0.00234907486954,25.766296829,0.551798767548,0.000899477861456,1.92627904073e-05,12883.1484145,0.449738930728,0.283382654896,0.283382654896,0.566765309793,-2.35922392733e-16,-3.05311331772e-16,0.08,28713.1289118
2016-07-28,28703.2639476,0.000448471795618,-0.000343569808346,22.2961404754,0.445852202818,0.000776513787258,1.55278167066e-05,11148.0702377,0.388256893629,0.293926514096,0.293926514096,0.587853028191,-2.63677968348e-16,-1.73472347598e-16,0.08,28703.2639476
2016-07-29,28650.3272939,-0.00131989842076,-0.00184427296589,14.5889787673,0.462282209058,0.000508268982716,1.61055624162e-05,7294.48938365,0.254134491358,0.299366014059,0.299366014059,0.598732028119,-1.66533453694e-16,-1.11022302463e-16,0.08,28650.3272939
2016-08-01,28446.18278,-0.00672116295116,-0.00712538156453,10.1710885659,1.4099070055,0.000355007761746,4.92108516262e-05,5085.54428296,0.177503880873,0.244020948126,0.244020948126,0.488041896253,-2.8449465006e-16,-1.52655665886e-16,0.08,28446.18278
2016-08-02,28539.2336532,0.00357535574896,0.00327111985013,8.27399576747,0.38035421877,0.00029086488797,1.33710108562e-05,4136.99788374,0.145432443985,0.256642491107,0.256642491107,0.513284982215,-1.45716771982e-16,-4.85722573274e-17,0.08,28539.2336532
2016-08-03,28560.4124564,0.00126424448703,0.000742094322238,14.5004296636,0.401335891454,0.000508087562541,1.40626022525e-05,7250.2148318,0.25404378127,0.196853329028,0.196853329028,0.393706658056,-9.36750677027e-17,0,0.08,28560.4124564
2016-08-04,28514.2197557,-0.00074480823856,-0.00161736812521,24.61260383,0.308066425778,0.000861773402872,1.07864837824e-05,12306.301915,0.430886701436,0.313092051745,0.313092051745,0.626184103489,-2.77555756156e-16,-2.49800180541e-16,0.08,28514.2197557
2016-08-05,28557.1961292,0.00219043018219,0.00150719093403,18.9928518448,0.48918222286,0.000666083519293,1.71557288627e-05,9496.42592238,0.333041759647,0.26858201927,0.26858201927,0.537164038541,-2.49800180541e-16,-1.80411241502e-16,0.08,28557.1961292
2016-08-08,28482.8847918,-0.00172654313337,-0.00260219305256,23.7452928825,1.26081360018,0.000831499450264,4.41504689212e-05,11872.6464412,0.415749725132,0.240028230801,0.240028230801,0.480056461601,-2.70616862252e-16,-2.49800180541e-16,0.08,28482.8847918
2016-08-09,28462.4649934,2.0562094804e-05,-0.000716914687349,20.6308527189,0.374613503818,0.000724324550328,1.31522318247e-05,10315.4263594,0.362162275164,0.222600560868,0.222600560868,0.445201121736,-1.2490009027e-16,-1.52655665886e-16,0.08,28462.4649934
2016-08-10,28480.4899163,0.00121794490611,0.000633287489112,16.2936262962,0.347164968286,0.000572460125995,1.21972910065e-05,8146.81314811,0.286230062997,0.327504124282,0.327504124282,0.655008248565,-8.46545056277e-16,-8.04911692853e-16,0.08,28480.4899163
2016-08-11,28444.3153044,-0.000469349568012,-0.00127015413019,22.2962115781,0.511094679955,0.000782859130711,1.79454314675e-05,11148.1057891,0.391429565355,0.20466820613,0.20466820613,0.409336412261,-2.77555756156e-17,-2.08166817117e-17,0.08,28444.3153044
2016-08-12,28466.4136607,0.00124773857369,0.000776898865901,13.0737187507,0.318994355505,0.000459625011564,1.12146962263e-05,6536.85937536,0.229812505782,0.129110505726,0.129110505726,0.258221011452,1.61329283266e-16,1.80411241502e-16,0.08,28466.4136607
2016-08-15,28420.9064418,4.08788797906e-05,-0.00159862845863,46.0667330437,0.604161051607,0.00161828369364,2.12236447769e-05,23033.3665219,0.809141846822,0.40025645743,0.40025645743,0.800512914859,0,4.85722573274e-17,0.08,28420.9064418
2016-08-16,28340.7993422,-0.00177236908791,-0.00281859762991,29.1114401483,0.62332336051,0.00102429668132,2.19318606811e-05,14555.7200742,0.512148340659,0.27546496985,0.27546496985,0.5509299397,1.80411241502e-16,1.94289029309e-16,0.08,28340.7993422
2016-08-17,28376.6974672,0.00194926361033,0.0012666588751,18.9177886292,0.42777520199,0.000667510764279,1.50939709507e-05,9458.8943146,0.33375538214,0.209736323016,0.209736323016,0.419472646032,-1.66533453694e-16,-1.38777878078e-16,0.08,28376.6974672
2016-08-18,28335.3358313,-0.000363734089738,-0.00145759160331,30.7139473412,0.326116393759,0.00108236511231,1.14924012611e-05,15356.9736706,0.541182556157,0.321602759367,0.321602759367,0.643205518734,-1.11022302463e-16,-2.04697370165e-16,0.08,28335.3358313
2016-08-19,28347.9794182,0.00107727311886,0.000446212707989,17.3819814286,0.499327243338,0.000613438341868,1.76220690064e-05,8690.9907143,0.306719170934,0.35483951488,0.35483951488,0.70967902976,8.32667268469e-17,1.38777878078e-16,0.08,28347.9794182
2016-08-22,28352.8824414,0.00114476001145,0.000172958470795,25.8950785775,1.65353149555,0.000913471757388,5.83297832679e-05,12947.5392888,0.456735878694,0.212284486859,0.212284486859,0.424568973717,-5.20417042793e-16,-5.06539254985e-16,0.08,28352.8824414
2016-08-23,28362.5993598,0.000895919850342,0.000342713601296,15.3551902601,0.329801484933,0.000541574222369,1.16320266772e-05,7677.59513005,0.270787111184,0.163096371922,0.163096371922,0.326192743843,-3.88578058619e-16,-3.74700270811e-16,0.08,28362.5993598
2016-08-24,28360.9022487,0.000420017482274,-5.9836234493e-05,13.3564281965,0.253470523499,0.000470916929264,8.93678750255e-06,6678.21409824,0.235458464632,0.162985613596,0.162985613596,0.325971227192,-1.52655665886e-16,-1.52655665886e-16,0.08,28360.9022487
2016-08-25,28311.1449115,-0.000748068742739,-0.00175443421326,28.2881495,0.253283235898,0.000997434751969,8.93071855321e-06,14144.07475,0.498717375985,0.226545324474,0.226545324474,0.453090648947,-5.20417042793e-16,-5.34294830601e-16,0.08,28311.1449115
2016-08-26,28282.7199386,-0.000242431286653,-0.00100402060568,21.2100268063,0.351438767682,0.00074917587659,1.24134424369e-05,10605.0134032,0.374587938295,0.226663726342,0.226663726342,0.453327452683,-2.49800180541e-16,-3.33066907388e-16,0.08,28282.7199386
2016-08-29,28285.4471243,0.000650961163659,9.64258638296e-05,14.6299583577,1.0538082234,0.000517275509198,3.72597906315e-05,7314.97917887,0.258637754599,0.203468593033,0.203468593033,0.406937186067,-1.52655665886e-16,-2.70616862252e-16,0.08,28285.4471243
2016-08-30,28260.2268252,-0.000374601183532,-0.000891635156248,14.3091836649,0.315353431764,0.000505885008713,1.11489640018e-05,7154.59183247,0.252942504357,0.256426248328,0.256426248328,0.512852496657,-5.13478148889e-16,-5.23886489745e-16,0.08,28260.2268252
2016-08-31,28199.0779473,-0.00142917267777,-0.00216377873896,20.3630564402,0.397077476258,0.000720555307858,1.40507533331e-05,10181.5282201,0.360277653929,0.293976059707,0.293976059707,0.587952119415,-4.4408920985e-16,-3.34801630864e-16,0.08,28199.0779473
2016-09-01,28135.5051102,-0.00149789804053,-0.00225442963623,20.8792548709,0.454238565606,0.000740423318449,1.61082772442e-05,10439.6274355,0.370211659224,0.349836482626,0.349836482626,0.699672965251,-5.27355936697e-16,-5.37764277553e-16,0.08,28135.5051102
2016-09-02,28143.3418763,0.00112217169491,0.00027853653259,23.1967684812,0.539332939433,0.000824466039986,1.91691223357e-05,11598.3842406,0.412233019993,0.246679980105,0.246679980105,0.49335996021,-5.55111512313e-17,-3.46944695195e-17,0.08,28143.3418763
2016-09-06,28144.1400853,0.000554407221523,2.83622709101e-05,13.2830411857,1.52162170172,0.000471978105659,5.40668449545e-05,6641.52059283,0.235989052829,0.258586381751,0.258586381751,0.517172763502,1.38777878078e-16,1.52655665886e-16,0.08,28144.1400853
2016-09-07,28145.7150664,0.000662123176592,5.59612431621e-05,16.6611287605,0.398777608338,0.000591992816622,1.41691168083e-05,8330.56438027,0.295996408311,0.26860660324,0.26860660324,0.53721320648,0,6.93889390391e-17,0.08,28145.7150664
2016-09-08,28119.5530831,-0.000217186972439,-0.000929519225511,19.6348472073,0.41425342026,0.000697614083031,1.47181700406e-05,9817.42360366,0.348807041516,0.199895736093,0.199895736093,0.399791472185,-5.55111512313e-17,-5.55111512313e-17,0.08,28119.5530831
2016-09-09,28118.5592398,0.000698304698764,-3.53434966899e-05,20.3218605401,0.307998836282,0.000722695004435,1.09531910188e-05,10160.9302701,0.361347502217,0.229402947263,0.229402947263,0.458805894527,-7.8062556419e-17,-8.32667268469e-17,0.08,28118.5592398
2016-09-12,28054.1145539,-0.00119873697685,-0.0022918914639,29.677576266,1.06035293629,0.00105544441353,3.77100735228e-05,14838.788133,0.527722206763,0.362948863413,0.362948863413,0.725897726826,-9.50628464835e-16,-9.02056207508e-16,0.08,28054.1145539
2016-09-13,28097.9412684,0.00228969744997,0.00156222055759,19.8507908144,0.557929259803,0.000707589283428,1.98876089541e-05,9925.3954072,0.353794641714,0.264575554476,0.264575554476,0.529151108952,-4.85722573274e-17,-1.11022302463e-16,0.08,28097.9412684
2016-09-14,28126.7442059,0.00180485363074,0.00102509067275,21.5023897754,0.40734402141,0.000765265667332,1.44972906562e-05,10751.1948877,0.382632833666,0.234298739907,0.234298739907,0.468597479815,-1.38777878078e-16,-1.66533453694e-16,0.08,28126.7442059
2016-09-15,28029.877601,-0.00282090767411,-0.00344393237406,17.1625571516,0.361099217816,0.000610186412829,1.28382871182e-05,8581.27857578,0.305093206415,0.250001408729,0.250001408729,0.500002817458,-1.17961196366e-16,-3.46944695195e-18,0.08,28029.877601
2016-09-16,27959.8548008,-0.0019627368657,-0.00249814862554,14.6235530045,0.383973089685,0.000521713052504,1.36987073276e-05,7311.77650225,0.260856526252,0.213303550532,0.213303550532,0.426607101063,2.08166817117e-17,3.29597460436e-17,0.08,27959.8548008
2016-09-19,27982.9600109,0.00130864710402,0.000826370892684,12.5039997522,0.980373090633,0.00044721261399,3.50635973477e-05,6251.99987611,0.223606306995,0.223652994607,0.223652994607,0.447305989215,4.64905891562e-16,5.29090660173e-16,0.08,27982.9600109
2016-09-20,27976.3701588,0.000132591766519,-0.000235495177406,9.95723221572,0.342930016681,0.000355831985317,1.22549586086e-05,4978.61610786,0.177915992658,0.219846354972,0.219846354972,0.439692709943,6.59194920871e-17,1.32706345912e-16,0.08,27976.3701588
2016-09-21,27979.2045474,0.000751405215446,0.000101313666431,17.8501879491,0.337013863274,0.000638045173401,1.20463756149e-05,8925.09397455,0.3190225867,0.314831066169,0.314831066169,0.629662132338,5.82867087928e-16,6.31439345256e-16,0.08,27979.2045474
2016-09-22,27929.1916324,-0.000877109514743,-0.00178750310618,24.9894187712,0.482669742369,0.000893142574115,1.72510173243e-05,12494.7093856,0.446571287057,0.1774928913,0.1774928913,0.3549857826,1.2490009027e-16,4.85722573274e-17,0.08,27929.1916324
2016-09-23,27929.7896321,0.000580778608793,2.1411279538e-05,15.3510481276,0.271629204083,0.000549641691375,9.72563787945e-06,7675.52406379,0.274820845688,0.217923768447,0.217923768447,0.435847536895,5.55111512313e-17,2.08166817117e-17,0.08,27929.7896321
2016-09-26,27881.7591817,-0.000389427089496,-0.00171968536213,36.1533024769,1.00053123429,0.00129443518741,3.58230852242e-05,18076.6512384,0.647217593707,0.364321189049,0.364321189049,0.728642378099,5.55111512313e-17,-4.85722573274e-17,0.08,27881.7591817
2016-09-27,27821.0254794,-0.000660693649926,-0.00217825933802,41.7558029397,0.55659811824,0.00149760288322,1.99628048794e-05,20877.9014698,0.748801441608,0.388494225531,0.388494225531,0.776988451063,2.91433543964e-16,2.96637714392e-16,0.08,27821.0254794
2016-09-28,27653.4606274,-0.00483826536977,-0.00602295742574,32.3671118336,0.592236040938,0.00116340470115,2.12873548236e-05,16183.5559168,0.581702350575,0.3042686967,0.3042686967,0.6085373934,2.91433543964e-16,1.97758476261e-16,0.08,27653.4606274
2016-09-29,27538.1682594,-0.0031810095343,-0.00416918408911,26.8654005321,0.461045612293,0.000971502297455,1.66722573534e-05,13432.7002661,0.485751148727,0.301376664219,0.301376664219,0.602753328437,-8.32667268469e-17,-8.32667268469e-17,0.08,27538.1682594
2016-09-30,27591.4809024,0.00258826968586,0.00193595458058,17.5088036048,0.454759522668,0.000635801315464,1.65137898202e-05,8754.40180239,0.317900657732,0.322887282844,0.322887282844,0.645774565689,-3.60822483003e-16,-3.33066907388e-16,0.08,27591.4809024
2016-10-03,27564.2613735,-0.000340779714743,-0.000986519316462,16.3524288808,1.46448300793,0.000592662240155,5.30773615635e-05,8176.21444039,0.296331120077,0.364481010679,0.364481010679,0.728962021358,-5.55111512313e-17,-7.2858385991e-17,0.08,27564.2613735
2016-10-04,27641.2634097,0.00360798221473,0.0027935461484,21.898827243,0.550501361316,0.000794464504102,1.9971562229e-05,10949.4136215,0.397232252051,0.372268978271,0.372268978271,0.744537956541,-4.99600361081e-16,-5.79397640976e-16,0.08,27641.2634097
2016-10-05,27659.2814018,0.001273361331,0.000651851250273,16.6154890649,0.563834788363,0.000601111780552,2.03983001792e-05,8307.74453244,0.300555890276,0.364224250942,0.364224250942,0.728448501883,1.38777878078e-16,1.52655665886e-16,0.08,27659.2814018
2016-10-06,27543.7249359,-0.00253353043148,-0.00417785495444,44.928824776,0.552009920556,0.00162436702976,1.99574932023e-05,22464.412388,0.812183514881,0.465035682992,0.465035682992,0.930071365984,-1.56819002228e-15,-1.41900380335e-15,0.08,27543.7249359
2016-10-07,27509.8027698,2.57486445187e-05,-0.00123157511204,33.9295268329,0.7018528733,0.00123184234927,2.54814072872e-05,16964.7634164,0.615921174637,0.469190882273,0.469190882273,0.938381764546,-4.16333634234e-16,-4.71844785466e-16,0.08,27509.8027698
2016-10-10,27451.3008671,-0.00101690260577,-0.00212658386514,28.405356643,2.12175593963,0.00103255399105,7.71272683188e-05,14202.6783215,0.516276995525,0.335778856333,0.335778856333,0.671557712666,-8.46545056277e-16,-7.84095011142e-16,0.08,27451.3008671
2016-10-11,27396.084922,-0.00139857306089,-0.00201141451803,16.3182230917,0.505072132055,0.000594442615695,1.83988414429e-05,8159.11154584,0.297221307848,0.29634631805,0.29634631805,0.5926926361,2.35922392733e-16,1.38777878078e-16,0.08,27396.084922
2016-10-12,27391.6825842,0.000469342165076,-0.000160692223242,16.8156137488,0.444861857294,0.000613796233904,1.62381544137e-05,8407.80687442,0.306898116952,0.334740975846,0.334740975846,0.669481951691,-1.31838984174e-16,4.16333634234e-17,0.08,27391.6825842
2016-10-13,27398.1747964,0.000836657142629,0.000237013995722,15.9228172886,0.502417455249,0.000581301175628,1.83419712792e-05,7961.40864432,0.290650587814,0.253354850741,0.253354850741,0.506709701482,-1.80411241502e-16,-1.11022302463e-16,0.08,27398.1747964
2016-10-14,27378.0170095,0.000193900546454,-0.000735734661295,25.0899539195,0.380353999239,0.000915752750174,1.38824575749e-05,12544.9769597,0.457876375087,0.358624587495,0.358624587495,0.71724917499,-1.94289029309e-16,-1.52655665886e-16,0.08,27378.0170095
2016-10-17,27369.5007555,0.000743605238286,-0.000311061755091,27.2607023816,1.61398850243,0.000995715006392,5.89519869855e-05,13630.3511908,0.497857503196,0.292390005875,0.292390005875,0.58478001175,2.77555756156e-17,1.17961196366e-16,0.08,27369.5007555
2016-10-18,27381.412522,0.00128745901246,0.000435220454921,22.886846941,0.43849690338,0.000836217187352,1.60213701849e-05,11443.4234705,0.418108593676,0.371276239483,0.371276239483,0.742552478965,2.77555756156e-17,1.38777878078e-16,0.08,27381.412522
2016-10-19,27385.2904948,0.00132897322497,0.000141627929915,31.954146515,0.557044814954,0.00116700139152,2.03439035333e-05,15977.0732575,0.583500695759,0.279073827508,0.279073827508,0.558147655017,0,8.32667268469e-17,0.08,27385.2904948
2016-10-20,27365.8807598,-0.000233408360425,-0.000708764985216,12.599011158,0.418768100593,0.000460064908216,1.52917165758e-05,6299.50557898,0.230032454108,0.21969110087,0.21969110087,0.43938220174,-2.77555756156e-16,-2.49800180541e-16,0.08,27365.8807598
2016-10-21,27361.0322774,0.000204355288996,-0.000177172532955,10.111418007,0.329426875091,0.00036948995341,1.20378685408e-05,5055.70900349,0.184744976705,0.197904716549,0.197904716549,0.395809433098,-1.94289029309e-16,-2.22044604925e-16,0.08,27361.0322774
2016-10-24,27350.7172322,0.000251845243201,-0.000376997661137,16.3156741804,0.890116822578,0.000596310622166,3.25322821725e-05,8157.83709022,0.298155311083,0.211127306331,0.211127306331,0.422254612662,-1.38777878078e-16,-1.52655665886e-16,0.08,27350.7172322
2016-10-25,27370.3596051,0.00127843779211,0.000718166647427,15.0074076101,0.316410041395,0.000548702525154,1.1568619525e-05,7503.70380505,0.274351262577,0.310586707449,0.310586707449,0.621173414899,-1.38777878078e-16,-1.38777878078e-16,0.08,27370.3596051
2016-10-26,27380.9887835,0.00109935862298,0.000388346318567,18.9948613665,0.465801088847,0.000693993854686,1.70184497233e-05,9497.43068324,0.346996927343,0.231425394262,0.231425394262,0.462850788523,-4.16333634234e-16,-4.05925293379e-16,0.08,27380.9887835
2016-10-27,27395.740249,0.00106860425612,0.000538748456592,14.1607616697,0.347214034219,0.000517174956011,1.26808435212e-05,7080.38083483,0.258587478006,0.241998593525,0.241998593525,0.483997187051,-4.85722573274e-17,-1.49186218934e-16,0.08,27395.740249
2016-10-28,27376.9094878,-5.02782960505e-05,-0.000687360918565,17.0900771335,0.363272910073,0.000623822425609,1.32601969055e-05,8545.03856673,0.311911212804,0.314123632954,0.314123632954,0.628247265908,-2.63677968348e-16,-2.63677968348e-16,0.08,27376.9094878
2016-10-31,27311.5319518,-0.000824940054509,-0.00238805391993,41.3795718646,1.41365494806,0.00151147710384,5.16367615814e-05,20689.7859323,0.755738551919,0.5,0.5,1,-9.71445146547e-17,-1.11022302463e-16,0.0782807143059,27311.5319518
2016-11-01,27243.3072043,-0.00138458741248,-0.00249801979434,29.6612829238,0.748261149363,0.00108603512158,2.7397260274e-05,14830.6414619,0.543017560791,0.42638199315,0.42638199315,0.852763986301,-9.02056207508e-17,-1.38777878078e-16,0.08,27243.3072043
2016-11-02,27256.7298971,0.00124052176821,0.000492696890013,19.7367266931,0.636496198673,0.000724461481313,2.33633968849e-05,9868.36334656,0.362230740657,0.305549323905,0.305549323905,0.611098647809,-3.46944695195e-17,-3.46944695195e-17,0.08,27256.7298971
2016-11-03,27167.8045498,-0.00272136356092,-0.00326250975964,14.2935319162,0.45634385709,0.000524403770011,1.67424287071e-05,7146.7659581,0.262201885006,0.258869811433,0.258869811433,0.517739622867,-3.60822483003e-16,-3.74700270811e-16,0.08,27167.8045498
2016-11-04,27188.4681571,0.0012944251077,0.000760591723685,14.1177153164,0.385365722787,0.000519648736816,1.41846472018e-05,7058.85765818,0.259824368408,0.21106420048,0.21106420048,0.42212840096,-2.77555756156e-16,-2.82759926584e-16,0.08,27188.4681571
2016-11-07,27168.7881357,5.72464704565e-05,-0.000723837079845,20.293148146,0.9433170894,0.000746388065291,3.46954850104e-05,10146.574073,0.373194032645,0.224533839941,0.224533839941,0.449067679883,-3.92047505571e-16,-4.03323208165e-16,0.08,27168.7881357
2016-11-08,27152.2058017,-7.90837085541e-05,-0.000610344998206,14.0994617341,0.334263689132,0.000518958065546,1.23032241064e-05,7049.73086705,0.259479032773,0.224188271021,0.224188271021,0.448376542042,-2.42861286637e-17,-5.55111512313e-17,0.08,27152.2058017
2016-11-09,27270.5163747,0.00498081661842,0.00435730982071,16.5960393519,0.333545538252,0.000611222508887,1.22842888231e-05,8298.01967596,0.305611254443,0.256034368487,0.256034368487,0.512068736975,2.01227923213e-16,1.5959455979e-16,0.08,27270.5163747
2016-11-10,27365.6845254,0.00510885129533,0.00348978176161,43.7702765086,0.382585722648,0.00160504025326,1.40292804651e-05,21885.1382543,0.802520126631,0.390156077349,0.390156077349,0.780312154698,7.49400541622e-16,6.90419943439e-16,0.08,27365.6845254
2016-11-11,27381.7678902,0.00156874247587,0.000587720170578,26.261311953,0.58503496594,0.000959643890094,2.13784151972e-05,13130.6559765,0.479821945047,0.447705676691,0.447705676691,0.895411353383,7.21644966006e-16,6.86950496487e-16,0.08,27381.7678902
2016-11-14,27144.3620368,-0.00802082090846,-0.00867021641366,15.7664233612,2.01517363106,0.000575800051497,7.35954537027e-05,7883.21168061,0.287900025748,0.437073324394,0.437073324394,0.874146648789,5.55111512313e-16,6.0368376964e-16,0.08,27144.3620368
2016-11-15,27371.3263285,0.00898875388306,0.0083613787428,16.3796115538,0.650086386519,0.000603425917013,2.39492232545e-05,8189.80577688,0.301712958507,0.467799083007,0.467799083007,0.935598166014,-7.21644966006e-16,-7.21644966006e-16,0.08,27371.3263285
2016-11-16,27413.8526989,0.00201232017845,0.00155368321957,11.8518974101,0.701604457926,0.000433004132421,2.56328264661e-05,5925.94870503,0.21650206621,0.44478979745,0.44478979745,0.889579594899,-6.66133814775e-16,-7.2858385991e-16,0.08,27413.8526989
2016-11-17,27359.4737638,-0.000906750448495,-0.00198362979765,28.8532802363,0.66813161585,0.00105250730546,2.43720436959e-05,14426.6401181,0.526253652728,0.315047530184,0.315047530184,0.630095060369,2.77555756156e-17,6.93889390391e-18,0.08,27359.4737638
2016-11-18,27331.9882406,-2.93902717553e-06,-0.00100460715726,26.9328096573,0.47230326775,0.000984405251716,1.72628783663e-05,13466.4048286,0.492202625858,0.36765032088,0.36765032088,0.73530064176,8.84708972748e-17,1.38777878078e-16,0.08,27331.9882406
2016-11-21,27359.0694174,0.0016205672581,0.000990823518044,15.5603214985,1.6518269995,0.000569308070875,6.04356691858e-05,7780.16074924,0.284654035438,0.32835443766,0.32835443766,0.656708875319,-6.24500451352e-17,-4.16333634234e-17,0.08,27359.0694174
2016-11-22,27234.0000512,-0.00311423094329,-0.00457140425065,39.3746606361,0.492245033065,0.00143918128338,1.79920239813e-05,19687.3303181,0.719590641689,0.468106898826,0.468106898826,0.936213797652,1.66533453694e-16,3.05311331772e-16,0.08,27234.0000512
2016-11-23,27240.2121424,0.00130209275772,0.000228100580415,28.5505592689,0.698543742826,0.00104834248422,2.56496930864e-05,14275.2796344,0.52417124211,0.338059563522,0.338059563522,0.676119127045,-2.77555756156e-17,0,0.08,27240.2121424
2016-11-25,27258.9758581,0.00150169108537,0.000688824142333,21.133482851,1.00918512078,0.000775819319635,3.70476233997e-05,10566.7414255,0.387909659817,0.304553769655,0.304553769655,0.60910753931,0,1.38777878078e-17,0.08,27258.9758581
2016-11-28,27226.3424531,-0.000171429977726,-0.00119716181479,26.5957160102,1.36468337335,0.000975668203699,5.00636333679e-05,13297.8580051,0.48783410185,0.332519785105,0.332519785105,0.665039570211,1.38777878078e-16,1.75207071074e-16,0.08,27226.3424531
2016-11-29,27256.4092106,0.00190489375189,0.00110432598562,21.3004610634,0.496071098177,0.000782347504077,1.82202621976e-05,10650.2305317,0.391173752038,0.212530482578,0.212530482578,0.425060965157,2.22044604925e-16,2.01227923213e-16,0.08,27256.4092106
2016-11-30,27232.6731058,0.000227583298729,-0.000870844893795,29.6217936298,0.317414674131,0.00108678268663,1.16455058947e-05,14810.8968149,0.543391343315,0.298197236182,0.298197236182,0.596394472364,4.4408920985e-16,3.88578058619e-16,0.08,27232.6731058
2016-12-01,27167.9151248,-0.00108574291448,-0.00237795168799,34.7453288201,0.44497029337,0.00127586919893,1.63395745853e-05,17372.6644101,0.637934599463,0.297912572758,0.297912572758,0.595825145516,-6.66133814775e-16,-6.38378239159e-16,0.08,27167.9151248
2016-12-02,27207.7861797,0.00229918156754,0.00146757874677,22.1494264418,0.443488410483,0.000815278844182,1.63239765895e-05,11074.7132209,0.407639422091,0.339509318892,0.339509318892,0.679018637785,-2.77555756156e-16,-3.74700270811e-16,0.08,27207.7861797
2016-12-05,27217.2678493,0.000826176042777,0.00034849103687,11.4782917286,1.51845977333,0.000421875254857,5.58097510508e-05,5739.14586432,0.210937627428,0.293063562676,0.293063562676,0.586127125352,-1.45716771982e-16,-1.17961196366e-16,0.08,27217.2678493
2016-12-06,27220.9513352,0.000738389443528,0.000135336357888,15.9763949218,0.437062437382,0.000586994808234,1.60582774069e-05,7988.19746092,0.293497404117,0.356509137743,0.356509137743,0.713018275486,-1.22124532709e-15,-1.27675647832e-15,0.08,27220.9513352
2016-12-07,27224.2785083,0.000900821540971,0.000122228390474,20.6622918547,0.53175440488,0.000759058403224,1.95347472736e-05,10331.1459274,0.379529201612,0.408112351096,0.408112351096,0.816224702192,-6.10622663544e-16,-5.55111512313e-16,0.08,27224.2785083
2016-12-08,27103.9069908,-0.00300684492828,-0.00442147685846,37.9035356095,0.608798044324,0.00139226960957,2.2362320608e-05,18951.7678047,0.696134804784,0.339200340377,0.339200340377,0.678400680753,2.22044604925e-16,2.8449465006e-16,0.08,27103.9069908
2016-12-09,27143.2009593,0.00246267857789,0.00144975292618,26.9504807635,0.503761889141,0.000994339331692,1.85863200206e-05,13475.2403818,0.497169665846,0.393644857388,0.393644857388,0.787289714777,-1.31838984174e-16,-1.38777878078e-16,0.08,27143.2009593
2016-12-12,27257.4650653,0.00484084779179,0.00420967689814,15.3755959723,1.75640243354,0.000566462149963,6.47087436803e-05,7687.79798615,0.283231074981,0.370951774596,0.370951774596,0.741903549192,-6.66133814775e-16,-5.55111512313e-16,0.08,27257.4650653
2016-12-13,27294.6024092,0.00247028692144,0.00136246506302,29.6423769723,0.554038632163,0.00108749573378,2.03261246354e-05,14821.1884861,0.543747866892,0.278452340736,0.278452340736,0.556904681472,1.5959455979e-15,1.54390389362e-15,0.08,27294.6024092
2016-12-14,27271.3528641,2.19059191156e-05,-0.00085180010079,23.431006604,0.416451831797,0.0008584483574,1.52576625061e-05,11715.503302,0.4292241787,0.349999041219,0.349999041219,0.699998082439,1.4155343564e-15,1.29063426613e-15,0.08,27271.3528641
2016-12-15,27261.8229459,0.000928415428275,-0.000349447943089,34.3260520986,0.523010813983,0.00125868534171,1.91780296559e-05,17163.0260493,0.629342670854,0.274975620694,0.274975620694,0.549951241387,8.32667268469e-17,9.71445146547e-17,0.08,27261.8229459
2016-12-16,27260.3015174,0.000606656016793,-5.58080263293e-05,17.6492192771,0.410758174565,0.000647396885824,1.50671572983e-05,8824.60963855,0.323698442912,0.309220515949,0.309220515949,0.618441031898,7.56339435526e-16,7.07767178199e-16,0.08,27260.3015174
2016-12-19,27244.884165,0.000365138781596,-0.000565560597739,23.9854835931,1.38566210961,0.00087986860959,5.08307697451e-05,11992.7417966,0.439934304795,0.299796723623,0.299796723623,0.599593447246,4.7878367937e-16,4.4408920985e-16,0.08,27244.884165
2016-12-20,27276.6282347,0.00218096891323,0.00116513872726,27.2286181036,0.447557644282,0.000999402968232,1.64272177328e-05,13614.3090518,0.499701484116,0.203264945137,0.203264945137,0.406529890273,2.39391839685e-16,2.63677968348e-16,0.08,27276.6282347
2016-12-21,27243.281408,-0.000580819959895,-0.0012225421097,17.200214738,0.303801772144,0.000630584344592,1.1137805213e-05,8600.10736901,0.315292172296,0.239278227898,0.239278227898,0.478556455795,4.16333634234e-17,7.4593109467e-17,0.08,27243.281408
2016-12-22,27257.6112216,0.00108362798377,0.000525994405067,14.8345781457,0.357190361503,0.000544522442927,1.31111357752e-05,7417.28907283,0.272261221464,0.205801215853,0.205801215853,0.411602431707,1.11022302463e-16,1.35308431126e-16,0.08,27257.6112216
2016-12-23,27230.7398571,-0.00039120602981,-0.000985829765787,15.9006445619,0.307378056475,0.000583346957026,1.12767789509e-05,7950.32228097,0.291673478513,0.262535405327,0.262535405327,0.525070810654,-2.77555756156e-17,-1.90819582357e-17,0.08,27230.7398571
2016-12-27,27222.9495913,0.000458867795163,-0.000286083518245,18.7186640078,1.56691141386,0.00068740930676,5.7542006647e-05,9359.33200389,0.34370465338,0.247689860444,0.247689860444,0.495379720888,-3.95516952523e-16,-3.26128013484e-16,0.08,27222.9495913
2016-12-28,27182.295018,-0.000732235595428,-0.00149339340176,20.3514894374,0.36947115535,0.000747585759182,1.35720471476e-05,10175.7447187,0.373792879591,0.30452745513,0.30452745513,0.60905491026,-7.6327832943e-16,-6.80011602583e-16,0.08,27182.295018
2016-12-29,27167.6126883,3.84697981025e-05,-0.000540143123134,15.2744515029,0.453575623366,0.000561926485339,1.66864358975e-05,7637.22575145,0.280963242669,0.227221887409,0.227221887409,0.454443774819,-4.57966997658e-16,-3.66026653431e-16,0.08,27167.6126883
2016-12-30,27136.2532383,-0.000236693588528,-0.00115429538699,24.5907995102,0.338250752407,0.000905151284082,1.24505143786e-05,12295.3997551,0.452575642041,0,0,0,0,0,0,27136.2532383
