date,nav,gross_return,net_return,trading_cost,borrow_cost,trading_cost_return,borrow_cost_return,traded_notional,turnover,long_exposure,short_exposure,gross_exposure,net_exposure,estimated_beta_exposure,max_position,cash
2010-01-04,100000,0,0,0,0,0,0,49308.7169493,0.493087169493,0.246543584747,0.246543584747,0.493087169493,-2.08166817117e-16,-6.93889390391e-17,0.08,100000
2010-01-05,100026.623491,0.000279744143514,0.000266234905994,0,1.35092375204,0,1.35092375204e-05,52783.8487877,0.527838487877,0.34094782263,0.34094782263,0.681895645259,-1.04083408559e-16,-9.71445146547e-17,0.08,100026.623491
2010-01-06,100121.403487,0.00096622976656,0.000947547694087,0,1.86870462927,0,1.86820724729e-05,40225.269443,0.402145629226,0.287690881526,0.287690881526,0.575381763051,-5.20417042793e-16,-5.20417042793e-16,0.08,100121.403487
2010-01-07,100056.32019,-0.00063427991485,-0.000650043798769,0,1.5783021824,0,1.57638839192e-05,59164.3246689,0.590925842111,0.465135483498,0.465135483498,0.930270966996,-6.17561557448e-16,-7.25114412958e-16,0.08,100056.32019
2010-01-08,100136.801523,0.000829847189427,0.000804360313619,0,2.55012300649,0,2.54868758081e-05,40333.6338183,0.403109306257,0.476713106433,0.476713106433,0.953426212867,-1.76247905159e-15,-1.81799020282e-15,0.08,100136.801523
2010-01-11,99665.1081392,-0.00463212601431,-0.00471048981263,0,7.84710011871,0,7.83637983178e-05,48773.7216795,0.487070896393,0.405769267901,0.405769267901,0.811538535803,-7.07767178199e-16,-5.82867087928e-16,0.08,99665.1081392
2010-01-12,99941.1375155,0.00279180275633,0.00276956882384,0,2.21594728575,0,2.22339324878e-05,60612.6185696,0.60816287366,0.481636574703,0.481636574703,0.963273149407,-3.95516952523e-16,-5.55111512313e-16,0.08,99941.1375155
2010-01-13,99961.8535892,0.000233673793288,0.000207282748099,0,2.63755107644,0,2.63910451892e-05,56765.5858918,0.567990192057,0.336624876657,0.336624876657,0.673249753314,1.73472347598e-17,6.93889390391e-18,0.08,99961.8535892
2010-01-14,100007.519145,0.00047527501761,0.000456829818889,0,1.84381625396,0,1.84451987209e-05,61064.6395699,0.610879424274,0.387187969044,0.387187969044,0.774375938087,-2.77555756156e-17,-2.77555756156e-17,0.08,100007.519145
2010-01-15,100259.797778,0.00254381243685,0.00252259665773,0,2.12173743708,0,2.12157791257e-05,43995.0036509,0.439916958517,0.313223215191,0.313223215191,0.626446430381,-4.16333634234e-17,6.93889390391e-18,0.08,100259.797778
2010-01-19,100174.369646,-0.000783416007371,-0.000852067670975,0,6.88300191001,0,6.86516636034e-05,32516.7617204,0.324325027987,0.285269328765,0.285269328765,0.57053865753,1.94289029309e-16,1.52655665886e-16,0.08,100174.369646
2010-01-20,100124.596229,-0.000481236582053,-0.00049686777815,0,1.5658452158,0,1.56311960967e-05,57764.304205,0.576637561177,0.378905105461,0.378905105461,0.757810210921,2.63677968348e-16,3.26128013484e-16,0.08,100124.596229
2010-01-21,99845.7190406,-0.0027645395828,-0.00278530150639,0,2.07877921608,0,2.07619235869e-05,33709.6668116,0.336677181044,0.318874583562,0.318874583562,0.637749167124,5.55111512313e-17,5.20417042793e-17,0.08,99845.7190406
2010-01-22,99996.8637964,0.00153125561696,0.00151378303704,0,1.74456230573,0,1.74725799212e-05,53367.8373459,0.534503009831,0.458985002854,0.458985002854,0.917970005708,1.11022302463e-16,1.5959455979e-16,0.08,99996.8637964
2010-01-25,100069.655797,0.000803392426396,0.000727942836886,0,7.54472232575,0,7.54495895103e-05,51792.0559474,0.517936803026,0.425002179162,0.425002179162,0.850004358325,4.16333634234e-17,2.98372437868e-16,0.08,100069.655797
2010-01-26,99678.777226,-0.00388277711997,-0.00390606491061,0,2.33040119352,0,2.3287790639e-05,35858.4834276,0.358335233013,0.379502642305,0.379502642305,0.75900528461,2.22044604925e-16,2.91433543964e-16,0.08,99678.777226
2010-01-27,99385.3965492,-0.00292246652779,-0.00294326119312,0,2.0727868131,0,2.07946653318e-05,43448.4877611,0.435885039627,0.363610820658,0.363610820658,0.727221641316,2.22044604925e-16,2.91433543964e-16,0.08,99385.3965492
2010-01-28,99536.046962,0.00153574429296,0.00151582041238,0,1.98014277264,0,1.9923880584e-05,35850.6081926,0.360723098538,0.295677405334,0.295677405334,0.591354810667,3.46944695195e-17,5.55111512313e-17,0.08,99536.046962
2010-01-29,99437.923287,-0.000969608946031,-0.000985810447693,0,1.6126334303,0,1.62015016621e-05,58687.8024393,0.589613554391,0.338576058726,0.338576058726,0.677152117452,2.77555756156e-17,4.16333634234e-17,0.08,99437.923287
2010-02-01,99777.6127917,0.0034717524664,0.00341609612798,0,5.53435071032,0,5.56563384207e-05,38445.7862583,0.386631025543,0.365841242435,0.365841242435,0.731682484869,-1.11022302463e-16,-6.93889390391e-17,0.08,99777.6127917
2010-02-02,100050.325589,0.00275325237348,0.00273320627801,0,2.00015155238,0,2.00460954759e-05,44223.878153,0.443224456025,0.340347490789,0.340347490789,0.680694981579,-5.55111512313e-17,-6.93889390391e-17,0.08,100050.325589
2010-02-03,100292.198796,0.00243616461139,0.00241751543381,0,1.8658562886,0,1.86491775775e-05,58254.2112534,0.582249092247,0.384536152654,0.384536152654,0.769072305307,-2.49800180541e-16,-3.33066907388e-16,0.08,100292.198796
2010-02-04,100141.10381,-0.00148547727249,-0.0015065477466,0,2.11320417896,0,2.1070474118e-05,62296.1984903,0.621147000847,0.379284234998,0.379284234998,0.758568469997,-2.77555756156e-17,-7.6327832943e-17,0.08,100141.10381
2010-02-05,100214.897183,0.000757676643743,0.000736893945934,0,2.08120229865,0,2.07826978081e-05,55622.0044949,0.555436303165,0.275008219772,0.275008219772,0.550016439544,1.17961196366e-16,8.32667268469e-17,0.08,100214.897183
2010-02-08,99981.0175727,-0.00228857403981,-0.00233378087046,0,4.53039788529,0,4.52068306475e-05,56128.0007357,0.560076418911,0.360605801908,0.360605801908,0.721211603816,1.66533453694e-16,2.22044604925e-16,0.08,99981.0175727
2010-02-09,99937.2760072,-0.000417739481055,-0.000437498703078,0,1.97554712424,0,1.97592220224e-05,54807.568632,0.548179744142,0.361522037075,0.361522037075,0.723044074149,1.2490009027e-16,1.94289029309e-16,0.08,99937.2760072
2010-02-10,99998.6563573,0.000633998171252,0.000614188744563,0,1.97970014257,0,1.9809426689e-05,44249.1227832,0.442768950197,0.322418969732,0.322418969732,0.644837939465,1.11022302463e-16,1.11022302463e-16,0.08,99998.6563573
2010-02-11,99972.2505086,-0.000246395242613,-0.000264062035475,0,1.76665554835,0,1.76667928621e-05,44002.1709488,0.440027621887,0.257266400859,0.257266400859,0.514532801718,5.55111512313e-17,8.32667268469e-17,0.08,99972.2505086
2010-02-12,99998.8270034,0.000279935506317,0.000265838717229,0,1.40928773009,0,1.40967890882e-05,42854.9819759,0.428668773164,0.37197836987,0.37197836987,0.743956739739,2.77555756156e-17,5.55111512313e-17,0.08,99998.8270034
2010-02-16,100131.355984,0.00140683485822,0.0013253053525,0,8.15285493865,0,8.15295057249e-05,49443.9615777,0.494445415605,0.408360553878,0.408360553878,0.816721107757,1.2490009027e-16,1.66533453694e-16,0.08,100131.355984
2010-02-17,100358.271274,0.00228855206377,0.00226617614301,0,2.24053128714,0,2.23759207605e-05,71495.7600064,0.714019692471,0.301772178514,0.301772178514,0.603544357028,-2.77555756156e-17,-2.77555756156e-17,0.08,100358.271274
2010-02-18,100272.887918,-0.000834249979853,-0.000850785441689,0,1.65947036462,0,1.65354618364e-05,44918.9500605,0.447585928795,0.27368353774,0.27368353774,0.547367075481,-1.38777878078e-17,0,0.08,100272.887918
2010-02-19,100257.565297,-0.000137812851962,-0.000152809210194,0,1.50372814821,0,1.49963582324e-05,40122.0939182,0.400129035388,0.374042159431,0.374042159431,0.748084318862,6.93889390391e-17,1.2490009027e-16,0.08,100257.565297
2010-02-22,100448.214253,0.00196307809667,0.00190159171429,0,6.16447499557,0,6.14863823723e-05,36791.9442754,0.366974244451,0.323092118519,0.323092118519,0.646184237038,-5.89805981832e-17,-3.46944695195e-17,0.08,100448.214253
2010-02-23,100384.220121,-0.000619382130473,-0.0006370858082,0,1.77830281339,0,1.77036777271e-05,35387.8528179,0.352299471734,0.235093944088,0.235093944088,0.470187888175,9.71445146547e-17,9.02056207508e-17,0.08,100384.220121
2010-02-24,100186.601757,-0.0019557379463,-0.00196861980625,0,1.29313546479,0,1.288185995e-05,34936.3962728,0.348026773837,0.261020409706,0.261020409706,0.522040819412,1.94289029309e-16,1.2490009027e-16,0.08,100186.601757
2010-02-25,100072.508459,-0.00112450545126,-0.00113880793946,0,1.43291768973,0,1.43024882031e-05,21855.3944896,0.218146878987,0.195087460759,0.195087460759,0.390174921518,-2.77555756156e-17,1.73472347598e-18,0.08,100072.508459
2010-02-26,100070.189257,-1.24854966403e-05,-2.31752205174e-05,0,1.06974748313,0,1.06897238772e-05,21131.4767499,0.211161657434,0.219101711541,0.219101711541,0.438203423082,6.93889390391e-18,-4.33680868994e-18,0.08,100070.189257
2010-03-01,100143.234379,0.000765955599935,0.000729938880229,0,3.60419995733,0,3.60167197054e-05,40961.8707814,0.409331401145,0.364592747601,0.364592747601,0.729185495201,-3.1918911958e-16,-2.98372437868e-16,0.08,100143.234379
2010-03-02,100589.497673,0.0044762277462,0.0044562500614,0,2.00062997128,0,1.99776848e-05,51096.5733471,0.510234901679,0.262277776081,0.262277776081,0.524555552162,-6.93889390391e-17,-1.38777878078e-17,0.08,100589.497673
2010-03-03,100651.764291,0.000633388476413,0.000619017091422,0,1.44561039709,0,1.43713849907e-05,34950.8663361,0.347460392432,0.261516149766,0.261516149766,0.523032299532,-1.66533453694e-16,-1.38777878078e-16,0.08,100651.764291
2010-03-04,100786.898312,0.00135691933794,0.0013425896859,0,1.44230475971,0,1.4329652042e-05,30983.0476362,0.307824188222,0.261641266053,0.261641266053,0.523282532106,-2.77555756156e-16,-1.87350135405e-16,0.08,100786.898312
2010-03-05,100620.535327,-0.00163630447655,-0.00165064098428,0,1.44493214663,0,1.43365077289e-05,51728.1649689,0.513242949582,0.391421667319,0.391421667319,0.782843334637,-1.73472347598e-17,2.77555756156e-17,0.08,100620.535327
2010-03-08,100540.932875,-0.000726772080442,-0.000791115368221,0,6.47425606097,0,6.43432877784e-05,48795.7558342,0.484948282928,0.5,0.5,1,-1.94289029309e-16,-1.11022302463e-16,0.0703375547961,100540.932875
2010-03-09,100460.063279,-0.000776947736406,-0.00080434499668,0,2.75454610617,0,2.7397260274e-05,40591.124914,0.403727355149,0.457477661898,0.457477661898,0.914955323795,-6.93889390391e-17,-8.32667268469e-17,0.08,100460.063279
2010-03-10,100360.439934,-0.000966603866371,-0.000991671135515,0,2.51825944454,0,2.50672691451e-05,41470.8138852,0.412808956431,0.314070122802,0.314070122802,0.628140245604,-1.3357370765e-16,-6.93889390391e-17,0.08,100360.439934
2010-03-11,100484.59586,0.00125430958387,0.00123710026208,0,1.72713510655,0,1.72093217974e-05,35046.411366,0.349205437811,0.380912243386,0.380912243386,0.761824486771,-8.32667268469e-17,-8.32667268469e-17,0.08,100484.59586
2010-03-12,100268.843917,-0.00212624269796,-0.0021471146017,0,2.09730481287,0,2.08719037472e-05,42932.7963799,0.427257491681,0.377205412087,0.377205412087,0.754410824174,-2.77555756156e-16,-2.49800180541e-16,0.08,100268.843917
2010-03-15,100401.227671,0.00138229439362,0.00132028802451,0,6.2173069462,0,6.20063691102e-05,44334.3345762,0.442154639907,0.360058834914,0.360058834914,0.720117669828,6.93889390391e-18,3.46944695195e-17,0.08,100401.227671
2010-03-16,100253.891822,-0.00144774134232,-0.00146747059355,0,1.98084104434,0,1.97292512282e-05,51989.0493837,0.517812885257,0.354833726492,0.354833726492,0.709667452984,1.11022302463e-16,1.45716771982e-16,0.08,100253.891822
2010-03-17,100220.786574,-0.000310771153426,-0.000330214097343,0,1.9492307962,0,1.94429439174e-05,42620.3022277,0.42512366805,0.42319282293,0.42319282293,0.84638564586,8.32667268469e-17,8.32667268469e-17,0.08,100220.786574
2010-03-18,100487.82263,0.00268766639711,0.00266447774928,0,2.32398452528,0,2.31886478318e-05,41452.4552269,0.413611353932,0.440495841158,0.440495841158,0.880991682316,4.85722573274e-17,6.93889390391e-18,0.08,100487.82263
2010-03-19,100798.152079,0.00311236617308,0.00308822941466,0,2.42545029892,0,2.41367584196e-05,42309.9624736,0.421045668684,0.456263979975,0.456263979975,0.912527959951,3.33066907388e-16,3.50414142147e-16,0.08,100798.152079
2010-03-22,100901.791726,0.00110319224231,0.00102818994423,0,7.56009304797,0,7.50022980781e-05,63832.8075949,0.633273589627,0.351733376849,0.351733376849,0.703466753698,1.38777878078e-16,1.90819582357e-17,0.08,100901.791726
2010-03-23,101009.234272,0.00108409603854,0.0010648229768,0,1.94468646212,0,1.92730617452e-05,53744.8173564,0.532644826591,0.31979374072,0.31979374072,0.63958748144,8.32667268469e-17,2.77555756156e-17,0.08,101009.234272
2010-03-24,101045.971486,0.000381224484893,0.000363701540196,0,1.76997922603,0,1.7522944697e-05,55142.8596058,0.54591899447,0.239101726812,0.239101726812,0.478203453624,5.55111512313e-17,2.77555756156e-17,0.08,101045.971486
2010-03-25,100788.501739,-0.00253494416839,-0.00254804563287,0,1.32385020656,0,1.31014644828e-05,31549.7488674,0.312231634805,0.217594105287,0.217594105287,0.435188210573,1.38777878078e-17,0,0.08,100788.501739
2010-03-26,100882.590181,0.000945446528686,0.000933523564012,0,1.20169774571,0,1.19229646732e-05,25175.3955469,0.249784401121,0.281839361281,0.281839361281,0.563678722561,-2.77555756156e-17,-6.93889390391e-17,0.08,100882.590181
2010-03-29,101206.479293,0.00325688483199,0.00321055507397,0,4.67386599138,0,4.63297580187e-05,36424.9570113,0.361062864722,0.389486084132,0.389486084132,0.778972168265,-9.36750677027e-17,-2.77555756156e-17,0.08,101206.479293
2010-03-30,101205.179944,8.50310989201e-06,-1.28385933481e-05,0,2.15991864704,0,2.13417032401e-05,53396.1048088,0.527595715038,0.407494444982,0.407494444982,0.814988889965,-5.55111512313e-16,-4.4408920985e-16,0.08,101205.179944
2010-03-31,101031.486122,-0.00169392580331,-0.00171625426605,0,2.25975608935,0,2.23284627388e-05,48726.9994487,0.481467445399,0.375660779897,0.375660779897,0.751321559794,-2.77555756156e-17,5.03069808033e-17,0.08,101031.486122
2010-04-01,100894.332017,-0.00133695408313,-0.00135753823545,0,2.07964749977,0,2.05841523231e-05,55971.5092046,0.554000652203,0.317347008609,0.317347008609,0.634694017218,-4.16333634234e-17,7.2858385991e-17,0.08,100894.332017
2010-04-05,100954.496938,0.000665871673127,0.000596316164391,0,7.01775659201,0,6.95555087362e-05,47693.8911727,0.472711303197,0.324162123411,0.324162123411,0.648324246821,-5.55111512313e-17,1.38777878078e-17,0.08,100954.496938
2010-04-06,100936.414174,-0.000161355656847,-0.000179117964979,0,1.79318488193,0,1.77623081321e-05,36211.2761368,0.358689085035,0.343262545892,0.343262545892,0.686525091784,-8.32667268469e-17,-4.51028103754e-17,0.08,100936.414174
2010-04-07,101166.131109,0.00229466680244,0.00227585789582,0,1.89850358918,0,1.88089066242e-05,39832.2819127,0.39462747155,0.388648413638,0.388648413638,0.777296827277,-4.71844785466e-16,-4.23272528138e-16,0.08,101166.131109
2010-04-08,101373.515699,0.0020712367053,0.00204994090181,0,2.15441404764,0,2.1295803487e-05,35554.0018181,0.351441746645,0.276080796432,0.276080796432,0.552161592864,-6.52256026967e-16,-6.31439345256e-16,0.08,101373.515699
2010-04-09,101276.849818,-0.000938433779145,-0.000953561494018,0,1.53354964116,0,1.5127714873e-05,62235.4529892,0.613922211932,0.371665266093,0.371665266093,0.743330532185,-5.55111512313e-17,-2.23779328401e-16,0.08,101276.849818
2010-04-12,101222.712259,-0.000473454527376,-0.000534550187555,0,6.18757600053,0,6.10956601796e-05,42723.9772557,0.421853338967,0.339741245625,0.339741245625,0.67948249125,-2.49800180541e-16,-3.12250225676e-16,0.08,101222.712259
2010-04-13,101151.475541,-0.0006851462327,-0.000703762191365,0,1.8843578273,0,1.86159586644e-05,43927.0618497,0.433964481583,0.370532347036,0.370532347036,0.741064694072,-2.22044604925e-16,-2.38090797078e-16,0.08,101151.475541
2010-04-14,100842.499765,-0.00303428181904,-0.00305458496135,0,2.0536928021,0,2.03031423033e-05,45534.542965,0.450161925187,0.293230994662,0.293230994662,0.586461989325,-6.93889390391e-18,-1.56125112838e-17,0.08,100842.499765
2010-04-15,100668.696673,-0.00170744289716,-0.00172351034893,0,1.62028200056,0,1.60674517623e-05,22012.7159666,0.218288083079,0.263279899864,0.263279899864,0.526559799729,0,-8.32667268469e-17,0.08,100668.696673
2010-04-16,100830.233988,0.00161906924914,0.00160464295326,0,1.45227640436,0,1.4426295883e-05,25289.5753389,0.25121588115,0.284683558626,0.284683558626,0.569367117252,-1.80411241502e-16,-1.66533453694e-16,0.08,100830.233988
2010-04-19,100758.480875,-0.000664825694661,-0.00071162299197,0,4.71858243759,0,4.67972973084e-05,33571.9578251,0.332955270432,0.27555987189,0.27555987189,0.55111974378,4.16333634234e-17,5.55111512313e-17,0.08,100758.480875
2010-04-20,100586.731259,-0.00168946817115,-0.00170456734222,0,1.52136953872,0,1.50991710625e-05,26435.6029863,0.262366033675,0.33413097488,0.33413097488,0.66826194976,1.66533453694e-16,1.38777878078e-16,0.08,100586.731259
2010-04-21,100362.887574,-0.0022070713004,-0.00222537984697,0,1.84159685345,0,1.83085465688e-05,42197.7482514,0.419516050708,0.260157342021,0.260157342021,0.520314684042,0,-2.77555756156e-17,0.08,100362.887574
2010-04-22,100137.185819,-0.00223460153577,-0.0022488567326,0,1.4306927161,0,1.42551968231e-05,34137.4685792,0.340140358695,0.283770733132,0.283770733132,0.567541466265,5.55111512313e-17,9.02056207508e-17,0.08,100137.185819
2010-04-23,99866.8076641,-0.00268452834287,-0.00270007742414,0,1.5570412402,0,1.55490812675e-05,37603.1271706,0.375516116846,0.352022572798,0.352022572798,0.704045145596,8.32667268469e-17,1.73472347598e-16,0.08,99866.8076641
2010-04-26,99557.8071874,-0.00303625918095,-0.00309412590525,0,5.77896502538,0,5.78667242956e-05,56312.5377691,0.563876417864,0.406807950238,0.406807950238,0.813615900476,8.32667268469e-17,1.11022302463e-16,0.08,99557.8071874
2010-04-27,99875.8585902,0.00321693134462,0.00319464049803,0,2.21922780669,0,2.22908465884e-05,29709.7761742,0.298417341779,0.375585300453,0.375585300453,0.751170600906,-3.33066907388e-16,-1.52655665886e-16,0.08,99875.8585902
2010-04-28,100391.658194,0.00518498722173,0.00516440720527,0,2.05544681406,0,2.05800164632e-05,38128.8484796,0.381762410034,0.241416320074,0.241416320074,0.482832640147,0,1.70002900646e-16,0.08,100391.658194
2010-04-29,100283.725255,-0.00106189030956,-0.00107511860107,0,1.32801011985,0,1.32282915109e-05,48698.634955,0.485086468648,0.351536249341,0.351536249341,0.703072498683,-1.38777878078e-16,-5.72458747072e-17,0.08,100283.725255
2010-04-30,100301.423695,0.00019574593518,0.000176483674942,0,1.93169121348,0,1.92622602379e-05,52409.3871469,0.522611091818,0.342523540595,0.342523540595,0.68504708119,-9.02056207508e-17,-2.94902990916e-17,0.08,100301.423695
2010-05-03,100584.701885,0.00288057412458,0.00282426888503,0,5.64749568835,0,5.63052395498e-05,59390.2429406,0.592117646516,0.231786530046,0.231786530046,0.463573060092,5.55111512313e-17,2.77555756156e-17,0.08,100584.701885
2010-05-04,100649.203464,0.000653966920114,0.000641266288331,0,1.27748926168,0,1.27006317833e-05,50095.8293399,0.498046207832,0.361542780801,0.361542780801,0.723085561602,0,-4.16333634234e-17,0.08,100649.203464
2010-05-05,100747.940806,0.00100081527377,0.000981004710438,0,1.99391741949,0,1.98105633316e-05,53174.6423096,0.528316573601,0.3228220248,0.3228220248,0.6456440496,1.11022302463e-16,6.93889390391e-17,0.08,100747.940806
2010-05-06,100739.802251,-6.30924831591e-05,-8.07813612305e-05,0,1.78211804085,0,1.76888780712e-05,33908.275205,0.336565441771,0.279922211367,0.279922211367,0.559844422734,8.32667268469e-17,1.2490009027e-16,0.08,100739.802251
2010-05-07,100699.36409,-0.000386073746259,-0.000401411949621,0,1.54516757362,0,1.53382033626e-05,24935.4856417,0.24752367073,0.278461478785,0.278461478785,0.55692295757,1.66533453694e-16,1.2490009027e-16,0.08,100699.36409
2010-05-10,100692.747673,-1.99301685884e-05,-6.57046582517e-05,0,4.60946200064,0,4.57744896633e-05,42295.6776158,0.420019311919,0.398995769442,0.398995769442,0.797991538883,1.66533453694e-16,1.17961196366e-16,0.08,100692.747673
2010-05-11,100921.115926,0.00228983399496,0.00226797121308,0,2.20142358,0,2.18627818872e-05,50540.1234352,0.50192416637,0.347776348271,0.347776348271,0.695552696543,5.55111512313e-17,1.11022302463e-16,0.08,100921.115926
2010-05-12,100894.282199,-0.000246831890869,-0.00026588812913,0,1.9231768307,0,1.90562382614e-05,43752.2072907,0.433528770359,0.355094092499,0.355094092499,0.710188184998,0,-6.93889390391e-18,0.08,100894.282199
2010-05-13,101133.04397,0.00238591212845,0.0023664549179,0,1.96312129183,0,1.94572105479e-05,38597.0872228,0.382549797485,0.335346175253,0.335346175253,0.670692350506,-1.11022302463e-16,-1.11022302463e-16,0.08,101133.04397
2010-05-14,101024.843611,-0.00105150622498,-0.00106988135787,0,1.85833312257,0,1.83751328906e-05,33720.9104101,0.333431182198,0.297719283734,0.297719283734,0.595438567469,-2.94902990916e-17,0,0.08,101024.843611
2010-05-17,101035.398607,0.000153419365379,0.000104479209148,0,4.94417162947,0,4.89401562303e-05,35338.2019257,0.349797145559,0.229239133649,0.229239133649,0.458478267298,4.16333634234e-17,6.24500451352e-17,0.08,101035.398607
2010-05-18,100946.119506,-0.000871080749835,-0.000883641798255,0,1.26911053395,0,1.25610484191e-05,34479.2357889,0.341258967296,0.293942812717,0.293942812717,0.587885625434,1.66533453694e-16,2.28983498829e-16,0.08,100946.119506
2010-05-19,101094.837089,0.00148934370233,0.00147323724683,0,1.62588418084,0,1.61064554914e-05,32699.4849637,0.323930083928,0.326012005382,0.326012005382,0.652024010764,3.1918911958e-16,3.40005801291e-16,0.08,101094.837089
2010-05-20,101159.274129,0.000655255667119,0.000637391995592,0,1.80592496291,0,1.78636715278e-05,49086.9391686,0.48555337327,0.355997371666,0.355997371666,0.711994743333,1.80411241502e-16,1.94289029309e-16,0.08,101159.274129
2010-05-21,101209.928161,0.000520242133276,0.000500735427979,0,1.97328414847,0,1.95067052968e-05,32137.4940946,0.317692019555,0.334919575338,0.334919575338,0.669839150677,6.93889390391e-18,3.46944695195e-17,0.08,101209.928161
2010-05-24,100928.69364,-0.00272366936401,-0.00277872463667,0,5.57214019065,0,5.50552726584e-05,47869.4081277,0.472971466312,0.43667556691,0.43667556691,0.873351133819,-8.32667268469e-17,-1.38777878078e-17,0.08,100928.69364
2010-05-25,100760.112284,-0.00164637414648,-0.0016703015748,0,2.41496408289,0,2.39274283238e-05,40558.3855482,0.401851882604,0.340206743766,0.340206743766,0.680413487531,1.38777878078e-17,1.11022302463e-16,0.08,100760.112284
2010-05-26,100366.32477,-0.0038895272053,-0.00390816867071,0,1.87831614804,0,1.86414654118e-05,30120.3597875,0.298931383705,0.327766231138,0.327766231138,0.655532462276,-9.71445146547e-17,-4.16333634234e-17,0.08,100366.32477
2010-05-27,100345.295493,-0.00019156544122,-0.000209525234707,0,1.80255846592,0,1.7959793487e-05,28139.7589368,0.280370522695,0.242260889998,0.242260889998,0.484521779996,-2.70616862252e-16,-2.22044604925e-16,0.08,100345.295493
2010-05-28,100281.435794,-0.000623124960827,-0.000636399530142,0,1.33204058045,0,1.3274569315e-05,25847.4176624,0.257584748099,0.261907705257,0.261907705257,0.523815410515,-3.05311331772e-16,-2.49800180541e-16,0.08,100281.435794
2010-06-01,100182.677174,-0.00092741014864,-0.00098481457719,0,5.75659851586,0,5.74044285496e-05,43939.9428595,0.43816627187,0.321547322664,0.321547322664,0.643094645328,6.93889390391e-18,7.6327832943e-17,0.08,100182.677174
2010-06-02,100598.536392,0.00416862827137,0.00415100923999,0,1.76512173274,0,1.76190313789e-05,32079.495323,0.320210002647,0.295813583541,0.295813583541,0.591627167082,2.08166817117e-17,8.32667268469e-17,0.08,100598.536392
2010-06-03,100839.476279,0.00241127249851,0.00239506353503,0,1.6305980027,0,1.62089634817e-05,36907.6791083,0.366880875526,0.327166171527,0.327166171527,0.654332343055,1.5959455979e-16,1.80411241502e-16,0.08,100839.476279
2010-06-04,100918.688026,0.000803450104856,0.000785523191347,0,1.80774056947,0,1.79269135084e-05,51250.4081583,0.508237547929,0.319769779806,0.319769779806,0.639539559612,-3.46944695195e-17,-5.55111512313e-17,0.08,100918.688026
2010-06-07,100767.440772,-0.00144613922498,-0.00149870412029,0,5.30478027096,0,5.25648953106e-05,63557.1753675,0.62978598524,0.371048899298,0.371048899298,0.742097798597,1.2490009027e-16,2.08166817117e-16,0.08,100767.440772
2010-06-08,101030.822294,0.00263408763036,0.00261375618383,0,2.04874783472,0,2.03314465369e-05,36677.6338934,0.363982985102,0.306030686164,0.306030686164,0.612061372327,6.93889390391e-17,7.6327832943e-17,0.08,101030.822294
2010-06-09,101115.135242,0.000851295795307,0.000834526990585,0,1.69416612988,0,1.67688047213e-05,54086.6417088,0.535347931263,0.354406932301,0.354406932301,0.708813864602,-4.16333634234e-17,-5.55111512313e-17,0.08,101115.135242
2010-06-10,100874.449584,-0.00236089331261,-0.00238031287054,0,1.96361122686,0,1.94195579343e-05,33787.103131,0.334144864171,0.358581654817,0.358581654817,0.717163309633,0,-3.46944695195e-17,0.08,100874.449584
2010-06-11,101087.246114,0.00212916692845,0.0021095186186,0,1.98201244167,0,1.9648309853e-05,48221.1945279,0.478031798209,0.245170099153,0.245170099153,0.490340198305,-1.38777878078e-17,-6.24500451352e-17,0.08,101087.246114
2010-06-14,101018.632579,-0.000638453667766,-0.000678755601874,0,4.07401153196,0,4.03019341073e-05,52187.8734234,0.516265655954,0.42302503501,0.42302503501,0.846050070019,5.55111512313e-17,6.93889390391e-18,0.08,101018.632579
2010-06-15,101045.523338,0.00028937548364,0.000266196029667,0,2.34155674429,0,2.31794539731e-05,33287.0521588,0.329513984787,0.424611073137,0.424611073137,0.849222146275,4.85722573274e-17,-4.16333634234e-17,0.08,101045.523338
2010-06-16,101220.19321,0.00175189189892,0.00172862553875,0,2.35096153974,0,2.32663601719e-05,56220.039785,0.556383280801,0.488164131104,0.488164131104,0.976328262207,5.55111512313e-17,1.38777878078e-17,0.08,101220.19321
2010-06-17,101107.16939,-0.00108986463954,-0.00111661335905,0,2.70751055718,0,2.67487195125e-05,58823.2856086,0.581141803262,0.431821514885,0.431821514885,0.86364302977,-3.05311331772e-16,-2.35922392733e-16,0.08,101107.16939
2010-06-18,101252.409594,0.0014601590254,0.00143649757253,0,2.39234252339,0,2.36614528704e-05,57645.3289155,0.570140864028,0.276140231989,0.276140231989,0.552280463977,-9.71445146547e-17,-1.90819582357e-17,0.08,101252.409594
2010-06-21,101366.033634,0.00116757895448,0.00112218603963,0,4.59614200678,0,4.53929148475e-05,63065.2232534,0.622851579597,0.286089407068,0.286089407068,0.572178814137,-4.16333634234e-17,2.77555756156e-17,0.08,101366.033634
2010-06-22,101057.3875,-0.00302919129659,-0.00304486742849,0,1.58902731284,0,1.56761318942e-05,43451.8629168,0.428662949106,0.359653511447,0.359653511447,0.719307022894,-3.46944695195e-16,-2.22044604925e-16,0.08,101057.3875
2010-06-23,101355.423323,0.00296888107044,0.00294917402872,0,1.99154215189,0,1.97070417231e-05,41768.3208971,0.413312890135,0.271115686431,0.271115686431,0.542231372861,-3.95516952523e-16,-2.22044604925e-16,0.08,101355.423323
2010-06-24,100985.249021,-0.00363738405739,-0.00365223971144,0,1.50570110507,0,1.4855654051e-05,58955.4860331,0.581670759201,0.449111375249,0.449111375249,0.898222750497,-7.6327832943e-17,5.55111512313e-17,0.08,100985.249021
2010-06-25,101124.681155,0.00140532667381,0.00138071783133,0,2.48513008589,0,2.46088424794e-05,46735.0788318,0.462791143113,0.306573933584,0.306573933584,0.613147867168,-1.38777878078e-16,-2.77555756156e-17,0.08,101124.681155
2010-06-28,100801.592697,-0.00314455584664,-0.00319495156175,0,5.09625062203,0,5.03957151097e-05,59988.0185192,0.593208481197,0.430069467954,0.430069467954,0.860138935907,-5.55111512313e-17,-4.85722573274e-17,0.08,100801.592697
2010-06-29,100739.54707,-0.000591956837218,-0.000615522287517,0,2.37543492273,0,2.35654502988e-05,30950.9176301,0.307047902738,0.37063042897,0.37063042897,0.74126085794,-8.32667268469e-17,-4.16333634234e-17,0.08,100739.54707
2010-06-30,100851.756758,0.00113416788829,0.00111385937163,0,2.04587076957,0,2.03085166559e-05,28584.3929402,0.283745497887,0.358021213786,0.358021213786,0.716042427571,0,3.46944695195e-17,0.08,100851.756758
2010-07-01,100970.510263,0.00119712316227,0.00117750556152,0,1.97846949956,0,1.96176007554e-05,34028.302035,0.337409115407,0.294291245213,0.294291245213,0.588582490426,-2.77555756156e-17,5.20417042793e-18,0.08,100970.510263
2010-07-02,101028.168883,0.000587169707437,0.000571044159754,0,1.62820477781,0,1.61255476829e-05,53305.4170871,0.527930550697,0.426425112286,0.426425112286,0.852850224572,1.94289029309e-16,1.80411241502e-16,0.08,101028.168883
2010-07-06,101201.08822,0.00180505831654,0.00171159527823,0,9.44239961862,0,9.34630383093e-05,64451.5737897,0.637956468007,0.312903444297,0.312903444297,0.625806888594,1.94289029309e-16,1.4224732503e-16,0.08,101201.08822
2010-07-07,101092.263883,-0.00105818233809,-0.0010753277323,0,1.73513255181,0,1.7145394208e-05,59429.3181788,0.587239912379,0.419397195656,0.419397195656,0.838794391312,4.02455846427e-16,4.4408920985e-16,0.08,101092.263883
2010-07-08,101275.468159,0.00183522889443,0.00181224822617,0,2.32316777945,0,2.29806682551e-05,41209.3117405,0.40764060629,0.287804771032,0.287804771032,0.575609542064,8.32667268469e-17,3.12250225676e-17,0.08,101275.468159
2010-07-09,101583.589506,0.00305817864313,0.00304240851869,0,1.5971267356,0,1.57701244401e-05,25191.5225684,0.248742593111,0.264354422711,0.264354422711,0.528708845422,1.31838984174e-16,1.31838984174e-16,0.08,101583.589506
2010-07-12,101386.226277,-0.00189940975376,-0.00194286527531,0,4.41436786204,0,4.34555215415e-05,45166.5728201,0.44462469814,0.280585644243,0.280585644243,0.561171288486,-1.73472347598e-17,-4.16333634234e-17,0.08,101386.226277
2010-07-13,101299.540994,-0.000839626030617,-0.000855000586466,0,1.55876819822,0,1.53745558489e-05,35632.8920095,0.351456931754,0.305087435532,0.305087435532,0.610174871065,0,-4.51028103754e-17,0.08,101299.540994
2010-07-14,101173.237208,-0.00123011762015,-0.00124683473991,0,1.69343655795,0,1.67171197552e-05,40193.0099758,0.396773860782,0.33224270744,0.33224270744,0.66448541488,-4.16333634234e-17,-8.15320033709e-17,0.08,101173.237208
2010-07-15,101395.766812,0.00221769587803,0.00219949079817,0,1.84186686303,0,1.82050798597e-05,30547.4368125,0.30193198968,0.360642183052,0.360642183052,0.721284366104,0,-1.38777878078e-16,0.08,101395.766812
2010-07-16,101854.021094,0.00453922288878,0.00451946167327,0,2.00370359974,0,1.97612155097e-05,42841.7146759,0.422519756228,0.369535181983,0.369535181983,0.739070363966,-3.46944695195e-17,-1.17961196366e-16,0.08,101854.021094
2010-07-19,101702.595201,-0.00142594977104,-0.0014866952804,0,6.18717439243,0,6.07455093671e-05,56269.5272726,0.552452683442,0.353543209071,0.353543209071,0.707086418143,6.24500451352e-17,9.19403442268e-17,0.08,101702.595201
2010-07-20,101726.620109,0.000255599313731,0.000236227083097,0,1.97020613032,0,1.9372230634e-05,34091.3496749,0.335206290532,0.318879383167,0.318879383167,0.637758766333,2.77555756156e-17,-6.93889390391e-18,0.08,101726.620109
2010-07-21,101722.837208,-1.97140902764e-05,-3.71869331895e-05,0,1.77745325326,0,1.74728429132e-05,45126.115638,0.443601837845,0.324081415497,0.324081415497,0.648162830994,1.66533453694e-16,1.52655665886e-16,0.08,101722.837208
2010-07-22,101858.757133,0.00135393695057,0.00133617906479,0,1.80638252442,0,1.77578857807e-05,27862.4953559,0.273905999092,0.280906708836,0.280906708836,0.561813417672,1.80411241502e-16,1.97758476261e-16,0.08,101858.757133
2010-07-23,102089.335059,0.00227909467202,0.00226370252359,0,1.56782510863,0,1.53921484294e-05,26296.8386699,0.258169640098,0.283245463584,0.283245463584,0.566490927169,-2.77555756156e-17,-6.93889390391e-18,0.08,102089.335059
2010-07-26,102196.610134,0.00109735700146,0.00105079610334,0,4.75337112916,0,4.65608981235e-05,35533.2495345,0.348060348459,0.307161188833,0.307161188833,0.614322377667,-5.55111512313e-17,-3.46944695195e-18,0.08,102196.610134
2010-07-27,102173.157228,-0.000212657350449,-0.000229488100522,0,1.72004560348,0,1.68307500731e-05,32376.9209743,0.3168101264,0.309506192942,0.309506192942,0.619012385884,2.77555756156e-17,6.24500451352e-17,0.08,102173.157228
2010-07-28,102247.516767,0.00074473883509,0.000727779591642,0,1.73277944738,0,1.69592434489e-05,63562.4258516,0.622104940043,0.419539671295,0.419539671295,0.83907934259,-8.32667268469e-17,-2.77555756156e-17,0.08,102247.516767
2010-07-29,102578.090916,0.00325606600262,0.00323307752748,0,2.35051449727,0,2.29884751395e-05,52394.8592028,0.512431605769,0.397348457094,0.397348457094,0.794696914188,-1.94289029309e-16,-1.80411241502e-16,0.08,102578.090916
2010-07-30,102412.060486,-0.0015968034165,-0.0016185759347,0,2.23338335107,0,2.17725181969e-05,62105.9139535,0.605450085872,0.285941877191,0.285941877191,0.571883754383,-1.38777878078e-17,-4.85722573274e-17,0.08,102412.060486
2010-08-02,102339.542052,-0.000661100295053,-0.000708104439248,0,4.81379125849,0,4.70041441958e-05,38049.256759,0.371531014788,0.280653815104,0.280653815104,0.561307630208,-2.15105711021e-16,-2.08166817117e-16,0.08,102339.542052
2010-08-03,101988.827975,-0.00341158718076,-0.00342696547199,0,1.57380728289,0,1.53782912386e-05,43487.4666469,0.424933176122,0.33830727988,0.33830727988,0.67661455976,-1.94289029309e-16,-1.73472347598e-16,0.08,101988.827975
2010-08-04,102093.420624,0.00104406784379,0.00102553045859,0,1.89060619015,0,1.85373851989e-05,42637.0716759,0.418056296191,0.390486764627,0.390486764627,0.780973529254,-2.42861286637e-17,-6.93889390391e-18,0.08,102093.420624
2010-08-05,102009.697531,-0.000798667020477,-0.000820063555525,0,2.18444545256,0,2.13965350481e-05,34670.7866551,0.339598638611,0.293223353797,0.293223353797,0.586446707593,9.71445146547e-17,1.11022302463e-16,0.08,102009.697531
2010-08-06,102111.245846,0.00101154411082,0.000995477077732,0,1.63899318519,0,1.60670330848e-05,32634.0628307,0.319911377258,0.296726372908,0.296726372908,0.593452745815,2.32452945781e-16,1.63064006742e-16,0.08,102111.245846
2010-08-09,102124.114648,0.000174804209236,0.000126027271224,0,4.98067390899,0,4.87769380122e-05,30705.6776018,0.300708088981,0.298283498557,0.298283498557,0.596566997113,2.22044604925e-16,1.38777878078e-16,0.08,102124.114648
2010-08-10,101950.782541,-0.00168092482482,-0.00169726912611,0,1.66914729886,0,1.63443012908e-05,46251.0777986,0.452890856955,0.382362267143,0.382362267143,0.764724534286,4.99600361081e-16,4.23272528138e-16,0.08,101950.782541
2010-08-11,102300.056651,0.00344686042329,0.00342590906619,0,2.13600725202,0,2.09513571037e-05,46247.9776704,0.453630433409,0.312223552529,0.312223552529,0.624447105058,8.32667268469e-17,-1.38777878078e-17,0.08,102300.056651
2010-08-12,102180.48603,-0.00115171449491,-0.00116882263477,0,1.75016367735,0,1.71081398646e-05,43622.1887112,0.426414120765,0.313393439672,0.313393439672,0.626786879344,6.93889390391e-17,9.02056207508e-17,0.08,102180.48603
2010-08-13,102252.763718,0.00072452539629,0.00070735315302,0,1.75466816352,0,1.71722432697e-05,40919.9070324,0.400466944545,0.194359148816,0.194359148816,0.388718297633,1.94289029309e-16,1.4224732503e-16,0.08,102252.763718
2010-08-16,102282.7119,0.000324833280598,0.000292883831478,0,3.26691947186,0,3.19494491205e-05,30502.3726481,0.298303650081,0.291873274547,0.291873274547,0.583746549094,1.31838984174e-16,9.02056207508e-17,0.08,102282.7119
2010-08-17,102302.82645,0.000212649463981,0.000196656407841,0,1.63581315352,0,1.59930561396e-05,43896.6637883,0.429169924937,0.398486727042,0.398486727042,0.796973454085,1.04083408559e-16,6.24500451352e-17,0.08,102302.82645
2010-08-18,102722.27809,0.00412193313935,0.0041000982502,0,2.23377087558,0,2.1834889153e-05,56991.8255822,0.557089452556,0.371441681596,0.371441681596,0.742883363191,5.55111512313e-17,1.38777878078e-17,0.08,102722.27809
2010-08-19,102699.496864,-0.000201421957397,-0.000221774926251,0,2.09070332664,0,2.03529688546e-05,43232.6112169,0.420868890573,0.281241587867,0.281241587867,0.562483175734,1.80411241502e-16,1.94289029309e-16,0.08,102699.496864
2010-08-20,102799.048843,0.00098476265021,0.000969352152244,0,1.58265038747,0,1.54104979653e-05,43239.0905507,0.421025339664,0.274556290997,0.274556290997,0.549112581993,-5.55111512313e-17,-6.93889390391e-17,0.08,102799.048843
2010-08-23,102860.989416,0.000647672878053,0.000602540337067,0,4.63958228519,0,4.51325409858e-05,48567.8910426,0.472454673358,0.374010807521,0.374010807521,0.748021615042,5.55111512313e-16,5.6898930012e-16,0.08,102860.989416
2010-08-24,102943.040385,0.000818181662148,0.00079768791927,0,2.10800666926,0,2.04937428779e-05,39768.8143338,0.386626791745,0.354283359418,0.354283359418,0.708566718836,6.00214322688e-16,4.57966997658e-16,0.08,102943.040385
2010-08-25,102902.461658,-0.000374773427347,-0.000394186214165,0,1.99841129733,0,1.94127868174e-05,55601.7060923,0.540121079427,0.240318993747,0.240318993747,0.480637987494,9.02056207508e-16,8.18789480661e-16,0.08,102902.461658
2010-08-26,102816.214892,-0.000824972775431,-0.000838140939472,0,1.35503649532,0,1.31681640409e-05,50582.0566986,0.491553417516,0.324614065404,0.324614065404,0.649228130807,4.02455846427e-16,4.57966997658e-16,0.08,102816.214892
2010-08-27,102912.602219,0.000955259119341,0.000937472047264,0,1.82879942495,0,1.77870720769e-05,47730.321525,0.46422951453,0.261414724384,0.261414724384,0.522829448768,4.51028103754e-16,2.96637714392e-16,0.08,102912.602219
2010-08-30,103018.430899,0.00107130775824,0.00102833547478,0,4.42238951421,0,4.29722834604e-05,51009.7624199,0.49566099117,0.349528538899,0.349528538899,0.699057077798,1.83880688454e-16,1.17961196366e-16,0.08,103018.430899
2010-08-31,102894.810951,-0.00118082669404,-0.00119997894274,0,1.97303460996,0,1.91522487068e-05,38182.2688878,0.37063531792,0.32252581844,0.32252581844,0.645051636881,2.08166817117e-16,1.6826817717e-16,0.08,102894.810951
2010-09-01,102871.084842,-0.000212913413584,-0.00023058606117,0,1.81842373234,0,1.76726475858e-05,47138.1171422,0.458119478587,0.404216931112,0.404216931112,0.808433862224,2.77555756156e-17,2.77555756156e-17,0.08,102871.084842
2010-09-02,102644.495182,-0.00218050758578,-0.00220265645872,0,2.27847858712,0,2.21488729376e-05,51813.6872498,0.5036759098,0.329770973154,0.329770973154,0.659541946308,-1.2490009027e-16,-1.11022302463e-16,0.08,102644.495182
2010-09-03,103117.023436,0.00462161172498,0.00460354208261,0,1.85474931864,0,1.80696423646e-05,35839.1740336,0.349158266792,0.312041810843,0.312041810843,0.624083621685,0,1.38777878078e-17,0.08,103117.023436
2010-09-07,103415.634848,0.00296424253547,0.0028958498098,0,7.05245429513,0,6.83927256642e-05,77623.979646,0.752775604452,0.432667007515,0.432667007515,0.86533401503,-3.33066907388e-16,-1.38777878078e-16,0.08,103415.634848
2010-09-08,103222.790328,-0.00184104429567,-0.0018647520769,0,2.45175524713,0,2.37077812337e-05,70957.1956252,0.686136054082,0.272459319275,0.272459319275,0.54491863855,-2.77555756156e-17,0,0.08,103222.790328
2010-09-09,103260.856831,0.000383709297634,0.000368780019865,0,1.54104170885,0,1.49292777685e-05,34893.4712929,0.338040380248,0.324317407109,0.324317407109,0.648634814218,-2.77555756156e-17,1.38777878078e-17,0.08,103260.856831
2010-09-10,102990.706168,-0.00259842540374,-0.00261619622057,0,1.83502977224,0,1.77708168279e-05,40101.4686125,0.38835111235,0.367882497078,0.367882497078,0.735764994156,-1.11022302463e-16,-5.55111512313e-17,0.08,102990.706168
2010-09-13,102931.604889,-0.000513376763125,-0.000573850598261,0,6.22824298534,0,6.04738351361e-05,40780.7450778,0.395965292358,0.228722283457,0.228722283457,0.457444566914,6.93889390391e-17,9.71445146547e-17,0.08,102931.604889
2010-09-14,102857.000247,-0.000712265474473,-0.000724798202334,0,1.29001379234,0,1.25327278607e-05,23157.4836051,0.224979330984,0.245731861924,0.245731861924,0.491463723848,-2.08166817117e-17,-2.77555756156e-17,0.08,102857.000247
2010-09-15,102791.028871,-0.000627924510388,-0.000641389269946,0,1.38494477713,0,1.34647595575e-05,38334.8453323,0.372700401919,0.186870885095,0.186870885095,0.37374177019,-3.46944695195e-18,0,0.08,102791.028871
2010-09-16,102771.574931,-0.000179017677953,-0.000189257178506,0,1.05252879698,0,1.02395005532e-05,23016.2337504,0.223912864802,0.24317818943,0.24317818943,0.486356378859,1.73472347598e-17,1.38777878078e-17,0.08,102771.574931
2010-09-17,102399.226245,-0.00360974590427,-0.00362307073657,0,1.3694140009,0,1.33248322975e-05,39193.5945994,0.381366098805,0.312243204307,0.312243204307,0.624486408614,1.94289029309e-16,2.08166817117e-16,0.08,102399.226245
2010-09-20,102419.046732,0.00024488855261,0.000193560902587,0,5.25591164734,0,5.13276500231e-05,33139.7726589,0.323633037808,0.318074182581,0.318074182581,0.636148365163,-1.66533453694e-16,-7.2858385991e-17,0.08,102419.046732
2010-09-21,102771.061788,0.00345443646193,0.0034370077396,0,1.78503312712,0,1.74287223332e-05,39871.9264343,0.389301870176,0.26680452424,0.26680452424,0.533609048479,1.38777878078e-16,1.2490009027e-16,0.08,102771.061788
2010-09-22,102412.407528,-0.00347521762947,-0.00348983705545,0,1.50245393129,0,1.46194259857e-05,45451.3777878,0.442258520998,0.288624533829,0.288624533829,0.577249067659,2.77555756156e-17,8.32667268469e-17,0.08,102412.407528
2010-09-23,102170.16355,-0.00234956220172,-0.00236537724467,0,1.61965662363,0,1.58150429496e-05,35508.7515176,0.346723140043,0.284238329007,0.284238329007,0.568476658013,1.66533453694e-16,2.42861286637e-16,0.08,102170.16355
2010-09-24,102221.793565,0.000520908289523,0.000505333586564,0,1.59126994859,0,1.55747029593e-05,21683.3972439,0.212228271841,0.34447447304,0.34447447304,0.68894894608,8.32667268469e-17,1.80411241502e-16,0.08,102221.793565
2010-09-27,102150.116087,-0.000644569723256,-0.000701195664029,0,5.78840522821,0,5.66259407737e-05,44249.1223685,0.432873664463,0.418043608591,0.418043608591,0.836087217182,1.11022302463e-16,1.5959455979e-16,0.08,102150.116087
2010-09-28,102034.268375,-0.00111118630293,-0.00113409280203,0,2.3399015423,0,2.29064991009e-05,45702.3449898,0.447403749898,0.486980911132,0.486980911132,0.973961822264,7.21644966006e-16,6.59194920871e-16,0.08,102034.268375
2010-09-29,101561.903217,-0.00460279174394,-0.00462947562948,0,2.72267073864,0,2.66838855415e-05,51499.8636088,0.504731051918,0.366127188593,0.366127188593,0.732254377185,6.66133814775e-16,5.6898930012e-16,0.08,101561.903217
2010-09-30,101659.37409,0.000979780615562,0.000959718851803,0,2.0375109092,0,2.00617637585e-05,48580.0202203,0.478329163611,0.456108316794,0.456108316794,0.912216633588,1.66533453694e-16,1.11022302463e-16,0.08,101659.37409
2010-10-01,101695.423487,0.000379601904135,0.000354609667598,0,2.54069512342,0,2.49922365367e-05,36792.5418485,0.361919814852,0.4034890405,0.4034890405,0.806978081,-8.32667268469e-17,-9.71445146547e-17,0.08,101695.423487
2010-10-04,101784.794413,0.000945136687994,0.000878809722433,0,6.74514885137,0,6.63269655616e-05,47814.0623324,0.470169263209,0.441651370623,0.441651370623,0.883302741246,-2.49800180541e-16,-3.46944695195e-16,0.08,101784.794413
2010-10-05,101869.921675,0.000860545642699,0.000836345567597,0,2.46319966911,0,2.42000751026e-05,43258.9950997,0.425004494522,0.343843013217,0.343843013217,0.687686026433,-8.32667268469e-17,-4.51028103754e-17,0.08,101869.921675
2010-10-06,101519.500132,-0.0034210514298,-0.00343989214286,0,1.91930196301,0,1.8840713053e-05,44419.4675222,0.436041049132,0.37271588772,0.37271588772,0.745431775439,-3.74700270811e-16,-3.46944695195e-16,0.08,101519.500132
2010-10-07,101677.095717,0.00157279040608,0.00155236761771,0,2.07331126644,0,2.04227883682e-05,44939.4126668,0.442667789029,0.352596275674,0.352596275674,0.705192551349,-2.08166817117e-16,-2.49800180541e-16,0.08,101677.095717
2010-10-08,101680.06833,4.85561622831e-05,2.92358184106e-05,0,1.96443645321,0,1.93203438726e-05,36807.2609587,0.362001497971,0.370873621635,0.370873621635,0.74174724327,-2.77555756156e-17,-5.55111512313e-17,0.08,101680.06833
2010-10-11,101631.050553,-0.000421112990654,-0.000482078517498,0,6.19897893527,0,6.09655268441e-05,46199.8980794,0.454365332738,0.325504810673,0.325504810673,0.651009621345,0,2.77555756156e-17,0.08,101631.050553
2010-10-12,101841.973929,0.00209321909408,0.00207538321405,0,1.81267922568,0,1.78358800369e-05,26049.8247942,0.256317578658,0.291468416293,0.291468416293,0.582936832586,1.38777878078e-16,1.52655665886e-16,0.08,101841.973929
2010-10-13,101672.621304,-0.00164692526669,-0.00166289613882,0,1.62650514265,0,1.59708721256e-05,39749.8258847,0.390308871195,0.357578584101,0.357578584101,0.715157168201,-1.80411241502e-16,-8.32667268469e-17,0.08,101672.621304
2010-10-14,101374.560591,-0.00291197967459,-0.00293157302166,0,1.99210695714,0,1.9593347074e-05,51511.9541752,0.506645284782,0.396811641009,0.396811641009,0.793623282019,6.24500451352e-17,1.38777878078e-16,0.08,101374.560591
2010-10-15,100460.738118,-0.00899257436693,-0.00901431747055,0,2.20419757504,0,2.1743103617e-05,42329.1329271,0.41755182642,0.359667499672,0.359667499672,0.719334999344,4.2674197509e-16,4.54497550706e-16,0.08,100460.738118
2010-10-18,100824.02397,0.00367532074455,0.00361619731995,0,5.93958287574,0,5.91234246036e-05,27359.6030942,0.272341250988,0.383484931306,0.383484931306,0.766969862612,2.08166817117e-16,2.98372437868e-16,0.08,100824.02397
2010-10-19,101023.954485,0.00200397791887,0.00198296504592,0,2.11860240581,0,2.10128729483e-05,30571.4042313,0.303215474126,0.371960329638,0.371960329638,0.743920659275,1.17961196366e-16,1.61329283266e-16,0.08,101023.954485
2010-10-20,100951.234049,-0.000699452203941,-0.000719833591867,0,2.05900840612,0,2.03813879254e-05,55671.2635357,0.551069930091,0.321615520768,0.321615520768,0.643231041536,2.49800180541e-16,2.56739074445e-16,0.08,100951.234049
2010-10-21,100778.003084,-0.0016983638299,-0.00171598659816,0,1.77904020334,0,1.76227682613e-05,30527.4570883,0.302398057595,0.285356284106,0.285356284106,0.570712568213,2.8449465006e-16,3.1918911958e-16,0.08,100778.003084
2010-10-22,100600.74162,-0.00174329415077,-0.00175893011155,0,1.575760903,0,1.56359607729e-05,29741.2066092,0.295116054089,0.270922866917,0.270922866917,0.541845733834,4.16333634234e-17,2.77555756156e-17,0.08,100600.74162
2010-10-25,100516.508452,-0.000792766398682,-0.000837301664476,0,4.48028076719,0,4.45352657946e-05,35314.1935075,0.351033132944,0.32545828881,0.32545828881,0.650916577621,-2.77555756156e-17,-1.2490009027e-16,0.08,100516.508452
2010-10-26,100443.24274,-0.000711059002129,-0.000728892333023,0,1.7925441555,0,1.78333308937e-05,31466.8314955,0.313051378128,0.286311275297,0.286311275297,0.572622550593,8.32667268469e-17,3.29597460436e-17,0.08,100443.24274
2010-10-27,100855.354294,0.00411861789441,0.00410292960535,0,1.57578262596,0,1.56882890574e-05,42180.3635901,0.419942272269,0.351389659557,0.351389659557,0.702779319115,6.93889390391e-17,2.42861286637e-17,0.08,100855.354294
2010-10-28,100848.338664,-5.03070773769e-05,-6.95613052979e-05,0,1.94189197862,0,1.9254227921e-05,60507.9072519,0.599947396701,0.349587447234,0.349587447234,0.699174894468,-1.66533453694e-16,-1.66533453694e-16,0.08,100848.338664
2010-10-29,100435.683252,-0.00407268596831,-0.00409184144487,0,1.93179798746,0,1.91554765608e-05,46171.8246793,0.457834261735,0.308753149028,0.308753149028,0.617506298056,-4.92661467177e-16,-4.99600361081e-16,0.08,100435.683252
2010-11-01,100445.435552,0.000147853897499,9.70999551928e-05,0,5.09750687323,0,5.0753942306e-05,47198.0178671,0.469932760339,0.291644504984,0.291644504984,0.583289009968,1.04083408559e-17,-2.77555756156e-17,0.08,100445.435552
2010-11-02,100500.227232,0.000561467528031,0.00054548700721,0,1.60517037422,0,1.5980520821e-05,28569.8701412,0.284431741314,0.286737525653,0.286737525653,0.573475051306,6.93889390391e-18,0,0.08,100500.227232
2010-11-03,100572.546082,0.000735300558752,0.000719588913511,0,1.57902391694,0,1.57116452413e-05,27400.7424436,0.272643586967,0.253219149872,0.253219149872,0.506438299744,1.52655665886e-16,1.11022302463e-16,0.08,100572.546082
2010-11-04,100667.958699,0.00096256948224,0.000948694460329,0,1.39544628051,0,1.38750219108e-05,32634.8413159,0.3244905552,0.225517345903,0.225517345903,0.451034691805,-4.16333634234e-17,-4.16333634234e-17,0.08,100667.958699
2010-11-05,100527.023035,-0.00138764807078,-0.00140000518562,0,1.24396552675,0,1.2357114844e-05,58904.4203106,0.585135738043,0.339872242958,0.339872242958,0.679744485916,-1.11022302463e-16,-5.55111512313e-17,0.08,100527.023035
2010-11-08,100507.436417,-0.000138969917716,-0.000194839327518,0,5.61638544603,0,5.58694098013e-05,37948.4191507,0.377494707444,0.32041580219,0.32041580219,0.64083160438,-1.38777878078e-16,-1.38777878078e-16,0.08,100507.436417
2010-11-09,100411.259663,-0.000939354790707,-0.000956911820964,0,1.76461210223,0,1.7557030257e-05,35706.5444645,0.355262712267,0.297227777592,0.297227777592,0.594455555184,1.52655665886e-16,1.11022302463e-16,0.08,100411.259663
2010-11-10,100164.456273,-0.00244163898908,-0.00245792544265,0,1.63534331808,0,1.62864535667e-05,26162.661056,0.260555052728,0.254494326538,0.254494326538,0.508988653076,-9.02056207508e-17,-1.94289029309e-16,0.08,100164.456273
2010-11-11,100164.572828,1.51085259673e-05,1.16363136238e-06,0,1.39678278588,0,1.39448946048e-05,23449.4752077,0.234109743916,0.251151534106,0.251151534106,0.502303068212,-5.96744875736e-16,-5.6898930012e-16,0.08,100164.572828
2010-11-12,100104.013665,-0.000590834902496,-0.000604596630392,0,1.3784375961,0,1.37617278962e-05,23066.0305005,0.230281324517,0.212367225795,0.212367225795,0.42473445159,3.12250225676e-17,6.24500451352e-17,0.08,100104.013665
2010-11-15,100173.415798,0.000728209890059,0.000693300209107,0,3.4945991791,0,3.49096809526e-05,28769.0468665,0.28739154219,0.240986035248,0.240986035248,0.481972070496,-6.93889390391e-17,-9.54097911787e-17,0.08,100173.415798
2010-11-16,100304.424757,0.00132102632937,0.00130782161511,0,1.32276133208,0,1.32047142602e-05,50780.5158065,0.506926068177,0.376197999981,0.376197999981,0.752395999962,0,-7.6327832943e-17,0.08,100304.424757
2010-11-17,100091.60043,-0.002101170441,-0.00212178403004,0,2.06763419083,0,2.06135890401e-05,55916.4460251,0.557467391501,0.237754949279,0.237754949279,0.475509898558,-2.35922392733e-16,-2.91433543964e-16,0.08,100091.60043
2010-11-18,100337.669941,0.00247147083634,0.00245844316788,0,1.3039601854,0,1.30276684536e-05,38343.5098319,0.383084191552,0.274036795829,0.274036795829,0.548073591658,6.93889390391e-17,-1.38777878078e-17,0.08,100337.669941
2010-11-19,100177.95697,-0.00157673911634,-0.00159175483118,0,1.50664183954,0,1.501571484e-05,40527.446743,0.403910582802,0.359517569979,0.359517569979,0.719035139957,2.42861286637e-16,1.80411241502e-16,0.08,100177.95697
2010-11-22,100252.403381,0.000802240413006,0.000743141634379,0,5.92039490226,0,5.90987786266e-05,37378.9299215,0.373125296741,0.357864811443,0.357864811443,0.715729622886,5.55111512313e-17,-5.55111512313e-17,0.08,100252.403381
2010-11-23,100127.477116,-0.00122650837678,-0.00124611740755,0,1.96585246206,0,1.9609030764e-05,45769.1283716,0.456538963935,0.425587206841,0.425587206841,0.851174413682,3.33066907388e-16,2.70616862252e-16,0.08,100127.477116
2010-11-24,99793.3157389,-0.00331403955553,-0.00333735940248,0,2.33495744186,0,2.33198469502e-05,39147.5721696,0.39097731509,0.452750415407,0.452750415407,0.905500830815,4.37150315946e-16,4.4408920985e-16,0.08,99793.3157389
2010-11-26,99789.473195,1.11114607781e-05,-3.85050231023e-05,0,4.95139344172,0,4.96164838803e-05,42826.71444,0.429154138461,0.337810329262,0.337810329262,0.675620658524,1.52655665886e-16,1.80411241502e-16,0.08,99789.473195
2010-11-29,99935.7020674,0.00152090419412,0.00146537372903,0,5.54135585702,0,5.55304650842e-05,52478.7976389,0.525895126597,0.451318348233,0.451318348233,0.902636696467,1.11022302463e-16,2.11636264069e-16,0.08,99935.7020674
2010-11-30,99602.9180568,-0.00330525144289,-0.0033299812154,0,2.47138717735,0,2.47297725059e-05,49293.7100615,0.493254252902,0.292802848554,0.292802848554,0.585605697108,-9.02056207508e-17,-1.56125112838e-17,0.08,99602.9180568
2010-12-01,99573.8820333,-0.0002754738073,-0.000291517799002,0,1.59802839076,0,1.60439917016e-05,44694.1624971,0.448723424665,0.365358442919,0.365358442919,0.730716885837,-1.73472347598e-16,-9.97465998687e-17,0.08,99573.8820333
2010-12-02,99725.5665917,0.00154335643616,0.00152333679545,0,1.99343334219,0,2.00196407079e-05,57466.0232999,0.577119442633,0.37652357408,0.37652357408,0.753047148159,-5.55111512313e-17,-5.89805981832e-17,0.08,99725.5665917
2010-12-03,99807.810286,0.000845331624915,0.000824700196198,0,2.05748091837,0,2.06314287167e-05,47871.0352632,0.480027709035,0.326450417246,0.326450417246,0.652900834493,-8.32667268469e-17,-6.93889390391e-17,0.08,99807.810286
2010-12-06,99899.8857317,0.000976190542103,0.000922527459816,0,5.35599473627,0,5.36630822871e-05,27390.168603,0.274429110553,0.318111148578,0.318111148578,0.636222297156,-2.91433543964e-16,-3.33066907388e-16,0.08,99899.8857317
2010-12-07,99838.6914284,-0.000595125541429,-0.000612556289296,0,1.74132972016,0,1.74307478673e-05,39599.450703,0.396391351331,0.283294118011,0.283294118011,0.566588236022,-3.33066907388e-16,-3.74700270811e-16,0.08,99838.6914284
2010-12-08,100099.142328,0.00262424004225,0.00260871707688,0,1.54979254968,0,1.55229653705e-05,36420.2523259,0.364790962349,0.255438207006,0.255438207006,0.510876414011,-8.32667268469e-17,-1.66533453694e-16,0.08,100099.142328
2010-12-09,100258.417023,0.00160516604217,0.00159116942809,0,1.40104906515,0,1.39966140825e-05,40187.724259,0.401479206759,0.306507155151,0.306507155151,0.613014310302,-3.88578058619e-16,-4.64905891562e-16,0.08,100258.417023
2010-12-10,100156.766478,-0.000997090479438,-0.00101388539205,0,1.68383135242,0,1.6794912611e-05,59532.9428737,0.593794961476,0.335153086828,0.335153086828,0.670306173655,-3.88578058619e-16,-4.02455846427e-16,0.08,100156.766478
2010-12-13,99914.8193936,-0.00236059020621,-0.00241568386432,0,5.51800264962,0,5.50936581087e-05,25411.193126,0.253714192455,0.357361097797,0.357361097797,0.714722195594,-6.93889390391e-17,-9.71445146547e-17,0.08,99914.8193936
2010-12-14,99880.3261703,-0.000325644868439,-0.000345226298455,0,1.95647504354,0,1.95814300163e-05,31729.8423452,0.317568930593,0.336396694159,0.336396694159,0.672793388319,-6.24500451352e-17,-5.55111512313e-17,0.08,99880.3261703
2010-12-15,99681.4603231,-0.00197260853243,-0.001991041228,0,1.84106364577,0,1.84326955704e-05,32916.0831546,0.329555222902,0.23297801298,0.23297801298,0.465956025959,-1.80411241502e-16,-1.80411241502e-16,0.08,99681.4603231
2010-12-16,99677.9605785,-2.23433643935e-05,-3.51092829131e-05,0,1.27252540038,0,1.27659185194e-05,33355.1723072,0.334617612935,0.304216999581,0.304216999581,0.608433999162,4.16333634234e-17,4.16333634234e-17,0.08,99677.9605785
2010-12-17,99577.875532,-0.000987414586622,-0.00100408401126,0,1.66157425159,0,1.66694246346e-05,29317.4326458,0.294121513679,0.351309340707,0.351309340707,0.702618681414,1.80411241502e-16,1.66533453694e-16,0.08,99577.875532
2010-12-20,99544.1852889,-0.000280581126842,-0.000338330607506,0,5.75057059761,0,5.77494806642e-05,34735.5765303,0.348828254718,0.308534175357,0.308534175357,0.617068350714,1.2490009027e-16,1.38777878078e-16,0.08,99544.1852889
2010-12-21,99825.2976904,0.00284090218778,0.00282399620557,0,1.68289222574,0,1.69059822113e-05,26922.0827632,0.270453594905,0.302163071726,0.302163071726,0.604326143452,-6.93889390391e-18,2.77555756156e-17,0.08,99825.2976904
2010-12-22,100066.327002,0.00243106820306,0.00241451132241,0,1.65279553896,0,1.65568806425e-05,49779.1783223,0.498662958929,0.26065074646,0.26065074646,0.52130149292,-2.15105711021e-16,-2.42861286637e-16,0.08,100066.327002
2010-12-23,100100.998915,0.000360771548726,0.000346489316043,0,1.42917056595,0,1.42822326827e-05,47981.6760934,0.479498723806,0.342547105396,0.342547105396,0.685094210793,-3.64291929955e-16,-4.02455846427e-16,0.08,100100.998915
2010-12-27,100131.859947,0.000383377757513,0.000308298939892,0,7.51546464124,0,7.50788176211e-05,38750.9392184,0.387118406793,0.368046382937,0.368046382937,0.736092765874,1.52655665886e-16,1.45716771982e-16,0.08,100131.859947
2010-12-28,100040.648655,-0.000890744865524,-0.000910911790616,0,2.01935171892,0,2.01669250924e-05,50237.4616624,0.501713058052,0.397626211205,0.397626211205,0.795252422409,-4.4408920985e-16,-3.60822483003e-16,0.08,100040.648655
2010-12-29,100136.718192,0.00098209275159,0.00096030501399,0,2.17965940226,0,2.17877376003e-05,48167.926105,0.481483544465,0.450302039998,0.450302039998,0.900604079995,-4.4408920985e-16,-3.88578058619e-16,0.08,100136.718192
2010-12-30,100008.970818,-0.00125105550264,-0.00127572958702,0,2.47078183454,0,2.46740843834e-05,55545.9365299,0.554700988139,0.334601346586,0.334601346586,0.669202693173,-2.91433543964e-16,-3.46944695195e-16,0.08,100008.970818
2010-12-31,100048.953272,0.000418122997999,0.000399788677638,0,1.83359650993,0,1.83343203609e-05,33238.7163819,0.332357348648,0.335914184975,0.335914184975,0.671828369951,5.55111512313e-17,0,0.08,100048.953272
2011-01-03,100186.101192,0.001426026919,0.00137080814887,0,5.52458015275,0,5.52187701329e-05,47213.127442,0.471900263801,0.358865186254,0.358865186254,0.717730372508,-3.05311331772e-16,-2.42861286637e-16,0.08,100186.101192
2011-01-04,100209.093388,0.00024915870729,0.000229494861468,0,1.97004404736,0,1.96638458221e-05,82025.9652583,0.818735975173,0.457407424016,0.457407424016,0.914814848032,-8.32667268469e-17,-1.31838984174e-16,0.08,100209.093388
2011-01-05,100250.95399,0.000442795988938,0.000417732568444,0,2.5115826449,0,2.5063420494e-05,61189.0309574,0.610613557003,0.390387194303,0.390387194303,0.780774388607,-2.08166817117e-16,-2.11636264069e-16,0.08,100250.95399
2011-01-06,99920.732451,-0.00327255800904,-0.00329394908818,0,2.14447609064,0,2.13910791399e-05,35482.5647504,0.35393742741,0.391202914825,0.391202914825,0.782405829649,-8.32667268469e-17,-1.30104260698e-16,0.08,99920.732451
2011-01-07,100128.787871,0.00210364048966,0.0020822047135,0,2.14187845404,0,2.14357761548e-05,31781.369449,0.318065817468,0.42224900429,0.42224900429,0.844498008579,-1.11022302463e-16,-5.55111512313e-17,0.08,100128.787871
2011-01-10,100129.845859,7.9977068948e-05,1.05662737222e-05,0,6.95001879112,0,6.94107952257e-05,32919.0615827,0.328767203544,0.345569659901,0.345569659901,0.691139319802,-1.38777878078e-16,-8.32667268469e-17,0.08,100129.845859
2011-01-11,100220.808355,0.000927380699837,0.000908445376007,0,1.89599105641,0,1.89353238302e-05,32555.9172123,0.325136995197,0.363068071784,0.363068071784,0.726136143569,-3.05311331772e-16,-2.08166817117e-16,0.08,100220.808355
2011-01-12,100201.212081,-0.00017563684674,-0.00019553098766,0,1.9938068845,0,1.98941409197e-05,46738.8835338,0.466359075536,0.271638804413,0.271638804413,0.543277608826,-1.38777878078e-17,1.38777878078e-17,0.08,100201.212081
2011-01-13,100361.383429,0.00161338142535,0.0015984971073,0,1.49142670961,0,1.488431805e-05,36350.5394136,0.362775446111,0.307886411127,0.307886411127,0.615772822255,-2.49800180541e-16,-2.08166817117e-16,0.08,100361.383429
2011-01-14,100228.622121,-0.00130596209479,-0.00132283258307,0,1.693145543,0,1.6870488281e-05,53789.67171,0.535959847028,0.24715173234,0.24715173234,0.494303464679,-4.16333634234e-16,-3.46944695195e-16,0.08,100228.622121
2011-01-18,100154.447653,-0.000685882514934,-0.000740052757638,0,5.42940878622,0,5.41702427046e-05,26001.0037947,0.259416953407,0.20351850561,0.20351850561,0.407037011221,-2.08166817117e-16,-2.08166817117e-16,0.08,100154.447653
2011-01-19,100175.451049,0.000220861767417,0.00020971006848,0,1.11689224748,0,1.11516989376e-05,21699.9937906,0.216665303431,0.207456472964,0.207456472964,0.414912945929,-6.93889390391e-17,-9.71445146547e-17,0.08,100175.451049
2011-01-20,100227.845735,0.000534396681034,0.000523029203063,0,1.13874223299,0,1.13674779706e-05,28140.6276584,0.280913411058,0.218092369498,0.218092369498,0.436184738997,0,-5.20417042793e-17,0.08,100227.845735
2011-01-21,100102.650007,-0.00123716096825,-0.00124911123508,0,1.19774949951,0,1.19502668218e-05,30021.350175,0.299531033066,0.271308640262,0.271308640262,0.542617280524,4.16333634234e-17,0,0.08,100102.650007
2011-01-24,100121.049845,0.000228408385701,0.00018380970511,0,4.46444611397,0,4.4598680591e-05,40512.4619103,0.404709185097,0.335269656951,0.335269656951,0.670539313902,9.71445146547e-17,-5.55111512313e-17,0.08,100121.049845
2011-01-25,99717.1972042,-0.0040152727519,-0.00403364369201,0,1.83931781015,0,1.83709401069e-05,31452.4491684,0.314144220591,0.239671413304,0.239671413304,0.479342826608,9.71445146547e-17,6.93889390391e-17,0.08,99717.1972042
2011-01-26,99803.3335544,0.000876939050605,0.000863806370424,0,1.30955405943,0,1.3132680181e-05,17867.7149999,0.179183887042,0.230239862292,0.230239862292,0.460479724584,-4.16333634234e-17,-4.16333634234e-17,0.08,99803.3335544
2011-01-27,99821.6325042,0.00019596596923,0.000183350086364,0,1.25910716569,0,1.26158828653e-05,35812.4445241,0.35883014373,0.240723121975,0.240723121975,0.48144624395,0,0,0.08,99821.6325042
2011-01-28,99900.65775,0.000804854838298,0.000791664530244,0,1.31667808313,0,1.31903080534e-05,24120.3017031,0.24163401357,0.240728090188,0.240728090188,0.481456180375,2.77555756156e-17,7.6327832943e-17,0.08,99900.65775
2011-01-31,99786.7377088,-0.00110076150418,-0.00114033324504,0,3.9532429395,0,3.95717408527e-05,33532.2675512,0.335656123857,0.264617519555,0.264617519555,0.529235039109,-1.38777878078e-16,-1.38777878078e-16,0.08,99786.7377088
2011-02-01,100014.628682,0.00229827975996,0.00228378016985,0,1.44686679545,0,1.44995901126e-05,29162.3174139,0.292246425562,0.330100749547,0.330100749547,0.660201499094,-5.55111512313e-17,-2.77555756156e-17,0.08,100014.628682
2011-02-02,99968.2173709,-0.000445957510332,-0.000464045222636,0,1.80903582978,0,1.80877123039e-05,40049.1569635,0.400432991568,0.259897845714,0.259897845714,0.519795691428,-4.4408920985e-16,-3.88578058619e-16,0.08,99968.2173709
2011-02-03,99891.9542158,-0.000748633034807,-0.000762874012655,0,1.42364516902,0,1.42409778473e-05,27112.0307221,0.271206503778,0.290663390776,0.290663390776,0.581326781553,-4.85722573274e-17,-1.38777878078e-16,0.08,99891.9542158
2011-02-04,99961.3971858,0.000711107575188,0.000695180814049,0,1.59095529445,0,1.59267611384e-05,31743.3560593,0.317776905143,0.336198719876,0.336198719876,0.672397439751,-2.77555756156e-16,-2.63677968348e-16,0.08,99961.3971858
2011-02-07,100064.318272,0.0010848738588,0.0010296083158,0,5.52442089384,0,5.52655429933e-05,31211.2799446,0.312233330299,0.269440353642,0.269440353642,0.538880707284,-1.94289029309e-16,-1.87350135405e-16,0.08,100064.318272
2011-02-08,100199.204616,0.00136276028647,0.00134799643147,0,1.47733508504,0,1.47638549941e-05,30360.8684174,0.303413533833,0.336473631188,0.336473631188,0.672947262376,-2.35922392733e-16,-1.73472347598e-16,0.08,100199.204616
2011-02-09,100223.69927,0.00026289647571,0.000244459564412,0,1.84736384763,0,1.8436911298e-05,73328.2955171,0.731825125742,0.452224614127,0.452224614127,0.904449228255,-4.16333634234e-17,3.46944695195e-17,0.08,100223.69927
2011-02-10,100408.680161,0.00187045957227,0.00184568014136,0,2.4834862317,0,2.47794309111e-05,61103.7653975,0.609673818098,0.309666206454,0.309666206454,0.619332412908,3.12250225676e-17,1.28369537222e-16,0.08,100408.680161
2011-02-11,100323.021323,-0.000836133914801,-0.000853101926114,0,1.70373562085,0,1.69680113126e-05,51113.4583977,0.509054180533,0.248722534425,0.248722534425,0.497445068851,6.24500451352e-17,5.20417042793e-17,0.08,100323.021323
2011-02-14,100496.908001,0.00177415385863,0.00173326796256,0,4.10179662321,0,4.08858960699e-05,46559.7763138,0.46409862562,0.335808891003,0.335808891003,0.671617782006,-1.11022302463e-16,-2.77555756156e-17,0.08,100496.908001
2011-02-15,100461.727058,-0.000331669416068,-0.000350069903246,0,1.84919206713,0,1.84004871783e-05,62465.3572976,0.621564966922,0.333323424714,0.333323424714,0.666646849427,-1.66533453694e-16,-1.73472347598e-16,0.08,100461.727058
2011-02-16,100205.829201,-0.00252895308738,-0.00254721738463,0,1.8348628447,0,1.82642972446e-05,38850.5990581,0.386720397864,0.338560146745,0.338560146745,0.67712029349,-9.71445146547e-17,-4.16333634234e-17,0.08,100205.829201
2011-02-17,100071.786682,-0.00131912062735,-0.00133767186827,0,1.85894247885,0,1.85512409175e-05,39277.4497877,0.391967713864,0.261976984192,0.261976984192,0.523953968384,-9.02056207508e-17,-4.51028103754e-17,0.08,100071.786682
2011-02-18,99834.0348262,-0.00236145813759,-0.00237581304083,0,1.43652081521,0,1.43549032434e-05,29430.0681072,0.294089563932,0.179043646213,0.179043646213,0.358087292427,-9.02056207508e-17,-1.35308431126e-16,0.08,99834.0348262
2011-02-22,99578.5253514,-0.00252009992161,-0.00255934236462,0,3.91773142169,0,3.92424430057e-05,27824.8691165,0.278711254783,0.234845525553,0.234845525553,0.469691051106,0,-6.93889390391e-17,0.08,99578.5253514
2011-02-23,99294.7358723,-0.00283703817586,-0.00284990642383,0,1.28140115726,0,1.28682479755e-05,21896.7381188,0.219894179408,0.269111916241,0.269111916241,0.538223832483,2.77555756156e-17,-1.2490009027e-16,0.08,99294.7358723
2011-02-24,99624.4803383,0.00333561139165,0.00332086553323,0,1.46418611744,0,1.47458584242e-05,21810.1392279,0.219650508522,0.244415098802,0.244415098802,0.488830197603,1.38777878078e-16,1.17961196366e-16,0.08,99624.4803383
2011-02-25,99888.4056128,0.00266259362368,0.00264920101553,0,1.33423162767,0,1.33926081535e-05,19308.922554,0.193817046658,0.197801954244,0.197801954244,0.395603908488,1.80411241502e-16,1.94289029309e-16,0.08,99888.4056128
2011-02-28,99865.5226339,-0.000196570045702,-0.000229085435441,0,3.24791043888,0,3.25153897388e-05,21176.0306017,0.211996882639,0.150987400753,0.150987400753,0.301974801506,0,-6.93889390391e-18,0.08,99865.5226339
2011-03-01,99837.2962695,-0.000274370453588,-0.000282643735821,0,0.826215654101,0,8.27328223304e-06,24313.2458799,0.243459857202,0.185330252374,0.185330252374,0.370660504747,4.16333634234e-17,8.15320033709e-17,0.08,99837.2962695
2011-03-02,99746.2438323,-0.000901853161687,-0.000912008244009,0,1.01385596241,0,1.01550823218e-05,41375.3329991,0.414427619187,0.343004384971,0.343004384971,0.686008769941,2.63677968348e-16,3.46944695195e-16,0.08,99746.2438323
2011-03-03,99877.742974,0.00133713153875,0.00131833677793,0,1.87470679555,0,1.87947608203e-05,51070.3498712,0.512002737237,0.365442371475,0.365442371475,0.73088474295,1.11022302463e-16,1.52655665886e-16,0.08,99877.742974
2011-03-04,99772.0301002,-0.00103839849424,-0.00105842273377,0,1.99997584931,0,2.00242395329e-05,46888.8103486,0.469462053831,0.28100291303,0.28100291303,0.562005826061,2.77555756156e-17,1.07552855511e-16,0.08,99772.0301002
2011-03-07,99747.9575712,-0.000195083065327,-0.000241275325003,0,4.60869552282,0,4.61922596762e-05,52262.6001507,0.523820153786,0.460944906131,0.460944906131,0.921889812263,3.05311331772e-16,4.12864187282e-16,0.08,99747.9575712
2011-03-08,100021.550108,0.00276809574401,0.00274283848888,0,2.51935961312,0,2.52572551305e-05,55412.1621436,0.555521772002,0.478793212591,0.478793212591,0.957586425182,8.32667268469e-17,1.2490009027e-16,0.08,100021.550108
2011-03-09,99847.8358864,-0.00171053270077,-0.0017367679453,0,2.62408982492,0,2.62352445255e-05,62910.9068864,0.628973524388,0.35046778611,0.35046778611,0.700935572221,-8.32667268469e-17,-8.32667268469e-17,0.08,99847.8358864
2011-03-10,98602.9462617,-0.0124486641525,-0.0124678678669,0,1.91744931458,0,1.92037143074e-05,41139.5650429,0.412022600967,0.37606088199,0.37606088199,0.75212176398,-1.11022302463e-16,-1.31838984174e-16,0.08,98602.9462617
2011-03-11,99221.8883856,0.00629772199646,0.00627711592074,0,2.03181977743,0,2.06060757255e-05,37370.6722542,0.379001578259,0.217965880726,0.217965880726,0.435931761453,2.77555756156e-17,3.46944695195e-17,0.08,99221.8883856
2011-03-14,99464.7535417,0.00248352738698,0.00244769737919,0,3.55512103386,0,3.58300077906e-05,24817.8225167,0.250124472739,0.293342526824,0.293342526824,0.586685053648,0,0,0.08,99464.7535417
2011-03-15,99492.2016827,0.000292032030457,0.000275958467344,0,1.59875299364,0,1.60735631136e-05,27495.7024861,0.276436642198,0.342588245022,0.342588245022,0.685176490043,-2.22044604925e-16,-2.35922392733e-16,0.08,99492.2016827
2011-03-16,99568.7041632,0.000787701374679,0.000768929416048,0,1.86766349413,0,1.87719586313e-05,44173.7588103,0.443992172886,0.275051085152,0.275051085152,0.550102170303,-2.77555756156e-17,-2.08166817117e-17,0.08,99568.7041632
2011-03-17,99862.916434,0.00296993821797,0.00295486692564,0,1.50062904807,0,1.50712923371e-05,34894.2182116,0.350453674222,0.301279777633,0.301279777633,0.602559555266,-1.17961196366e-16,-1.66533453694e-16,0.08,99862.916434
2011-03-18,100018.997144,0.00157945813281,0.00156294965184,0,1.64858505518,0,1.65084809662e-05,55353.1203311,0.554291045242,0.289176991298,0.289176991298,0.578353982596,-2.77555756156e-16,-2.77555756156e-16,0.08,100018.997144
2011-03-21,99800.4738379,-0.00213728206807,-0.00218481801184,0,4.75449742469,0,4.7535943775e-05,33559.9670309,0.335535928064,0.232022213044,0.232022213044,0.464044426088,-1.87350135405e-16,-2.49800180541e-16,0.08,99800.4738379
2011-03-22,99810.8616133,0.000116798976696,0.000104085430776,0,1.268817907,0,1.27135459202e-05,23526.2140156,0.235732488143,0.198784606999,0.198784606999,0.397569213997,-1.11022302463e-16,-1.38777878078e-16,0.08,99810.8616133
2011-03-23,99783.0155209,-0.000268096291048,-0.000278988598281,0,1.08717056986,0,1.08923072328e-05,25620.4555563,0.256690054991,0.266391149656,0.266391149656,0.532782299311,4.16333634234e-17,5.55111512313e-17,0.08,99783.0155209
2011-03-24,100009.295995,0.00228232212602,0.0022677253507,0,1.45651025867,0,1.45967753236e-05,41580.5485989,0.416709681321,0.28801347179,0.28801347179,0.576026943579,4.16333634234e-17,4.51028103754e-17,0.08,100009.295995
2011-03-25,99761.130588,-0.00246564183407,-0.00248142339416,0,1.57830271511,0,1.57815600981e-05,57078.1997406,0.570728942474,0.392441567604,0.392441567604,0.784883135208,3.33066907388e-16,3.13984949152e-16,0.08,99761.130588
2011-03-28,100082.970747,0.00329061871251,0.00322610776989,0,6.43568457105,0,6.45109426198e-05,51716.3945753,0.51840225016,0.439103018192,0.439103018192,0.878206036384,1.66533453694e-16,2.22044604925e-16,0.08,100082.970747
2011-03-29,99968.467567,-0.00112002210204,-0.00114408254139,0,2.40804024791,0,2.4060439353e-05,52750.873993,0.527071424834,0.349271640858,0.349271640858,0.698543281716,1.73472347598e-16,2.35922392733e-16,0.08,99968.467567
2011-03-30,100233.072173,0.00266601885315,0.00264688068105,0,1.91321373705,0,1.91381721018e-05,36158.9922631,0.361703976695,0.351318877579,0.351318877579,0.702637755158,4.16333634234e-17,0,0.08,100233.072173
2011-03-31,100008.152826,-0.00222471306308,-0.00224396341253,0,1.92952166641,0,1.92503494564e-05,41604.0517009,0.415073097124,0.347878189201,0.347878189201,0.695756378403,8.32667268469e-17,6.93889390391e-17,0.08,100008.152826
2011-04-01,99811.0563463,-0.00195174230125,-0.00197080411983,0,1.90633726632,0,1.90618185864e-05,46028.0216745,0.46024269396,0.426698092806,0.426698092806,0.853396185611,-2.08166817117e-17,-2.77555756156e-17,0.08,99811.0563463
2011-04-04,99735.3420158,-0.000688434434882,-0.000758576587124,0,7.00096230968,0,7.0142152242e-05,50231.0842969,0.503261724058,0.346313991109,0.346313991109,0.692627982218,5.55111512313e-17,2.77555756156e-17,0.08,99735.3420158
2011-04-05,99794.8199259,0.000615333518273,0.000596357409171,0,1.8925887314,0,1.89761091019e-05,37816.9704616,0.379173216808,0.267556117284,0.267556117284,0.535112234568,9.71445146547e-17,-1.38777878078e-17,0.08,99794.8199259
2011-04-06,99872.5783342,0.000793843419583,0.000779182810417,0,1.46305285175,0,1.46606091663e-05,48321.7201393,0.484210705277,0.270256410773,0.270256410773,0.540512821546,4.2674197509e-16,3.3653635434e-16,0.08,99872.5783342
2011-04-07,99709.951345,-0.0016135361857,-0.00162834475615,0,1.47897011262,0,1.48085704533e-05,32054.5947195,0.320954913292,0.303563890614,0.303563890614,0.607127781228,3.46944695195e-16,2.42861286637e-16,0.08,99709.951345
2011-04-08,99838.2543776,0.00130339620162,0.00128676256377,0,1.6585392199,0,1.66336378419e-05,40221.1970654,0.403381974646,0.37041390654,0.37041390654,0.740827813079,2.63677968348e-16,1.17961196366e-16,0.08,99838.2543776
2011-04-11,99684.4858577,-0.00147928640951,-0.00154017636675,0,6.07914703991,0,6.08899572394e-05,47104.9838889,0.471812975723,0.43408317232,0.43408317232,0.868166344641,8.32667268469e-17,1.47451495458e-17,0.08,99684.4858577
2011-04-12,100325.931052,0.00645853987972,0.00643475450041,0,2.37103330697,0,2.37853793052e-05,36432.146405,0.365474588062,0.428619946382,0.428619946382,0.857239892764,1.11022302463e-16,1.38777878078e-17,0.08,100325.931052
2011-04-13,100348.14485,0.000244902337952,0.000221416313492,0,2.35625727058,0,2.34860244593e-05,71897.7348618,0.716641591143,0.248805101907,0.248805101907,0.497610203814,5.55111512313e-17,9.71445146547e-17,0.08,100348.14485
2011-04-14,100637.468555,0.00289683250024,0.00288319934397,0,1.36806194003,0,1.36331562689e-05,38118.1792662,0.379859331962,0.318710617137,0.318710617137,0.637421234275,3.05311331772e-16,2.63677968348e-16,0.08,100637.468555
2011-04-15,100728.347892,0.000920500386318,0.000903036790859,0,1.75749203892,0,1.74635954596e-05,58194.1329819,0.578255135166,0.339958573284,0.339958573284,0.679917146567,-1.38777878078e-16,-6.59194920871e-17,0.08,100728.347892
2011-04-18,100838.13942,0.00114586006184,0.00108997646075,0,5.6290628118,0,5.58836010877e-05,27885.0146558,0.276833833171,0.268869501451,0.268869501451,0.537739002903,-3.46944695195e-17,-4.16333634234e-17,0.08,100838.13942
2011-04-19,100874.252857,0.000372865296897,0.000358132721475,0,1.48560549441,0,1.4732575422e-05,38998.3691689,0.386742252418,0.283986693173,0.283986693173,0.567973386347,4.4408920985e-16,4.71844785466e-16,0.08,100874.252857
2011-04-20,100911.877147,0.000388543012641,0.000372982097947,0,1.56969564357,0,1.55609146944e-05,55660.7398869,0.551783416585,0.340460704592,0.340460704592,0.680921409184,4.4408920985e-16,4.85722573274e-16,0.08,100911.877147
2011-04-21,100701.983363,-0.00206131567968,-0.00207997106075,0,1.88254952303,0,1.86553810735e-05,37663.7185645,0.373233752351,0.251235332268,0.251235332268,0.502470664536,3.05311331772e-16,3.53883589099e-16,0.08,100701.983363
2011-04-25,100801.272559,0.00104103588838,0.000985970610076,0,5.5451827398,0,5.50652783053e-05,39409.8529702,0.391351308624,0.322908022164,0.322908022164,0.645816044329,1.66533453694e-16,2.22044604925e-16,0.08,100801.272559
2011-04-26,100610.49946,-0.00187487278593,-0.00189256637618,0,1.78353641391,0,1.76935902556e-05,33073.6417883,0.328107383454,0.269146232292,0.269146232292,0.538292464584,8.32667268469e-17,2.35922392733e-16,0.08,100610.49946
2011-04-27,100678.34763,0.000689112448299,0.000674364709543,0,1.48377736212,0,1.47477387557e-05,29063.5825952,0.288872262349,0.301523566675,0.301523566675,0.60304713335,4.16333634234e-17,9.02056207508e-17,0.08,100678.34763
2011-04-28,100737.56856,0.000604740966257,0.000588219126987,0,1.6633914775,0,1.65218392699e-05,38610.4371107,0.383502888351,0.364956792207,0.364956792207,0.729913584415,-1.38777878078e-17,3.81639164715e-17,0.08,100737.56856
2011-04-29,100678.703165,-0.000564346377574,-0.000584344010024,0,2.01451286994,0,1.99976324497e-05,56964.6636633,0.565475864441,0.302733895058,0.302733895058,0.605467790117,0,-2.08166817117e-17,0.08,100678.703165
2011-05-02,100435.859038,-0.00236230599768,-0.00241207047358,0,5.01022289732,0,4.97644759e-05,50952.0453099,0.506085633882,0.353674518685,0.353674518685,0.70734903737,6.93889390391e-17,2.08166817117e-17,0.08,100435.859038
2011-05-03,100274.347585,-0.00158872603231,-0.00160810545799,0,1.94638926597,0,1.93794256814e-05,35336.1692311,0.351828217227,0.387101359381,0.387101359381,0.774202718762,1.38777878078e-16,3.12250225676e-17,0.08,100274.347585
2011-05-04,100443.935174,0.00171244706038,0.00169123602699,0,2.12692253486,0,2.12110333907e-05,44510.963271,0.443891826204,0.322657239105,0.322657239105,0.64531447821,-2.77555756156e-17,-1.47451495458e-17,0.08,100443.935174
2011-05-05,100392.570891,-0.00049369282254,-0.000511372671258,0,1.77583357853,0,1.76798487181e-05,31127.2822427,0.309897080284,0.346207993489,0.346207993489,0.692415986977,2.77555756156e-17,1.00613961607e-16,0.08,100392.570891
2011-05-06,100439.672271,0.000488142274808,0.000469171973795,0,1.90447728928,0,1.89703010131e-05,55636.2269446,0.554186693805,0.430582211403,0.430582211403,0.861164422807,8.32667268469e-17,1.71737624122e-16,0.08,100439.672271
2011-05-09,100652.152413,0.00218628078785,0.00211550015036,0,7.10918403276,0,7.0780637491e-05,48560.2655028,0.483476940979,0.278411044042,0.278411044042,0.556822088084,4.4408920985e-16,4.71844785466e-16,0.08,100652.152413
2011-05-10,100679.05123,0.000282500721903,0.000267245322229,0,1.53548881307,0,1.52553996735e-05,43781.0384198,0.434973692763,0.36734468589,0.36734468589,0.73468937178,3.74700270811e-16,4.4408920985e-16,0.08,100679.05123
2011-05-11,100431.94393,-0.00243427784701,-0.00245440632295,0,2.02651586026,0,2.01284759392e-05,58436.7658,0.580426266298,0.385456537471,0.385456537471,0.770913074942,5.27355936697e-16,4.85722573274e-16,0.08,100431.94393
2011-05-12,100363.459265,-0.000660780311581,-0.000681901217744,0,2.1212136635,0,2.11209061628e-05,63349.6006773,0.630771427877,0.324285779291,0.324285779291,0.648571558583,6.17561557448e-16,5.62050406216e-16,0.08,100363.459265
2011-05-13,100401.966459,0.000401446505774,0.000383677421977,0,1.78336671782,0,1.77690837968e-05,45462.2050791,0.452975668753,0.267604173317,0.267604173317,0.535208346634,2.91433543964e-16,2.76688394418e-16,0.08,100401.966459
2011-05-16,100263.364218,-0.00133648364048,-0.0013804733676,0,4.41665510689,0,4.39897271206e-05,20211.7957052,0.201308763345,0.277390633654,0.277390633654,0.554781267308,9.2287288922e-16,8.91647866652e-16,0.08,100263.364218
2011-05-17,100306.349698,0.000443925173248,0.000428725686472,0,1.5239516785,0,1.51994867756e-05,21959.403661,0.219017223612,0.265689319319,0.265689319319,0.531378638638,2.77555756156e-17,2.25514051877e-17,0.08,100306.349698
2011-05-18,100449.529048,0.00144197892416,0.00142742060529,0,1.46029182326,0,1.45583188668e-05,27062.1508868,0.269794992723,0.271615036959,0.271615036959,0.543230073918,5.82867087928e-16,5.13478148889e-16,0.08,100449.529048
2011-05-19,100606.646669,0.00157902794447,0.00156414492874,0,1.49499192027,0,1.48830157238e-05,39869.2891721,0.396908671946,0.314873494157,0.314873494157,0.629746988314,2.08166817117e-16,2.22044604925e-16,0.08,100606.646669
2011-05-20,100486.794907,-0.00117403735339,-0.00119129069553,0,1.73580089711,0,1.72533421456e-05,58402.5446697,0.580503839489,0.5,0.5,1,1.52655665886e-16,5.55111512313e-17,0.0738309049867,100486.794907
2011-05-23,100502.804709,0.000241514222789,0.000159322441967,0,8.25918862252,0,8.21917808219e-05,47413.0371688,0.471833510189,0.32555538049,0.32555538049,0.651110760979,3.12250225676e-17,5.55111512313e-17,0.08,100502.804709
2011-05-24,100438.349299,-0.000623490815686,-0.000641329466671,0,1.79283445629,0,1.78386509857e-05,43061.4904568,0.428460584573,0.434837932658,0.434837932658,0.869675865315,6.93889390391e-17,1.52655665886e-16,0.08,100438.349299
2011-05-25,100376.921291,-0.000587772400977,-0.000611599137013,0,2.39311803664,0,2.3826736036e-05,59689.1666889,0.594286615677,0.372714222512,0.372714222512,0.745428445025,1.11022302463e-16,1.04083408559e-16,0.08,100376.921291
2011-05-26,100276.801299,-0.000977017653961,-0.000997440351085,0,2.04996746176,0,2.0422697124e-05,50959.1380285,0.507677834438,0.31857841279,0.31857841279,0.637156825579,2.77555756156e-17,5.20417042793e-17,0.08,100276.801299
2011-05-27,100412.305465,0.00136875759022,0.00135130123884,0,1.75046707932,0,1.74563513857e-05,49968.7927844,0.498308603155,0.472478312142,0.472478312142,0.944956624284,-1.38777878078e-16,-3.46944695195e-17,0.08,100412.305465
2011-05-31,100470.427167,0.000682387358736,0.000578830468404,0,10.3983861051,0,0.000103556890333,55609.9086115,0.553815673825,0.395461640628,0.395461640628,0.790923281256,-1.38777878078e-17,2.08166817117e-17,0.08,100470.427167
2011-06-01,100622.198844,0.00153227957447,0.00151061044348,0,2.17710684724,0,2.16691309933e-05,36037.227707,0.358684925736,0.288103442408,0.288103442408,0.576206884815,-7.97972798949e-17,-9.19403442268e-17,0.08,100622.198844
2011-06-02,100703.98129,0.000828553925343,0.000812767435349,0,1.58847133531,0,1.57864899949e-05,40372.4514961,0.401228078496,0.285549164933,0.285549164933,0.571098329867,1.2490009027e-16,1.89084858881e-16,0.08,100703.98129
2011-06-03,100676.464233,-0.000257600431706,-0.000273246961292,0,1.57566782262,0,1.56465295854e-05,32474.890989,0.322478720036,0.223516056608,0.223516056608,0.447032113216,-9.71445146547e-17,-7.1123662515e-17,0.08,100676.464233
2011-06-06,100623.770084,-0.000486658508726,-0.000523400874196,0,3.69909144306,0,3.67423654698e-05,35046.9733197,0.348114860674,0.301995248252,0.301995248252,0.603990496504,-5.55111512313e-17,2.77555756156e-17,0.08,100623.770084
2011-06-07,100798.354681,0.00175157110265,0.00173502341782,0,1.66509043433,0,1.65476848357e-05,33362.5095723,0.331556942703,0.333597646301,0.333597646301,0.667195292602,4.02455846427e-16,4.97431956736e-16,0.08,100798.354681
2011-06-08,100563.132538,-0.00231531177298,-0.00233359109606,0,1.84252569165,0,1.8279323085e-05,40891.9754316,0.405680981212,0.337238946319,0.337238946319,0.674477892637,5.89805981832e-16,5.23886489745e-16,0.08,100563.132538
2011-06-09,100275.205332,-0.00284466989145,-0.00286314873782,0,1.85829067703,0,1.84788463736e-05,34131.821944,0.3394069087,0.356194042295,0.356194042295,0.71238808459,9.71445146547e-17,6.76542155631e-17,0.08,100275.205332
2011-06-10,100551.521891,0.00277509955882,0.00275558207705,0,1.95711949202,0,1.95174817696e-05,42584.4266892,0.424675537169,0.327142055593,0.327142055593,0.654284111186,2.46330733589e-16,1.52655665886e-16,0.08,100551.521891
2011-06-13,100858.635351,0.00310806630369,0.00305428952742,0,5.40733669552,0,5.37767762619e-05,44468.9676021,0.44225056733,0.342425940599,0.342425940599,0.684851881197,1.94289029309e-16,1.80411241502e-16,0.08,100858.635351
2011-06-14,101110.053805,0.00251154371031,0.00249278064507,0,1.89241715494,0,1.87630652383e-05,48963.5700266,0.485467306356,0.421317597524,0.421317597524,0.842635195047,0,3.46944695195e-18,0.08,101110.053805
2011-06-15,100952.796137,-0.00153222598735,-0.0015553118831,0,2.3342161619,0,2.30858957547e-05,52204.4653965,0.516313298548,0.29364115343,0.29364115343,0.587282306861,-8.32667268469e-17,-6.93889390391e-17,0.08,100952.796137
2011-06-16,100844.285456,-0.00105877560978,-0.001074865536,0,1.62432304108,0,1.60899262154e-05,35644.5875188,0.353081726141,0.31059445541,0.31059445541,0.62118891082,-5.55111512313e-17,-5.20417042793e-17,0.08,100844.285456
2011-06-17,100614.183351,-0.00226473763326,-0.00228175650753,0,1.71625621492,0,1.7018874269e-05,52776.2806863,0.523344287163,0.371923875109,0.371923875109,0.743847750218,8.32667268469e-17,5.89805981832e-17,0.08,100614.183351
2011-06-20,100896.529658,0.00286736585305,0.0028062276818,0,6.15136717198,0,6.11381712508e-05,45410.0426296,0.451328442146,0.343111902751,0.343111902751,0.686223805502,1.87350135405e-16,1.04083408559e-17,0.08,100896.529658
2011-06-21,100966.070417,0.000708029111318,0.000689228459112,0,1.89692056284,0,1.88006522055e-05,59448.127565,0.589198932478,0.354844397788,0.354844397788,0.709688795576,3.33066907388e-16,1.52655665886e-16,0.08,100966.070417
2011-06-22,101065.729966,0.00100650331856,0.000987059789912,0,1.96313668243,0,1.94435286459e-05,42043.0381371,0.416407590821,0.400934967187,0.400934967187,0.801869934374,1.11022302463e-16,1.38777878078e-17,0.08,101065.729966
2011-06-23,101090.127873,0.000263375372333,0.000241406333035,0,2.22031699329,0,2.19690392979e-05,35824.9472696,0.354471760921,0.381136853678,0.381136853678,0.762273707356,-6.24500451352e-17,-1.66533453694e-16,0.08,101090.127873
2011-06-24,101006.041349,-0.000810913371453,-0.000831797582614,0,2.11118757673,0,2.08842111604e-05,64903.5349486,0.642036332472,0.356875267224,0.356875267224,0.713750534448,-1.66533453694e-16,-1.66533453694e-16,0.08,101006.041349
2011-06-27,100705.628339,-0.00291554390821,-0.0029742083357,0,5.92546158865,0,5.86644274889e-05,44359.7995639,0.439179666597,0.253574804185,0.253574804185,0.50714960837,-8.32667268469e-17,-5.55111512313e-17,0.08,100705.628339
2011-06-28,100341.483092,-0.00360204288186,-0.00361593739168,0,1.39925534172,0,1.38945098184e-05,32161.9898194,0.319366358663,0.334794274093,0.334794274093,0.669588548187,-1.38777878078e-17,4.51028103754e-17,0.08,100341.483092
2011-06-29,100560.059753,0.00219667288717,0.00217832799544,0,1.84075364346,0,1.83448917311e-05,29125.0733292,0.29025954602,0.373748575407,0.373748575407,0.747497150814,-6.93889390391e-17,0,0.08,100560.059753
2011-06-30,100715.09404,0.00156218775001,0.00154170837602,0,2.05940707264,0,2.04793739949e-05,20573.7318109,0.204591483551,0.408302380092,0.408302380092,0.816604760184,-9.71445146547e-17,-2.08166817117e-17,0.08,100715.09404
2011-07-01,100762.000966,0.000488111527757,0.000465738794601,0,2.2532719237,0,2.23727331557e-05,69922.2994557,0.694258394159,0.414379782733,0.414379782733,0.828759565466,9.71445146547e-17,-6.93889390391e-18,0.08,100762.000966
2011-07-05,100538.735527,-0.00212494723599,-0.00221577020207,0,9.15150379576,0,9.08229660785e-05,47442.7788041,0.470839982823,0.29390233919,0.29390233919,0.58780467838,3.46944695195e-17,1.38777878078e-17,0.08,100538.735527
2011-07-06,100525.022127,-0.000120294935873,-0.000136399173636,0,1.6190997014,0,1.61042377638e-05,42218.8751848,0.419926458827,0.346198273897,0.346198273897,0.692396547795,1.17961196366e-16,1.11022302463e-16,0.08,100525.022127
2011-07-07,100726.340471,0.00202163876135,0.00200266899291,0,1.90693639144,0,1.89697684327e-05,45282.507943,0.45046006442,0.259179768841,0.259179768841,0.518359537683,-1.11022302463e-16,-8.32667268469e-17,0.08,100726.340471
2011-07-08,100592.178537,-0.00131774326073,-0.0013319448919,0,1.43047833642,0,1.42016311694e-05,46331.0399096,0.45996945479,0.312391749544,0.312391749544,0.624783499087,1.94289029309e-16,2.08166817117e-16,0.08,100592.178537
2011-07-11,100482.25863,-0.00104137609347,-0.00109272816189,0,5.16561643455,0,5.13520684182e-05,32641.9276912,0.32449767135,0.365416936403,0.365416936403,0.730833872807,0,1.11022302463e-16,0.08,100482.25863
2011-07-12,100419.032766,-0.000609201310007,-0.000629224155837,0,2.01194077324,0,2.00228458303e-05,35083.4908389,0.34915109709,0.39357875337,0.39357875337,0.78715750674,1.66533453694e-16,2.22044604925e-16,0.08,100419.032766
2011-07-13,100301.44989,-0.00114935625258,-0.00117092221167,0,2.16563275237,0,2.15659590888e-05,37406.7217482,0.372506294054,0.301261598612,0.301261598612,0.602523197224,1.38777878078e-16,1.2490009027e-16,0.08,100301.44989
2011-07-14,100323.500579,0.000236351652528,0.000219844167673,0,1.65572466504,0,1.65074848555e-05,37858.8290174,0.377450466159,0.396755961612,0.396755961612,0.793511923224,2.77555756156e-17,5.55111512313e-17,0.08,100323.500579
2011-07-15,100094.433913,-0.00226154017979,-0.00228328023248,0,2.18103818874,0,2.17400526911e-05,67651.0187171,0.674328729826,0.331518620008,0.331518620008,0.663037240017,3.60822483003e-16,3.88578058619e-16,0.08,100094.433913
2011-07-18,99718.8757485,-0.00369754223793,-0.00375203844944,0,5.45476744133,0,5.44962115082e-05,37784.0635766,0.377484162699,0.409252080732,0.409252080732,0.818504161463,1.94289029309e-16,2.49800180541e-16,0.08,99718.8757485
2011-07-19,99829.1294526,0.00112807004974,0.00110564527819,0,2.23617300758,0,2.24247715469e-05,29548.1875427,0.29631488844,0.288521792149,0.288521792149,0.577043584299,2.77555756156e-16,3.33066907388e-16,0.08,99829.1294526
2011-07-20,99689.6567319,-0.00138130505102,-0.00139711446429,0,1.57823996375,0,1.58094132685e-05,47033.9518288,0.471144565586,0.26280294338,0.26280294338,0.52560588676,4.16333634234e-17,1.11022302463e-16,0.08,99689.6567319
2011-07-21,99794.2034687,0.00106312216755,0.00104872200627,0,1.435547135,0,1.44001612811e-05,27656.1451805,0.27742241359,0.284421975272,0.284421975272,0.568843950544,-1.2490009027e-16,-5.55111512313e-17,0.08,99794.2034687
2011-07-22,99607.8397222,-0.0018518959103,-0.00186748067607,0,1.5552692861,0,1.55847657683e-05,34875.2563685,0.349471764454,0.336699817263,0.336699817263,0.673399634526,-1.2490009027e-16,-1.11022302463e-16,0.08,99607.8397222
2011-07-25,99282.5776851,-0.00321007815923,-0.0032654260744,0,5.51308626287,0,5.53479151666e-05,33225.1717211,0.333559806274,0.286775509108,0.286775509108,0.573551018215,-1.87350135405e-16,-1.38777878078e-16,0.08,99282.5776851
2011-07-26,99143.5365037,-0.00138474529323,-0.00140045901976,0,1.56009927459,0,1.57137265265e-05,22832.3838579,0.229973721375,0.258141634127,0.258141634127,0.516283268255,-1.5959455979e-16,-1.2490009027e-16,0.08,99143.5365037
2011-07-27,99140.6475317,-1.49945400729e-05,-2.91392871484e-05,0,1.40236024801,0,1.41447470755e-05,32067.0725392,0.323440878448,0.245595145432,0.245595145432,0.491190290865,2.77555756156e-17,1.07552855511e-16,0.08,99140.6475317
2011-07-28,99103.3655174,-0.000362594485483,-0.000376051753726,0,1.33416228761,0,1.34572682429e-05,26268.7255952,0.264964232625,0.232926877407,0.232926877407,0.465853754814,-5.55111512313e-17,-4.16333634234e-17,0.08,99103.3655174
2011-07-29,99229.1501371,0.00128198963659,0.00126922652002,0,1.2648678066,0,1.27631165702e-05,38820.4932486,0.391717204012,0.31643318255,0.31643318255,0.6328663651,3.81639164715e-17,5.89805981832e-17,0.08,99229.1501371
2011-08-01,99011.8697078,-0.00213766705141,-0.00218968346498,0,5.16154451172,0,5.20164135699e-05,42249.0057297,0.425772121108,0.303882724923,0.303882724923,0.607765449846,-2.08166817117e-17,0,0.08,99011.8697078
2011-08-02,99137.2584778,0.00128305250459,0.00126640139638,0,1.64865735707,0,1.66511082149e-05,34198.9626211,0.34540265447,0.224607513551,0.224607513551,0.449215027101,-1.04083408559e-17,5.20417042793e-17,0.08,99137.2584778
2011-08-03,98960.8814465,-0.00176681225481,-0.00177911951583,0,1.22010811654,0,1.23072610165e-05,14839.212628,0.149683508056,0.247444334034,0.247444334034,0.494888668068,1.63064006742e-16,1.63064006742e-16,0.08,98960.8814465
2011-08-04,99172.3353272,0.00215030068356,0.00213674208992,0,1.34177037835,0,1.35585936457e-05,23349.8619269,0.235950423901,0.255768794062,0.255768794062,0.511537588125,-6.24500451352e-17,-6.93889390391e-18,0.08,99172.3353272
2011-08-05,99201.4151417,0.000307239794333,0.000293225065891,0,1.38987334855,0,1.40147284418e-05,24601.2942188,0.248066097644,0.239121596258,0.239121596258,0.478243192517,4.16333634234e-17,4.85722573274e-17,0.08,99201.4151417
2011-08-08,99279.7784525,0.000829249120401,0.000789941460742,0,3.89937546408,0,3.93076596589e-05,27704.0076836,0.279270287062,0.260473840186,0.260473840186,0.520947680372,4.6143644461e-16,4.4408920985e-16,0.08,99279.7784525
2011-08-09,99665.1087188,0.00389552884638,0.00388125630719,0,1.41697452857,0,1.42725391883e-05,33108.8412654,0.33349028152,0.287029550539,0.287029550539,0.574059101079,4.99600361081e-16,5.39499001029e-16,0.08,99665.1087188
2011-08-10,99725.755685,0.000624235146916,0.000608507500311,0,1.56749760877,0,1.57276466049e-05,59053.2502277,0.592516789344,0.351784358442,0.351784358442,0.703568716884,8.32667268469e-16,7.66747776382e-16,0.08,99725.755685
2011-08-11,100171.89219,0.0044929095922,0.00447363373694,0,1.92229923199,0,1.92758552571e-05,39162.9962817,0.392706939272,0.312171418928,0.312171418928,0.624342837856,2.42861286637e-16,3.33066907388e-16,0.08,100171.89219
2011-08-12,100154.233224,-0.000159181358405,-0.000176286641633,0,1.71346858749,0,1.71052832289e-05,59147.8017008,0.590463057128,0.365390603566,0.365390603566,0.730781207131,4.4408920985e-16,4.30211422042e-16,0.08,100154.233224
2011-08-15,100208.062521,0.000597528230346,0.000537464021541,0,6.01568477708,0,6.00642088053e-05,39087.6249582,0.390274316923,0.317504270677,0.317504270677,0.635008541355,3.33066907388e-16,3.67761376907e-16,0.08,100208.062521
2011-08-16,100185.155809,-0.000211194010051,-0.000228591504334,0,1.74336919488,0,1.73974942837e-05,43027.8788507,0.429385398424,0.337476994119,0.337476994119,0.674953988237,-1.66533453694e-16,-8.32667268469e-17,0.08,100185.155809
2011-08-17,100222.224225,0.000388490974503,0.000369999084414,0,1.85261288973,0,1.84918900887e-05,41725.9099976,0.416487948347,0.271323588203,0.271323588203,0.542647176406,1.47451495458e-16,1.26634813746e-16,0.08,100222.224225
2011-08-18,100565.974127,0.00344474405166,0.00342987700573,0,1.49000841065,0,1.48670459289e-05,34509.0633059,0.344325458478,0.232630536694,0.232630536694,0.465261073389,-5.55111512313e-17,-5.55111512313e-17,0.08,100565.974127
2011-08-19,100402.461181,-0.00161318025357,-0.00162592713229,0,1.28190227586,0,1.2746878723e-05,42989.4369891,0.427474972149,0.30600430785,0.30600430785,0.612008615701,4.30211422042e-16,4.17634676841e-16,0.08,100402.461181
2011-08-22,100573.169618,0.00175054363301,0.001700241555,0,5.05045243401,0,5.03020780028e-05,40854.7902474,0.406910246689,0.340755360552,0.340755360552,0.681510721104,4.09394740331e-16,3.57353036051e-16,0.08,100573.169618
2011-08-23,101329.175661,0.00753564693546,0.00751697540885,0,1.87785461233,0,1.86715266056e-05,27300.7155986,0.271451279723,0.316017012168,0.316017012168,0.632034024336,9.02056207508e-17,6.93889390391e-17,0.08,101329.175661
2011-08-24,100978.122209,-0.00344716941735,-0.00346448541802,0,1.7546160733,0,1.73160006667e-05,49047.5560058,0.48404179434,0.323214403167,0.323214403167,0.646428806335,1.52655665886e-16,4.16333634234e-17,0.08,100978.122209
2011-08-25,101030.444699,0.000535867067441,0.000518156689186,0,1.78836073988,0,1.77103782557e-05,46834.8718187,0.463812069328,0.403027456838,0.403027456838,0.806054913676,4.16333634234e-16,3.40005801291e-16,0.08,101030.444699
2011-08-26,101396.091972,0.00364126278602,0.00361917908976,0,2.23112565425,0,2.20836962651e-05,57178.1146774,0.565949351682,0.337216411871,0.337216411871,0.674432823742,1.38777878078e-17,-1.38777878078e-17,0.08,101396.091972
2011-08-29,101592.149622,0.00198901475671,0.00193358192188,0,5.62067281847,0,5.54328348281e-05,63208.8223928,0.623385193292,0.282182929152,0.282182929152,0.564365858303,-1.11022302463e-16,0,0.08,101592.149622
2011-08-30,101560.949926,-0.000291645276106,-0.000307107354416,0,1.5708257731,0,1.54620783097e-05,52168.2333203,0.513506540756,0.386590178056,0.386590178056,0.773180356113,-4.19803081186e-16,-3.95516952523e-16,0.08,101560.949926
2011-08-31,101839.284535,0.00276175023288,0.00274056720942,0,2.1513679844,0,2.11830234551e-05,53304.4747515,0.524852069526,0.371554383589,0.371554383589,0.743108767178,-9.71445146547e-17,-2.77555756156e-17,0.08,101839.284535
2011-09-01,101908.971381,0.00070464170485,0.000684282560543,0,2.07336068989,0,2.03591443062e-05,55243.8791256,0.542461382933,0.217033052388,0.217033052388,0.434066104776,-4.4408920985e-16,-4.05925293379e-16,0.08,101908.971381
2011-09-02,101996.602133,0.000871784641916,0.000859892419868,0,1.21192411642,0,1.18922220487e-05,45019.4379692,0.441761283223,0.278632275277,0.278632275277,0.557264550554,5.20417042793e-17,5.55111512313e-17,0.08,101996.602133
2011-09-06,101878.470158,-0.0010971251099,-0.00115819519763,0,6.22894144063,0,6.10700877319e-05,32396.5846575,0.317624155903,0.381510379023,0.381510379023,0.763020758046,6.93889390391e-17,2.77555756156e-17,0.08,101878.470158
2011-09-07,101960.500566,0.000826083704716,0.000805179026414,0,2.12973664463,0,2.09046783026e-05,43846.4800159,0.430380235861,0.357942653811,0.357942653811,0.715885307621,2.91433543964e-16,2.63677968348e-16,0.08,101960.500566
2011-09-08,101328.521468,-0.00617866049056,-0.00619827378666,0,1.99978148802,0,1.96132960992e-05,42234.7342415,0.414226430894,0.341152953421,0.341152953421,0.682305906843,-1.45716771982e-16,-1.31838984174e-16,0.08,101328.521468
2011-09-09,101340.699107,0.000138873092887,0.000120179780371,0,1.89416571861,0,1.86933125162e-05,27049.2778095,0.266946338678,0.35200006499,0.35200006499,0.70400012998,-3.46944695195e-17,-1.38777878078e-17,0.08,101340.699107
2011-09-12,101393.39652,0.000577865486137,0.000520002461755,0,5.86387934333,0,5.7863024382e-05,34090.642248,0.336396359492,0.370792998353,0.370792998353,0.741585996707,0,4.16333634234e-17,0.08,101393.39652
2011-09-13,101236.045422,-0.00153156961995,-0.00155188704452,0,2.06005268543,0,2.03174245673e-05,24216.0447224,0.238832562607,0.33526315229,0.33526315229,0.670526304579,-2.63677968348e-16,-1.87350135405e-16,0.08,101236.045422
2011-09-14,101240.600033,6.33605931553e-05,4.49900094681e-05,0,1.85976524457,0,1.83705836871e-05,43609.7854918,0.430773301249,0.411531907291,0.411531907291,0.823063814582,-3.33066907388e-16,-2.98372437868e-16,0.08,101240.600033
2011-09-15,101238.997565,6.72138243397e-06,-1.58283111162e-05,0,2.28294450557,0,2.25496935502e-05,47245.8684426,0.466669186348,0.399780224384,0.399780224384,0.799560448768,-2.77555756156e-17,0,0.08,101238.997565
2011-09-16,100676.543363,-0.00553380117904,-0.00555570694476,0,2.21771776235,0,2.19057657197e-05,45204.1584952,0.44650934504,0.322352791276,0.322352791276,0.644705582553,-2.77555756156e-17,-2.77555756156e-17,0.08,100676.543363
2011-09-19,100641.351003,-0.000296569184429,-0.000349558684365,0,5.33479968807,0,5.29894999359e-05,32345.2425715,0.321278835079,0.303975416271,0.303975416271,0.607950832542,2.77555756156e-17,1.38777878078e-17,0.08,100641.351003
2011-09-20,100585.640945,-0.000536894186131,-0.000553550373324,0,1.67630118165,0,1.66561871929e-05,36888.851647,0.366537723107,0.360148937441,0.360148937441,0.720297874882,1.38777878078e-16,2.04697370165e-16,0.08,100585.640945
2011-09-21,99796.5178129,-0.00782555193029,-0.00784528611864,0,1.98497598402,0,1.97341883529e-05,36879.833228,0.366651073467,0.342753308529,0.342753308529,0.685506617058,3.05311331772e-16,3.88578058619e-16,0.08,99796.5178129
2011-09-22,99573.017682,-0.00222077740802,-0.00223955841123,0,1.8742787211,0,1.87810032071e-05,33888.9302491,0.339580287887,0.312994196738,0.312994196738,0.625988393475,1.17961196366e-16,1.90819582357e-16,0.08,99573.017682
2011-09-23,99356.6574431,-0.00215572983617,-0.00217288020312,0,1.70771379102,0,1.71503669445e-05,18472.36226,0.185515742016,0.30991526971,0.30991526971,0.61983053942,6.93889390391e-17,1.2490009027e-16,0.08,99356.6574431
2011-09-26,99699.2626925,0.00349918144254,0.00344823646669,0,5.06172251326,0,5.09449758428e-05,24089.1049234,0.242450838658,0.349295507732,0.349295507732,0.698591015465,1.52655665886e-16,2.07733136248e-16,0.08,99699.2626925
2011-09-27,99894.8701095,0.00198111403931,0.00196197455944,0,1.90819203193,0,1.91394798757e-05,40508.3078039,0.406304988722,0.355218987012,0.355218987012,0.710437974023,2.77555756156e-16,2.91433543964e-16,0.08,99894.8701095
2011-09-28,99747.9771497,-0.0014510114533,-0.00147047550739,0,1.94435915441,0,1.94640540828e-05,34487.6908582,0.345239858868,0.270303533292,0.270303533292,0.540607066584,1.2490009027e-16,1.00613961607e-16,0.08,99747.9771497
2011-09-29,99768.5550324,0.000221109899386,0.000206298746877,0,1.47738250204,0,1.48111525091e-05,34078.9051863,0.341650088154,0.298864488375,0.298864488375,0.59772897675,2.77555756156e-16,1.66533453694e-16,0.08,99768.5550324
2011-09-30,99746.33616,-0.000206328024532,-0.000222704160882,0,1.63382346058,0,1.63761363493e-05,60182.9189803,0.60322532446,0.374839973538,0.374839973538,0.749679947077,1.07552855511e-16,-5.55111512313e-17,0.08,99746.33616
2011-10-03,99535.8601668,-0.00204849499541,-0.00211011252531,0,6.14612285043,0,6.16175298967e-05,33631.8033305,0.337173320096,0.334568940312,0.334568940312,0.669137880624,8.32667268469e-17,-8.32667268469e-17,0.08,99535.8601668
2011-10-04,99379.6790713,-0.00155076119911,-0.00156909374379,0,1.82474560323,0,1.83325446746e-05,41595.4641828,0.417894255529,0.420788453221,0.420788453221,0.841576906443,-2.35922392733e-16,-3.46944695195e-16,0.08,99379.6790713
2011-10-05,99512.9546223,0.00136413137727,0.00134107447573,0,2.29138747606,0,2.30569015464e-05,47722.3579141,0.480202374974,0.261010801641,0.261010801641,0.522021603282,4.16333634234e-17,-1.38777878078e-17,0.08,99512.9546223
2011-10-06,99418.5436239,-0.000934428771624,-0.000948730733358,0,1.42323046902,0,1.43019617337e-05,40047.4361608,0.40243439975,0.413058167761,0.413058167761,0.826116335523,-5.55111512313e-17,-8.32667268469e-17,0.08,99418.5436239
2011-10-07,99182.5107359,-0.00235150010558,-0.00237413342984,0,2.25017213539,0,2.26333242609e-05,47894.2799077,0.481743929874,0.357763225911,0.357763225911,0.715526451822,-7.49400541622e-16,-7.87564458093e-16,0.08,99182.5107359
2011-10-10,99195.5765045,0.000190544995065,0.000131734601764,0,5.8329624649,0,5.88103933004e-05,24842.0122946,0.250467669253,0.40974681081,0.40974681081,0.81949362162,5.55111512313e-17,-3.12250225676e-17,0.08,99195.5765045
2011-10-11,99242.8335658,0.000498854790043,0.000476402909999,0,2.22712718461,0,2.24518800444e-05,31521.678378,0.317773024653,0.282056135236,0.282056135236,0.564112270471,-5.55111512313e-17,-1.07552855511e-16,0.08,99242.8335658
2011-10-12,99538.7856217,0.00299755515006,0.00298210001936,0,1.53381096358,0,1.54551306978e-05,29500.2807623,0.297253511436,0.303207128021,0.303207128021,0.606414256043,-1.38777878078e-16,-1.07552855511e-16,0.08,99538.7856217
2011-10-13,99119.2011662,-0.00419867197045,-0.00421528605965,0,1.65374626384,0,1.66140892066e-05,50057.4106592,0.502893523832,0.334079112135,0.334079112135,0.668158224271,-1.73472347598e-17,1.38777878078e-17,0.08,99119.2011662
2011-10-14,98739.5334806,-0.00381210940309,-0.00383041510787,0,1.81444683404,0,1.83057047745e-05,64999.6455039,0.655772491497,0.301887804803,0.301887804803,0.603775609605,1.11022302463e-16,1.87350135405e-16,0.08,98739.5334806
2011-10-17,99073.6887889,0.00343383530825,0.00338420991568,0,4.89998811118,0,4.96253925703e-05,35744.7779065,0.362010804046,0.211464842196,0.211464842196,0.422929684391,1.11022302463e-16,2.08166817117e-16,0.08,99073.6887889
2011-10-18,99312.017832,0.00241716064309,0.00240557352845,0,1.14797818989,0,1.15871146409e-05,32309.1579443,0.32611239512,0.194466389603,0.194466389603,0.388932779207,1.11022302463e-16,2.35922392733e-16,0.08,99312.017832
2011-10-19,99566.9813758,0.00257795368253,0.00256729798994,0,1.05823833162,0,1.0655692581e-05,46745.6857741,0.470695156483,0.293364126662,0.293364126662,0.586728253324,5.55111512313e-17,7.6327832943e-17,0.08,99566.9813758
2011-10-20,99621.5964531,0.000564600739392,0.000548525992726,0,1.60051400195,0,1.60747466664e-05,46868.8905805,0.470727242434,0.306685690566,0.306685690566,0.613371381133,0,-2.77555756156e-17,0.08,99621.5964531
2011-10-21,99624.3288055,4.42320053708e-05,2.74273099972e-05,0,1.67411058102,0,1.68046953735e-05,29803.3349812,0.299165402306,0.302165346891,0.302165346891,0.604330693782,-1.52655665886e-16,-1.87350135405e-16,0.08,99624.3288055
2011-10-24,99930.8138634,0.00312607877249,0.00307640775657,0,4.94844162284,0,4.96710159273e-05,31240.2707779,0.313580740291,0.320699610524,0.320699610524,0.641399221049,-6.93889390391e-18,-1.17961196366e-16,0.08,99930.8138634
2011-10-25,99821.8049206,-0.00107327155915,-0.00109084414055,0,1.75604236084,0,1.75725813986e-05,39692.4083373,0.39719888994,0.28698074977,0.28698074977,0.573961499541,-2.22044604925e-16,-3.20923843056e-16,0.08,99821.8049206
2011-10-26,99649.4161802,-0.00171123979777,-0.00172696477036,0,1.56969514628,0,1.57249725902e-05,48517.7267697,0.486043373071,0.311401986856,0.311401986856,0.622803973713,-8.32667268469e-17,-1.5959455979e-16,0.08,99649.4161802
2011-10-27,100055.785141,0.00409504948901,0.00407798636644,0,1.70033020206,0,1.70631225675e-05,56584.0379172,0.567831103144,0.28770886044,0.28770886044,0.575417720879,-6.93889390391e-18,-1.38777878078e-17,0.08,100055.785141
2011-10-28,100055.997541,1.78876895323e-05,2.12282046719e-06,0,1.57736635196,0,1.57648690652e-05,51067.607466,0.510391352126,0.399461402082,0.399461402082,0.798922804164,-1.38777878078e-17,-7.8062556419e-17,0.08,100055.997541
2011-10-31,100347.512353,0.00297918150948,0.00291351662146,0,6.57016587362,0,6.56648880134e-05,50144.0640077,0.501160002798,0.367492013317,0.367492013317,0.734984026633,-2.22044604925e-16,-2.35922392733e-16,0.08,100347.512353
2011-11-01,100411.104362,0.000653854387818,0.000633717839143,0,2.0206525669,0,2.01365486749e-05,48864.1008861,0.486948801622,0.343309894785,0.343309894785,0.686619789571,0,0,0.08,100411.104362
2011-11-02,100401.779434,-7.40559914523e-05,-9.28674925363e-05,0,1.88888359856,0,1.88115010841e-05,39333.7800597,0.391727392201,0.319336100857,0.319336100857,0.638672201715,-2.77555756156e-17,2.77555756156e-17,0.08,100401.779434
2011-11-03,100190.617437,-0.00208567199773,-0.00210316986627,0,1.75681713774,0,1.74978685401e-05,28085.7851566,0.279733938131,0.34496987974,0.34496987974,0.68993975948,0,-5.55111512313e-17,0.08,100190.617437
2011-11-04,100460.841338,0.00271600032955,0.00269709787039,0,1.89384905471,0,1.89024591638e-05,39480.637764,0.394055239641,0.351143941946,0.351143941946,0.702287883892,4.51028103754e-17,7.6327832943e-17,0.08,100460.841338
2011-11-07,100440.989333,-0.000139887095347,-0.000197609387173,0,5.79883000088,0,5.77222918267e-05,61744.8085123,0.614615681989,0.301382857295,0.301382857295,0.60276571459,8.32667268469e-17,8.32667268469e-17,0.08,100440.989333
2011-11-08,100511.149849,0.000715038866658,0.000698524737491,0,1.65869547149,0,1.65141291669e-05,42069.9078399,0.418851985821,0.333837173636,0.333837173636,0.667674347273,1.38777878078e-17,-3.46944695195e-17,0.08,100511.149849
2011-11-09,100590.931579,0.000812052451431,0.000793760003561,0,1.83859496901,0,1.82924478705e-05,39695.4645142,0.39493593073,0.355822850384,0.355822850384,0.711645700769,8.32667268469e-17,-6.93889390391e-18,0.08,100590.931579
2011-11-10,100409.766973,-0.00178150622027,-0.00180100336276,0,1.96123572588,0,1.94971424868e-05,46160.9360506,0.458897589731,0.383413877028,0.383413877028,0.766827754055,1.38777878078e-16,1.17961196366e-16,0.08,100409.766973
2011-11-11,100374.063097,-0.000334572724763,-0.000355581704327,0,2.10950674228,0,2.10089795632e-05,44850.9775044,0.446679430262,0.293475047555,0.293475047555,0.586950095111,1.5959455979e-16,7.6327832943e-17,0.08,100374.063097
2011-11-14,100388.475833,0.00019183270887,0.0001435902353,0,4.84229308616,0,4.82424735707e-05,38918.1162324,0.387730804468,0.245337139225,0.245337139225,0.49067427845,9.02056207508e-17,2.08166817117e-17,0.08,100388.475833
2011-11-15,100702.73577,0.00314388150923,0.00313043837831,0,1.34953542312,0,1.34431309164e-05,22697.4244556,0.226095916562,0.266365234934,0.266365234934,0.532730469867,5.55111512313e-17,-4.51028103754e-17,0.08,100702.73577
2011-11-16,100664.926401,-0.000360859872307,-0.000375455227645,0,1.46979221216,0,1.45953553388e-05,43975.0774326,0.436682053336,0.242907864579,0.242907864579,0.485815729158,-6.93889390391e-17,-9.71445146547e-17,0.08,100664.926401
2011-11-17,100645.882585,-0.000175870235125,-0.000189180255102,0,1.33985218138,0,1.33100199769e-05,32732.4080715,0.325161992777,0.332827371409,0.332827371409,0.665654742817,2.77555756156e-17,-5.55111512313e-17,0.08,100645.882585
2011-11-18,100567.610954,-0.000759456210581,-0.000777693326823,0,1.83549065994,0,1.82371162416e-05,48734.0648955,0.484213200221,0.40168456548,0.40168456548,0.803369130961,2.77555756156e-16,2.42861286637e-16,0.08,100567.610954
2011-11-21,100807.590053,0.00245227673486,0.00238624639533,0,6.6405134971,0,6.6030339531e-05,39971.0075159,0.397454082251,0.33836498937,0.33836498937,0.676729978741,2.22044604925e-16,2.63677968348e-16,0.08,100807.590053
2011-11-22,100809.399666,3.64917048885e-05,1.79511575256e-05,0,1.8690278979,0,1.85405473628e-05,31979.2335471,0.317230414202,0.269747871708,0.269747871708,0.539495743416,0,2.77555756156e-17,0.08,100809.399666
2011-11-23,100859.761351,0.00051435400855,0.000499573303251,0,1.49003402784,0,1.47807052991e-05,42318.2588977,0.419784851789,0.282560096892,0.282560096892,0.565120193784,1.73472347598e-16,2.08166817117e-16,0.08,100859.761351
2011-11-25,100713.9808,-0.0014144132112,-0.00144537870127,0,3.1231719386,0,3.09654900704e-05,46290.0217861,0.45895430612,0.345852788799,0.345852788799,0.691705577597,1.11022302463e-16,9.71445146547e-17,0.08,100713.9808
2011-11-28,101126.890777,0.00415668030728,0.00409982779405,0,5.72584292558,0,5.68525132272e-05,37221.7727042,0.369579003915,0.381571217278,0.381571217278,0.763142434555,6.93889390391e-17,4.51028103754e-17,0.08,101126.890777
2011-11-29,101233.923575,0.0010793089616,0.00105840094969,0,2.11436223635,0,2.09080119056e-05,56205.7641761,0.555794445414,0.297630358171,0.297630358171,0.595260716342,1.73472347598e-16,1.94289029309e-16,0.08,101233.923575
2011-11-30,100991.020402,-0.00238311615256,-0.00239942466534,0,1.65097473603,0,1.63085127765e-05,55782.2578357,0.551023371079,0.277702875656,0.277702875656,0.555405751312,1.00613961607e-16,1.11022302463e-16,0.08,100991.020402
2011-12-01,100897.885556,-0.00090699257339,-0.000922209169317,0,1.53673954964,0,1.52165959264e-05,58606.265229,0.58031164549,0.316215518266,0.316215518266,0.632431036533,1.17961196366e-16,5.55111512313e-17,0.08,100897.885556
2011-12-02,101222.043203,0.0032300567035,0.00321272982579,0,1.74824532456,0,1.73268777132e-05,37274.0377226,0.369423378073,0.318652270111,0.318652270111,0.637304540222,1.04083408559e-16,5.55111512313e-17,0.08,101222.043203
2011-12-05,101393.280622,0.00174408206838,0.00169170087329,0,5.30213159208,0,5.23811950867e-05,49028.2744874,0.484363612274,0.412180478072,0.412180478072,0.824360956144,-2.77555756156e-17,1.38777878078e-17,0.08,101393.280622
2011-12-06,101301.380774,-0.000883784968037,-0.000906370199712,0,2.28999073315,0,2.25852316752e-05,37744.4841949,0.372258240028,0.35099760154,0.35099760154,0.701995203079,1.11022302463e-16,1.28369537222e-16,0.08,101301.380774
2011-12-07,101524.485403,0.00222161762153,0.00220238487624,0,1.94830365393,0,1.92327452898e-05,49233.7335256,0.486012462512,0.292148347161,0.292148347161,0.584296694323,-1.66533453694e-16,-2.01227923213e-16,0.08,101524.485403
2011-12-08,101659.584282,0.00134671055493,0.00133070242632,0,1.62521701955,0,1.60081286116e-05,65855.3715816,0.648664913892,0.448228725294,0.448228725294,0.896457450587,-1.2490009027e-16,-1.04950770297e-16,0.08,101659.584282
2011-12-09,102046.451362,0.00383007554987,0.00380551507177,0,2.49680799323,0,2.45604780983e-05,60194.3088252,0.592116417262,0.413492371052,0.413492371052,0.826984742105,-2.77555756156e-17,-1.38777878078e-17,0.08,102046.451362
2011-12-12,102033.321799,-6.06912652585e-05,-0.000128662613925,0,6.93623492566,0,6.79713486661e-05,62056.8226659,0.608123279524,0.190579821465,0.190579821465,0.381159642929,1.38777878078e-17,1.73472347598e-17,0.08,102033.321799
2011-12-13,101906.256921,-0.00123488453645,-0.00124532726639,0,1.06550642476,0,1.04427299433e-05,24606.8915643,0.241165250043,0.206046221476,0.206046221476,0.412092442952,1.38777878078e-16,1.5959455979e-16,0.08,101906.256921
2011-12-14,101598.788263,-0.00300588133756,-0.00301717154148,0,1.150542421,0,1.12902039165e-05,22173.1009785,0.217583312826,0.191656354305,0.191656354305,0.38331270861,1.66533453694e-16,1.97758476261e-16,0.08,101598.788263
2011-12-15,101424.516747,-0.00170478956762,-0.00171529128567,0,1.06696182796,0,1.05017180441e-05,29017.5899095,0.285609606234,0.304220368597,0.304220368597,0.608440737193,1.94289029309e-16,2.22044604925e-16,0.08,101424.516747
2011-12-16,101421.471217,-1.33579413154e-05,-3.00275505536e-05,0,1.69070706133,0,1.66696092382e-05,36556.3189327,0.360428820421,0.351445840683,0.351445840683,0.702891681367,8.32667268469e-17,6.93889390391e-18,0.08,101421.471217
2011-12-19,101180.377244,-0.00231937732088,-0.00237714923989,0,5.85931302166,0,5.77719190164e-05,40213.9524412,0.396503343511,0.428661762526,0.428661762526,0.857323525052,1.66533453694e-16,4.33680868994e-17,0.08,101180.377244
2011-12-20,101198.272918,0.00020035733974,0.000176869023985,0,2.37655664889,0,2.34883157548e-05,26525.2508989,0.262158054966,0.391163243238,0.391163243238,0.782326486476,8.32667268469e-17,4.16333634234e-17,0.08,101198.272918
2011-12-21,100031.828938,-0.0115048893928,-0.0115263229952,0,2.16904354218,0,2.14336023692e-05,34514.7277808,0.341060442887,0.358070287713,0.358070287713,0.716140575426,3.05311331772e-16,3.1918911958e-16,0.08,100031.828938
2011-12-22,99870.887444,-0.00158928255264,-0.00160890284238,0,1.96265346675,0,1.96202897377e-05,42835.3274331,0.428216977415,0.203470014529,0.203470014529,0.406940029058,8.32667268469e-17,1.31838984174e-16,0.08,99870.887444
2011-12-23,99908.2268898,0.000385026222638,0.000373877180746,0,1.1134647079,0,1.1149041892e-05,14838.9693963,0.148581531376,0.208848309238,0.208848309238,0.417696618477,-1.73472347598e-17,-1.38777878078e-17,0.08,99908.2268898
2011-12-27,99748.4805517,-0.00155315579779,-0.00159893076968,0,4.57329627725,0,4.57749718879e-05,16003.5089062,0.160182093151,0.168061396846,0.168061396846,0.336122793693,3.46944695195e-17,4.16333634234e-17,0.08,99748.4805517
2011-12-28,99859.752577,0.0011247348618,0.00111552601814,0,0.918568163004,0,9.20884366282e-06,13196.9803303,0.132302569997,0.169620819589,0.169620819589,0.339241639179,-2.94902990916e-17,-5.55111512313e-17,0.08,99859.752577
2011-12-29,99763.5308353,-0.000954274505995,-0.000963568797479,0,0.928125648006,0,9.29429148435e-06,13407.7970263,0.134266275254,0.169980428895,0.169980428895,0.33996085779,0,0,0.08,99763.5308353
2011-12-30,99744.1334447,-0.000185119685791,-0.000194433681895,0,0.929197137505,0,9.31399610383e-06,64552.0570531,0.647050645788,0.413003692797,0.413003692797,0.826007385594,3.12250225676e-17,2.77555756156e-17,0.08,99744.1334447
2012-01-03,99842.9863566,0.00108158627983,0.0009910649225,0,9.02897434466,0,9.05213573254e-05,65022.960612,0.651897594038,0.312554810253,0.312554810253,0.625109620506,2.98372437868e-16,3.46944695195e-16,0.08,99842.9863566
2012-01-04,99671.6086517,-0.00169934585325,-0.00171647214423,0,1.70994003593,0,1.71262909728e-05,79400.818797,0.795256849724,0.296842829716,0.296842829716,0.593685659432,-2.08166817117e-16,-1.66533453694e-16,0.08,99671.6086517
2012-01-05,99638.3004148,-0.000317914426059,-0.000334179786591,0,1.62119464956,0,1.62653605324e-05,38743.7766698,0.388714270733,0.185354626705,0.185354626705,0.37070925341,-1.28369537222e-16,-1.07552855511e-16,0.08,99638.3004148
2012-01-06,99552.6252065,-0.000849705783303,-0.000859862201204,0,1.01196821802,0,1.01564179017e-05,21697.1578428,0.217759212597,0.22103853994,0.22103853994,0.44207707988,-2.22044604925e-16,-7.2858385991e-17,0.08,99552.6252065
2012-01-09,99615.6782633,0.000669699182333,0.000633364079877,0,3.61725483663,0,3.63351024559e-05,17957.5009406,0.180381992975,0.203517686657,0.203517686657,0.407035373313,-1.87350135405e-16,-9.71445146547e-17,0.08,99615.6782633
2012-01-10,99698.0311766,0.000837857999314,0.00082670634525,0,1.11087958328,0,1.11516540634e-05,15954.501354,0.160160545329,0.248731169805,0.248731169805,0.497462339609,-8.67361737988e-17,-7.6327832943e-17,0.08,99698.0311766
2012-01-11,99804.7668886,0.00108421907319,0.00107058996799,0,1.35879495462,0,1.36291051948e-05,29078.0294407,0.291661019756,0.285309314339,0.285309314339,0.570618628678,-3.74700270811e-16,-3.60822483003e-16,0.08,99804.7668886
2012-01-12,99692.4544749,-0.00110968775009,-0.00112532113717,0,1.5602865539,0,1.56333870871e-05,41407.7995288,0.414887994028,0.36801423439,0.36801423439,0.73602846878,1.80411241502e-16,3.26128013484e-16,0.08,99692.4544749
2012-01-13,99663.2972827,-0.000272306241115,-0.000292471404643,0,2.01031464702,0,2.01651635282e-05,45120.7397717,0.452599346755,0.383561855565,0.383561855565,0.767123711129,-2.63677968348e-16,-2.77555756156e-16,0.08,99663.2972827
2012-01-17,99736.3792752,0.000817357281455,0.000733288929551,0,8.37852914793,0,8.40683519046e-05,36943.9357316,0.370687472107,0.293630522553,0.293630522553,0.587261045107,-9.71445146547e-17,-8.32667268469e-17,0.08,99736.3792752
2012-01-18,99645.5256113,-0.000894848717426,-0.000910938061128,0,1.60469288571,0,1.60893437015e-05,31133.7442411,0.312160361819,0.324611417963,0.324611417963,0.649222835926,2.77555756156e-17,0,0.08,99645.5256113
2012-01-19,99679.1412424,0.000355139065228,0.000337352138217,0,1.77238769109,0,1.77869270117e-05,25359.3010714,0.254495130773,0.277880262726,0.277880262726,0.555760525451,-2.77555756156e-17,-1.38777878078e-17,0.08,99679.1412424
2012-01-20,99808.5085974,0.00131306409168,0.00129783777592,0,1.51774607982,0,1.52263157658e-05,67250.3106789,0.674667837631,0.455960589937,0.455960589937,0.911921179874,5.55111512313e-17,5.55111512313e-17,0.08,99808.5085974
2012-01-23,99998.954511,0.00198306543397,0.00190811300822,0,7.48088982917,0,7.4952425743e-05,77427.6816029,0.775762334204,0.358869236909,0.358869236909,0.717738473817,8.32667268469e-17,-1.38777878078e-17,0.08,99998.954511
2012-01-24,99779.75132,-0.00217239075962,-0.0021920548274,0,1.96638621902,0,1.96640677758e-05,47110.9689784,0.471114615236,0.432251574632,0.432251574632,0.864503149263,0,-6.93889390391e-18,0.08,99779.75132
2012-01-25,99631.180558,-0.00146530207714,-0.00148898709493,0,2.3632851849,0,2.3685017788e-05,42557.0668784,0.426510051543,0.357869991624,0.357869991624,0.715739983249,-1.94289029309e-16,-2.49800180541e-16,0.08,99631.180558
2012-01-26,99426.8849144,-0.00203090983419,-0.0020505191488,0,1.95369916448,0,1.96093146096e-05,38409.5133411,0.385516995041,0.415982751875,0.415982751875,0.831965503751,8.32667268469e-17,1.52655665886e-16,0.08,99426.8849144
2012-01-27,99549.8267969,0.00125929899968,0.00123650542424,0,2.26629420258,0,2.27935754452e-05,38022.9751427,0.382421466542,0.379367189186,0.379367189186,0.758734378372,2.77555756156e-17,5.55111512313e-17,0.08,99549.8267969
2012-01-30,99373.8044775,-0.0017058213506,-0.00176818308033,0,6.2080993933,0,6.23617297292e-05,54271.3755343,0.54516795539,0.247633832315,0.247633832315,0.49526766463,-9.02056207508e-17,-2.77555756156e-17,0.08,99373.8044775
2012-01-31,99219.7507402,-0.00153667596065,-0.00155024493777,0,1.3484008786,0,1.35689771132e-05,39523.8839381,0.397729403095,0.338009018202,0.338009018202,0.676018036403,6.24500451352e-17,2.22044604925e-16,0.08,99219.7507402
2012-02-01,99324.7459516,0.00107672982231,0.00105820878022,0,1.83765317994,0,1.85210420932e-05,45080.434903,0.454349406914,0.237414355994,0.237414355994,0.474828711987,6.93889390391e-18,4.85722573274e-17,0.08,99324.7459516
2012-02-02,99319.9984931,-3.47883330453e-05,-4.77973388531e-05,0,1.29211619695,0,1.30090058079e-05,40965.04365,0.412435423394,0.255394859136,0.255394859136,0.510789718272,-1.38777878078e-17,2.77555756156e-17,0.08,99319.9984931
2012-02-03,99551.2337212,0.00234217820662,0.00232818396776,0,1.38990778217,0,1.39942388568e-05,33392.5778844,0.336212025685,0.249100965559,0.249100965559,0.498201931119,1.73472347598e-17,3.46944695195e-17,0.08,99551.2337212
2012-02-06,99678.7034485,0.00132139157511,0.00128044347118,0,4.07643426453,0,4.09481039276e-05,39802.3985523,0.399818234938,0.306916332985,0.306916332985,0.613832665969,4.85722573274e-17,7.6327832943e-17,0.08,99678.7034485
2012-02-07,99844.1264716,0.0016763796809,0.00165956234759,0,1.67632998022,0,1.68173333142e-05,45621.1742435,0.457682259753,0.355070019417,0.355070019417,0.710140038834,-6.93889390391e-17,0,0.08,99844.1264716
2012-02-08,99630.100603,-0.00212414409892,-0.0021435999904,0,1.94255648904,0,1.94558914749e-05,45544.1551554,0.456152572664,0.30342087394,0.30342087394,0.606841747879,-8.32667268469e-17,-5.03069808033e-17,0.08,99630.100603
2012-02-09,99744.410502,0.00116396880534,0.00114734300403,0,1.6564302573,0,1.66258013118e-05,36355.7647174,0.364907437585,0.376898514223,0.376898514223,0.753797028446,-5.55111512313e-17,-2.77555756156e-17,0.08,99744.410502
2012-02-10,99685.2729076,-0.000572239338111,-0.000592891311493,0,2.0599189107,0,2.06519733821e-05,55028.9214203,0.551699299674,0.313949835074,0.313949835074,0.627899670148,2.77555756156e-17,7.6327832943e-17,0.08,99685.2729076
2012-02-13,99408.5939532,-0.00272391668058,-0.00277552487264,0,5.14457671047,0,5.1608192067e-05,29281.7692478,0.293742178696,0.276395639765,0.276395639765,0.552791279529,8.32667268469e-17,2.04697370165e-16,0.08,99408.5939532
2012-02-14,99165.0551363,-0.00243473192253,-0.00244987688909,0,1.50553983144,0,1.51449665624e-05,20846.0902963,0.209701087876,0.296717773017,0.296717773017,0.593435546035,-1.07552855511e-16,1.38777878078e-17,0.08,99165.0551363
2012-02-15,99317.6862972,0.00155542127758,0.00153916276947,0,1.61227585322,0,1.62585081105e-05,14257.7227019,0.143777691469,0.273953439298,0.273953439298,0.547906878596,-1.45716771982e-16,-1.38777878078e-17,0.08,99317.6862972
2012-02-16,99317.1619783,9.73193752186e-06,-5.27920983695e-06,0,1.49087242434,0,1.50111473588e-05,25500.7611217,0.256759516582,0.211148391313,0.211148391313,0.422296782625,-4.16333634234e-17,1.38777878078e-17,0.08,99317.1619783
2012-02-17,99285.8808948,-0.000303391736931,-0.000314961511797,0,1.14907720446,0,1.15697748664e-05,34913.7803968,0.351538240737,0.297689379455,0.297689379455,0.59537875891,-1.38777878078e-17,2.08166817117e-17,0.08,99285.8808948
2012-02-21,99124.3454363,-0.00156172612391,-0.00162697311119,0,6.47810460761,0,6.52469872778e-05,31047.8247926,0.312711379632,0.240645552547,0.240645552547,0.481291105093,0,0,0.08,99124.3454363
2012-02-22,99127.5835003,4.58527450964e-05,3.26666874226e-05,0,1.3070593358,0,1.31860576738e-05,40026.7167616,0.403803087783,0.275375909647,0.275375909647,0.550751819293,4.16333634234e-17,2.08166817117e-17,0.08,99127.5835003
2012-02-23,99072.9296734,-0.000536259231588,-0.000551348322528,0,1.49574512205,0,1.50890909395e-05,29142.062635,0.293985403517,0.164252549937,0.164252549937,0.328505099874,0,6.93889390391e-18,0.08,99072.9296734
2012-02-24,99000.1363437,-0.000725744759446,-0.000734744899169,0,0.891670209784,0,9.00013972256e-06,16173.5808968,0.16324924427,0.175625325493,0.175625325493,0.351250650985,2.77555756156e-17,2.08166817117e-17,0.08,99000.1363437
2012-02-27,98975.5366184,-0.000219611814398,-0.000248481730917,0,2.85812567165,0,2.88699165193e-05,20661.0286208,0.208696971376,0.201998986804,0.201998986804,0.403997973608,0,4.85722573274e-17,0.08,98975.5366184
2012-02-28,98966.6748112,-7.84668913431e-05,-8.95353289763e-05,0,1.09550455426,0,1.10684376331e-05,14679.7159168,0.148316608511,0.174432048834,0.174432048834,0.348864097668,-2.77555756156e-17,1.38777878078e-17,0.08,98966.6748112
2012-02-29,98919.814838,-0.000463934528882,-0.000473492449366,0,0.945915608416,0,9.55792048404e-06,32465.8437117,0.328048242236,0.192862709027,0.192862709027,0.385725418053,1.66533453694e-16,1.66533453694e-16,0.08,98919.814838
2012-03-01,98826.177104,-0.000936034578781,-0.000946602398454,0,1.04536676526,0,1.05678196727e-05,33563.1633735,0.339296665976,0.224955739154,0.224955739154,0.449911478309,1.94289029309e-16,2.77555756156e-16,0.08,98826.177104
2012-03-02,98789.2799101,-0.000361028116983,-0.000373354458854,0,1.21816524483,0,1.23263418715e-05,43419.8414462,0.439355671934,0.34378198358,0.34378198358,0.68756396716,-1.38777878078e-17,5.55111512313e-17,0.08,98789.2799101
2012-03-05,99018.7718796,0.00237955737809,0.0023230452712,0,5.58279034585,0,5.65121068899e-05,42481.776049,0.430024149257,0.242594109289,0.242594109289,0.485188218579,-3.46944695195e-18,5.55111512313e-17,0.08,99018.7718796
2012-03-06,98961.3114725,-0.000567005292208,-0.000580298120114,0,1.31623949409,0,1.32928279063e-05,34987.8514881,0.353345641679,0.252844798508,0.252844798508,0.505689597016,7.6327832943e-17,5.55111512313e-17,0.08,98961.3114725
2012-03-07,98803.2481714,-0.00158336867546,-0.00159722318497,0,1.37106043065,0,1.38545095073e-05,55508.608983,0.560912220716,0.380131135487,0.380131135487,0.760262270974,3.67761376907e-16,3.03576608296e-16,0.08,98803.2481714
2012-03-08,99069.5982531,0.0027165915068,0.00269576240349,0,2.05798306395,0,2.08291033143e-05,56527.2227182,0.572119072646,0.499011306813,0.499011306813,0.998022613626,-2.77555756156e-17,-1.11022302463e-16,0.08,99069.5982531
2012-03-09,98849.1696578,-0.00219764418816,-0.00222498727346,0,2.70886847615,0,2.73430853048e-05,88653.7325358,0.894863147716,0.32784975131,0.32784975131,0.65569950262,1.71737624122e-16,1.66533453694e-16,0.08,98849.1696578
2012-03-12,98990.3671698,0.00148230684817,0.00142841373836,0,5.32728915444,0,5.38931098044e-05,22809.4886792,0.230750432787,0.245135491849,0.245135491849,0.490270983697,1.49186218934e-16,1.80411241502e-16,0.08,98990.3671698
2012-03-13,98762.6269423,-0.00228719811076,-0.00230063019251,0,1.32964670381,0,1.34320817451e-05,28208.5169899,0.28496224225,0.259151457093,0.259151457093,0.518302914186,5.89805981832e-17,6.93889390391e-17,0.08,98762.6269423
2012-03-14,98474.9789169,-0.00289831889972,-0.00291251897956,0,1.40243718786,0,1.42000798407e-05,29267.0323099,0.296337118766,0.26951350528,0.26951350528,0.539027010559,-8.32667268469e-17,-6.24500451352e-17,0.08,98474.9789169
2012-03-15,98419.3464376,-0.000550172387354,-0.000564940250658,0,1.45426502741,0,1.4767863303e-05,26439.9450768,0.268494041508,0.319338189411,0.319338189411,0.638676378822,1.2490009027e-16,1.94289029309e-16,0.08,98419.3464376
2012-03-16,98519.9291707,0.00103947929856,0.00102198131558,0,1.72214004901,0,1.74979829814e-05,33107.6597157,0.336393818025,0.369157399419,0.369157399419,0.738314798838,-5.55111512313e-17,2.77555756156e-17,0.08,98519.9291707
2012-03-19,98588.2444236,0.000754098978024,0.000693415569901,0,5.97852507018,0,6.06834081237e-05,40279.9208876,0.40885048565,0.387878215345,0.387878215345,0.775756430691,-1.38777878078e-16,0,0.08,98588.2444236
2012-03-20,98034.6120888,-0.00559434832019,-0.00561560192103,0,2.09535519458,0,2.12536008408e-05,48385.7196947,0.490785894177,0.363242089059,0.363242089059,0.726484178118,-2.49800180541e-16,-2.77555756156e-17,0.08,98034.6120888
2012-03-21,97840.330552,-0.0019618610566,-0.00198176473271,0,1.95124916686,0,1.99036761128e-05,50046.9040479,0.510502392793,0.414285047314,0.414285047314,0.828570094627,-1.80411241502e-16,-4.16333634234e-17,0.08,97840.330552
2012-03-22,97624.5027828,-0.00218321768366,-0.0022059182342,0,2.22102936832,0,2.27005505377e-05,42450.782451,0.433878158541,0.383705918915,0.383705918915,0.76741183783,-1.66533453694e-16,2.77555756156e-17,0.08,97624.5027828
2012-03-23,97645.1818792,0.000232847791086,0.000211822809228,0,2.05255339994,0,2.10249818584e-05,33957.1709409,0.347834508478,0.343305340549,0.343305340549,0.686610681098,5.55111512313e-17,1.04083408559e-16,0.08,97645.1818792
2012-03-26,97731.241759,0.000937786814385,0.000881353059775,0,5.5104842331,0,5.64337546108e-05,23126.497208,0.236842174523,0.337872671881,0.337872671881,0.675745343763,0,2.77555756156e-17,0.08,97731.241759
2012-03-27,97613.1411564,-0.00118990863344,-0.0012084222045,0,1.80935428928,0,1.8513571062e-05,30567.6282292,0.312772330311,0.321235334034,0.321235334034,0.642470668068,2.22044604925e-16,2.01227923213e-16,0.08,97613.1411564
2012-03-28,97443.026162,-0.00172514491572,-0.00174274685183,0,1.71818027427,0,1.76019361114e-05,24626.344677,0.25228513687,0.279533338199,0.279533338199,0.559066676398,3.33066907388e-16,3.95516952523e-16,0.08,97443.026162
2012-03-29,97556.56356,0.00118048389114,0.0011651669959,0,1.49252462396,0,1.53168952438e-05,31876.4858104,0.327129473149,0.315426418294,0.315426418294,0.630852836588,2.22044604925e-16,1.80411241502e-16,0.08,97556.56356
2012-03-30,97579.5843264,0.000253257166088,0.000235973526729,0,1.68613246163,0,1.72836393586e-05,51385.6081388,0.526726303834,0.342204811858,0.342204811858,0.684409623716,3.33066907388e-16,2.63677968348e-16,0.08,97579.5843264
2012-04-02,97586.9792058,0.000132035904898,7.57830591136e-05,0,5.48912930886,0,5.62528457849e-05,22884.825999,0.234524733396,0.357403954504,0.357403954504,0.714807909008,2.77555756156e-16,3.05311331772e-16,0.08,97586.9792058
2012-04-03,97524.2725966,-0.000622987697225,-0.000642571475554,0,1.91112176856,0,1.9583778329e-05,35354.2257544,0.362284251875,0.362421033417,0.362421033417,0.724842066834,3.33066907388e-16,3.64291929955e-16,0.08,97524.2725966
2012-04-04,97552.7802619,0.000312172226765,0.000292313540003,0,1.93670398124,0,1.98586867626e-05,42995.0464302,0.440865081948,0.296619344868,0.296619344868,0.593238689735,1.66533453694e-16,1.87350135405e-16,0.08,97552.7802619
2012-04-05,97456.0786575,-0.0009750216,-0.000991274714787,0,1.58553653541,0,1.62531147873e-05,43407.4741483,0.444963988025,0.226125025804,0.226125025804,0.452250051607,-9.71445146547e-17,-1.38777878078e-16,0.08,97456.0786575
2012-04-09,97479.1275281,0.000286066861569,0.000236505212078,0,4.83008401121,0,4.95616494912e-05,42503.6881059,0.4361317292,0.27655681691,0.27655681691,0.55311363382,2.08166817117e-16,2.63677968348e-16,0.08,97479.1275281
2012-04-10,97434.3692322,-0.000444003941888,-0.000459157740075,0,1.47717902599,0,1.51537981869e-05,31113.5826842,0.319181997964,0.359338848073,0.359338848073,0.718677696145,6.93889390391e-17,1.17961196366e-16,0.08,97434.3692322
2012-04-11,97121.7755671,-0.0031885586601,-0.00320824846,0,1.91846323302,0,1.96897998944e-05,30090.0267393,0.308823539131,0.314971038948,0.314971038948,0.629942077895,-6.93889390391e-17,5.20417042793e-18,0.08,97121.7755671
2012-04-12,97167.8125454,0.000491271626553,0.000474012939488,0,1.67619433177,0,1.72586870656e-05,30048.2666469,0.309387534066,0.256408202512,0.256408202512,0.512816405024,2.77555756156e-17,2.77555756156e-17,0.08,97167.8125454
2012-04-13,96980.6548595,-0.00191207866288,-0.0019261284274,0,1.3651848853,0,1.40497645212e-05,20333.5953954,0.209262664896,0.23545306072,0.23545306072,0.470906121441,-3.46944695195e-17,0,0.08,96980.6548595
2012-04-16,97404.7310925,0.00441149662645,0.00437279201373,0,3.75359868778,0,3.87046127211e-05,15616.208452,0.161023953433,0.189349077023,0.189349077023,0.378698154047,-2.08166817117e-17,-1.38777878078e-17,0.08,97404.7310925
2012-04-17,97632.5977543,0.00234975510703,0.00233937981513,0,1.01060251672,0,1.03752918917e-05,38109.5851367,0.39124983673,0.299938466157,0.299938466157,0.599876932314,-4.85722573274e-17,-1.38777878078e-16,0.08,97632.5977543
2012-04-18,97261.5319719,-0.00378419913748,-0.00380063412193,0,1.60459022561,0,1.6434984447e-05,45349.4380605,0.464490744931,0.315446904242,0.315446904242,0.630893808485,8.32667268469e-17,-2.77555756156e-17,0.08,97261.5319719
2012-04-19,97099.2505567,-0.00165122088329,-0.00166850564517,0,1.68114241986,0,1.72847618763e-05,34898.0538714,0.358806335494,0.352430221013,0.352430221013,0.704860442025,1.38777878078e-16,8.32667268469e-17,0.08,97099.2505567
2012-04-20,96963.1785162,-0.00138205941215,-0.00140137065714,0,1.87510741555,0,1.9311244987e-05,24111.7318637,0.248320473386,0.340313332805,0.340313332805,0.680626665609,1.38777878078e-16,1.11022302463e-16,0.08,96963.1785162
2012-04-23,97091.76015,0.00138202915839,0.00132608724067,0,5.42430615455,0,5.59419177213e-05,46600.4716577,0.480599670626,0.442370550794,0.442370550794,0.884741101587,4.16333634234e-17,-8.32667268469e-17,0.08,97091.76015
2012-04-24,96888.8213965,-0.00206593535083,-0.00209017483306,0,2.35345399535,0,2.42394822353e-05,46446.2821308,0.478375117096,0.313731468596,0.313731468596,0.627462937192,-6.93889390391e-18,-4.16333634234e-17,0.08,96888.8213965
2012-04-25,96722.7559937,-0.00169678820966,-0.00171397897506,0,1.66559299875,0,1.71907654025e-05,31655.8715363,0.32672367235,0.33408825636,0.33408825636,0.668176512721,-1.73472347598e-16,-1.66533453694e-16,0.08,96722.7559937
2012-04-26,97067.2053275,0.00357950884368,0.00356120263785,0,1.77062667947,0,1.8306205828e-05,39690.8061168,0.410356443104,0.292075045045,0.292075045045,0.584150090089,6.93889390391e-18,4.16333634234e-17,0.08,97067.2053275
2012-04-27,97092.5063131,0.000276658424359,0.000260654312302,0,1.55347443114,0,1.60041120572e-05,35760.6757381,0.368411510534,0.342701929879,0.342701929879,0.685403859757,4.51028103754e-17,8.50014503229e-17,0.08,97092.5063131
2012-04-30,96905.2833676,-0.00187195993252,-0.00192829449633,0,5.46966399292,0,5.63345638157e-05,43651.622898,0.44958797085,0.322073686165,0.322073686165,0.644147372329,-4.16333634234e-17,0,0.08,96905.2833676
2012-05-01,97050.0163878,0.00151119925911,0.00149355138589,0,1.71017215469,0,1.76478732145e-05,29784.6681264,0.30735855767,0.337640154333,0.337640154333,0.675280308667,4.16333634234e-17,2.42861286637e-17,0.08,97050.0163878
2012-05-02,96864.6734673,-0.00189126618946,-0.00190976701983,0,1.79550589103,0,1.85008303744e-05,34977.489911,0.360406841882,0.369009167091,0.369009167091,0.738018334182,2.77555756156e-17,2.77555756156e-17,0.08,96864.6734673
2012-05-03,96632.7183623,-0.00237441085579,-0.00239463053617,0,1.95857273845,0,2.02196803885e-05,34230.2688099,0.353382379609,0.396724574672,0.396724574672,0.793449149344,9.71445146547e-17,2.77555756156e-17,0.08,96632.7183623
2012-05-04,96493.0032937,-0.0014240977247,-0.00144583605756,0,2.10063419681,0,2.17383328587e-05,40068.3409868,0.414645698329,0.315599243249,0.315599243249,0.631198486497,6.93889390391e-17,6.93889390391e-17,0.08,96493.0032937
2012-05-07,96637.683124,0.00155126089233,0.00149938156467,0,5.00599213452,0,5.18793276573e-05,29349.8992097,0.30416608674,0.260475122921,0.260475122921,0.520950245842,1.38777878078e-17,1.38777878078e-17,0.08,96637.683124
2012-05-08,96689.7747888,0.000553313520542,0.000539040911067,0,1.37927191181,0,1.42726094751e-05,43323.3641145,0.44830714804,0.303517389706,0.303517389706,0.607034779412,-2.77555756156e-17,2.77555756156e-17,0.08,96689.7747888
2012-05-09,96776.6579468,0.000915207575446,0.000898576485599,0,1.60805633179,0,1.66310898469e-05,41051.9151517,0.424573490231,0.414098652534,0.414098652534,0.828197305068,2.77555756156e-17,8.32667268469e-17,0.08,96776.6579468
2012-05-10,96705.70991,-0.000710420706962,-0.000733111044088,0,2.19589499466,0,2.26903371251e-05,48487.8761098,0.501028627549,0.392279553955,0.392279553955,0.78455910791,2.77555756156e-17,1.38777878078e-17,0.08,96705.70991
2012-05-11,96654.768805,-0.000505269420933,-0.000526764191012,0,2.07866699991,0,2.14947700797e-05,33581.3883657,0.347253418613,0.287474318977,0.287474318977,0.574948637953,5.55111512313e-17,6.93889390391e-17,0.08,96654.768805
2012-05-14,96656.8343108,6.86259842002e-05,2.13699317657e-05,0,4.56752282269,0,4.72560524345e-05,37291.3278353,0.385819844135,0.393816438101,0.393816438101,0.787632876201,-8.32667268469e-17,-9.71445146547e-17,0.08,96656.8343108
2012-05-15,96764.5007467,0.00113548299848,0.00111390401557,0,2.08575617569,0,2.15789829096e-05,29285.5957295,0.302985256431,0.302410044114,0.302410044114,0.604820088228,2.70616862252e-16,2.22044604925e-16,0.08,96764.5007467
2012-05-16,96683.1250053,-0.000824396477909,-0.000840966891286,0,1.60342777751,0,1.65704133761e-05,43020.1153123,0.4445857208,0.356582240886,0.356582240886,0.713164481773,3.33066907388e-16,2.77555756156e-16,0.08,96683.1250053
2012-05-17,96385.5650538,-0.00305814363955,-0.00307768239247,0,1.88906769152,0,1.95387529253e-05,36975.5048205,0.382440108534,0.2253704544,0.2253704544,0.450740908799,2.28983498829e-16,1.52655665886e-16,0.08,96385.5650538
2012-05-18,96387.4527885,3.19343086667e-05,1.95852426721e-05,0,1.19027170377,0,1.23490659945e-05,35922.9073303,0.37270007506,0.26342438249,0.26342438249,0.52684876498,2.91433543964e-16,3.60822483003e-16,0.08,96387.4527885
2012-05-21,96316.6193226,-0.000691580003192,-0.00073488264141,0,4.17383099681,0,4.33026382175e-05,34784.2076334,0.360879000607,0.270558310506,0.270558310506,0.541116621011,-4.85722573274e-17,-5.55111512313e-17,0.08,96316.6193226
2012-05-22,96206.1721748,-0.00113188402834,-0.00114670914124,0,1.42790475603,0,1.48251129044e-05,34970.9372095,0.363083105029,0.300954316917,0.300954316917,0.601908633835,6.24500451352e-17,8.32667268469e-17,0.08,96206.1721748
2012-05-23,96074.0171903,-0.00135717365539,-0.0013736643029,0,1.58650207288,0,1.64906475023e-05,25132.6746001,0.261237652762,0.22197686487,0.22197686487,0.44395372974,0,0,0.08,96074.0171903
2012-05-24,96167.8494054,0.000988829001754,0.000976665885871,0,1.16855940446,0,1.21631158833e-05,27592.1001561,0.287196278068,0.243401754175,0.243401754175,0.48680350835,0,2.08166817117e-17,0.08,96167.8494054
2012-05-25,96065.8172937,-0.0010476423656,-0.00106097944802,0,1.28259853373,0,1.33370824205e-05,42451.0250864,0.441426374291,0.31126797199,0.31126797199,0.622535943981,2.77555756156e-17,8.84708972748e-17,0.08,96065.8172937
2012-05-29,95914.7224089,-0.00150460360693,-0.00157282672407,0,6.5539095072,0,6.82231171486e-05,32437.2104172,0.337656112559,0.308899366834,0.308899366834,0.617798733669,1.38777878078e-16,1.73472347598e-16,0.08,95914.7224089
2012-05-30,95800.8688983,-0.00117010252377,-0.00118702851647,0,1.62345189163,0,1.69259927033e-05,42554.0467902,0.443665432391,0.383248520342,0.383248520342,0.766497040684,2.77555756156e-17,-6.93889390391e-18,0.08,95800.8688983
2012-05-31,95564.6908998,-0.00244430129624,-0.00246530121516,0,2.0118104796,0,2.09999189229e-05,34432.9488558,0.359422093471,0.376627391592,0.376627391592,0.753254783185,1.90819582357e-16,2.22044604925e-16,0.08,95564.6908998
2012-06-01,95802.8381405,0.00251263744179,0.00249200032444,0,1.97217974038,0,2.06371173475e-05,36569.2793135,0.382665176533,0.222462838716,0.222462838716,0.444925677433,1.07552855511e-16,1.17961196366e-16,0.08,95802.8381405
2012-06-04,95699.4130562,-0.00104299256501,-0.00107956179877,0,3.50343638298,0,3.65692337616e-05,28920.3309476,0.301873425766,0.273351200153,0.273351200153,0.546702400307,0,4.16333634234e-17,0.08,95699.4130562
2012-06-05,95601.5082193,-0.00100806717472,-0.00102304532268,0,1.43339996783,0,1.49781479536e-05,24601.3027791,0.257068481336,0.27160024379,0.27160024379,0.543200487579,-6.93889390391e-18,4.16333634234e-17,0.08,95601.5082193
2012-06-06,95636.2380698,0.000378159428771,0.000363277223632,0,1.42276125693,0,1.48822051392e-05,31190.1331676,0.326251476034,0.312361371944,0.312361371944,0.624722743888,6.24500451352e-17,6.24500451352e-17,0.08,95636.2380698
2012-06-07,95758.1216189,0.00129156512167,0.00127444943005,0,1.63688035787,0,1.71156916134e-05,58902.0614869,0.615896888833,0.429423584998,0.429423584998,0.858847169996,0,0,0.08,95758.1216189
2012-06-08,95899.710391,0.00150213855403,0.00147860849457,0,2.2531942947,0,2.35300594519e-05,44628.5114755,0.466054583371,0.373961330517,0.373961330517,0.747922661033,5.55111512313e-17,1.38777878078e-17,0.08,95899.710391
2012-06-11,95807.5442508,-0.000899594876241,-0.000961067971668,0,5.89525204832,0,6.14730954274e-05,44658.4465546,0.465678638366,0.163163683261,0.163163683261,0.326327366521,6.93889390391e-17,6.93889390391e-17,0.08,95807.5442508
2012-06-12,95715.8465944,-0.000948162194443,-0.000957102670238,0,0.856565030363,0,8.9404757951e-06,38374.7390535,0.400539846351,0.294143634497,0.294143634497,0.588287268995,0,-3.46944695195e-17,0.08,95715.8465944
2012-06-13,95875.0449668,0.00167935691316,0.00166323945374,0,1.54269627377,0,1.61174594245e-05,32099.8501608,0.335366099793,0.278760677639,0.278760677639,0.557521355279,9.71445146547e-17,4.51028103754e-17,0.08,95875.0449668
2012-06-14,95753.5974951,-0.00125145206248,-0.00126672662015,0,1.46444890431,0,1.52745576789e-05,68402.8375802,0.71345820598,0.302823494427,0.302823494427,0.605646988854,1.38777878078e-16,1.38777878078e-16,0.08,95753.5974951
2012-06-15,95950.1708417,0.00206950127943,0.00205290821124,0,1.58884597246,0,1.65930681878e-05,36667.7579391,0.382938697848,0.244566941016,0.244566941016,0.489133882033,2.77555756156e-17,4.16333634234e-17,0.08,95950.1708417
2012-06-18,96026.6938466,0.000837731379845,0.00079752859502,0,3.85746407223,0,4.02027848246e-05,48092.0925283,0.501219456999,0.225888352707,0.225888352707,0.451776705415,2.77555756156e-17,2.77555756156e-17,0.08,96026.6938466
2012-06-19,96065.5811475,0.000417340890313,0.000404963446329,0,1.18856502405,0,1.2377443984e-05,23060.9780479,0.240151744521,0.157389532805,0.157389532805,0.31477906561,0,-1.73472347598e-17,0.08,96065.5811475
2012-06-20,96052.6861022,-0.000125607606442,-0.000134231690432,0,0.828477640298,0,8.62408398931e-06,18399.907388,0.19153485742,0.164716046633,0.164716046633,0.329432093267,2.77555756156e-17,-1.04083408559e-17,0.08,96052.6861022
2012-06-21,95994.5739265,-0.000595977592528,-0.00060500312933,0,0.86692705333,0,9.02553680183e-06,46564.8123368,0.484784072434,0.321143608712,0.321143608712,0.642287217424,-4.16333634234e-17,-8.32667268469e-17,0.08,95994.5739265
2012-06-22,95912.1581174,-0.000840949627199,-0.000858546537266,0,1.68920788425,0,1.75969100664e-05,58023.5130199,0.604445758199,0.473937501383,0.473937501383,0.947875002766,-1.11022302463e-16,-9.02056207508e-17,0.08,95912.1581174
2012-06-25,96079.016098,0.00181760335422,0.00173969581974,0,7.472279765,0,7.79075344739e-05,40592.1184122,0.423221823061,0.357674084626,0.357674084626,0.715348169252,0,-6.93889390391e-18,0.08,96079.016098
2012-06-26,96043.8305984,-0.000346615615481,-0.000366214195461,0,1.88301228135,0,1.95985799795e-05,26584.7808354,0.276697055352,0.298169527961,0.298169527961,0.596339055922,4.16333634234e-17,9.71445146547e-17,0.08,96043.8305984
2012-06-27,96137.1608414,0.000988084418635,0.000971746362308,0,1.56916951414,0,1.63380563266e-05,28316.3783019,0.294827664885,0.239283993148,0.239283993148,0.478567986297,5.55111512313e-17,6.93889390391e-17,0.08,96137.1608414
2012-06-28,96402.9954694,0.00277827141356,0.00276515996188,0,1.26049773896,0,1.31114516794e-05,38898.2723318,0.404612243501,0.267412883112,0.267412883112,0.534825766224,2.77555756156e-16,2.35922392733e-16,0.08,96402.9954694
2012-06-29,96465.4373917,0.00066237041721,0.000647717656491,0,1.41257002516,0,1.46527607185e-05,58773.2833528,0.609662418337,0.407352948097,0.407352948097,0.814705896194,-6.24500451352e-17,-1.38777878078e-17,0.08,96465.4373917
2012-07-02,96424.9664003,-0.000352576646695,-0.000419538775149,0,6.45953101003,0,6.69621284543e-05,52988.7069128,0.549302510262,0.434068553148,0.434068553148,0.868137106297,-2.77555756156e-17,6.93889390391e-18,0.08,96424.9664003
2012-07-03,95870.5156317,-0.00572629021308,-0.00575007479134,0,2.29342715905,0,2.37845782547e-05,30708.5205829,0.318470638148,0.365634997943,0.365634997943,0.731269995886,1.38777878078e-17,-6.93889390391e-18,0.08,95870.5156317
2012-07-05,96271.3513832,0.00422108132949,0.00418101174068,0,3.84149214091,0,4.00695888157e-05,28220.2352918,0.294357812783,0.311390937722,0.311390937722,0.622781875444,-4.16333634234e-17,-1.56125112838e-17,0.08,96271.3513832
2012-07-06,96399.0660937,0.00134367431503,0.00132661179789,0,1.64263158263,0,1.70625171354e-05,32113.5105931,0.333572865985,0.312528821325,0.312528821325,0.62505764265,0,3.46944695195e-17,0.08,96399.0660937
2012-07-09,96369.5498593,-0.000254813369317,-0.000306187970083,0,4.95246353476,0,5.13746007658e-05,27789.0882874,0.288271343421,0.248379336108,0.248379336108,0.496758672216,1.38777878078e-17,6.59194920871e-17,0.08,96369.5498593
2012-07-10,96413.0643883,0.000465147984193,0.000451538157557,0,1.31157286658,0,1.36098266361e-05,62238.0991192,0.645827434184,0.412323861224,0.412323861224,0.824647722448,-6.93889390391e-18,8.32667268469e-17,0.08,96413.0643883
2012-07-11,96556.5418335,0.00151074665046,0.00148815356217,0,2.17826887567,0,2.25930882863e-05,45399.2408996,0.470882667071,0.289968595966,0.289968595966,0.579937191931,9.02056207508e-17,7.6327832943e-17,0.08,96556.5418335
2012-07-12,96376.23068,-0.00185152650573,-0.00186741519592,0,1.534156979,0,1.58886901899e-05,38914.3068974,0.403020925961,0.287948086721,0.287948086721,0.575896173441,4.16333634234e-17,1.90819582357e-17,0.08,96376.23068
2012-07-13,96239.9452643,-0.00139831982277,-0.00141409780013,0,1.52062198519,0,1.57779773546e-05,36929.2076357,0.383177546737,0.25657447613,0.25657447613,0.51314895226,2.08166817117e-16,1.48318857196e-16,0.08,96239.9452643
2012-07-16,96301.0135647,0.000676718761856,0.000634542135643,0,4.05907619819,0,4.21766262132e-05,20133.889665,0.209205123815,0.272889049977,0.272889049977,0.545778099954,1.38777878078e-16,7.6327832943e-17,0.08,96301.0135647
2012-07-17,96240.384186,-0.000614629111887,-0.000629581936543,0,1.43997217006,0,1.49528246563e-05,28292.7261539,0.293794687165,0.270892956873,0.270892956873,0.541785913747,6.93889390391e-17,8.15320033709e-17,0.08,96240.384186
2012-07-18,96542.056924,0.00314941882086,0.00313457537117,0,1.42853930098,0,1.48434496917e-05,34665.0496989,0.360192345366,0.339785995667,0.339785995667,0.679571991334,8.32667268469e-17,6.41847686111e-17,0.08,96542.056924
2012-07-19,96728.3868038,0.00194865683908,0.00193003842836,0,1.79745966771,0,1.86184107215e-05,39785.043139,0.412100636828,0.320455118657,0.320455118657,0.640910237313,-1.31838984174e-16,-9.71445146547e-17,0.08,96728.3868038
2012-07-20,96767.8292407,0.000425324042494,0.00040776485791,0,1.69847159839,0,1.75591845839e-05,62276.55848,0.64382918539,0.454981972282,0.454981972282,0.909963944564,5.55111512313e-17,8.32667268469e-17,0.08,96767.8292407
2012-07-23,97124.7859527,0.00376358683944,0.00368879528235,0,7.23741662489,0,7.47915570875e-05,43716.6275397,0.451768194892,0.436999300473,0.436999300473,0.873998600946,4.4408920985e-16,4.2674197509e-16,0.08,97124.7859527
2012-07-24,97488.1092503,0.00376473382391,0.00374078865676,0,2.32566923397,0,2.39451671492e-05,45902.3489261,0.472612098712,0.335097949924,0.335097949924,0.670195899848,8.32667268469e-17,1.38777878078e-16,0.08,97488.1092503
2012-07-25,97628.1789892,0.00145514946317,0.00143678793166,0,1.79003098914,0,1.83615315027e-05,41204.3137843,0.422659892587,0.224420409907,0.224420409907,0.448840819814,2.77555756156e-17,1.38777878078e-17,0.08,97628.1789892
2012-07-26,97533.845991,-0.000953950638043,-0.000966247646805,0,1.20053457245,0,1.2297008762e-05,47359.0424396,0.485096034055,0.357580767609,0.357580767609,0.715161535218,6.93889390391e-18,-2.08166817117e-17,0.08,97533.845991
2012-07-27,97312.4120874,-0.00225073537487,-0.00227032884159,0,1.91102616533,0,1.95934667183e-05,38709.8819545,0.396886655716,0.397874557745,0.397874557745,0.795749115489,-8.32667268469e-17,-1.52655665886e-16,0.08,97312.4120874
2012-07-30,97383.8072048,0.000799073215075,0.000733669178186,0,6.36462458997,0,6.54040368895e-05,41032.5693081,0.421658125906,0.437454207447,0.437454207447,0.874908414894,6.93889390391e-17,-1.38777878078e-17,0.08,97383.8072048
2012-07-31,97272.2945168,-0.00112111440385,-0.00114508449741,0,2.3342989698,0,2.39700935587e-05,34873.9701781,0.358108510841,0.322321650775,0.322321650775,0.644643301549,2.42861286637e-16,2.01227923213e-16,0.08,97272.2945168
2012-08-01,97209.4431157,-0.000628477314212,-0.000646138774529,0,1.7179707695,0,1.76614603164e-05,35524.8709256,0.365210578223,0.250981629512,0.250981629512,0.501963259024,1.52655665886e-16,1.35308431126e-16,0.08,97209.4431157
2012-08-02,97383.4274598,0.00180354092527,0.00178978850721,0,1.33686490067,0,1.37524180555e-05,32677.2174392,0.336152706896,0.183283511698,0.183283511698,0.366567023395,6.93889390391e-17,1.04083408559e-16,0.08,97383.4274598
2012-08-03,97352.6712364,-0.000305783119552,-0.0003158260517,0,0.9780151543,0,1.00429321478e-05,28158.3616092,0.289149420427,0.156378865964,0.156378865964,0.312757731928,1.11022302463e-16,1.45716771982e-16,0.08,97352.6712364
2012-08-06,97174.2739447,-0.00180677869892,-0.00183248481387,0,2.50255895778,0,2.5706114953e-05,44918.3986269,0.461398727497,0.356754408044,0.356754408044,0.713508816087,8.32667268469e-17,2.22044604925e-16,0.08,97174.2739447
2012-08-07,97835.3822946,0.00682287506559,0.00680332687884,0,1.8995808536,0,1.95481867421e-05,31476.4242239,0.323917256555,0.273619282123,0.273619282123,0.547238564246,-1.38777878078e-17,-1.38777878078e-17,0.08,97835.3822946
2012-08-08,97848.0248392,0.000144215459393,0.000129222622017,0,1.46682997642,0,1.49928373766e-05,65314.5076037,0.667595976751,0.292238653164,0.292238653164,0.584477306329,2.77555756156e-17,8.32667268469e-17,0.08,97848.0248392
2012-08-09,97847.689444,1.25853606825e-05,-3.42771620321e-06,0,1.56684794487,0,1.60130768857e-05,32450.2451057,0.331639245238,0.322975169932,0.322975169932,0.645950339864,-2.77555756156e-17,-5.89805981832e-17,0.08,97847.689444
2012-08-10,97857.8379163,0.000121414305658,0.000103717036072,0,1.73163693839,0,1.76972695853e-05,45430.344241,0.46429654598,0.33871994362,0.33871994362,0.67743988724,-5.27355936697e-16,-5.48172618409e-16,0.08,97857.8379163
2012-08-13,97857.4897044,5.21216462234e-05,-3.5583445086e-06,0,5.44872350823,0,5.5679990732e-05,42726.8774604,0.436621923907,0.334123101364,0.334123101364,0.668246202729,-1.38777878078e-16,-1.31838984174e-16,0.08,97857.4897044
2012-08-14,97796.3866022,-0.00060610093451,-0.000624409049653,0,1.79158618914,0,1.83081151432e-05,28309.7641138,0.289295834169,0.293071042189,0.293071042189,0.586142084378,-2.22044604925e-16,-1.87350135405e-16,0.08,97796.3866022
2012-08-15,97641.6499256,-0.00156617437927,-0.00158223306652,0,1.57048158596,0,1.60586872432e-05,50245.3619457,0.513775239469,0.271008931563,0.271008931563,0.542017863126,2.77555756156e-17,3.81639164715e-17,0.08,97641.6499256
2012-08-16,97611.5288254,-0.000293636381208,-0.000308486185677,0,1.44995940944,0,1.48498044692e-05,43350.8053719,0.443978623927,0.313254639988,0.313254639988,0.626509279975,-2.77555756156e-17,2.77555756156e-17,0.08,97611.5288254
2012-08-17,97456.518669,-0.00157086659472,-0.00158803123253,0,1.67546653813,0,1.71646378075e-05,44112.8600903,0.451922642961,0.264387939974,0.264387939974,0.528775879948,0,2.77555756156e-17,0.08,97456.518669
2012-08-20,97572.1440136,0.00122989110481,0.00118643007358,0,4.23556080131,0,4.34610312286e-05,22347.1355064,0.229303650609,0.253619890404,0.253619890404,0.507239780808,-2.35922392733e-16,-1.66533453694e-16,0.08,97572.1440136
2012-08-21,97552.7905839,-0.00018445296793,-0.000198349948226,0,1.35595816281,0,1.38969802961e-05,22176.3560349,0.227281631034,0.25950518497,0.25950518497,0.51901036994,-3.81639164715e-17,5.55111512313e-17,0.08,97552.7905839
2012-08-22,97420.1262697,-0.0013457038511,-0.00135992331329,0,1.38714821725,0,1.42194621901e-05,34585.769798,0.354533884587,0.33504246725,0.33504246725,0.670084934501,-3.33066907388e-16,-2.63677968348e-16,0.08,97420.1262697
2012-08-23,97433.0306534,0.000150819659415,0.000132461168059,0,1.78848654604,0,1.83584913562e-05,40337.7745666,0.414059970061,0.273616413382,0.273616413382,0.547232826764,-4.40619762898e-16,-3.12250225676e-16,0.08,97433.0306534
2012-08-24,97530.5903015,0.00101629221345,0.00100129953327,0,1.46078226807,0,1.49926801853e-05,39198.4944538,0.402312174741,0.266559630912,0.266559630912,0.533119261824,-1.04083408559e-16,1.38777878078e-17,0.08,97530.5903015
2012-08-27,97260.8105967,-0.00272228545488,-0.0027661034764,0,4.27359750467,0,4.38180215198e-05,20921.0330288,0.214507396748,0.244269133877,0.244269133877,0.488538267754,-2.77555756156e-17,2.77555756156e-17,0.08,97260.8105967
2012-08-28,97258.2854015,-1.25785212573e-05,-2.59631313327e-05,0,1.30179802546,0,1.33846100755e-05,22417.1985957,0.230485418106,0.187668525081,0.187668525081,0.375337050161,3.46944695195e-17,6.93889390391e-17,0.08,97258.2854015
2012-08-29,97144.2234357,-0.00116249055997,-0.00117277376683,0,1.00012706702,0,1.02832068537e-05,21665.5340154,0.222762862064,0.180674402778,0.180674402778,0.361348805555,7.6327832943e-17,1.11022302463e-16,0.08,97144.2234357
2012-08-30,97061.7304694,-0.000839280389925,-0.000849180357201,0,0.961724633017,0,9.89996727549e-06,19565.862515,0.201410457801,0.147324338751,0.147324338751,0.294648677502,1.17961196366e-16,1.04083408559e-16,0.08,97061.7304694
2012-08-31,97143.8339763,0.00085396215145,0.000845889584943,0,0.78353727449,0,8.07256650691e-06,18890.9585943,0.194628289677,0.174915514031,0.174915514031,0.349831028061,1.66533453694e-16,1.80411241502e-16,0.08,97143.8339763
2012-09-04,97038.4388702,-0.0010466010647,-0.00108493871161,0,3.72426600655,0,3.83376469108e-05,20532.6297513,0.211363180872,0.220011632567,0.220011632567,0.440023265133,3.46944695195e-17,4.16333634234e-17,0.08,97038.4388702
2012-09-05,97049.44721,0.000125498516233,0.000113443084311,0,1.16984029356,0,1.20554319215e-05,28947.1161667,0.298305666329,0.232654961066,0.232654961066,0.465309922132,2.01227923213e-16,1.94289029309e-16,0.08,97049.44721
2012-09-06,96932.0120506,-0.00119730668585,-0.0012100549029,0,1.2372074171,0,1.27482170447e-05,35475.5566759,0.36554104836,0.264439047976,0.264439047976,0.528878095952,4.16333634234e-17,1.38777878078e-17,0.08,96932.0120506
2012-09-07,96898.9088694,-0.000327019464255,-0.000341509275103,0,1.40452651973,0,1.4489810848e-05,24554.2203374,0.253313841506,0.262794355167,0.262794355167,0.525588710333,2.77555756156e-17,0,0.08,96898.9088694
2012-09-10,96832.9952045,-0.000637032167604,-0.000680231239686,0,4.18594294893,0,4.31990720822e-05,32880.7088559,0.339330021768,0.242765392845,0.242765392845,0.485530785691,-2.77555756156e-16,-3.05311331772e-16,0.08,96832.9952045
2012-09-11,96621.5099987,-0.00217071786577,-0.00218402007908,0,1.28809315733,0,1.33022133066e-05,37304.4247334,0.385244974139,0.282586809114,0.282586809114,0.565173618229,-5.55111512313e-17,-6.24500451352e-17,0.08,96621.5099987
2012-09-12,96529.7424423,-0.000934279010363,-0.000949763219082,0,1.49610762753,0,1.54842087186e-05,40788.5285191,0.422147496139,0.409549811621,0.409549811621,0.819099623242,-2.08166817117e-16,-2.94902990916e-16,0.08,96529.7424423
2012-09-13,96557.0065671,0.000304883824049,0.00028244273848,0,2.16623221003,0,2.24410855683e-05,45639.6314878,0.472803825361,0.330278521904,0.330278521904,0.660557043809,-3.05311331772e-16,-2.63677968348e-16,0.08,96557.0065671
2012-09-14,96745.8603983,0.00197397655443,0.00195587910118,0,1.74743591279,0,1.8097453255e-05,26021.2670425,0.269491235982,0.365402384128,0.365402384128,0.730804768255,-3.22658566532e-16,-3.88578058619e-16,0.08,96745.8603983
2012-09-17,96865.0564356,0.0012921192465,0.00123205310116,0,5.81115091134,0,6.0066145336e-05,41829.2274769,0.432361935743,0.313872040428,0.313872040428,0.627744080856,-7.49400541622e-16,-7.6327832943e-16,0.08,96865.0564356
2012-09-18,96904.4228311,0.00042360297496,0.000406404506991,0,1.66593057039,0,1.71984679687e-05,37120.4477786,0.383218150533,0.282393247942,0.282393247942,0.564786495885,-2.77555756156e-17,-4.16333634234e-17,0.08,96904.4228311
2012-09-19,97045.3074857,0.00146932524831,0.00145385164569,0,1.49946053169,0,1.5473602627e-05,42720.993411,0.440857002837,0.395856632898,0.395856632898,0.791713265796,-2.08166817117e-16,-1.94289029309e-16,0.08,97045.3074857
2012-09-20,97191.4559751,0.00152767280639,0.00150598203199,0,2.10498787177,0,2.16907744054e-05,49209.8694166,0.507081390039,0.356761207175,0.356761207175,0.71352241435,5.20417042793e-17,8.32667268469e-17,0.08,97191.4559751
2012-09-21,97143.4353717,-0.000474534001202,-0.000494082560499,0,1.89995294032,0,1.95485592973e-05,69192.2973235,0.711917489344,0.440223833899,0.440223833899,0.880447667798,5.55111512313e-17,7.6327832943e-17,0.08,97143.4353717
2012-09-24,97313.9038936,0.00182717813589,0.00175481257415,0,7.02983926972,0,7.23655617368e-05,75354.0926992,0.775699278195,0.319355467125,0.319355467125,0.638710934251,6.93889390391e-18,2.77555756156e-17,0.08,97313.9038936
2012-09-25,97225.7570606,-0.00088830003019,-0.000905798959895,0,1.7028891636,0,1.74989297055e-05,50690.1327478,0.520893014458,0.388401532586,0.388401532586,0.776803065172,1.05471187339e-15,8.60422844084e-16,0.08,97225.7570606
2012-09-26,97230.1454356,6.64182053068e-05,4.51359295488e-05,0,2.06918537256,0,2.12822757581e-05,31897.9735576,0.328081513808,0.339638885836,0.339638885836,0.679277771672,3.05311331772e-16,3.43475248243e-16,0.08,97230.1454356
2012-09-27,97275.728331,0.000487424781732,0.000468814431823,0,1.80948702824,0,1.86103499088e-05,34539.3023722,0.355232445838,0.410575670669,0.410575670669,0.821151341339,8.881784197e-16,8.01442245901e-16,0.08,97275.728331
2012-09-28,97297.8283684,0.000249686934764,0.000227189637741,0,2.18844095339,0,2.2497297023e-05,52409.5907717,0.538773563261,0.324441451188,0.324441451188,0.648882902376,8.32667268469e-17,7.6327832943e-17,0.08,97297.8283684
2012-10-01,97006.94425,-0.00293629316892,-0.00298962601021,0,5.18916963835,0,5.33328412912e-05,42245.7732591,0.434190299696,0.353085129499,0.353085129499,0.706170258997,2.77555756156e-17,-6.93889390391e-17,0.08,97006.94425
2012-10-02,97009.8124201,4.89137772285e-05,2.95666468451e-05,0,1.87680599851,0,1.93471303835e-05,33078.6258548,0.340992349677,0.287254856575,0.287254856575,0.57450971315,1.38777878078e-17,-3.46944695195e-17,0.08,97009.8124201
2012-10-03,96912.8392338,-0.00098388245663,-0.000999622448771,0,1.5269336851,0,1.57399921411e-05,41661.5841274,0.429457423822,0.408261726244,0.408261726244,0.816523452489,-1.11022302463e-16,-2.15105711021e-16,0.08,96912.8392338
2012-10-04,97026.8452538,0.0011987473502,0.00117637684465,0,2.16798920772,0,2.23705055476e-05,49347.6406817,0.509196109327,0.377041783717,0.377041783717,0.754083567434,-1.38777878078e-16,-1.90819582357e-16,0.08,97026.8452538
2012-10-05,96868.0966442,-0.00161547097277,-0.00163613079653,0,2.00455752345,0,2.06598237653e-05,43253.8682589,0.445792792147,0.413092359712,0.413092359712,0.826184719423,-1.11022302463e-16,-1.52655665886e-16,0.08,96868.0966442
2012-10-08,96968.5437031,0.00110485235253,0.00103694675915,0,6.57788558195,0,6.79055933773e-05,37820.9115783,0.390437232572,0.377454998956,0.377454998956,0.754909997913,5.55111512313e-17,-9.02056207508e-17,0.08,96968.5437031
2012-10-09,97026.1597265,0.000614854772993,0.000594172307297,0,2.00554857875,0,2.06824656962e-05,41256.4915202,0.425462628855,0.333196890924,0.333196890924,0.666393781849,1.38777878078e-16,0,0.08,97026.1597265
2012-10-10,96970.4773256,-0.000555633234043,-0.000573890597929,0,1.77144190461,0,1.82573638863e-05,50748.8825954,0.523043298204,0.384414586162,0.384414586162,0.768829172323,2.77555756156e-17,5.20417042793e-17,0.08,96970.4773256
2012-10-11,96788.0307289,-0.0018604015745,-0.00188146538744,0,2.04256799513,0,2.10638129404e-05,57860.0394013,0.596676854616,0.374470245733,0.374470245733,0.748940491467,8.32667268469e-17,6.93889390391e-18,0.08,96788.0307289
2012-10-12,97137.018362,0.00362620890242,0.00360568998485,0,1.98598562472,0,2.05189175744e-05,41944.2419053,0.433361869122,0.381366183438,0.381366183438,0.762732366876,5.55111512313e-17,-5.20417042793e-17,0.08,97137.018362
2012-10-15,96805.5566424,-0.00334962070236,-0.00341231103389,0,6.08955188437,0,6.26903315241e-05,36501.257704,0.375770826813,0.367855256921,0.367855256921,0.735710513843,5.55111512313e-17,1.90819582357e-17,0.08,96805.5566424
2012-10-16,96970.0229122,0.00171909064009,0.00169893418766,0,1.95125659782,0,2.01564524341e-05,33836.0579174,0.349525988909,0.315433124471,0.315433124471,0.630866248942,-2.77555756156e-17,-6.93889390391e-18,0.08,96970.0229122
2012-10-17,97224.7868604,0.00264452839233,0.00262724438551,0,1.67603053738,0,1.72840068203e-05,34896.9121831,0.359873197253,0.324054143692,0.324054143692,0.648108287383,2.77555756156e-17,3.46944695195e-17,0.08,97224.7868604
2012-10-18,97288.6078175,0.000674183204868,0.000656426813433,0,1.72636137269,0,1.77563914352e-05,52349.4478463,0.538437260053,0.289607700047,0.289607700047,0.579215400095,-5.20417042793e-17,-3.81639164715e-17,0.08,97288.6078175
2012-10-19,97337.0639719,0.000513934983542,0.000498066068471,0,1.54386465484,0,1.58689150711e-05,24310.0503989,0.249875611793,0.251635828161,0.251635828161,0.503271656322,-5.55111512313e-17,-4.16333634234e-17,0.08,97337.0639719
2012-10-22,97516.91373,0.00188906546214,0.00184770066847,0,4.02632756767,0,4.13647936703e-05,21839.1041713,0.224365758326,0.244701511974,0.244701511974,0.489403023949,-5.55111512313e-17,-4.51028103754e-17,0.08,97516.91373
2012-10-23,97612.0836438,0.000989340682278,0.000975932380252,0,1.30753623193,0,1.3408302026e-05,23475.0317513,0.240727796373,0.223653027927,0.223653027927,0.447306055853,-2.42861286637e-17,-1.38777878078e-17,0.08,97612.0836438
2012-10-24,97627.26403,0.00016777245027,0.000155517489836,0,1.19623222297,0,1.22549604343e-05,24199.5483595,0.247915498329,0.242176890376,0.242176890376,0.484353780752,-4.16333634234e-17,-2.42861286637e-17,0.08,97627.26403
2012-10-25,97712.8203611,0.000889626913855,0.000876356947259,0,1.29551053253,0,1.32699665959e-05,48388.7686388,0.495648107315,0.361016064265,0.361016064265,0.722032128529,5.55111512313e-17,6.93889390391e-17,0.08,97712.8203611
2012-10-26,97830.6185241,0.00122533653701,0.00120555483486,0,1.93292590876,0,1.97817021515e-05,37051.3073039,0.379185731893,0.302288613975,0.302288613975,0.60457722795,-1.38777878078e-17,-3.03576608296e-17,0.08,97830.6185241
2012-10-31,97819.9907536,-2.58156004918e-05,-0.000108634398841,0,8.10221426793,0,8.28187983493e-05,46940.086545,0.479809769714,0.337592666983,0.337592666983,0.675185333965,5.55111512313e-17,8.67361737988e-17,0.08,97819.9907536
2012-11-01,97925.0112546,0.0010921080313,0.00107360980297,0,1.80949652399,0,1.84982283278e-05,54950.8966019,0.561755283133,0.359037921835,0.359037921835,0.718075843671,-1.38777878078e-17,-5.55111512313e-17,0.08,97925.0112546
2012-11-02,97569.346281,-0.00361234029893,-0.00363201360971,0,1.92650918009,0,1.96733107855e-05,42607.4470148,0.435102804369,0.366293732512,0.366293732512,0.732587465025,1.38777878078e-17,-1.21430643318e-17,0.08,97569.346281
2012-11-05,97780.6506889,0.00222589703451,0.00216568436615,0,5.87491068955,0,6.02126683582e-05,40340.3028857,0.413452630599,0.339089000268,0.339089000268,0.678178000537,-5.34294830601e-16,-6.24500451352e-16,0.08,97780.6506889
2012-11-06,97694.3342331,-0.000864175777948,-0.000882755997141,0,1.81678592261,0,1.85802191928e-05,34346.2234455,0.351257873654,0.2795168523,0.2795168523,0.559033704601,1.83880688454e-16,1.38777878078e-16,0.08,97694.3342331
2012-11-07,97452.2203519,-0.00246296366533,-0.00247827965723,0,1.49628563246,0,1.53159919069e-05,32041.365623,0.327975679189,0.358505390881,0.358505390881,0.717010781761,-3.88578058619e-16,-4.99600361081e-16,0.08,97452.2203519
2012-11-08,97294.5698441,-0.00159807691503,-0.00161772104604,0,1.91436418353,0,1.96441310072e-05,53341.1936649,0.547357397013,0.222016159956,0.222016159956,0.444032319911,-1.38777878078e-17,-2.77555756156e-17,0.08,97294.5698441
2012-11-09,97320.5306598,0.000278992243409,0.000266826974371,0,1.18361461815,0,1.21652690387e-05,23186.0398551,0.238307645455,0.230861790764,0.230861790764,0.461723581527,1.38777878078e-17,-8.32667268469e-17,0.08,97320.5306598
2012-11-12,97365.9607101,0.000504758377037,0.000466808493624,0,3.69330279225,0,3.79498834132e-05,49935.5755433,0.513104225848,0.380815848805,0.380815848805,0.761631697611,-1.38777878078e-17,-2.77555756156e-17,0.08,97365.9607101
2012-11-13,97164.6732197,-0.00204646254488,-0.00206732916674,0,2.03169868343,0,2.08666218523e-05,44291.403484,0.454896178921,0.487034647475,0.487034647475,0.974069294949,1.38777878078e-16,8.32667268469e-17,0.08,97164.6732197
2012-11-14,97495.2023125,0.00342842824387,0.00340174141387,0,2.59301711608,0,2.66868299986e-05,52985.3530064,0.545314992071,0.308707366639,0.308707366639,0.617414733277,9.71445146547e-17,1.11022302463e-16,0.08,97495.2023125
2012-11-15,97380.3475857,-0.00116113969466,-0.00117805516681,0,1.64917737895,0,1.69154721446e-05,36603.6917964,0.375440954305,0.229489753631,0.229489753631,0.458979507263,-1.38777878078e-17,8.67361737988e-18,0.08,97380.3475857
2012-11-16,97337.7133963,-0.000425236240151,-0.000437811021172,0,1.22453654663,0,1.25747810209e-05,45206.8046446,0.464229238911,0.275962038334,0.275962038334,0.551924076668,-1.04083408559e-17,5.20417042793e-17,0.08,97337.7133963
2012-11-19,97183.1616617,-0.00154242521224,-0.00158778883498,0,4.41559130887,0,4.53636227398e-05,24940.2166681,0.256223572528,0.20499638132,0.20499638132,0.409992762641,2.08166817117e-17,-1.73472347598e-18,0.08,97183.1616617
2012-11-20,97143.8340629,-0.000393442351815,-0.000404675030244,0,1.09162720361,0,1.12326784285e-05,24848.7549446,0.255689921173,0.258191331914,0.258191331914,0.516382663828,-4.85722573274e-17,6.93889390391e-18,0.08,97143.8340629
2012-11-21,97134.3358322,-8.36274503231e-05,-9.77749205648e-05,0,1.37433950158,0,1.41474702419e-05,29118.4584156,0.299745822229,0.232574222638,0.232574222638,0.465148445275,-4.16333634234e-17,2.77555756156e-17,0.08,97134.3358322
2012-11-23,97216.5284254,0.000871662035677,0.000846174449635,0,2.4757197422,0,2.54875860425e-05,28764.4955356,0.296131077535,0.197941487457,0.197941487457,0.395882974915,-6.93889390391e-17,-4.85722573274e-17,0.08,97216.5284254
2012-11-26,97329.7201529,0.00119686428383,0.00116432595712,0,3.16326316306,0,3.25383267053e-05,60797.4628748,0.625381957776,0.462624056067,0.462624056067,0.925248112134,2.22044604925e-16,2.63677968348e-16,0.08,97329.7201529
2012-11-27,97365.690573,0.000394922093666,0.000369572830319,0,2.46723670756,0,2.53492633461e-05,63604.4927282,0.65349507456,0.276325383953,0.276325383953,0.552650767906,-1.73472347598e-18,5.89805981832e-17,0.08,97365.690573
2012-11-28,97768.6845677,0.00415411442803,0.00413897331111,0,1.47422530583,0,1.51411169289e-05,51922.5805352,0.5332738897,0.28148606916,0.28148606916,0.56297213832,6.24500451352e-17,1.11022302463e-16,0.08,97768.6845677
2012-11-29,97837.9353662,0.000723736568811,0.000708312674611,0,1.5079738469,0,1.54238942005e-05,42738.7634052,0.437141642993,0.26499697633,0.26499697633,0.52999395266,1.2490009027e-16,8.32667268469e-17,0.08,97837.9353662
2012-11-30,97700.3307769,-0.00139193396249,-0.00140645434476,0,1.4206442215,0,1.45203822647e-05,37984.7875391,0.388241916563,0.244540109275,0.244540109275,0.489080218551,2.16840434497e-17,4.16333634234e-17,0.08,97700.3307769
2012-12-03,97508.6647168,-0.00192157656154,-0.00196177493567,0,3.92739444894,0,4.01983741274e-05,31962.2847399,0.327146126178,0.282282259017,0.282282259017,0.564564518034,9.71445146547e-17,1.66533453694e-16,0.08,97508.6647168
2012-12-04,97436.0656417,-0.000729072210999,-0.000744539732041,0,1.50821732329,0,1.5467521042e-05,18594.1266692,0.190692044889,0.245726856658,0.245726856658,0.491453713315,-1.38777878078e-17,1.38777878078e-17,0.08,97436.0656417
2012-12-05,97381.4438779,-0.000547126333289,-0.000560590818585,0,1.31192647316,0,1.34644852963e-05,24150.9342334,0.247864423449,0.327185409564,0.327185409564,0.654370819127,-6.93889390391e-18,0,0.08,97381.4438779
2012-12-06,97511.1044547,0.00134939905313,0.00133147108548,0,1.74585137529,0,1.79279676473e-05,36391.5753347,0.373701332467,0.310576932238,0.310576932238,0.621153864475,4.16333634234e-17,-2.77555756156e-17,0.08,97511.1044547
2012-12-07,97241.115535,-0.00275178386651,-0.00276880178061,0,1.65943559894,0,1.70179140952e-05,31475.6028458,0.322789932714,0.368750990067,0.368750990067,0.737501980134,5.55111512313e-17,0,0.08,97241.115535
2012-12-10,97279.1702834,0.000451960820157,0.00039134421905,0,5.89442591158,0,6.06166011069e-05,45615.4408287,0.469096231339,0.301209367747,0.301209367747,0.602418735494,-4.16333634234e-17,-2.32452945781e-16,0.08,97279.1702834
2012-12-11,97508.8378641,0.00237741683012,0.00236091220723,0,1.6055560206,0,1.65046228902e-05,30242.4829043,0.310883438008,0.261567036607,0.261567036607,0.523134073213,0,-6.59194920871e-17,0.08,97508.8378641
2012-12-12,97423.4032312,-0.000861840783957,-0.000876173224319,0,1.39753960346,0,1.4332440362e-05,30614.7108447,0.313968574699,0.311369090786,0.311369090786,0.622738181572,-1.11022302463e-16,-2.04697370165e-16,0.08,97423.4032312
2012-12-13,97340.2149845,-0.000836822284219,-0.000853883604262,0,1.66217186221,0,1.70613200431e-05,49949.8587427,0.512709031773,0.403545871346,0.403545871346,0.807091742693,-1.11022302463e-16,-1.11022302463e-16,0.08,97340.2149845
2012-12-14,97212.1944114,-0.00129307477234,-0.00131518687488,0,2.15239681496,0,2.21121025395e-05,41593.8930429,0.42730430634,0.391731101866,0.391731101866,0.783462203733,-8.32667268469e-17,-1.80411241502e-16,0.08,97212.1944114
2012-12-17,97433.7378519,0.0023433617445,0.00227896759077,0,6.2598969915,0,6.43941537314e-05,54095.0605826,0.55646373287,0.345372361554,0.345372361554,0.690744723108,-2.49800180541e-16,-2.81025203108e-16,0.08,97433.7378519
2012-12-18,97516.5638708,0.000868999864084,0.000850075351122,0,1.8438860349,0,1.89245129619e-05,40701.5322729,0.417735511028,0.248021888619,0.248021888619,0.496043777239,-1.94289029309e-16,-2.22044604925e-16,0.08,97516.5638708
2012-12-19,97368.9868568,-0.00149976306238,-0.00151335330286,0,1.32527355304,0,1.35902404723e-05,32798.0554579,0.33633317414,0.323173713741,0.323173713741,0.646347427482,-6.80011602583e-16,-8.18789480661e-16,0.08,97368.9868568
2012-12-20,97182.0920722,-0.00190174064727,-0.00191944879597,0,1.72422449785,0,1.77081486981e-05,28608.6635505,0.293816999376,0.329389434118,0.329389434118,0.658778868236,-2.28983498829e-16,-4.09394740331e-16,0.08,97182.0920722
2012-12-21,97061.4054911,-0.00122381155396,-0.00124186029007,0,1.75401393502,0,1.80487361161e-05,27186.3597271,0.279746598858,0.323467315094,0.323467315094,0.646934630188,-3.1918911958e-16,-2.77555756156e-16,0.08,97061.4054911
2012-12-24,97090.5527803,0.000353470124077,0.000300297414746,0,5.16101790139,0,5.31727093305e-05,28280.7100327,0.291369261444,0.268035804374,0.268035804374,0.536071608747,-2.87964097012e-16,-2.63677968348e-16,0.08,97090.5527803
2012-12-26,97093.5607039,6.03543874576e-05,3.09806006769e-05,0,2.85191719578,0,2.93737867807e-05,19100.1981276,0.196725609039,0.267791225256,0.267791225256,0.535582450512,-2.91433543964e-16,-2.77555756156e-16,0.08,97093.5607039
2012-12-27,97153.2971584,0.000629919796756,0.000615246304961,0,1.42470156632,0,1.46734917948e-05,31485.5513874,0.324280530646,0.292009578785,0.292009578785,0.584019157571,-2.70616862252e-16,-3.46944695195e-16,0.08,97153.2971584
2012-12-28,97059.3077665,-0.000951433361837,-0.000967433886702,0,1.55450374689,0,1.60005248649e-05,27299.7499392,0.280996638691,0.255027504929,0.255027504929,0.510055009858,-3.1918911958e-16,-3.33066907388e-16,0.08,97059.3077665
2012-12-31,97000.8974508,-0.000559877920084,-0.000601800249661,0,4.06895228874,0,4.19223295774e-05,43952.8226797,0.45284500468,0.287615592316,0.287615592316,0.575231184631,-4.02455846427e-16,-3.33066907388e-16,0.08,97000.8974508
2013-01-02,96887.2309731,-0.00114028899951,-0.00117180851648,0,3.05742143293,0,3.15195169661e-05,44942.642721,0.463321926932,0.334521670204,0.334521670204,0.669043340407,-7.77156117238e-16,-6.62664367823e-16,0.08,96887.2309731
2013-01-03,96809.4401476,-0.000784570744717,-0.000802900699249,0,1.77593853844,0,1.83299545317e-05,58890.5444693,0.607825653368,0.272047715974,0.272047715974,0.544095431947,-1.45716771982e-16,-1.2490009027e-16,0.08,96809.4401476
2013-01-04,96776.5121683,-0.000325225180586,-0.000340131904749,0,1.44311162065,0,1.49067241629e-05,48400.9310369,0.499960860874,0.167216234985,0.167216234985,0.334432469969,-4.16333634234e-17,-6.93889390391e-18,0.08,96776.5121683
2013-01-07,96812.2598854,0.000396871826862,0.000369384226591,0,2.66015408215,0,2.74876002715e-05,30640.9444898,0.316615507248,0.223531944307,0.223531944307,0.447063888614,-1.45716771982e-16,-1.56125112838e-16,0.08,96812.2598854
2013-01-08,96749.7441074,-0.00063349404275,-0.000645742368465,0,1.18578809233,0,1.22483257154e-05,17472.8360291,0.180481646124,0.238626480504,0.238626480504,0.477252961009,-1.38777878078e-17,-3.81639164715e-17,0.08,96749.7441074
2013-01-09,96847.1103831,0.00101944786,0.00100637243641,0,1.26504388636,0,1.30754235893e-05,16331.3995668,0.16880044198,0.228590496845,0.228590496845,0.45718099369,4.16333634234e-17,0,0.08,96847.1103831
2013-01-10,96723.1024923,-0.00126792457956,-0.00128045008624,0,1.2130591277,0,1.25255066764e-05,54483.0614237,0.562567754558,0.452926156898,0.452926156898,0.905852313796,5.55111512313e-17,2.08166817117e-17,0.08,96723.1024923
2013-01-11,96716.6408243,-4.19879674249e-05,-6.68058390357e-05,0,2.40046153946,0,2.48178716108e-05,45088.3778158,0.466159342018,0.431276941093,0.431276941093,0.862553882187,8.32667268469e-17,1.11022302463e-16,0.08,96716.6408243
2013-01-14,96562.1602492,-0.00152635433897,-0.00159724917861,0,6.85671074096,0,7.08948396318e-05,48121.071823,0.497546972402,0.292737166718,0.292737166718,0.585474333436,1.2490009027e-16,1.2490009027e-16,0.08,96562.1602492
2013-01-15,96758.3379535,0.00204766130727,0.00203162091458,0,1.54889497005,0,1.60403926969e-05,36185.554418,0.374738451632,0.409089402855,0.409089402855,0.818178805711,5.41233724505e-16,5.55111512313e-16,0.08,96758.3379535
2013-01-16,96853.4807994,0.00100571970469,0.000983303846999,0,2.16892113395,0,2.24158576907e-05,47491.2594415,0.490823431303,0.33765416207,0.33765416207,0.67530832414,2.77555756156e-16,1.66533453694e-16,0.08,96853.4807994
2013-01-17,96453.4738567,-0.00411151974413,-0.00413002134205,0,1.79194415906,0,1.85015979217e-05,42772.9966382,0.441625807201,0.28210630343,0.28210630343,0.56421260686,-5.55111512313e-17,-8.32667268469e-17,0.08,96453.4738567
2013-01-18,96359.22962,-0.000961637427408,-0.000977095307048,0,1.49096618974,0,1.545787964e-05,34206.8071632,0.354645673146,0.320503200126,0.320503200126,0.641006400252,3.26128013484e-16,2.77555756156e-16,0.08,96359.22962
2013-01-22,96445.1597686,0.000962016014532,0.000891768737792,0,6.76897346957,0,7.024727674e-05,32278.5756151,0.334981669555,0.369134135219,0.369134135219,0.738268270438,2.15105711021e-16,1.38777878078e-16,0.08,96445.1597686
2013-01-23,96680.7803905,0.00246327937256,0.00244305284461,0,1.9507507204,0,2.02265279572e-05,47826.44041,0.495892593519,0.402232944721,0.402232944721,0.804465889442,8.32667268469e-17,0,0.08,96680.7803905
2013-01-24,96280.5104558,-0.00411807882743,-0.00414011898879,0,2.13085999969,0,2.20401613546e-05,49726.2848602,0.51433474843,0.279802093692,0.279802093692,0.559604187385,-8.32667268469e-17,-9.71445146547e-17,0.08,96280.5104558
2013-01-25,96350.0102828,0.000737178926903,0.000721847305331,0,1.47613635108,0,1.53316215722e-05,32675.4211979,0.339377315754,0.327227632697,0.327227632697,0.654455265394,2.77555756156e-16,1.38777878078e-16,0.08,96350.0102828
2013-01-28,96436.1698675,0.000948026188798,0.000894235345067,0,5.18274834661,0,5.3790843731e-05,27958.6715876,0.290178189971,0.254856088659,0.254856088659,0.509712177318,4.16333634234e-17,-1.11022302463e-16,0.08,96436.1698675
2013-01-29,96642.6257324,0.00215481980514,0.00214085508796,0,1.34670383878,0,1.39647171868e-05,26394.9565081,0.273703907407,0.269062547151,0.269062547151,0.538125094302,6.93889390391e-17,0,0.08,96642.6257324
2013-01-30,96732.9033753,0.000948882124136,0.000934138970868,0,1.42481704345,0,1.47431532685e-05,41270.0919727,0.427038190032,0.333411729607,0.333411729607,0.666823459213,5.48172618409e-16,4.57966997658e-16,0.08,96732.9033753
2013-01-31,96899.824306,0.0017438549999,0.00172558586403,0,1.76722655475,0,1.82691358689e-05,50358.2370399,0.520590567249,0.326501653779,0.326501653779,0.653003307557,1.66533453694e-16,2.77555756156e-17,0.08,96899.824306
2013-02-01,96687.5334915,-0.00217293714991,-0.00219082765149,0,1.73358645955,0,1.78905015769e-05,47779.1755895,0.49307804149,0.250862452915,0.250862452915,0.50172490583,1.94289029309e-16,1.94289029309e-16,0.08,96687.5334915
2013-02-04,96735.0157489,0.000532327421589,0.000491089758096,0,3.98716797008,0,4.12376634928e-05,33735.6891693,0.348914569966,0.283092771565,0.283092771565,0.566185543131,-2.77555756156e-17,-1.38777878078e-17,0.08,96735.0157489
2013-02-05,96548.7617984,-0.00190989169761,-0.0019254036303,0,1.50054705292,0,1.55119326885e-05,30213.0478061,0.312327935982,0.257817854131,0.257817854131,0.515635708263,0,-1.38777878078e-17,0.08,96548.7617984
2013-02-06,96476.3275428,-0.000736107946039,-0.000750234951745,0,1.36394490882,0,1.41270057058e-05,23978.9912358,0.24836145787,0.224818060964,0.224818060964,0.449636121928,0,1.38777878078e-17,0.08,96476.3275428
2013-02-07,96465.6668205,-9.81821149884e-05,-0.000110500912849,0,1.18847237738,0,1.2318797861e-05,19638.2425593,0.203555038417,0.256089558881,0.256089558881,0.512179117761,-1.2490009027e-16,-1.31838984174e-16,0.08,96465.6668205
2013-02-08,96497.4686957,0.00034370270701,0.000329670402414,0,1.3536356199,0,1.40323045962e-05,33076.9733804,0.342888557873,0.306917220647,0.306917220647,0.613834441295,0,3.12250225676e-17,0.08,96497.4686957
2013-02-11,96542.8637785,0.000520879851899,0.000470427706039,0,4.86850436574,0,5.04521458598e-05,29926.3893833,0.310126159658,0.369834130788,0.369834130788,0.739668261575,2.77555756156e-17,5.55111512313e-17,0.08,96542.8637785
2013-02-12,96807.0939466,0.00275718564294,0.00273692075906,0,1.9564299238,0,2.02648838788e-05,48463.0987912,0.501985303672,0.414175983326,0.414175983326,0.828351966651,-5.55111512313e-17,2.77555756156e-17,0.08,96807.0939466
2013-02-13,96928.5652775,0.00127747173996,0.00125477716553,0,2.19699579881,0,2.26945744288e-05,57787.9950686,0.596939673661,0.294036050514,0.294036050514,0.588072101027,-2.74086309204e-16,-3.1918911958e-16,0.08,96928.5652775
2013-02-14,97088.8170754,0.00166940951089,0.00165329794648,0,1.5616708228,0,1.61115644117e-05,47997.3459409,0.495182671934,0.349440517429,0.349440517429,0.698881034857,-5.82867087928e-16,-6.0368376964e-16,0.08,97088.8170754
2013-02-15,97468.1965821,0.0039266984506,0.00390755102499,0,1.85900090276,0,1.91474256125e-05,46771.4706999,0.481739010823,0.189084332922,0.189084332922,0.378168665843,-9.71445146547e-17,-1.5959455979e-16,0.08,97468.1965821
2013-02-19,97385.9184536,-0.000802710453423,-0.000844153594885,0,4.03938825902,0,4.14431414623e-05,33102.6978209,0.339625631557,0.267461317079,0.267461317079,0.534922634158,-6.93889390391e-17,-1.11022302463e-16,0.08,97385.9184536
2013-02-20,97403.9923263,0.00020024562093,0.000185590206295,0,1.4272310145,0,1.46554146345e-05,26497.7151508,0.272089800779,0.266769741792,0.266769741792,0.533539483584,-2.77555756156e-17,-4.16333634234e-17,0.08,97403.9923263
2013-02-21,97673.3665439,0.00278015321552,0.00276553569542,0,1.42380481547,0,1.46175200982e-05,28477.1226709,0.292360939124,0.22039387668,0.22039387668,0.440787753361,-8.32667268469e-17,-1.17961196366e-16,0.08,97673.3665439
2013-02-22,97680.3319949,8.33900948599e-05,7.13137180555e-05,0,1.17954037814,0,1.20763768044e-05,29138.7293131,0.298328299148,0.206875691326,0.206875691326,0.413751382651,3.1918911958e-16,3.46944695195e-16,0.08,97680.3319949
2013-02-25,97644.3483424,-0.000334374795345,-0.000368381758303,0,3.32181143184,0,3.40069629577e-05,39113.4089343,0.400422563433,0.358206404692,0.358206404692,0.716412809384,8.881784197e-16,9.15933995316e-16,0.08,97644.3483424
2013-02-26,97897.43718,0.00261157333315,0.00259194558494,0,1.91653868264,0,1.96277482023e-05,43132.2679644,0.441728258692,0.337256588161,0.337256588161,0.674513176322,9.71445146547e-17,1.38777878078e-16,0.08,97897.43718
2013-02-27,98127.0833181,0.00236426275411,0.00234578294106,0,1.80912633715,0,1.84798130499e-05,57011.4514581,0.58235897793,0.365124197023,0.365124197023,0.730248394047,1.16573417586e-15,1.36002320517e-15,0.08,98127.0833181
2013-02-28,98070.7263934,-0.000554319086986,-0.000574325892303,0,1.96320945221,0,2.00068053163e-05,48503.8290118,0.494296043168,0.373967786134,0.373967786134,0.747935572268,-1.66533453694e-16,-1.66533453694e-16,0.08,98070.7263934
2013-03-01,98157.6826643,0.000907160365239,0.000886668979697,0,2.00960506487,0,2.04913855416e-05,48846.0042854,0.498069159694,0.310725678305,0.310725678305,0.621451356609,1.2490009027e-16,1.04083408559e-16,0.08,98157.6826643
2013-03-04,98217.2343937,0.000657772725802,0.000606694532108,0,5.01371712768,0,5.10781936939e-05,40370.514422,0.411282268756,0.239981389393,0.239981389393,0.479962778786,2.08166817117e-16,1.80411241502e-16,0.08,98217.2343937
2013-03-05,98203.2388051,-0.000129346594819,-0.000142496259992,0,1.29152374642,0,1.31496651722e-05,48735.5147869,0.496201253149,0.294437578035,0.294437578035,0.588875156069,3.12250225676e-16,2.22044604925e-16,0.08,98203.2388051
2013-03-06,98196.5580938,-5.18958738699e-05,-6.80294397896e-05,0,1.58436842679,0,1.61335659197e-05,54217.3731422,0.552093533797,0.46343912543,0.46343912543,0.926878250861,6.24500451352e-16,4.71844785466e-16,0.08,98196.5580938
2013-03-07,97913.8773156,-0.00285332997006,-0.00287872389474,0,2.49359600018,0,2.53939246811e-05,68275.4055877,0.695293266007,0.452262512935,0.452262512935,0.90452502587,1.38777878078e-16,-2.77555756156e-17,0.08,97913.8773156
2013-03-08,98031.3587468,0.00122462604849,0.00119984454093,0,2.42645349074,0,2.47815075581e-05,41706.4776678,0.425950629382,0.367890309524,0.367890309524,0.735780619047,2.77555756156e-17,-5.55111512313e-17,0.08,98031.3587468
2013-03-11,97973.7944505,-0.000526727761598,-0.000587202880972,0,5.92845812258,0,6.04751193737e-05,32577.5240053,0.332317377029,0.362172493419,0.362172493419,0.724344986838,3.60822483003e-16,3.88578058619e-16,0.08,97973.7944505
2013-03-12,98297.1017249,0.00331978130322,0.00329993623509,0,1.94429662608,0,1.98450681326e-05,42087.1522274,0.429575607063,0.267808524677,0.267808524677,0.535617049354,5.55111512313e-17,0,0.08,98297.1017249
2013-03-13,98184.1453759,-0.00113445760058,-0.00114913204029,0,1.44245489277,0,1.46744397083e-05,39527.5929695,0.402123687025,0.361058639877,0.361058639877,0.722117279754,2.77555756156e-16,2.63677968348e-16,0.08,98184.1453759
2013-03-14,98320.7097482,0.00141068448826,0.0013909004532,0,1.94247857462,0,1.97840350617e-05,25345.2413665,0.258139858217,0.384009361783,0.384009361783,0.768018723566,-5.55111512313e-17,-9.71445146547e-17,0.08,98320.7097482
2013-03-15,97894.7885059,-0.00431091697195,-0.00433195858081,0,2.06882591783,0,2.10416088648e-05,58835.1582807,0.598400463457,0.435968676385,0.435968676385,0.871937352771,-2.77555756156e-17,0,0.08,97894.7885059
2013-03-18,97995.1142847,0.0010964987672,0.00102483268341,0,7.01573611561,0,7.16660837894e-05,62932.5692585,0.64285923918,0.321395910625,0.321395910625,0.642791821251,-1.11022302463e-16,-1.11022302463e-16,0.08,97995.1142847
2013-03-19,97995.109303,1.75598985021e-05,-5.08363265928e-08,0,1.72576597218,0,1.76107348288e-05,52845.6559274,0.539268271823,0.424840269964,0.424840269964,0.849680539927,-1.73472347598e-17,4.16333634234e-17,0.08,97995.109303
2013-03-20,97988.9433155,-3.96424604192e-05,-6.29213793213e-05,0,2.28122020227,0,2.32789189021e-05,41413.118712,0.42260393408,0.387576002064,0.387576002064,0.775152004127,-4.85722573274e-17,2.77555756156e-17,0.08,97988.9433155
2013-03-21,97967.5801552,-0.00019677898849,-0.000218016029699,0,2.08099522721,0,2.1237041209e-05,23768.4954458,0.242563034579,0.405640442522,0.405640442522,0.811280885045,2.08166817117e-17,8.32667268469e-17,0.08,97967.5801552
2013-03-22,98279.3742746,0.00320485238058,0.00318262550702,0,2.17751301737,0,2.22268735629e-05,43362.4131831,0.44262002914,0.365834496545,0.365834496545,0.73166899309,1.52655665886e-16,2.35922392733e-16,0.08,98279.3742746
2013-03-25,98078.3419632,-0.00198538165993,-0.00204551883744,0,5.91024417674,0,6.01371775142e-05,41648.1850747,0.42377340497,0.270737928571,0.270737928571,0.541475857141,4.02455846427e-16,4.71844785466e-16,0.08,98078.3419632
2013-03-26,98211.2179976,0.00136962982324,0.00135479486825,0,1.45498778853,0,1.48349549902e-05,23871.7609064,0.243394825285,0.191406398751,0.191406398751,0.382812797501,1.11022302463e-16,1.11022302463e-16,0.08,98211.2179976
2013-03-27,98391.2385665,0.00184348197729,0.00183299395544,0,1.03004140021,0,1.04880218493e-05,21214.8141549,0.21601212761,0.168277777243,0.168277777243,0.336555554485,3.53883589099e-16,4.64905891562e-16,0.08,98391.2385665
2013-03-28,98570.949517,0.00183571412712,0.001826493427,0,0.907236105541,0,9.22070012288e-06,29105.2128904,0.295811022551,0.259617501266,0.259617501266,0.519235002533,-1.17961196366e-16,-4.85722573274e-17,0.08,98570.949517
2013-04-01,98566.7535864,1.43348471892e-05,-4.25676188417e-05,0,5.60893010654,0,5.6902466031e-05,49868.7049504,0.505916856789,0.361363384968,0.361363384968,0.722726769937,-1.11022302463e-16,-1.11022302463e-16,0.08,98566.7535864
2013-04-02,98243.721371,-0.00325749311706,-0.00327729385048,0,1.95169401213,0,1.98007334229e-05,44979.3651899,0.456334043207,0.238986187645,0.238986187645,0.47797237529,4.37150315946e-16,3.74700270811e-16,0.08,98243.721371
2013-04-03,98151.8605468,-0.000921934840849,-0.000935029974419,0,1.28651465373,0,1.30951335696e-05,20869.8569288,0.212429421825,0.240049201529,0.240049201529,0.480098403058,5.55111512313e-17,8.32667268469e-17,0.08,98151.8605468
2013-04-04,98189.3110925,0.000394710546715,0.000381557165809,0,1.29102880837,0,1.31533809057e-05,20457.2654914,0.208424632783,0.207163984981,0.207163984981,0.414327969962,2.8449465006e-16,2.91433543964e-16,0.08,98189.3110925
2013-04-05,98130.1915594,-0.000590745991079,-0.000602097442311,0,1.11459117635,0,1.13514512318e-05,28302.5567652,0.288244783982,0.222514490003,0.222514490003,0.445028980006,6.10622663544e-16,6.38378239159e-16,0.08,98130.1915594
2013-04-08,98227.7067038,0.00103031005948,0.000993732335097,0,3.58937910062,0,3.65777243841e-05,23140.7883726,0.235817213896,0.223975915061,0.223975915061,0.447951830122,2.22044604925e-16,2.15105711021e-16,0.08,98227.7067038
2013-04-09,98189.0809594,-0.000380953919228,-0.000393226572108,0,1.20551454758,0,1.227265288e-05,34505.0486789,0.351276130093,0.275814178015,0.275814178015,0.551628356029,2.77555756156e-17,6.24500451352e-17,0.08,98189.0809594
2013-04-10,98121.025821,-0.000677989811861,-0.000693102917505,0,1.48394195369,0,1.51131056446e-05,47875.9310801,0.487589155661,0.311128123558,0.311128123558,0.622256247117,-2.77555756156e-17,-4.51028103754e-17,0.08,98121.025821
2013-04-11,98479.9452715,0.00367497410683,0.00365792599047,0,1.6727786655,0,1.70481163594e-05,31666.5047373,0.322729042755,0.256354003318,0.256354003318,0.512708006636,-1.38777878078e-16,-1.80411241502e-16,0.08,98479.9452715
2013-04-12,98442.8499794,-0.000362631848209,-0.000376678642911,0,1.38332757353,0,1.40467947023e-05,42582.904364,0.432401787456,0.287005440168,0.287005440168,0.574010880336,-1.38777878078e-17,-7.6327832943e-17,0.08,98442.8499794
2013-04-15,98360.8954201,-0.000785330030885,-0.000832509007351,0,4.64443290242,0,4.7178976466e-05,30477.5940065,0.309596827122,0.300707407189,0.300707407189,0.601414814378,0,-2.77555756156e-17,0.08,98360.8954201
2013-04-16,98402.2881729,0.000437302413457,0.000420825295255,0,1.6207041003,0,1.64771182021e-05,41361.5598229,0.420508166851,0.278645951781,0.278645951781,0.557291903562,1.38777878078e-16,1.2490009027e-16,0.08,98402.2881729
2013-04-17,98333.92648,-0.000679448225533,-0.000694716496863,0,1.50243283536,0,1.52682713305e-05,38352.6568328,0.38975370944,0.265591923531,0.265591923531,0.531183847061,1.11022302463e-16,1.80411241502e-16,0.08,98333.92648
2013-04-18,98704.7893691,0.00378601724099,0.00377146425888,0,1.43105187299,0,1.45529821113e-05,41934.3036338,0.426447973094,0.437031798179,0.437031798179,0.874063596358,1.94289029309e-16,2.49800180541e-16,0.08,98704.7893691
2013-04-19,98761.1190827,0.000594635704415,0.000570688756569,0,2.36367844312,0,2.39469478454e-05,52868.7430846,0.535624901511,0.397261353408,0.397261353408,0.794522706817,7.21644966006e-16,7.77156117238e-16,0.08,98761.1190827
2013-04-22,98607.7857192,-0.00148726486882,-0.001552568105,0,6.44942068453,0,6.53032361767e-05,46261.3054699,0.468416173284,0.387974493939,0.387974493939,0.775948987878,5.27355936697e-16,5.6898930012e-16,0.08,98607.7857192
2013-04-23,98871.0794688,0.00269137004136,0.00267011116498,0,2.09629072673,0,2.12588763802e-05,36504.9596588,0.370203624314,0.281438390301,0.281438390301,0.562876780601,1.38777878078e-16,1.5959455979e-16,0.08,98871.0794688
2013-04-24,98851.5849206,-0.000181750108189,-0.000197171389849,0,1.52471876455,0,1.54212816603e-05,38187.5408306,0.38623570245,0.275864491072,0.275864491072,0.551728982143,1.5959455979e-16,1.07552855511e-16,0.08,98851.5849206
2013-04-25,98955.264229,0.00106395396148,0.00104883809895,0,1.49422696799,0,1.51158625245e-05,26294.2487646,0.265997240062,0.29788506786,0.29788506786,0.595770135721,-2.49800180541e-16,-2.49800180541e-16,0.08,98955.264229
2013-04-26,98996.2323709,0.00043032916395,0.000414006694478,0,1.61519427945,0,1.63224694718e-05,39310.6775039,0.397257061665,0.301030149946,0.301030149946,0.602060299893,-1.70002900646e-16,-1.66533453694e-16,0.08,98996.2323709
2013-04-29,99172.6743641,0.00183179459318,0.00178231018497,0,4.89876997393,0,4.94844082104e-05,43691.195901,0.441342007212,0.28735854835,0.28735854835,0.574717096701,-1.38777878078e-16,-1.4224732503e-16,0.08,99172.6743641
2013-04-30,98778.6933223,-0.00395693172293,-0.00397267739682,0,1.56154058856,0,1.57456738822e-05,37518.8194632,0.378318117402,0.369685468777,0.369685468777,0.739370937555,-3.1918911958e-16,-2.98372437868e-16,0.08,98778.6933223
2013-05-01,98973.8568044,0.00199602170888,0.00197576497086,0,2.00093411211,0,2.02567380152e-05,39772.7707655,0.402645240869,0.270249079352,0.270249079352,0.540498158704,0,3.46944695195e-17,0.08,98973.8568044
2013-05-02,98918.8602762,-0.000540859054556,-0.000555667223288,0,1.46562157158,0,1.48081687316e-05,37356.4410303,0.377437459107,0.298498389193,0.298498389193,0.596996778385,0,2.42861286637e-17,0.08,98918.8602762
2013-05-03,98682.2889941,-0.00237521294738,-0.0023915690235,0,1.6179244084,0,1.63560761201e-05,45385.4276941,0.458814704975,0.365020124359,0.365020124359,0.730040248718,1.11022302463e-16,1.73472347598e-16,0.08,98682.2889941
2013-05-06,98725.7911662,0.000500833901972,0.000440830593858,0,5.92126379189,0,6.00033081138e-05,34965.7569827,0.354326570037,0.390461624066,0.390461624066,0.780923248133,5.55111512313e-17,1.38777878078e-17,0.08,98725.7911662
2013-05-07,99051.674222,0.00332228595783,0.00330089080034,0,2.11225384964,0,2.13951574831e-05,43064.2322109,0.436200426476,0.264193552876,0.264193552876,0.528387105753,-2.22044604925e-16,-1.2490009027e-16,0.08,99051.674222
2013-05-08,99035.1327564,-0.000152521984923,-0.000166998343985,0,1.4339076017,0,1.44763590617e-05,33405.6375181,0.337254647945,0.232628454884,0.232628454884,0.465256909768,-2.08166817117e-16,-2.18575157973e-16,0.08,99035.1327564
2013-05-09,99022.3654444,-0.000116170233555,-0.000128916998207,0,1.26237752944,0,1.27467646512e-05,40692.0660751,0.41088515704,0.238472368012,0.238472368012,0.476944736024,-6.24500451352e-17,-6.24500451352e-17,0.08,99022.3654444
2013-05-10,99151.24089,0.0013145451356,0.00130147815653,0,1.29392317664,0,1.30669790691e-05,30805.5763519,0.311097156826,0.275343041237,0.275343041237,0.550686082475,-4.71844785466e-16,-4.57966997658e-16,0.08,99151.24089
2013-05-13,99359.3166689,0.0021438314585,0.00209856958871,0,4.48777055492,0,4.52618697924e-05,47544.2481611,0.479512386676,0.276635112529,0.276635112529,0.553270225058,-5.27355936697e-16,-5.58580959265e-16,0.08,99359.3166689
2013-05-14,99403.6256226,0.000461104731178,0.00044594664282,0,1.50609730123,0,1.51580883578e-05,59603.1951111,0.599875251857,0.404937736297,0.404937736297,0.809875472595,-1.94289029309e-16,-1.71737624122e-16,0.08,99403.6256226
2013-05-15,99155.4636428,-0.00247431996485,-0.00249650833397,0,2.2056043364,0,2.21883691122e-05,70926.5416016,0.713520670473,0.416892992955,0.416892992955,0.83378598591,-1.66533453694e-16,-2.49800180541e-16,0.08,99155.4636428
2013-05-16,99438.2225174,0.00287451560596,0.00285167215429,0,2.26505304142,0,2.28434516688e-05,48630.9205094,0.490451244165,0.384118862221,0.384118862221,0.768237724441,2.49800180541e-16,1.52655665886e-16,0.08,99438.2225174
2013-05-17,99261.0134138,-0.00176105487716,-0.00178210248605,0,2.09293681614,0,2.10476088888e-05,41025.4865449,0.412572605445,0.398462308438,0.398462308438,0.796924616877,1.66533453694e-16,2.08166817117e-17,0.08,99261.0134138
2013-05-20,99573.8294572,0.00321694987469,0.00315144922125,0,6.50166123991,0,6.55006534419e-05,37394.9997977,0.376734011789,0.361202925604,0.361202925604,0.722405851208,-2.77555756156e-17,-5.55111512313e-17,0.08,99573.8294572
2013-05-21,99418.8049069,-0.00153708852842,-0.00155688046955,0,1.9707593706,0,1.9791941129e-05,34585.3378797,0.347333612338,0.412945526871,0.412945526871,0.825891053742,-1.2490009027e-16,-2.22044604925e-16,0.08,99418.8049069
2013-05-22,99619.887789,0.00204521113176,0.0020225839796,0,2.24956442593,0,2.26271521573e-05,44096.7735309,0.443545600575,0.34183043792,0.34183043792,0.68366087584,1.38777878078e-17,-2.77555756156e-17,0.08,99619.887789
2013-05-23,99527.8924931,-0.000904732719469,-0.000923463154423,0,1.86592382841,0,1.87304349545e-05,41972.3631585,0.421325139889,0.324030941655,0.324030941655,0.64806188331,-3.12250225676e-16,-2.77555756156e-16,0.08,99527.8924931
2013-05-24,99579.4383474,0.000535658724111,0.00051790360402,0,1.76712968359,0,1.77551200907e-05,27479.50668,0.276098548775,0.363023272731,0.363023272731,0.726046545462,-4.51028103754e-17,-5.55111512313e-17,0.08,99579.4383474
2013-05-28,99438.069162,-0.0013400956649,-0.0014196624096,0,7.92321174917,0,7.95667447081e-05,46856.3933085,0.470542855896,0.431793652906,0.431793652906,0.863587305811,0,0,0.08,99438.069162
2013-05-29,99299.5827578,-0.00136903007052,-0.0013926899967,0,2.35269737651,0,2.36599261866e-05,43290.463145,0.43535100299,0.338020715828,0.338020715828,0.676041431657,1.38777878078e-17,-3.46944695195e-17,0.08,99299.5827578
2013-05-30,99170.6057554,-0.00128034583294,-0.001298867516,0,1.83919539974,0,1.85216830591e-05,41124.4294695,0.414145037949,0.284240347659,0.284240347659,0.568480695317,-5.55111512313e-16,-4.92661467177e-16,0.08,99170.6057554
2013-05-31,99123.4836044,-0.000459587666669,-0.000475162480239,0,1.5445636963,0,1.55748135703e-05,53362.0720596,0.538083554629,0.431116351013,0.431116351013,0.862232702027,-2.77555756156e-16,-3.33066907388e-16,0.08,99123.4836044
2013-06-03,99201.281802,0.000855729856264,0.000784861415002,0,7.02472677555,0,7.08684412625e-05,46507.6723935,0.469189244591,0.431134993415,0.431134993415,0.86226998683,-2.42861286637e-16,-1.73472347598e-16,0.08,99201.281802
2013-06-04,99332.2919984,0.00134427407349,0.00132065023823,0,2.34351473844,0,2.36238352556e-05,34068.0378556,0.343423363457,0.423252438658,0.423252438658,0.846504877315,-2.77555756156e-16,-2.22044604925e-16,0.08,99332.2919984
2013-06-05,99573.5358045,0.00245184629478,0.00242865438033,0,2.30370601785,0,2.3191914447e-05,44352.2228223,0.446503568276,0.316173515239,0.316173515239,0.632347030477,-5.55111512313e-17,-2.77555756156e-17,0.08,99573.5358045
2013-06-06,99883.4043924,0.00312928183919,0.00311195726301,0,1.7250693063,0,1.73245761775e-05,34908.5852975,0.350580955226,0.299598244092,0.299598244092,0.599196488185,1.66533453694e-16,2.04697370165e-16,0.08,99883.4043924
2013-06-07,99939.0935201,0.000573957687584,0.000557541345442,0,1.63972014082,0,1.64163421421e-05,52099.427031,0.521602435839,0.278234797853,0.278234797853,0.556469595707,1.11022302463e-16,8.84708972748e-17,0.08,99939.0935201
2013-06-10,99994.2813812,0.00059795217268,0.000552214945636,0,4.57093701094,0,4.57372270444e-05,59069.5262806,0.591055253755,0.424648344729,0.424648344729,0.849296689459,0,-6.93889390391e-18,0.08,99994.2813812
2013-06-11,100194.786194,0.0020284311938,0.00200516279135,0,2.32670718197,0,2.32684024509e-05,47676.5323588,0.476792589539,0.254129724127,0.254129724127,0.508259448254,-2.77555756156e-17,-2.77555756156e-17,0.08,100194.786194
2013-06-12,100169.834229,-0.000235109645855,-0.000249034562246,0,1.39520402051,0,1.39249163905e-05,38947.1022531,0.388713861596,0.322126797621,0.322126797621,0.644253595241,2.77555756156e-17,-1.38777878078e-17,0.08,100169.834229
2013-06-13,100121.57845,-0.000464088850991,-0.000481739634422,0,1.76807605032,0,1.76507834313e-05,37794.6908039,0.377306113112,0.38211287429,0.38211287429,0.76422574858,-1.66533453694e-16,-2.49800180541e-16,0.08,100121.57845
2013-06-14,100034.216257,-0.000851623382672,-0.000872561074414,0,2.09631474629,0,2.09376917419e-05,45992.0485039,0.459361999842,0.275009523881,0.275009523881,0.550019047763,0,-2.08166817117e-17,0.08,100034.216257
2013-06-17,100091.055869,0.000613408743661,0.000568201698639,0,4.52225131805,0,4.52070450216e-05,47595.081706,0.475788020206,0.324395569097,0.324395569097,0.648791138195,5.55111512313e-17,-2.77555756156e-17,0.08,100091.055869
2013-06-18,99998.1517281,-0.000910421132477,-0.000928196232154,0,1.7791284948,0,1.77750996766e-05,48906.2463066,0.488617548111,0.320751203359,0.320751203359,0.641502406719,3.46944695195e-17,1.38777878078e-17,0.08,99998.1517281
2013-06-19,99979.0177595,-0.000173767814523,-0.000191343222927,0,1.75750835619,0,1.75754084033e-05,52467.0672896,0.524680370416,0.414406112381,0.414406112381,0.828812224762,-1.80411241502e-16,-2.35922392733e-16,0.08,99979.0177595
2013-06-20,99853.8894841,-0.00122883817247,-0.00125154535671,0,2.27024197641,0,2.27071842401e-05,42808.0236781,0.428170076456,0.3951599883,0.3951599883,0.7903199766,-2.49800180541e-16,-2.7582103268e-16,0.08,99853.8894841
2013-06-21,99684.4225394,-0.00167549655778,-0.00169714915988,0,2.162096537,0,2.16526020986e-05,61422.248131,0.615121238125,0.2652702116,0.2652702116,0.5305404232,0,0,0.08,99684.4225394
2013-06-24,99797.1909756,0.00117486040737,0.00113125434519,0,4.34684512771,0,4.36060621808e-05,47108.2187127,0.47257352265,0.246129891528,0.246129891528,0.492259783056,7.6327832943e-17,2.77555756156e-17,0.08,99797.1909756
2013-06-25,99637.9252342,-0.00158240746121,-0.00159589403061,0,1.3459217419,0,1.34865693988e-05,42309.1421236,0.423951232595,0.294208471056,0.294208471056,0.588416942113,7.35522753814e-16,6.15826833972e-16,0.08,99637.9252342
2013-06-26,99406.0022994,-0.00231153619565,-0.00232765720776,0,1.60626419958,0,1.61210121127e-05,31234.3502157,0.313478528806,0.203529587414,0.203529587414,0.407059174828,1.66533453694e-16,1.17961196366e-16,0.08,99406.0022994
2013-06-27,99386.8515347,-0.000181499688863,-0.000192651995023,0,1.10860617175,0,1.11523061597e-05,23441.3588169,0.235814319806,0.257313882652,0.257313882652,0.514627765304,2.63677968348e-16,2.42861286637e-16,0.08,99386.8515347
2013-06-28,99467.6355932,0.000826923796369,0.000812824405539,0,1.40129406317,0,1.40993908302e-05,25471.839404,0.256289831206,0.275696139463,0.275696139463,0.551392278926,4.4408920985e-16,3.74700270811e-16,0.08,99467.6355932
2013-07-01,99404.6731202,-0.000587674655049,-0.000632994568386,0,4.50786462486,0,4.53199133364e-05,47939.780515,0.481963607852,0.364142313394,0.364142313394,0.728284626788,1.94289029309e-16,1.38777878078e-16,0.08,99404.6731202
2013-07-02,99495.3568286,0.000932221065028,0.000912268061554,0,1.98342178806,0,1.99530034736e-05,70279.414392,0.707003123556,0.415615021371,0.415615021371,0.831230042743,-2.77555756156e-17,-1.38777878078e-17,0.08,99495.3568286
2013-07-03,99647.9017312,0.0015559595704,0.00153318614458,0,2.26585012902,0,2.27734258286e-05,38249.3701508,0.384433720025,0.393815606146,0.393815606146,0.787631212292,-5.55111512313e-17,-4.16333634234e-17,0.08,99647.9017312
2013-07-05,99829.5802023,0.0018663620564,0.00182320418175,0,4.30059165167,0,4.31578746462e-05,43433.3338417,0.435868022177,0.434444884638,0.434444884638,0.868889769276,-1.2490009027e-16,-4.16333634234e-17,0.08,99829.5802023
2013-07-08,99847.2390507,0.000248305537385,0.000176889939911,0,7.1293891158,0,7.14155974747e-05,46541.0049951,0.46620455481,0.469584165111,0.469584165111,0.939168330222,-2.22044604925e-16,-1.11022302463e-16,0.08,99847.2390507
2013-07-09,99784.4799635,-0.000602820413425,-0.000628551052609,0,2.56913328155,0,2.57306391842e-05,60857.1778565,0.609502860921,0.408688644152,0.408688644152,0.817377288304,-6.93889390391e-17,-2.77555756156e-17,0.08,99784.4799635
2013-07-10,99904.2207903,0.00122238839421,0.0011999944959,0,2.23456349719,0,2.23938983097e-05,55743.1970254,0.558635942641,0.37348088775,0.37348088775,0.7469617755,-1.66533453694e-16,-1.66533453694e-16,0.08,99904.2207903
2013-07-11,100081.200775,0.00179196128281,0.00177149657663,0,2.04451052442,0,2.04647061781e-05,54950.6883842,0.550033701775,0.445019505936,0.445019505936,0.890039011872,-1.38777878078e-16,-1.94289029309e-16,0.08,100081.200775
2013-07-12,100185.365284,0.00106518458075,0.00104079995029,0,2.44044309713,0,2.43846304623e-05,58201.011995,0.58153790666,0.381489871796,0.381489871796,0.762979743593,-1.38777878078e-16,-8.32667268469e-17,0.08,100185.365284
2013-07-15,100307.721329,0.00128400725046,0.0012212965866,0,6.28269076572,0,6.27106638569e-05,46091.9168093,0.460066364768,0.328121062397,0.328121062397,0.656242124793,-4.16333634234e-17,-5.55111512313e-17,0.08,100307.721329
2013-07-16,100241.415949,-0.000643040462169,-0.000661019698464,0,1.80345622405,0,1.79792362957e-05,43268.189522,0.431354525343,0.373269809795,0.373269809795,0.746539619591,-6.93889390391e-17,-5.55111512313e-17,0.08,100241.415949
2013-07-17,100152.293445,-0.000868625522505,-0.000889078662768,0,2.05025174054,0,2.04531402628e-05,61573.5758028,0.614252853672,0.339774962831,0.339774962831,0.679549925663,1.38777878078e-17,5.55111512313e-17,0.08,100152.293445
2013-07-18,100607.753031,0.00456628786291,0.00454767005673,0,1.8646159881,0,1.86178061825e-05,49515.9316092,0.494406367602,0.287141209024,0.287141209024,0.574282418048,-2.08166817117e-16,-1.94289029309e-16,0.08,100607.753031
2013-07-19,100880.578609,0.00272750864825,0.00271177488337,0,1.5829387311,0,1.5733764878e-05,51946.6462786,0.516328460914,0.319407243447,0.319407243447,0.638814486894,-5.82867087928e-16,-4.7878367937e-16,0.08,100880.578609
2013-07-22,100870.601222,-4.63976542033e-05,-9.8902954496e-05,0,5.29676507355,0,5.25053002927e-05,49892.5224637,0.494570145729,0.27939550956,0.27939550956,0.558791019121,-1.31838984174e-16,-9.71445146547e-17,0.08,100870.601222
2013-07-23,100644.815775,-0.00222305786586,-0.00223836720885,0,1.54426263167,0,1.53093429896e-05,22377.4653709,0.221843283374,0.311858941573,0.311858941573,0.623717883146,-5.10008701937e-16,-4.64905891562e-16,0.08,100644.815775
2013-07-24,100882.746384,0.00238115039657,0.00236406223539,0,1.71983483411,0,1.70881611821e-05,18925.5844302,0.188043311366,0.309347715105,0.309347715105,0.61869543021,-3.05311331772e-16,-3.08780778724e-16,0.08,100882.746384
2013-07-25,100964.187625,0.000824236681189,0.000807286121457,0,1.71001901848,0,1.69505597318e-05,29342.2045704,0.29085453779,0.261233871879,0.261233871879,0.522467743758,-4.85722573274e-17,-2.77555756156e-17,0.08,100964.187625
2013-07-26,101608.108975,0.00639203449336,0.0063777203086,0,1.44522003585,0,1.43141847605e-05,38845.2739715,0.384743094412,0.271774879685,0.271774879685,0.54354975937,-4.02455846427e-16,-3.26128013484e-16,0.08,101608.108975
2013-07-29,101507.701554,-0.000943507815931,-0.000988183138619,0,4.53937505615,0,4.4675322688e-05,54539.8219253,0.536766430118,0.259203435491,0.259203435491,0.518406870981,1.04083408559e-17,3.46944695195e-17,0.08,101507.701554
2013-07-30,101545.84145,0.000389936939121,0.000375734011149,0,1.44170657379,0,1.42029279721e-05,24161.0571969,0.238021911903,0.287271143196,0.287271143196,0.574542286391,1.80411241502e-16,1.94289029309e-16,0.08,101545.84145
2013-07-31,101602.470972,0.000573415337172,0.000557674452613,0,1.59842136768,0,1.57408845587e-05,27554.5322623,0.271350671468,0.278064561132,0.278064561132,0.556129122265,1.2490009027e-16,1.38777878078e-16,0.08,101602.470972
2013-08-01,101490.436661,-0.00108743667973,-0.00110267309404,0,1.54805734251,0,1.52364143086e-05,28535.9379028,0.28085869989,0.236497491592,0.236497491592,0.472994983185,5.55111512313e-17,9.02056207508e-17,0.08,101490.436661
2013-08-02,101330.660878,-0.00156133520762,-0.00157429397428,0,1.31519088717,0,1.29587666626e-05,33527.5826109,0.330352136753,0.25070635211,0.25070635211,0.501412704221,0,4.85722573274e-17,0.08,101330.660878
2013-08-05,101243.990147,-0.00081411382052,-0.000855325823607,0,4.17603950887,0,4.12120030866e-05,28640.2684778,0.282641682485,0.23060457537,0.23060457537,0.46120915074,-3.46944695195e-18,2.25514051877e-17,0.08,101243.990147
2013-08-06,101273.350497,0.000302631848357,0.000289995981213,0,1.27930560858,0,1.26358671435e-05,15819.2241521,0.156248525262,0.217199986871,0.217199986871,0.434399973742,-9.71445146547e-17,-5.37764277553e-17,0.08,101273.350497
2013-08-07,101352.899183,0.000797386248447,0.000785484879304,0,1.20529152868,0,1.19013691436e-05,22935.6909079,0.226473112574,0.244976835907,0.244976835907,0.489953671813,-1.11022302463e-16,-8.95550994473e-17,0.08,101352.899183
2013-08-08,101348.49164,-3.00637065356e-05,-4.34870948044e-05,0,1.3604993179,0,1.34233882689e-05,19822.1063823,0.195575129494,0.232793153355,0.232793153355,0.46558630671,0,1.38777878078e-17,0.08,101348.49164
2013-08-09,101411.330561,0.000632783974278,0.000620028185053,0,1.29277999762,0,1.27557892249e-05,47604.52853,0.469711268119,0.330688452405,0.330688452405,0.661376904811,8.32667268469e-17,6.93889390391e-17,0.08,101411.330561
2013-08-12,101259.669193,-0.00144114738004,-0.00149550712564,0,5.51269413034,0,5.43597456009e-05,60545.0818347,0.597024824541,0.420101761526,0.420101761526,0.840203523053,2.91433543964e-16,2.35922392733e-16,0.08,101259.669193
2013-08-13,101311.807193,0.000537913307826,0.000514894033222,0,2.33092413149,0,2.30192746042e-05,44117.5684982,0.435687464215,0.336827489141,0.336827489141,0.673654978282,4.7878367937e-16,4.85722573274e-16,0.08,101311.807193
2013-08-14,101020.855669,-0.00285338591055,-0.00287184221132,0,1.8698411856,0,1.84563007749e-05,53228.5248542,0.525393104012,0.250942895805,0.250942895805,0.50188579161,7.6327832943e-17,9.02056207508e-17,0.08,101020.855669
2013-08-15,100928.409116,-0.000901373142249,-0.000915123437909,0,1.38906663333,0,1.37502956606e-05,27424.7203744,0.271475827371,0.264410695417,0.264410695417,0.528821390834,-6.93889390391e-17,5.20417042793e-18,0.08,100928.409116
2013-08-16,100898.28207,-0.000284010906125,-0.000298499163409,0,1.46227675845,0,1.44882572831e-05,33001.2382907,0.326976701404,0.258698685584,0.258698685584,0.517397371168,9.36750677027e-17,1.11022302463e-16,0.08,100898.28207
2013-08-19,100876.197275,-0.000176355966129,-0.000218881777458,0,4.29078130672,0,4.25258113289e-05,21494.4977509,0.213031355043,0.164572783733,0.164572783733,0.329145567466,-9.71445146547e-17,3.46944695195e-18,0.08,100876.197275
2013-08-20,100918.49676,0.000428338456727,0.000419320769947,0,0.909669950571,0,9.0176867799e-06,19724.5298262,0.195532051753,0.200322590861,0.200322590861,0.400645181721,-2.08166817117e-17,2.60208521397e-17,0.08,100918.49676
2013-08-21,100890.489863,-0.000266543371431,-0.000277519951753,0,1.10773998557,0,1.09765803211e-05,50712.7371019,0.50251181627,0.391724914259,0.391724914259,0.783449828518,0,4.85722573274e-17,0.08,100890.489863
2013-08-22,100684.829782,-0.00201698425544,-0.00203844863431,0,2.16555169815,0,2.14643788635e-05,49681.6321814,0.49243127126,0.340193983539,0.340193983539,0.680387967077,4.16333634234e-17,6.93889390391e-17,0.08,100684.829782
2013-08-23,100549.96345,-0.00132084932396,-0.00133949009018,0,1.87684237399,0,1.86407662213e-05,34963.3129453,0.347255023632,0.239838613044,0.239838613044,0.479677226089,-9.71445146547e-17,-2.77555756156e-17,0.08,100549.96345
2013-08-26,100514.356648,-0.000314694962536,-0.000354120487968,0,3.96423514119,0,3.94255254319e-05,25386.6010276,0.252477476436,0.203377314138,0.203377314138,0.406754628276,-4.16333634234e-17,-2.77555756156e-17,0.08,100514.356648
2013-08-27,100550.779844,0.000373512055829,0.00036236809341,0,1.12012821301,0,1.11439624185e-05,27672.4540697,0.275308473262,0.212262981024,0.212262981024,0.424525962048,-3.1918911958e-16,-2.49800180541e-16,0.08,100550.779844
2013-08-28,100565.589172,0.000158912930897,0.000147282082622,0,1.16949086432,0,1.16308482753e-05,20770.6770437,0.206569029857,0.210154377056,0.210154377056,0.420308754112,8.32667268469e-17,4.16333634234e-17,0.08,100565.589172
2013-08-29,100604.43782,0.000397816905094,0.000386301596762,0,1.15804376689,0,1.15153083318e-05,45111.1597421,0.448574508572,0.334622213866,0.334622213866,0.669244427731,1.2490009027e-16,8.32667268469e-17,0.08,100604.43782
2013-08-30,100614.824137,0.00012157461611,0.000103239152337,0,1.84462902509,0,1.83354637735e-05,26218.119019,0.260605989032,0.290981601904,0.290981601904,0.581963203809,3.46944695195e-16,2.77555756156e-16,0.08,100614.824137
2013-09-03,100831.475318,0.00221704976368,0.00215327297423,0,6.41689045537,0,6.37767894585e-05,34387.1484927,0.34177019925,0.344579971131,0.344579971131,0.689159942262,4.16333634234e-16,3.33066907388e-16,0.08,100831.475318
2013-09-04,100793.920675,-0.000353568514218,-0.000372449608526,0,1.90380859475,0,1.88810943086e-05,43971.4102208,0.436088136983,0.30272471328,0.30272471328,0.60544942656,4.16333634234e-17,1.38777878078e-17,0.08,100793.920675
2013-09-05,100605.217867,-0.00185557692309,-0.00187216457861,0,1.67193483488,0,1.65876555222e-05,53659.1362461,0.532364808183,0.221959047252,0.221959047252,0.443918094504,-4.16333634234e-17,-4.16333634234e-17,0.08,100605.217867
2013-09-06,100473.381231,-0.00129827322912,-0.0013104353687,0,1.22357470171,0,1.21621395754e-05,57863.2604677,0.575151683925,0.205810672357,0.205810672357,0.411621344714,2.08166817117e-17,6.33174068732e-17,0.08,100473.381231
2013-09-09,100526.75004,0.000565005508606,0.00053117361726,0,3.39920451701,0,3.38318913463e-05,43261.6550208,0.430578273476,0.322681717779,0.322681717779,0.645363435557,-6.93889390391e-17,0,0.08,100526.75004
2013-09-10,100736.730429,0.00210648232108,0.00208880113106,0,1.77743256908,0,1.76811900153e-05,26677.8306635,0.265380415191,0.352348942722,0.352348942722,0.704697885444,-2.77555756156e-16,-1.80411241502e-16,0.08,100736.730429
2013-09-11,100848.863273,0.00113243447296,0.00111312768158,0,1.94490303891,0,1.9306791382e-05,40359.6814682,0.400645140021,0.258374058644,0.258374058644,0.516748117288,-1.73472347598e-16,-1.80411241502e-16,0.08,100848.863273
2013-09-12,100994.305307,0.00145633570298,0.00144217822032,0,1.42776603361,0,1.41574826654e-05,38618.1570229,0.382931009529,0.197792645771,0.197792645771,0.395585291542,-2.77555756156e-17,-4.85722573274e-17,0.08,100994.305307
2013-09-13,100975.241288,-0.000177925352572,-0.000188763305765,0,1.09457155367,0,1.08379531929e-05,52983.6292522,0.524619968336,0.371892422026,0.371892422026,0.743784844053,-3.74700270811e-16,-4.30211422042e-16,0.08,100975.241288
2013-09-16,100774.004873,-0.0019317952846,-0.00199292828548,0,6.17291951462,0,6.1133000881e-05,33082.4732212,0.327629553534,0.287498151166,0.287498151166,0.574996302332,9.71445146547e-17,4.16333634234e-17,0.08,100774.004873
2013-09-17,100851.879866,0.000788521980217,0.000772768656865,0,1.5875254842,0,1.57533233516e-05,31007.7990826,0.307696405651,0.200953553627,0.200953553627,0.401907107255,-1.38777878078e-17,-3.46944695195e-17,0.08,100851.879866
2013-09-18,100935.979795,0.000844906662083,0.00083389550846,0,1.11049554241,0,1.10111536234e-05,29604.478847,0.293544145002,0.233389034326,0.233389034326,0.466778068653,-1.11022302463e-16,-1.04083408559e-16,0.08,100935.979795
2013-09-19,101062.992947,0.00127114202335,0.00125835358311,0,1.29081374538,0,1.27884402371e-05,48178.7316611,0.477319700654,0.322097136259,0.322097136259,0.644194272519,8.67361737988e-17,4.85722573274e-17,0.08,101062.992947
2013-09-20,100963.025305,-0.000971512550144,-0.000989161708295,0,1.78367674576,0,1.76491581512e-05,41200.3387897,0.407669885764,0.197971664043,0.197971664043,0.395943328086,-1.38777878078e-17,-1.38777878078e-17,0.08,100963.025305
2013-09-23,101256.373133,0.00293804089258,0.00290549760534,0,3.2856687331,0,3.254328724e-05,31508.7747267,0.312082315597,0.269902913624,0.269902913624,0.539805827248,-1.52655665886e-16,-1.38777878078e-16,0.08,101256.373133
2013-09-24,101459.753093,0.00202335373401,0.00200856453326,0,1.49750082912,0,1.47892007465e-05,64729.5642865,0.639264100459,0.42364420723,0.42364420723,0.847288414461,8.32667268469e-16,7.77156117238e-16,0.08,101459.753093
2013-09-25,101726.531598,0.00265261565398,0.00262940227276,0,2.35522392683,0,2.32133812181e-05,50654.5580561,0.499257651552,0.325552773314,0.325552773314,0.651105546628,0,8.32667268469e-17,0.08,101726.531598
2013-09-26,101676.607638,-0.000472927852741,-0.000490766360868,0,1.81464956062,0,1.78385081268e-05,62372.4327552,0.613138301045,0.42943546092,0.42943546092,0.858870921841,3.05311331772e-16,3.05311331772e-16,0.08,101676.607638
2013-09-27,101499.294286,-0.00172036452769,-0.00174389523787,0,2.39252278718,0,2.35307101874e-05,50590.5728859,0.497563540533,0.391967684516,0.391967684516,0.783935369032,1.87350135405e-16,1.94289029309e-16,0.08,101499.294286
2013-09-30,101588.871332,0.000946971650227,0.000882538606197,0,6.53990849777,0,6.443304403e-05,44388.2256265,0.437325460621,0.363543260558,0.363543260558,0.727086521115,7.49400541622e-16,6.80011602583e-16,0.08,101588.871332
2013-10-01,101403.295701,-0.00180681171433,-0.00182673189299,0,2.02366846687,0,1.99201786607e-05,41179.4458357,0.405353906345,0.424177919532,0.424177919532,0.848355839064,-1.94289029309e-16,-1.66533453694e-16,0.08,101403.295701
2013-10-02,101219.759632,-0.00178671895352,-0.00180996157925,0,2.35687884954,0,2.32426257278e-05,43375.0321148,0.427747755287,0.30428745135,0.30428745135,0.6085749027,-9.71445146547e-17,-6.24500451352e-17,0.08,101219.759632
2013-10-03,101005.38585,-0.00210123118955,-0.00211790447455,0,1.68766590052,0,1.66732850055e-05,37958.5107113,0.375010875835,0.393203518383,0.393203518383,0.786407036766,-1.5959455979e-16,-1.14491749414e-16,0.08,101005.38585
2013-10-04,100864.194883,-0.00137631042982,-0.00139785582809,0,2.1762012653,0,2.15453982676e-05,18425.1860111,0.182417856792,0.323965453276,0.323965453276,0.647930906552,7.2858385991e-17,8.67361737988e-17,0.08,100864.194883
2013-10-07,100957.626756,0.000979568177913,0.000926313582854,0,5.37148185443,0,5.3254595059e-05,24135.3258236,0.239285366345,0.265728982739,0.265728982739,0.531457965477,-2.49800180541e-16,-2.42861286637e-16,0.08,100957.626756
2013-10-08,101154.555695,0.00196517031347,0.00195060982127,0,1.46999273741,0,1.45604922049e-05,23655.7059401,0.234313213376,0.299706853643,0.299706853643,0.599413707286,-1.38777878078e-16,-8.32667268469e-17,0.08,101154.555695
2013-10-09,101235.35157,0.000815159190027,0.000798736896677,0,1.66118978734,0,1.64222933503e-05,40351.620458,0.398910559994,0.28122790021,0.28122790021,0.562455800419,-4.33680868994e-17,-2.08166817117e-17,0.08,101235.35157
2013-10-10,100978.139284,-0.00252532610027,-0.00254073584823,0,1.56001125201,0,1.54097479567e-05,45074.7455241,0.445247088343,0.241070396841,0.241070396841,0.482140793682,-2.08166817117e-17,4.16333634234e-17,0.08,100978.139284
2013-10-11,101011.918776,0.000347732165162,0.000334522828348,0,1.33385425257,0,1.32093368132e-05,43236.5910186,0.428177735551,0.320168948126,0.320168948126,0.640337896252,-1.66533453694e-16,-1.52655665886e-16,0.08,101011.918776
2013-10-14,100952.940644,-0.000531242488788,-0.000583873000809,0,5.31630900539,0,5.26305120207e-05,34938.371443,0.345883652803,0.302955448222,0.302955448222,0.605910896443,-2.08166817117e-17,-1.38777878078e-17,0.08,100952.940644
2013-10-15,100864.521035,-0.000859249461578,-0.000875849760111,0,1.67584895245,0,1.66002985327e-05,32760.459899,0.324512190431,0.214261321074,0.214261321074,0.428522642148,-4.85722573274e-17,-3.46944695195e-17,0.08,100864.521035
2013-10-16,100818.426332,-0.000445255860306,-0.000456996206666,0,1.18418441241,0,1.17403463602e-05,24873.5144346,0.246603207741,0.2280817422,0.2280817422,0.4561634844,-2.35922392733e-16,-1.52655665886e-16,0.08,100818.426332
2013-10-17,100805.377883,-0.000116927609638,-0.000129425239348,0,1.2599913602,0,1.24976297096e-05,38142.1016993,0.378324707963,0.319311487917,0.319311487917,0.638622975834,-2.77555756156e-16,-2.49800180541e-16,0.08,100805.377883
2013-10-18,100686.145515,-0.00116530116527,-0.00118279768516,0,1.76374329873,0,1.74965198859e-05,54851.2808045,0.544130501333,0.269693082611,0.269693082611,0.539386165223,6.93889390391e-17,6.93889390391e-17,0.08,100686.145515
2013-10-21,100674.347842,-7.28396493111e-05,-0.000117172758781,0,4.46372991128,0,4.43331094704e-05,25665.8811529,0.254909759645,0.303856174435,0.303856174435,0.607712348871,-4.99600361081e-16,-4.12864187282e-16,0.08,100674.347842
2013-10-22,100685.853737,0.00013093790644,0.000114288253046,0,1.67619299721,0,1.66496533937e-05,20823.9503498,0.206844651057,0.253508261917,0.253508261917,0.507016523833,-1.38777878078e-16,-1.04083408559e-16,0.08,100685.853737
2013-10-23,100771.283966,0.000862373796559,0.000848482932893,0,1.39861346743,0,1.38908636667e-05,21232.5947174,0.21087962141,0.274647549404,0.274647549404,0.549295098808,-2.56739074445e-16,-1.80411241502e-16,0.08,100771.283966
2013-10-24,100941.87904,0.00170794290592,0.00169289372513,0,1.51652527077,0,1.50491807893e-05,33527.372413,0.33270760373,0.294872157346,0.294872157346,0.589744314692,-8.32667268469e-17,-4.16333634234e-17,0.08,100941.87904
2013-10-25,100939.445882,-7.94716860752e-06,-2.41045470922e-05,0,1.63095614461,0,1.61573784847e-05,65263.9303165,0.646549588112,0.429210237386,0.429210237386,0.858420474773,0,-3.55618312575e-17,0.08,100939.445882
2013-10-28,100597.310483,-0.00331895625331,-0.00338951136083,0,7.12179345675,0,7.05551075156e-05,48515.7829677,0.480642453938,0.359545347934,0.359545347934,0.719090695868,6.93889390391e-17,5.55111512313e-17,0.08,100597.310483
2013-10-29,100341.139481,-0.00252679839557,-0.00254649951053,0,1.98187917802,0,1.97011149553e-05,48548.9142501,0.482606483384,0.27330305139,0.27330305139,0.546606102781,2.35922392733e-16,1.86482773668e-16,0.08,100341.139481
2013-10-30,100476.689656,0.00136586882242,0.00135089331275,0,1.50265970412,0,1.49755096652e-05,33721.9053857,0.336072577609,0.340508226093,0.340508226093,0.681016452186,-2.77555756156e-17,-7.97972798949e-17,0.08,100476.689656
2013-10-31,100310.152455,-0.0016388130303,-0.00165747101529,0,1.87469256758,0,1.86579849914e-05,44510.959093,0.442997865929,0.198709006006,0.198709006006,0.397418012013,0,-1.04083408559e-17,0.08,100310.152455
2013-11-01,100370.464875,0.000612147546738,0.000601259382026,0,1.09219346228,0,1.08881647127e-05,33229.4269027,0.331266836801,0.257357659788,0.257357659788,0.514715319576,2.01227923213e-16,1.66533453694e-16,0.08,100370.464875
2013-11-04,100322.055529,-0.00044000131781,-0.000482306686542,0,4.24620952637,0,4.23053687323e-05,36524.2505389,0.363894404438,0.236759374032,0.236759374032,0.473518748064,7.6327832943e-17,4.33680868994e-17,0.08,100322.055529
2013-11-05,100277.68599,-0.000429297912996,-0.000442271029381,0,1.30148970239,0,1.29731163853e-05,32962.110581,0.328562950662,0.229344525414,0.229344525414,0.458689050829,-2.77555756156e-17,-4.51028103754e-17,0.08,100277.68599
2013-11-06,100304.148585,0.000276459977908,0.000263893154598,0,1.26017196181,0,1.25668233104e-05,26454.2638943,0.263810075324,0.227490690153,0.227490690153,0.454981380305,-2.77555756156e-17,-3.12250225676e-17,0.08,100304.148585
2013-11-07,100355.871499,0.000528126008039,0.000515660764743,0,1.25031561571,0,1.2465243296e-05,37411.0694154,0.37297629204,0.236878434246,0.236878434246,0.473756868492,4.30211422042e-16,3.33066907388e-16,0.08,100355.871499
2013-11-08,100495.573749,0.0014050481651,0.00139206852486,0,1.30258310729,0,1.29796402326e-05,25153.8135952,0.250646157714,0.249705321556,0.249705321556,0.499410643112,1.80411241502e-16,1.73472347598e-17,0.08,100495.573749
2013-11-11,100472.915543,-0.00018441726223,-0.000225464712349,0,4.12508705061,0,4.10474501188e-05,35988.8981059,0.358114260792,0.251827100688,0.251827100688,0.503654201376,4.16333634234e-17,4.64038529824e-17,0.08,100472.915543
2013-11-12,100518.420935,0.000466710770055,0.000452912024811,0,1.38640016542,0,1.37987452432e-05,31988.5716155,0.318380047425,0.296276758886,0.296276758886,0.592553517773,2.42861286637e-16,2.15105711021e-16,0.08,100518.420935
2013-11-13,100710.481597,0.00192693548924,0.00191070114629,0,1.63185051852,0,1.62343429527e-05,44244.5975821,0.440164073119,0.266975657246,0.266975657246,0.533951314492,6.93889390391e-17,4.16333634234e-17,0.08,100710.481597
2013-11-14,100730.642906,0.00021481957974,0.000200190776604,0,1.47327380909,0,1.46288031368e-05,56792.1864504,0.563915349722,0.345086682557,0.345086682557,0.690173365114,-1.38777878078e-17,-2.08166817117e-17,0.08,100730.642906
2013-11-15,100537.473164,-0.00189877712476,-0.00191768598407,0,1.90470155575,0,1.89088593182e-05,36842.6193226,0.365753838748,0.310012131687,0.310012131687,0.620024263375,-3.60822483003e-16,-2.63677968348e-16,0.08,100537.473164
2013-11-18,100519.082446,-0.000131963122017,-0.000182924020376,0,5.12347995125,0,5.09608983596e-05,41473.4850204,0.412517678384,0.327310719083,0.327310719083,0.654621438165,7.97972798949e-17,6.59194920871e-17,0.08,100519.082446
2013-11-19,100336.500558,-0.00179845547692,-0.00181639031084,0,1.80279304969,0,1.79348339223e-05,29774.1247615,0.296203706173,0.305866567398,0.305866567398,0.611733134796,0,6.93889390391e-18,0.08,100336.500558
2013-11-20,100370.838164,0.000358984287047,0.000342224475135,0,1.68162087729,0,1.67598119122e-05,39094.7932418,0.389636802403,0.336925126317,0.336925126317,0.673850252635,-2.77555756156e-17,-3.46944695195e-17,0.08,100370.838164
2013-11-21,100416.794404,0.000476326106979,0.000457864456222,0,1.85301136039,0,1.84616507571e-05,31966.315253,0.318482099359,0.340208895224,0.340208895224,0.680417790449,-1.38777878078e-17,-5.55111512313e-17,0.08,100416.794404
2013-11-22,100536.859635,0.0012143104199,0.0011956688366,0,1.87192803759,0,1.86415833e-05,32817.6340921,0.326814197635,0.257797038022,0.257797038022,0.515594076044,-9.71445146547e-17,-4.16333634234e-17,0.08,100536.859635
2013-11-25,100079.526815,-0.00450652936725,-0.00454890696254,0,4.26051034949,0,4.23775952913e-05,38654.4669513,0.384480548641,0.331334413289,0.331334413289,0.662668826578,-3.60822483003e-16,-2.56739074445e-16,0.08,100079.526815
2013-11-26,100116.959999,0.000392189698822,0.000374034388505,0,1.81697486572,0,1.81553103172e-05,27519.8601123,0.274979918353,0.358596155469,0.358596155469,0.717192310939,-2.49800180541e-16,-1.5959455979e-16,0.08,100116.959999
2013-11-27,100100.606094,-0.000143698893267,-0.000163347997676,0,1.96720860016,0,1.96491044093e-05,34460.3331972,0.344200754772,0.309937092077,0.309937092077,0.619874184155,-2.77555756156e-17,-2.77555756156e-17,0.08,100100.606094
2013-11-29,100080.15512,-0.000170338493196,-0.000204304201917,0,3.39998802937,0,3.39657087208e-05,24408.0566669,0.243835253544,0.320452076646,0.320452076646,0.640904153292,-1.38777878078e-16,-1.21430643318e-16,0.08,100080.15512
2013-12-02,99872.1344651,-0.00202586343665,-0.00207854049034,0,5.27192770507,0,5.26770536952e-05,35030.4559601,0.350023997447,0.330874801624,0.330874801624,0.661749603249,4.16333634234e-17,1.38777878078e-17,0.08,99872.1344651
2013-12-03,100006.978117,0.00136829303493,0.00135016290881,0,1.81069439337,0,1.81301261164e-05,30669.7384268,0.307090046598,0.315986473591,0.315986473591,0.631972947182,1.38777878078e-17,1.38777878078e-17,0.08,100006.978117
2013-12-04,99898.8383843,-0.00106400754038,-0.0010813218677,0,1.7315535534,0,1.73143273201e-05,57206.542649,0.572025509883,0.370183415421,0.370183415421,0.740366830842,5.55111512313e-17,3.81639164715e-17,0.08,99898.8383843
2013-12-05,100091.910454,0.00195295984337,0.00193267582061,0,2.02635031177,0,2.02840227628e-05,59785.499782,0.59846041004,0.380082587899,0.380082587899,0.760165175799,-2.08166817117e-17,3.46944695195e-17,0.08,100091.910454
2013-12-06,100047.060208,-0.000427264172004,-0.000448090615176,0,2.0845584851,0,2.08264431726e-05,53579.8522492,0.535306519841,0.298554047205,0.298554047205,0.597108094411,0,1.38777878078e-17,0.08,100047.060208
2013-12-09,99906.1812224,-0.00135904981148,-0.0014081271891,0,4.91004735388,0,4.90773776228e-05,38744.0789472,0.387258544795,0.222003806015,0.222003806015,0.44400761203,2.57606436183e-16,1.92554305833e-16,0.08,99906.1812224
2013-12-10,99932.1625793,0.000272222143885,0.000260057551775,0,1.21531794388,0,1.21645921104e-05,23045.3310105,0.230669721618,0.263138366211,0.263138366211,0.526276732423,1.04083408559e-16,9.97465998687e-17,0.08,99932.1625793
2013-12-11,99889.4508412,-0.00041298878178,-0.000427407322394,0,1.44087594483,0,1.44185406143e-05,47600.4526966,0.476327655361,0.317689554516,0.317689554516,0.635379109032,-6.93889390391e-18,1.73472347598e-17,0.08,99889.4508412
2013-12-12,99882.3138377,-5.40413749465e-05,-7.14490217694e-05,0,1.73884028157,0,1.74076468228e-05,45451.1355814,0.455014370372,0.279437048331,0.279437048331,0.558874096663,1.52655665886e-16,1.14491749414e-16,0.08,99882.3138377
2013-12-13,99812.192904,-0.000686723916521,-0.000702035535608,0,1.52935994298,0,1.53116190867e-05,67232.8619301,0.673120789326,0.432338466232,0.432338466232,0.864676932465,-1.38777878078e-16,-1.11022302463e-16,0.08,99812.192904
2013-12-16,99611.9577514,-0.00193504982277,-0.00200611915968,0,7.09358636571,0,7.10693369149e-05,36585.4608764,0.366543002532,0.306628225322,0.306628225322,0.613256450644,-4.4408920985e-16,-3.74700270811e-16,0.08,99611.9577514
2013-12-17,99707.5909223,0.000976858682563,0.00096005713597,0,1.67363494938,0,1.6801546593e-05,32900.5288727,0.330286941601,0.390141750628,0.390141750628,0.780283501256,-9.02056207508e-17,-2.77555756156e-17,0.08,99707.5909223
2013-12-18,99689.6579295,-0.000158478212594,-0.000179855842765,0,2.13151200402,0,2.13776301714e-05,40201.896897,0.403197956396,0.296670122524,0.296670122524,0.593340245047,-2.22044604925e-16,-1.52655665886e-16,0.08,99689.6579295
2013-12-19,99957.7429118,0.00270545142489,0.00268919552777,0,1.62054482369,0,1.62558971246e-05,42948.1555004,0.430818566262,0.2079227505,0.2079227505,0.415845500999,-2.63677968348e-16,-1.66533453694e-16,0.08,99957.7429118
2013-12-20,100042.512898,0.000859451253895,0.00084805822647,0,1.1388213063,0,1.13930274246e-05,48858.4288046,0.488790836821,0.302555591236,0.302555591236,0.605111182472,-5.55111512313e-17,-5.55111512313e-17,0.08,100042.512898
2013-12-23,99825.5322974,-0.00211914878402,-0.00216888394971,0,4.97563095429,0,4.97351656827e-05,29336.7369305,0.293242703334,0.251730744018,0.251730744018,0.503461488036,3.46944695195e-17,3.46944695195e-17,0.08,99825.5322974
2013-12-24,99762.8553373,-0.000614071557518,-0.000627865022944,0,1.37694002834,0,1.37934654256e-05,27283.5859986,0.273312702379,0.203829317723,0.203829317723,0.407658635446,-1.38777878078e-16,-1.11022302463e-16,0.08,99762.8553373
2013-12-26,99775.0243285,0.000144316638677,0.000121979179201,0,2.22844873836,0,2.23374594765e-05,21361.5397275,0.214123178966,0.213599010439,0.213599010439,0.427198020878,-2.08166817117e-17,-2.42861286637e-17,0.08,99775.0243285
2013-12-27,99685.4068111,-0.000886491841487,-0.000898195896853,0,1.16777240894,0,1.17040553665e-05,29199.1486829,0.292649877856,0.195113064816,0.195113064816,0.390226129632,9.71445146547e-17,8.32667268469e-17,0.08,99685.4068111
2013-12-30,99693.1472215,0.000109721761541,7.7648381023e-05,0,3.19724798471,0,3.20733805177e-05,46593.6625904,0.467407056669,0.323513123668,0.323513123668,0.647026247336,-1.94289029309e-16,-2.25514051877e-16,0.08,99693.1472215
2013-12-31,99573.7722097,-0.00117969770178,-0.00119742444829,0,1.76723514882,0,1.77267465023e-05,54267.3627299,0.54434396187,0.395842397552,0.395842397552,0.791684795104,2.28983498829e-16,9.71445146547e-17,0.08,99573.7722097
2014-01-02,99946.8423039,0.00379005028112,0.00374667029235,0,4.31950912052,0,4.33799887728e-05,54237.0954499,0.544692585671,0.313036649754,0.313036649754,0.626073299508,6.10622663544e-16,4.51028103754e-16,0.08,99946.8423039
2014-01-03,100127.593732,0.00182562831937,0.00180847562623,0,1.71435751607,0,1.71526931372e-05,61747.5805417,0.617804215904,0.31686191003,0.31686191003,0.633723820059,9.71445146547e-17,8.32667268469e-17,0.08,100127.593732
2014-01-06,100102.275036,-0.000200777433708,-0.000252864323028,0,5.2153348926,0,5.20868893199e-05,44976.7771274,0.449194627085,0.20030389691,0.20030389691,0.40060779382,-1.17961196366e-16,-1.00613961607e-16,0.08,100102.275036
2014-01-07,100340.012931,0.0023859255219,0.0023749499659,0,1.09867812489,0,1.09755559951e-05,18916.7150413,0.188973877312,0.221060353682,0.221060353682,0.442120707365,-1.66533453694e-16,-1.2490009027e-16,0.08,100340.012931
2014-01-08,100191.528389,-0.00146770095866,-0.00147981385475,0,1.21540815052,0,1.21128960922e-05,35773.5539644,0.356523314274,0.253422808723,0.253422808723,0.506845617445,-5.55111512313e-17,-5.89805981832e-17,0.08,100191.528389
2014-01-09,100180.137762,-9.98023470805e-05,-0.00011368852838,0,1.39127772793,0,1.38861812999e-05,29832.4095689,0.297753812607,0.28228624136,0.28228624136,0.56457248272,-2.49800180541e-16,-1.94289029309e-16,0.08,100180.137762
2014-01-10,100401.107221,0.002221188989,0.00220572124975,0,1.54956024919,0,1.54677392526e-05,27228.0633984,0.271791035695,0.228705027614,0.228705027614,0.457410055229,1.38777878078e-17,2.08166817117e-17,0.08,100401.107221
2014-01-13,100269.994295,-0.00126829588028,-0.00130589122729,0,3.77461446565,0,3.75953470051e-05,34847.0713252,0.347078556102,0.240971049053,0.240971049053,0.481942098106,-8.32667268469e-17,-4.16333634234e-17,0.08,100269.994295
2014-01-14,100269.535002,8.62332719858e-06,-4.58056590014e-06,0,1.32395428569,0,1.32038930988e-05,32562.9242225,0.324752429192,0.28044183055,0.28044183055,0.560883661101,2.77555756156e-17,1.38777878078e-17,0.08,100269.535002
2014-01-15,100280.764034,0.000127355151035,0.000111988475388,0,1.54080942161,0,1.53666756466e-05,40194.8324652,0.400867845496,0.296875672289,0.296875672289,0.593751344579,-2.77555756156e-17,6.93889390391e-18,0.08,100280.764034
2014-01-16,100156.726825,-0.00122063216794,-0.00123689932807,0,1.63128324605,0,1.62671601254e-05,27672.6909898,0.275952135549,0.366217530587,0.366217530587,0.732435061173,2.77555756156e-17,5.55111512313e-17,0.08,100156.726825
2014-01-17,100115.293231,-0.000393620863233,-0.000413687577238,0,2.00981639285,0,2.00667140047e-05,48115.1837877,0.480398923897,0.407394892135,0.407394892135,0.81478978427,4.16333634234e-17,2.77555756156e-17,0.08,100115.293231
2014-01-21,99969.5374655,-0.00136658709523,-0.00145587912639,0,8.93949788208,0,8.92920311529e-05,53196.4787585,0.531352174494,0.496502452888,0.496502452888,0.993004905777,-5.55111512313e-17,-3.46944695195e-17,0.08,99969.5374655
2014-01-22,100102.204663,0.00135428184596,0.0013270762321,0,2.71973263374,0,2.72056138569e-05,58147.9118083,0.581656305336,0.417138984507,0.417138984507,0.834277969014,-1.5959455979e-16,-1.04083408559e-16,0.08,100102.204663
2014-01-23,100061.991371,-0.000378865407849,-0.000401722338507,0,2.28802915068,0,2.28569306579e-05,42496.1890164,0.424528002751,0.316496714836,0.316496714836,0.632993429672,-1.80411241502e-16,-1.45716771982e-16,0.08,100061.991371
2014-01-24,100418.755056,0.00358276888147,0.00356542659572,0,1.73530364651,0,1.73422857444e-05,39494.7356731,0.394702675132,0.320724615475,0.320724615475,0.64144923095,4.16333634234e-17,4.16333634234e-17,0.08,100418.755056
2014-01-27,100379.961661,-0.000333594379408,-0.000386316234007,0,5.29426300304,0,5.27218545986e-05,52984.3129687,0.527633637153,0.399619013597,0.399619013597,0.799238027193,0,0,0.08,100379.961661
2014-01-28,100502.02953,0.00123795506965,0.0012160581374,0,2.19801321993,0,2.18969322519e-05,37981.9117119,0.378381412819,0.330017106306,0.330017106306,0.660034212612,2.49800180541e-16,1.94289029309e-16,0.08,100502.02953
2014-01-29,100631.864719,0.00130994947244,0.00129186634333,0,1.81739117608,0,1.80831291127e-05,46948.5332067,0.467140150565,0.336898856773,0.336898856773,0.673797713547,2.22044604925e-16,1.66533453694e-16,0.08,100631.864719
2014-01-30,100469.928504,-0.00159073401526,-0.00160919422659,0,1.85768548926,0,1.846021133e-05,37740.54095,0.375035691282,0.259934647208,0.259934647208,0.519869294416,1.87350135405e-16,1.2490009027e-16,0.08,100469.928504
2014-01-31,100248.298115,-0.00219169455907,-0.00220593755344,0,1.43099262579,0,1.42429943675e-05,44871.2491341,0.446613726141,0.387136463165,0.387136463165,0.77427292633,-4.16333634234e-17,-1.38777878078e-17,0.08,100248.298115
2014-02-03,100277.83831,0.00035830915311,0.000294670282453,0,6.37968847738,0,6.36388706573e-05,44287.4010592,0.441777086412,0.443090328412,0.443090328412,0.886180656823,2.77555756156e-17,-1.38777878078e-17,0.08,100277.83831
2014-02-04,100188.990134,-0.000861741132857,-0.000886020054961,0,2.43463782516,0,2.42789221047e-05,48368.0293834,0.482340168063,0.264707730581,0.264707730581,0.529415461162,-1.73472347598e-17,-1.38777878078e-17,0.08,100188.990134
2014-02-05,100376.229854,0.0018833697587,0.00186886522552,0,1.45319453192,0,1.45045331825e-05,20608.4406285,0.205695661778,0.262206470501,0.262206470501,0.524412941002,-6.24500451352e-17,-4.16333634234e-17,0.08,100376.229854
2014-02-06,100366.258589,-8.49714281015e-05,-9.93389059373e-05,0,1.44215325765,0,1.43674778357e-05,39124.5571037,0.389779105679,0.309123391132,0.309123391132,0.618246782264,-2.77555756156e-17,-2.77555756156e-17,0.08,100366.258589
2014-02-07,100278.278461,-0.000859652422414,-0.000876590690421,0,1.70003058686,0,1.69382680072e-05,51704.2281198,0.515155480007,0.379802224948,0.379802224948,0.759604449896,-2.77555756156e-17,-3.12250225676e-17,0.08,100278.278461
2014-02-10,100086.51382,-0.00184989157812,-0.00191232482058,0,6.26069807234,0,6.24332424572e-05,50650.471152,0.505099129437,0.415236335587,0.415236335587,0.830472671174,5.55111512313e-17,4.85722573274e-17,0.08,100086.51382
2014-02-11,100226.875819,0.00142515938593,0.00140240671001,0,2.27723601317,0,2.27526759226e-05,49260.3426907,0.492177625243,0.321997747995,0.321997747995,0.643995495991,-5.55111512313e-17,-1.38777878078e-17,0.08,100226.875819
2014-02-12,100316.82534,0.000915102809409,0.00089745909719,0,1.76837415354,0,1.76437122189e-05,39784.56368,0.396945064436,0.175815146074,0.175815146074,0.351630292149,3.81639164715e-17,2.77555756156e-17,0.08,100316.82534
2014-02-13,100362.702812,0.000466959506691,0.000457325800056,0,0.966422865801,0,9.63370663421e-06,26520.343519,0.264365857164,0.234741865932,0.234741865932,0.469483731864,-5.55111512313e-17,-2.77555756156e-17,0.08,100362.702812
2014-02-14,100621.605334,0.00259253125145,0.00257966868345,0,1.29092208921,0,1.28625679963e-05,35284.6105709,0.351570947993,0.304297122327,0.304297122327,0.608594244653,5.55111512313e-17,5.55111512313e-17,0.08,100621.605334
2014-02-18,100655.055462,0.000399130111283,0.000332434851595,0,6.71098409797,0,6.6695259688e-05,45258.5731187,0.449789813714,0.230049960034,0.230049960034,0.460099920068,1.38777878078e-17,1.38777878078e-17,0.08,100655.055462
2014-02-19,100622.603234,-0.000309804836323,-0.000322410313585,0,1.26880501295,0,1.26054772621e-05,37797.7146097,0.375517299514,0.274542067293,0.274542067293,0.549084134586,5.55111512313e-17,-1.38777878078e-17,0.08,100622.603234
2014-02-20,100740.495996,0.00118667639631,0.00117163299536,0,1.51370616484,0,1.50434009476e-05,30192.8726365,0.30006053974,0.234596653822,0.234596653822,0.469193307644,1.11022302463e-16,9.71445146547e-17,0.08,100740.495996
2014-02-21,100771.497572,0.000320591584054,0.000307736972886,0,1.29497990494,0,1.28546111683e-05,20578.061535,0.204268018849,0.238037266028,0.238037266028,0.476074532056,4.16333634234e-17,2.42861286637e-17,0.08,100771.497572
2014-02-24,100643.721714,-0.00122884675284,-0.00126797616643,0,3.94312960693,0,3.91294135936e-05,33546.8942032,0.332900621818,0.28452250951,0.28452250951,0.56904501902,2.22044604925e-16,1.80411241502e-16,0.08,100643.721714
2014-02-25,100653.10842,0.000108856956096,9.32666816025e-05,0,1.5690632476,0,1.55902744937e-05,35372.3837194,0.351461403819,0.294841855957,0.294841855957,0.589683711914,-6.24500451352e-17,-4.16333634234e-17,0.08,100653.10842
2014-02-26,100844.454307,0.00191719871251,0.00190104299437,0,1.62612324901,0,1.61557181346e-05,43353.0270796,0.430717220362,0.228717283639,0.228717283639,0.457434567278,-1.38777878078e-17,-4.16333634234e-17,0.08,100844.454307
2014-02-27,100837.812421,-5.3330221793e-05,-6.5862675691e-05,0,1.26382847447,0,1.2532453898e-05,31240.0859352,0.309784867694,0.204075395472,0.204075395472,0.408150790944,1.38777878078e-17,6.93889390391e-18,0.08,100837.812421
2014-02-28,100661.933575,-0.00173299332796,-0.00174417554141,0,1.12758994238,0,1.11822134505e-05,24991.6630914,0.247840194976,0.266854787181,0.266854787181,0.533709574363,2.77555756156e-16,2.49800180541e-16,0.08,100661.933575
2014-03-03,100590.620006,-0.000664579713011,-0.000708446253369,0,4.41569077176,0,4.38665403586e-05,23591.8521544,0.234367166579,0.296783194213,0.296783194213,0.593566388425,1.11022302463e-16,5.55111512313e-17,0.08,100590.620006
2014-03-04,100844.413262,0.0025392931282,0.00252303103537,0,1.63581400072,0,1.62620928336e-05,27885.8318542,0.277220995881,0.214703962893,0.214703962893,0.429407925786,1.66533453694e-16,7.6327832943e-17,0.08,100844.413262
2014-03-05,100924.106754,0.000802026450571,0.000790261849865,0,1.1863942555,0,1.17646007065e-05,44968.0532229,0.445915165435,0.277781248411,0.277781248411,0.555562496821,0,6.93889390391e-18,0.08,100924.106754
2014-03-06,100987.559902,0.000643942311932,0.000628721421608,0,1.53615475994,0,1.52208903239e-05,66981.6742092,0.663683597143,0.333512219019,0.333512219019,0.667024438038,-3.05311331772e-16,-1.94289029309e-16,0.08,100987.559902
2014-03-07,101017.832097,0.000318036261157,0.000299761619019,0,1.84551151761,0,1.8274642138e-05,41870.2712469,0.414608208054,0.340645056524,0.340645056524,0.681290113047,-2.77555756156e-16,-2.22044604925e-16,0.08,101017.832097
2014-03-10,101137.595989,0.00124156823707,0.00118557178942,0,5.65663974649,0,5.59964476477e-05,40131.1253684,0.397267735166,0.407704196543,0.407704196543,0.815408393085,5.55111512313e-17,8.32667268469e-17,0.08,101137.595989
2014-03-11,101115.818351,-0.000192986873146,-0.000215326829121,0,2.2594094418,0,2.23399559749e-05,23784.7204472,0.23517189839,0.380654863541,0.380654863541,0.761309727083,-1.38777878078e-16,0,0.08,101115.818351
2014-03-12,101011.839038,-0.00100746115201,-0.00102831895275,0,2.10905359103,0,2.0857800742e-05,47589.120693,0.47063972254,0.307006420847,0.307006420847,0.614012841694,-8.32667268469e-17,-4.16333634234e-17,0.08,101011.839038
2014-03-13,100891.744043,-0.00117209772271,-0.00118891999235,0,1.69924839268,0,1.68222696355e-05,47216.1422285,0.467431765207,0.317288854192,0.317288854192,0.634577708384,3.33066907388e-16,2.49800180541e-16,0.08,100891.744043
2014-03-14,100947.721997,0.000572217547655,0.000554831857015,0,1.75407265014,0,1.73856906407e-05,33098.7972802,0.328062495044,0.373379931933,0.373379931933,0.746759863866,3.88578058619e-16,2.35922392733e-16,0.08,100947.721997
2014-03-17,100955.339874,0.000136841103215,7.54635801572e-05,0,6.19592113448,0,6.13775230575e-05,46731.6317775,0.462929037456,0.403362980331,0.403362980331,0.806725960661,3.1918911958e-16,2.91433543964e-16,0.08,100955.339874
2014-03-18,100977.400446,0.000240620209607,0.000218518128493,0,2.23132311078,0,2.2102081114e-05,42332.1432643,0.419315544054,0.424249468295,0.424249468295,0.84849893659,9.15933995316e-16,6.10622663544e-16,0.08,100977.400446
2014-03-19,101054.772894,0.000789481843292,0.000766235297084,0,2.34737580542,0,2.32465462079e-05,66545.9995196,0.659018743065,0.291880052354,0.291880052354,0.583760104709,-6.93889390391e-18,5.55111512313e-17,0.08,101054.772894
2014-03-20,100843.728902,-0.00207241849173,-0.00208841191926,0,1.61621218646,0,1.59934275263e-05,48839.6554589,0.483298849329,0.332759576667,0.332759576667,0.665519153334,9.71445146547e-17,9.71445146547e-17,0.08,100843.728902
2014-03-21,100925.635959,0.000830451060856,0.000812217659395,0,1.83872419391,0,1.82334014612e-05,53602.0791857,0.531536068424,0.364296923434,0.364296923434,0.728593846869,3.88578058619e-16,3.88578058619e-16,0.08,100925.635959
2014-03-24,100799.414613,-0.00119075268678,-0.00125063711255,0,6.0438737549,0,5.988442577e-05,63458.1334005,0.628761293376,0.423678000264,0.423678000264,0.847356000527,-9.29811783124e-16,-6.80011602583e-16,0.08,100799.414613
2014-03-25,100622.918102,-0.00172775238851,-0.0017509676214,0,2.34008188554,0,2.32152328912e-05,42504.2429426,0.421671525629,0.398627529215,0.398627529215,0.79725505843,-1.52655665886e-16,-4.16333634234e-17,0.08,100622.918102
2014-03-26,101023.665374,0.00400450659321,0.00398266398887,0,2.1978665877,0,2.18426043406e-05,41456.592262,0.411999503135,0.354233549422,0.354233549422,0.708467098843,-1.2490009027e-16,-9.71445146547e-17,0.08,101023.665374
2014-03-27,101118.002784,0.000953225011889,0.000933814954387,0,1.96087515404,0,1.94100575026e-05,36388.9782047,0.360202513637,0.282244145844,0.282244145844,0.564488291687,1.38777878078e-17,-2.77555756156e-17,0.08,101118.002784
2014-03-28,101029.137006,-0.000863366978342,-0.000878832410991,0,1.56383366165,0,1.5465432649e-05,33823.4921825,0.334495255555,0.29662885913,0.29662885913,0.59325771826,0,0,0.08,101029.137006
2014-03-31,101051.209257,0.000267235023728,0.000218474115378,0,4.92627249024,0,4.87609083502e-05,42726.7528522,0.422915152188,0.349578781292,0.349578781292,0.699157562585,2.77555756156e-17,2.77555756156e-17,0.08,101051.209257
2014-04-01,101108.761581,0.00058869122649,0.000569536224775,0,1.93563608659,0,1.91550017147e-05,30280.0716056,0.299650759533,0.317881153731,0.317881153731,0.635762307463,-2.77555756156e-17,-1.38777878078e-17,0.08,101108.761581
2014-04-02,101149.983133,0.000425113297006,0.000407695151596,0,1.76112711144,0,1.74181454099e-05,42477.4572249,0.420116482099,0.237864421213,0.237864421213,0.475728842427,-4.16333634234e-17,-2.42861286637e-17,0.08,101149.983133
2014-04-03,101282.011352,0.00131830545072,0.00130527178381,0,1.3183551887,0,1.30336669158e-05,57624.8813661,0.569697389768,0.44512121387,0.44512121387,0.89024242774,-1.11022302463e-16,-5.55111512313e-17,0.08,101282.011352
2014-04-04,101191.71915,-0.000867102776067,-0.000891492979567,0,2.47028886774,0,2.43902034997e-05,57993.4989578,0.572594266085,0.198509726088,0.198509726088,0.397019452177,2.77555756156e-17,1.73472347598e-17,0.08,101191.71915
2014-04-07,101354.840723,0.0016446368886,0.0016120051528,0,3.30206144398,0,3.26317357953e-05,33257.6795546,0.328660090311,0.286118498537,0.286118498537,0.572236997074,1.38777878078e-17,6.93889390391e-18,0.08,101354.840723
2014-04-08,101414.522297,0.000604515650426,0.000588837924479,0,1.58901341628,0,1.56777259472e-05,91651.1388175,0.904260104046,0.390306042316,0.390306042316,0.780612084632,7.49400541622e-16,6.52256026967e-16,0.08,101414.522297
2014-04-09,101653.438824,0.00237722800147,0.00235584136902,0,2.16891511403,0,2.13866324557e-05,47234.6431876,0.465758178591,0.357906880999,0.357906880999,0.715813761998,6.38378239159e-16,5.27355936697e-16,0.08,101653.438824
2014-04-10,101607.03228,-0.00043690587207,-0.000456517208015,0,1.99355973875,0,1.96113359452e-05,35402.232176,0.348263989744,0.295283144682,0.295283144682,0.590566289364,6.93889390391e-17,-2.77555756156e-17,0.08,101607.03228
2014-04-11,101290.222927,-0.00310180657847,-0.0031179864768,0,1.64399145279,0,1.61798983387e-05,55120.7449828,0.542489468947,0.467015192177,0.467015192177,0.934030384355,1.29063426613e-15,9.99200722163e-16,0.08,101290.222927
2014-04-14,101121.901089,-0.00158500812644,-0.00166177774707,0,7.77601198784,0,7.67696206319e-05,42030.0207306,0.414946472779,0.466715072886,0.466715072886,0.933430145773,2.22044604925e-16,1.17961196366e-16,0.08,101121.901089
2014-04-15,100706.48651,-0.00408248401944,-0.00410805744809,0,2.58603372258,0,2.55734286513e-05,63722.1336027,0.630151657718,0.339563095913,0.339563095913,0.679126191827,6.66133814775e-16,5.75928194024e-16,0.08,100706.48651
2014-04-16,100625.846679,-0.000782134982387,-0.000800741179423,0,1.87376473084,0,1.86061970363e-05,43248.4206077,0.429450198359,0.343619742923,0.343619742923,0.687239485847,7.14706072102e-16,6.10622663544e-16,0.08,100625.846679
2014-04-17,100583.838033,-0.000398645233774,-0.000417473712838,0,1.89463164752,0,1.88284790643e-05,37202.793456,0.369714091198,0.318236868111,0.318236868111,0.636473736222,2.49800180541e-16,1.80411241502e-16,0.08,100583.838033
2014-04-21,100558.058121,-0.000186552185978,-0.000256302732414,0,7.01577766537,0,6.97505464353e-05,44701.9479464,0.444424758694,0.262312651754,0.262312651754,0.524625303509,2.08166817117e-17,2.08166817117e-17,0.08,100558.058121
2014-04-22,100801.272279,0.00243301744,0.00241864414401,0,1.4453507332,0,1.43732959865e-05,26918.4780376,0.267690909517,0.219595399012,0.219595399012,0.439190798025,1.38777878078e-17,-8.67361737988e-19,0.08,100801.272279
2014-04-23,100754.278349,-0.00045417111971,-0.000466203744314,0,1.21290386888,0,1.20326246034e-05,25148.751293,0.249488431291,0.253511642112,0.253511642112,0.507023284224,-9.54097911787e-17,-5.89805981832e-17,0.08,100754.278349
2014-04-24,100809.670194,0.000563662697623,0.00054977164874,0,1.39958260569,0,1.38910488828e-05,32856.4579943,0.326104841728,0.221280836186,0.221280836186,0.442561672373,-3.46944695195e-17,-4.16333634234e-17,0.08,100809.670194
2014-04-25,100756.268633,-0.000517601595057,-0.000529726572382,0,1.22231496527,0,1.21249773253e-05,31536.5378086,0.312832466844,0.298582001622,0.298582001622,0.597164003244,2.22044604925e-16,2.04697370165e-16,0.08,100756.268633
2014-04-28,100807.060121,0.000553184486634,0.000504102513764,0,4.94531644347,0,4.90819728694e-05,66280.8954642,0.657833962724,0.380933285161,0.380933285161,0.761866570323,-4.51028103754e-17,-7.6327832943e-17,0.08,100807.060121
2014-04-29,100906.344609,0.00100576922598,0.000984896169257,0,2.10415148381,0,2.08730567212e-05,72442.4926623,0.718625189298,0.250251504771,0.250251504771,0.500503009541,8.32667268469e-17,6.07153216592e-17,0.08,100906.344609
2014-04-30,100995.384666,0.000896115368096,0.000882402956876,0,1.38366929201,0,1.37124112203e-05,49710.2150455,0.492637160113,0.294498205864,0.294498205864,0.588996411727,1.7763568394e-15,1.51267887105e-15,0.08,100995.384666
2014-05-01,101029.529654,0.000354221532556,0.000338084644564,0,1.62975121011,0,1.61368879925e-05,42088.9106276,0.416740930953,0.21142006622,0.21142006622,0.422840132439,-1.11022302463e-16,-1.11022302463e-16,0.08,101029.529654
2014-05-02,101238.189466,0.0020769195387,0.00206533487754,0,1.17039286848,0,1.15846611627e-05,26330.4296579,0.260621124814,0.243383505491,0.243383505491,0.486767010982,5.13478148889e-16,3.74700270811e-16,0.08,101238.189466
2014-05-05,101101.626542,-0.00130891871503,-0.00134892696251,0,4.05036253836,0,4.0008247478e-05,41442.8149957,0.409359503705,0.30844303439,0.30844303439,0.61688606878,1.66533453694e-16,1.11022302463e-16,0.08,101101.626542
2014-05-06,100960.056146,-0.00138337714253,-0.00140027813072,0,1.70871739575,0,1.69009881857e-05,56798.3812498,0.561794930431,0.260172766234,0.260172766234,0.520345532469,-2.77555756156e-17,0,0.08,100960.056146
2014-05-07,101004.494909,0.000454417871794,0.000440161829808,0,1.43929079927,0,1.42560419854e-05,34499.0900519,0.341710289881,0.284827278624,0.284827278624,0.569654557247,-1.38777878078e-17,1.73472347598e-18,0.08,101004.494909
2014-05-08,101362.962707,0.00356463514941,0.00354902817524,0,1.57637454321,0,1.56069741712e-05,31762.3517063,0.314464734812,0.278260109413,0.278260109413,0.556520218827,-1.73472347598e-17,-2.08166817117e-17,0.08,101362.962707
2014-05-09,101326.711225,-0.000342393184416,-0.000357640313699,0,1.54549419689,0,1.52471292829e-05,31995.3266835,0.315651060595,0.279945387462,0.279945387462,0.559890774924,4.16333634234e-17,3.29597460436e-17,0.08,101326.711225
2014-05-12,101277.763844,-0.000437046515327,-0.000483064935183,0,4.66289513986,0,4.60184198567e-05,39583.623851,0.390653396054,0.380352616695,0.380352616695,0.76070523339,2.08166817117e-16,1.38777878078e-16,0.08,101277.763844
2014-05-13,101198.747122,-0.000759356886312,-0.000780198125582,0,2.1107541091,0,2.0841239271e-05,47557.4341557,0.469574291046,0.249019127573,0.249019127573,0.498038255147,3.46944695195e-18,0,0.08,101198.747122
2014-05-14,101386.561656,0.00186954269383,0.00185589781013,0,1.38084513534,0,1.36448837026e-05,30499.1955937,0.30137918167,0.330588291278,0.330588291278,0.661176582556,1.38777878078e-17,-5.20417042793e-18,0.08,101386.561656
2014-05-15,101459.883109,0.000741301527726,0.000723187100806,0,1.83655946171,0,1.81144269193e-05,55749.4583844,0.549870293202,0.271763473459,0.271763473459,0.543526946917,2.08166817117e-17,2.77555756156e-17,0.08,101459.883109
2014-05-16,101498.365609,0.000394178989467,0.000379287840236,0,1.5108542603,0,1.48911492306e-05,65907.0191594,0.649586980979,0.302974977146,0.302974977146,0.605949954292,-1.11022302463e-16,-8.67361737988e-17,0.08,101498.365609
2014-05-19,101392.502531,-0.000993198681657,-0.00104300278749,0,5.0550353426,0,4.98041058322e-05,31323.1174105,0.308607111282,0.227158287979,0.227158287979,0.454316575958,-3.46944695195e-17,-1.38777878078e-17,0.08,101392.502531
2014-05-20,101369.134315,-0.000218025790061,-0.000230472819539,0,1.26203546788,0,1.24470294783e-05,22721.6779477,0.22409623375,0.272076342953,0.272076342953,0.544152685906,-9.71445146547e-17,-5.55111512313e-17,0.08,101369.134315
2014-05-21,101322.717232,-0.000442993245594,-0.000457901538358,0,1.51124073166,0,1.49082927645e-05,30195.6950879,0.297878592848,0.248586587074,0.248586587074,0.497173174148,-1.75207071074e-16,-1.38777878078e-16,0.08,101322.717232
2014-05-22,101189.917592,-0.00129703889338,-0.00131066007624,0,1.38013525862,0,1.36211828534e-05,25113.0204926,0.247851826111,0.19932077824,0.19932077824,0.398641556479,-2.42861286637e-16,-2.08166817117e-16,0.08,101189.917592
2014-05-23,101189.575684,7.54281482652e-06,-3.37887165247e-06,0,1.10516455476,0,1.09216864789e-05,32889.2797181,0.325025264381,0.322116208069,0.322116208069,0.644232416137,-2.77555756156e-17,-1.73472347598e-17,0.08,101189.575684
2014-05-27,100993.570033,-0.00186641345083,-0.00193701426355,0,7.14406628285,0,7.06008127274e-05,32470.4394411,0.320887198326,0.330617560765,0.330617560765,0.661235121529,-9.71445146547e-16,-7.09501901675e-16,0.08,100993.570033
2014-05-28,100907.666151,-0.0008324716078,-0.000850587638527,0,1.82960261793,0,1.81160307268e-05,42411.076796,0.419938386,0.28268471985,0.28268471985,0.565369439699,-4.16333634234e-17,-4.16333634234e-17,0.08,100907.666151
2014-05-29,100947.597476,0.000411210995547,0.000395721421857,0,1.56301673077,0,1.54895736904e-05,42664.6647909,0.422808954151,0.405709062397,0.405709062397,0.811418124795,-3.60822483003e-16,-2.70616862252e-16,0.08,100947.597476
2014-05-30,101047.452953,0.0010114119494,0.000989181315841,0,2.24412904785,0,2.2230633556e-05,48972.9345277,0.485132244375,0.380052434809,0.380052434809,0.760104869617,-1.2490009027e-16,-6.24500451352e-17,0.08,101047.452953
2014-06-02,100954.281554,-0.000859581514422,-0.000922055887267,0,6.31287625086,0,6.24743728453e-05,42955.2298735,0.425099580624,0.339999130044,0.339999130044,0.679998260089,5.55111512313e-17,6.93889390391e-17,0.08,100954.281554
2014-06-03,100913.766756,-0.00038268818976,-0.000401318279077,0,1.88078728234,0,1.86300893175e-05,36607.3256039,0.362612907945,0.315600362716,0.315600362716,0.631200725431,4.16333634234e-17,2.77555756156e-17,0.08,100913.766756
2014-06-04,100900.244591,-0.000116704050485,-0.000133997221045,0,1.74511898033,0,1.72931705598e-05,41025.2864806,0.406538055208,0.342547264793,0.342547264793,0.685094529585,-1.38777878078e-17,-7.2858385991e-17,0.08,100900.244591
2014-06-05,100975.193287,0.00076156964963,0.00074279993649,0,1.89386864667,0,1.87697131393e-05,37050.1317382,0.367195658328,0.296572462963,0.296572462963,0.593144925927,8.18789480661e-16,6.76542155631e-16,0.08,100975.193287
2014-06-06,100970.933942,-2.59315388377e-05,-4.21820847535e-05,0,1.64090201486,0,1.62505459158e-05,57601.905852,0.570456009809,0.290301792781,0.290301792781,0.580603585561,6.93889390391e-18,-1.38777878078e-17,0.08,100970.933942
2014-06-09,100929.010039,-0.000367486796407,-0.000415207639056,0,4.81841805078,0,4.77208426489e-05,59238.4133626,0.586687782807,0.286029477593,0.286029477593,0.572058955187,-3.88578058619e-16,-3.12250225676e-16,0.08,100929.010039
2014-06-10,100961.587914,0.0003384529364,0.000322780088313,0,1.58184504195,0,1.56728480873e-05,37316.0531061,0.369725741802,0.298100841883,0.298100841883,0.596201683767,-4.85722573274e-16,-3.12250225676e-16,0.08,100961.587914
2014-06-11,100983.142109,0.00022982335136,0.000213489058654,0,1.64913612905,0,1.63342927059e-05,43578.6097873,0.431635542661,0.433303251087,0.433303251087,0.866606502173,-6.66133814775e-16,-5.82867087928e-16,0.08,100983.142109
2014-06-12,100873.52552,-0.001061751289,-0.0010854939329,0,2.3976067825,0,2.37426438952e-05,48227.1973117,0.477576715328,0.444784878841,0.444784878841,0.889569757682,-1.38777878078e-16,-1.11022302463e-16,0.08,100873.52552
2014-06-13,100698.012802,-0.00171555669255,-0.00173992846673,0,2.45846678503,0,2.43717741831e-05,53257.9794761,0.527967860758,0.300450956239,0.300450956239,0.600901912478,-9.71445146547e-17,-2.77555756156e-17,0.08,100698.012802
2014-06-16,100646.583639,-0.00046133749236,-0.000510726690645,0,4.97339412126,0,4.93891982859e-05,30915.9932057,0.307016914688,0.290826889287,0.290826889287,0.581653778574,-1.80411241502e-16,-1.28369537222e-16,0.08,100646.583639
2014-06-17,100795.047821,0.00149103976057,0.00147510404061,0,1.6038757719,0,1.59357199609e-05,32425.226434,0.322169171189,0.268997676536,0.268997676536,0.537995353071,2.08166817117e-17,6.93889390391e-18,0.08,100795.047821
2014-06-18,100831.679446,0.000378166424878,0.000363426826164,0,1.48567855727,0,1.47395987143e-05,28232.0610059,0.280093730953,0.325553247201,0.325553247201,0.651106494401,2.77555756156e-17,6.93889390391e-18,0.08,100831.679446
2014-06-19,100725.16348,-0.00103853548027,-0.00105637401436,0,1.79868935146,0,1.78385340932e-05,35649.689308,0.353556436866,0.226786336923,0.226786336923,0.453572673845,8.32667268469e-17,5.55111512313e-17,0.08,100725.16348
2014-06-20,100810.85058,0.000863128675822,0.000850702027223,0,1.25167621159,0,1.24266485985e-05,29965.7470581,0.297500108443,0.245151385965,0.245151385965,0.490302771929,2.08166817117e-16,9.71445146547e-17,0.08,100810.85058
2014-06-23,100766.083917,-0.000403767060708,-0.000444065918675,0,4.06256214905,0,4.02988579668e-05,41011.9315702,0.406820608438,0.343404377239,0.343404377239,0.686808754477,7.77156117238e-16,6.24500451352e-16,0.08,100766.083917
2014-06-24,100694.377864,-0.000692792334226,-0.000711609012431,0,1.89608297504,0,1.88166782049e-05,33627.9727253,0.33372312804,0.335157808082,0.335157808082,0.670315616164,1.80411241502e-16,1.38777878078e-16,0.08,100694.377864
2014-06-25,100666.987025,-0.00025365473247,-0.000272019543872,0,1.84923325869,0,1.83648114018e-05,43677.2838167,0.433760898506,0.314605590371,0.314605590371,0.629211180742,2.49800180541e-16,1.5959455979e-16,0.08,100666.987025
2014-06-26,100615.391647,-0.00049529657591,-0.000512535238396,0,1.73536421282,0,1.72386624861e-05,42803.8166747,0.425202123751,0.284710816373,0.284710816373,0.569421632745,2.91433543964e-16,2.15105711021e-16,0.08,100615.391647
2014-06-27,100616.846273,3.0057880589e-05,1.44572879111e-05,0,1.56965974222,0,1.56005926779e-05,27113.7585042,0.269479232356,0.20812078509,0.20812078509,0.41624157018,0,1.90819582357e-17,0.08,100616.846273
2014-06-30,100666.574935,0.000528449576174,0.000494237940268,0,3.44226691061,0,3.42116359052e-05,28160.2821233,0.279876414005,0.170540593994,0.170540593994,0.341081187988,-1.11022302463e-16,-6.93889390391e-17,0.08,100666.574935
2014-07-01,100710.529134,0.000445976195152,0.00043663150507,0,0.940697944374,0,9.34469008186e-06,15574.889176,0.15471758313,0.177275127144,0.177275127144,0.354550254287,-1.38777878078e-17,1.38777878078e-17,0.08,100710.529134
2014-07-02,100709.20178,-3.4661849203e-06,-1.31798905172e-05,0,0.978272430514,0,9.71370559692e-06,19591.377146,0.194531567995,0.182953551012,0.182953551012,0.365907102025,-2.08166817117e-16,-1.73472347598e-16,0.08,100709.20178
2014-07-03,100855.343287,0.00146114852411,0.001451123672,0,1.00959485399,0,1.00248521103e-05,33425.6820598,0.331902958906,0.248981627418,0.248981627418,0.497963254835,-1.66533453694e-16,-1.02348685083e-16,0.08,100855.343287
2014-07-07,100765.238094,-0.000838838890617,-0.000893410206215,0,5.50380876828,0,5.45713155984e-05,30531.4398016,0.302725059543,0.230557615433,0.230557615433,0.461115230865,-1.38777878078e-16,-1.11022302463e-16,0.08,100765.238094
2014-07-08,100753.075309,-0.000108070874332,-0.000120704168328,0,1.27299687744,0,1.26332939963e-05,47123.2756424,0.467654089188,0.370651441369,0.370651441369,0.741302882739,-8.32667268469e-17,-2.08166817117e-17,0.08,100753.075309
2014-07-09,100752.002597,9.66272821368e-06,-1.06469398065e-05,0,2.04626151155,0,2.03096680202e-05,45558.5031421,0.452179777166,0.395220271624,0.395220271624,0.790440543248,2.77555756156e-16,2.01227923213e-16,0.08,100752.002597
2014-07-10,100718.08809,-0.000314957828087,-0.000336613733381,0,2.18187582647,0,2.16559052945e-05,45075.4024357,0.447389642624,0.371886421898,0.371886421898,0.743772843797,5.27355936697e-16,4.4408920985e-16,0.08,100718.08809
2014-07-11,100747.751982,0.000314901319478,0.000294523981291,0,2.05236654247,0,2.03773381862e-05,38287.7074167,0.380147281813,0.260820790243,0.260820790243,0.521641580485,6.24500451352e-16,6.10622663544e-16,0.08,100747.751982
2014-07-14,100749.961904,6.48098538279e-05,2.1935203377e-05,0,4.31952464993,0,4.28746504508e-05,51440.1176517,0.510583279922,0.355619858096,0.355619858096,0.711239716191,7.49400541622e-16,5.6898930012e-16,0.08,100749.961904
2014-07-15,100708.035103,-0.000396661052382,-0.000416147072004,0,1.96321573455,0,1.94860196217e-05,59719.484536,0.592749450295,0.264858940153,0.264858940153,0.529717880307,8.77770078844e-16,7.77156117238e-16,0.08,100708.035103
2014-07-16,100470.593246,-0.0023432122286,-0.00235772504724,0,1.46155744889,0,1.45128186385e-05,48782.1561793,0.484391897127,0.282244786964,0.282244786964,0.564489573929,-7.6327832943e-17,-6.24500451352e-17,0.08,100470.593246
2014-07-17,100260.748069,-0.0020731573796,-0.00208862284738,0,1.55382472257,0,1.54654677789e-05,33618.9157844,0.33461448468,0.283243640066,0.283243640066,0.566487280132,-3.33066907388e-16,-2.671474153e-16,0.08,100260.748069
2014-07-18,100390.013379,0.00130481149264,0.00128929129319,0,1.55606680761,0,1.55201994557e-05,21342.6994223,0.212871934763,0.242529892438,0.242529892438,0.485059784875,-5.55111512313e-17,-2.77555756156e-17,0.08,100390.013379
2014-07-21,100316.968611,-0.000687741973868,-0.000727609901392,0,4.00234177752,0,3.9867927524e-05,16224.5160637,0.161614841134,0.275215646818,0.275215646818,0.550431293635,-5.55111512313e-17,-3.46944695195e-17,0.08,100316.968611
2014-07-22,100336.988091,0.000214642562584,0.000199562253169,0,1.5128109262,0,1.50803094147e-05,22532.7134056,0.224615174457,0.267368548022,0.267368548022,0.534737096044,-1.11022302463e-16,-1.04083408559e-16,0.08,100336.988091
2014-07-23,100204.182503,-0.00130894519357,-0.00132359552497,0,1.46997012706,0,1.46503313985e-05,51911.0994428,0.517367527471,0.382838999189,0.382838999189,0.765677998378,-2.49800180541e-16,-2.49800180541e-16,0.08,100204.182503
2014-07-24,100414.922858,0.00212408684355,0.00210310936414,0,2.10203117501,0,2.09774794076e-05,46904.5512576,0.468089755198,0.364709684841,0.364709684841,0.729419369681,-2.77555756156e-16,-1.49186218934e-16,0.08,100414.922858
2014-07-25,100507.981687,0.00094672711799,0.00092674302567,0,2.00670108869,0,1.998409232e-05,43577.9743362,0.433979065024,0.331162477729,0.331162477729,0.662324955457,-7.6327832943e-16,-6.31439345256e-16,0.08,100507.981687
2014-07-28,100435.381791,-0.000667891993283,-0.000722329660854,0,5.47142009539,0,5.44376675718e-05,31010.8710463,0.308541376773,0.34502732752,0.34502732752,0.690054655041,-4.4408920985e-16,-3.05311331772e-16,0.08,100435.381791
2014-07-29,100386.481553,-0.000467976974712,-0.000486882581699,0,1.89879185577,0,1.89056069874e-05,29721.6132171,0.295927716779,0.303788446349,0.303788446349,0.607576892697,-1.66533453694e-16,-1.31838984174e-16,0.08,100386.481553
2014-07-30,100190.208032,-0.00193853285841,-0.00195517880068,0,1.67102757618,0,1.66459422657e-05,48356.4491471,0.481702799015,0.376568130213,0.376568130213,0.753136260426,-8.32667268469e-17,2.77555756156e-17,0.08,100190.208032
2014-07-31,100338.655886,0.00150229417239,0.00148166030224,0,2.0673117427,0,2.06338701487e-05,49360.5757623,0.492668662256,0.353787756438,0.353787756438,0.707575512876,-1.52655665886e-16,-9.71445146547e-17,0.08,100338.655886
2014-08-01,100471.198816,0.00134034143724,0.00132095580675,0,1.94512810684,0,1.93856304898e-05,43930.7749666,0.437825029434,0.471672108735,0.471672108735,0.94334421747,-6.10622663544e-16,-4.4408920985e-16,0.08,100471.198816
2014-08-04,100488.101369,0.000245767959271,0.000168232818109,0,7.79004858291,0,7.75351411619e-05,58789.3409328,0.585136254226,0.372635712459,0.372635712459,0.745271424917,-9.71445146547e-17,-2.42861286637e-17,0.08,100488.101369
2014-08-05,100412.998424,-0.000726963074906,-0.000747381470109,0,2.05180576697,0,2.04183952032e-05,52051.3255168,0.51798496347,0.45772120379,0.45772120379,0.91544240758,-5.55111512313e-17,-8.32667268469e-17,0.08,100412.998424
2014-08-06,100509.820461,0.000989318693155,0.000964238079248,0,2.51841964465,0,2.50806139063e-05,51722.7216667,0.515099862353,0.365073417725,0.365073417725,0.730146835449,4.16333634234e-17,5.55111512313e-17,0.08,100509.820461
2014-08-07,100486.892411,-0.000208113488953,-0.000228117511842,0,2.01060074907,0,2.0004022889e-05,38773.1260765,0.385764554137,0.36302171984,0.36302171984,0.72604343968,2.70616862252e-16,2.22044604925e-16,0.08,100486.892411
2014-08-08,100676.840796,0.00191017182708,0.00189028022599,0,1.99884517832,0,1.98916010871e-05,55887.2778427,0.556164853963,0.478687071126,0.478687071126,0.957374142251,4.71844785466e-16,4.71844785466e-16,0.08,100676.840796
2014-08-11,100453.615982,-0.00213855266919,-0.00221724095485,0,7.92208800838,0,7.86882856645e-05,68239.5003394,0.677807326885,0.354877383612,0.354877383612,0.709754767224,2.77555756156e-17,0,0.08,100453.615982
2014-08-12,100494.971068,0.000431128735209,0.000411683399121,0,1.95335432405,0,1.94453360883e-05,31421.400337,0.31279511474,0.293107611177,0.293107611177,0.586215222354,1.04083408559e-16,8.32667268469e-17,0.08,100494.971068
2014-08-13,100575.080261,0.00081320698346,0.000797146292436,0,1.61401867973,0,1.60606910234e-05,37217.7308419,0.37034421172,0.257364989159,0.257364989159,0.514729978317,8.32667268469e-17,4.16333634234e-17,0.08,100575.080261
2014-08-14,100613.138071,0.000392504168437,0.00037840197725,0,1.41832901047,0,1.41021911868e-05,46285.7274355,0.460210693496,0.328938196791,0.328938196791,0.657876393582,2.08166817117e-17,5.89805981832e-17,0.08,100613.138071
2014-08-15,100549.73331,-0.000612159696475,-0.000630183707258,0,1.8134522855,0,1.80240107831e-05,51342.4482481,0.510295665483,0.24478391334,0.24478391334,0.48956782668,2.08166817117e-16,2.08166817117e-16,0.08,100549.73331
2014-08-18,100652.166038,0.00105896544987,0.00101872699836,0,4.04596556794,0,4.02384515079e-05,47619.7964784,0.473594458292,0.348093088534,0.348093088534,0.696186177068,1.94289029309e-16,2.08166817117e-16,0.08,100652.166038
2014-08-19,100510.396426,-0.00138943670163,-0.00140851029553,0,1.91979853939,0,1.90735938923e-05,39222.8824592,0.389687415612,0.291221859136,0.291221859136,0.582443718272,4.16333634234e-17,4.16333634234e-17,0.08,100510.396426
2014-08-20,100624.398155,0.00115018559427,0.00113422823213,0,1.60388079505,0,1.59573621444e-05,35502.6913216,0.353224070185,0.37377220791,0.37377220791,0.747544415821,1.49186218934e-16,1.31838984174e-16,0.08,100624.398155
2014-08-21,100632.084776,9.68699010523e-05,7.63892321256e-05,0,2.06085498456,0,2.04806689266e-05,43798.1269908,0.435263492689,0.185032478465,0.185032478465,0.370064956931,-1.04083408559e-17,-2.08166817117e-17,0.08,100632.084776
2014-08-22,100570.070424,-0.00060610953758,-0.000616248303524,0,1.02028515393,0,1.01387659433e-05,28286.2000196,0.28108530279,0.209444931629,0.209444931629,0.418889863259,-1.38777878078e-17,-1.04083408559e-17,0.08,100570.070424
2014-08-25,100641.197608,0.000741669375242,0.000707240071412,0,3.4625575108,0,3.44293038295e-05,24602.3710026,0.244629151583,0.244485801103,0.244485801103,0.488971602205,-9.71445146547e-17,-9.19403442268e-17,0.08,100641.197608
2014-08-26,100641.376852,1.51775014651e-05,1.781019213e-06,0,1.3482380176,0,1.33964822522e-05,25686.1706857,0.255225208922,0.177362250988,0.177362250988,0.354724501976,-1.80411241502e-16,-1.60461921528e-16,0.08,100641.376852
2014-08-27,100658.319407,0.000178064295488,0.000168345815982,0,0.978081158411,0,9.71847950618e-06,46966.036519,0.466667269348,0.310985397326,0.310985397326,0.621970794652,-4.99600361081e-16,-4.99600361081e-16,0.08,100658.319407
2014-08-28,100702.635413,0.000457302032183,0.000440261736439,0,1.71524753177,0,1.70402957439e-05,54135.0314942,0.5378098086,0.364308816321,0.364308816321,0.728617632641,-2.49800180541e-16,-2.28983498829e-16,0.08,100702.635413
2014-08-29,100747.487499,0.000465353502396,0.000445391375474,0,2.01023878947,0,1.99621269217e-05,77139.2279043,0.766010021364,0.392066807721,0.392066807721,0.784133615442,-8.32667268469e-17,-7.6327832943e-17,0.08,100747.487499
2014-09-02,100822.182957,0.000827345072797,0.00074141262179,0,8.65747853358,0,8.59324510073e-05,49679.0349863,0.493104455702,0.330074688483,0.330074688483,0.660149376966,0,0,0.08,100822.182957
2014-09-03,100885.444514,0.000645543009972,0.000627456725671,0,1.82349866476,0,1.80862843004e-05,62624.6729977,0.621139824201,0.342269273796,0.342269273796,0.684538547593,-1.38777878078e-17,6.24500451352e-17,0.08,100885.444514
2014-09-04,100751.585614,-0.00130808608065,-0.00132684056141,0,1.8920541277,0,1.8754480756e-05,62974.0718195,0.624213652651,0.32677405683,0.32677405683,0.65354811366,2.22044604925e-16,1.31838984174e-16,0.08,100751.585614
2014-09-05,100874.207417,0.00123497612788,0.00121707070011,0,1.80400023908,0,1.79054277715e-05,56612.1949089,0.561898798551,0.297463150695,0.297463150695,0.594926301389,8.32667268469e-17,4.85722573274e-17,0.08,100874.207417
2014-09-08,100577.996429,-0.00288754125841,-0.00293643931058,0,4.93255225679,0,4.8898052169e-05,22499.7417731,0.22304751977,0.262546538229,0.262546538229,0.525093076457,9.02056207508e-17,8.67361737988e-18,0.08,100577.996429
2014-09-09,100448.199174,-0.00127612731845,-0.00129051343013,0,1.44692628956,0,1.43861116838e-05,21883.3775419,0.217576192794,0.29672766135,0.29672766135,0.593455322699,9.71445146547e-17,4.68375338514e-17,0.08,100448.199174
2014-09-10,100545.366942,0.000983601108794,0.000967342058857,0,1.63319228645,0,1.6259049937e-05,30953.7020945,0.308155868886,0.337080712898,0.337080712898,0.674161425796,5.55111512313e-17,-2.08166817117e-17,0.08,100545.366942
2014-09-11,100555.97033,0.000123928924586,0.000105458748537,0,1.85709062835,0,1.84701760492e-05,46005.1591201,0.457556230779,0.317898677194,0.317898677194,0.635797354387,1.87350135405e-16,1.67400815432e-16,0.08,100555.97033
2014-09-12,100362.556927,-0.00190602116932,-0.00192344027492,0,1.75159506586,0,1.74191055997e-05,37024.9571371,0.368202474855,0.318857202598,0.318857202598,0.637714405195,0,3.46944695195e-17,0.08,100362.556927
2014-09-15,100585.158256,0.00227038676423,0.00221797188161,0,5.26049164065,0,5.24148826188e-05,43959.7321258,0.438009288242,0.410383562715,0.410383562715,0.820767125431,8.32667268469e-17,1.11022302463e-16,0.08,100585.158256
2014-09-16,100779.085887,0.00195048125862,0.00192799448806,0,2.26183537543,0,2.24867705597e-05,47612.0728684,0.473350876946,0.281641791388,0.281641791388,0.563283582775,-1.2490009027e-16,-5.55111512313e-17,0.08,100779.085887
2014-09-17,100684.741282,-0.000920720190498,-0.000936152617423,0,1.55526587855,0,1.54324269253e-05,22575.5628752,0.224010395377,0.274781226653,0.274781226653,0.549562453306,-6.93889390391e-17,-1.38777878078e-17,0.08,100684.741282
2014-09-18,100531.576422,-0.00150617558849,-0.00152123209406,0,1.51596036793,0,1.505650557e-05,27365.2718428,0.271791648807,0.241903090817,0.241903090817,0.483806181633,-9.02056207508e-17,-8.32667268469e-17,0.08,100531.576422
2014-09-19,100648.418354,0.00117549607943,0.00116224111555,0,1.33254241431,0,1.32549638804e-05,33502.4844031,0.333253347808,0.360375574651,0.360375574651,0.720751149302,-1.94289029309e-16,-1.52655665886e-16,0.08,100648.418354
2014-09-22,100528.258938,-0.00113461317232,-0.00119385299281,0,5.96239423593,0,5.92398204905e-05,47994.6298487,0.476854287765,0.2857479428,0.2857479428,0.571495885599,0,-6.93889390391e-17,0.08,100528.258938
2014-09-23,100612.040775,0.000849073196853,0.00083341577533,0,1.5740133252,0,1.56574215233e-05,44742.2198482,0.445071070769,0.332725582321,0.332725582321,0.665451164642,2.77555756156e-17,0,0.08,100612.040775
2014-09-24,100507.971082,-0.00101613465351,-0.00103436619226,0,1.83431232084,0,1.82315387573e-05,40485.1350891,0.402388568776,0.222782647492,0.222782647492,0.445565294984,0,2.77555756156e-17,0.08,100507.971082
2014-09-25,100580.122963,0.00073007950109,0.000717872232734,0,1.22692777488,0,1.22072683557e-05,30389.8283636,0.302362370234,0.270437709426,0.270437709426,0.540875418853,8.32667268469e-17,9.02056207508e-17,0.08,100580.122963
2014-09-26,100640.587696,0.000615978368705,0.000601159864079,0,1.49044701742,0,1.48185046261e-05,26901.8587978,0.267466950778,0.260162573659,0.260162573659,0.520325147317,4.16333634234e-17,2.60208521397e-17,0.08,100640.587696
2014-09-29,100472.169979,-0.00163069075864,-0.0016734572091,0,4.30404070842,0,4.27664504644e-05,44639.5346408,0.443553994096,0.28200586707,0.28200586707,0.56401173414,1.11022302463e-16,1.11022302463e-16,0.08,100472.169979
2014-09-30,100482.259215,0.000115870590364,0.000100418214086,0,1.55253377597,0,1.54523762778e-05,42149.1938407,0.419511132779,0.331304809363,0.331304809363,0.662609618726,5.34294830601e-16,4.4408920985e-16,0.08,100482.259215
2014-10-01,100537.39971,0.000566912203062,0.000548758514878,0,1.82412360184,0,1.81536881843e-05,50341.3198099,0.500997093449,0.258320836012,0.258320836012,0.516641672023,-2.77555756156e-17,-4.16333634234e-17,0.08,100537.39971
2014-10-02,100532.928323,-3.0320304512e-05,-4.44748708688e-05,0,1.42306329554,0,1.41545663568e-05,47270.6313992,0.470179570343,0.350066663163,0.350066663163,0.700133326326,2.56739074445e-16,2.70616862252e-16,0.08,100532.928323
2014-10-03,100473.751031,-0.000569454172834,-0.000588635907802,0,1.92839598662,0,1.91817349678e-05,36427.5630133,0.362344593171,0.31090013303,0.31090013303,0.62180026606,3.46944695195e-17,6.24500451352e-17,0.08,100473.751031
2014-10-06,100450.960019,-0.000175728617383,-0.000226835488566,0,5.13489905122,0,5.1106871183e-05,50157.984584,0.499214810527,0.388834658376,0.388834658376,0.777669316753,1.94289029309e-16,1.40512601554e-16,0.08,100450.960019
2014-10-07,100418.17402,-0.000305082097053,-0.000326388105732,0,2.14020902589,0,2.13060086782e-05,48680.5467616,0.484620025061,0.404217133591,0.404217133591,0.808434267181,6.93889390391e-17,7.97972798949e-17,0.08,100418.17402
2014-10-08,100362.315256,-0.000534112613404,-0.000556261497437,0,2.22415049111,0,2.21488840324e-05,45611.8164748,0.454218739983,0.324850011301,0.324850011301,0.649700022601,5.06539254985e-16,4.64905891562e-16,0.08,100362.315256
2014-10-09,100224.706389,-0.00135332089068,-0.0013711208913,0,1.78644927371,0,1.78000006192e-05,50886.4809741,0.507027770774,0.399604394281,0.399604394281,0.799208788563,4.7878367937e-16,3.92047505571e-16,0.08,100224.706389
2014-10-10,100014.314601,-0.0020773047096,-0.00209920084079,0,2.19453331993,0,2.18961311935e-05,45695.9919331,0.45593540335,0.310846900018,0.310846900018,0.621693800035,2.49800180541e-16,2.91433543964e-16,0.08,100014.314601
2014-10-13,99850.8503555,-0.00158331037762,-0.00163440849817,0,5.1105435043,0,5.10981205508e-05,41641.3497265,0.416353897865,0.215769840856,0.215769840856,0.431539681712,1.41206490945e-15,1.30451205393e-15,0.08,99850.8503555
2014-10-14,99838.8432395,-0.00010842750766,-0.000120250512638,0,1.18053710085,0,1.18230049784e-05,33268.7869653,0.333184813619,0.28068973136,0.28068973136,0.56137946272,8.39606162373e-16,7.6327832943e-16,0.08,99838.8432395
2014-10-15,100234.91225,0.0039824635832,0.00396708332395,0,1.5355472925,0,1.53802592526e-05,49329.3858111,0.494090117739,0.345534279013,0.345534279013,0.691068558027,6.66133814775e-16,6.52256026967e-16,0.08,100234.91225
2014-10-16,100505.035761,0.00271383783356,0.00269490444841,0,1.89778619924,0,1.89333851514e-05,52641.9062574,0.525185337882,0.354592406438,0.354592406438,0.709184812876,1.36002320517e-15,1.34614541736e-15,0.08,100505.035761
2014-10-17,100643.080341,0.00139293881306,0.00137350909216,0,1.95278479394,0,1.94297209007e-05,56129.4883186,0.558474387814,0.33990694483,0.33990694483,0.679813889659,0,0,0.08,100643.080341
2014-10-20,100656.976997,0.000193953716167,0.000138078601948,0,5.62344360936,0,5.58751142186e-05,38960.3222403,0.387113769852,0.273078993026,0.273078993026,0.546157986052,-4.85722573274e-16,-3.88578058619e-16,0.08,100656.976997
2014-10-21,100702.429403,0.000466520669183,0.000451557436689,0,1.506153749,0,1.49632324946e-05,41583.9146626,0.41312501034,0.287943088886,0.287943088886,0.575886177772,-4.09394740331e-16,-3.88578058619e-16,0.08,100702.429403
2014-10-22,100732.108839,0.000310501830403,0.000294724126902,0,1.58885307292,0,1.57777035006e-05,33273.5238669,0.330414311393,0.238514924269,0.238514924269,0.477029848537,-2.56739074445e-16,-2.22044604925e-16,0.08,100732.108839
2014-10-23,100754.103158,0.000231413984704,0.000218344673785,0,1.31649924992,0,1.30693109188e-05,30365.8673274,0.301451718597,0.201313770205,0.201313770205,0.402627540409,-5.62050406216e-16,-5.55111512313e-16,0.08,100754.103158
2014-10-24,100743.169128,-9.74910484198e-05,-0.000108521939938,0,1.11140758194,0,1.10308915181e-05,23869.9492941,0.23691292509,0.16273278844,0.16273278844,0.32546557688,-4.71844785466e-16,-4.16333634234e-16,0.08,100743.169128
2014-10-27,100648.69681,-0.000911003486551,-0.000937754081911,0,2.69493975262,0,2.675059536e-05,13375.7406668,0.132770695846,0.166964959088,0.166964959088,0.333929918176,-1.2490009027e-16,-7.4593109467e-17,0.08,100648.69681
2014-10-28,100761.814073,0.00113303080851,0.00112388204362,0,0.920811262743,0,9.14876488153e-06,43696.960517,0.43415326678,0.348223036953,0.348223036953,0.696446073907,-3.88578058619e-16,-3.88578058619e-16,0.08,100761.814073
2014-10-29,100822.394569,0.000620305466778,0.000601224752425,0,1.92260739207,0,1.90807143536e-05,56968.7320138,0.565380174406,0.360939572391,0.360939572391,0.721879144782,-1.11022302463e-16,-4.16333634234e-17,0.08,100822.394569
2014-10-30,100873.15805,0.000523271609483,0.000503494098667,0,1.99401599908,0,1.9777510816e-05,38898.5756109,0.385812852166,0.31181240218,0.31181240218,0.62362480436,-1.11022302463e-16,-5.55111512313e-17,0.08,100873.15805
2014-10-31,100807.250781,-0.000636282142149,-0.000653367753227,0,1.72347954669,0,1.70856110784e-05,47473.8263789,0.470628929406,0.399980372318,0.399980372318,0.799960744635,0,-1.38777878078e-17,0.08,100807.250781
2014-11-03,100415.081172,-0.0038245414898,-0.00389029168799,0,6.62809671778,0,6.57501981892e-05,48718.2847704,0.483281553587,0.381501419878,0.381501419878,0.763002839755,0,-1.38777878078e-17,0.08,100415.081172
2014-11-04,100329.017034,-0.000836179592008,-0.000857083779398,0,2.09909567365,0,2.09041873906e-05,66141.161543,0.65867756886,0.430281935373,0.430281935373,0.860563870745,-1.66533453694e-16,-1.66533453694e-16,0.08,100329.017034
2014-11-05,100234.162898,-0.000921853645579,-0.000945430737928,0,2.36546649992,0,2.35770923492e-05,59017.5407557,0.588239997762,0.407820767341,0.407820767341,0.815641534681,3.33066907388e-16,2.91867224833e-16,0.08,100234.162898
2014-11-06,100539.658714,0.00307016764398,0.00304782130056,0,2.23986702612,0,2.23463434159e-05,34013.0307301,0.339335708972,0.390639934112,0.390639934112,0.781279868223,1.11022302463e-16,9.02056207508e-17,0.08,100539.658714
2014-11-07,101091.233007,0.0055075414376,0.0054861365097,0,2.15204414552,0,2.14049278965e-05,42711.0680377,0.424818112414,0.366278571674,0.366278571674,0.732557143348,1.11022302463e-16,9.54097911787e-17,0.08,101091.233007
2014-11-10,101114.299026,0.000288380503521,0.000228170327355,0,6.08672094813,0,6.02101761656e-05,80985.0827754,0.801108863416,0.472249916323,0.472249916323,0.944499832646,2.77555756156e-16,2.22044604925e-16,0.08,101114.299026
2014-11-11,101268.747709,0.00155334298654,0.0015274662788,0,2.61650516462,0,2.58767077437e-05,69157.918015,0.683957844547,0.262894621313,0.262894621313,0.525789242627,1.94289029309e-16,1.2490009027e-16,0.08,101268.747709
2014-11-12,101185.625092,-0.000806406948705,-0.000820812133434,0,1.45879501807,0,1.44051847295e-05,34048.245162,0.336216709818,0.2229843661,0.2229843661,0.445968732201,-2.77555756156e-17,-2.08166817117e-17,0.08,101185.625092
2014-11-13,101109.105776,-0.000744008820057,-0.000756227141487,0,1.23631849148,0,1.22183214302e-05,27922.3912587,0.275952154601,0.171294711755,0.171294711755,0.34258942351,1.38777878078e-17,1.38777878078e-17,0.08,101109.105776
2014-11-14,100960.929951,-0.0014561182389,-0.0014655042505,0,0.94901123998,0,9.38601160301e-06,27023.0664812,0.267266397758,0.239299822655,0.239299822655,0.478599645311,2.49800180541e-16,2.44596010113e-16,0.08,100960.929951
2014-11-17,100991.420641,0.000341341797637,0.000302004840488,0,3.9714957752,0,3.93369571488e-05,29159.9546898,0.288824149142,0.342325250555,0.342325250555,0.68465050111,3.60822483003e-16,4.1806835771e-16,0.08,100991.420641
2014-11-18,100826.763818,-0.00161164651725,-0.00163040406522,0,1.8943514178,0,1.87575479756e-05,30221.3354623,0.299246562436,0.370612162432,0.370612162432,0.741224324864,8.32667268469e-16,9.33281230076e-16,0.08,100826.763818
2014-11-19,100691.786086,-0.00131840183949,-0.00133870935524,0,2.04754109423,0,2.03075157497e-05,29779.7475714,0.295355582622,0.346015322499,0.346015322499,0.692030644998,8.18789480661e-16,8.32667268469e-16,0.08,100691.786086
2014-11-20,100698.042933,8.10983487574e-05,6.21386050588e-05,0,1.90909045674,0,1.89597436986e-05,37977.3376086,0.377164206583,0.296418740546,0.296418740546,0.592837481091,6.80011602583e-16,6.38378239159e-16,0.08,100698.042933
2014-11-21,100780.938841,0.000839454819068,0.000823212696298,0,1.63554997598,0,1.62421227696e-05,49639.5287775,0.49295425543,0.347483831985,0.347483831985,0.694967663971,-8.32667268469e-17,-2.77555756156e-17,0.08,100780.938841
2014-11-24,100716.247019,-0.000584784696748,-0.000641905326664,0,5.75667071005,0,5.71206299154e-05,42585.9903223,0.422559968306,0.32760463101,0.32760463101,0.655209262019,3.46944695195e-17,1.11022302463e-16,0.08,100716.247019
2014-11-25,100730.809682,0.000162541938536,0.000144590999851,0,1.80795117487,0,1.79509386855e-05,45099.6518213,0.447789241121,0.353670852464,0.353670852464,0.707341704927,9.71445146547e-17,9.71445146547e-17,0.08,100730.809682
2014-11-26,100994.806288,0.00264019213433,0.00262081290954,0,1.95208500436,0,1.93792247925e-05,38860.4606407,0.385785250445,0.240934444303,0.240934444303,0.481868888607,-1.31838984174e-16,-1.11022302463e-16,0.08,100994.806288
2014-11-28,100917.53781,-0.000738670011903,-0.000765073786621,0,2.66664411295,0,2.64037747182e-05,77298.7744129,0.765373757856,0.441961914292,0.441961914292,0.883923828585,1.38777878078e-16,1.38777878078e-16,0.08,100917.53781
2014-12-01,101475.023713,0.00559682393056,0.00552417265698,0,7.33178764866,0,7.26512735823e-05,51971.0649487,0.514985463149,0.387040138487,0.387040138487,0.774080276974,2.49800180541e-16,2.81025203108e-16,0.08,101475.023713
2014-12-02,101674.298149,0.00198498585012,0.0019637781713,0,2.15204971127,0,2.12076788212e-05,52281.1674756,0.515212173034,0.312015378486,0.312015378486,0.624030756973,0,-4.16333634234e-17,0.08,101674.298149
2014-12-03,101831.401986,0.00156226438569,0.00154516765262,0,1.73829833531,0,1.70967330677e-05,41173.1568069,0.404951473051,0.25905564941,0.25905564941,0.518111298821,4.16333634234e-17,2.08166817117e-17,0.08,101831.401986
2014-12-04,101869.356753,0.000386916469108,0.000372721639003,0,1.44547945051,0,1.41948301047e-05,27600.606475,0.271042192651,0.248644139956,0.248644139956,0.497288279912,1.52655665886e-16,5.55111512313e-17,0.08,101869.356753
2014-12-05,101631.654218,-0.00231978133068,-0.00233340566712,0,1.38790238891,0,1.36243364359e-05,45353.7110081,0.445214463444,0.395037143293,0.395037143293,0.790074286586,0,-1.31838984174e-16,0.08,101631.654218
2014-12-08,100711.811068,-0.00898581686958,-0.00905075448218,0,6.59971698914,0,6.49376125961e-05,52238.9633529,0.514002883793,0.355815866492,0.355815866492,0.711631732984,-6.38378239159e-16,-6.38378239159e-16,0.08,100711.811068
2014-12-09,100997.405728,0.00285525809276,0.00283576133295,0,1.96355399021,0,1.94967598078e-05,60147.882487,0.597227692054,0.460407258754,0.460407258754,0.920814517508,0,-1.11022302463e-16,0.08,100997.405728
2014-12-10,100711.38503,-0.00280673305045,-0.00283196084545,0,2.54794184726,0,2.52277950002e-05,40896.191159,0.404923184553,0.388958003831,0.388958003831,0.777916007661,-2.77555756156e-16,-2.77555756156e-16,0.08,100711.38503
2014-12-11,100605.444703,-0.00103060729355,-0.00105192006088,0,2.14643831694,0,2.13127673332e-05,31639.3693641,0.314158814863,0.317676719242,0.317676719242,0.635353438485,-1.94289029309e-16,-1.66533453694e-16,0.08,100605.444703
2014-12-12,100483.169361,-0.00119798793711,-0.00121539488063,0,1.75123329377,0,1.74069435201e-05,22493.6371144,0.22358270152,0.358733931656,0.358733931656,0.717467863313,-2.77555756156e-17,-8.32667268469e-17,0.08,100483.169361
2014-12-15,100562.483065,0.000848293232129,0.000789323270761,0,5.92548861536,0,5.89699613682e-05,47996.0261908,0.477652391899,0.352859742824,0.352859742824,0.705719485649,-2.08166817117e-17,-2.77555756156e-17,0.08,100562.483065
2014-12-16,101237.950948,0.0067362322029,0.00671689742247,0,1.94435352942,0,1.93347804287e-05,71768.1036591,0.713666781804,0.448239760988,0.448239760988,0.896479521976,1.11022302463e-16,1.66533453694e-16,0.08,101237.950948
2014-12-17,101217.31352,-0.000179289620595,-0.000203850703389,0,2.48651369511,0,2.45610827939e-05,66627.9745551,0.658132389397,0.366230838394,0.366230838394,0.732461676788,2.22044604925e-16,9.71445146547e-17,0.08,101217.31352
2014-12-18,100915.569205,-0.00296108572783,-0.00298115317102,0,2.0311726899,0,2.00674431997e-05,53844.9189524,0.531973405336,0.426678176023,0.426678176023,0.853356352045,0,-2.77555756156e-17,0.08,100915.569205
2014-12-19,100848.496322,-0.000641263933965,-0.000664643560048,0,2.35936827402,0,2.33796260834e-05,53350.6620834,0.528666314856,0.23009800051,0.23009800051,0.460196001021,-1.38777878078e-16,-1.73472347598e-16,0.08,100848.496322
2014-12-22,101032.844239,0.00186579324349,0.00182796891464,0,3.81452668902,0,3.7824328851e-05,32162.0579686,0.318914601026,0.233722044,0.233722044,0.467444087999,-3.74700270811e-16,-3.57353036051e-16,0.08,101032.844239
2014-12-23,100939.972681,-0.000906414763025,-0.000919221450368,0,1.29389604748,0,1.28066873424e-05,31844.3378262,0.315187977397,0.308750446675,0.308750446675,0.61750089335,-1.11022302463e-16,-1.31838984174e-16,0.08,100939.972681
2014-12-24,100981.26611,0.000426006795726,0.000409088963032,0,1.70768557,0,1.69178326945e-05,51201.1662041,0.507243709744,0.333530984907,0.333530984907,0.667061969814,-1.11022302463e-16,-1.2490009027e-16,0.08,100981.26611
2014-12-26,101177.798101,0.00198277363266,0.00194622229185,0,3.69100067318,0,3.65513408118e-05,30487.0662537,0.301908140274,0.300166246841,0.300166246841,0.600332493682,-5.55111512313e-17,-8.32667268469e-17,0.08,101177.798101
2014-12-29,101294.103127,0.00119885373374,0.001149511337,0,4.99235505527,0,4.9342396741e-05,42559.6719253,0.420642401043,0.311298468019,0.311298468019,0.622596936038,6.93889390391e-17,8.32667268469e-17,0.08,101294.103127
2014-12-30,101365.222606,0.000719166235762,0.00070210878546,0,1.72781913001,0,1.70574503024e-05,55430.4306131,0.547222680315,0.313807929054,0.313807929054,0.627615858108,1.2490009027e-16,1.14491749414e-16,0.08,101365.222606
2014-12-31,101233.269384,-0.00128456534597,-0.00130176030099,0,1.74297044297,0,1.71949550167e-05,43717.9707698,0.431291617042,0.337044103322,0.337044103322,0.674088206643,-1.52655665886e-16,-1.61329283266e-16,0.08,101233.269384
2015-01-02,101378.76574,0.00147417487426,0.00143723853417,0,3.73918646639,0,3.69363400901e-05,72088.7291777,0.712105117384,0.325725541332,0.325725541332,0.651451082665,-1.80411241502e-16,-1.80411241502e-16,0.08,101378.76574
2015-01-05,101422.022515,0.000480228695539,0.000426684770936,0,5.42821698906,0,5.35439246026e-05,34844.9446422,0.343710484025,0.317491173865,0.317491173865,0.634982347731,-6.93889390391e-17,-1.38777878078e-16,0.08,101422.022515
2015-01-06,101433.394707,0.000129524222299,0.000112127445649,0,1.7644162731,0,1.73967766502e-05,52206.1971292,0.514742221015,0.284889173898,0.284889173898,0.569778347796,7.97972798949e-17,0,0.08,101433.394707
2015-01-07,101386.337528,-0.000448311589853,-0.000463921955546,0,1.58341238487,0,1.5610365693e-05,45923.6631737,0.452746980482,0.288582949374,0.288582949374,0.577165898748,2.35922392733e-16,1.57859836314e-16,0.08,101386.337528
2015-01-08,101435.230245,0.000498054435011,0.000482241670662,0,1.60319826357,0,1.58127643493e-05,33279.7815945,0.3282472018,0.30724245965,0.30724245965,0.614484919299,1.44328993201e-15,1.36696209907e-15,0.08,101435.230245
2015-01-09,101288.186211,-0.0014327995453,-0.00144963474857,0,1.70768271976,0,1.68352032685e-05,37868.303308,0.373324960336,0.316687629586,0.316687629586,0.633375259172,3.88578058619e-16,3.53883589099e-16,0.08,101288.186211
2015-01-12,101215.43436,-0.000666207666044,-0.000718265906524,0,5.27288475553,0,5.20582404799e-05,29500.8490378,0.291256563489,0.365294158504,0.365294158504,0.730588317008,6.38378239159e-16,6.76542155631e-16,0.08,101215.43436
2015-01-13,101210.883965,-2.49414047138e-05,-4.49575229881e-05,0,2.02594010532,0,2.00161182742e-05,26790.1606345,0.264684539507,0.415835377171,0.415835377171,0.831670754342,9.71445146547e-17,1.63064006742e-16,0.08,101210.883965
2015-01-14,100775.298273,-0.0042809580789,-0.00430374357902,0,2.30614060862,0,2.2785500119e-05,54908.6177612,0.542516927136,0.435189341245,0.435189341245,0.870378682491,6.66133814775e-16,6.73072708679e-16,0.08,100775.298273
2015-01-15,100289.608486,-0.00479568612895,-0.00481953212025,0,2.40308688598,0,2.38459913011e-05,50960.2880738,0.505682334335,0.363743641338,0.363743641338,0.727487282676,2.01227923213e-16,2.81025203108e-16,0.08,100289.608486
2015-01-16,100142.532589,-0.00144658066591,-0.00146651182434,0,1.99888807556,0,1.99311584295e-05,40839.8522004,0.407219180702,0.293897630579,0.293897630579,0.587795261157,4.30211422042e-16,4.4408920985e-16,0.08,100142.532589
2015-01-20,99962.0239361,-0.00173810143501,-0.00180251735404,0,6.4507732708,0,6.44159190309e-05,33625.9829552,0.335781231869,0.274462676719,0.274462676719,0.548925353437,6.93889390391e-17,5.55111512313e-17,0.08,99962.0239361
2015-01-21,99885.4265439,-0.000751225868499,-0.000766264919278,0,1.50333395396,0,1.50390507791e-05,26899.7770343,0.269099963917,0.343668685814,0.343668685814,0.687337371628,-1.38777878078e-17,2.08166817117e-17,0.08,99885.4265439
2015-01-22,100205.780313,0.00322604346708,0.00320721230622,0,1.88095853547,0,1.88311608665e-05,23179.4762101,0.232060641999,0.375519363742,0.375519363742,0.751038727484,-5.55111512313e-17,-2.77555756156e-17,0.08,100205.780313
2015-01-23,99931.1412753,-0.00272017404961,-0.00274075045311,0,2.06187456803,0,2.05764034927e-05,49481.7353376,0.493801207704,0.212952270706,0.212952270706,0.425904541413,-1.45716771982e-16,-1.38777878078e-16,0.08,99931.1412753
2015-01-26,100039.699018,0.00112133130707,0.00108632545435,0,3.49817481351,0,3.50058527188e-05,36833.6055214,0.368589861492,0.293502310294,0.293502310294,0.587004620588,-1.63064006742e-16,-9.71445146547e-17,0.08,100039.699018
2015-01-27,100147.972405,0.00109838652552,0.00108230420715,0,1.60887028947,0,1.60823183723e-05,30980.230637,0.309679366704,0.296898439384,0.296898439384,0.593796878768,-6.93889390391e-17,2.77555756156e-17,0.08,100147.972405
2015-01-28,99722.8991271,-0.00422818375219,-0.00424445215983,0,1.62924803915,0,1.62684076375e-05,48458.9235246,0.483873236381,0.213507170013,0.213507170013,0.427014340026,-2.77555756156e-17,-2.08166817117e-17,0.08,99722.8991271
2015-01-29,99783.8253826,0.000622654540215,0.000610955517201,0,1.16666049195,0,1.16990230144e-05,22779.7224113,0.228430206208,0.246092773917,0.246092773917,0.492185547833,-1.38777878078e-17,-2.77555756156e-17,0.08,99783.8253826
2015-01-30,99602.6290977,-0.00180240380293,-0.00181588833848,0,1.34553854139,0,1.34845355571e-05,30427.2524969,0.304931709927,0.305717193486,0.305717193486,0.611434386973,3.60822483003e-16,3.46944695195e-16,0.08,99602.6290977
2015-02-02,99819.7192693,0.00222981754525,0.00217956266413,0,5.00551828465,0,5.02548811211e-05,30066.8046324,0.301867580252,0.249565813522,0.249565813522,0.499131627043,1.73472347598e-16,2.77555756156e-16,0.08,99819.7192693
2015-02-03,99507.3184072,-0.00311597593911,-0.00312965077821,0,1.36501859972,0,1.36748390971e-05,14287.1253505,0.143129288032,0.224523648607,0.224523648607,0.449047297214,1.38777878078e-17,1.38777878078e-17,0.08,99507.3184072
2015-02-04,99605.0962442,0.00099492222104,0.000982619555363,0,1.22420527079,0,1.23026656771e-05,28870.7535772,0.290136987302,0.204213570713,0.204213570713,0.408427141426,0,7.2858385991e-17,0.08,99605.0962442
2015-02-05,99816.796976,0.00213659038984,0.00212540060514,0,1.11455958166,0,1.11897846966e-05,21237.8494081,0.213220509883,0.163838178224,0.163838178224,0.327676356447,2.77555756156e-17,1.38777878078e-17,0.08,99816.796976
2015-02-06,99708.2417293,-0.00107856744805,-0.00108754488247,0,0.896098749188,0,8.97743442322e-06,18723.7180275,0.187580834035,0.18475572305,0.18475572305,0.369511446099,2.77555756156e-17,1.38777878078e-17,0.08,99708.2417293
2015-02-09,99654.5069038,-0.000508549796486,-0.000538920600275,0,3.0282194457,0,3.0370803789e-05,42976.2629346,0.43102016633,0.326105739731,0.326105739731,0.652211479461,-1.04083408559e-16,-1.52655665886e-16,0.08,99654.5069038
2015-02-10,99608.0050103,-0.000448762305316,-0.000466631112972,0,1.78070721596,0,1.78688076565e-05,19130.2473759,0.191965702007,0.282615863504,0.282615863504,0.565231727008,-2.671474153e-16,-3.05311331772e-16,0.08,99608.0050103
2015-02-11,99606.4848246,2.2411802896e-07,-1.52616827109e-05,0,1.54250971769,0,1.54858007399e-05,33506.5052308,0.336383659399,0.192596148035,0.192596148035,0.38519229607,-6.93889390391e-18,0,0.08,99606.4848246
2015-02-12,99311.6670892,-0.00294927149919,-0.00295982471278,0,1.0511685094,0,1.0553213591e-05,24075.9428566,0.241710596444,0.230566531168,0.230566531168,0.461133062336,-1.38777878078e-16,-1.11022302463e-16,0.08,99311.6670892
2015-02-13,99564.747994,0.00256098396336,0.00254835018083,0,1.25468200467,0,1.26337825298e-05,20287.9771949,0.204285939301,0.241328528705,0.241328528705,0.482657057411,-1.2490009027e-16,-8.32667268469e-17,0.08,99564.747994
2015-02-17,99613.4533181,0.000542076341304,0.000489182417205,0,5.26637022341,0,5.28939240998e-05,32368.1783412,0.325096773641,0.301097608539,0.301097608539,0.602195217078,-4.85722573274e-17,-1.38777878078e-17,0.08,99613.4533181
2015-02-18,99465.080095,-0.00147299130571,-0.00148948980481,0,1.64347246972,0,1.6498499098e-05,27974.2388308,0.280827919312,0.310313649684,0.310313649684,0.620627299369,-4.16333634234e-17,6.93889390391e-18,0.08,99465.080095
2015-02-19,99250.1071981,-0.00214428665159,-0.00216129013924,0,1.69125326139,0,1.70034876539e-05,49679.8487053,0.499470252855,0.391667795573,0.391667795573,0.783335591147,-2.15105711021e-16,-1.2490009027e-16,0.08,99250.1071981
2015-02-20,99226.206025,-0.000219356356335,-0.000240817605408,0,2.13003127105,0,2.14612490725e-05,59114.0686182,0.595607100959,0.317113882762,0.317113882762,0.634227765525,1.04083408559e-16,1.41813644161e-16,0.08,99226.206025
2015-02-23,99137.5659744,-0.000841184597632,-0.000893312907127,0,5.1724943777,0,5.21283094952e-05,43302.6743455,0.436403608283,0.34342639496,0.34342639496,0.686852789919,-1.2490009027e-16,-8.15320033709e-17,0.08,99137.5659744
2015-02-24,99193.9705102,0.000587770080055,0.0005689521954,0,1.86555928152,0,1.88178846553e-05,37996.2234955,0.383267665713,0.223965194624,0.223965194624,0.447930389247,-4.85722573274e-17,-4.16333634234e-17,0.08,99193.9705102
2015-02-25,99539.0359067,0.0034909653234,0.00347869325794,0,1.21731489922,0,1.22720654588e-05,35632.2935822,0.359218341588,0.2874289374,0.2874289374,0.574857874801,2.77555756156e-17,1.38777878078e-17,0.08,99539.0359067
2015-02-26,99380.8538677,-0.00157339625032,-0.00158914578114,0,1.56769311345,0,1.57495308165e-05,45895.0920135,0.461076316397,0.313842820404,0.313842820404,0.627685640808,-2.77555756156e-17,-3.98986399475e-17,0.08,99380.8538677
2015-02-27,99436.512089,0.00057724660617,0.000560049739299,0,1.70903931354,0,1.71968668715e-05,40980.3864466,0.412356956614,0.266802831145,0.266802831145,0.53360566229,2.77555756156e-17,1.38777878078e-17,0.08,99436.512089
2015-03-02,99203.1425246,-0.00230306225612,-0.00234692025576,0,4.36108651143,0,4.38579996403e-05,27186.2019439,0.273402610095,0.256945598546,0.256945598546,0.513891197093,1.38777878078e-16,6.93889390391e-17,0.08,99203.1425246
2015-03-03,99234.1402309,0.000326546189788,0.000312466978909,0,1.39670196349,0,1.40792108793e-05,28208.5408542,0.284351282997,0.296847653936,0.296847653936,0.593695307872,2.22044604925e-16,1.66533453694e-16,0.08,99234.1402309
2015-03-04,99151.4438936,-0.000817080006376,-0.000833345631249,0,1.61410529961,0,1.62656248732e-05,23587.2168799,0.237692560495,0.239904895557,0.239904895557,0.479809791114,1.38777878078e-16,1.52655665886e-16,0.08,99151.4438936
2015-03-05,99332.3234414,0.00183742095277,0.00182427547905,0,1.30339270091,0,1.31454737292e-05,37121.2208617,0.374389110274,0.335316270442,0.335316270442,0.670632540884,9.71445146547e-17,1.38777878078e-16,0.08,99332.3234414
2015-03-06,99629.565991,0.00301077857693,0.00299240508266,0,1.82508187566,0,1.83734942708e-05,56454.1315912,0.568335961904,0.291748470146,0.291748470146,0.583496940292,1.2490009027e-16,1.11022302463e-16,0.08,99629.565991
2015-03-09,99448.0262368,-0.00177418874312,-0.00182214739575,0,4.77809974671,0,4.79586526267e-05,45353.0407869,0.455216685286,0.31704242983,0.31704242983,0.63408485966,-3.22658566532e-16,-3.05311331772e-16,0.08,99448.0262368
2015-03-10,99532.5714976,0.000867517374246,0.00085014518631,0,1.72762980164,0,1.73721879359e-05,34101.1806353,0.342904549499,0.318019150397,0.318019150397,0.636038300793,4.85722573274e-17,1.38777878078e-17,0.08,99532.5714976
2015-03-11,99311.8253558,-0.0022004024717,-0.00221782817857,0,1.73442541504,0,1.7425706871e-05,39808.7211352,0.399956723073,0.346468821856,0.346468821856,0.692937643712,-5.55111512313e-17,-8.32667268469e-17,0.08,99311.8253558
2015-03-12,99657.6476909,0.00350117147099,0.00348218687801,0,1.88539458232,0,1.89845929784e-05,45489.1498047,0.458043638225,0.414141426257,0.414141426257,0.828282852513,-6.38378239159e-16,-7.49400541622e-16,0.08,99657.6476909
2015-03-13,99623.2500813,-0.000322465070975,-0.000345157751866,0,2.26149919737,0,2.26926808908e-05,69658.9351245,0.698982333404,0.338985060663,0.338985060663,0.677970121326,4.16333634234e-17,5.89805981832e-17,0.08,99623.2500813
2015-03-16,99607.8938926,-9.84190467966e-05,-0.000154142618413,0,5.55136331051,0,5.57235716158e-05,49075.4820899,0.492610731429,0.381809927085,0.381809927085,0.763619854169,-5.55111512313e-16,-6.62664367823e-16,0.08,99607.8938926
2015-03-17,99582.0548634,-0.000238486352696,-0.000259407444591,0,2.0839059016,0,2.0921091895e-05,32642.0361851,0.327705314403,0.378428352998,0.378428352998,0.756856705997,-4.4408920985e-16,-5.07406616723e-16,0.08,99582.0548634
2015-03-18,99746.8088778,0.00167519065763,0.00165445485747,0,2.0649135896,0,2.07358001643e-05,42307.5022881,0.424850665576,0.298469641511,0.298469641511,0.596939283021,-3.33066907388e-16,-3.33066907388e-16,0.08,99746.8088778
2015-03-19,99658.3763439,-0.000870215554824,-0.000886570055729,0,1.63130927603,0,1.63545009047e-05,47986.4726601,0.481082785504,0.320254052843,0.320254052843,0.640508105686,-2.77555756156e-17,0,0.08,99658.3763439
2015-03-20,100027.945827,0.00372591164388,0.0037083634766,0,1.74882185884,0,1.75481672791e-05,66184.8150164,0.664116930703,0.437912352019,0.437912352019,0.875824704037,2.77555756156e-17,5.55111512313e-17,0.08,100027.945827
2015-03-23,99995.2676806,-0.000254704574716,-0.000326690166828,0,7.20057090816,0,7.19855921126e-05,58632.210826,0.586158301476,0.341918173196,0.341918173196,0.683836346393,1.66533453694e-16,1.89084858881e-16,0.08,99995.2676806
2015-03-24,100024.398423,0.000310056448068,0.000291321205701,0,1.87343557554,0,1.87352423669e-05,49893.9652008,0.498963264544,0.365991364926,0.365991364926,0.731982729853,2.22044604925e-16,2.35922392733e-16,0.08,100024.398423
2015-03-25,99971.2218848,-0.000511581345388,-0.000531635666753,0,2.00592143039,0,2.00543213658e-05,47257.1367166,0.472456095332,0.447022559783,0.447022559783,0.894045119566,3.60822483003e-16,4.30211422042e-16,0.08,99971.2218848
2015-03-26,100058.966181,0.000902189937831,0.000877695550994,0,2.44873378146,0,2.44943868374e-05,56649.389714,0.566656970336,0.318099223721,0.318099223721,0.636198447443,7.35522753814e-16,6.73072708679e-16,0.08,100058.966181
2015-03-27,99945.5256228,-0.00111630697087,-0.00113373706532,0,1.74403723116,0,1.74300944505e-05,57752.1768711,0.577181426864,0.347180141641,0.347180141641,0.694360283281,-2.22044604925e-16,-2.22911966663e-16,0.08,99945.5256228
2015-03-30,100018.528123,0.000787493600058,0.000730422891843,0,5.7039619302,0,5.70707082149e-05,56808.3680318,0.568393309033,0.374572823064,0.374572823064,0.749145646128,3.0184188482e-16,3.33066907388e-16,0.08,100018.528123
2015-03-31,100156.74052,0.00140239247335,0.0013818679351,0,2.05283410617,0,2.05245382501e-05,46055.8233175,0.460472916189,0.30963614369,0.30963614369,0.61927228738,7.6327832943e-17,1.04083408559e-16,0.08,100156.74052
2015-04-01,99938.130636,-0.0021657113312,-0.00218267769524,0,1.6992957205,0,1.69663640378e-05,47629.5192365,0.475549813117,0.316748758156,0.316748758156,0.633497516312,9.02056207508e-17,6.15826833972e-17,0.08,99938.130636
2015-04-02,99912.2287453,-0.000241823163114,-0.000259179259451,0,1.73453582309,0,1.73560963373e-05,48600.0122007,0.486300993338,0.293210236597,0.293210236597,0.586420473194,-2.56739074445e-16,-2.35922392733e-16,0.08,99912.2287453
2015-04-06,99951.7882948,0.000460208277053,0.000395943019717,0,6.42088509137,0,6.42652573364e-05,44787.3111699,0.448266560884,0.38290959779,0.38290959779,0.76581919558,-2.49800180541e-16,-2.42861286637e-16,0.08,99951.7882948
2015-04-07,100080.537469,0.00130909411135,0.00128811276353,0,2.09712323586,0,2.09813478241e-05,62630.8727342,0.626610827107,0.296691961421,0.296691961421,0.593383922842,-2.77555756156e-17,2.42861286637e-17,0.08,100080.537469
2015-04-08,100219.975131,0.00140951161712,0.00139325452334,0,1.62701868284,0,1.62570937765e-05,33696.3511036,0.33669234754,0.334414534341,0.334414534341,0.668829068682,-3.60822483003e-16,-3.53883589099e-16,0.08,100219.975131
2015-04-09,100082.741786,-0.0013509971956,-0.00136932127968,0,1.83643925013,0,1.83240840735e-05,36739.5930963,0.366589525176,0.311572560812,0.311572560812,0.623145121623,-1.52655665886e-16,-1.66533453694e-16,0.08,100082.741786
2015-04-10,100199.67425,0.00118543038665,0.00116835791756,0,1.70865951514,0,1.70724690856e-05,61583.6395056,0.615327262289,0.401210825801,0.401210825801,0.802421651602,-5.13478148889e-16,-5.13478148889e-16,0.08,100199.67425
2015-04-13,100318.608576,0.00125292565126,0.00118697318675,0,6.6084154604,0,6.59524645152e-05,57963.4422616,0.578479348317,0.365592374852,0.365592374852,0.731184749704,-2.35922392733e-16,-2.11636264069e-16,0.08,100318.608576
2015-04-14,100325.210461,8.5841629298e-05,6.5809170402e-05,0,2.00962840281,0,2.0032458896e-05,64651.1844329,0.644458544135,0.392030231463,0.392030231463,0.784060462927,-1.66533453694e-16,-2.25514051877e-16,0.08,100325.210461
2015-04-15,100389.514435,0.000662436394839,0.000640955286265,0,2.15509673855,0,2.14811085733e-05,46936.0178427,0.467838717976,0.417572118332,0.417572118332,0.835144236664,-1.11022302463e-16,-2.77555756156e-17,0.08,100389.514435
2015-04-16,100196.661662,-0.00189816431496,-0.00192104497898,0,2.29697875073,0,2.28806640182e-05,73349.7091535,0.730651100032,0.372463926321,0.372463926321,0.744927852642,1.11022302463e-16,1.66533453694e-16,0.08,100196.661662
2015-04-17,100050.66638,-0.00143667830925,-0.00145708729152,0,2.04491189079,0,2.04089822642e-05,55230.0989607,0.551216957176,0.457724031015,0.457724031015,0.91544806203,-5.55111512313e-16,-6.14092110496e-16,0.08,100050.66638
2015-04-20,100196.653237,0.0015343715902,0.00145912928373,0,7.5280429021,0,7.52423064682e-05,48897.1406102,0.488723787451,0.478245730875,0.478245730875,0.95649146175,-5.27355936697e-16,-4.99600361081e-16,0.08,100196.653237
2015-04-21,100246.316506,0.00052186321222,0.000495657966692,0,2.6256778991,0,2.62052455274e-05,64750.1580686,0.646230747004,0.357090606433,0.357090606433,0.714181212866,3.81639164715e-17,1.12757025938e-17,0.08,100246.316506
2015-04-22,100233.401302,-0.0001092680973,-0.000128834705872,0,1.96148043583,0,1.95666085717e-05,65228.6412226,0.650683670939,0.411556965012,0.411556965012,0.823113930024,-1.80411241502e-16,-2.22044604925e-16,0.08,100233.401302
2015-04-23,100095.250693,-0.00135573807371,-0.00137828914029,0,2.26037010589,0,2.2551066576e-05,74141.3653402,0.739687213816,0.414113015861,0.414113015861,0.828226031723,2.63677968348e-16,3.05311331772e-16,0.08,100095.250693
2015-04-24,99464.5758261,-0.00627805604135,-0.00630074716551,0,2.27127376098,0,2.26911241568e-05,72118.0447017,0.720494171324,0.257190217224,0.257190217224,0.514380434448,2.77555756156e-16,3.67761376907e-16,0.08,99464.5758261
2015-04-27,99214.0445072,-0.00247652160608,-0.00251879945001,0,4.20514781306,0,4.22778439272e-05,43529.574175,0.437638966572,0.266878536465,0.266878536465,0.53375707293,8.32667268469e-17,1.04083408559e-16,0.08,99214.0445072
2015-04-28,99117.632246,-0.000957136733357,-0.000971760214808,0,1.45085473944,0,1.46234814501e-05,30870.7888313,0.311153415674,0.254970737916,0.254970737916,0.509941475831,2.35922392733e-16,2.91433543964e-16,0.08,99117.632246
2015-04-29,99063.4221315,-0.000532956053686,-0.000546927053024,0,1.38477237448,0,1.39709993378e-05,24162.9836958,0.243780880841,0.248396492762,0.248396492762,0.496792985523,-4.16333634234e-17,-1.38777878078e-17,0.08,99063.4221315
2015-04-30,99160.2335728,0.000990878048205,0.000977267281478,0,1.34832912978,0,1.36107667267e-05,23091.4022632,0.233097159036,0.287120335389,0.287120335389,0.574240670779,-9.02056207508e-17,-1.28369537222e-16,0.08,99160.2335728
2015-05-01,99313.1795049,0.00155814459992,0.0015424119788,0,1.5600503847,0,1.57326211172e-05,31303.1788164,0.315682786219,0.238002180645,0.238002180645,0.47600436129,6.24500451352e-17,4.68375338514e-17,0.08,99313.1795049
2015-05-04,99358.4175232,0.000494632356618,0.000455508710485,0,3.88549369133,0,3.91236461334e-05,54658.8822413,0.550368868602,0.380762693657,0.380762693657,0.761525387314,-1.31838984174e-16,-1.11022302463e-16,0.08,99358.4175232
2015-05-05,99173.1500022,-0.0018437746936,-0.00186463840284,0,2.0729851339,0,2.08637092415e-05,42104.7112476,0.423765920364,0.338473851796,0.338473851796,0.676947703593,-8.32667268469e-17,-1.11022302463e-16,0.08,99173.1500022
2015-05-06,99249.2068867,0.000785456552308,0.000766910039881,0,1.83931605896,0,1.85465124272e-05,24874.500156,0.25081889761,0.272470991949,0.272470991949,0.544941983898,-2.77555756156e-17,-6.24500451352e-17,0.08,99249.2068867
2015-05-07,99384.4738411,0.00137783203711,0.00136290211974,0,1.48178245756,0,1.49299173671e-05,41328.8899854,0.41641531738,0.331767907795,0.331767907795,0.66353581559,8.32667268469e-17,5.55111512313e-17,0.08,99384.4738411
2015-05-08,99430.2754989,0.00047903231369,0.000460853250249,0,1.80671665499,0,1.81790634408e-05,51830.2689148,0.521512736463,0.27886178456,0.27886178456,0.557723569121,-1.38777878078e-17,-2.77555756156e-17,0.08,99430.2754989
2015-05-11,99315.798965,-0.00110548442422,-0.00115132471758,0,4.55791299698,0,4.58402933524e-05,51977.3553076,0.52275179815,0.353647089499,0.353647089499,0.707294178999,-1.66533453694e-16,-2.77555756156e-16,0.08,99315.798965
2015-05-12,99360.7037454,0.00047151928231,0.000452141359597,0,1.92453387645,0,1.93779227123e-05,57788.5499572,0.581866637126,0.472068397889,0.472068397889,0.944136795778,0,-4.16333634234e-17,0.08,99360.7037454
2015-05-13,99408.6143136,0.000508055055169,0.000482188293641,0,2.57013962905,0,2.58667615282e-05,56762.4140997,0.571276288916,0.283252618887,0.283252618887,0.566505237775,-1.2490009027e-16,-1.52655665886e-16,0.08,99408.6143136
2015-05-14,99565.520012,0.00159391205585,0.00157839136441,0,1.54289042982,0,1.55206914459e-05,39881.4687875,0.401187251858,0.264539827164,0.264539827164,0.529079654328,-2.77555756156e-17,-2.77555756156e-17,0.08,99565.520012
2015-05-15,99673.3241722,0.00109724124943,0.00108274591644,0,1.44323536742,0,1.44953329953e-05,38561.9314053,0.387302064014,0.279819685802,0.279819685802,0.559639371604,-8.32667268469e-17,-8.32667268469e-17,0.08,99673.3241722
2015-05-18,99608.7157909,-0.000602203573908,-0.000648201330478,0,4.58474930181,0,4.59977565702e-05,34663.3188474,0.347769266604,0.327630301217,0.327630301217,0.655260602435,-1.94289029309e-16,-2.49800180541e-16,0.08,99608.7157909
2015-05-19,99763.3774868,0.00157064474514,0.00155269239987,0,1.788210058,0,1.79523452722e-05,40037.9188082,0.40195196264,0.28754326792,0.28754326792,0.57508653584,-6.93889390391e-17,-4.85722573274e-17,0.08,99763.3774868
2015-05-20,99851.2418168,0.000896483094169,0.000880727298666,0,1.57185137432,0,1.57557955025e-05,59497.1314662,0.596382489898,0.34510668415,0.34510668415,0.6902133683,-1.11022302463e-16,-6.93889390391e-17,0.08,99851.2418168
2015-05-21,100114.130624,0.00265171453494,0.00263280457964,0,1.88818251899,0,1.89099552959e-05,29230.7941729,0.292743421524,0.282324839567,0.282324839567,0.564649679134,-1.38777878078e-16,-1.07552855511e-16,0.08,100114.130624
2015-05-22,100106.966243,-5.60922750887e-05,-7.15621293115e-05,0,1.54875100639,0,1.54698542229e-05,36237.0410307,0.361957306176,0.27088160308,0.27088160308,0.541763206161,1.38777878078e-17,6.93889390391e-18,0.08,100106.966243
2015-05-26,100052.297633,-0.000486730646165,-0.000546101956429,0,5.94348175243,0,5.93713102642e-05,39773.3134104,0.397308148504,0.344905876616,0.344905876616,0.689811753233,-2.22044604925e-16,-1.70002900646e-16,0.08,100052.297633
2015-05-27,99853.8571019,-0.00196446910451,-0.00198336805665,0,1.8908835848,0,1.88989521434e-05,32719.4417106,0.327023391613,0.224768423202,0.224768423202,0.449536846404,-4.16333634234e-17,-2.42861286637e-17,0.08,99853.8571019
2015-05-28,99864.4222691,0.000118122377825,0.000105806299841,0,1.22980789104,0,1.23160779837e-05,46324.4375042,0.463922364631,0.300603957219,0.300603957219,0.601207914437,-1.31838984174e-16,-8.32667268469e-17,0.08,99864.4222691
2015-05-29,99927.6349075,0.000649456019961,0.00063298457025,0,1.64491180928,0,1.64714497106e-05,26681.8838894,0.267181076936,0.349731708467,0.349731708467,0.699463416934,-7.97972798949e-17,-5.55111512313e-17,0.08,99927.6349075
2015-06-01,99838.7883676,-0.000831618658978,-0.000889108802836,0,5.74485410618,0,5.74901438576e-05,44869.2449508,0.449017381351,0.372390994011,0.372390994011,0.744781988023,8.32667268469e-17,1.38777878078e-16,0.08,99838.7883676
2015-06-02,99971.8827361,0.0013534977712,0.00133309278523,0,2.03720907623,0,2.04049859732e-05,34072.9344713,0.341279527009,0.373703289658,0.373703289658,0.747406579317,2.77555756156e-17,0,0.08,99971.8827361
2015-06-03,99848.2938529,-0.00121575953575,-0.00123623642833,0,2.04711350421,0,2.0476892584e-05,55313.6631079,0.553292201708,0.430615309963,0.430615309963,0.861230619925,-1.38777878078e-17,-2.77555756156e-17,0.08,99848.2938529
2015-06-04,99921.7977812,0.000759751437057,0.000736156077607,0,2.35595638393,0,2.359535945e-05,44930.4924218,0.449987583043,0.353602431315,0.353602431315,0.70720486263,1.38777878078e-17,-6.24500451352e-17,0.08,99921.7977812
2015-06-05,99561.2108061,-0.00358931635253,-0.00360869182821,0,1.93603236366,0,1.93754756885e-05,47259.8269013,0.472968140593,0.443909260135,0.443909260135,0.887818520269,-8.32667268469e-17,-1.11022302463e-16,0.08,99561.2108061
2015-06-08,99654.4132551,0.00100910352154,0.000936132136316,0,7.26511946746,0,7.29713852276e-05,38690.6897538,0.388612085374,0.325058843514,0.325058843514,0.650117687028,-1.94289029309e-16,-2.23779328401e-16,0.08,99654.4132551
2015-06-09,99495.1861118,-0.0015799817506,-0.00159779319408,0,1.77498894925,0,1.78114434802e-05,26145.564022,0.262362329655,0.271017375188,0.271017375188,0.542034750376,-6.10622663544e-16,-6.45317133063e-16,0.08,99495.1861118
2015-06-10,99479.2348118,-0.000145472062053,-0.000160322329187,0,1.47753009227,0,1.48502671336e-05,20721.2116815,0.208263459683,0.279171808464,0.279171808464,0.558343616929,-2.77555756156e-16,-2.95770352654e-16,0.08,99479.2348118
2015-06-11,99454.1035232,-0.000237331402181,-0.000252628487576,0,1.52174234998,0,1.52970853953e-05,17731.9911217,0.178248165612,0.284449550065,0.284449550065,0.568899100129,1.66533453694e-16,1.87350135405e-16,0.08,99454.1035232
2015-06-12,99316.9575386,-0.00136340141481,-0.00137898769153,0,1.55011917804,0,1.55862767159e-05,27938.9037931,0.280922584422,0.346737126289,0.346737126289,0.693474252578,-3.33066907388e-16,-4.38885039422e-16,0.08,99316.9575386
2015-06-15,99135.3010973,-0.0017720597695,-0.00182905765327,0,5.66085640252,0,5.69978837735e-05,43110.8609196,0.434073515621,0.380327328035,0.380327328035,0.760654656071,-1.66533453694e-16,-2.63677968348e-16,0.08,99135.3010973
2015-06-16,99047.6143133,-0.000863676388768,-0.000884516242359,0,2.06596516056,0,2.0839853591e-05,52260.8495818,0.527166902237,0.449174645351,0.449174645351,0.898349290703,-2.22044604925e-16,-1.80411241502e-16,0.08,99047.6143133
2015-06-17,99122.4005782,0.000779665981598,0.000755053672263,0,2.4377905223,0,2.46123093343e-05,52028.6094605,0.525288870623,0.432238833138,0.432238833138,0.864477666276,-8.04911692853e-16,-8.60422844084e-16,0.08,99122.4005782
2015-06-18,99445.3645385,0.00328191816474,0.00325823384512,0,2.34764661719,0,2.3684319624e-05,43840.3710884,0.442285203271,0.297790175627,0.297790175627,0.595580351255,-3.12250225676e-17,-6.93889390391e-17,0.08,99445.3645385
2015-06-19,99463.0629619,0.000194288595553,0.000177971325655,0,1.62267685322,0,1.63172698974e-05,53697.5888965,0.539970758272,0.334367476511,0.334367476511,0.668734953022,-1.2490009027e-16,-1.66533453694e-16,0.08,99463.0629619
2015-06-22,99375.3681932,-0.000826717246577,-0.000881681763264,0,5.46693918388,0,5.49645166867e-05,33437.4822823,0.336179897206,0.253481930144,0.253481930144,0.506963860288,4.85722573274e-17,6.93889390391e-17,0.08,99375.3681932
2015-06-23,99436.6409778,0.000630468616938,0.000616579196109,0,1.38026630895,0,1.38894208298e-05,28328.6450773,0.285067070365,0.232617019182,0.232617019182,0.465234038364,-5.55111512313e-17,-8.32667268469e-17,0.08,99436.6409778
2015-06-24,99400.5480454,-0.000350228033771,-0.000362974171809,0,1.26743315188,0,1.27461380374e-05,21814.5396257,0.219381300607,0.182461771115,0.182461771115,0.36492354223,-2.77555756156e-17,-3.46944695195e-17,0.08,99400.5480454
2015-06-25,99401.7497884,2.20878087269e-05,1.20899034601e-05,0,0.993797262803,0,9.99790526657e-06,11026.272052,0.110927678658,0.153210879256,0.153210879256,0.306421758511,-1.38777878078e-17,-2.77555756156e-17,0.08,99401.7497884
2015-06-26,99364.8925333,-0.000362395691902,-0.000370790808573,0,0.834489286829,0,8.39511667154e-06,42465.325199,0.427209030921,0.278464841246,0.278464841246,0.556929682492,-1.38777878078e-16,-1.31838984174e-16,0.08,99364.8925333
2015-06-29,99476.6108553,0.00117009892807,0.00112432388567,0,4.54843216845,0,4.57750423966e-05,60738.8794576,0.611271022482,0.47586007655,0.47586007655,0.9517201531,-6.10622663544e-16,-6.10622663544e-16,0.08,99476.6108553
2015-06-30,99347.5329169,-0.00127149620405,-0.00129757072879,0,2.59380535104,0,2.60745247425e-05,89345.1773552,0.898152606799,0.322982113959,0.322982113959,0.645964227919,-1.04083408559e-16,-8.32667268469e-17,0.08,99347.5329169
2015-07-01,99460.8472616,0.0011582830411,0.00114058539102,0,1.75821787387,0,1.769765008e-05,29090.444143,0.292814962676,0.308209421887,0.308209421887,0.616418843775,-4.99600361081e-16,-4.51028103754e-16,0.08,99460.8472616
2015-07-02,99391.8201245,-0.000677124974248,-0.000694013161749,0,1.67971343753,0,1.68881875007e-05,52922.9033287,0.532097853435,0.241288594984,0.241288594984,0.482577189969,-2.91433543964e-16,-2.96637714392e-16,0.08,99391.8201245
2015-07-06,99150.3560509,-0.00237653078306,-0.00242941595456,0,5.25635345332,0,5.28851715034e-05,60253.7536642,0.60622447188,0.433034829056,0.433034829056,0.866069658111,-4.16333634234e-17,-5.55111512313e-17,0.08,99150.3560509
2015-07-07,99248.7290411,0.00101588766296,0.000992159727123,0,2.35263328676,0,2.37279358387e-05,56683.0083543,0.571687390867,0.340783830807,0.340783830807,0.681567661614,5.55111512313e-17,8.32667268469e-17,0.08,99248.7290411
2015-07-08,99132.7411828,-0.00114998528786,-0.00116865837447,0,1.85328011427,0,1.86730866196e-05,64968.701361,0.654604869893,0.298601904859,0.298601904859,0.597203809719,7.49400541622e-16,7.97972798949e-16,0.08,99132.7411828
2015-07-09,99398.3614035,0.00269580163373,0.00267943988552,0,1.62198495075,0,1.63617482115e-05,44043.6723508,0.44428986655,0.398379271329,0.398379271329,0.796758542658,1.80411241502e-15,1.83360271411e-15,0.08,99398.3614035
2015-07-10,99353.1327069,-0.000433195568053,-0.000455024569222,0,2.16976694725,0,2.18290011687e-05,56546.615711,0.568888811773,0.313649880071,0.313649880071,0.627299760142,1.54043444667e-15,1.38777878078e-15,0.08,99353.1327069
2015-07-13,99305.753589,-0.000425317048964,-0.000476875933359,0,5.12253668354,0,5.15588843952e-05,45751.8535569,0.460497342261,0.373190240878,0.373190240878,0.746380481756,-1.66533453694e-16,-2.77555756156e-16,0.08,99305.753589
2015-07-14,99382.0822392,0.000789071417956,0.000768622637634,0,2.03068153986,0,2.04487803221e-05,37807.2818089,0.380715924733,0.31971551259,0.31971551259,0.639431025181,-5.55111512313e-17,-1.11022302463e-16,0.08,99382.0822392
2015-07-15,99441.2412131,0.000612786663614,0.00059526800539,0,1.74104073235,0,1.75186582241e-05,43093.6812602,0.433616204141,0.257753460329,0.257753460329,0.515506920658,-8.32667268469e-17,-6.93889390391e-17,0.08,99441.2412131
2015-07-16,99475.6123439,0.000359766093529,0.00034564261625,0,1.4044561108,0,1.41234772783e-05,43928.6633807,0.441754978567,0.392710383711,0.392710383711,0.785420767421,-1.05471187339e-15,-1.03389519168e-15,0.08,99475.6123439
2015-07-17,99345.521534,-0.00128624748411,-0.0013077658613,0,2.14055374758,0,2.15183771896e-05,43847.4754636,0.440786182969,0.348603161292,0.348603161292,0.697206322584,-1.11022302463e-16,-5.55111512313e-17,0.08,99345.521534
2015-07-20,99064.9485333,-0.00276690924945,-0.0028242138787,0,5.6929582795,0,5.73046292535e-05,31390.6517524,0.315974502602,0.26371066002,0.26371066002,0.527421320041,-2.22044604925e-16,-2.01227923213e-16,0.08,99064.9485333
2015-07-21,99193.4248231,0.00131133938093,0.00129688948175,0,1.4314785185,0,1.44498991792e-05,21322.0839468,0.215233382367,0.313338662196,0.313338662196,0.626677324392,-4.16333634234e-16,-3.88578058619e-16,0.08,99193.4248231
2015-07-22,99160.8547709,-0.000311179660998,-0.000328348902762,0,1.7030758922,0,1.71692417642e-05,39575.506527,0.398973083121,0.311169876318,0.311169876318,0.622339752636,-2.77555756156e-17,3.46944695195e-17,0.08,99160.8547709
2015-07-23,99028.504086,-0.00131765657509,-0.00133470697927,0,1.69073265286,0,1.70504041818e-05,38814.1531593,0.391426165587,0.357269845891,0.357269845891,0.714539691782,2.77555756156e-16,2.22044604925e-16,0.08,99028.504086
2015-07-24,98815.8045331,-0.00212828548949,-0.0021478619194,0,1.93862456951,0,1.95764299118e-05,22688.5396998,0.229111202974,0.364519640933,0.364519640933,0.729039281865,4.71844785466e-16,4.71844785466e-16,0.08,98815.8045331
2015-07-27,98756.893602,-0.000536248081397,-0.000596169118262,0,5.92114546634,0,5.99210368657e-05,27998.2971487,0.283338250202,0.346188593307,0.346188593307,0.692377186613,1.94289029309e-16,1.66533453694e-16,0.08,98756.893602
2015-07-28,99312.8322297,0.00564833451437,0.00562936527638,0,1.87334301783,0,1.89692379894e-05,24648.9289253,0.249591983165,0.286091338697,0.286091338697,0.572182677394,1.38777878078e-16,1.66533453694e-16,0.08,99312.8322297
2015-07-29,99253.6580043,-0.000580160413492,-0.000595836651229,0,1.55685156835,0,1.56762377368e-05,60916.6476671,0.61338143621,0.301043100675,0.301043100675,0.60208620135,1.87350135405e-16,8.32667268469e-17,0.08,99253.6580043
2015-07-30,99129.0769445,-0.00123868300961,-0.00125517852197,0,1.63723994296,0,1.64955123658e-05,46459.658447,0.468090137746,0.343657813873,0.343657813873,0.687315627747,2.08166817117e-17,-1.38777878078e-17,0.08,99129.0769445
2015-07-31,98954.8172746,-0.00173907614933,-0.00175790671447,0,1.86665654104,0,1.88305651438e-05,29772.2078599,0.300337789654,0.391456083005,0.391456083005,0.78291216601,2.08166817117e-16,1.38777878078e-16,0.08,98954.8172746
2015-08-03,98882.3614141,-0.000667862608765,-0.000732211553917,0,6.36763810928,0,6.43489451515e-05,49985.1507731,0.505131050209,0.243779610524,0.243779610524,0.487559221049,2.35922392733e-16,2.22044604925e-16,0.08,98882.3614141
2015-08-04,98778.9212458,-0.00103273543729,-0.00104609322417,0,1.32084950977,0,1.3357786878e-05,29456.6594825,0.297895995416,0.279334920222,0.279334920222,0.558669840443,7.21644966006e-16,5.96744875736e-16,0.08,98778.9212458
2015-08-05,98743.0320019,-0.000348022948406,-0.000363328971432,0,1.51191244306,0,1.53060230258e-05,43154.8032759,0.436882714769,0.353047316432,0.353047316432,0.706094632865,5.55111512313e-17,1.38777878078e-17,0.08,98743.0320019
2015-08-06,99375.0029813,0.00641950278658,0.00640015772815,0,1.91018972409,0,1.93450584347e-05,29960.2724031,0.303416573258,0.304240811368,0.304240811368,0.608481622735,-1.66533453694e-16,-1.80411241502e-16,0.08,99375.0029813
2015-08-07,99082.0367739,-0.00293141680402,-0.00294808753341,0,1.65665378283,0,1.667072939e-05,30485.0382719,0.306767671521,0.277308205345,0.277308205345,0.55461641069,8.32667268469e-17,5.55111512313e-17,0.08,99082.0367739
2015-08-10,99401.9654684,0.00327451222116,0.00322892731069,0,4.51664577529,0,4.55849104677e-05,32912.2362705,0.332171575617,0.313569176877,0.313569176877,0.627138353754,2.77555756156e-16,3.05311331772e-16,0.08,99401.9654684
2015-08-11,99358.7158685,-0.000417916163074,-0.000435098035779,0,1.70791191736,0,1.71818727056e-05,43551.6806898,0.438137017558,0.274753315404,0.274753315404,0.549506630808,2.08166817117e-17,5.55111512313e-17,0.08,99358.7158685
2015-08-12,99476.362572,0.00119911520143,0.00118406022524,0,1.49584310132,0,1.50549761865e-05,38387.4880122,0.386352497379,0.284802127635,0.284802127635,0.56960425527,5.55111512313e-17,3.98986399475e-17,0.08,99476.362572
2015-08-13,99640.8597692,0.00166923659862,0.00165363100259,0,1.55238792931,0,1.56055960348e-05,56379.2990757,0.566760762235,0.338574955411,0.338574955411,0.677149910822,0,7.6327832943e-17,0.08,99640.8597692
2015-08-14,99771.5766272,0.00133043212181,0.00131188006946,0,1.84854244677,0,1.85520523513e-05,56178.6192928,0.563811065289,0.235615422632,0.235615422632,0.471230845263,-2.77555756156e-17,0,0.08,99771.5766272
2015-08-17,99816.4813479,0.000488806586835,0.000450075284485,0,3.86428310032,0,3.87313023504e-05,25959.1362733,0.260185687656,0.266518652084,0.266518652084,0.533037304167,-2.77555756156e-17,3.46944695195e-18,0.08,99816.4813479
2015-08-18,99766.7730566,-0.00048339306843,-0.000497996830188,0,1.45769611313,0,1.4603761758e-05,50730.3602982,0.50823631141,0.336484476703,0.336484476703,0.672968953405,2.70616862252e-16,2.34187669257e-16,0.08,99766.7730566
2015-08-19,99479.9770812,-0.00285622674038,-0.00287466424595,0,1.83945043421,0,1.84375055727e-05,48492.9267338,0.486062896976,0.263220940323,0.263220940323,0.526441880647,-3.95516952523e-16,-3.95516952523e-16,0.08,99479.9770812
2015-08-20,99689.2132829,0.00211772272309,0.00210329965787,0,1.43480619784,0,1.44230652232e-05,26371.0477332,0.265089000892,0.252528563106,0.252528563106,0.505057126212,-2.91433543964e-16,-3.12250225676e-16,0.08,99689.2132829
2015-08-21,99632.6613839,-0.000553444846439,-0.000567282027979,0,1.37941774178,0,1.38371815401e-05,36620.2786313,0.367344444051,0.263438670325,0.263438670325,0.52687734065,-6.93889390391e-17,-8.02309607639e-17,0.08,99632.6613839
2015-08-24,99492.3063751,-0.00136541989161,-0.00140872487852,0,4.31459109632,0,4.33049869028e-05,29434.203496,0.295427253344,0.304094686359,0.304094686359,0.608189372719,7.4593109467e-17,7.97972798949e-17,0.08,99492.3063751
2015-08-25,99561.4153792,0.000711279288443,0.000694616565903,0,1.65781269602,0,1.66627225402e-05,27785.5233785,0.279273085436,0.277825080521,0.277825080521,0.555650161042,5.55111512313e-17,3.46944695195e-17,0.08,99561.4153792
2015-08-26,99503.8525488,-0.000562940751005,-0.000578164043088,0,1.51565250655,0,1.52232920833e-05,67307.3788347,0.676038790512,0.353545556028,0.353545556028,0.707091112056,-1.38777878078e-16,-5.55111512313e-17,0.08,99503.8525488
2015-08-27,99773.7298174,0.00273160170176,0.00271222934252,0,1.92762437678,0,1.93723592344e-05,53928.9898964,0.54197891353,0.401418086863,0.401418086863,0.802836173726,-1.74860126378e-15,-1.69309011255e-15,0.08,99773.7298174
2015-08-28,99919.1327605,0.00147932243939,0.00145732692778,0,2.19457423246,0,2.19955116089e-05,47163.2979042,0.472702563997,0.328428184345,0.328428184345,0.656856368691,-1.89431803577e-15,-1.88737914186e-15,0.08,99919.1327605
2015-08-31,99925.4052965,0.000116764319417,6.277612473e-05,0,5.39445359242,0,5.39881946869e-05,67951.1379307,0.680061326128,0.463817456754,0.463817456754,0.927634913509,-2.49800180541e-16,-2.49800180541e-16,0.08,99925.4052965
2015-09-01,99779.907334,-0.00143065111751,-0.00145606577268,0,2.53956971779,0,2.54146551646e-05,61438.6369047,0.61484501086,0.320917467287,0.320917467287,0.641834934573,-3.88578058619e-16,-4.12864187282e-16,0.08,99779.907334
2015-09-02,99781.7802287,3.63547777185e-05,1.87702589631e-05,0,1.75458165193,0,1.75845187554e-05,48717.2321589,0.488246917246,0.264638798794,0.264638798794,0.529277597588,4.16333634234e-17,-2.42861286637e-17,0.08,99781.7802287
2015-09-03,99850.2288319,0.000700483738633,0.000685982982535,0,1.44691125815,0,1.45007560983e-05,39511.0951251,0.395975047093,0.33003817116,0.33003817116,0.660076342319,3.60822483003e-16,4.57966997658e-16,0.08,99850.2288319
2015-09-04,99794.0101736,-0.000544945556416,-0.000563029839767,0,1.80571983088,0,1.80842833512e-05,35776.9050785,0.358305689402,0.294330359994,0.294330359994,0.588660719988,3.60822483003e-16,3.46944695195e-16,0.08,99794.0101736
2015-09-08,100015.381781,0.00228279627839,0.00221828551455,0,6.43778782238,0,6.45107638343e-05,35896.9021271,0.35970998725,0.334764647714,0.334764647714,0.669529295429,-1.94289029309e-16,-1.31838984174e-16,0.08,100015.381781
2015-09-09,99996.6071958,-0.000169373707071,-0.000187716975439,0,1.83460898892,0,1.83432683679e-05,61916.2788477,0.619067564861,0.360633162775,0.360633162775,0.72126632555,2.91433543964e-16,3.1918911958e-16,0.08,99996.6071958
2015-09-10,100113.475927,0.00118848768339,0.00116872696214,0,1.97600508054,0,1.97607212479e-05,48579.8025529,0.485814508264,0.253127695867,0.253127695867,0.506255391733,-2.35922392733e-16,-2.671474153e-16,0.08,100113.475927
2015-09-11,99946.6483945,-0.00165251436697,-0.00166638437771,0,1.38857498556,0,1.38700107324e-05,44693.5045699,0.446428456871,0.318985891428,0.318985891428,0.637971782855,2.91433543964e-16,2.42861286637e-16,0.08,99946.6483945
2015-09-14,100108.850726,0.00167532518776,0.00162288915081,0,5.24080614794,0,5.2436036947e-05,43501.0057473,0.43524226621,0.306114127466,0.306114127466,0.612228254933,-9.02056207508e-16,-8.74300631892e-16,0.08,100108.850726
2015-09-15,100179.848849,0.000725982628076,0.000709209251229,0,1.67916347899,0,1.67733768475e-05,32471.2057424,0.324358990309,0.358360401579,0.358360401579,0.716720803158,-1.08246744901e-15,-1.04950770297e-15,0.08,100179.848849
2015-09-16,100639.078192,0.00460368525482,0.00458404906843,0,1.96715018431,0,1.96361863879e-05,48730.0611271,0.486425780105,0.336083009832,0.336083009832,0.672166019665,-3.60822483003e-16,-4.16333634234e-16,0.08,100639.078192
2015-09-17,100521.180748,-0.00115307221061,-0.00117148771799,0,1.85331968797,0,1.84155073881e-05,42216.4408742,0.419483580661,0.238137712818,0.238137712818,0.476275425636,-1.11022302463e-16,-8.32667268469e-17,0.08,100521.180748
2015-09-18,100314.027301,-0.00204774536622,-0.00206079400802,0,1.31166488071,0,1.30486417982e-05,52758.8307234,0.524852875096,0.374629612315,0.374629612315,0.749259224631,3.67761376907e-16,3.81639164715e-16,0.08,100314.027301
2015-09-21,100464.451212,0.00156111312818,0.00149953017821,0,6.17763372451,0,6.15829499697e-05,39421.2187309,0.3929781287,0.476832602907,0.476832602907,0.953665205813,3.46944695195e-16,3.74700270811e-16,0.08,100464.451212
2015-09-22,100349.091347,-0.00112213770449,-0.00114826551834,0,2.6249164806,0,2.61278138579e-05,49268.8290111,0.490410572265,0.421243877292,0.421243877292,0.842487754583,8.04911692853e-16,8.32667268469e-16,0.08,100349.091347
2015-09-23,100451.133779,0.00103995635697,0.00101687450068,0,2.31624330529,0,2.308185629e-05,32191.3965828,0.32079410138,0.423834682305,0.423834682305,0.84766936461,1.38777878078e-16,2.08166817117e-16,0.08,100451.133779
2015-09-24,100263.045161,-0.00184921515741,-0.00187243897561,0,2.33285886972,0,2.32238182085e-05,41418.8456023,0.412328303765,0.415859167224,0.415859167224,0.831718334448,-6.93889390391e-17,1.38777878078e-17,0.08,100263.045161
2015-09-25,100813.855477,0.00551643918235,0.00549365237867,0,2.28467432679,0,2.27868036835e-05,57519.7496382,0.573688436711,0.334307032074,0.334307032074,0.668614064147,5.55111512313e-17,1.80411241502e-16,0.08,100813.855477
2015-09-28,100707.084753,-0.00100413322304,-0.00105908780365,0,5.54018314793,0,5.49545806149e-05,59438.5735305,0.589587346393,0.349355533291,0.349355533291,0.698711066583,1.66533453694e-16,2.08166817117e-16,0.08,100707.084753
2015-09-29,101115.217165,0.00407181109221,0.00405266832326,0,1.92781245479,0,1.91427689475e-05,48518.3638505,0.481777066327,0.292874181666,0.292874181666,0.585748363332,3.88578058619e-16,4.16333634234e-16,0.08,101115.217165
2015-09-30,101047.981454,-0.000648893668727,-0.000664941569092,0,1.62268693047,0,1.60479003653e-05,34713.0502108,0.343301939946,0.338190017696,0.338190017696,0.676380035392,3.46944695195e-16,3.88578058619e-16,0.08,101047.981454
2015-10-01,101164.115695,0.00116782894588,0.001149297986,0,1.87251608964,0,1.85309598738e-05,40721.4558297,0.402991284377,0.373572606431,0.373572606431,0.747145212863,2.35922392733e-16,2.63677968348e-16,0.08,101164.115695
2015-10-02,101278.074365,0.00114694297978,0.00112647324792,0,2.07080232206,0,2.04697318593e-05,42884.9456011,0.423914599622,0.268530816195,0.268530816195,0.537061632389,2.42861286637e-17,-6.93889390391e-17,0.08,101278.074365
2015-10-05,101204.088271,-0.000686382246683,-0.00073052429866,0,4.47062202278,0,4.41420519772e-05,64833.7996332,0.640156322477,0.386137083924,0.386137083924,0.772274167847,2.77555756156e-17,-2.77555756156e-17,0.08,101204.088271
2015-10-06,100989.469693,-0.00209949306818,-0.00212065126456,0,2.14129597404,0,2.11581963794e-05,43658.9539049,0.431395160519,0.261566870312,0.261566870312,0.523133740624,1.11022302463e-16,0,0.08,100989.469693
2015-10-07,100925.177763,-0.000622287704841,-0.000636620136091,0,1.44742463135,0,1.433243125e-05,42801.4843246,0.423821260321,0.378430761275,0.378430761275,0.75686152255,6.93889390391e-17,0,0.08,100925.177763
2015-10-08,100475.484946,-0.00443496904817,-0.0044557049803,0,2.09277763577,0,2.07359321247e-05,29530.4311053,0.29259726621,0.391852620896,0.391852620896,0.783705241793,1.80411241502e-16,8.32667268469e-17,0.08,100475.484946
2015-10-09,100705.225411,0.00230800391132,0.00228653253483,0,2.15734696504,0,2.14713764875e-05,34620.937242,0.344570989238,0.339331591482,0.339331591482,0.678663182965,7.49400541622e-16,7.21644966006e-16,0.08,100705.225411
2015-10-12,101078.791763,0.00376528369269,0.00370950315711,0,5.61739140978,0,5.57805355862e-05,37069.5414764,0.368099483666,0.344904049605,0.344904049605,0.689808099211,6.66133814775e-16,6.80011602583e-16,0.08,101078.791763
2015-10-13,101227.656548,0.00149165868497,0.00147275983293,0,1.91027312922,0,1.88988520332e-05,44824.9275373,0.443465209224,0.438687641832,0.438687641832,0.877375283665,2.52575738102e-15,2.47024622979e-15,0.08,101227.656548
2015-10-14,100516.486513,-0.00700141424146,-0.00702545192047,0,2.43327791447,0,2.40376790045e-05,67021.8443834,0.662090249535,0.218319430527,0.218319430527,0.436638861053,1.38777878078e-17,4.16333634234e-17,0.08,100516.486513
2015-10-15,100863.31921,0.00346246827365,0.00345050556513,0,1.20244942982,0,1.1962708522e-05,34322.7568802,0.341463953534,0.207532838314,0.207532838314,0.415065676628,-5.37764277553e-17,-5.55111512313e-17,0.08,100863.31921
2015-10-16,100790.573289,-0.000709861003197,-0.00072123266557,0,1.14698361191,0,1.13716623734e-05,36288.0259659,0.359774259367,0.22002671659,0.22002671659,0.440053433181,-2.77555756156e-16,-2.63677968348e-16,0.08,100790.573289
2015-10-19,100685.095809,-0.00101033266424,-0.00104650143957,0,3.64547160066,0,3.61687753299e-05,23583.6300927,0.233986466423,0.253920067987,0.253920067987,0.507840135974,1.94289029309e-16,1.45716771982e-16,0.08,100685.095809
2015-10-20,100663.821572,-0.000197381366993,-0.000211294795376,0,1.40087486976,0,1.39134283829e-05,17662.0294292,0.175418509436,0.242869156198,0.242869156198,0.485738312397,-8.32667268469e-16,-8.60422844084e-16,0.08,100663.821572
2015-10-21,100894.168183,0.00230158393644,0.00228827603747,0,1.33962396739,0,1.33078989698e-05,21467.4361476,0.213258704193,0.261763812613,0.261763812613,0.523527625225,-1.38777878078e-16,-1.38777878078e-16,0.08,100894.168183
2015-10-22,100613.943221,-0.00276307163263,-0.00277741485524,0,1.44714751419,0,1.43432226089e-05,38211.6746428,0.378730260935,0.279900566907,0.279900566907,0.559801133813,-9.71445146547e-17,-6.93889390391e-17,0.08,100613.943221
2015-10-23,100549.639193,-0.000623779452116,-0.000639116469481,0,1.54311779432,0,1.53370173647e-05,43481.3043376,0.43215982741,0.324187587432,0.324187587432,0.648375174864,5.13478148889e-16,5.55111512313e-16,0.08,100549.639193
2015-10-26,100472.101816,-0.000717844204203,-0.000771135314466,0,5.35840190913,0,5.32911102628e-05,40361.3696362,0.401407403946,0.389329734515,0.389329734515,0.778659469029,6.24500451352e-17,4.16333634234e-17,0.08,100472.101816
2015-10-27,100435.457507,-0.000343388093809,-0.000364721229947,0,2.14338502608,0,2.13331361378e-05,26606.5215725,0.264815019211,0.291730299282,0.291730299282,0.583460598564,-1.2490009027e-16,-1.45716771982e-16,0.08,100435.457507
2015-10-28,100662.368727,0.00227525924695,0.00225927402508,0,1.60548307272,0,1.59852218785e-05,26593.2056227,0.264779055951,0.286793561137,0.286793561137,0.573587122273,1.38777878078e-17,-2.77555756156e-17,0.08,100662.368727
2015-10-29,100814.526442,0.00152727972652,0.00151156501084,0,1.5818805041,0,1.57147156787e-05,31162.511782,0.309574592531,0.304662926016,0.304662926016,0.609325852033,-1.11022302463e-16,-1.38777878078e-16,0.08,100814.526442
2015-10-30,100996.142678,0.00181818261445,0.00180148875549,0,1.68298348552,0,1.66938589598e-05,41903.0568866,0.415645030191,0.338194884146,0.338194884146,0.676389768293,-1.08246744901e-15,-1.0685896612e-15,0.08,100996.142678
2015-11-02,101105.889827,0.00114224061969,0.0010866469401,0,5.61474719541,0,5.55936795857e-05,65599.2251556,0.649522084867,0.25562836496,0.25562836496,0.51125672992,-3.46944695195e-17,-2.77555756156e-17,0.08,101105.889827
2015-11-03,101153.186076,0.000481796285122,0.000467789251426,0,1.41619360572,0,1.40070336964e-05,58066.618318,0.574314893201,0.467163510943,0.467163510943,0.934327021887,-3.60822483003e-16,-2.77555756156e-16,0.08,101153.186076
2015-11-04,101312.086257,0.00159648457431,0.00157088657371,0,2.58931931782,0,2.55980005996e-05,58827.2801164,0.581566260033,0.405660810289,0.405660810289,0.811321620578,-7.21644966006e-16,-6.93889390391e-16,0.08,101312.086257
2015-11-05,101686.572426,0.00371859021712,0.00369636222751,0,2.25196400018,0,2.22279896049e-05,47899.4378021,0.472790952902,0.433579936862,0.433579936862,0.867159873725,-4.4408920985e-16,-4.99600361081e-16,0.08,101686.572426
2015-11-06,101928.123022,0.00239920020582,0.00237544240106,0,2.41584973438,0,2.37578047596e-05,47622.5948529,0.46832726993,0.40315384828,0.40315384828,0.806307696561,-9.71445146547e-16,-1.02695629778e-15,0.08,101928.123022
2015-11-09,102084.003491,0.00159558942726,0.00152931756179,0,6.7549668566,0,6.62718654707e-05,80901.6778505,0.793713015131,0.430041037289,0.430041037289,0.860082074579,-5.41233724505e-16,-6.00214322688e-16,0.08,102084.003491
2015-11-10,101980.344414,-0.000991865296845,-0.0010154291893,0,2.40549647955,0,2.35638924542e-05,49758.6090784,0.487428072734,0.398125477797,0.398125477797,0.796250955593,-5.6898930012e-16,-6.24500451352e-16,0.08,101980.344414
2015-11-11,102037.532426,0.000582589940608,0.000560774845934,0,2.22471086825,0,2.18150946738e-05,37682.1875798,0.369504415742,0.354726136979,0.354726136979,0.709452273959,-7.77156117238e-16,-9.33281230076e-16,0.08,102037.532426
2015-11-12,102131.404585,0.000939413818364,0.000919976769763,0,1.98330847695,0,1.94370486016e-05,37466.7423346,0.367185891739,0.424738651573,0.424738651573,0.849477303145,-1.66533453694e-16,-2.35922392733e-16,0.08,102131.404585
2015-11-13,101806.643982,-0.00315655761823,-0.003179830969,0,2.37694000366,0,2.32733507711e-05,40802.9628109,0.399514360707,0.400822640385,0.400822640385,0.80164528077,-3.60822483003e-16,-4.4408920985e-16,0.08,101806.643982
2015-11-16,102326.14121,0.00516867180429,0.00510278315108,0,6.7079026602,0,6.58886532139e-05,69842.9070892,0.68603486332,0.270511884259,0.270511884259,0.541023768517,8.32667268469e-17,5.55111512313e-17,0.08,102326.14121
2015-11-17,102571.686826,0.00241445977891,0.0023996372099,0,1.51673628863,0,1.48225690005e-05,43479.52856,0.424911249912,0.339870013462,0.339870013462,0.679740026924,1.94289029309e-16,1.17961196366e-16,0.08,102571.686826
2015-11-18,102141.189459,-0.00417841595404,-0.00419703896848,0,1.91019400451,0,1.86230144363e-05,57641.6194938,0.561964234749,0.28135427599,0.28135427599,0.562708551979,2.42861286637e-16,2.49800180541e-16,0.08,102141.189459
2015-11-19,102198.110111,0.000572690898437,0.00055727422578,0,1.57467728268,0,1.5416672657e-05,28219.3162686,0.276277537182,0.201999605382,0.201999605382,0.403999210763,1.04083408559e-16,1.17961196366e-16,0.08,102198.110111
2015-11-20,102214.215991,0.000168663164936,0.000157594693409,0,1.13117687196,0,1.10684715278e-05,23383.8565438,0.228809089702,0.20599580552,0.20599580552,0.411991611039,6.24500451352e-17,6.93889390391e-17,0.08,102214.215991
2015-11-23,102163.78152,-0.000459557018083,-0.000493419342278,0,3.46121091922,0,3.3862324195e-05,44472.3983965,0.435090148326,0.256648097767,0.256648097767,0.513296195533,2.77555756156e-16,3.08780778724e-16,0.08,102163.78152
2015-11-24,102334.611286,0.0016861796161,0.00167211670663,0,1.43672001028,0,1.40629094667e-05,21405.2341099,0.20951881177,0.190252902362,0.190252902362,0.380505804724,4.02455846427e-16,4.49293380278e-16,0.08,102334.611286
2015-11-25,102460.929475,0.00124478909971,0.00123436428314,0,1.06681955119,0,1.04248165678e-05,34223.4889137,0.334427311383,0.300037308382,0.300037308382,0.600074616765,3.33066907388e-16,3.60822483003e-16,0.08,102460.929475
2015-11-27,102484.167249,0.000259677242219,0.000226796441301,0,3.36899742399,0,3.28808009186e-05,30999.2230045,0.30254676747,0.217875494331,0.217875494331,0.435750988663,2.08166817117e-16,2.35922392733e-16,0.08,102484.167249
2015-11-30,102369.403217,-0.00108400691244,-0.00111982206219,0,3.67048579734,0,3.58151497531e-05,18640.1435365,0.181883153632,0.184918293729,0.184918293729,0.369836587457,2.22044604925e-16,2.49800180541e-16,0.08,102369.403217
2015-12-01,102388.196566,0.000193716155021,0.000183583645775,0,1.03725892455,0,1.01325092454e-05,46588.0882946,0.45509778147,0.345372990539,0.345372990539,0.690745981078,2.08166817117e-16,1.87350135405e-16,0.08,102388.196566
2015-12-02,102604.735898,0.00213381024643,0.00211488569901,0,1.93765028185,0,1.89245474268e-05,55829.4783835,0.545272602274,0.253067390283,0.253067390283,0.506134780567,-6.93889390391e-17,-5.55111512313e-17,0.08,102604.735898
2015-12-03,102694.738385,0.000891043440728,0.000877176734411,0,1.42278973942,0,1.38667063169e-05,65405.0725772,0.63744691709,0.382360191308,0.382360191308,0.764720382617,-1.11022302463e-16,-1.66533453694e-16,0.08,102694.738385
2015-12-04,102441.633298,-0.0024436841521,-0.00246463539546,0,2.15158245564,0,2.09512433594e-05,63167.0062265,0.615094864836,0.295087564053,0.295087564053,0.590175128107,1.5959455979e-16,1.38777878078e-16,0.08,102441.633298
2015-12-07,102417.756609,-0.00018456848439,-0.000233076029166,0,4.96919211413,0,4.85075447759e-05,49667.2564866,0.48483467988,0.400165057171,0.400165057171,0.800330114342,1.94289029309e-16,2.22044604925e-16,0.08,102417.756609
2015-12-08,102087.905648,-0.0031987154626,-0.00322064231505,0,2.2456990372,0,2.19268524477e-05,45318.0137995,0.442482000191,0.341918285665,0.341918285665,0.683836571329,3.60822483003e-16,3.60822483003e-16,0.08,102087.905648
2015-12-09,102680.852065,0.00582692979544,0.00580819454691,0,1.91264228419,0,1.87352485296e-05,44418.4685594,0.435100203861,0.268605302206,0.268605302206,0.537210604413,4.23272528138e-16,4.71844785466e-16,0.08,102680.852065
2015-12-10,102491.59461,-0.00182844400931,-0.00184316210806,0,1.51126692054,0,1.4718098751e-05,43227.3636101,0.420987581819,0.245539277509,0.245539277509,0.491078555018,7.6327832943e-16,8.18789480661e-16,0.08,102491.59461
2015-12-11,102453.014573,-0.000362967260727,-0.000376421467713,0,1.37894312828,0,1.34542069868e-05,44527.4088298,0.434449371184,0.33355001346,0.33355001346,0.66710002692,-5.55111512313e-17,-1.38777878078e-17,0.08,102453.014573
2015-12-14,102559.70523,0.00109619194617,0.00104136180697,0,5.61751305039,0,5.48301391989e-05,59364.7360602,0.579433765884,0.337584517933,0.337584517933,0.675169035865,2.22044604925e-16,2.35922392733e-16,0.08,102559.70523
2015-12-15,102980.35701,0.0041200284922,0.0041015307104,0,1.89712704927,0,1.84977818045e-05,44843.6592952,0.437244424551,0.434430945395,0.434430945395,0.86886189079,5.55111512313e-17,-6.93889390391e-18,0.08,102980.35701
2015-12-16,103343.626305,0.00355136352753,0.00352755909216,0,2.45138925222,0,2.38044353641e-05,89812.4403747,0.872131763593,0.316736632105,0.316736632105,0.633473264211,-1.04083408559e-16,-2.08166817117e-16,0.08,103343.626305
2015-12-17,103308.496448,-0.000322577062532,-0.000339932494428,0,1.79357326824,0,1.73554318962e-05,44877.0474038,0.434250751676,0.293190248485,0.293190248485,0.58638049697,-2.77555756156e-17,-1.17961196366e-16,0.08,103308.496448
2015-12-18,103339.744934,0.000318542624235,0.00030247740514,0,1.65967362982,0,1.60652190951e-05,35994.8095632,0.348420612057,0.352079906123,0.352079906123,0.704159812247,1.94289029309e-16,6.93889390391e-17,0.08,103339.744934
2015-12-21,103367.433354,0.000325811976667,0.000267935827715,0,5.98090647045,0,5.78761489518e-05,34934.6369207,0.338056155867,0.274838270226,0.274838270226,0.549676540451,-8.32667268469e-17,-1.07552855511e-16,0.08,103367.433354
2015-12-22,103456.302537,0.000874800270888,0.000859740639643,0,1.55667542908,0,1.50596312452e-05,38599.9225889,0.373424407827,0.284920038474,0.284920038474,0.569840076948,-5.55111512313e-17,-1.31838984174e-16,0.08,103456.302537
2015-12-23,103695.533144,0.00232799516797,0.00231238311107,0,1.61516568216,0,1.56120569027e-05,47647.5563471,0.460557309496,0.276433023863,0.276433023863,0.552866047727,-1.38777878078e-17,-4.16333634234e-17,0.08,103695.533144
2015-12-24,103716.854935,0.000220766201417,0.000205619186411,0,1.57067779661,0,1.51470150062e-05,35040.8421461,0.337920458901,0.182038441361,0.182038441361,0.364076882723,1.04083408559e-16,8.67361737988e-17,0.08,103716.854935
2015-12-28,103702.793159,-9.56796736842e-05,-0.000135578510147,0,4.1381818335,0,3.98988364628e-05,47005.2042507,0.453206995912,0.267540395513,0.267540395513,0.535080791026,5.55111512313e-17,-1.90819582357e-17,0.08,103702.793159
2015-12-29,103690.793099,-0.000101056126741,-0.00011571587444,0,1.52025678342,0,1.46597476993e-05,98718.9310912,0.951940908093,0.365722445335,0.365722445335,0.731444890669,-1.11022302463e-16,-2.08166817117e-16,0.08,103690.793099
2015-12-30,103656.022898,-0.000315286242914,-0.000335325828959,0,2.07792057046,0,2.00395860457e-05,66086.80466,0.637344962698,0.402295300464,0.402295300464,0.804590600927,2.91433543964e-16,2.49800180541e-16,0.08,103656.022898
2015-12-31,103552.277416,-0.000978819458743,-0.00100086303685,0,2.28494963708,0,2.20435781076e-05,73322.4633955,0.707363270802,0.33742206355,0.33742206355,0.6748441271,-8.32667268469e-17,-1.52655665886e-16,0.08,103552.277416
2016-01-04,103685.763947,0.00136302934696,0.00128907382618,0,7.65826260408,0,7.39555207781e-05,66347.8058267,0.640717978225,0.340855781297,0.340855781297,0.681711562595,9.43689570931e-16,8.18789480661e-16,0.08,103685.763947
2016-01-05,103509.49224,-0.00168137995441,-0.00170005698352,0,1.93654203175,0,1.86770291122e-05,74145.8227248,0.715101282013,0.330724345695,0.330724345695,0.66144869139,5.55111512313e-16,5.65519853168e-16,0.08,103509.49224
2016-01-06,103586.922423,0.000766170986382,0.000748049104426,0,1.87578679968,0,1.81218819559e-05,53043.4093228,0.51244971041,0.5,0.5,1,4.99600361081e-16,4.57966997658e-16,0.0787461554183,103586.922423
2016-01-07,102904.092383,-0.00656445839036,-0.00659185565064,0,2.83799787459,0,2.7397260274e-05,40854.0736485,0.394394125175,0.399331349676,0.399331349676,0.798662699352,1.05471187339e-15,1.00267016911e-15,0.08,102904.092383
2016-01-08,103127.744911,0.00219528868958,0.00217340751974,0,2.2516619232,0,2.18811698453e-05,26397.7839892,0.256528028944,0.372620558218,0.372620558218,0.745241116436,-8.32667268469e-17,-1.17961196366e-16,0.08,103127.744911
2016-01-11,103538.168847,0.00404101523584,0.00397976254134,0,6.31685225367,0,6.12526945016e-05,31248.5447041,0.303008125807,0.368013788105,0.368013788105,0.736027576211,7.21644966006e-16,7.59808882478e-16,0.08,103538.168847
2016-01-12,103802.221683,0.00257045977176,0.00255029463268,0,2.0878615743,0,2.01651390743e-05,41173.2738121,0.397662758291,0.405707219037,0.405707219037,0.811414438074,8.46545056277e-16,9.2287288922e-16,0.08,103802.221683
2016-01-13,103554.114009,-0.00236796565118,-0.00239019618373,0,2.30757866789,0,2.223053255e-05,54060.8625531,0.520806411234,0.267748780821,0.267748780821,0.535497561641,2.98372437868e-16,3.60822483003e-16,0.08,103554.114009
2016-01-14,103445.534517,-0.00103385784421,-0.00104852901028,0,1.51925960411,0,1.46711660724e-05,30801.3821457,0.297442380155,0.307568980173,0.307568980173,0.615137960345,2.35922392733e-16,2.63677968348e-16,0.08,103445.534517
2016-01-15,103321.459368,-0.00118257179098,-0.00119942488578,0,1.74337740026,0,1.6853094804e-05,31156.2229575,0.301184803221,0.339830169049,0.339830169049,0.679660338097,-1.94289029309e-16,-1.38777878078e-16,0.08,103321.459368
2016-01-19,102942.422586,-0.00359403611847,-0.00366851944319,0,7.69572580897,0,7.4483324723e-05,34739.0589269,0.3362230764,0.357094938461,0.357094938461,0.714189876923,4.16333634234e-17,4.16333634234e-17,0.08,102942.422586
2016-01-20,102738.349474,-0.00196283366849,-0.00198240051443,0,2.01425852374,0,1.95668459431e-05,41263.7899816,0.40084339328,0.388769782814,0.388769782814,0.777539565627,1.66533453694e-16,1.80411241502e-16,0.08,102738.349474
2016-01-21,102798.745977,0.000609169622573,0.00058786716872,0,2.18857894858,0,2.13024538528e-05,38471.6210619,0.374462128882,0.389112853774,0.389112853774,0.778225707548,4.85722573274e-17,1.73472347598e-17,0.08,102798.745977
2016-01-22,102700.247885,-0.000936843079829,-0.000958164332091,0,2.19179799514,0,2.13212522616e-05,46915.2104774,0.456379209995,0.301042699041,0.301042699041,0.602085398083,1.52655665886e-16,1.83880688454e-16,0.08,102700.247885
2016-01-25,102390.421498,-0.00296731625077,-0.00301680272185,0,5.08227284638,0,4.94864710753e-05,43533.7704757,0.423891581299,0.229536093449,0.229536093449,0.459072186898,1.87350135405e-16,2.35922392733e-16,0.08,102390.421498
2016-01-26,102529.379392,0.00136971495153,0.00135713763134,0,1.28779711546,0,1.2577320189e-05,25020.934052,0.244367917292,0.307453547387,0.307453547387,0.614907094774,3.60822483003e-16,4.02455846427e-16,0.08,102529.379392
2016-01-27,102975.887358,0.00437177380468,0.00435492703496,0,1.72728884413,0,1.68467697198e-05,38239.0374886,0.372956880413,0.312313457139,0.312313457139,0.624626914278,-1.52655665886e-16,-1.31838984174e-16,0.08,102975.887358
2016-01-28,102781.83135,-0.00186736701207,-0.00188448007822,0,1.76223317165,0,1.71130661446e-05,43839.3051873,0.425723985606,0.301102108203,0.301102108203,0.602204216406,3.12250225676e-17,0,0.08,102781.83135
2016-01-29,102784.372832,4.12257116221e-05,2.4726965967e-05,0,1.69577129339,0,1.6498745655e-05,33017.7721465,0.321241329454,0.317458154733,0.317458154733,0.634916309466,-1.87350135405e-16,-2.49800180541e-16,0.08,102784.372832
2016-02-01,102900.680049,0.0011837500775,0.00113156517535,0,5.36379243859,0,5.21849021479e-05,27557.3562607,0.268108424474,0.288307070642,0.288307070642,0.576614141285,1.5959455979e-16,7.6327832943e-17,0.08,102900.680049
2016-02-02,103088.665474,0.00184266045246,0.00182686280475,0,1.62558869217,0,1.57976477064e-05,20230.139897,0.19659869971,0.313088335792,0.313088335792,0.626176671583,9.71445146547e-17,-1.04083408559e-17,0.08,103088.665474
2016-02-03,103198.672348,0.00108426482998,0.00106710930473,0,1.76854020341,0,1.71555252489e-05,45633.2079768,0.442659799376,0.425691652011,0.425691652011,0.851383304021,2.74086309204e-16,2.08166817117e-16,0.08,103198.672348
2016-02-04,103819.280905,0.00603705173663,0.00601372616666,0,2.407167853,0,2.33255699732e-05,76608.2647742,0.742337697093,0.42282788896,0.42282788896,0.845655777921,1.66533453694e-16,1.94289029309e-16,0.08,103819.280905
2016-02-05,104620.95725,0.00774501317477,0.00772184452333,0,2.40535273306,0,2.31686514499e-05,72414.3662624,0.697504024603,0.358597370655,0.358597370655,0.717194741309,1.66533453694e-16,1.94289029309e-16,0.08,104620.95725
2016-02-08,104754.067554,0.00133125764313,0.00127231013014,0,6.16714523594,0,5.89475129843e-05,55179.4022907,0.527422074324,0.364767346313,0.364767346313,0.729534692626,7.21644966006e-16,7.6327832943e-16,0.08,104754.067554
2016-02-09,105200.785778,0.0042844347758,0.00426444752395,0,2.0937459308,0,1.99872518528e-05,39554.8369022,0.377597145637,0.352105349065,0.352105349065,0.70421069813,7.21644966006e-16,8.32667268469e-16,0.08,105200.785778
2016-02-10,105563.420293,0.00346636384888,0.0034470704051,0,2.02968544648,0,1.92934437844e-05,26471.4803393,0.251628161743,0.369364388686,0.369364388686,0.738728777372,2.77555756156e-16,3.05311331772e-16,0.08,105563.420293
2016-02-11,105522.77119,-0.000364828935942,-0.000385068080527,0,2.13651332626,0,2.02391445855e-05,50357.0279329,0.477031037768,0.372958537939,0.372958537939,0.745917075878,1.80411241502e-16,2.74086309204e-16,0.08,105522.77119
2016-02-12,105949.618422,0.00406550831961,0.00404507223534,0,2.1564722445,0,2.04360842706e-05,76505.5637285,0.725014732516,0.408770720058,0.408770720058,0.817541440116,3.33066907388e-16,4.7878367937e-16,0.08,105949.618422
2016-02-16,106259.040746,0.00301006020139,0.00292046661892,0,9.49240587662,0,8.95935824784e-05,63563.1538123,0.599937543515,0.260308607944,0.260308607944,0.520617215889,7.6327832943e-17,8.67361737988e-17,0.08,106259.040746
2016-02-17,106286.978316,0.000277182953653,0.000262919468286,0,1.51562427277,0,1.42634853668e-05,54867.8296305,0.516359165728,0.291560871833,0.291560871833,0.583121743665,2.77555756156e-17,1.38777878078e-17,0.08,106286.978316
2016-02-18,106624.693736,0.00319336817294,0.00317739223476,0,1.69803419519,0,1.59759381826e-05,82080.9039461,0.772257385115,0.4639210533,0.4639210533,0.9278421066,-3.88578058619e-16,-4.4408920985e-16,0.08,106624.693736
2016-02-19,106276.04271,-0.0032444697205,-0.00326989005218,0,2.71043508085,0,2.54203316877e-05,84512.5336517,0.792616894744,0.284872090151,0.284872090151,0.569744180301,1.38777878078e-17,-3.46944695195e-18,0.08,106276.04271
2016-02-22,106433.243143,0.00152599921803,0.00147917092924,0,4.97672521969,0,4.68282887919e-05,26497.8439769,0.249330359893,0.262964258943,0.262964258943,0.525928517885,-5.89805981832e-17,-7.97972798949e-17,0.08,106433.243143
2016-02-23,106356.961142,-0.000702303174296,-0.000716712174787,0,1.5335966526,0,1.440900049e-05,32745.4851232,0.307662194219,0.252601957831,0.252601957831,0.505203915661,4.85722573274e-17,1.38777878078e-17,0.08,106356.961142
2016-02-24,106431.022774,0.000710190848162,0.000696349644994,0,1.47210830758,0,1.38412031688e-05,26178.3330461,0.246136527079,0.28023438307,0.28023438307,0.560468766141,3.88578058619e-16,4.16333634234e-16,0.08,106431.022774
2016-02-25,106438.102326,8.18730608719e-05,6.65177522106e-05,0,1.63428120584,0,1.53553086614e-05,34260.2394009,0.321900875402,0.297205017507,0.297205017507,0.594410035014,7.77156117238e-16,7.42461647718e-16,0.08,106438.102326
2016-02-26,106308.934911,-0.001197259684,-0.00121354489044,0,1.73336646933,0,1.62852064387e-05,58913.5488572,0.553500556375,0.380347896395,0.380347896395,0.76069579279,1.4155343564e-15,1.30451205393e-15,0.08,106308.934911
2016-02-29,106290.877533,-0.000107334639709,-0.000169857581582,0,6.64674735805,0,6.25229418732e-05,44559.9838999,0.419155585908,0.258947849606,0.258947849606,0.517895699212,0,1.04083408559e-17,0.08,106290.877533
2016-03-01,106217.284969,-0.000678180590743,-0.000692369514009,0,1.50815310519,0,1.41889232661e-05,28672.7585963,0.26975747366,0.229510399706,0.229510399706,0.459020799413,1.38777878078e-17,2.60208521397e-17,0.08,106217.284969
2016-03-02,106214.427635,-1.43249297215e-05,-2.6900842034e-05,0,1.33577926187,0,1.25759123127e-05,30562.5634026,0.287736251321,0.212991854625,0.212991854625,0.425983709251,1.38777878078e-17,1.38777878078e-17,0.08,106214.427635
2016-03-03,106450.983768,0.00223882709673,0.00222715631017,0,1.23960591397,0,1.16707865548e-05,22594.2210849,0.212722711858,0.226339262977,0.226339262977,0.452678525954,-4.02455846427e-16,-4.16333634234e-16,0.08,106450.983768
2016-03-04,106239.167358,-0.00197740012346,-0.00198980227486,0,1.32022121694,0,1.2402151396e-05,48333.3488896,0.454043233598,0.345994418254,0.345994418254,0.691988836508,-1.38083988688e-15,-1.30451205393e-15,0.08,106239.167358
2016-03-07,106471.845193,0.00224700812401,0.00219013232922,0,6.04243708041,0,5.68757947815e-05,48194.4411509,0.453640990883,0.39122672828,0.39122672828,0.78245345656,-8.25728374565e-16,-8.04911692853e-16,0.08,106471.845193
2016-03-08,106782.774229,0.00294173056284,0.00292029348184,0,2.2824455698,0,2.14370810016e-05,68323.6840443,0.641706583749,0.385096487953,0.385096487953,0.770192975907,-5.93275428784e-16,-5.55111512313e-16,0.08,106782.774229
2016-03-09,106904.376327,0.00115988127416,0.00113878009674,0,2.25324226462,0,2.11011774221e-05,57644.0718648,0.53982556907,0.339959239522,0.339959239522,0.679918479044,8.32667268469e-17,1.66533453694e-16,0.08,106904.376327
2016-03-10,106850.004282,-0.000489976572749,-0.000508604476285,0,1.99140440973,0,1.86279035355e-05,45375.2204358,0.424446799981,0.329281931211,0.329281931211,0.658563862422,-4.16333634234e-17,-2.77555756156e-17,0.08,106850.004282
2016-03-11,106777.541219,-0.000660132735525,-0.00067817558107,0,1.92787812383,0,1.80428455458e-05,40134.4895492,0.375615235758,0.247120974994,0.247120974994,0.494241949988,2.8449465006e-16,3.12250225676e-16,0.08,106777.541219
2016-03-14,106761.670893,-0.000108007185875,-0.000148629811901,0,4.33758412494,0,4.06226260264e-05,44684.0869985,0.418478328762,0.347221828559,0.347221828559,0.694443657117,8.67361737988e-17,8.32667268469e-17,0.08,106761.670893
2016-03-15,106949.92003,0.00178229103772,0.0017632651841,0,2.03123192259,0,1.90258536196e-05,45829.6653466,0.429270776332,0.378614235252,0.378614235252,0.757228470504,2.01227923213e-16,2.63677968348e-16,0.08,106949.92003
2016-03-16,106754.715534,-0.00180444935651,-0.00182519534201,0,2.21878148945,0,2.07459854933e-05,31823.0275314,0.297550737041,0.324801745132,0.324801745132,0.649603490265,9.71445146547e-17,1.66533453694e-16,0.08,106754.715534
2016-03-17,106740.496031,-0.000115400537826,-0.000133197893724,0,1.89995166611,0,1.77973558977e-05,61943.1958114,0.580238498145,0.329417017658,0.329417017658,0.658834035315,0,-6.93889390391e-18,0.08,106740.496031
2016-03-18,106805.826352,0.000630098375449,0.000612048127906,0,1.92669237621,0,1.80502475429e-05,40456.2620263,0.379015121071,0.298135607734,0.298135607734,0.596271215469,-2.77555756156e-17,2.08166817117e-17,0.08,106805.826352
2016-03-21,106936.9504,0.00127669488442,0.00122768629137,0,5.23440327927,0,4.90085930522e-05,42253.1834855,0.395607476941,0.241883644813,0.241883644813,0.483767289625,-1.17961196366e-16,-1.21430643318e-16,0.08,106936.9504
2016-03-22,106926.256155,-8.67512490776e-05,-0.000100005147424,0,1.41733147003,0,1.32538983459e-05,36231.3076717,0.338809995386,0.122044095031,0.122044095031,0.244088190062,-1.38777878078e-17,-1.21430643318e-17,0.08,106926.256155
2016-03-23,107052.712218,0.00118933478645,0.00118264743877,0,0.715053050272,0,6.68734767292e-06,16964.1885779,0.158653161421,0.14900906081,0.14900906081,0.29801812162,-6.24500451352e-17,-7.02563007771e-17,0.08,107052.712218
2016-03-24,106930.878481,-0.00112990752245,-0.0011380724025,0,0.874072553686,0,8.16488004439e-06,69691.2810801,0.65099967704,0.354437068307,0.354437068307,0.708874136613,2.49800180541e-16,2.35922392733e-16,0.08,106930.878481
2016-03-28,107078.118677,0.00145465095361,0.00137696611672,0,8.30690785317,0,7.76848368891e-05,59639.1609176,0.557735630391,0.441691564046,0.441691564046,0.883383128092,2.08166817117e-16,2.01227923213e-16,0.08,107078.118677
2016-03-29,107166.089605,0.000845760674313,0.000821558396832,0,2.59153434047,0,2.4202277482e-05,75919.2907172,0.709008447806,0.296891635273,0.296891635273,0.593783270545,8.18789480661e-16,8.39606162373e-16,0.08,107166.089605
2016-03-30,107423.6287,0.00241944516551,0.0024031771307,0,1.74338167608,0,1.62680348095e-05,43551.1923428,0.406389675162,0.234547212793,0.234547212793,0.469094425585,3.12250225676e-16,4.16333634234e-16,0.08,107423.6287
2016-03-31,107374.345929,-0.000445918404077,-0.000458770306147,0,1.38059795615,0,1.28519020708e-05,32716.2179028,0.304553274719,0.229775396554,0.229775396554,0.459550793107,1.31838984174e-16,2.63677968348e-16,0.08,107374.345929
2016-04-01,107414.810055,0.000389441398715,0.000376850966028,0,1.35188947483,0,1.25904326879e-05,41538.6760926,0.386858478467,0.313148551531,0.313148551531,0.626297103061,1.94289029309e-16,2.35922392733e-16,0.08,107414.810055
2016-04-04,107572.826626,0.00152256384469,0.00147108737047,0,5.52933570111,0,5.14764742242e-05,50339.0793912,0.468641888072,0.412605896625,0.412605896625,0.82521179325,5.55111512313e-17,1.52655665886e-16,0.08,107572.826626
2016-04-05,107671.401606,0.000938964310984,0.000916355768704,0,2.43206479903,0,2.26085422808e-05,52762.9768261,0.490486105843,0.370418323645,0.370418323645,0.740836647291,-6.59194920871e-17,2.77555756156e-17,0.08,107671.401606
2016-04-06,107463.690539,-0.00190882322179,-0.00192912011624,0,2.18539507328,0,2.02968944463e-05,48768.153418,0.452935066235,0.302770804656,0.302770804656,0.605541609311,4.57966997658e-16,5.6898930012e-16,0.08,107463.690539
2016-04-07,107324.903733,-0.00127488609065,-0.00129147627173,0,1.78284208525,0,1.6590181077e-05,34180.9493783,0.318069751809,0.196157586334,0.196157586334,0.392315172667,1.52655665886e-16,1.54390389362e-16,0.08,107324.903733
2016-04-08,107348.484163,0.000230459068411,0.000219710707516,0,1.15356679834,0,1.0748360895e-05,19679.6509265,0.183365185917,0.213701310717,0.213701310717,0.427402621433,2.77555756156e-17,3.64291929955e-17,0.08,107348.484163
2016-04-11,107482.42866,0.00128288294974,0.00124775396716,0,3.77104303054,0,3.51289825836e-05,22563.3014244,0.210187424632,0.263478472906,0.263478472906,0.526956945813,1.49186218934e-16,9.71445146547e-17,0.08,107482.42866
2016-04-12,107410.778565,-0.000652184296022,-0.00066662147262,0,1.55174280371,0,1.44371765976e-05,22387.6011757,0.208290801154,0.318286696265,0.318286696265,0.636573392529,5.55111512313e-17,4.33680868994e-17,0.08,107410.778565
2016-04-13,107758.353814,0.00325338421987,0.00323594385295,0,1.87328338919,0,1.74403669186e-05,35340.9314832,0.329025931617,0.284204290803,0.284204290803,0.568408581606,-7.6327832943e-17,-8.32667268469e-17,0.08,107758.353814
2016-04-14,107789.927859,0.000308580701486,0.000293007863634,0,1.67810337117,0,1.55728378522e-05,81947.3720432,0.760473495954,0.394113058636,0.394113058636,0.788226117273,-1.94289029309e-16,-1.2490009027e-16,0.08,107789.927859
2016-04-15,107922.701546,0.00125337718303,0.00123178194694,0,2.32774894021,0,2.15952360897e-05,53647.3173071,0.497702506836,0.333856339639,0.333856339639,0.667712679278,-6.10622663544e-16,-7.6327832943e-16,0.08,107922.701546
2016-04-18,107961.068419,0.00041038376217,0.000355503267982,0,5.92285119489,0,5.48804941873e-05,51635.1057749,0.478445267169,0.385876825511,0.385876825511,0.771753651022,8.32667268469e-17,1.94289029309e-16,0.08,107961.068419
2016-04-19,107946.291764,-0.000115726281709,-0.000136870217353,0,2.28272188276,0,2.11439356444e-05,46415.1628713,0.429925004919,0.289499043309,0.289499043309,0.578998086618,-1.80411241502e-16,-3.05311331772e-16,0.08,107946.291764
2016-04-20,107679.045164,-0.00245987378196,-0.00247573674323,0,1.71234784628,0,1.58629612772e-05,39568.8446729,0.366560481385,0.255776092647,0.255776092647,0.511552185293,-6.93889390391e-17,-2.91433543964e-16,0.08,107679.045164
2016-04-21,107760.112846,0.000766879178716,0.000752864050352,0,1.5091356401,0,1.40151283642e-05,38409.3701018,0.356702365288,0.312980852393,0.312980852393,0.625961704785,-1.38777878078e-17,-9.71445146547e-17,0.08,107760.112846
2016-04-22,107710.121088,-0.000446767454889,-0.000463917090637,0,1.84804668342,0,1.71496357475e-05,23631.3953259,0.219296311983,0.274650987456,0.274650987456,0.549301974913,2.77555756156e-17,1.38777878078e-17,0.08,107710.121088
2016-04-25,107729.530755,0.000225350929362,0.000180202821835,0,4.86290812862,0,4.51481075271e-05,45069.1514515,0.418430050921,0.344994443799,0.344994443799,0.689988887599,-3.1918911958e-16,-5.20417042793e-16,0.08,107729.530755
2016-04-26,107498.885298,-0.00212206400181,-0.00214096780694,0,2.03649805719,0,1.89038051397e-05,24399.3081907,0.226486721139,0.328288691381,0.328288691381,0.656577382762,-1.11022302463e-16,-1.14491749414e-16,0.08,107498.885298
2016-04-27,107227.499461,-0.00250655716904,-0.00252454559048,0,1.93373525367,0,1.79884214455e-05,34768.4476706,0.323430773948,0.260237576554,0.260237576554,0.520475153107,-1.2490009027e-16,-1.94289029309e-16,0.08,107227.499461
2016-04-28,107153.610626,-0.000674825165503,-0.000689084758738,0,1.52902052601,0,1.42595932358e-05,43269.5620428,0.403530458699,0.233534935144,0.233534935144,0.467069870287,4.16333634234e-17,-2.77555756156e-17,0.08,107153.610626
2016-04-29,107124.296581,-0.000260773856189,-0.000273570290992,0,1.37118419221,0,1.27964348024e-05,26971.4169219,0.251707961723,0.279367149686,0.279367149686,0.558734299372,1.38777878078e-17,-8.32667268469e-17,0.08,107124.296581
2016-05-02,107184.159707,0.000604742675307,0.000558819308235,0,4.9195083942,0,4.59233670717e-05,34340.3526951,0.320565490659,0.17431414792,0.17431414792,0.348628295839,2.77555756156e-17,-8.32667268469e-17,0.08,107184.159707
2016-05-03,107440.243813,0.00239874877639,0.00238919731623,0,1.02376523122,0,9.55146015998e-06,13601.5464983,0.126898849005,0.15934330294,0.15934330294,0.318686605881,-4.16333634234e-17,-9.02056207508e-17,0.08,107440.243813
2016-05-04,107408.842306,-0.000283538370679,-0.000292269510566,0,0.938075798243,0,8.73113988714e-06,20667.2737242,0.192360636859,0.220513980719,0.220513980719,0.441027961438,-8.32667268469e-17,-1.2490009027e-16,0.08,107408.842306
2016-05-05,107301.2803,-0.000989343031602,-0.00100142598945,0,1.29781651404,0,1.20829578476e-05,65904.8392999,0.613588582513,0.397431483905,0.397431483905,0.794862967811,3.88578058619e-16,4.16333634234e-16,0.08,107301.2803
2016-05-06,107328.557357,0.000275987055095,0.000254209987483,0,2.33670723586,0,2.17770676113e-05,46692.7832417,0.43515588175,0.392191709963,0.392191709963,0.784383419925,5.55111512313e-17,8.32667268469e-17,0.08,107328.557357
2016-05-09,107365.288209,0.000406698004954,0.000342228134823,0,6.91945815413,0,6.44698701309e-05,54228.3262339,0.505255335293,0.363353515214,0.363353515214,0.726707030428,-3.05311331772e-16,-2.35922392733e-16,0.08,107365.288209
2016-05-10,107469.68542,0.000992265117301,0.000972355335646,0,2.13761944563,0,1.99097816556e-05,33909.0820597,0.315829097331,0.335491271772,0.335491271772,0.670982543545,1.09634523682e-15,1.4155343564e-15,0.08,107469.68542
2016-05-11,107333.15772,-0.0012520002705,-0.00127038335389,0,1.97562418841,0,1.83830833848e-05,52028.4404448,0.484122013027,0.308936501551,0.308936501551,0.617873003103,-1.2490009027e-16,-1.3791051634e-16,0.08,107333.15772
2016-05-12,107158.735372,-0.00160812756816,-0.00162505559564,0,1.81693864365,0,1.69280274823e-05,46580.0618986,0.433976442024,0.345290773134,0.345290773134,0.690581546267,0,1.38777878078e-17,0.08,107158.735372
2016-05-13,107011.519751,-0.00135488882337,-0.00137380886573,0,2.02744781285,0,1.89200423635e-05,38850.8606218,0.362554303081,0.350448647016,0.350448647016,0.700897294032,1.66533453694e-16,9.71445146547e-17,0.08,107011.519751
2016-05-16,107352.201397,0.00324120586592,0.00318359786915,0,6.16471928414,0,5.76079967697e-05,53435.42948,0.499342777341,0.383809902522,0.383809902522,0.767619805045,6.93889390391e-18,2.77555756156e-17,0.08,107352.201397
2016-05-17,107423.059427,0.000681082624996,0.000660051945405,0,2.2576897509,0,2.10306795903e-05,48659.3676993,0.453268466468,0.372311511169,0.372311511169,0.744623022339,-1.2490009027e-16,-1.11022302463e-16,0.08,107423.059427
2016-05-18,107043.720264,-0.00351086317998,-0.00353126381073,0,2.19149816929,0,2.0400630749e-05,45992.8107542,0.428146535759,0.445306629805,0.445306629805,0.89061325961,-4.71844785466e-16,-3.46944695195e-16,0.08,107043.720264
2016-05-19,106722.275286,-0.00297853131343,-0.00300293167671,0,2.61190566097,0,2.4400363277e-05,75559.1285457,0.70587166028,0.31796749616,0.31796749616,0.63593499232,-4.02455846427e-16,-4.16333634234e-16,0.08,106722.275286
2016-05-20,106815.039372,0.000886633032615,0.000869210156113,0,1.85940902231,0,1.74228765019e-05,50772.3043997,0.475742334612,0.2909563361,0.2909563361,0.5819126722,-1.87350135405e-16,-1.80411241502e-16,0.08,106815.039372
2016-05-23,106770.171816,-0.000372220611003,-0.000420049049814,0,5.10879657468,0,4.7828438811e-05,23156.5543358,0.216791141697,0.252480807996,0.252480807996,0.504961615992,-1.52655665886e-16,-1.2490009027e-16,0.08,106770.171816
2016-05-24,106718.02368,-0.000474580267086,-0.000488414831907,0,1.47711886301,0,1.38345648217e-05,27468.3737143,0.257266362385,0.2445846643,0.2445846643,0.4891693286,-3.12250225676e-16,-3.12250225676e-16,0.08,106718.02368
2016-05-25,106620.654373,-0.000898996061992,-0.000912397961405,0,1.43022421899,0,1.34018994137e-05,26125.8231592,0.244811722128,0.259451144048,0.259451144048,0.518902288097,-2.49800180541e-16,-2.61943244872e-16,0.08,106620.654373
2016-05-26,106545.983135,-0.000686128457807,-0.000700344958851,0,1.51577264418,0,1.42165010437e-05,43815.6405352,0.410948899093,0.233003862037,0.233003862037,0.466007724073,0,6.24500451352e-17,0.08,106545.983135
2016-05-27,106548.540407,3.67689131061e-05,2.40015782e-05,0,1.36030824959,0,1.27673349061e-05,43979.6101614,0.412775863221,0.304991430827,0.304991430827,0.609982861655,1.38777878078e-17,7.97972798949e-17,0.08,106548.540407
2016-05-31,106356.30346,-0.00173737199416,-0.00180421943106,0,7.12249683097,0,6.68474368937e-05,53047.4491594,0.497871195201,0.367077398085,0.367077398085,0.734154796169,1.38777878078e-17,5.20417042793e-17,0.08,106356.30346
2016-06-01,106197.32252,-0.00147468182412,-0.00149479565415,0,2.13923261063,0,2.0113830032e-05,46878.0726268,0.440764403253,0.337931264063,0.337931264063,0.675862528125,-3.46944695195e-17,-6.93889390391e-18,0.08,106197.32252
2016-06-02,106306.946526,0.00105078392231,0.00103226714072,0,1.96643262681,0,1.85167815925e-05,43927.5924437,0.41364124256,0.194866790896,0.194866790896,0.389733581793,-1.56125112838e-17,-1.04083408559e-17,0.08,106306.946526
2016-06-03,106379.283465,0.000691131180028,0.00068045354765,0,1.13510649422,0,1.06776323779e-05,41242.1708943,0.387953677929,0.31333896077,0.31333896077,0.62667792154,5.55111512313e-17,5.89805981832e-17,0.08,106379.283465
2016-06-06,106446.944035,0.000687539221237,0.000636031446864,0,5.47936013071,0,5.15077743732e-05,38672.3278407,0.363532509159,0.251732807817,0.251732807817,0.503465615634,1.94289029309e-16,1.71737624122e-16,0.08,106446.944035
2016-06-07,106449.585653,3.86098681004e-05,2.48162895899e-05,0,1.46828427975,0,1.37935785105e-05,30977.1796346,0.291010511532,0.258625543228,0.258625543228,0.517251086456,1.38777878078e-17,4.16333634234e-17,0.08,106449.585653
2016-06-08,106219.266621,-0.00214947297406,-0.0021636442367,0,1.50852503649,0,1.41712626426e-05,46858.5079983,0.440194367229,0.392727003288,0.392727003288,0.785454006576,-1.38777878078e-16,-2.35922392733e-16,0.08,106219.266621
2016-06-09,106072.697924,-0.00135834992948,-0.00137986921733,0,2.28576297377,0,2.15192878514e-05,30630.9790317,0.288374981359,0.351618780242,0.351618780242,0.703237560483,1.31838984174e-16,2.49800180541e-16,0.08,106072.697924
2016-06-10,106311.939487,0.00227471580717,0.00225544902469,0,2.04367959787,0,1.9266782479e-05,40381.7177108,0.380698506788,0.382835216135,0.382835216135,0.765670432269,2.22044604925e-16,4.02455846427e-16,0.08,106311.939487
2016-06-13,106155.944277,-0.0014044029986,-0.00146733481495,0,6.69040345172,0,6.29318163509e-05,25263.3955152,0.237634602821,0.361412768666,0.361412768666,0.722825537333,1.11716191853e-15,1.17093834628e-15,0.08,106155.944277
2016-06-14,105640.259334,-0.00483800218804,-0.00485780562742,0,2.10225280721,0,1.9803439379e-05,42081.3378227,0.396410564752,0.343246764154,0.343246764154,0.686493528309,7.91033905045e-16,9.59302082215e-16,0.08,105640.259334
2016-06-15,105870.917375,0.0022022373754,0.00218342933352,0,1.98688642086,0,1.88080418715e-05,43955.594592,0.416087530163,0.313786666418,0.313786666418,0.627573332835,4.07660016855e-16,4.4408920985e-16,0.08,105870.917375
2016-06-16,105870.179748,1.02265613019e-05,-6.9672286388e-06,0,1.82032231417,0,1.71937899407e-05,27697.4537293,0.261615318126,0.284802044827,0.284802044827,0.569604089654,6.0368376964e-16,6.52256026967e-16,0.08,105870.179748
2016-06-17,105837.210823,-0.000295803389931,-0.000311408981429,0,1.6521667769,0,1.56055914974e-05,46921.2001663,0.443195622016,0.292614686882,0.292614686882,0.585229373763,7.21644966006e-16,7.75421393762e-16,0.08,105837.210823
2016-06-20,105880.880559,0.000460713356836,0.000412612312417,0,5.09088037897,0,4.81010444189e-05,50101.6153821,0.473383746534,0.251140687626,0.251140687626,0.502281375252,1.38777878078e-17,2.77555756156e-17,0.08,105880.880559
2016-06-21,105901.144202,0.000205142638747,0.000191381505179,0,1.45704093973,0,1.37611335685e-05,28806.794324,0.272067951946,0.209120624838,0.209120624838,0.418241249676,1.52655665886e-16,1.38777878078e-16,0.08,105901.144202
2016-06-22,105877.731091,-0.000209625920897,-0.000221084585271,0,1.2134856683,0,1.14586643747e-05,58266.5622307,0.550197664718,0.320731027438,0.320731027438,0.641462054877,-1.94289029309e-16,-1.66533453694e-16,0.08,105877.731091
2016-06-23,105807.295938,-0.000647675629873,-0.000665249932746,0,1.86072731374,0,1.75743028733e-05,41913.9897426,0.395871627685,0.227433036973,0.227433036973,0.454866073947,-1.38777878078e-16,-2.22044604925e-16,0.08,105807.295938
2016-06-24,105854.12212,0.000455023081453,0.000442560997235,0,1.31857943282,0,1.24620842177e-05,31641.2644209,0.299046149328,0.213823008278,0.213823008278,0.427646016557,5.55111512313e-17,9.71445146547e-17,0.08,105854.12212
2016-06-27,105781.732726,-0.000648710955257,-0.000683859942919,0,3.72066523239,0,3.51489876622e-05,76727.3811582,0.724840748962,0.327399953779,0.327399953779,0.654799907558,8.32667268469e-17,2.77555756156e-17,0.08,105781.732726
2016-06-28,106053.510717,0.00258717340597,0.00256923368247,0,1.8976950359,0,1.79397234947e-05,39340.5640417,0.371903191863,0.185877757748,0.185877757748,0.371755515495,2.49800180541e-16,2.49800180541e-16,0.08,106053.510717
2016-06-29,106082.385735,0.000282453470264,0.000272268387648,0,1.0801637684,0,1.01850826163e-05,30825.0472632,0.290655604466,0.238822963149,0.238822963149,0.477645926299,1.94289029309e-16,2.01227923213e-16,0.08,106082.385735
2016-06-30,106239.13091,0.00149066584534,0.00147757965558,0,1.3882142301,0,1.30861897616e-05,38515.1983698,0.363068742307,0.320713798351,0.320713798351,0.641427596703,1.28369537222e-16,1.94289029309e-16,0.08,106239.13091
2016-07-01,106219.74762,-0.000164876274376,-0.00018244963319,0,1.86697836755,0,1.75733588138e-05,32846.7364347,0.309177382696,0.234143435333,0.234143435333,0.468286870667,7.84095011142e-16,8.29197821517e-16,0.08,106219.74762
2016-07-05,106132.596999,-0.000769155642854,-0.000820474751968,0,5.45110281818,0,5.13191091142e-05,36279.46011,0.34155099144,0.254562135723,0.254562135723,0.509124271446,2.77555756156e-16,2.53269627493e-16,0.08,106132.596999
2016-07-06,106135.009815,3.668258961e-05,2.27339794334e-05,0,1.48040222256,0,1.39486101766e-05,39550.3835908,0.372650671983,0.312543898925,0.312543898925,0.625087797849,5.82867087928e-16,4.02455846427e-16,0.08,106135.009815
2016-07-07,106542.035529,0.00385210639384,0.00383498070075,0,1.81763560438,0,1.71256930918e-05,32369.7071867,0.304986142114,0.306712735219,0.306712735219,0.613425470438,5.6898930012e-16,6.10622663544e-16,0.08,106542.035529
2016-07-08,106609.39219,0.000649013552065,0.000632207374792,0,1.79056433605,0,1.68061772723e-05,77440.2262703,0.726851386738,0.441097041764,0.441097041764,0.882194083528,5.27355936697e-16,5.96744875736e-16,0.08,106609.39219
2016-07-11,106623.616672,0.00020593526549,0.000133426162734,0,7.73015137301,0,7.25091027557e-05,57233.9501898,0.536856547197,0.253790789765,0.253790789765,0.507581579529,2.22044604925e-16,2.70616862252e-16,0.08,106623.616672
2016-07-12,106745.166187,0.00115389313981,0.00113998679516,0,1.4827447607,0,1.39063446446e-05,37272.1399596,0.34956739532,0.389841579479,0.389841579479,0.779683158959,1.38777878078e-17,2.08166817117e-17,0.08,106745.166187
2016-07-13,106582.676384,-0.00150086046775,-0.00152222165019,0,2.28020296921,0,2.13611824372e-05,46534.9214551,0.435944063018,0.281905800362,0.281905800362,0.563811600725,-2.8449465006e-16,-2.87964097012e-16,0.08,106582.676384
2016-07-14,106405.225035,-0.00164947047403,-0.00166491736721,0,1.64637121593,0,1.54468931705e-05,40967.9930979,0.384377597634,0.334215191209,0.334215191209,0.668430382417,-2.91433543964e-16,-3.26128013484e-16,0.08,106405.225035
2016-07-15,106575.924784,0.00162255533215,0.00160424217099,0,1.94861603456,0,1.83131611621e-05,38699.0975591,0.36369546276,0.311953949917,0.311953949917,0.623907899834,-2.01227923213e-16,-1.94289029309e-16,0.08,106575.924784
2016-07-18,106472.390264,-0.000920182454485,-0.000971462555841,0,5.46522422506,0,5.12801013562e-05,32923.28418,0.30891858782,0.286623151788,0.286623151788,0.573246303576,-3.46944695195e-17,0,0.08,106472.390264
2016-07-19,106573.332317,0.000963763859072,0.000948058480892,0,1.67218915484,0,1.57053781802e-05,39775.3045343,0.373573885546,0.27022224914,0.27022224914,0.540444498281,-2.63677968348e-16,-2.49800180541e-16,0.08,106573.332317
2016-07-20,106515.370229,-0.000529063761083,-0.000543870459666,0,1.5779992086,0,1.4806698583e-05,72085.3147424,0.676391674873,0.416799465482,0.416799465482,0.833598930965,8.32667268469e-17,1.52655665886e-16,0.08,106515.370229
2016-07-21,106452.710906,-0.000565427230943,-0.000588265557818,0,2.43263284259,0,2.28383268758e-05,58052.9140084,0.545019126192,0.467141568647,0.467141568647,0.934283137294,-4.85722573274e-17,5.55111512313e-17,0.08,106452.710906
2016-07-22,106225.355352,-0.00211014546583,-0.00213574226411,0,2.72484856763,0,2.5596798282e-05,46078.0549257,0.432849990702,0.434872912328,0.434872912328,0.869745824657,-4.85722573274e-17,-5.55111512313e-17,0.08,106225.355352
2016-07-25,106070.201363,-0.00138912566139,-0.00146061161958,0,7.5936213115,0,7.1485958191e-05,33969.1149705,0.319783491032,0.405418576228,0.405418576228,0.810837152456,-4.16333634234e-17,-1.66533453694e-16,0.08,106070.201363
2016-07-26,106328.065522,0.00245328541138,0.00243107069487,0,2.35631945299,0,2.22147165056e-05,43066.3531905,0.406017454826,0.349261123224,0.349261123224,0.698522246448,-4.16333634234e-17,-9.71445146547e-17,0.08,106328.065522
2016-07-27,106668.655985,0.00322234139044,0.00320320379464,0,2.03486353942,0,1.91375957931e-05,49961.4727637,0.469880388763,0.256756442882,0.256756442882,0.513512885764,-2.01227923213e-16,-1.66533453694e-16,0.08,106668.655985
2016-07-28,106727.236944,0.000563255099962,0.000549186253777,0,1.50070491384,0,1.40688461853e-05,50877.0440879,0.476963393026,0.367628509749,0.367628509749,0.735257019498,1.2490009027e-16,1.80411241502e-16,0.08,106727.236944
2016-07-29,106491.666231,-0.00218707804636,-0.00220722207429,0,2.14991644205,0,2.01440279314e-05,33125.1258346,0.310371811198,0.281716504498,0.281716504498,0.563433008996,-2.77555756156e-17,4.16333634234e-17,0.08,106491.666231
2016-08-01,105916.787799,-0.00535203241618,-0.00539834197856,0,4.93158246061,0,4.63095623832e-05,18458.5605358,0.17333338081,0.244819325987,0.244819325987,0.489638651974,-1.31838984174e-16,0,0.08,105916.787799
2016-08-02,106244.674976,0.00310912021152,0.00309570545394,0,1.42084803285,0,1.34147575883e-05,16139.7483468,0.15238139942,0.276481858414,0.276481858414,0.552963716827,-1.11022302463e-16,-1.04083408559e-17,0.08,106244.674976
2016-08-03,106363.120285,0.00112998494297,0.0011148352521,0,1.60957398269,0,1.5149690872e-05,32151.7217392,0.302619606549,0.229543521776,0.229543521776,0.459087043553,-2.77555756156e-17,4.16333634234e-17,0.08,106363.120285
2016-08-04,106278.09555,-0.000786804001616,-0.000799381728837,0,1.33780631328,0,1.25777272206e-05,41064.4969243,0.386078340069,0.326212881064,0.326212881064,0.652425762129,-6.93889390391e-17,-2.77555756156e-17,0.08,106278.09555
2016-08-05,106504.077828,0.00214420444417,0.00212632976576,0,1.89968678047,0,1.78746784145e-05,38016.2709242,0.357705609301,0.266743244882,0.266743244882,0.533486489763,-1.11022302463e-16,-1.38777878078e-17,0.08,106504.077828
2016-08-08,106358.798819,-0.0013202217201,-0.00136406992474,0,4.67001259941,0,4.38482046381e-05,42675.9335941,0.400697648994,0.245138747726,0.245138747726,0.490277495451,-1.66533453694e-16,-1.38777878078e-16,0.08,106358.798819
2016-08-09,106369.581747,0.000114814830212,0.000101382570062,0,1.42863905491,0,1.34322601494e-05,28009.7027134,0.26335106286,0.217695429279,0.217695429279,0.435390858559,-2.22044604925e-16,-2.91433543964e-16,0.08,106369.581747
2016-08-10,106455.219641,0.000817026102305,0.000805097585632,0,1.26883132936,0,1.19285166728e-05,30267.1832776,0.284547356307,0.31637842677,0.31637842677,0.63275685354,-5.27355936697e-16,-4.99600361081e-16,0.08,106455.219641
2016-08-11,106431.295729,-0.000207396358573,-0.00022473216278,0,1.84548684446,0,1.73358042066e-05,39260.9833436,0.368802802494,0.19970443211,0.19970443211,0.39940886422,-3.46944695195e-17,-6.93889390391e-18,0.08,106431.295729
2016-08-12,106541.17971,0.00104338321855,0.00103244050994,0,1.16464665602,0,1.09427086088e-05,23621.1575969,0.221938081605,0.141008802897,0.141008802897,0.282017605793,-4.33680868994e-17,-6.24500451352e-17,0.08,106541.17971
2016-08-15,106535.73103,-2.7962009546e-05,-5.11415387894e-05,0,2.46957439071,0,2.31795292433e-05,83124.3629933,0.780208772039,0.382979002508,0.382979002508,0.765958005015,5.55111512313e-17,5.55111512313e-17,0.08,106535.73103
2016-08-16,106402.793111,-0.00122683957567,-0.00124782472649,0,2.23566838364,0,2.09851508223e-05,56369.5308607,0.529113850494,0.309099978777,0.309099978777,0.618199957555,-4.16333634234e-17,1.38777878078e-17,0.08,106402.793111
2016-08-17,106554.819249,0.0014457165667,0.00142877958157,0,1.80214252561,0,1.69369851385e-05,39501.0252224,0.371240491603,0.21798368362,0.21798368362,0.43596736724,-1.38777878078e-16,-1.21430643318e-16,0.08,106554.819249
2016-08-18,106521.055027,-0.000304927530815,-0.000316871842246,0,1.27272394561,0,1.19443114312e-05,48182.6608836,0.452186594873,0.313009449377,0.313009449377,0.626018898753,-5.55111512313e-17,1.38777878078e-17,0.08,106521.055027
2016-08-19,106591.659086,0.000679969071015,0.000662817868309,0,1.82696420718,0,1.71512027056e-05,35806.6973348,0.33614666439,0.269491603406,0.269491603406,0.538983206811,-3.05311331772e-16,-2.56739074445e-16,0.08,106591.659086
2016-08-22,106634.329318,0.000444614917038,0.000400314927437,0,4.72200938905,0,4.42999896009e-05,46480.9751646,0.436065781912,0.276302152869,0.276302152869,0.552604305737,-6.80011602583e-16,-7.07767178199e-16,0.08,106634.329318
2016-08-23,106735.875525,0.000967424233488,0.000952284389495,0,1.61442711015,0,1.51398439928e-05,44771.0557102,0.419855931917,0.202623402617,0.202623402617,0.405246805235,-2.08166817117e-16,-2.35922392733e-16,0.08,106735.875525
2016-08-24,106722.320175,-0.00011589635421,-0.000126999006409,0,1.18505130303,0,1.11026521982e-05,33795.8477889,0.316630632602,0.198185530875,0.198185530875,0.396371061751,-6.93889390391e-17,-8.32667268469e-17,0.08,106722.320175
2016-08-25,106659.701652,-0.000575883038108,-0.000586742519252,0,1.15894902357,0,1.08594811439e-05,55293.2465422,0.518103864791,0.267895218551,0.267895218551,0.535790437103,-4.05925293379e-16,-4.30211422042e-16,0.08,106659.701652
2016-08-26,106580.204024,-0.000730659739018,-0.000745338929076,0,1.56567803204,0,1.46791900576e-05,46646.3507489,0.437338095141,0.309841891989,0.309841891989,0.619683783978,-2.35922392733e-16,-2.49800180541e-16,0.08,106580.204024
2016-08-29,106630.282829,0.000520802581713,0.000469869667961,0,5.4284403392,0,5.09329137516e-05,34672.9661319,0.325322759975,0.242390392535,0.242390392535,0.48478078507,-1.52655665886e-16,-2.49800180541e-16,0.08,106630.282829
2016-08-30,106534.041952,-0.000889284427757,-0.000902566093101,0,1.41622773212,0,1.32816653444e-05,24111.2462982,0.226120063254,0.228377628686,0.228377628686,0.456755257371,-1.94289029309e-16,-1.56125112838e-16,0.08,106534.041952
2016-08-31,106357.311621,-0.00164639562585,-0.00165890946851,0,1.33315023974,0,1.25138426677e-05,34421.9465199,0.323107486483,0.293870243395,0.293870243395,0.58774048679,-2.22044604925e-16,-1.4224732503e-16,0.08,106357.311621
2016-09-01,106276.379041,-0.000744847362995,-0.000760949842085,0,1.71261638646,0,1.61024790901e-05,28184.3039732,0.26499639323,0.310837554902,0.310837554902,0.621675109804,-5.55111512313e-17,-1.28369537222e-16,0.08,106276.379041
2016-09-02,106368.589364,0.000884678643446,0.000867646448657,0,1.81011998932,0,1.70321947891e-05,33441.1437607,0.314662054375,0.292360327333,0.292360327333,0.584720654665,-5.55111512313e-17,-5.55111512313e-17,0.08,106368.589364
2016-09-06,106432.65058,0.000666335868312,0.000602256892458,0,6.81599026946,0,6.40789758537e-05,24323.2607271,0.228669580677,0.274271918587,0.274271918587,0.548543837174,0,1.38777878078e-17,0.08,106432.65058
2016-09-07,106514.320363,0.00078236627017,0.000767337671892,0,1.59953354931,0,1.50285982787e-05,33746.5278884,0.317069317586,0.2822505905,0.2822505905,0.564501181001,1.38777878078e-17,2.77555756156e-17,0.08,106514.320363
2016-09-08,106511.257502,-1.3289600483e-05,-2.87553862639e-05,0,1.64732766132,0,1.54657857808e-05,40938.8815508,0.384350962495,0.218415151628,0.218415151628,0.436830303256,8.67361737988e-18,1.38777878078e-17,0.08,106511.257502
2016-09-09,106566.883389,0.000534221545479,0.000522253591965,0,1.27472177849,0,1.19679535139e-05,37510.766499,0.352176543388,0.265290067499,0.265290067499,0.530580134998,-2.08166817117e-17,-2.77555756156e-17,0.08,106566.883389
2016-09-12,106380.757946,-0.00170295055123,-0.00174655987739,0,4.64730997601,0,4.36093261642e-05,50081.5646422,0.469954295833,0.310967051946,0.310967051946,0.621934103892,-3.12250225676e-17,-2.77555756156e-17,0.08,106380.757946
2016-09-13,106481.12261,0.000960486827628,0.00094344753711,0,1.81265264013,0,1.70392905176e-05,37152.1197707,0.349237216279,0.240602489345,0.240602489345,0.48120497869,-4.51028103754e-17,-6.24500451352e-17,0.08,106481.12261
2016-09-14,106650.028083,0.0015994317488,0.00158624805075,0,1.40381496812,0,1.31836980463e-05,32418.401694,0.304452102864,0.231710085496,0.231710085496,0.463420170993,-1.28369537222e-16,-1.73472347598e-16,0.08,106650.028083
2016-09-15,106385.331752,-0.00246921881147,-0.00248191525451,0,1.35407600687,0,1.26964430409e-05,31211.2473146,0.292651093258,0.290821817235,0.290821817235,0.58164363447,-2.42861286637e-16,-1.64798730218e-16,0.08,106385.331752
2016-09-16,106121.172003,-0.00246711127795,-0.00248304671999,0,1.69529728807,0,1.59354420403e-05,29171.2814266,0.274203980438,0.253444150619,0.253444150619,0.506888301239,-6.93889390391e-17,-3.46944695195e-17,0.08,106121.172003
2016-09-19,106286.833784,0.00160272454289,0.00156106249073,0,4.4212258029,0,4.16620521566e-05,30612.1581899,0.288464192509,0.2498601357,0.2498601357,0.499720271399,2.08166817117e-16,2.87964097012e-16,0.08,106286.833784
2016-09-20,106347.985735,0.00058903928149,0.00057534831515,0,1.45516946369,0,1.36909663397e-05,24113.7559742,0.226874346669,0.24268870536,0.24268870536,0.485377410721,3.46944695195e-18,3.98986399475e-17,0.08,106347.985735
2016-09-21,106396.441008,0.000468927448794,0.000455629437542,0,1.41421671099,0,1.32980112526e-05,36359.5418182,0.341892153077,0.335101773562,0.335101773562,0.670203547124,3.33066907388e-16,3.92047505571e-16,0.08,106396.441008
2016-09-22,106304.996323,-0.000841109530284,-0.000859471271301,0,1.95362389492,0,1.83617410171e-05,51236.2548363,0.481559856243,0.182383115946,0.182383115946,0.364766231891,1.73472347598e-17,-6.93889390391e-18,0.08,106304.996323
2016-09-23,106370.15191,0.00062290540075,0.000612911805356,0,1.06236912164,0,9.99359539428e-06,26185.0483677,0.246320015742,0.221794945826,0.221794945826,0.443589891651,2.77555756156e-17,-1.04083408559e-17,0.08,106370.15191
2016-09-26,106315.699147,-0.00047545825064,-0.000511917693789,0,3.87819650637,0,3.64594431494e-05,68300.9862941,0.64210669128,0.353853814791,0.353853814791,0.707707629581,-2.77555756156e-17,-6.93889390391e-17,0.08,106315.699147
2016-09-27,106246.065284,-0.000635583293152,-0.000654972543278,0,2.06138168304,0,1.93892501255e-05,79784.9643886,0.750453272926,0.34690537172,0.34690537172,0.693810743439,5.55111512313e-17,1.04083408559e-16,0.08,106246.065284
2016-09-28,105663.985806,-0.00545958945771,-0.00547859797122,0,2.01957976827,0,1.90085135189e-05,54860.9901291,0.516357852714,0.28781112831,0.28781112831,0.57562225662,1.52655665886e-16,9.36750677027e-17,0.08,105663.985806
2016-09-29,105285.534882,-0.00356587488075,-0.00358164535354,0,1.66637101241,0,1.57704727841e-05,53552.9003274,0.506822640836,0.370529747847,0.370529747847,0.741059495694,8.32667268469e-17,5.55111512313e-17,0.08,105285.534882
2016-09-30,105621.781356,0.00321396558746,0.00319366258758,0,2.13761220229,0,2.0302999882e-05,37554.5067892,0.356691988423,0.3473329459,0.3473329459,0.6946658918,0,-1.38777878078e-17,0.08,105621.781356
2016-10-03,105590.031657,-0.000243502198814,-0.000300598025537,0,6.0305629265,0,5.70958267233e-05,33894.5009709,0.320904462468,0.293387679486,0.293387679486,0.586775358972,2.77555756156e-17,5.03069808033e-17,0.08,105590.031657
2016-10-04,105869.834422,0.00266597357412,0.00264989753689,0,1.69746928026,0,1.60760372321e-05,38395.8134698,0.363631044212,0.276026558893,0.276026558893,0.552053117786,-1.11022302463e-16,-1.04950770297e-16,0.08,105869.834422
2016-10-05,106041.94199,0.00164077730797,0.00162565256502,0,1.60125403211,0,1.5124742953e-05,24265.1792497,0.229198235572,0.267001322685,0.267001322685,0.53400264537,-1.11022302463e-16,-1.63064006742e-16,0.08,106041.94199
2016-10-06,105855.60452,-0.00174257515601,-0.00175720536547,0,1.55141582308,0,1.46302094622e-05,85608.7239569,0.807310035545,0.454221289763,0.454221289763,0.908442579525,-5.41233724505e-16,-5.27355936697e-16,0.08,105855.60452
2016-10-07,105831.938483,-0.000198680210658,-0.000223569048453,0,2.63462297062,0,2.48888377952e-05,48269.3004719,0.455991921171,0.448792674603,0.448792674603,0.897585349206,-2.49800180541e-16,-3.1918911958e-16,0.08,105831.938483
2016-10-10,105874.696693,0.000477794045925,0.000404019907634,0,7.80766006527,0,7.37741382909e-05,51493.867175,0.486562638018,0.410601514543,0.410601514543,0.821203029085,-5.55111512313e-16,-5.8633653488e-16,0.08,105874.696693
2016-10-11,105605.174751,-0.00252317037209,-0.00254566908522,0,2.38204442817,0,2.24987131256e-05,40957.8810895,0.386852405425,0.455446362336,0.455446362336,0.910892724672,8.32667268469e-17,-6.93889390391e-18,0.08,105605.174751
2016-10-12,105629.754707,0.00025770929471,0.00023275332965,0,2.63547905119,0,2.49559650595e-05,41339.7176572,0.39145541641,0.438517324252,0.438517324252,0.877034648504,-1.2490009027e-16,-4.85722573274e-17,0.08,105629.754707
2016-10-13,105649.377339,0.000209796380164,0.000185768033629,0,2.53810835044,0,2.40283465344e-05,43310.8079338,0.410024694783,0.302061620301,0.302061620301,0.604123240602,-9.71445146547e-17,2.08166817117e-17,0.08,105649.377339
2016-10-14,105641.322717,-5.96878634862e-05,-7.62391851465e-05,0,1.74863682755,0,1.65513216603e-05,43333.2502254,0.410160961824,0.355139768431,0.355139768431,0.710279536863,-2.77555756156e-17,-2.77555756156e-17,0.08,105641.322717
2016-10-17,105699.746099,0.000611414457094,0.000553035317078,0,6.16724957036,0,5.83791400161e-05,54015.2457169,0.511307926935,0.325477559782,0.325477559782,0.650955119565,7.6327832943e-17,1.04083408559e-16,0.08,105699.746099
2016-10-18,105768.82174,0.000671342495644,0.000653508108806,0,1.88509016054,0,1.78343868374e-05,45740.295486,0.432737988255,0.35997754445,0.35997754445,0.7199550889,1.52655665886e-16,2.63677968348e-16,0.08,105768.82174
2016-10-19,105898.016298,0.00124120534465,0.00122148054769,0,2.08626853312,0,1.97247969562e-05,58885.6001765,0.556738736498,0.323554980556,0.323554980556,0.647109961111,-7.6327832943e-17,0,0.08,105898.016298
2016-10-20,105877.041126,-0.000180340513459,-0.00019806955349,0,1.8774701701,0,1.77290400304e-05,25667.6362651,0.242380708933,0.262881791686,0.262881791686,0.525763583371,-1.5959455979e-16,-1.66533453694e-16,0.08,105877.041126
2016-10-21,105893.16979,0.00016673839757,0.000152333915833,0,1.52510390518,0,1.44044817362e-05,22967.5173537,0.216926324248,0.255405714196,0.255405714196,0.510811428391,-1.04083408559e-16,-1.38777878078e-16,0.08,105893.16979
2016-10-24,105897.082298,7.89321925206e-05,3.69476915569e-05,0,4.44587188909,0,4.19845009637e-05,39089.9411347,0.369145065845,0.259358246977,0.259358246977,0.518716493955,-2.77555756156e-17,-1.38777878078e-17,0.08,105897.082298
2016-10-25,106042.912251,0.00139130272747,0.00137709131667,0,1.50494693835,0,1.42114107933e-05,23740.6740614,0.224186290559,0.295349699955,0.295349699955,0.59069939991,9.71445146547e-17,1.2490009027e-16,0.08,106042.912251
2016-10-26,106175.138979,0.00126310071429,0.00124691716909,0,1.71615026387,0,1.6183545203e-05,38489.3375447,0.362960019937,0.201284952404,0.201284952404,0.402569904807,-2.11636264069e-16,-2.15105711021e-16,0.08,106175.138979
2016-10-27,106252.948295,0.000743868627968,0.000732839315507,0,1.17103878333,0,1.10293124605e-05,24642.8433349,0.232096172155,0.200993133171,0.200993133171,0.401986266342,-6.24500451352e-17,-1.14491749414e-16,0.08,106252.948295
2016-10-28,106251.505561,-2.56496945138e-06,-1.3578291817e-05,0,1.17019797186,0,1.10133223655e-05,31126.9815935,0.292951697746,0.287843021901,0.287843021901,0.575686043802,-5.55111512313e-17,-5.55111512313e-17,0.08,106251.505561
2016-10-31,106171.653434,-0.000704222120361,-0.000751538781495,0,5.02746648366,0,4.73166611344e-05,78786.9929308,0.741514132103,0.5,0.5,1,-1.2490009027e-16,-1.66533453694e-16,0.0766848100554,106171.653434
2016-11-01,106085.223083,-0.000786665139914,-0.000814062400188,0,2.90881242285,0,2.7397260274e-05,52789.5483147,0.497209439687,0.435443753874,0.435443753874,0.870887507748,-4.85722573274e-17,-6.93889390391e-17,0.08,106085.223083
2016-11-02,106208.273278,0.00118377825996,0.00115991832824,0,2.53118617917,0,2.38599317191e-05,32494.1262272,0.306302096397,0.344094256336,0.344094256336,0.688188512672,6.24500451352e-17,2.77555756156e-17,0.08,106208.273278
2016-11-03,105936.816372,-0.00253703780182,-0.00255589228162,0,2.00250174303,0,1.88544797992e-05,30417.755872,0.286397235669,0.252960049595,0.252960049595,0.505920099189,-9.02056207508e-17,-9.71445146547e-17,0.08,105936.816372
2016-11-04,106056.676545,0.0011452915922,0.00113143076757,0,1.46837163415,0,1.38608246353e-05,27272.0772524,0.257437198761,0.20653032385,0.20653032385,0.413060647701,-6.93889390391e-18,0,0.08,106056.676545
2016-11-07,106055.139813,1.94604633402e-05,-1.44897268818e-05,0,3.60064434302,0,3.3950190222e-05,35586.3161337,0.335540555229,0.212857206553,0.212857206553,0.425714413106,-6.93889390391e-17,-6.41847686111e-17,0.08,106055.139813
2016-11-08,106044.894137,-8.49436560428e-05,-9.6607064621e-05,0,1.23696442746,0,1.16634085782e-05,27536.0940478,0.259639411125,0.207591032068,0.207591032068,0.415182064136,-6.59194920871e-17,-1.04083408559e-16,0.08,106044.894137
2016-11-09,106534.034503,0.00462395303735,0.00461257818628,0,1.20624487778,0,1.13748510722e-05,26883.0044369,0.253505882161,0.23351893428,0.23351893428,0.467037868561,6.93889390391e-18,-1.90819582357e-17,0.08,106534.034503
2016-11-10,107051.407961,0.0048692103277,0.00485641476966,0,1.36316242201,0,1.27955580428e-05,98412.6704491,0.923767422387,0.440919379421,0.440919379421,0.881838758841,-2.77555756156e-17,-5.29090660173e-17,0.08,107051.407961
2016-11-11,107030.766913,-0.000168654389945,-0.000192814355941,0,2.58635837613,0,2.41599659957e-05,58526.0881791,0.546710120807,0.406987716679,0.406987716679,0.813975433359,1.94289029309e-16,1.6826817717e-16,0.08,107030.766913
2016-11-14,106132.090502,-0.00832952855403,-0.00839643064444,0,7.160582045,0,6.6902090413e-05,32335.7988221,0.302116856253,0.382397750658,0.382397750658,0.764795501316,5.27355936697e-16,5.79397640976e-16,0.08,106132.090502
2016-11-15,106833.654449,0.0066312437764,0.006610290475,0,2.22381768113,0,2.09533014059e-05,33983.196695,0.320197185736,0.466491544702,0.466491544702,0.932983089405,-3.33066907388e-16,-2.91433543964e-16,0.08,106833.654449
2016-11-16,107071.569015,0.00225252390457,0.00222696272404,0,2.73079432822,0,2.55611805316e-05,23647.4119858,0.221347964813,0.479879410275,0.479879410275,0.95975882055,-7.49400541622e-16,-8.31799906731e-16,0.08,107071.569015
2016-11-17,106996.610699,-0.000673781986803,-0.00070007674901,0,2.81542144636,0,2.62947622069e-05,61170.9204938,0.571308714877,0.424715296751,0.424715296751,0.849430593501,-9.36750677027e-17,-6.24500451352e-17,0.08,106996.610699
2016-11-18,107002.150307,7.50457524693e-05,5.17736814145e-05,0,2.49003272681,0,2.32720710548e-05,53140.5406701,0.496656298952,0.39732920786,0.39732920786,0.79465841572,-1.04083408559e-16,-5.55111512313e-17,0.08,107002.150307
2016-11-21,107188.541789,0.00180725584953,0.0017419414592,0,6.98878021167,0,6.53143903332e-05,31927.9717818,0.298386263174,0.37248511261,0.37248511261,0.74497022522,-1.80411241502e-16,-1.52655665886e-16,0.08,107188.541789
2016-11-22,106893.252581,-0.00273444782775,-0.0027548579709,0,2.18773348268,0,2.04101431567e-05,81875.9660987,0.763849985567,0.435924493825,0.435924493825,0.87184898765,0,1.38777878078e-17,0.08,106893.252581
2016-11-23,106960.193365,0.000650125845894,0.00062623957226,0,2.55328148079,0,2.38862736342e-05,54825.902227,0.512903302158,0.424956778147,0.424956778147,0.849913556294,0,5.55111512313e-17,0.08,106960.193365
2016-11-25,107181.276961,0.00211354139613,0.00206697079031,0,4.98120100411,0,4.65706058243e-05,56372.2671719,0.527039690171,0.240046485934,0.240046485934,0.480092971869,-2.28983498829e-16,-2.22044604925e-16,0.08,107181.276961
2016-11-28,107142.01148,-0.00032688676118,-0.000366346457498,0,4.22934063984,0,3.9459696318e-05,59625.2635737,0.556302978136,0.403209737287,0.403209737287,0.806419474573,0,2.12503625807e-17,0.08,107142.01148
2016-11-29,107344.853817,0.00191530377279,0.00189321008856,0,2.36716176992,0,2.20936842349e-05,50481.187346,0.471161467373,0.246249008422,0.246249008422,0.492498016843,9.71445146547e-17,1.14491749414e-16,0.08,107344.853817
2016-11-30,107390.583655,0.000439501765442,0.00042600866909,0,1.44841445542,0,1.34930963519e-05,55774.4714197,0.519582163808,0.277384534408,0.277384534408,0.554769068816,2.77555756156e-16,1.94289029309e-16,0.08,107390.583655
2016-12-01,107320.049381,-0.000641602138971,-0.000656801291541,0,1.63224586558,0,1.51991525703e-05,69629.8678716,0.648379639087,0.39141449067,0.39141449067,0.78282898134,-2.22044604925e-16,-1.94289029309e-16,0.08,107320.049381
2016-12-02,107696.701045,0.00353105872562,0.00350961135627,0,2.30173273792,0,2.14473693518e-05,61914.198868,0.576911762762,0.333909200213,0.333909200213,0.667818400426,-3.88578058619e-16,-3.88578058619e-16,0.08,107696.701045
2016-12-05,107623.939018,-0.000620730644746,-0.000675619828342,0,5.91138399641,0,5.48891835967e-05,29375.7937319,0.272764099985,0.282387023557,0.282387023557,0.564774047114,-2.08166817117e-16,-2.22044604925e-16,0.08,107623.939018
2016-12-06,107687.423235,0.000605344037829,0.000589870776264,0,1.66529335906,0,1.54732615648e-05,35657.3667442,0.331314455403,0.324239718978,0.324239718978,0.648479437956,-6.66133814775e-16,-7.35522753814e-16,0.08,107687.423235
2016-12-07,107706.626235,0.000196088226026,0.000178321666082,0,1.91323506012,0,1.7766559944e-05,34397.9931732,0.319424424319,0.357671602513,0.357671602513,0.715343205025,-4.99600361081e-16,-3.43475248243e-16,0.08,107706.626235
2016-12-08,107318.83302,-0.00358085984424,-0.00360045828822,0,2.11088227983,0,1.95984439733e-05,57633.8968859,0.535100753781,0.353814984393,0.353814984393,0.707629968787,-5.6898930012e-16,-5.27355936697e-16,0.08,107318.83302
2016-12-09,107608.935613,0.00272257150004,0.00270318437761,0,2.08060335508,0,1.93871224325e-05,52381.3396137,0.488090842394,0.406680323164,0.406680323164,0.813360646328,-2.49800180541e-16,-2.22044604925e-16,0.08,107608.935613
2016-12-12,108155.318784,0.00514434040887,0.00507748884889,0,7.19382521269,0,6.68515599722e-05,37637.3188297,0.349760162715,0.353344213436,0.353344213436,0.706688426872,-1.08246744901e-15,-1.01307850997e-15,0.08,108155.318784
2016-12-13,108515.225729,0.00334704737504,0.00332768604828,0,2.0940304682,0,1.93613267636e-05,68881.1756653,0.636872753369,0.333539233604,0.333539233604,0.667078467208,2.22044604925e-16,2.56739074445e-16,0.08,108515.225729
2016-12-14,108552.446139,0.000361273243707,0.000342997121318,0,1.98323754652,0,1.82761223893e-05,58138.617705,0.535764611042,0.355195741596,0.355195741596,0.710391483191,5.27355936697e-16,4.7878367937e-16,0.08,108552.446139
2016-12-15,108632.528573,0.000757193131204,0.000737730350842,0,2.1127324169,0,1.94627803614e-05,63527.1021887,0.585220365345,0.247836662445,0.247836662445,0.49567332489,8.32667268469e-17,9.71445146547e-17,0.08,108632.528573
2016-12-16,108664.743977,0.000310134020088,0.000296553928995,0,1.47523963368,0,1.35800910929e-05,30838.5766326,0.283879764538,0.267791707127,0.267791707127,0.535583414254,6.24500451352e-17,4.15249432062e-17,0.08,108664.743977
2016-12-19,108699.404733,0.000362990211804,0.000318969657207,0,4.78348229491,0,4.40205545963e-05,37610.9776651,0.346119415449,0.288154124029,0.288154124029,0.576308248057,5.13478148889e-16,5.41233724505e-16,0.08,108699.404733
2016-12-20,108885.706602,0.00172970729418,0.00171391802711,0,1.71628393168,0,1.57892670701e-05,45495.9779307,0.418548547185,0.190270902225,0.190270902225,0.38054180445,3.46944695195e-18,2.77555756156e-17,0.08,108885.706602
2016-12-21,108826.380146,-0.000534424921671,-0.000544850724532,0,1.13522091148,0,1.04258028616e-05,29728.724938,0.273026881725,0.221442935375,0.221442935375,0.442885870751,5.55111512313e-17,1.00613961607e-16,0.08,108826.380146
2016-12-22,108928.173833,0.000947510809991,0.000935376950519,0,1.3204840036,0,1.21338594726e-05,22884.8681828,0.210287874614,0.19780685507,0.19780685507,0.395613710139,4.16333634234e-17,4.16333634234e-17,0.08,108928.173833
2016-12-23,108875.313589,-0.000474437418928,-0.000485276150713,0,1.18064325997,0,1.08387317846e-05,26450.364712,0.242823906628,0.219790021844,0.219790021844,0.439580043689,5.89805981832e-17,5.89805981832e-17,0.08,108875.313589
2016-12-27,108908.540213,0.000353353667575,0.000305180512102,0,5.24486740865,0,4.81731554728e-05,37278.7628426,0.342398672517,0.250885049548,0.250885049548,0.501770099096,-8.32667268469e-17,-4.85722573274e-17,0.08,108908.540213
2016-12-28,108834.258164,-0.0006683118562,-0.000682058982202,0,1.49717942507,0,1.37471260026e-05,51071.9728705,0.468943691384,0.350296857805,0.350296857805,0.700593715611,-3.33066907388e-16,-2.91433543964e-16,0.08,108834.258164
2016-12-29,108832.943801,7.11760045006e-06,-1.20767479228e-05,0,2.08900266611,0,1.91943483729e-05,40188.683734,0.369265012798,0.261594672364,0.261594672364,0.523189344728,-1.80411241502e-16,-1.49186218934e-16,0.08,108832.943801
2016-12-30,108803.839382,-0.000253088915666,-0.000267422870316,0,1.56000648087,0,1.43339546501e-05,56718.9843669,0.521156392414,0,0,0,0,0,0,108803.839382
