date,nav,gross_return,net_return,trading_cost,borrow_cost,trading_cost_return,borrow_cost_return,traded_notional,turnover,long_exposure,short_exposure,gross_exposure,net_exposure,estimated_beta_exposure,max_position,cash
2010-01-04,99975.6212847,0,-0.000243787153143,24.3787153143,0,0.000243787153143,0,48757.4306285,0.487574306285,0.243846599811,0.243846599811,0.487693199622,-1.11022302463e-16,1.38777878078e-17,0.08,99975.6212847
2010-01-05,99966.6267187,0.000177167628999,-8.99675928341e-05,25.3711897525,1.33582001722,0.000253773764309,1.33614575239e-05,50742.3795051,0.507547528618,0.309599085353,0.309599085353,0.619198170707,-1.5959455979e-16,-8.32667268469e-17,0.08,99966.6267187
2010-01-06,100029.369731,0.000821538691036,0.000627639590102,17.6875718552,1.69586718893,0.00017693476749,1.6964333444e-05,35375.1437104,0.353869534979,0.264012467707,0.264012467707,0.528024935414,-2.77555756156e-16,-2.74086309204e-16,0.08,100029.369731
2010-01-07,99955.9860524,-0.000462315780253,-0.000733621326196,25.6914542313,1.44706853402,0.000256839109357,1.44664365867e-05,51382.9084626,0.513678218713,0.423418416763,0.423418416763,0.846836833527,-6.31439345256e-16,-6.66133814775e-16,0.08,99955.9860524
2010-01-08,100002.108761,0.000655411585699,0.000461430175642,17.0705233723,2.31907974577,0.000170780400919,2.32010091377e-05,34141.0467446,0.341560801839,0.344396811773,0.344396811773,0.688793623546,-1.20736753928e-15,-1.19695919842e-15,0.0589541410629,100002.108761
2010-01-11,99633.530594,-0.00345270918442,-0.00368570394338,17.6385303884,5.66143683744,0.000176381584419,5.6613174538e-05,35277.0607768,0.352763168837,0.283412980727,0.283412980727,0.566825961453,-4.75314232418e-16,-3.48679418671e-16,0.0435088878319,99633.530594
2010-01-12,99750.2899854,0.00147206205006,0.00117188852693,28.3600911396,1.54725676088,0.000284644044736,1.5529478396e-05,56720.1822792,0.569288089472,0.444891022197,0.444891022197,0.889782044393,-3.15719672628e-16,-3.05311331772e-16,0.08,99750.2899854
2010-01-13,99774.0913673,0.000503678746564,0.000238609650749,24.0090474764,2.43167169732,0.000240691505558,2.43775902574e-05,48018.0949528,0.481383011116,0.29783687918,0.29783687918,0.59567375836,-2.42861286637e-17,-4.16333634234e-17,0.08,99774.0913673
2010-01-14,99781.2693278,0.000363066351872,7.19421282727e-05,27.4183587753,1.62829610936,0.000274804394603,1.63198289962e-05,54836.7175506,0.549608789207,0.351420441159,0.351420441159,0.702840882317,0,-5.55111512313e-17,0.08,99781.2693278
2010-01-15,99978.9199408,0.00218981957256,0.0019808388328,18.9309838798,1.92137959926,0.000189724825183,1.9255914584e-05,37861.9677596,0.379449650367,0.292109016459,0.292109016459,0.584218032919,8.32667268469e-17,9.36750677027e-17,0.08,99978.9199408
2010-01-19,99878.0108217,-0.000797569364989,-0.00100930395355,14.7679557041,6.40103977438,0.000147710694543,6.40238940185e-05,29535.9114082,0.295421389085,0.27012641368,0.27012641368,0.540252827359,2.08166817117e-16,1.80411241502e-16,0.08,99878.0108217
2010-01-20,99814.6199178,-0.000348977972155,-0.000634683283346,27.0573390468,1.47833911609,0.000270903863866,1.48014473249e-05,54114.6780936,0.541807727732,0.354457723308,0.354457723308,0.708915446617,2.35922392733e-16,3.05311331772e-16,0.08,99814.6199178
2010-01-21,99471.4755555,-0.00324942254235,-0.00343781665102,16.8658527656,1.93863358515,0.000168971767658,1.94223410032e-05,33731.7055313,0.337943535316,0.271930679918,0.271930679918,0.543861359835,2.77555756156e-17,8.67361737988e-18,0.08,99471.4755555
2010-01-22,99571.2811688,0.00123842015255,0.00100335913139,21.8997106762,1.48215594412,0.000220160709932,1.49003112284e-05,43799.4213525,0.440321419863,0.368050660959,0.368050660959,0.736101321918,5.55111512313e-17,6.59194920871e-17,0.08,99571.2811688
2010-01-25,99564.1644619,0.000193138203886,-7.14734891156e-05,20.3235155562,6.02420972822,0.000204110214488,6.05014785138e-05,40647.0311123,0.408220428975,0.348118774602,0.348118774602,0.696237549204,1.38777878078e-16,2.35922392733e-16,0.08,99564.1644619
2010-01-26,99249.3905217,-0.00300355675865,-0.00316151842252,13.8281345082,1.89918657133,0.000138886662515,1.90750013481e-05,27656.2690164,0.27777332503,0.326457786267,0.326457786267,0.652915572534,8.32667268469e-17,1.38777878078e-16,0.08,99249.3905217
2010-01-27,98955.6418697,-0.00276115615164,-0.00295970232635,17.9302040182,1.77538281195,0.00018065807683,1.78880978776e-05,35860.4080365,0.361316153661,0.322040520899,0.322040520899,0.644081041797,1.83880688454e-16,2.8449465006e-16,0.0729242995486,98955.6418697
2010-01-28,99108.1001116,0.00170893091045,0.00154067255803,14.9039364718,1.74617679198,0.000150612296481,1.76460559397e-05,29807.8729436,0.301224592963,0.277441779843,0.277441779843,0.554883559686,1.73472347598e-17,0,0.08,99108.1001116
2010-01-29,98996.2876098,-0.00082462048542,-0.00112818731979,28.5792622004,1.50667001051,0.00028836454506,1.52022893065e-05,57158.5244009,0.57672909012,0.340991659967,0.340991659967,0.681983319934,2.77555756156e-17,2.77555756156e-17,0.0794160852486,98996.2876098
2010-02-01,99316.3467365,0.00348631411326,0.00323304170713,19.5239471213,5.54908083988,0.000197218982577,5.60534235562e-05,39047.8942426,0.394437965154,0.357852586975,0.357852586975,0.715705173951,-1.11022302463e-16,-6.93889390391e-17,0.08,99316.3467365
2010-02-02,99555.0146241,0.00263538950553,0.00240310780122,21.1219395126,1.94743077307,0.000212673343379,1.96083609302e-05,42243.8790252,0.425346686757,0.323063109447,0.323063109447,0.646126218894,-2.77555756156e-17,-1.2490009027e-16,0.08,99555.0146241
2010-02-03,99751.4709522,0.00226190453455,0.00197334437479,26.9652792766,1.76233164852,0.000270858071574,1.77020881889e-05,53930.5585533,0.541716143149,0.354312382999,0.354312382999,0.708624765997,-1.38777878078e-16,-2.08166817117e-16,0.0730454626632,99751.4709522
2010-02-04,99581.5867821,-0.0014121247607,-0.00170307433485,27.0860353164,1.93661267839,0.000271535197003,1.94143771506e-05,54172.0706327,0.543070394006,0.312958917746,0.312958917746,0.625917835491,0,1.73472347598e-17,0.05935525532,99581.5867821
2010-02-05,99593.0763149,0.000387711223659,0.000115378084654,25.411697862,1.70766825352,0.000255184705156,1.71484338491e-05,50823.3957239,0.510369410312,0.287065450316,0.287065450316,0.574130900633,1.5959455979e-16,9.71445146547e-17,0.08,99593.0763149
2010-02-08,99350.4799878,-0.00212489973134,-0.00243587542451,26.2713440843,4.69968185765,0.000263786852023,4.71888411479e-05,52542.6881687,0.527573704045,0.336533112074,0.336533112074,0.673066224148,2.77555756156e-16,3.05311331772e-16,0.08,99350.4799878
2010-02-09,99304.2176095,-0.000205792477778,-0.00046564826235,23.9847571322,1.83203979268,0.000241415614048,1.84401705246e-05,47969.5142644,0.482831228096,0.295053536277,0.295053536277,0.590107072554,1.80411241502e-16,2.49800180541e-16,0.08,99304.2176095
2010-02-10,99321.1575288,0.000364645262587,0.000170586101003,17.66541044,1.60548277112,0.000177891844528,1.61673170563e-05,35330.8208799,0.355783689056,0.287409187156,0.287409187156,0.574818374311,-2.77555756156e-17,2.77555756156e-17,0.0655100526825,99321.1575288
2010-02-11,99287.8190269,-0.000126359728695,-0.000335663645872,19.224153184,1.56415414535,0.000193555468566,1.57484486113e-05,38448.3063679,0.387110937131,0.227122450267,0.227122450267,0.454244900533,4.16333634234e-17,6.93889390391e-17,0.0640020513051,99287.8190269
2010-02-12,99291.0954833,0.000257077694884,3.29995807646e-05,21.0125838049,1.23564343775,0.000211633048352,1.2445065768e-05,42025.1676097,0.423266096704,0.370278631365,0.370278631365,0.74055726273,-5.55111512313e-17,0,0.08,99291.0954833
2010-02-16,99425.7330691,0.00167435633308,0.00135598852186,23.5529252487,8.0581634942,0.000237210850923,8.11569602991e-05,47105.8504973,0.474421701846,0.35038529669,0.35038529669,0.700770593381,-2.77555756156e-17,4.16333634234e-17,0.08,99425.7330691
2010-02-17,99610.5638257,0.00218062401581,0.00185898309147,30.0704907163,1.90889397151,0.000302441730004,1.91991943392e-05,60140.9814327,0.604883460008,0.246120618453,0.246120618453,0.492241236906,-5.55111512313e-17,-4.85722573274e-17,0.0649730288383,99610.5638257
2010-02-18,99518.0926532,-0.000712243031627,-0.000928326965976,20.1808883658,1.3433541684,0.000202597873064,1.34860612851e-05,40361.7767316,0.405195746128,0.264208197522,0.264208197522,0.528416395045,4.16333634234e-17,3.46944695195e-17,0.08,99518.0926532
2010-02-19,99505.004566,5.70436016555e-05,-0.000131514651316,17.3242181894,1.44073950032,0.000174081091463,1.44771615081e-05,34648.4363788,0.348162182926,0.334824735455,0.334824735455,0.669649470911,1.38777878078e-16,1.52655665886e-16,0.08,99505.004566
2010-02-22,99628.52569,0.00147273294179,0.00124135589507,17.5464502271,5.47672386252,0.000176337364173,5.50396825406e-05,35092.9004543,0.352674728345,0.287778461115,0.287778461115,0.57555692223,4.51028103754e-17,4.85722573274e-17,0.0772158813768,99628.52569
2010-02-23,99570.5289688,-0.000410792252922,-0.000582129673772,15.4990840153,1.57101061952,0.000155568738049,1.57686828008e-05,30998.1680306,0.311137476098,0.200369770095,0.200369770095,0.40073954019,9.02056207508e-17,5.89805981832e-17,0.08,99570.5289688
2010-02-24,99362.511726,-0.00193248351155,-0.00208914469994,14.505636082,1.09320131494,0.000145682022906,1.09791654847e-05,29011.2721639,0.291364045811,0.226306312757,0.226306312757,0.452612625514,2.08166817117e-16,1.17961196366e-16,0.08,99362.511726
2010-02-25,99258.9654337,-0.000940533054565,-0.00104210622816,8.86043613727,1.23212951534,8.91728276928e-05,1.24003459045e-05,17720.8722745,0.178345655386,0.175992910257,0.175992910257,0.351985820514,0,-1.38777878078e-17,0.08,99258.9654337
2010-02-26,99238.1212953,-0.000113803791652,-0.000209997538085,8.59089316603,0.957198586068,8.65502992953e-05,9.64344713736e-06,17181.7863321,0.173100598591,0.192736892447,0.192736892447,0.385473784895,3.46944695195e-17,4.16333634234e-17,0.08,99238.1212953
2010-03-01,99280.3143411,0.000625186082251,0.000425169736143,16.7051071651,3.14413925109,0.000168333569268,3.16827768407e-05,33410.2143301,0.336667138535,0.308252566522,0.308252566522,0.616505133045,-2.8449465006e-16,-2.63677968348e-16,0.0741326288833,99280.3143411
2010-03-02,99644.3044067,0.0039048231958,0.00366628639263,22.0051095297,1.67689927128,0.000221646251583,1.68905515903e-05,44010.2190594,0.443292503166,0.252020526262,0.252020526262,0.504041052525,-2.77555756156e-17,1.38777878078e-17,0.073796756216,99644.3044067
2010-03-03,99678.6363095,0.000543272040622,0.00034454455777,18.4260393276,1.3760224677,0.000184918138948,1.38093439048e-05,36852.0786552,0.369836277895,0.266094613639,0.266094613639,0.532189227279,-9.71445146547e-17,-2.77555756156e-17,0.0799278449892,99678.6363095
2010-03-04,99812.7720841,0.00151679432547,0.00134568228033,15.6028482904,1.45336702558,0.000156531518368,1.45805267748e-05,31205.6965808,0.313063036737,0.232015358793,0.232015358793,0.464030717585,-2.77555756156e-16,-1.87350135405e-16,0.0639557700565,99812.7720841
2010-03-05,99659.9263315,-0.00128275765256,-0.00153132459296,23.5412185955,1.26893677409,0.000235853770053,1.27131703448e-05,47082.4371909,0.471707540106,0.350573923203,0.350573923203,0.701147846406,-3.12250225676e-17,5.55111512313e-17,0.0726274500944,99659.9263315
2010-03-08,99551.9802858,-0.000762779163425,-0.00108314394385,26.1842693708,5.74326104551,0.000262736190309,5.76285901156e-05,52368.5387415,0.525472380617,0.5,0.5,1,-5.55111512313e-17,-2.77555756156e-17,0.0727264318875,99551.9802858
2010-03-09,99452.5862606,-0.000766841469286,-0.000998413340922,20.3259868851,2.72745151468,0.000204174611361,2.7397260274e-05,40651.9737702,0.408349222722,0.455587370951,0.455587370951,0.911174741902,-2.08166817117e-17,-1.38777878078e-17,0.08,99452.5862606
2010-03-10,99357.0745558,-0.000727068236115,-0.000960374268866,20.7201846591,2.48270368815,0.000208342341191,2.4963691559e-05,41440.3693182,0.416684682383,0.310925270324,0.310925270324,0.621850540647,-1.11022302463e-16,-8.32667268469e-17,0.08,99357.0745558
2010-03-11,99463.1733755,0.00126815600344,0.00106785370037,18.2087042705,1.69274658985,0.000183265301961,1.70370011136e-05,36417.4085409,0.366530603923,0.373308261529,0.373308261529,0.746616523058,5.89805981832e-17,8.32667268469e-17,0.08,99463.1733755
2010-03-12,99249.5355682,-0.00191378732383,-0.00214790861826,21.2519030995,2.03454379939,0.000213666047224,2.04552472071e-05,42503.806199,0.427332094448,0.369146536913,0.369146536913,0.738293073825,-1.31838984174e-16,-6.93889390391e-17,0.0742311762826,99249.5355682
2010-03-15,99352.2925204,0.00131163227712,0.00103533937605,21.3993192611,6.02262285126,0.000215611278567,6.06816225062e-05,42798.6385221,0.431222557135,0.334122771066,0.334122771066,0.668245542133,-6.93889390391e-18,6.93889390391e-18,0.08,99352.2925204
2010-03-16,99183.2858621,-0.00145751786139,-0.00170108463549,22.3799659752,1.81895141308,0.000225258677052,1.83080970447e-05,44759.9319504,0.450517354103,0.291567385288,0.291567385288,0.583134770575,1.66533453694e-16,1.52655665886e-16,0.08,99183.2858621
2010-03-17,99164.1953287,-2.86962316645e-06,-0.000192477324152,17.2213333662,1.58458144236,0.000173631405902,1.59762950843e-05,34442.6667324,0.347262811803,0.355457872168,0.355457872168,0.710915744337,8.32667268469e-17,8.32667268469e-17,0.0768680451647,99164.1953287
2010-03-18,99330.0410121,0.00189577620341,0.00167243512504,20.2160030396,1.93143528037,0.000203863934685,1.94771436805e-05,40432.0060792,0.40772786937,0.423464345839,0.423464345839,0.846928691679,4.16333634234e-17,2.08166817117e-17,0.0794114755353,99330.0410121
2010-03-19,99575.450768,0.00269721974741,0.00247064990012,20.2003850548,2.30480716928,0.000203366321497,2.32035257994e-05,40400.7701096,0.406732642994,0.418023696306,0.418023696306,0.836047392612,1.52655665886e-16,9.71445146547e-17,0.08,99575.450768
2010-03-22,99674.7983717,0.00135864937851,0.000997711815073,29.0980715938,6.84244898488,0.00029222133939,6.87162240503e-05,58196.1431876,0.58444267878,0.320065023299,0.320065023299,0.640130046599,2.77555756156e-17,-8.32667268469e-17,0.08,99674.7983717
2010-03-23,99753.2934524,0.00104778031869,0.000787511807624,24.194133738,1.74807762538,0.000242730701574,1.75378094959e-05,48388.267476,0.485461403148,0.271050059827,0.271050059827,0.542100119655,1.11022302463e-16,5.55111512313e-17,0.08,99753.2934524
2010-03-24,99742.1788835,0.000130342651287,-0.000111420569966,22.6351358484,1.4815417073,0.000226911163181,1.48520580727e-05,45270.2716967,0.453822326361,0.208394223555,0.208394223555,0.41678844711,4.16333634234e-17,5.55111512313e-17,0.08,99742.1788835
2010-03-25,99497.7864245,-0.00230581323742,-0.00245024183123,13.2666805077,1.13894213283,0.000133009732253,1.14188615647e-05,26533.3610153,0.266019464507,0.204706344749,0.204706344749,0.409412689498,5.55111512313e-17,6.93889390391e-17,0.08,99497.7864245
2010-03-26,99578.2029917,0.00092676409113,0.000808224686561,10.6783629795,1.11604537915,0.000107322618555,1.12167860136e-05,21356.725959,0.21464523711,0.257741659954,0.257741659954,0.515483319909,-2.77555756156e-17,-2.77555756156e-17,0.08,99578.2029917
2010-03-29,99873.9179137,0.00317659766402,0.00296967522047,16.3859867854,4.21897830154,0.000164553951499,4.23684920473e-05,32771.9735709,0.329107902998,0.361941334993,0.361941334993,0.723882669985,-6.93889390391e-18,0,0.08,99873.9179137
2010-03-30,99847.0504031,1.87492881954e-06,-0.000269014284708,25.0740273944,1.98073968113,0.00025105681161,1.98324019174e-05,50148.0547889,0.502113623221,0.378924103142,0.378924103142,0.757848206284,-2.35922392733e-16,-1.52655665886e-16,0.08,99847.0504031
2010-03-31,99664.6028295,-0.0015840118123,-0.00182727053836,22.2155455126,2.07312076851,0.000222495761497,2.07629645557e-05,44431.0910252,0.444991522993,0.33370714098,0.33370714098,0.667414281961,5.55111512313e-17,1.12757025938e-16,0.0684066001809,99664.6028295
2010-04-01,99512.8259145,-0.00126803944017,-0.00152287683665,23.5758684721,1.82239943382,0.000236552073683,1.82853227934e-05,47151.7369442,0.473104147365,0.26840658309,0.26840658309,0.53681316618,0,3.46944695195e-17,0.08,99512.8259145
2010-04-05,99526.3709596,0.000373142373243,0.000136113561307,17.7331827724,5.85422412654,0.000178199971807,5.88288401293e-05,35466.3655448,0.356399943615,0.27421892919,0.27421892919,0.54843785838,-2.77555756156e-17,3.46944695195e-18,0.08,99526.3709596
2010-04-06,99485.2597242,-0.000248285805549,-0.000413068767026,14.9047972822,1.49545286963,0.000149757266727,1.50256947501e-05,29809.5945644,0.299514533454,0.289133850996,0.289133850996,0.578267701992,2.77555756156e-17,2.77555756156e-17,0.08,99485.2597242
2010-04-07,99668.8566832,0.00202173157649,0.00184546896106,15.9593920067,1.57614006912,0.000160419664692,1.58429507395e-05,31918.7840134,0.320839329383,0.332805156835,0.332805156835,0.665610313669,-2.49800180541e-16,-1.35308431126e-16,0.08,99668.8566832
2010-04-08,99845.9208373,0.00194631567072,0.00177652438308,15.10535231,1.81755120438,0.000151555388641,1.82358990046e-05,30210.70462,0.303110777281,0.276637712381,0.276637712381,0.553275424761,-6.10622663544e-16,-6.24500451352e-16,0.0766764458104,99845.9208373
2010-04-09,99698.5256298,-0.00116706693013,-0.00147622663259,29.3548476642,1.51348751403,0.000294001471647,1.51582308154e-05,58709.6953283,0.588002943295,0.327679485877,0.327679485877,0.655358971754,4.16333634234e-17,-4.16333634234e-17,0.0728111844709,99698.5256298
2010-04-12,99610.8707531,-0.00064492400669,-0.00087919932735,17.9866309181,5.37027314319,0.000180410199694,5.38651209661e-05,35973.2618362,0.360820399388,0.281592206008,0.281592206008,0.563184412017,-2.49800180541e-16,-2.74086309204e-16,0.08,99610.8707531
2010-04-13,99563.9372001,-0.000279238043343,-0.000471168986929,17.5814415747,1.53696684043,0.000176501233668,1.54297099183e-05,35162.8831493,0.353002467336,0.31674664177,0.31674664177,0.63349328354,-1.38777878078e-16,-1.71737624122e-16,0.08,99563.9372001
2010-04-14,99330.1043585,-0.00214365782275,-0.00234856965373,18.673798931,1.7280297397,0.000187555850604,1.73559803709e-05,37347.5978621,0.375111701208,0.303751498496,0.303751498496,0.607502996993,0,1.73472347598e-18,0.08,99330.1043585
2010-04-15,99145.1115796,-0.00173081452381,-0.00186240395259,11.4175496082,1.65324208464,0.00011494551105,1.66439177258e-05,22835.0992163,0.2298910221,0.260114418639,0.260114418639,0.520228837279,-8.32667268469e-17,-9.71445146547e-17,0.08,99145.1115796
2010-04-16,99276.0217798,0.00145551836149,0.00132038986234,11.9842302323,1.41309989367,0.000120875654294,1.42528448569e-05,23968.4604646,0.241751308589,0.287158181145,0.287158181145,0.57431636229,-2.49800180541e-16,-2.49800180541e-16,0.08,99276.0217798
2010-04-19,99182.9686843,-0.00072142347466,-0.000937316925076,16.7468091576,4.68623372805,0.000168689365845,4.72040845718e-05,33493.6183152,0.337378731689,0.278614622205,0.278614622205,0.557229244409,4.16333634234e-17,5.55111512313e-17,0.08,99182.9686843
2010-04-20,98972.5094188,-0.00196775361023,-0.00212192948388,13.7774386379,1.51418221091,0.000138909319016,1.52665546414e-05,27554.8772758,0.277818638032,0.334631265059,0.334631265059,0.669262530117,1.52655665886e-16,1.2490009027e-16,0.08,98972.5094188
2010-04-21,98792.1444014,-0.00159075113659,-0.00182237490425,21.1096295789,1.814755947,0.000213287807927,1.83359597292e-05,42219.2591579,0.426575615853,0.259883805916,0.259883805916,0.519767611832,-4.16333634234e-17,1.38777878078e-17,0.08,98792.1444014
2010-04-22,98607.0492828,-0.0016877304623,-0.00187358134278,16.9537862833,1.40682073872,0.000171610671941,1.42402085433e-05,33907.5725665,0.343221343883,0.296649867985,0.296649867985,0.59329973597,2.22044604925e-16,2.77555756156e-16,0.08,98607.0492828
2010-04-23,98279.3747471,-0.00311016005084,-0.00332303357771,19.3879937434,1.60283661108,0.000196618739577,1.62547872868e-05,38775.9874868,0.393237479154,0.358323998148,0.358323998148,0.716647996296,1.66533453694e-16,2.25514051877e-16,0.08,98279.3747471
2010-04-26,97982.9281334,-0.00267939755333,-0.0030163665005,27.328189191,5.78890824573,0.000278066372129,5.8902575038e-05,54656.3783821,0.556132744258,0.37529392989,0.37529392989,0.75058785978,-1.38777878078e-16,-7.2858385991e-17,0.08,97982.9281334
2010-04-27,98217.7189226,0.00256209453082,0.0023962418112,14.2358091808,2.01492592665,0.000145288668669,2.05640509529e-05,28471.6183616,0.290577337339,0.357495298714,0.357495298714,0.714990597428,-2.77555756156e-16,-1.17961196366e-16,0.08,98217.7189226
2010-04-28,98648.2476001,0.00458938517567,0.0043834114891,18.3063000214,1.92396563097,0.000186384903072,1.95887834912e-05,36612.6000428,0.372769806145,0.232959225491,0.232959225491,0.465918450982,-2.77555756156e-17,1.4224732503e-16,0.08,98648.2476001
2010-04-29,98504.2393776,-0.00123787455211,-0.001459815314,20.6348332933,1.25923393737,0.000209175872814,1.2764889068e-05,41269.6665866,0.418351745627,0.310544223561,0.310544223561,0.621088447122,-9.71445146547e-17,-1.19695919842e-16,0.08,98504.2393776
2010-04-30,98483.5381744,4.73249208388e-05,-0.000210155454213,23.6867483602,1.6761601389,0.000240464253213,1.70161218389e-05,47373.4967204,0.480928506425,0.316736677346,0.316736677346,0.633473354693,-6.93889390391e-17,-9.02056207508e-17,0.08,98483.5381744
2010-05-03,98715.9711228,0.00267656437851,0.00236011979992,26.0369079842,5.12767375146,0.000264378275464,5.20663031254e-05,52073.8159683,0.528756550928,0.197896559091,0.197896559091,0.395793118183,1.38777878078e-17,0,0.08,98715.9711228
2010-05-04,98779.2956037,0.000858330611202,0.000641481617456,20.3360178532,1.07044115137,0.000206005346672,1.08436470735e-05,40672.0357065,0.412010693344,0.301374600187,0.301374600187,0.602749200374,0,-2.77555756156e-17,0.08,98779.2956037
2010-05-05,98857.5472866,0.00105181306705,0.000792187092028,24.0144615786,1.63120935448,0.000243112298299,1.65136767226e-05,48028.9231572,0.486224596599,0.310052808745,0.310052808745,0.62010561749,2.77555756156e-17,3.46944695195e-18,0.0755117873605,98857.5472866
2010-05-06,98809.1293891,-0.000315091998636,-0.000489774416301,15.5891652164,1.67951014805,0.000157693222665,1.69891949997e-05,31178.3304328,0.31538644533,0.275448340721,0.275448340721,0.550896681442,8.32667268469e-17,1.04083408559e-16,0.0757876212329,98809.1293891
2010-05-07,98755.709361,-0.000403850797661,-0.000540638586457,12.0245502267,1.49133209525,0.00012169472903,1.50930597655e-05,24049.1004534,0.24338945806,0.259511282787,0.259511282787,0.519022565574,8.32667268469e-17,7.6327832943e-17,0.08,98755.709361
2010-05-10,98712.4843759,-0.000190236695352,-0.000437696062046,20.2251670791,4.21285821679,0.000204799977742,4.26593889513e-05,40450.3341582,0.409599955485,0.386486601223,0.386486601223,0.772973202446,1.66533453694e-16,1.5959455979e-16,0.08,98712.4843759
2010-05-11,98892.0650337,0.00207870013496,0.00181922944085,23.5225282045,2.09046863478,0.000238293346107,2.11773480122e-05,47045.0564089,0.476586692213,0.319500186711,0.319500186711,0.639000373421,0,6.93889390391e-17,0.0696062543053,98892.0650337
2010-05-12,98831.5411645,-0.000395283820718,-0.000612019469837,19.7021464151,1.73128949274,0.000199228789573,1.75068595458e-05,39404.2928301,0.398457579147,0.35873498644,0.35873498644,0.717469972879,-2.77555756156e-17,5.89805981832e-17,0.08,98831.5411645
2010-05-13,99052.3980475,0.00246139019637,0.00223468014731,20.4634004459,1.94270310024,0.000207053337475,1.96567115857e-05,40926.8008918,0.41410667495,0.305064296441,0.305064296441,0.610128592882,-1.21430643318e-16,-6.93889390391e-17,0.08,99052.3980475
2010-05-14,98940.3890745,-0.000955807758912,-0.00113080526258,15.6781771783,1.65574521212,0.000158281651806,1.67158518598e-05,31356.3543567,0.316563303613,0.27515258958,0.27515258958,0.550305179159,-2.77555756156e-17,-4.85722573274e-17,0.08,98940.3890745
2010-05-17,98947.0115123,0.000275324840354,6.69336138996e-05,16.1431795564,4.47512946869,0.000163160663784,4.52305626706e-05,32286.3591129,0.326321327568,0.216929127115,0.216929127115,0.433858254231,0,5.89805981832e-17,0.08,98947.0115123
2010-05-18,98856.1125838,-0.000748715049418,-0.00091866269723,15.6396754898,1.17613637469,0.000158061120298,1.18865275132e-05,31279.3509796,0.316122240597,0.262967813947,0.262967813947,0.525935627893,6.24500451352e-17,1.17961196366e-16,0.08,98856.1125838
2010-05-19,98958.3053286,0.00118894019383,0.00103375241189,13.9168238113,1.42443703131,0.00014077858665,1.44091952847e-05,27833.6476226,0.2815571733,0.292564055082,0.292564055082,0.585128110164,1.80411241502e-16,2.15105711021e-16,0.0791741717253,98958.3053286
2010-05-20,98975.1476455,0.000421896440199,0.00017019609287,23.32144842,1.58639140225,0.000235669440201,1.60309071278e-05,46642.89684,0.471338880402,0.35299978141,0.35299978141,0.70599956282,1.17961196366e-16,1.11022302463e-16,0.08,98975.1476455
2010-05-21,99017.5152514,0.000599186750865,0.000428063072695,15.0225690942,1.91442221829,0.000151781224394,1.93424537759e-05,30045.1381884,0.303562448787,0.325874258446,0.325874258446,0.651748516892,6.24500451352e-17,1.17961196366e-16,0.08,99017.5152514
2010-05-24,98708.4477498,-0.00284200184738,-0.00312134172163,22.3553332408,5.30420701737,0.000225771502992,5.35683712514e-05,44710.6664817,0.451543005984,0.423499345563,0.423499345563,0.846998691127,-1.11022302463e-16,-4.16333634234e-17,0.08,98708.4477498
2010-05-25,98576.0316147,-0.00113609652618,-0.00134148736125,17.9832371954,2.29057331636,0.000182185391477,2.32054435925e-05,35966.4743908,0.364370782954,0.330279098885,0.330279098885,0.66055819777,-5.55111512313e-17,-4.16333634234e-17,0.08,98576.0316147
2010-05-26,98191.7941195,-0.00374357385186,-0.00389787952391,13.4268625651,1.78397824073,0.000136208187175,1.80974848704e-05,26853.7251302,0.272416374349,0.314164546128,0.314164546128,0.628329092256,-6.93889390391e-17,-4.16333634234e-17,0.08,98191.7941195
2010-05-27,98178.1127446,1.29119405115e-05,-0.000139333180648,13.2588993771,1.69032221551,0.000135030625481,1.72144956782e-05,26517.7987542,0.270061250963,0.220767720305,0.220767720305,0.44153544061,-2.42861286637e-16,-1.80411241502e-16,0.08,98178.1127446
2010-05-28,98099.7100616,-0.00066679178609,-0.000798575983797,11.7506767993,1.18764702107,0.00011968733632,1.20968613866e-05,23501.3535987,0.23937467264,0.242227501783,0.242227501783,0.484455003567,-1.38777878078e-16,-1.11022302463e-16,0.08,98099.7100616
2010-06-01,97972.1841951,-0.00104045756249,-0.00129996170666,20.2490735893,5.20820771373,0.000206413184876,5.3090959295e-05,40498.1471785,0.412826369753,0.31749139107,0.31749139107,0.63498278214,1.38777878078e-17,8.32667268469e-17,0.08,97972.1841951
2010-06-02,98341.7131866,0.00394431905637,0.00377177455539,15.2001602587,1.7044013724,0.00015514771242,1.73967885518e-05,30400.3205173,0.31029542484,0.27270452509,0.27270452509,0.54540905018,2.08166817117e-17,9.71445146547e-17,0.0729002321926,98341.7131866
2010-06-03,98536.4651096,0.00218071547227,0.00198035926754,18.2338803555,1.46949206527,0.000185413491027,1.49427137036e-05,36467.760711,0.370826982054,0.327751013384,0.327751013384,0.655502026767,1.38777878078e-16,1.66533453694e-16,0.08,98536.4651096
2010-06-04,98600.6796673,0.000931606978591,0.000651683187411,25.8130884833,1.76961239972,0.000261964831543,1.79589596375e-05,51626.1769666,0.523929663086,0.316670895025,0.316670895025,0.63334179005,1.80411241502e-16,1.52655665886e-16,0.0787744397988,98600.6796673
2010-06-07,98430.1573448,-0.0013632586733,-0.00172942339805,30.9713840754,5.1327066543,0.000314109235149,5.20554895931e-05,61942.7681508,0.628218470297,0.306244415108,0.306244415108,0.612488830217,1.11022302463e-16,1.90819582357e-16,0.0591313821022,98430.1573448
2010-06-08,98615.5335255,0.00206175204956,0.00188332707877,15.9106891292,1.65170882001,0.000161644454894,1.67805158964e-05,31821.3782583,0.323288909788,0.229903479366,0.229903479366,0.459806958732,2.77555756156e-17,6.93889390391e-18,0.0517572337654,98615.5335255
2010-06-09,98652.2433941,0.000620414938999,0.000372252395298,23.2303773042,1.24230434395,0.000235565092777,1.25974509242e-05,46460.7546083,0.471130185553,0.304846871878,0.304846871878,0.609693743756,4.16333634234e-17,-2.08166817117e-17,0.0751249854569,98652.2433941
2010-06-10,98433.496328,-0.0020523176249,-0.00221735521211,14.6334472473,1.64788097547,0.000148333649027,1.67039381851e-05,29266.8944947,0.296667298054,0.304127211259,0.304127211259,0.608254422517,-1.38777878078e-17,-3.46944695195e-17,0.0685904483254,98433.496328
2010-06-11,98580.4561654,0.00170576502053,0.00149298605533,19.3042320243,1.6403454648,0.000196114460467,1.66645047265e-05,38608.4640485,0.392228920934,0.224306966136,0.224306966136,0.448613932272,-1.38777878078e-17,-4.16333634234e-17,0.08,98580.4561654
2010-06-14,98492.5442969,-0.000646644073468,-0.000891777862517,20.5305049033,3.63489584264,0.000208261411054,3.68723779949e-05,41061.0098067,0.416522822108,0.347819191045,0.347819191045,0.69563838209,5.55111512313e-17,-3.46944695195e-17,0.077665129304,98492.5442969
2010-06-15,98516.2695391,0.000400971632817,0.00024088363613,13.8903454978,1.8771286072,0.000141029410876,1.90585858107e-05,27780.6909957,0.282058821751,0.3295836969,0.3295836969,0.6591673938,-4.16333634234e-17,-9.36750677027e-17,0.0536785198239,98516.2695391
2010-06-16,98613.8249735,0.00128729966704,0.000990246938845,27.4853838257,1.77914281203,0.000278993347539,1.80593806521e-05,54970.7676515,0.557986695077,0.460995586028,0.460995586028,0.921991172057,5.55111512313e-17,1.38777878078e-17,0.0720824531905,98613.8249735
2010-06-17,98458.0582573,-0.00127300810002,-0.00157956266462,27.7395297936,2.49098838543,0.000281294532497,2.52600321111e-05,55479.0595873,0.562589064994,0.381852863324,0.381852863324,0.763705726649,-3.33066907388e-16,-2.77555756156e-16,0.065256725116,98458.0582573
2010-06-18,98530.6944845,0.0010211481415,0.000737737757974,25.8439543275,2.060081724,0.000262486938956,2.09234445657e-05,51687.908655,0.524973877912,0.285808322312,0.285808322312,0.571616644624,-4.16333634234e-17,5.20417042793e-18,0.08,98530.6944845
2010-06-21,98622.6611867,0.00129610106204,0.000933381244559,31.1098477135,4.62918780605,0.000315737627511,4.69821899691e-05,62219.6954271,0.631475255022,0.253501082976,0.253501082976,0.507002165952,-1.80411241502e-16,-1.11022302463e-16,0.0672096383819,98622.6611867
2010-06-22,98389.2528552,-0.00218457607031,-0.00236668052512,16.5897108013,1.36991514613,0.000168213984511,1.38904703001e-05,33179.4216027,0.336427969023,0.287891511842,0.287891511842,0.575783023684,-2.15105711021e-16,-8.32667268469e-17,0.08,98389.2528552
2010-06-23,98627.5232398,0.00261351435493,0.00242171149571,17.3192616169,1.55207839745,0.00017602798186,1.57748773612e-05,34638.5232337,0.352055963721,0.253655545941,0.253655545941,0.507311091882,-3.53883589099e-16,-2.77555756156e-16,0.0687032235318,98627.5232398
2010-06-24,98297.3604088,-0.00306859714786,-0.00334757297135,26.1438770761,1.37081743848,0.000265076889466,1.38989340242e-05,52287.7541522,0.530153778931,0.399548194157,0.399548194157,0.799096388313,-4.16333634234e-17,5.55111512313e-17,0.0728782627616,98297.3604088
2010-06-25,98346.101408,0.000711810629504,0.000495852573901,19.0760776279,2.15202919681,0.000194065003868,2.18930517346e-05,38152.1552559,0.388130007736,0.309493926772,0.309493926772,0.618987853544,-2.77555756156e-17,8.32667268469e-17,0.0792562844115,98346.101408
2010-06-28,98026.7767546,-0.00296091753863,-0.0032469477573,23.1265287634,5.00342812725,0.000235154504676,5.08757139899e-05,46253.0575267,0.470309009351,0.357230981595,0.357230981595,0.714461963191,-1.11022302463e-16,-4.85722573274e-17,0.0728355109643,98026.7767546
2010-06-29,97999.9694721,-0.000141374487999,-0.000273468977789,11.0299914894,1.91880557165,0.000112520189428,1.95743003614e-05,22059.9829789,0.225040378856,0.332566792803,0.332566792803,0.665133585605,0,-2.08166817117e-17,0.08,97999.9694721
2010-06-30,98080.198334,0.00095368602809,0.000818662110906,11.4465021981,1.78583756395,0.000116801079223,1.82228379618e-05,22893.0043962,0.233602158445,0.318652235742,0.318652235742,0.637304471484,0,5.55111512313e-17,0.0720256260605,98080.198334
2010-07-01,98144.384372,0.000807973251596,0.000654424023051,13.3476196401,1.71251914965,0.000136088832066,1.7460396479e-05,26695.2392802,0.272177664132,0.297858243708,0.297858243708,0.595716487416,0,1.90819582357e-17,0.0752997135637,98144.384372
2010-07-02,98184.2240421,0.000659427191228,0.00040592918699,23.277591102,1.6018144635,0.000237177004583,1.63209996552e-05,46555.1822039,0.474354009165,0.403918797527,0.403918797527,0.807837595054,2.77555756156e-17,1.38777878078e-17,0.08,98184.2240421
2010-07-06,98319.3993426,0.0017618662595,0.00137675173176,29.1199072466,8.69226382711,0.000296584380339,8.85301474031e-05,58239.8144931,0.593168760677,0.307537263454,0.307537263454,0.615074526908,1.52655665886e-16,1.38777878078e-16,0.08,98319.3993426
2010-07-07,98197.3653502,-0.000966702183207,-0.00124119953133,25.3315991002,1.65681528867,0.000257645991224,1.68513569016e-05,50663.1982004,0.515291982448,0.357899973656,0.357899973656,0.715799947313,2.91433543964e-16,2.56739074445e-16,0.0717764063568,98197.3653502
2010-07-08,98341.2945386,0.00166286976416,0.0014657133401,17.4344970508,1.92574435463,0.000177545466608,1.96109574606e-05,34868.9941015,0.355090933216,0.265662469058,0.265662469058,0.531324938116,0,-2.77555756156e-17,0.08,98341.2945386
2010-07-09,98586.6035467,0.00262483148501,0.00249446592299,11.3887788933,1.43153923931,0.000115808714403,1.45568476196e-05,22777.5577866,0.231617428807,0.245032777979,0.245032777979,0.490065555959,6.24500451352e-17,5.89805981832e-17,0.08,98586.6035467
2010-07-12,98400.5626924,-0.00164024680969,-0.00188708047074,20.3634869129,3.97100537073,0.000206554300284,4.02793607637e-05,40726.9738259,0.413108600568,0.259740803128,0.259740803128,0.519481606256,1.38777878078e-17,-1.04083408559e-17,0.08,98400.5626924
2010-07-13,98278.8481564,-0.00106693885349,-0.00123692926804,15.3266789551,1.40047348942,0.000155758041781,1.42323727741e-05,30653.3579103,0.311516083562,0.270332821941,0.270332821941,0.540665643882,-6.24500451352e-17,-8.67361737988e-17,0.0657919218432,98278.8481564
2010-07-14,98162.9027221,-0.0009962752589,-0.00117975980121,16.5768687411,1.45578073201,0.000168671784947,1.48127573666e-05,33153.7374822,0.337343569895,0.30245822118,0.30245822118,0.604916442361,-8.32667268469e-17,-1.26634813746e-16,0.0693225751214,98162.9027221
2010-07-15,98331.4558923,0.00187941525976,0.00171707605974,14.3088280891,1.62685901059,0.000145766146806,1.65730532154e-05,28617.6561783,0.291532293613,0.358986162175,0.358986162175,0.71797232435,-2.77555756156e-17,-1.38777878078e-16,0.0789138436658,98331.4558923
2010-07-16,98716.4952356,0.00412088766979,0.00391572910038,18.2393144091,1.93422640942,0.000185488094767,1.96704746397e-05,36478.6288182,0.370976189534,0.33761541804,0.33761541804,0.67523083608,-9.02056207508e-17,-7.97972798949e-17,0.0657082653724,98716.4952356
2010-07-19,98545.7763179,-0.00142949409865,-0.00172938592817,24.1256603646,5.47860999558,0.000244393404638,5.54984248833e-05,48251.3207292,0.488786809277,0.299801810796,0.299801810796,0.599603621591,1.45716771982e-16,1.07552855511e-16,0.0615578853165,98545.7763179
2010-07-20,98573.3548045,0.000444351724863,0.000279854577868,14.5916386589,1.61886039377,0.000148069650513,1.64274964819e-05,29183.2773179,0.296139301027,0.302943489107,0.302943489107,0.605886978213,5.55111512313e-17,9.02056207508e-17,0.08,98573.3548045
2010-07-21,98556.9590305,5.84099010514e-05,-0.000166330689219,20.5171514211,1.6362825226,0.000208140947032,1.65996432387e-05,41034.3028422,0.416281894064,0.304772273425,0.304772273425,0.609544546851,1.11022302463e-16,1.52655665886e-16,0.08,98556.9590305
2010-07-22,98656.6374992,0.00116135289515,0.00101137930551,13.135054439,1.64588649127,0.000133273739046,1.66998505987e-05,26270.108878,0.266547478092,0.27768158204,0.27768158204,0.555363164079,1.73472347598e-16,2.01227923213e-16,0.0793988664638,98656.6374992
2010-07-23,98868.6005652,0.00230046111855,0.00214849270491,13.4915896176,1.50110307833,0.000136752984489,1.52154291529e-05,26983.1792352,0.273505968977,0.255469230411,0.255469230411,0.510938460822,0,6.07153216592e-17,0.0698910982365,98868.6005652
2010-07-26,98940.986151,0.000931744602151,0.000732139278194,15.5827179001,4.15198114491,0.000157610381972,4.19949419854e-05,31165.4358002,0.315220763944,0.282215959196,0.282215959196,0.564431918392,-2.77555756156e-17,3.46944695195e-18,0.0671354482086,98940.986151
2010-07-27,98883.5279304,-0.000420250783549,-0.000580732241541,14.3481813669,1.53001234578,0.000145017569817,1.54638881751e-05,28696.3627338,0.290035139634,0.273782136054,0.273782136054,0.547564272109,-1.38777878078e-17,1.38777878078e-17,0.0639915425263,98883.5279304
2010-07-28,98905.3453042,0.000522773878413,0.000220637089385,28.3929245757,1.48342704095,0.000287135028148,1.50017608797e-05,56785.8491514,0.574270056297,0.404055583881,0.404055583881,0.808111167761,-1.66533453694e-16,-1.38777878078e-16,0.08,98905.3453042
2010-07-29,99169.6009595,0.00293125639654,0.00267180357677,23.4715032207,2.18976750936,0.000237312787782,2.21400319935e-05,46943.0064413,0.474625575564,0.338023954317,0.338023954317,0.676047908634,-5.55111512313e-17,-2.77555756156e-17,0.08,99169.6009595
2010-07-30,99022.5248045,-0.00120532272057,-0.00148307700735,25.7079762681,1.83680551586,0.000259232426262,1.85218605105e-05,51415.9525363,0.518464852523,0.273617620313,0.273617620313,0.547235240625,-2.77555756156e-17,-1.21430643318e-17,0.08,99022.5248045
2010-08-02,98910.8858852,-0.00091896947627,-0.0011274093392,16.1863827144,4.45385878263,0.000163461623973,4.49782389555e-05,32372.7654289,0.326923247946,0.246686824742,0.246686824742,0.493373649483,-1.5959455979e-16,-1.64798730218e-16,0.08,98910.8858852
2010-08-03,98593.8633888,-0.00301524926106,-0.00320513251504,17.4445338875,1.33698697926,0.000176366167701,1.35170862872e-05,34889.067775,0.352732335402,0.283882852982,0.283882852982,0.567765705964,-8.32667268469e-17,-4.16333634234e-17,0.08,98593.8633888
2010-08-04,98662.8321184,0.000882337971533,0.000699523552274,16.490730167,1.53364971098,0.000167259194438,1.55552248209e-05,32981.4603339,0.334518388876,0.329453056648,0.329453056648,0.658906113295,3.81639164715e-17,0,0.08,98662.8321184
2010-08-05,98562.0456123,-0.000863186073178,-0.00102152455904,13.8410400725,1.78108337638,0.000140286263584,1.80522222821e-05,27682.0801451,0.280572527169,0.286349292429,0.286349292429,0.572698584859,4.85722573274e-17,7.6327832943e-17,0.0717063769581,98562.0456123
2010-08-06,98661.66954,0.00116734825875,0.00101077374248,13.8858294355,1.54647517926,0.000140884144087,1.56903721879e-05,27771.6588711,0.281768288174,0.229974780143,0.229974780143,0.459949560286,1.45716771982e-16,7.4593109467e-17,0.0571691824506,98661.66954
2010-08-09,98650.5903315,5.04556099286e-05,-0.000112294962154,12.3274301584,3.72981300181,0.000124946498634,3.78040734482e-05,24654.8603168,0.249892997268,0.221670170031,0.221670170031,0.443340340062,2.91433543964e-16,2.53269627493e-16,0.0512085398802,98650.5903315
2010-08-10,98506.0815336,-0.0012451103,-0.0014648548724,20.479691069,1.19824071959,0.000207598261705,1.21463106866e-05,40959.3821379,0.415196523409,0.337801732997,0.337801732997,0.675603465994,-1.2490009027e-16,-1.52655665886e-16,0.065199103158,98506.0815336
2010-08-11,98748.2487032,0.00267512597668,0.00245839815927,19.5256916111,1.82331644125,0.00019821813341,1.85096839998e-05,39051.3832222,0.396436266819,0.298072385,0.298072385,0.59614477,2.35922392733e-16,2.08166817117e-16,0.0727316958344,98748.2487032
2010-08-12,98624.7387685,-0.00103102058406,-0.00125075569733,20.0856287918,1.61282882222,0.000203402379846,1.63327334247e-05,40171.2575836,0.406804759691,0.310379490472,0.310379490472,0.620758980944,2.08166817117e-16,1.70002900646e-16,0.08,98624.7387685
2010-08-13,98669.6670165,0.000665473150365,0.000455547447099,19.0265473075,1.67732033791,0.000192918607898,1.70070953683e-05,38053.094615,0.385837215796,0.184745223808,0.184745223808,0.369490447617,3.67761376907e-16,3.33066907388e-16,0.08,98669.6670165
2010-08-16,98680.5731625,0.000287769350734,0.000110531902321,14.4914532151,2.99650680264,0.000146868370526,3.03690778863e-05,28982.9064302,0.293736741053,0.279062578213,0.279062578213,0.558125156426,1.38777878078e-17,-2.08166817117e-17,0.08,98680.5731625
2010-08-17,98656.3264716,-4.29058590089e-05,-0.000245708857443,18.5037815949,1.50893452966,0.000187511898258,1.52911001761e-05,37007.5631897,0.375023796516,0.33173233973,0.33173233973,0.66346467946,2.56739074445e-16,2.08166817117e-16,0.08,98656.3264716
2010-08-18,98942.1507832,0.00313437973445,0.00289717164462,21.6087914094,1.79328734299,0.000219030975328,1.81771145057e-05,43217.5828187,0.438061950657,0.344898363596,0.344898363596,0.689796727191,1.66533453694e-16,1.2490009027e-16,0.08,98942.1507832
2010-08-19,98887.5837495,-0.000345746915777,-0.000551504421692,18.4882279342,1.86986224086,0.000186858965444,1.8898540471e-05,36976.4558684,0.373717930889,0.289857324525,0.289857324525,0.57971464905,3.12250225676e-16,2.91433543964e-16,0.0799219167035,98887.5837495
2010-08-20,98986.4827869,0.00121799864693,0.00100011582414,19.9753146283,1.57059125777,0.000202000229664,1.58825931247e-05,39950.6292567,0.404000459328,0.239708146262,0.239708146262,0.479416292525,5.55111512313e-17,8.32667268469e-17,0.08,98986.4827869
2010-08-23,99008.7699955,0.000472344163153,0.000225154061896,20.5680075316,3.9004711716,0.000207786022419,3.94040788377e-05,41136.0150631,0.415572044839,0.341528257317,0.341528257317,0.683056514634,4.99600361081e-16,4.99600361081e-16,0.0764882734372,99008.7699955
2010-08-24,99055.5105293,0.000674739816679,0.000472084783444,18.2117876192,1.85283795483,0.000183941156122,1.87138771133e-05,36423.5752384,0.367882312244,0.331686826285,0.331686826285,0.66337365257,6.24500451352e-17,-3.46944695195e-17,0.0691707796395,99055.5105293
2010-08-25,98984.385541,-0.000437751659058,-0.000718031615588,25.9629778612,1.80029632403,0.000262105335912,1.81746206184e-05,51925.9557225,0.524210671824,0.249855224987,0.249855224987,0.499710449974,1.00613961607e-15,8.60422844084e-16,0.08,98984.385541
2010-08-26,98880.2920697,-0.000810392945496,-0.00105161506794,22.5220583129,1.35516525587,0.000227531425182,1.36906972596e-05,45044.1166258,0.455062850364,0.268380478636,0.268380478636,0.536760957272,4.64905891562e-16,4.99600361081e-16,0.0562184163865,98880.2920697
2010-08-27,98912.5403548,0.000553999839297,0.000326134605853,21.0772690485,1.45411178703,0.000213159453793,1.47057796513e-05,42154.5380969,0.426318907586,0.260709064314,0.260709064314,0.521418128628,4.23272528138e-16,3.48679418671e-16,0.0760943309524,98912.5403548
2010-08-30,98997.4562845,0.00110875121485,0.0008584950848,20.5144455881,4.23902397449,0.000207399845505,4.28562845448e-05,41028.8911762,0.41479969101,0.280004609874,0.280004609874,0.560009219748,1.94289029309e-16,1.38777878078e-16,0.0563584338652,98997.4562845
2010-08-31,98882.6733519,-0.000984745365043,-0.00115945335208,15.7767562204,1.51889008907,0.00015936526869,1.53427183493e-05,31553.5124409,0.318730537381,0.241051674769,0.241051674769,0.482103349539,1.35308431126e-16,1.17961196366e-16,0.0506393306023,98882.6733519
2010-09-01,98861.4046025,-5.97146241047e-06,-0.000215090761109,19.372202208,1.30607309683,0.000195910987753,1.32083109463e-05,38744.404416,0.391821975505,0.338668071052,0.338668071052,0.677336142104,1.52655665886e-16,1.80411241502e-16,0.0624741235149,98861.4046025
2010-09-02,98666.5139803,-0.00173982760063,-0.00197135194426,21.0542354437,1.83458636702,0.00021296718905,1.85571545782e-05,42108.4708874,0.4259343781,0.25710949402,0.25710949402,0.51421898804,-9.71445146547e-17,-8.32667268469e-17,0.0544782880418,98666.5139803
2010-09-03,98973.6186177,0.00325922396234,0.00311255181742,13.0815964981,1.39003273897,0.000132583953465,1.40881914532e-05,26163.1929962,0.265167906929,0.250988611586,0.250988611586,0.501977223171,-1.2490009027e-16,-1.2490009027e-16,0.0589404133773,98973.6186177
2010-09-07,99193.9807462,0.00261938767118,0.0022264733937,33.4434900685,5.44465777983,0.000337903074936,5.50112025393e-05,66886.980137,0.675806149873,0.385795359479,0.385795359479,0.771590718958,-4.16333634234e-16,-1.94289029309e-16,0.078113638668,99193.9807462
2010-09-08,98993.2411455,-0.00166854314715,-0.00202370747934,33.1332555748,2.09690835398,0.000334024860435,2.11394717523e-05,66266.5111495,0.66804972087,0.273711804439,0.273711804439,0.547423608877,-1.38777878078e-17,0,0.08,98993.2411455
2010-09-09,99007.8514722,0.000338640137087,0.000147589133982,17.4280665879,1.48469143349,0.000176053096012,1.49979070925e-05,34856.1331759,0.352106192024,0.331810540217,0.331810540217,0.663621080433,-8.32667268469e-17,-8.32667268469e-17,0.08,99007.8514722
2010-09-10,98741.281198,-0.00247112354122,-0.00269241550342,20.1095404279,1.80010129768,0.000203110562737,1.81813994639e-05,40219.0808557,0.406221125473,0.372998891713,0.372998891713,0.745997783426,-2.77555756156e-17,1.38777878078e-17,0.078458592817,98741.281198
2010-09-13,98626.3486472,-0.000905039992657,-0.00116397670101,19.5134319014,6.05431043066,0.000197621822045,6.1314886309e-05,39026.8638027,0.395243644089,0.239502888589,0.239502888589,0.479005777177,9.02056207508e-17,6.93889390391e-17,0.0796286168398,98626.3486472
2010-09-14,98540.3512551,-0.000751602687467,-0.000871951494476,10.5752458436,1.29431755572,0.000107225361059,1.31234459501e-05,21150.4916873,0.214450722118,0.230118202991,0.230118202991,0.460236405983,-2.08166817117e-17,-1.38777878078e-17,0.0677191358163,98540.3512551
2010-09-15,98469.5088583,-0.000528100523367,-0.000718917640626,17.5606691271,1.24251663304,0.000178207900656,1.26092166023e-05,35121.3382542,0.356415801312,0.183925860794,0.183925860794,0.367851721588,-2.77555756156e-17,-2.77555756156e-17,0.08,98469.5088583
2010-09-16,98440.5240762,-0.000172077368477,-0.000294352865305,11.0480196698,0.99238844815,0.000112197367469,1.00781293586e-05,22096.0393397,0.224394734937,0.246418837787,0.246418837787,0.492837675575,4.51028103754e-17,6.24500451352e-17,0.0786002160532,98440.5240762
2010-09-17,98089.7570075,-0.00336454344537,-0.00356323853422,18.2304651424,1.32918353611,0.000185192686787,1.35024020705e-05,36460.9302849,0.370385373575,0.314263284392,0.314263284392,0.628526568783,1.38777878078e-16,1.73472347598e-16,0.08,98089.7570075
2010-09-20,98085.4051732,0.00017230154456,-4.43658383389e-05,16.1855617561,5.06728918395,0.000165007664917,5.16597179822e-05,32371.1235122,0.330015329834,0.285638731574,0.285638731574,0.571277463148,-1.11022302463e-16,-2.08166817117e-17,0.0659160394938,98085.4051732
2010-09-21,98362.7717344,0.00302954761449,0.00282780665232,18.2526664405,1.53517757368,0.000186089524821,1.56514373465e-05,36505.3328811,0.372179049642,0.251212514906,0.251212514906,0.502425029813,1.66533453694e-16,1.31838984174e-16,0.0693140281101,98362.7717344
2010-09-22,98037.1010652,-0.00309076904196,-0.00331091391048,20.3000890806,1.35397037044,0.000206379799213,1.37650693099e-05,40600.1781613,0.412759598427,0.259966533252,0.259966533252,0.519933066504,8.32667268469e-17,1.2490009027e-16,0.0646866940457,98037.1010652
2010-09-23,97830.3802137,-0.00192895022678,-0.00210859816585,16.2156499923,1.39651316679,0.000165403197526,1.4244741548e-05,32431.2999847,0.330806395051,0.262399045359,0.262399045359,0.524798090718,2.49800180541e-16,3.1918911958e-16,0.0688428552001,97830.3802137
2010-09-24,97843.2733673,0.000243505361535,0.000131790897011,9.52246040964,1.40660813015,9.73364346416e-05,1.43780298827e-05,19044.9208193,0.194672869283,0.32128130801,0.32128130801,0.64256261602,0,7.6327832943e-17,0.0746202958565,97843.2733673
2010-09-27,97775.8930262,-0.000443697638369,-0.000688655834458,18.8000791659,5.16743257766,0.000192144830389,5.28133657003e-05,37600.1583317,0.384289660778,0.383215379878,0.383215379878,0.766430759756,1.94289029309e-16,1.92554305833e-16,0.0708762864987,97775.8930262
2010-09-28,97635.7734537,-0.00121970458201,-0.00143306870681,18.808759569,2.05310827337,0.000192366021796,2.0998103007e-05,37617.5191379,0.384732043591,0.399846064608,0.399846064608,0.799692129215,6.66133814775e-16,6.31439345256e-16,0.0706010039989,97635.7734537
2010-09-29,97223.0925489,-0.00398708184267,-0.00422673872709,21.2599466556,2.1391386181,0.000217747511015,2.19093734032e-05,42519.8933112,0.43549502203,0.281943795902,0.281943795902,0.563887591803,1.94289029309e-16,1.73472347598e-16,0.0519600075848,97223.0925489
2010-09-30,97267.80557,0.000668689689167,0.000459901243021,18.7970612852,1.50199713767,0.000193339471029,1.54489751179e-05,37594.1225704,0.386678942058,0.370313995403,0.370313995403,0.740627990805,1.11022302463e-16,5.55111512313e-17,0.08,97267.80557
2010-10-01,97272.3492899,0.000204449782105,4.67135027427e-05,13.3689834124,1.97367833998,0.000137445101532,2.02911778303e-05,26737.9668247,0.274890203064,0.339073846201,0.339073846201,0.678147692402,-2.77555756156e-17,-9.71445146547e-17,0.08,97272.3492899
2010-10-04,97329.2305033,0.000817908086038,0.000584762410128,17.2568452221,5.42178240045,0.000177407509411,5.57381664988e-05,34513.6904441,0.354815018822,0.350258624003,0.350258624003,0.700517248006,-1.66533453694e-16,-1.94289029309e-16,0.08,97329.2305033
2010-10-05,97356.0939732,0.000444546897921,0.000276006187905,14.5359703622,1.86796725213,0.000149348456646,1.919225337e-05,29071.9407244,0.298696913292,0.315048636296,0.315048636296,0.630097272592,-4.16333634234e-17,-5.72458747072e-17,0.0724987449164,97356.0939732
2010-10-06,97032.1577196,-0.00313795597058,-0.00332733412279,16.7564648734,1.68065230911,0.00017211521323,1.72629389751e-05,33512.9297469,0.34423042646,0.288765333825,0.288765333825,0.577530667649,-2.08166817117e-16,-1.94289029309e-16,0.08,97032.1577196
2010-10-07,97117.2310087,0.00106323257471,0.00087675355316,16.5591454792,1.53531635154,0.000170656263535,1.58227580178e-05,33118.2909583,0.34131252707,0.285963550442,0.285963550442,0.571927100884,-1.38777878078e-16,-1.66533453694e-16,0.0768180114343,97117.2310087
2010-10-08,97087.3808166,-0.000139674726031,-0.000307362470523,14.7636166417,1.52175277744,0.000152018508852,1.56692356407e-05,29527.2332835,0.304037017703,0.318592302327,0.318592302327,0.637184604654,-2.77555756156e-17,0,0.0672751072572,97087.3808166
2010-10-11,97025.0652102,-0.000403786968503,-0.000641850732253,18.0283913148,5.084595975,0.000185692426381,5.23713373688e-05,36056.7826296,0.371384852762,0.319218322066,0.319218322066,0.638436644132,1.38777878078e-16,1.38777878078e-16,0.075944123301,97025.0652102
2010-10-12,97233.7495432,0.00228813084818,0.00215082909325,11.6246060526,1.69710567204,0.000119810340013,1.74914149077e-05,23249.2121053,0.239620680026,0.293884337904,0.293884337904,0.587768675808,1.11022302463e-16,1.2490009027e-16,0.0772623218454,97233.7495432
2010-10-13,97062.3148095,-0.00155391777678,-0.00176311964148,18.7757022026,1.56577951268,0.000193098613299,1.6103251392e-05,37551.4044052,0.386197226597,0.348552601726,0.348552601726,0.697105203452,-4.16333634234e-17,2.08166817117e-17,0.08,97062.3148095
2010-10-14,96707.2775711,-0.0033761543918,-0.00365782785137,25.486106918,1.85377108802,0.00026257468687,1.90987726973e-05,50972.2138359,0.52514937374,0.406312731324,0.406312731324,0.812625462649,0,7.97972798949e-17,0.08,96707.2775711
2010-10-15,95787.1657484,-0.0092860348009,-0.00951440104459,19.9316148067,2.15306290898,0.000206102532377,2.22637113054e-05,39863.2296133,0.412205064754,0.332861118114,0.332861118114,0.665722236228,2.15105711021e-16,2.70616862252e-16,0.08,95787.1657484
2010-10-18,96151.181296,0.00398653049785,0.00380025387254,12.6017335854,5.24117639868,0.000131559729186,5.47168961283e-05,25203.4671707,0.263119458372,0.354703709521,0.354703709521,0.709407419041,4.71844785466e-16,5.34294830601e-16,0.08,96151.181296
2010-10-19,96294.5347211,0.00166340879236,0.001490916942,14.7165181517,1.86877702359,0.000153056030652,1.94358196998e-05,29433.0363034,0.306112061305,0.341942314163,0.341942314163,0.683884628325,-6.24500451352e-17,-2.08166817117e-17,0.08,96294.5347211
2010-10-20,96191.7041109,-0.000777786097446,-0.0010678758716,26.1298310055,1.80422882432,0.000271353208998,1.87365651596e-05,52259.6620111,0.542706417996,0.317280982345,0.317280982345,0.634561964689,3.74700270811e-16,3.64291929955e-16,0.08,96191.7041109
2010-10-21,95999.5281639,-0.00183619354641,-0.00199784325329,13.877043055,1.67231771911,0.000144264447576,1.73852593066e-05,27754.08611,0.288528895153,0.279881860633,0.279881860633,0.559763721265,1.87350135405e-16,2.35922392733e-16,0.08,95999.5281639
2010-10-22,95840.167631,-0.00150275903404,-0.00166001370985,13.6241266482,1.47224803081,0.000141918683444,1.53359923634e-05,27248.2532964,0.283837366887,0.262263024176,0.262263024176,0.524526048352,6.93889390391e-17,1.38777878078e-17,0.08,95840.167631
2010-10-25,95746.0836172,-0.000780016531647,-0.000981676222795,15.1952631739,4.13183543021,0.000158547961147,4.31117300016e-05,30390.5263477,0.317095922294,0.295612693013,0.295612693013,0.591225386026,-1.5959455979e-16,-2.22044604925e-16,0.08,95746.0836172
2010-10-26,95686.9016216,-0.000465709729004,-0.000618114009363,13.0412221421,1.55089082869,0.000136206324577,1.61979557815e-05,26082.4442842,0.272412649154,0.266730125058,0.266730125058,0.533460250116,-1.38777878078e-17,-4.51028103754e-17,0.08,95686.9016216
2010-10-27,96041.1068809,0.00391683767991,0.00370171103152,19.1863049477,1.39849749238,0.000200511299065,1.46153493183e-05,38372.6098953,0.40102259813,0.326464924249,0.326464924249,0.652929848499,-1.38777878078e-17,-1.73472347598e-18,0.08,96041.1068809
2010-10-28,95997.8633159,-0.000139708424894,-0.000450261001437,28.107782912,1.71803028398,0.000292664087543,1.7888489e-05,56215.5658239,0.585328175087,0.321062382455,0.321062382455,0.64212476491,-5.55111512313e-17,-5.55111512313e-17,0.0688483647421,95997.8633159
2010-10-29,95622.7903369,-0.00366881320896,-0.00390709715921,21.1859115825,1.68883850448,0.000220691490943,1.75924593126e-05,42371.8231651,0.441382981886,0.308086595226,0.308086595226,0.616173190452,-3.3653635434e-16,-3.33066907388e-16,0.078024686806,95622.7903369
2010-11-01,95576.143541,-0.000192071089819,-0.000487820902133,23.437666147,4.8427561481,0.000245105440496,5.0644371818e-05,46875.3322939,0.490210880992,0.293994771158,0.293994771158,0.587989542317,-6.24500451352e-17,-6.93889390391e-17,0.0767375276917,95576.143541
2010-11-02,95623.4748902,0.000651970801265,0.000495221374327,13.4418407181,1.53966501088,0.000140640124409,1.61093025292e-05,26883.6814363,0.281280248818,0.254580611134,0.254580611134,0.509161222267,-6.93889390391e-18,-1.38777878078e-17,0.08,95623.4748902
2010-11-03,95669.9975002,0.000613495103862,0.000486518714101,10.8080122385,1.33391137952,0.000113026767234,1.39496225279e-05,21616.024477,0.226053534468,0.212809751521,0.212809751521,0.425619503041,1.3357370765e-16,8.32667268469e-17,0.08,95669.9975002
2010-11-04,95735.1706101,0.000815123435642,0.000681228300845,11.6941577102,1.11558950115,0.000122234326494,1.16608083025e-05,23388.3154203,0.244468652989,0.189047458896,0.189047458896,0.378094917793,0,2.25514051877e-17,0.08,95735.1706101
2010-11-05,95581.4875735,-0.00137118469089,-0.00160529339007,21.4207381352,0.991698122239,0.00022374993431,1.0358764871e-05,42841.4762704,0.447499868621,0.264842880616,0.264842880616,0.529685761232,-6.93889390391e-17,-5.55111512313e-17,0.08,95581.4875735
2010-11-08,95537.9575654,-0.000260126130717,-0.00045542300296,14.5055475122,4.16121805521,0.000151761056252,4.35358159916e-05,29011.0950245,0.303522112503,0.23945114229,0.23945114229,0.47890228458,-2.49800180541e-16,-2.35922392733e-16,0.08,95537.9575654
2010-11-09,95420.758726,-0.00106785864244,-0.00122672540246,13.9242894449,1.25351633266,0.000145746149486,1.31206105364e-05,27848.5788898,0.291492298971,0.244504318496,0.244504318496,0.489008636992,-2.49800180541e-16,-1.66533453694e-16,0.08,95420.758726
2010-11-10,95214.7090413,-0.00203872829044,-0.00215938007008,10.2342850349,1.2783993196,0.000107254282732,1.33974969039e-05,20468.5700698,0.214508565464,0.213661867888,0.213661867888,0.427323735777,1.04083408559e-16,0,0.08,95214.7090413
2010-11-11,95185.6683936,-0.000200975647517,-0.000305001695119,8.7900836861,1.114726169,9.23185479912e-05,1.17074996103e-05,17580.1673722,0.184637095982,0.219334233392,0.219334233392,0.438668466785,-4.57966997658e-16,-3.88578058619e-16,0.08,95185.6683936
2010-11-12,95119.1032587,-0.000595004419764,-0.000699318879569,8.78527031355,1.14397126614,9.22961456468e-05,1.20183141585e-05,17570.5406271,0.184592291294,0.1836101428,0.1836101428,0.3672202856,3.46944695195e-17,1.38777878078e-17,0.08,95119.1032587
2010-11-15,95176.0201812,0.000739977749726,0.0005983753066,10.5981661,2.87093130943,0.000111419953899,3.01824892274e-05,21196.3322,0.222839907798,0.213062418747,0.213062418747,0.426124837494,-5.55111512313e-17,-5.20417042793e-17,0.08,95176.0201812
2010-11-16,95282.8357316,0.00132143628746,0.00112229477768,17.8423493367,1.11114701734,0.000187466856701,1.1674653082e-05,35684.6986734,0.374933713403,0.295857265474,0.295857265474,0.591714530949,-6.93889390391e-18,-6.24500451352e-17,0.08,95282.8357316
2010-11-17,95109.2794921,-0.00158103139342,-0.00182148482692,21.3664209382,1.54466406719,0.000224242076489,1.62113570123e-05,42732.8418764,0.448484152978,0.23128707162,0.23128707162,0.46257414324,-1.87350135405e-16,-2.08166817117e-16,0.0710294515214,95109.2794921
2010-11-18,95285.8470228,0.00206756723786,0.00185647006915,18.871954593,1.20534502672,0.000198423904521,1.26732641984e-05,37743.909186,0.396847809042,0.232475632973,0.232475632973,0.464951265946,1.17961196366e-16,1.11022302463e-16,0.0612246609327,95285.8470228
2010-11-19,95149.9791422,-0.00120095245723,-0.00142589780946,20.2203200595,1.21378836164,0.000212206961383,1.27383908478e-05,40440.640119,0.424413922766,0.364894324442,0.364894324442,0.729788648884,2.77555756156e-16,2.35922392733e-16,0.08,95149.9791422
2010-11-22,95186.4263269,0.000609808941657,0.000383049843889,15.8687775556,5.70734586736,0.000166776469093,5.99826286754e-05,31737.5551112,0.333552938186,0.302030710439,0.302030710439,0.604061420877,6.24500451352e-17,-6.93889390391e-18,0.0593526167981,95186.4263269
2010-11-23,95071.8478825,-0.000993781528171,-0.00120372671632,18.4086322414,1.57529994343,0.000193395560184,1.65496279692e-05,36817.2644828,0.386791120368,0.402574183267,0.402574183267,0.805148366534,5.13478148889e-16,4.57966997658e-16,0.0761964127244,95071.8478825
2010-11-24,94750.8695305,-0.00316588992808,-0.00337616612214,17.8941698139,2.09717652126,0.000188217334705,2.20588593571e-05,35788.3396278,0.37643466941,0.420771525894,0.420771525894,0.841543051788,4.37150315946e-16,4.4408920985e-16,0.08,94750.8695305
2010-11-26,94734.1444239,6.8559027875e-05,-0.0001765166551,18.8519868899,4.36914717284,0.000198963734932,4.61119480432e-05,37703.9737797,0.397927469864,0.336792577587,0.336792577587,0.673585155174,2.08166817117e-16,2.8449465006e-16,0.08,94734.1444239
2010-11-29,94840.971478,0.00139842767706,0.00112765101438,20.4070135476,5.24478192099,0.000215413499237,5.5363163439e-05,40814.0270953,0.430826998475,0.391569435788,0.391569435788,0.783138871577,-1.38777878078e-17,9.71445146547e-17,0.0693671522887,94840.971478
2010-11-30,94578.4087415,-0.00252927435434,-0.00276845262541,20.6490050259,2.03489455843,0.000217722411571,2.14558594953e-05,41298.0100518,0.435444823142,0.267059474192,0.267059474192,0.534118948384,1.21430643318e-17,7.4593109467e-17,0.0665568532901,94578.4087415
2010-12-01,94550.012235,-8.6066307953e-05,-0.000300243014577,18.8724888084,1.38400329361,0.000199543310778,1.46333958461e-05,37744.9776168,0.399086621556,0.330919781298,0.330919781298,0.661839562595,-1.80411241502e-16,-1.5092094241e-16,0.0663250349734,94550.012235
2010-12-02,94687.7729701,0.00175407034092,0.00145701446157,26.3722003487,1.71443667783,0.000278923288589,1.8132590756e-05,52744.4006974,0.557846577178,0.360775991634,0.360775991634,0.721551983268,-1.38777878078e-17,-3.46944695195e-17,0.08,94687.7729701
2010-12-03,94738.0403089,0.00078761794484,0.000530874654884,22.4386106146,1.87183973638,0.000236974742469,1.97685474868e-05,44877.2212291,0.473949484938,0.317976370357,0.317976370357,0.635952740713,0,-1.38777878078e-17,0.0737870123943,94738.0403089
2010-12-06,94800.8129716,0.000847141241916,0.000662591947712,12.531872743,4.95196573021,0.000132279205926,5.22700882778e-05,25063.7454861,0.264558411852,0.315059808638,0.315059808638,0.630119617276,-3.33066907388e-16,-3.60822483003e-16,0.0772027045783,94800.8129716
2010-12-07,94732.4051656,-0.000505585177554,-0.000721595140631,18.8413214251,1.63659868458,0.000198746411919,1.72635511583e-05,37682.6428502,0.397492823838,0.278968758414,0.278968758414,0.557937516828,-3.60822483003e-16,-4.02455846427e-16,0.0725762954194,94732.4051656
2010-12-08,94975.8610037,0.00275980537654,0.00256993198549,16.5390873149,1.44807569592,0.000174587431682,1.52859593652e-05,33078.1746299,0.349174863364,0.247257486308,0.247257486308,0.494514972617,-1.38777878078e-16,-1.2490009027e-16,0.067879136298,94975.8610037
2010-12-09,95108.1974341,0.00158806008507,0.00139336910454,17.2041767851,1.28676672064,0.000181142625118,1.35483554142e-05,34408.3535702,0.362285250237,0.294753684708,0.294753684708,0.589507369415,-2.22044604925e-16,-2.49800180541e-16,0.08,95108.1974341
2010-12-10,95013.5809492,-0.000688157398341,-0.000994829966876,27.6309934621,1.53608173368,0.000290521681701,1.61508868333e-05,55261.9869242,0.581043363402,0.337536328421,0.337536328421,0.675072656842,-3.60822483003e-16,-3.05311331772e-16,0.0795167217548,95013.5809492
2010-12-13,94733.1201879,-0.00276089749623,-0.00295179655904,12.8661347467,5.27186881048,0.000135413638957,5.54854238501e-05,25732.2694933,0.270827277914,0.327032801312,0.327032801312,0.654065602625,-1.38777878078e-16,-1.52655665886e-16,0.0674196816843,94733.1201879
2010-12-14,94692.720113,-0.000263573034948,-0.000426461989328,13.7333987462,1.69758014642,0.000144969348829,1.79196055514e-05,27466.7974924,0.289938697659,0.295003352733,0.295003352733,0.590006705467,-9.71445146547e-17,-9.71445146547e-17,0.0654953159725,94692.720113
2010-12-15,94516.2304776,-0.00169937935338,-0.00186381418968,14.0401150859,1.53066684454,0.000148270269025,1.61645672731e-05,28080.2301718,0.29654053805,0.214529797559,0.214529797559,0.429059595119,-1.94289029309e-16,-2.08166817117e-16,0.0685182311997,94516.2304776
2010-12-16,94490.2966524,-9.07069866121e-05,-0.000274384886599,16.2494990143,1.11104371454,0.000171922842587,1.17550574005e-05,32498.9980286,0.343845685173,0.30716759416,0.30716759416,0.61433518832,0,-6.93889390391e-18,0.0791025036539,94490.2966524
2010-12-17,94398.2046638,-0.00081477679297,-0.000974618472942,13.5131120267,1.59037573119,0.000143010578921,1.68311010499e-05,27026.2240534,0.286021157843,0.341637855028,0.341637855028,0.683275710057,1.2490009027e-16,1.11022302463e-16,0.0774280719231,94398.2046638
2010-12-20,94341.2100641,-0.000379404267637,-0.000603767835594,15.8781481177,5.30136988929,0.000168203920554,5.61596474019e-05,31756.2962355,0.336407841108,0.314080455635,0.314080455635,0.62816091127,8.32667268469e-17,2.77555756156e-17,0.08,94341.2100641
2010-12-21,94599.3638716,0.00289086061818,0.00273638431511,12.9498797009,1.6236016571,0.000137266415091,1.720988798e-05,25899.7594017,0.274532830182,0.29337003615,0.29337003615,0.5867400723,6.93889390391e-17,9.71445146547e-17,0.074546405377,94599.3638716
2010-12-22,94800.6672017,0.00238642530772,0.0021279564881,22.9302944759,1.52069144103,0.000242393749148,1.6075070474e-05,45860.5889517,0.484787498297,0.268826909984,0.268826909984,0.537653819968,-1.2490009027e-16,-1.66533453694e-16,0.08,94800.6672017
2010-12-23,94808.2783117,0.000313374026476,8.02854053239e-05,20.7005200666,1.39643673579,0.000218358379509,1.4730241643e-05,41401.0401331,0.436716759019,0.307761158841,0.307761158841,0.615522317682,2.25514051877e-16,2.56739074445e-16,0.0654203258517,94808.2783117
2010-12-27,94828.855116,0.000452149191951,0.000217035945461,15.8954370447,6.39524506322,0.000167658745922,6.74545005679e-05,31790.8740895,0.335317491844,0.295787450964,0.295787450964,0.591574901929,2.77555756156e-17,4.51028103754e-17,0.0623291299544,94828.855116
2010-12-28,94717.4644,-0.000972836613699,-0.00117465001374,17.6007920113,1.53694166206,0.000185605868486,1.62075315597e-05,35201.5840226,0.371211736971,0.324461069555,0.324461069555,0.64892213911,-3.1918911958e-16,-2.08166817117e-16,0.08,94717.4644
2010-12-29,94734.6691562,0.000415431268343,0.000181642913321,20.4598878758,1.68395231807,0.000216009666279,1.77786887427e-05,40919.7757517,0.432019332558,0.40368719061,0.40368719061,0.80737438122,0,8.32667268469e-17,0.0791004406993,94734.6691562
2010-12-30,94598.1709111,-0.00120245455484,-0.00144084785758,20.4885943661,2.09551629836,0.000216273456682,2.21198460608e-05,40977.1887321,0.432546913365,0.282595035396,0.282595035396,0.565190070792,-2.77555756156e-16,-2.91433543964e-16,0.08,94598.1709111
2010-12-31,94630.8855263,0.000484937377012,0.000345827143175,11.6947532126,1.4648204634,0.000123625574363,1.54846594738e-05,23389.5064252,0.247251148726,0.280274078645,0.280274078645,0.560548157291,-2.77555756156e-17,-4.16333634234e-17,0.08,94630.8855263
2011-01-03,94748.6704864,0.00148490727846,0.00124467777587,18.3732536961,4.35987686339,0.000194157051304,4.60724512842e-05,36746.5073921,0.388314102608,0.289142139471,0.289142139471,0.578284278942,-2.08166817117e-16,-1.66533453694e-16,0.08,94748.6704864
2011-01-04,94730.9528203,0.000175074725671,-0.000186996461817,32.8046220854,1.50114155049,0.000346227782585,1.58434049025e-05,65609.2441708,0.692455565171,0.392181928137,0.392181928137,0.784363856274,-1.38777878078e-16,-1.94289029309e-16,0.0705051737013,94730.9528203
2011-01-05,94766.0538443,0.000636669817175,0.000370533843702,23.1756010464,2.03571330034,0.000244646552753,2.14894207198e-05,46351.2020929,0.489293105505,0.336781575026,0.336781575026,0.673563150051,-2.15105711021e-16,-1.83880688454e-16,0.0684819611741,94766.0538443
2011-01-06,94500.4515061,-0.00261615200048,-0.00280271603019,15.9311445083,1.74879237658,0.000168110244777,1.84537849329e-05,31862.2890167,0.336220489554,0.38813409408,0.38813409408,0.776268188161,-2.77555756156e-17,-2.69966340949e-17,0.08,94500.4515061
2011-01-07,94670.355582,0.00198088064713,0.0017979181387,15.2802398127,2.00979984304,0.000161694886841,2.12676215934e-05,30560.4796255,0.323389773683,0.385713306391,0.385713306391,0.771426612782,-1.11022302463e-16,-9.36750677027e-17,0.073933954032,94670.355582
2011-01-10,94651.1558649,2.34857731826e-05,-0.000202806010189,15.420556605,6.00256699212,0.000162886856294,6.3404927078e-05,30841.1132099,0.325773712587,0.344960209971,0.344960209971,0.689920419941,-8.32667268469e-17,-3.46944695195e-17,0.08,94651.1558649
2011-01-11,94735.0443798,0.00107296434863,0.000886291500162,15.8797114183,1.7890894576,0.000167770919152,1.89019293135e-05,31759.4228366,0.335541838305,0.327945477405,0.327945477405,0.655890954811,-6.93889390391e-17,-6.93889390391e-18,0.065769676041,94735.0443798
2011-01-12,94696.5246181,-0.000167314066975,-0.000406605200712,20.9669038808,1.70235229349,0.000221321518536,1.79696152003e-05,41933.8077615,0.442643037073,0.239917595418,0.239917595418,0.479835190836,-1.97758476261e-16,-2.49800180541e-16,0.0648089768278,94696.5246181
2011-01-13,94811.1077753,0.00138776387659,0.00121000382728,15.5883623117,1.24489657429,0.000164613879703,1.31461696119e-05,31176.7246235,0.329227759405,0.268668493546,0.268668493546,0.537336987093,-2.77555756156e-17,-6.93889390391e-18,0.0635195986412,94811.1077753
2011-01-14,94682.3239747,-0.00110841840073,-0.00135831975448,22.2976566492,1.39576753411,0.000235179792457,1.47215612902e-05,44595.3132984,0.470359584913,0.237625930181,0.237625930181,0.475251860362,-8.32667268469e-17,-5.55111512313e-17,0.0718544602408,94682.3239747
2011-01-18,94582.3524843,-0.000872415512862,-0.00105586223709,12.4378799168,4.93128225888,0.000131364328575,5.20823956561e-05,24875.7598337,0.26272865715,0.183652531946,0.183652531946,0.367305063892,-2.08166817117e-16,-1.52655665886e-16,0.0656808713039,94582.3524843
2011-01-19,94575.0640425,3.72768150265e-05,-7.70592142099e-05,9.86237398815,0.951796630748,0.000104272876801,1.00631524354e-05,19724.7479763,0.208545753602,0.176744994503,0.176744994503,0.353489989005,-2.77555756156e-17,-5.55111512313e-17,0.0608398986067,94575.0640425
2011-01-20,94611.154857,0.000519622276412,0.000381610256887,12.1365685071,0.915927078042,0.000128327362292,9.68465723302e-06,24273.1370143,0.256654724583,0.19978420091,0.19978420091,0.399568401819,0,-6.41847686111e-17,0.0667339427236,94611.154857
2011-01-21,94463.8617896,-0.0014122877722,-0.00155682559465,12.6391744687,1.03571583399,0.00013359074295,1.09470795019e-05,25278.3489374,0.2671814859,0.245589261125,0.245589261125,0.49117852225,2.08166817117e-17,-2.08166817117e-17,0.0668447390946,94463.8617896
2011-01-24,94468.4351809,0.00029048669729,4.84141895738e-05,19.0535187032,3.81358520875,0.000201701670271,4.03708374452e-05,38107.0374064,0.403403340542,0.318934189546,0.318934189546,0.637868379093,-5.55111512313e-17,-1.87350135405e-16,0.0797008411414,94468.4351809
2011-01-25,94084.9688661,-0.0038916452975,-0.00405920045239,14.1777574635,1.65091582532,0.000150079308886,1.74758460025e-05,28355.514927,0.300158617773,0.232811265898,0.232811265898,0.465622531797,9.71445146547e-17,5.55111512313e-17,0.08,94084.9688661
2011-01-26,94182.4941654,0.00113446591362,0.00103656620753,8.01066939111,1.20022140842,8.51429243976e-05,1.27567816931e-05,16021.3387822,0.170285848795,0.221308022495,0.221308022495,0.44261604499,-2.77555756156e-17,-6.93889390391e-17,0.08,94182.4941654
2011-01-27,94177.3749499,0.000132431404343,-5.43542150545e-05,16.4498346029,1.14210090616,0.000174659152411,1.2126466986e-05,32899.6692058,0.349318304822,0.222497431868,0.222497431868,0.444994863736,0,-1.38777878078e-17,0.08,94177.3749499
2011-01-28,94216.4941359,0.000531135271934,0.000415377748564,9.75356302054,1.14817666117,0.000103565883268,1.21916401023e-05,19507.1260411,0.207131766536,0.218909710462,0.218909710462,0.437819420924,0,-2.08166817117e-17,0.08,94216.4941359
2011-01-31,94083.4605298,-0.00122110750882,-0.00141199911239,14.5947422319,3.39039541677,0.000154906445689,3.59851578841e-05,29189.4844637,0.309812891378,0.244617806723,0.244617806723,0.489235613446,-5.55111512313e-17,-1.11022302463e-16,0.08,94083.4605298
2011-02-01,94256.8261238,0.00199394303821,0.00184267875607,12.9703991851,1.26106793226,0.000137860566693,1.34037154369e-05,25940.7983702,0.275721133387,0.301914089344,0.301914089344,0.603828178688,0,-2.77555756156e-17,0.08,94256.8261238
2011-02-02,94196.6278421,-0.000448171983187,-0.000638662302965,16.3956998634,1.55931308622,0.000173947082006,1.65432377723e-05,32791.3997268,0.347894164012,0.221171936282,0.221171936282,0.442343872565,-2.35922392733e-16,-2.35922392733e-16,0.08,94196.6278421
2011-02-03,94109.3822885,-0.000808351940829,-0.00092620676161,9.95995679826,1.14156989431,0.000105735810574,1.21190102072e-05,19919.9135965,0.211471621149,0.232699827358,0.232699827358,0.465399654716,-9.02056207508e-17,-1.04083408559e-16,0.08,94109.3822885
2011-02-04,94142.5369653,0.000490894258509,0.000352299377836,11.843120416,1.1999581924,0.000125844205201,1.27506754717e-05,23686.240832,0.251688410401,0.288746756463,0.288746756463,0.577493512925,-8.32667268469e-17,-8.67361737988e-17,0.08,94142.5369653
2011-02-07,94198.0254255,0.000764911450678,0.000589409016816,12.0537481163,4.46849625105,0.000128037213621,4.74652202404e-05,24107.4962326,0.256074427243,0.266899226461,0.266899226461,0.533798452921,-2.22044604925e-16,-2.15105711021e-16,0.08,94198.0254255
2011-02-08,94327.0125373,0.00151854131564,0.00136931863715,12.6788717924,1.3776098696,0.000134598063336,1.46246151485e-05,25357.7435847,0.269196126672,0.322941255341,0.322941255341,0.645882510682,-1.11022302463e-16,-4.85722573274e-17,0.08,94327.0125373
2011-02-09,94334.0223002,0.000382090866794,7.43134196775e-05,27.3625718339,1.66915527898,0.000290082035865,1.76954112516e-05,54725.1436677,0.58016407173,0.373336460608,0.373336460608,0.746672921215,2.08166817117e-17,4.51028103754e-17,0.0606560407995,94334.0223002
2011-02-10,94451.4094179,0.00153165415894,0.00124437731926,25.1702082938,1.92977150687,0.000266820047317,2.04567923621e-05,50340.4165875,0.533640094635,0.287650047488,0.287650047488,0.575300094977,1.04083408559e-16,1.66533453694e-16,0.068914543818,94451.4094179
2011-02-11,94356.8494686,-0.000742831537243,-0.00100114916115,22.9097539349,1.48870972079,0.000242555977471,1.57616464377e-05,45819.5078698,0.485111954942,0.229487843303,0.229487843303,0.458975686606,2.77555756156e-17,4.51028103754e-17,0.08,94356.8494686
2011-02-14,94509.2602742,0.00189174060324,0.00161525958535,22.5283572569,3.55952052911,0.000238756988854,3.77240290361e-05,45056.7145138,0.477513977709,0.329902232787,0.329902232787,0.659804465575,1.38777878078e-17,1.11022302463e-16,0.08,94509.2602742
2011-02-15,94444.1435425,-0.000389866322215,-0.000688998426773,26.562325653,1.70842827307,0.000281055269885,1.80768346733e-05,53124.651306,0.56211053977,0.277101373051,0.277101373051,0.554202746103,-6.93889390391e-17,-6.93889390391e-17,0.0626666224554,94444.1435425
2011-02-16,94220.7706777,-0.00217630235025,-0.00236513198631,16.3998476722,1.43400558095,0.00017364599918,1.51836368795e-05,32799.6953443,0.34729199836,0.306974265407,0.306974265407,0.613948530815,-5.55111512313e-17,-1.38777878078e-17,0.0652844215973,94220.7706777
2011-02-17,94090.5844855,-0.00118995997892,-0.00138171436426,16.4824047696,1.58484119808,0.000174933877648,1.68205076936e-05,32964.8095392,0.349867755295,0.235834139752,0.235834139752,0.471668279505,-2.08166817117e-17,-3.46944695195e-17,0.08,94090.5844855
2011-02-18,93867.8057767,-0.00223166734869,-0.00236770459003,11.5839456285,1.2158779206,0.000123114822719,1.29224186166e-05,23167.8912569,0.246229645438,0.163485629284,0.163485629284,0.326971258568,-8.32667268469e-17,-9.02056207508e-17,0.08,93867.8057767
2011-02-22,93640.0265312,-0.00226225688022,-0.00242659603706,12.0626410317,3.36351502398,0.000128506690147,3.58324666923e-05,24125.2820635,0.257013380294,0.228084235451,0.228084235451,0.456168470901,-2.77555756156e-17,-2.77555756156e-17,0.08,93640.0265312
2011-02-23,93366.2139086,-0.00280877638076,-0.00292409808857,9.62843660785,1.17029117035,0.000102823941476,1.24977663261e-05,19256.8732157,0.205647882952,0.23014110069,0.23014110069,0.46028220138,1.52655665886e-16,5.55111512313e-17,0.08,93366.2139086
2011-02-24,93596.1004683,0.00257006605708,0.00246220286796,8.89338563059,1.17739195815,9.52527178546e-05,1.26104712707e-05,17786.7712612,0.190505435709,0.213090193514,0.213090193514,0.426180387028,1.2490009027e-16,1.11022302463e-16,0.08,93596.1004683
2011-02-25,93819.7724287,0.00248666263398,0.00238975725793,7.97712086511,1.09284444717,8.52292010586e-05,1.16761749871e-05,15954.2417302,0.170458402117,0.172428505239,0.172428505239,0.344857010478,1.52655665886e-16,1.80411241502e-16,0.08,93819.7724287
2011-02-28,93785.0714708,-0.000249463724736,-0.000369868280245,8.6370617306,2.65926626659,9.20601436884e-05,2.83444118201e-05,17274.1234612,0.184120287377,0.128452024105,0.128452024105,0.256904048211,2.77555756156e-17,1.38777878078e-17,0.08,93785.0714708
2011-03-01,93752.8271398,-0.000240489791058,-0.000343810912686,9.02987563874,0.660103137605,9.6282654554e-05,7.03846707427e-06,18059.7512775,0.192565309108,0.161347959915,0.161347959915,0.322695919831,4.16333634234e-17,8.84708972748e-17,0.08,93752.8271398
2011-03-02,93661.5925571,-0.000793145177875,-0.000973139535796,16.0461126698,0.828867254537,0.000171153373816,8.84098410495e-06,32092.2253396,0.342306747633,0.292569714791,0.292569714791,0.585139429582,5.20417042793e-17,1.2490009027e-16,0.08,93661.5925571
2011-03-03,93762.4466257,0.00130839110614,0.00107679216046,20.1904167483,1.50150933815,0.000215567728426,1.60312172488e-05,40380.8334965,0.431135456851,0.335813212197,0.335813212197,0.671626424393,1.38777878078e-17,6.93889390391e-17,0.08,93762.4466257
2011-03-04,93636.5216659,-0.00110911316426,-0.00134302126664,20.2064990664,1.7252968978,0.000215507378419,1.8400723956e-05,40412.9981329,0.431014756838,0.273346101918,0.273346101918,0.546692203836,5.55111512313e-17,1.38777878078e-16,0.08,93636.5216659
2011-03-07,93585.8815801,-0.000253562960775,-0.0005408155376,22.6899055809,4.20742655252,0.00024231897103,4.49336057947e-05,45379.8111619,0.484637942061,0.428165859997,0.428165859997,0.856331719995,3.60822483003e-16,5.27355936697e-16,0.08,93585.8815801
2011-03-08,93773.6255627,0.00229428760291,0.00200611437869,24.7733134848,2.1956317518,0.000264712081208,2.34611430135e-05,49546.6269695,0.529424162416,0.421371835882,0.421371835882,0.842743671764,2.77555756156e-17,2.42861286637e-17,0.08,93773.6255627
2011-03-09,93579.262542,-0.00177924045467,-0.00207268322551,25.3520656806,2.1651268362,0.00027035390312,2.30888677196e-05,50704.1313613,0.540707806241,0.288170062605,0.288170062605,0.57634012521,0,6.93889390391e-18,0.08,93579.262542
2011-03-10,92461.0163723,-0.0117709464483,-0.0119497219717,15.2520519475,1.47762969563,0.000162985383014,1.57901404167e-05,30504.1038951,0.325970766027,0.323865831331,0.323865831331,0.647731662663,-5.55111512313e-17,-1.14491749414e-16,0.08,92461.0163723
2011-03-11,92978.4338343,0.00576996439353,0.00559606072109,14.4384903635,1.64081994154,0.000156157599494,1.77460729497e-05,28876.9807269,0.312315198988,0.212669864856,0.212669864856,0.425339729712,2.77555756156e-17,3.46944695195e-18,0.0741463167075,92978.4338343
2011-03-14,93182.0922122,0.00234448615677,0.00219038296887,11.0778000258,3.2504730342,0.000119143758062,3.49594298393e-05,22155.6000515,0.238287516125,0.281016479861,0.281016479861,0.562032959722,0,6.93889390391e-18,0.08,93182.0922122
2011-03-15,93224.4653227,0.00060838977739,0.00045473448268,12.8830887699,1.43483307066,0.00013825713143,1.53981632801e-05,25766.1775398,0.27651426286,0.325394049227,0.325394049227,0.650788098455,-2.63677968348e-16,-2.91433543964e-16,0.0715590747467,93224.4653227
2011-03-16,93294.6449025,0.000981301095349,0.000752802169872,19.6395155649,1.6621745895,0.00021066911456,1.78298109166e-05,39279.0311297,0.42133822912,0.244357718103,0.244357718103,0.488715436207,-6.24500451352e-17,-5.55111512313e-17,0.0652580215937,93294.6449025
2011-03-17,93485.3949403,0.0022190655619,0.00204459792974,15.0277305,1.24916528984,0.000161078168159,1.33894640057e-05,30055.461,0.322156336319,0.251752295294,0.251752295294,0.503504590587,-8.32667268469e-17,-1.11022302463e-16,0.0607402440946,93485.3949403
2011-03-18,93600.0183573,0.00146446429944,0.00122611042156,20.9930084501,1.28959795905,0.000224559231563,1.37946463175e-05,41986.0169003,0.449118463126,0.267663441095,0.267663441095,0.535326882189,-1.66533453694e-16,-1.52655665886e-16,0.08,93600.0183573
2011-03-21,93406.7619528,-0.00187317334875,-0.00206470477169,13.8089935257,4.11835117809,0.000147531953177,4.3999469769e-05,27617.9870513,0.295063906354,0.21522084974,0.21522084974,0.43044169948,-9.02056207508e-17,-1.2490009027e-16,0.08,93406.7619528
2011-03-22,93404.9611781,0.000105345567001,-1.92788476577e-05,10.5392242566,1.10153877693,0.000112831491385,1.17929232734e-05,21078.4485132,0.225662982771,0.184946798937,0.184946798937,0.369893597873,6.93889390391e-18,-5.55111512313e-17,0.08,93404.9611781
2011-03-23,93363.7833509,-0.000311294834474,-0.000440852676419,11.1547726725,0.946572524641,0.00011942377077,1.01340711746e-05,22309.5453451,0.238847541541,0.243797033037,0.243797033037,0.487594066074,1.17961196366e-16,9.71445146547e-17,0.08,93363.7833509
2011-03-24,93535.629937,0.00203572536717,0.00184061292157,16.9692134493,1.24722265063,0.000181753704063,1.33587415363e-05,33938.4268987,0.363507408125,0.253573618881,0.253573618881,0.507147237761,-2.08166817117e-17,-3.64291929955e-17,0.08,93535.629937
2011-03-25,93310.7126479,-0.00213900551564,-0.00240461617906,23.5444350671,1.29962565356,0.000251716218547,1.38944448702e-05,47088.8701342,0.503432437093,0.369091231245,0.369091231245,0.73818246249,5.13478148889e-16,4.68375338514e-16,0.0731255920416,93310.7126479
2011-03-28,93593.7535116,0.00335998312777,0.0030333158507,24.8201593011,5.66139712102,0.000265994745906,6.06725311636e-05,49640.3186022,0.531989491813,0.441399584343,0.441399584343,0.882799168687,5.55111512313e-17,1.11022302463e-16,0.0796080854692,93593.7535116
2011-03-29,93477.1425291,-0.000942552663589,-0.00124592697813,26.1302562197,2.26368459711,0.000279188035945,2.41862785942e-05,52260.5124394,0.558376071891,0.327701155271,0.327701155271,0.655402310543,-4.16333634234e-17,2.77555756156e-17,0.0768209124889,93477.1425291
2011-03-30,93681.1747846,0.00237235108319,0.00218269675264,16.0498480339,1.6784968547,0.000171698102869,1.79562276861e-05,32099.6960678,0.343396205738,0.320850094898,0.320850094898,0.641700189796,1.38777878078e-17,4.16333634234e-17,0.08,93681.1747846
2011-03-31,93474.9147288,-0.00199507635019,-0.0022017236259,17.7119670161,1.64699253807,0.000189066448588,1.75808271177e-05,35423.9340322,0.378132897177,0.311541011734,0.311541011734,0.623082023468,4.16333634234e-17,6.24500451352e-17,0.08,93474.9147288
2011-04-01,93272.4648022,-0.00193360495615,-0.00216582092821,20.1106821868,1.59568600035,0.000215145231693,1.7070740369e-05,40221.3643736,0.430290463385,0.405062879863,0.405062879863,0.810125759726,6.93889390391e-18,0,0.08,93272.4648022
2011-04-04,93182.8319787,-0.000651262988439,-0.000960978394164,22.6773088894,6.21061038981,0.000243129726843,6.65856788816e-05,45354.6177787,0.486259453687,0.340572029883,0.340572029883,0.681144059765,2.08166817117e-17,0,0.0772906340153,93182.8319787
2011-04-05,93216.2420874,0.000565205236084,0.000358543606544,17.518386245,1.73892965683,0.00018800014845,1.86614810895e-05,35036.7724901,0.376000296901,0.25845440906,0.25845440906,0.51690881812,7.6327832943e-17,0,0.08,93216.2420874
2011-04-06,93259.1678157,0.000707928064918,0.000460496233146,21.74454779,1.32011774046,0.000233269946343,1.41618854279e-05,43489.0955801,0.466539892687,0.263397888711,0.263397888711,0.526795777422,4.37150315946e-16,3.57353036051e-16,0.08,93259.1678157
2011-04-07,93099.0277192,-0.00155036675826,-0.00171715124955,14.2081955795,1.3459872825,0.000152351730262,1.44327610253e-05,28416.3911591,0.304703460524,0.298675251854,0.298675251854,0.597350503708,6.93889390391e-17,-3.46944695195e-18,0.08,93099.0277192
2011-04-08,93170.8463671,0.000963330128073,0.000771422105019,16.3428133413,1.52363701652,0.000175542255829,1.63657672249e-05,32685.6266827,0.351084511659,0.323240777328,0.323240777328,0.646481554656,1.11022302463e-16,-6.59194920871e-17,0.0698606480174,93170.8463671
2011-04-11,93048.6710861,-0.00103407152106,-0.00131130375905,20.8792855186,4.95067673491,0.000224096767741,5.31354702457e-05,41758.5710371,0.448193535482,0.415179369087,0.415179369087,0.830358738173,1.38777878078e-16,6.24500451352e-17,0.08,93048.6710861
2011-04-12,93619.2489281,0.00633432301018,0.00613203644305,16.7056804387,2.11681581128,0.000179537012659,2.27495544705e-05,33411.3608773,0.359074025318,0.397180658962,0.397180658962,0.794361317924,-1.11022302463e-16,-2.49800180541e-16,0.08,93619.2489281
2011-04-13,93603.2671205,0.000189984512012,-0.00017071070093,31.7305489012,2.03746602635,0.000338931889163,2.17633237787e-05,63461.0978025,0.677863778326,0.23853759484,0.23853759484,0.47707518968,1.52655665886e-16,1.11022302463e-16,0.08,93603.2671205
2011-04-14,93828.4836384,0.00260410640913,0.0024060753946,17.312903474,1.22344647716,0.000184960461388,1.30705531419e-05,34625.8069481,0.369920922776,0.298970057837,0.298970057837,0.597940115674,2.22044604925e-16,2.08166817117e-16,0.0737705907719,93828.4836384
2011-04-15,93872.6284078,0.000737629853638,0.000470483670642,23.5288304559,1.53709080439,0.000250764262018,1.63819209774e-05,47057.6609118,0.501528524037,0.30566889974,0.30566889974,0.61133779948,0,7.6327832943e-17,0.08,93872.6284078
2011-04-18,93946.5533742,0.000959299409723,0.000787502892929,11.410178028,4.71681255471,0.000121549574371,5.02469424231e-05,22820.356056,0.243099148741,0.243542654286,0.243542654286,0.487085308572,5.55111512313e-17,6.93889390391e-17,0.08,93946.5533742
2011-04-19,93981.0634674,0.000550266578005,0.00036733751248,15.9318569731,1.25369824492,0.00016958426255,1.33448029746e-05,31863.7139462,0.339168525101,0.247742727683,0.247742727683,0.495485455366,3.33066907388e-16,3.85108611667e-16,0.08,93981.0634674
2011-04-20,94002.4975445,0.000494915475787,0.000228068040988,23.802818034,1.275787672,0.000253272490817,1.35749439826e-05,47605.636068,0.506544981634,0.336081533824,0.336081533824,0.672163067648,6.10622663544e-16,7.35522753814e-16,0.0734749443218,94002.4975445
2011-04-21,93771.277668,-0.00223832788442,-0.00245972056663,19.080368981,1.73109608537,0.000202977255705,1.84154265109e-05,38160.7379619,0.405954511409,0.248058453329,0.248058453329,0.496116906659,4.30211422042e-16,4.85722573274e-16,0.08,93771.277668
2011-04-25,93859.0184178,0.00119934253609,0.000935688965681,19.6248838073,5.09824835179,0.000209284594338,5.43689760722e-05,39249.7676145,0.418569188675,0.329562816429,0.329562816429,0.659125632857,1.38777878078e-16,2.22044604925e-16,0.08,93859.0184178
2011-04-26,93653.5319371,-0.00198732420827,-0.00218930992656,17.2632528999,1.69492835381,0.000183927481779,1.80582365166e-05,34526.5057997,0.367854963558,0.270018947106,0.270018947106,0.540037894213,1.52655665886e-16,3.1918911958e-16,0.08,93653.5319371
2011-04-27,93696.7102365,0.000636850945086,0.00046104293673,15.0793845919,1.3856563335,0.00016101244961,1.47955587456e-05,30158.7691837,0.322024899221,0.308550535423,0.308550535423,0.617101070846,-6.93889390391e-18,6.93889390391e-17,0.0799823660592,93696.7102365
2011-04-28,93731.0198245,0.000555164693129,0.000366177082947,16.1233984393,1.58411891018,0.000172080731529,1.69068786533e-05,32246.7968786,0.344161463057,0.310386533291,0.310386533291,0.620773066581,4.85722573274e-17,9.88792381307e-17,0.08,93731.0198245
2011-04-29,93686.6522713,-0.000210588117041,-0.000473349733138,23.0347856827,1.59412856466,0.00024575413482,1.70074812762e-05,46069.5713655,0.49150826964,0.295314035458,0.295314035458,0.590628070916,-6.93889390391e-17,-6.24500451352e-17,0.0730989742912,93686.6522713
2011-05-02,93459.934053,-0.0021342583745,-0.00241996285203,22.218698776,4.54799726314,0.000237159704583,4.8544772952e-05,44437.3975521,0.474319409166,0.335922897782,0.335922897782,0.671845795564,5.55111512313e-17,1.38777878078e-17,0.0776840852948,93459.934053
2011-05-03,93288.1409842,-0.00163871008565,-0.00183814669387,16.919040094,1.72029215746,0.000181029874089,1.8406734125e-05,33838.0801879,0.362059748178,0.37343074588,0.37343074588,0.746861491759,1.11022302463e-16,6.93889390391e-17,0.0744554731659,93288.1409842
2011-05-04,93459.6937927,0.00207095781364,0.00183895623478,19.7341379117,1.908858086,0.000211539620186,2.04619586783e-05,39468.2758234,0.423079240373,0.297479908302,0.297479908302,0.594959816604,5.55111512313e-17,1.04083408559e-17,0.0704115240254,93459.6937927
2011-05-05,93403.8813929,-0.000428458468311,-0.000597181496762,14.2453844302,1.52341814462,0.000152422759503,1.63002689481e-05,28490.7688604,0.304845519006,0.313881609659,0.313881609659,0.627763219318,1.38777878078e-16,1.49186218934e-16,0.06677345901,93403.8813929
2011-05-06,93420.0166114,0.000442229181451,0.000172746766073,23.5642509256,1.60645263781,0.000252283423068,1.71989923101e-05,47128.5018513,0.504566846136,0.384732167458,0.384732167458,0.769464334915,5.55111512313e-17,1.05818132035e-16,0.0754945669333,93420.0166114
2011-05-09,93546.8666104,0.00164831758324,0.00135784603332,21.2276347486,5.90822226983,0.000227227905952,6.32436439656e-05,42455.2694972,0.454455811904,0.252625722181,0.252625722181,0.505251444361,5.55111512313e-16,5.89805981832e-16,0.08,93546.8666104
2011-05-10,93546.8548268,0.00022356258686,-1.25964457309e-07,19.6304400732,1.29492299919,0.000209846045992,1.3842505325e-05,39260.8801463,0.419692091985,0.347238356376,0.347238356376,0.694476712751,1.94289029309e-16,2.01227923213e-16,0.08,93546.8548268
2011-05-11,93333.1532243,-0.00200926236725,-0.00228443385784,23.9615339966,1.77989348571,0.000256144731332,1.90267592535e-05,47923.0679932,0.512289462665,0.351764336251,0.351764336251,0.703528672503,3.40005801291e-16,3.88578058619e-16,0.08,93333.1532243
2011-05-12,93317.0302397,0.000136482071837,-0.000172746597086,27.062312782,1.79897395585,0.000289953910771,1.92747581508e-05,54124.625564,0.579907821543,0.285912280647,0.285912280647,0.571824561294,2.70616862252e-16,2.63677968348e-16,0.08,93317.0302397
2011-05-13,93329.4076609,0.000352156012622,0.000132638396049,19.0227876836,1.46194438022,0.000203851190236,1.56664263368e-05,38045.5753673,0.407702380472,0.24278874571,0.24278874571,0.48557749142,1.52655665886e-16,1.56125112838e-16,0.0719602354269,93329.4076609
2011-05-16,93203.4282413,-0.00121577124635,-0.00134983627124,8.78738802016,3.7248213409,9.41545461436e-05,3.99104787468e-05,17574.7760403,0.188309092287,0.229762720129,0.229762720129,0.459525440259,7.07767178199e-16,6.40112962635e-16,0.0678952394337,93203.4282413
2011-05-17,93213.6625574,0.000226944222727,0.000109806219596,9.7442567186,1.17340675058,0.000104548265042,1.25897380893e-05,19488.5134372,0.209096530084,0.239105800909,0.239105800909,0.478211601818,-5.55111512313e-17,-5.89805981832e-17,0.08,93213.6625574
2011-05-18,93319.9640943,0.00128290574519,0.00114040725319,12.0615500501,1.22125629816,0.00012939680428,1.3101687721e-05,24123.1001003,0.25879360856,0.255639148938,0.255639148938,0.511278297876,6.80011602583e-16,6.10622663544e-16,0.0728315551191,93319.9640943
2011-05-19,93458.49387,0.00167774568308,0.00148446023413,16.7302001313,1.30719102466,0.000179277824351,1.40076245993e-05,33460.4002626,0.358555648701,0.294417352956,0.294417352956,0.588834705912,1.66533453694e-16,1.66533453694e-16,0.0715433960019,93458.49387
2011-05-20,93356.2310227,-0.000821869388552,-0.00109420602798,23.9444569483,1.50771519871,0.000256204181736,1.61324576962e-05,47888.9138966,0.512408363473,0.45022165016,0.45022165016,0.90044330032,3.05311331772e-16,1.94289029309e-16,0.0784781768263,93356.2310227
2011-05-23,93318.1524709,-0.000127102862633,-0.000407884415472,19.3035026287,6.909204885,0.000206772514456,7.40090383825e-05,38607.0052573,0.413545028912,0.310100102591,0.310100102591,0.620200205183,1.73472347598e-17,1.38777878078e-17,0.0734400814101,93318.1524709
2011-05-24,93255.490576,-0.000452900705603,-0.00067148666468,18.8123957391,1.58564211807,0.000201594172634,1.69917864434e-05,37624.7914782,0.403188345268,0.41808826585,0.41808826585,0.8361765317,1.17961196366e-16,8.32667268469e-17,0.0739780838599,93255.490576
2011-05-25,93177.7323055,-0.000498236800539,-0.000833819756993,29.1585682284,2.13638500471,0.00031267401038,2.2908946074e-05,58317.1364567,0.62534802076,0.381999530745,0.381999530745,0.76399906149,1.11022302463e-16,1.2490009027e-16,0.0792701815165,93177.7323055
2011-05-26,93061.523949,-0.000935516490191,-0.00124716875595,27.0887034455,1.95034794611,0.000290720784625,2.09314811367e-05,54177.4068909,0.581441569251,0.330858275973,0.330858275973,0.661716551946,1.38777878078e-16,1.43982048506e-16,0.08,93061.523949
2011-05-27,93144.3307616,0.00116270122871,0.000889807184029,23.7088027775,1.68713289716,0.000254764824081,1.81292206013e-05,47417.6055551,0.509529648161,0.446869201882,0.446869201882,0.893738403763,-4.16333634234e-17,-9.71445146547e-17,0.08,93144.3307616
2011-05-31,93182.8777403,0.000773690299784,0.000413841384124,24.3949641784,9.12292224597,0.000261904981,9.7943934659e-05,48789.9283568,0.523809962001,0.328941920548,0.328941920548,0.657883841096,4.16333634234e-17,8.32667268469e-17,0.0794106776994,93182.8777403
2011-06-01,93285.4392694,0.00127008465122,0.00110064779677,14.1090654861,1.67954820636,0.000151412639621,1.80242148245e-05,28218.1309723,0.302825279242,0.253739713951,0.253739713951,0.507479427901,-1.38777878078e-17,-6.24500451352e-17,0.08,93285.4392694
2011-06-02,93328.2242338,0.000644973229023,0.00045864568718,16.0846481956,1.2969983932,0.000172423995873,1.39035459699e-05,32169.2963912,0.344847991746,0.240010069361,0.240010069361,0.480020138722,-6.93889390391e-18,5.89805981832e-17,0.08,93328.2242338
2011-06-03,93290.6772287,-0.000260623034511,-0.000402311363667,11.9961385892,1.22738156557,0.000128537092479,1.31512366773e-05,23992.2771785,0.257074184958,0.187477168553,0.187477168553,0.374954337106,1.38777878078e-17,2.86229373536e-17,0.08,93290.6772287
2011-06-06,93227.2161796,-0.000492060913985,-0.000680250706622,14.6813057474,2.87504745522,0.000157371627943,3.08181646937e-05,29362.6114948,0.314743255887,0.263888528649,0.263888528649,0.527777057298,0,4.16333634234e-17,0.08,93227.2161796
2011-06-07,93350.8867731,0.00147692222477,0.0013265503208,12.6707215107,1.34803248809,0.000135912258566,1.44596454054e-05,25341.4430215,0.271824517131,0.293265250968,0.293265250968,0.586530501936,3.88578058619e-16,4.67507976776e-16,0.08,93350.8867731
2011-06-08,93158.84209,-0.00184111813199,-0.00205723469499,18.6745867068,1.50008609521,0.000200047234176,1.60693288202e-05,37349.1734136,0.400094468351,0.360013528482,0.360013528482,0.720027056964,2.77555756156e-16,2.54136989231e-16,0.0799653817641,93158.84209
2011-06-09,92863.8505999,-0.00297610683251,-0.00316654311614,15.9031007469,1.83772292877,0.000170709514954,1.97267686839e-05,31806.2014937,0.341419029908,0.35299681939,0.35299681939,0.705993638781,-6.24500451352e-17,-8.84708972748e-17,0.0760249771953,92863.8505999
2011-06-10,93008.8932688,0.00178308952669,0.00156188514727,18.7456907775,1.79619966565,0.000201862087953,1.93422914735e-05,37491.3815549,0.403724175906,0.316061570148,0.316061570148,0.632123140296,2.15105711021e-16,1.6393136848e-16,0.0758181593502,93008.8932688
2011-06-13,93235.6434904,0.00268091958747,0.00243794129368,17.7668347672,4.83230742645,0.000191022967189,5.19553265996e-05,35533.6695343,0.382045934378,0.304089895465,0.304089895465,0.60817979093,-4.16333634234e-17,-6.07153216592e-17,0.08,93235.6434904
2011-06-14,93453.7225015,0.00257987684623,0.00233900901917,20.9039316693,1.55353518261,0.000224205367032,1.66624600255e-05,41807.8633385,0.448410734064,0.415965104,0.415965104,0.831930208,-1.11022302463e-16,-1.11022302463e-16,0.08,93453.7225015
2011-06-15,93269.6244559,-0.00168408613278,-0.00196993806767,24.5838732959,2.13005410408,0.000263059326454,2.27926084384e-05,49167.7465918,0.526118652909,0.290275711824,0.290275711824,0.580551423648,-2.77555756156e-17,-2.08166817117e-17,0.0751144649433,93269.6244559
2011-06-16,93126.2604455,-0.00134705906699,-0.00153709218092,16.2408154367,1.48350173318,0.000174127595468,1.59055184561e-05,32481.6308734,0.348255190935,0.285527158507,0.285527158507,0.571054317013,-5.55111512313e-17,-1.07552855511e-16,0.08,93126.2604455
2011-06-17,92914.8975316,-0.00199963912459,-0.00226963815412,23.6870094492,1.45699049465,0.000254353705774,1.56453237538e-05,47374.0188984,0.508707411549,0.353059497114,0.353059497114,0.706118994228,1.38777878078e-16,1.14491749414e-16,0.08,92914.8975316
2011-06-20,93135.685841,0.00263783794597,0.00237624229518,18.9136146778,5.39251841045,0.000203558473186,5.80371776078e-05,37827.2293556,0.407116946372,0.328795094268,0.328795094268,0.657590188535,-6.24500451352e-17,-1.73472347598e-16,0.08,93135.685841
2011-06-21,93152.3786288,0.000466388502592,0.000179230846453,25.0666769419,1.67794830717,0.000269141486591,1.80161695489e-05,50133.3538838,0.538282973182,0.361451426664,0.361451426664,0.722902853329,1.11022302463e-16,-2.77555756156e-17,0.08,93152.3786288
2011-06-22,93237.0739611,0.00114118457768,0.000909212770796,19.7637907834,1.84493480288,0.00021216624926,1.98055576255e-05,39527.5815667,0.424332498521,0.390872469247,0.390872469247,0.781744938494,1.38777878078e-17,-5.55111512313e-17,0.08,93237.0739611
2011-06-23,93245.2962622,0.000286273010212,8.81870348797e-05,16.472035893,1.9969208397,0.000176668305785,2.14176695478e-05,32944.0717861,0.35333661157,0.332894382837,0.332894382837,0.665788765675,-1.52655665886e-16,-2.08166817117e-16,0.0717696175866,93245.2962622
2011-06-24,93157.9184761,-0.000643727337799,-0.000937074464009,25.6523720006,1.7008676905,0.000275106338109,1.82407881007e-05,51304.7440012,0.550212676219,0.290130171668,0.290130171668,0.580260343336,-2.77555756156e-16,-3.33066907388e-16,0.0556407677913,93157.9184761
2011-06-27,92907.0283867,-0.00245066637195,-0.00269316976562,18.1481651505,4.4429462268,0.000194810762706,4.76926309591e-05,36296.330301,0.389621525413,0.221547867827,0.221547867827,0.443095735654,-7.6327832943e-17,-4.85722573274e-17,0.0623785758857,92907.0283867
2011-06-28,92617.8873597,-0.00296369538596,-0.00311215450506,12.6650405771,1.12785501617,0.000136319509913,1.2139609196e-05,25330.0811542,0.272639019825,0.295095788835,0.295095788835,0.590191577671,4.16333634234e-17,6.24500451352e-17,0.0634878100552,92617.8873597
2011-06-29,92787.3593291,0.00196011818705,0.00182979739854,10.5724389312,1.49759717976,0.000114151156246,1.6169632265e-05,21144.8778623,0.228302312492,0.323445801666,0.323445801666,0.646891603332,-1.11022302463e-16,-1.04083408559e-16,0.071960114327,92787.3593291
2011-06-30,92904.1992256,0.00136638183052,0.00125922213257,8.29858968312,1.64447571631,8.9436640326e-05,1.77230576255e-05,16597.1793662,0.178873280652,0.362922082346,0.362922082346,0.725844164692,-6.24500451352e-17,-1.38777878078e-17,0.08,92904.1992256
2011-07-01,92913.3879268,0.000414671537535,9.8905123189e-05,27.4885198155,1.8475060516,0.000295880272847,1.98861414984e-05,54977.0396311,0.591760545695,0.360489525012,0.360489525012,0.720979050023,7.6327832943e-17,4.85722573274e-17,0.08,92913.3879268
2011-07-05,92723.3620659,-0.00175631500878,-0.00204519354213,19.499466119,7.34121711364,0.000209867130605,7.90114027423e-05,38998.9322381,0.419734261211,0.253465156772,0.253465156772,0.506930313544,0,-2.77555756156e-17,0.08,92723.3620659
2011-07-06,92684.9735961,-0.000218728230636,-0.00041401076156,16.8194642445,1.28778857548,0.000181394029183,1.38885017409e-05,33638.9284891,0.362788058366,0.285555231661,0.285555231661,0.571110463323,8.32667268469e-17,1.11022302463e-16,0.08,92684.9735961
2011-07-07,92811.7025445,0.00155900839669,0.0013673084585,16.3174747171,1.45022899215,0.000176053076178,1.56468620088e-05,32634.9494341,0.352106152355,0.231537517853,0.231537517853,0.463075035705,1.38777878078e-17,4.16333634234e-17,0.08,92811.7025445
2011-07-08,92688.8575765,-0.00107418165866,-0.00132359351924,21.9708385256,1.17750088958,0.0002367248733,1.26869872796e-05,43941.6770513,0.473449746601,0.307932321264,0.307932321264,0.615864642528,1.66533453694e-16,1.2490009027e-16,0.0740266851111,92688.8575765
2011-07-11,92577.7896704,-0.0010001187614,-0.00119828757199,13.6762222928,4.69181836748,0.000147549798869,5.06190117147e-05,27352.4445856,0.295099597738,0.324033614328,0.324033614328,0.648067228655,1.38777878078e-16,2.08166817117e-16,0.0677815704127,92577.7896704
2011-07-12,92517.5720176,-0.00047388148789,-0.000650454639318,14.7030087432,1.64374333114,0.000158817884889,1.77552665385e-05,29406.0174864,0.317635769779,0.341016997103,0.341016997103,0.682033994205,5.55111512313e-17,9.71445146547e-17,0.08,92517.5720176
2011-07-13,92409.0298208,-0.000989457580458,-0.00117320628379,15.2712132311,1.72877066239,0.000165062840475,1.86858628549e-05,30542.4264622,0.33012568095,0.263652474446,0.263652474446,0.527304948892,8.32667268469e-17,1.11022302463e-16,0.0656741226423,92409.0298208
2011-07-14,92408.8777828,0.000176582268785,-1.64527124802e-06,15.1348275208,1.33500654101,0.000163780829105,1.44467109286e-05,30269.6550416,0.327561658209,0.320319934874,0.320319934874,0.640639869749,-1.38777878078e-17,5.55111512313e-17,0.0557230516485,92408.8777828
2011-07-15,92230.6397089,-0.00160512845664,-0.00192879816601,28.2880145758,1.62194003908,0.000306117932113,1.75517772534e-05,56576.0291515,0.612235864226,0.320261269558,0.320261269558,0.640522539115,1.94289029309e-16,3.05311331772e-16,0.07043724535,92230.6397089
2011-07-18,91880.0721812,-0.00359933667577,-0.00380098770648,13.7428580647,4.85554549566,0.000149005342563,5.26456881464e-05,27485.7161293,0.298010685127,0.345779679614,0.345779679614,0.691559359228,1.38777878078e-16,2.22044604925e-16,0.08,91880.0721812
2011-07-19,91954.2752387,0.000944259059311,0.000807607741254,10.8146966971,1.74083626968,0.000117704486298,1.89468317597e-05,21629.3933942,0.235408972596,0.264123404735,0.264123404735,0.528246809471,3.05311331772e-16,3.60822483003e-16,0.0672646664126,91954.2752387
2011-07-20,91778.242874,-0.00168197435989,-0.00191434671543,20.0368218807,1.33080965786,0.000217899840205,1.4472515328e-05,40073.6437613,0.435799680409,0.24327137717,0.24327137717,0.486542754339,-5.55111512313e-17,2.77555756156e-17,0.08,91778.242874
2011-07-21,91830.116463,0.000707734827718,0.000565205732758,11.857671563,1.22339833086,0.000129199156485,1.3329938475e-05,23715.343126,0.25839831297,0.252528663491,0.252528663491,0.505057326983,-4.16333634234e-17,5.55111512313e-17,0.08,91830.116463
2011-07-22,91679.577056,-0.00147804578734,-0.00163932501435,13.5396197021,1.27067049746,0.000147442039971,1.38371870406e-05,27079.2394041,0.294884079942,0.29032158751,0.29032158751,0.58064317502,-1.11022302463e-16,-5.55111512313e-17,0.08,91679.577056
2011-07-25,91436.4673607,-0.00246348110986,-0.00265173229482,12.8834640271,4.37532498956,0.000140527088375,4.7724096577e-05,25766.9280543,0.28105417675,0.271529011939,0.271529011939,0.543058023879,-6.93889390391e-17,-5.55111512313e-17,0.071107198787,91436.4673607
2011-07-26,91318.8854324,-0.00115638119205,-0.00128594128509,10.4860978413,1.36041937741,0.000114681791019,1.48783020241e-05,20972.1956827,0.229363582037,0.247639461334,0.247639461334,0.495278922668,-1.80411241502e-16,-1.5959455979e-16,0.0736594191348,91318.8854324
2011-07-27,91284.9634757,-0.000202266775037,-0.000371467046858,14.2120482048,1.23913203277,0.000155630986268,1.35692855526e-05,28424.0964095,0.311261972537,0.232533682423,0.232533682423,0.465067364846,-2.08166817117e-17,4.51028103754e-17,0.0713081424288,91284.9634757
2011-07-28,91246.5500529,-0.000281513365092,-0.000420807779265,11.5523716084,1.16311390175,0.000126552842534,1.27415716396e-05,23104.7432169,0.253105685067,0.209833826332,0.209833826332,0.419667652664,0,0,0.0675070795264,91246.5500529
2011-07-29,91346.4817285,0.00129290204275,0.00109518305655,16.9920459057,1.04912946505,0.000186221242292,1.14977439086e-05,33984.0918113,0.372442484583,0.286813334976,0.286813334976,0.573626669953,2.77555756156e-17,4.85722573274e-17,0.08,91346.4817285
2011-08-01,91146.7145545,-0.00194925783001,-0.00218691700302,17.4025804183,4.30674888705,0.000190511775483,4.71473975304e-05,34805.1608365,0.381023550967,0.263205774465,0.263205774465,0.526411548929,-3.46944695195e-17,-2.77555756156e-17,0.08,91146.7145545
2011-08-02,91223.2036542,0.000999502729809,0.0008391865807,13.2977510159,1.31453926544,0.000145893914892,1.44222342172e-05,26595.5020317,0.291787829783,0.198720153276,0.198720153276,0.397440306552,1.38777878078e-16,1.90819582357e-16,0.08,91223.2036542
2011-08-03,91084.5772212,-0.00144375013786,-0.00151964004137,5.92961113658,0.993308986986,6.50011279921e-05,1.0888775522e-05,11859.2222732,0.130002255984,0.214189507289,0.214189507289,0.428379014578,1.5959455979e-16,1.6826817717e-16,0.08,91084.5772212
2011-08-04,91237.8039132,0.00180361109898,0.00168224628843,9.9854563917,1.06900606667,0.00010962839919,1.17364113583e-05,19970.9127834,0.219256798381,0.230889264951,0.230889264951,0.461778529902,-5.89805981832e-17,0,0.08,91237.8039132
2011-08-05,91203.0633154,-0.000258638889261,-0.000380769771609,9.98866146904,1.15429202637,0.000109479415775,1.26514665727e-05,19977.3229381,0.218958831551,0.207999283559,0.207999283559,0.415998567118,4.85722573274e-17,6.93889390391e-17,0.08,91203.0633154
2011-08-08,91240.8220809,0.000563145369876,0.000414007644901,10.4834329635,3.11838441008,0.000114946061924,3.41916630508e-05,20966.865927,0.229892123848,0.233804103749,0.233804103749,0.467608207498,1.83880688454e-16,1.80411241502e-16,0.08,91240.8220809
2011-08-09,91469.9523714,0.00266722605575,0.00251126946607,13.0607045127,1.16890293874,0.000143145405915,1.28111837671e-05,26121.4090255,0.286290811829,0.255106676541,0.255106676541,0.510213353082,1.5959455979e-16,1.6826817717e-16,0.08,91469.9523714
2011-08-10,91486.2783518,0.000427110206002,0.000178484627725,21.4631618278,1.2786079755,0.000234647130248,1.39784480296e-05,42926.3236557,0.469294260495,0.287961917945,0.287961917945,0.575923835889,3.60822483003e-16,3.41740524767e-16,0.08,91486.2783518
2011-08-11,91819.3666395,0.00380909863913,0.0036408551496,13.9484329504,1.44353776328,0.000152464754297,1.57787352298e-05,27896.8659009,0.304929508594,0.283473686945,0.283473686945,0.566947373889,1.94289029309e-16,2.98372437868e-16,0.08,91819.3666395
2011-08-12,91815.141547,0.00023682844633,-4.60152647023e-05,24.5443181094,1.42621229557,0.000267310906268,1.55328047641e-05,49088.6362187,0.534621812536,0.328284737955,0.328284737955,0.656569475909,6.10622663544e-16,4.85722573274e-16,0.08,91815.141547
2011-08-15,91856.9559321,0.000685803871999,0.000455419274242,16.1980257383,4.95476871502,0.000176419983299,5.39646144583e-05,32396.0514766,0.352839966597,0.278429476913,0.278429476913,0.556858953827,1.38777878078e-16,1.31838984174e-16,0.08,91856.9559321
2011-08-16,91848.4332749,0.000141343797831,-9.27818386808e-05,20.1046609227,1.40140735293,0.000218869226817,1.52564096939e-05,40209.3218453,0.437738453635,0.336241288878,0.336241288878,0.672482577757,-4.16333634234e-17,6.93889390391e-18,0.0772685284213,91848.4332749
2011-08-17,91830.3892072,3.02252939698e-05,-0.000196454822103,19.1279814289,1.69223208689,0.00020825593586,1.84241802125e-05,38255.9628579,0.41651187172,0.278822544943,0.278822544943,0.557645089886,6.24500451352e-17,7.6327832943e-17,0.08,91830.3892072
2011-08-18,92066.7511642,0.00275112785613,0.00257389693057,14.8722049929,1.40297988065,0.00016195297789,1.52779476681e-05,29744.4099857,0.323905955779,0.228451976587,0.228451976587,0.456903953175,1.2490009027e-16,1.25767452008e-16,0.0767417099702,92066.7511642
2011-08-19,91916.8609483,-0.0014437036829,-0.00162806022799,15.8206242568,1.15248390583,0.000171838628568,1.25179165253e-05,31641.2485135,0.343677257136,0.23773223328,0.23773223328,0.47546446656,4.40619762898e-16,4.28476698566e-16,0.08,91916.8609483
2011-08-22,92061.1978884,0.00176404920406,0.00157029884056,14.2168812814,3.59204393906,0.000154671092276,3.90792712241e-05,28433.7625629,0.309342184552,0.266319153718,0.266319153718,0.532638307435,2.15105711021e-16,1.64798730218e-16,0.08,92061.1978884
2011-08-23,92567.4423117,0.00563722769349,0.00549899887052,11.3820775832,1.34343344175,0.000123635992626,1.45928303407e-05,22764.1551665,0.247271985251,0.29452215459,0.29452215459,0.58904430918,-3.81639164715e-17,6.93889390391e-18,0.08,92567.4423117
2011-08-24,92275.5285823,-0.00294042519449,-0.00315352484728,18.2322178954,1.4938719208,0.000196961452538,1.61382002515e-05,36464.4357908,0.393922905075,0.248281873529,0.248281873529,0.496563747058,8.32667268469e-17,-1.38777878078e-17,0.0644508940161,92275.5285823
2011-08-25,92260.0649323,3.33529644895e-05,-0.000167581266904,17.285951255,1.25536115711,0.000187329745173,1.36044862208e-05,34571.9025101,0.374659490346,0.327887033642,0.327887033642,0.655774067283,7.42461647718e-16,7.2858385991e-16,0.0633126335333,92260.0649323
2011-08-26,92517.9337717,0.00309240849268,0.00279502122202,25.779386489,1.65758241174,0.000279420857853,1.79664128023e-05,51558.772978,0.558841715706,0.333569819627,0.333569819627,0.667139639254,-1.38777878078e-17,0,0.0773840444046,92517.9337717
2011-08-29,92668.3219725,0.00198299707667,0.00162550323643,28.0015190272,5.07307240776,0.00030266044523,5.48333950072e-05,56003.0380543,0.605320890461,0.277891648555,0.277891648555,0.55578329711,-2.08166817117e-16,-1.04083408559e-16,0.08,92668.3219725
2011-08-30,92642.2671937,-1.86965998076e-05,-0.00028116165514,22.9111413083,1.41105494585,0.000247238115686,1.52269396468e-05,45822.2826165,0.494476231372,0.378430221391,0.378430221391,0.756860442782,-2.49800180541e-16,-1.87350135405e-16,0.0765941428524,92642.2671937
2011-08-31,92868.3389339,0.00270182866261,0.00244026562649,22.3107716565,1.9210210238,0.000240827133579,2.0735902542e-05,44621.543313,0.481654267158,0.333368420118,0.333368420118,0.666736840237,-4.4408920985e-16,-3.74700270811e-16,0.08,92868.3389339
2011-09-01,92862.986658,0.00020154154807,-5.76329453108e-05,22.3727007804,1.69640391394,0.000240907730635,1.82667627462e-05,44745.4015608,0.48181546127,0.222456807228,0.222456807228,0.444913614457,-3.88578058619e-16,-3.74700270811e-16,0.08,92862.986658
2011-09-02,92900.4114434,0.00061846830931,0.000403010788127,18.8760835166,1.13194539845,0.000203268107089,1.21894140947e-05,37752.1670332,0.406536214178,0.280436024463,0.280436024463,0.560872048926,-6.93889390391e-18,1.38777878078e-17,0.08,92900.4114434
2011-09-06,92778.533715,-0.00109141849917,-0.00131191806927,14.7743370466,5.71016373834,0.000159034140076,6.14654300192e-05,29548.6740933,0.318068280152,0.385333240368,0.385333240368,0.770666480736,1.38777878078e-16,6.93889390391e-17,0.08,92778.533715
2011-09-07,92820.666887,0.000673906744413,0.000454126296615,18.4319677937,1.95893989222,0.000198666297641,2.11141501571e-05,36863.9355875,0.397332595282,0.337719223793,0.337719223793,0.675438447586,7.6327832943e-17,5.55111512313e-17,0.0722040862525,92820.666887
2011-09-08,92280.6519461,-0.00561343547237,-0.00581783086598,17.2544551782,1.71766156564,0.000185890230666,1.85051629476e-05,34508.9103564,0.371780461332,0.329382438092,0.329382438092,0.658764876184,-7.6327832943e-17,-9.71445146547e-17,0.0746313134615,92280.6519461
2011-09-09,92267.6581862,1.15280530768e-05,-0.000140806979982,12.3920624045,1.66551376037,0.000134286680287,1.80483527722e-05,24784.1248091,0.268573360573,0.347124567358,0.347124567358,0.694249134716,3.46944695195e-17,5.55111512313e-17,0.0772504005298,92267.6581862
2011-09-12,92318.4233402,0.000758274551231,0.000550194455369,13.9341254733,5.26493768696,0.000151018523145,5.70615727164e-05,27868.2509466,0.30203704629,0.326433387271,0.326433387271,0.652866774542,0,3.12250225676e-17,0.071893198578,92318.4233402
2011-09-13,92209.9003252,-0.00104573981186,-0.00117552933649,10.3306867111,1.65127756923,0.000111902763688,1.78867609464e-05,20661.3734221,0.223805527375,0.283913896925,0.283913896925,0.567827793851,-2.22044604925e-16,-1.94289029309e-16,0.06147268152,92209.9003252
2011-09-14,92199.5170692,0.00011007747082,-0.000112604568801,19.0989860948,1.43450258282,0.000207125113762,1.55569258589e-05,38197.9721896,0.414250227523,0.406687419576,0.406687419576,0.813374839153,-4.71844785466e-16,-4.23272528138e-16,0.08,92199.5170692
2011-09-15,92161.2029272,-0.000156930007568,-0.00041555686173,21.7906746887,2.05459636619,0.000236342611994,2.22842421686e-05,43581.3493774,0.472685223988,0.384081943029,0.384081943029,0.768163886057,0,5.55111512313e-17,0.08,92161.2029272
2011-09-16,91649.1618333,-0.00530553584197,-0.00555592893417,21.1369420679,1.93958651464,0.000229347506289,2.10455859194e-05,42273.8841358,0.458695012577,0.26688092875,0.26688092875,0.5337618575,-9.71445146547e-17,-8.32667268469e-17,0.08,91649.1618333
2011-09-19,91594.1049095,-0.000408619900423,-0.000600735703644,13.5865268449,4.02072549522,0.000148244965618,4.38708376028e-05,27173.0536899,0.296489931237,0.281695930231,0.281695930231,0.563391860462,8.32667268469e-17,1.11022302463e-16,0.0794504670545,91594.1049095
2011-09-20,91537.8148285,-0.000438092561984,-0.000614560086467,14.7495939048,1.41379104582,0.000161032131046,1.54353934373e-05,29499.1878096,0.322064262091,0.312176744615,0.312176744615,0.624353489229,5.55111512313e-17,9.04224611853e-17,0.08,91537.8148285
2011-09-21,90861.2786154,-0.0071969592959,-0.00739078395465,16.1764787603,1.56580696122,0.000176719083699,1.71055750474e-05,32352.9575205,0.353438167397,0.337113538084,0.337113538084,0.674227076167,5.55111512313e-17,1.52655665886e-16,0.08,90861.2786154
2011-09-22,90639.1547302,-0.00226233041151,-0.00244464846448,14.8872641686,1.67838723884,0.00016384607828,1.84719746895e-05,29774.5283372,0.327692156559,0.298264889147,0.298264889147,0.596529778295,1.17961196366e-16,1.80411241502e-16,0.08,90639.1547302
2011-09-23,90455.1791316,-0.00192836161721,-0.00202975854214,7.70919033844,1.48134122948,8.50536433332e-05,1.63432815971e-05,15418.3806769,0.170107286666,0.291382034126,0.291382034126,0.582764068252,1.35308431126e-16,1.5959455979e-16,0.08,90455.1791316
2011-09-26,90700.5652387,0.00287030973976,0.00271279222938,9.91561476643,4.33265985084,0.000109619093806,4.78984165687e-05,19831.2295329,0.219238187611,0.317149281398,0.317149281398,0.634298562795,1.5959455979e-16,1.99493199737e-16,0.08,90700.5652387
2011-09-27,90847.24495,0.00180497269334,0.00161718629774,15.4561339187,1.57619830618,0.000170408352782,1.73780428163e-05,30912.2678374,0.340816705564,0.310503591362,0.310503591362,0.621007182723,8.32667268469e-17,8.32667268469e-17,0.08,90847.24495
2011-09-28,90696.900569,-0.00149691965568,-0.00165491403825,12.8076888496,1.54566552451,0.000140980487153,1.70138954171e-05,25615.3776992,0.281960974307,0.270632995894,0.270632995894,0.541265991788,6.93889390391e-17,4.85722573274e-17,0.08,90696.900569
2011-09-29,90722.9550424,0.000451711405524,0.000287269722504,13.5693880197,1.34496295448,0.000149612477765,1.48292052545e-05,27138.7760395,0.29922495553,0.253476669162,0.253476669162,0.506953338324,2.77555756156e-16,2.08166817117e-16,0.08,90722.9550424
2011-09-30,90683.1007327,-0.000182096784157,-0.000439296865182,22.0738882393,1.26006314853,0.000243310948469,1.38891325568e-05,44147.7764785,0.486621896937,0.303532142906,0.303532142906,0.607064285811,1.63064006742e-16,8.32667268469e-17,0.0632901250549,90683.1007327
2011-10-03,90495.8353004,-0.00188733176413,-0.00206505325362,11.5916394231,4.5246963108,0.000127825794767,4.98956947242e-05,23183.2788462,0.255651589534,0.282594208205,0.282594208205,0.565188416411,-3.81639164715e-17,-1.66533453694e-16,0.0759428863882,90495.8353004
2011-10-04,90378.8689301,-0.00111746722175,-0.00129250556119,14.438947646,1.40129309165,0.000159553725296,1.54846141482e-05,28877.8952919,0.319107450592,0.35123499717,0.35123499717,0.702469994339,-5.55111512313e-17,-9.71445146547e-17,0.08,90378.8689301
2011-10-05,90462.2359641,0.00113536298072,0.000922417319818,17.506378564,1.73940941221,0.000193699907636,1.92457532696e-05,35012.757128,0.387399815272,0.24327342334,0.24327342334,0.486546846681,2.77555756156e-17,-2.77555756156e-17,0.069550825381,90462.2359641
2011-10-06,90410.5436382,-0.000362393542163,-0.000571424366489,17.7035295717,1.20586618225,0.000195700773732,1.3330050594e-05,35407.0591433,0.391401547463,0.39913056641,0.39913056641,0.79826113282,-5.55111512313e-17,-7.6327832943e-17,0.0763082274762,90410.5436382
2011-10-07,90177.5186981,-0.00231995597032,-0.00257740890335,21.2991658559,1.97729378037,0.000235582765005,2.18701680225e-05,42598.3317118,0.47116553001,0.33676747604,0.33676747604,0.673534952081,-4.16333634234e-16,-4.00721122951e-16,0.08,90177.5186981
2011-10-10,90176.6774143,0.000174804023446,-9.32919666363e-06,11.612536291,4.99214060836,0.000128774182952,5.53590371573e-05,23225.072582,0.257548365904,0.389483284564,0.389483284564,0.778966569129,0,-4.16333634234e-17,0.08,90176.6774143
2011-10-11,90196.3880104,0.000387409684725,0.000218577538248,13.3002119546,1.92451005537,0.000147490596638,2.13415498391e-05,26600.4239093,0.294981193275,0.278950561591,0.278950561591,0.557901123182,-9.71445146547e-17,-1.70002900646e-16,0.08,90196.3880104
2011-10-12,90452.786843,0.00300766869626,0.00284267295148,13.5033718279,1.37864838844,0.000149710782502,1.5284962279e-05,27006.7436558,0.299421565004,0.310389123907,0.310389123907,0.620778247814,0,2.25514051877e-17,0.0758507428135,90452.786843
2011-10-13,90056.9299981,-0.00410992629533,-0.00437639191331,22.5641708256,1.53838691853,0.000249457994752,1.70076232278e-05,45128.3416511,0.498915989504,0.307124752907,0.307124752907,0.614249505814,-3.81639164715e-17,-5.55111512313e-17,0.0658259794254,90056.9299981
2011-10-14,89697.7944864,-0.00368973115424,-0.00398787202373,25.3341055304,1.51554588346,0.000281312115913,1.68287535839e-05,50668.2110607,0.562624231825,0.261938531307,0.261938531307,0.523877062615,1.2490009027e-16,1.38777878078e-16,0.0610048743337,89697.7944864
2011-10-17,89956.1626329,0.00308492535983,0.00288042920126,14.4806119034,3.86224250125,0.000161437769862,4.30583887081e-05,28961.2238069,0.322875539724,0.175467399046,0.175467399046,0.350934798092,-2.77555756156e-17,2.77555756156e-17,0.0567669003129,89956.1626329
2011-10-18,90097.3750469,0.00172236538235,0.00156979143846,12.8600693112,0.864897199197,0.000142959291891,9.61465200252e-06,25720.1386224,0.285918583782,0.175209471212,0.175209471212,0.350418942424,1.94289029309e-16,2.81025203108e-16,0.0623326563418,90097.3750469
2011-10-19,90255.5617411,0.00197851364523,0.0017557303323,19.2072101412,0.864981558331,0.000213182793962,9.60051897051e-06,38414.4202823,0.426365587924,0.28694664904,0.28694664904,0.57389329808,6.93889390391e-17,1.11022302463e-16,0.0741011009789,90255.5617411
2011-10-20,90275.9198435,0.000454615395759,0.000225560641485,19.2543679275,1.41909758898,0.000213331650217,1.5723104057e-05,38508.7358549,0.426663300433,0.266096727497,0.266096727497,0.532193454994,-2.77555756156e-17,1.38777878078e-17,0.08,90275.9198435
2011-10-21,90269.8819308,7.52657621045e-05,-6.68828709037e-05,11.5163176765,1.31628092286,0.000127567990406,1.45806426026e-05,23032.6353529,0.255135980812,0.281086507743,0.281086507743,0.562173015487,-1.11022302463e-16,-1.38777878078e-16,0.08,90269.8819308
2011-10-24,90513.0541452,0.00289477503633,0.00269383552064,13.9677760773,4.1710102794,0.000154733514418,4.62060012729e-05,27935.5521545,0.309467028836,0.285422644748,0.285422644748,0.570845289497,-1.00613961607e-16,-1.94289029309e-16,0.0686301475737,90513.0541452
2011-10-25,90409.2336498,-0.000933108324718,-0.00114702234232,17.9464233702,1.41558768758,0.000198274420631,1.56395969725e-05,35892.8467404,0.396548841262,0.271361938959,0.271361938959,0.542723877918,-7.2858385991e-17,-1.47451495458e-16,0.0752172308277,90409.2336498
2011-10-26,90264.4720558,-0.00136738897396,-0.00160118151884,19.7926966003,1.34430821606,0.000218923397548,1.48691473402e-05,39585.3932006,0.437846795095,0.269901980917,0.269901980917,0.539803961834,3.46944695195e-17,-4.16333634234e-17,0.0635134453751,90264.4720558
2011-10-27,90576.666919,0.00374356161552,0.00345866824572,24.3808148325,1.33493478434,0.000270104220157,1.47891496393e-05,48761.629665,0.540208440314,0.28289531174,0.28289531174,0.56579062348,6.93889390391e-18,0,0.08,90576.666919
2011-10-28,90535.8063351,-0.000206605695927,-0.000451116002811,20.7428894783,1.40403914654,0.000229009193912,1.5501112972e-05,41485.7789566,0.458018387823,0.347187397128,0.347187397128,0.694374794255,-8.32667268469e-17,-1.04083408559e-16,0.0636705901291,90535.8063351
2011-10-31,90711.6963453,0.00221267515394,0.00194276736825,19.2692684465,5.16705056685,0.00021283588479,5.70719008977e-05,38538.536893,0.42567176958,0.312025616542,0.312025616542,0.624051233084,-9.71445146547e-17,-1.2490009027e-16,0.08,90711.6963453
2011-11-01,90694.6691561,4.09232007485e-05,-0.000187706656211,19.1884776132,1.55092454683,0.000211532562903,1.70972940571e-05,38376.9552263,0.423065125806,0.304466432401,0.304466432401,0.608932864802,-1.38777878078e-17,1.38777878078e-17,0.08,90694.6691561
2011-11-02,90697.8928716,0.000213234041713,3.55447082614e-05,14.6024077836,1.51306752634,0.000161006241265,1.66830921864e-05,29204.8155672,0.32201248253,0.286817423802,0.286817423802,0.573634847603,-4.16333634234e-17,-1.38777878078e-17,0.08,90697.8928716
2011-11-03,90526.9709272,-0.0017506709888,-0.00188451946341,10.7143644209,1.42541019056,0.000118132451391,1.5716023222e-05,21428.7288419,0.236264902782,0.298267899096,0.298267899096,0.596535798192,1.38777878078e-17,-2.77555756156e-17,0.08,90526.9709272
2011-11-04,90739.4794052,0.00253041720791,0.00234746038509,15.0830042721,1.47952270849,0.000166613376297,1.63434465258e-05,30166.0085442,0.333226752593,0.279030006882,0.279030006882,0.558060013763,4.16333634234e-17,3.46944695195e-17,0.0544122069417,90739.4794052
2011-11-07,90696.0037817,-0.000177884992364,-0.00047912577725,23.1723984242,4.16203357198,0.00025537283855,4.58679463367e-05,46344.7968485,0.510745677099,0.298098228724,0.298098228724,0.596196457447,6.93889390391e-17,8.32667268469e-17,0.0772026506281,90696.0037817
2011-11-08,90718.0220958,0.000491345493582,0.000242770499276,21.063316537,1.48144208655,0.000232240844787,1.63341495191e-05,42126.633074,0.464481689573,0.340893842202,0.340893842202,0.681787684403,-2.77555756156e-17,-6.24500451352e-17,0.0787890585247,90718.0220958
2011-11-09,90781.7739973,0.000931142720491,0.00070274792177,19.0249920622,1.69453233475,0.00020971568408,1.86791146412e-05,38049.9841244,0.41943136816,0.3454240042,0.3454240042,0.6908480084,5.55111512313e-17,5.55111512313e-17,0.075021361862,90781.7739973
2011-11-10,90610.2649146,-0.00164045388991,-0.00188924577132,20.8675106031,1.71825774699,0.000229864538709,1.89273426959e-05,41735.0212061,0.459729077418,0.360809473756,0.360809473756,0.721618947513,1.52655665886e-16,1.21430643318e-16,0.0701241424059,90610.2649146
2011-11-11,90567.193965,-0.000242375655332,-0.000475342939446,19.3178277683,1.79139956169,0.00021319690199,1.97703821236e-05,38635.6555365,0.426393803979,0.295287020902,0.295287020902,0.590574041804,6.93889390391e-18,-9.71445146547e-17,0.08,90567.193965
2011-11-14,90569.939401,0.000281970511079,3.03138022282e-05,18.3956802813,4.39616168176,0.000203116376647,4.8540332203e-05,36791.3605626,0.406232753295,0.223012526156,0.223012526156,0.446025052311,7.6327832943e-17,5.20417042793e-17,0.08,90569.939401
2011-11-15,90779.8586629,0.00243403102096,0.00231775866591,9.42402776856,1.10675238244,0.000104052490604,1.22198644469e-05,18848.0555371,0.208104981209,0.245464858919,0.245464858919,0.490929717838,6.93889390391e-17,-1.73472347598e-17,0.0794660891429,90779.8586629
2011-11-16,90730.5270258,-0.000341318219701,-0.000543420509761,17.1258164942,1.22100083284,0.000188652160804,1.34501292558e-05,34251.6329884,0.377304321608,0.225608835586,0.225608835586,0.451217671171,2.08166817117e-17,-5.20417042793e-18,0.08,90730.5270258
2011-11-17,90717.3375254,1.31715929053e-05,-0.000145370040426,13.2629435611,1.12162238654,0.000146179505354,1.23621279773e-05,26525.8871223,0.292359010708,0.313553704296,0.313553704296,0.627107408591,5.55111512313e-17,6.93889390391e-18,0.075022916459,90717.3375254
2011-11-18,90610.4181064,-0.000934449508835,-0.00117859961496,20.5900307498,1.55861683424,0.000226969081231,1.71810248929e-05,41180.0614997,0.453938162461,0.369832189207,0.369832189207,0.739664378415,1.87350135405e-16,1.94289029309e-16,0.0720892495299,90610.4181064
2011-11-21,90779.1964302,0.00210640932386,0.00186268121642,16.5757058356,5.50859988383,0.000182933774968,6.07943324725e-05,33151.4116712,0.365867549936,0.323215404606,0.323215404606,0.646430809212,1.31838984174e-16,1.80411241502e-16,0.08,90779.1964302
2011-11-22,90764.2635813,2.75680885081e-06,-0.000164496376921,13.5753709168,1.60773888789,0.000149542752642,1.77104331291e-05,27150.7418337,0.299085505285,0.260885381523,0.260885381523,0.521770763046,-6.93889390391e-18,4.16333634234e-17,0.08,90764.2635813
2011-11-23,90779.9891994,0.000389976590754,0.000173257817182,18.3728366255,1.29748326208,0.000202423684174,1.42950893985e-05,36745.6732509,0.404847368348,0.2779046582,0.2779046582,0.555809316399,1.2490009027e-16,1.38777878078e-16,0.08,90779.9891994
2011-11-25,90632.1906822,-0.00138276731921,-0.0016280957795,19.5061827158,2.76473225971,0.000214873155282,3.04553050082e-05,39012.3654316,0.429746310565,0.321253677975,0.321253677975,0.64250735595,2.22044604925e-16,2.22044604925e-16,0.0684794637373,90632.1906822
2011-11-28,90975.8755415,0.00402264523876,0.00379208376979,16.1101116335,4.78617938623,0.000177752645194,5.28088237767e-05,32220.223267,0.355505290389,0.346778114978,0.346778114978,0.693556229956,5.55111512313e-17,3.81639164715e-17,0.08,90975.8755415
2011-11-29,91052.1566167,0.00110525246278,0.000838475857627,22.5415534403,1.72868178788,0.00024777506461,1.90015405467e-05,45083.1068805,0.495550129221,0.290194809508,0.290194809508,0.580389619017,7.6327832943e-17,1.2490009027e-16,0.08,91052.1566167
2011-11-30,90819.7239732,-0.00227134058241,-0.0025527417713,24.1743570003,1.447828123,0.000265500103442,1.59010854525e-05,48348.7140006,0.531000206883,0.272300076651,0.272300076651,0.544600153302,-4.16333634234e-17,-2.77555756156e-17,0.0741502554879,90819.7239732
2011-12-01,90729.512766,-0.000688521904165,-0.00099329972863,26.3247574637,1.35508042736,0.00028985727232,1.49205521453e-05,52649.5149274,0.57971454464,0.300223523413,0.300223523413,0.600447046826,2.77555756156e-17,-4.16333634234e-17,0.0722697541068,90729.512766
2011-12-02,90988.8494928,0.00306058192249,0.00285835026421,16.8558245346,1.49255528768,0.000185781054265,1.64506040226e-05,33711.6490693,0.37156210853,0.30175458351,0.30175458351,0.603509167019,6.93889390391e-18,-2.08166817117e-17,0.0741852431158,90988.8494928
2011-12-05,91102.9010439,0.00155010645831,0.0012534673398,22.4774873323,4.51336477524,0.000247035625328,4.96034931797e-05,44954.9746647,0.494071250656,0.390529708757,0.390529708757,0.781059417514,-8.32667268469e-17,-5.55111512313e-17,0.0788701066295,91102.9010439
2011-12-06,91018.6230067,-0.000724354036516,-0.000925086207541,16.3377823236,1.94950078968,0.000179333282874,2.13988881511e-05,32675.5646472,0.358666565749,0.296602817495,0.296602817495,0.593205634989,8.32667268469e-17,9.71445146547e-17,0.0731298489099,91018.6230067
2011-12-07,91191.5219686,0.00212025101655,0.00189959984195,18.6041123763,1.47925370018,0.000204398965418,1.62522091778e-05,37208.2247526,0.408797930835,0.276837068965,0.276837068965,0.55367413793,-2.22044604925e-16,-2.56739074445e-16,0.0676694402316,91191.5219686
2011-12-08,91261.5559006,0.00108696748487,0.000767987314319,27.7049889476,1.38329828253,0.000303811016085,1.51691544638e-05,55409.9778952,0.60762203217,0.419939975901,0.419939975901,0.839879951802,-7.6327832943e-17,-9.36750677027e-17,0.08,91261.5559006
2011-12-09,91537.323527,0.00330987515746,0.00302172830217,24.1967645565,2.09996578551,0.000265136445656,2.30104096384e-05,48393.5291131,0.530272891312,0.36426296163,0.36426296163,0.728525923259,2.77555756156e-17,6.93889390391e-17,0.08,91537.323527
2011-12-12,91477.3941196,-0.000328852656439,-0.00065469914455,24.3459663776,5.48114902481,0.000265967645104,5.98788430076e-05,48691.9327551,0.531935290207,0.178628506929,0.178628506929,0.357257013859,1.38777878078e-17,-2.94902990916e-17,0.066144100291,91477.3941196
2011-12-13,91352.4699973,-0.00124777878524,-0.00136562834471,9.88520236145,0.895368237226,0.000108061696079,9.7878633934e-06,19770.4047229,0.216123392158,0.187090877894,0.187090877894,0.374181755788,1.11022302463e-16,1.38777878078e-16,0.062019914653,91352.4699973
2011-12-14,91077.8769822,-0.00289910090949,-0.00300586306008,8.81648129235,0.936504866279,9.65105956371e-05,1.02515549531e-05,17632.9625847,0.193021191274,0.192310282785,0.192310282785,0.384620565569,4.16333634234e-17,7.2858385991e-17,0.0719320979166,91077.8769822
2011-12-15,90917.5499735,-0.00163563032517,-0.00176032878717,10.3975335229,0.959737659062,0.000114160912258,1.05375497416e-05,20795.0670457,0.228321824517,0.253365201639,0.253365201639,0.506730403279,1.38777878078e-16,1.94289029309e-16,0.0576200095418,90917.5499735
2011-12-16,90898.8044957,-1.50603832132e-05,-0.000206181071398,16.1140141228,1.26221059625,0.000177237663437,1.38830247474e-05,32228.0282455,0.354475326875,0.351977907094,0.351977907094,0.703955814187,1.66533453694e-16,9.36750677027e-17,0.0758212387445,90898.8044957
2011-12-19,90691.1062716,-0.0020617504208,-0.00228493900666,15.02822698,5.25934865156,0.00016532920387,5.7859381988e-05,30056.4539601,0.330658407741,0.366514247856,0.366514247856,0.733028495712,2.77555756156e-17,-5.72458747072e-17,0.0776247463729,90691.1062716
2011-12-20,90695.9482404,0.000182206225371,5.33896760033e-05,9.86116837629,1.82134699191,0.000108733576882,2.00829724852e-05,19722.3367526,0.217467153764,0.355020109399,0.355020109399,0.710040218799,8.32667268469e-17,6.24500451352e-17,0.0658125134945,90695.9482404
2011-12-21,89782.3665958,-0.00990485208146,-0.0100730149723,13.4873703491,1.76432249131,0.000148709734126,1.94531566794e-05,26974.7406983,0.297419468252,0.356769257529,0.356769257529,0.713538515058,1.11022302463e-16,1.2490009027e-16,0.08,89782.3665958
2011-12-22,89623.318656,-0.0015345767714,-0.00177148304143,19.5148500627,1.75515552162,0.000217357269613,1.95490004126e-05,39029.7001254,0.434714539226,0.206057395488,0.206057395488,0.412114790977,1.45716771982e-16,1.80411241502e-16,0.08,89623.318656
2011-12-23,89653.0093132,0.000427073103299,0.000331282724325,7.57313124151,1.01192041739,8.44995627821e-05,1.12908161911e-05,15146.262483,0.168999125564,0.197512579316,0.197512579316,0.395025158632,-4.33680868994e-17,2.77555756156e-17,0.0705973708034,89653.0093132
2011-12-27,89505.0566525,-0.00152895461159,-0.00165028103175,6.99616150093,3.88111717542,7.80359918148e-05,4.32904283432e-05,13992.3230019,0.15607198363,0.173379586774,0.173379586774,0.346759173548,-6.93889390391e-18,2.77555756156e-17,0.0765135713333,89505.0566525
2011-12-28,89594.5935846,0.00107998040179,0.0010003561308,6.27645435263,0.850320533512,7.0124019663e-05,9.50025133009e-06,12552.9087053,0.140248039326,0.154938739813,0.154938739813,0.309877479626,-5.03069808033e-17,-4.16333634234e-17,0.0655341185449,89594.5935846
2011-12-29,89508.190001,-0.000894232421236,-0.000964383900668,5.52455364936,0.760639639675,6.16616854693e-05,8.48979396236e-06,11049.1072987,0.123323370939,0.155104368581,0.155104368581,0.310208737162,-6.93889390391e-18,-2.77555756156e-17,0.0646866479512,89508.190001
2011-12-30,89479.998112,-5.22589633358e-05,-0.000314964351149,22.7535653396,0.760718427011,0.000254206518301,8.4988695113e-06,45507.1306792,0.508413036603,0.3390384227,0.3390384227,0.678076845401,-1.38777878078e-17,2.77555756156e-17,0.08,89479.998112
2012-01-03,89517.3575363,0.00077482929736,0.000417517044381,25.3230597388,6.64923998315,0.000283002461702,7.43097912768e-05,50646.1194776,0.566004923404,0.288202621235,0.288202621235,0.576405242469,1.73472347598e-16,2.22044604925e-16,0.0687163946009,89517.3575363
2012-01-04,89360.1725759,-0.00136957130438,-0.00175591600017,33.1709049182,1.41365134729,0.000370552771341,1.57919244512e-05,66341.8098364,0.741105542682,0.287516818632,0.287516818632,0.575033637264,-2.35922392733e-16,-1.94289029309e-16,0.08,89360.1725759
2012-01-05,89318.3626264,-0.000267279159009,-0.00046788125303,16.5180266432,1.40781109761,0.000184847747795,1.57543462264e-05,33036.0532864,0.36969549559,0.174650835711,0.174650835711,0.349301671421,-1.28369537222e-16,-1.21430643318e-16,0.08,89318.3626264
2012-01-06,89226.360166,-0.000932876612222,-0.00103005090715,7.82468032694,0.854768585042,8.76043861179e-05,9.56990880606e-06,15649.3606539,0.175208772236,0.182272712652,0.182272712652,0.364545425303,-1.21430643318e-16,-6.59194920871e-17,0.0680699450574,89226.360166
2012-01-09,89279.7783483,0.000706810998499,0.000598681625045,6.97453331778,2.6734571026,7.81667357585e-05,2.99626376961e-05,13949.0666356,0.156333471517,0.194922192143,0.194922192143,0.389844384285,-9.71445146547e-17,-5.55111512313e-17,0.08,89279.7783483
2012-01-10,89329.468122,0.000643941308869,0.000556562467178,6.8475959413,0.953567677241,7.66981736289e-05,1.06806680626e-05,13695.1918826,0.153396347258,0.239388528693,0.239388528693,0.478777057386,-1.38777878078e-16,-1.17961196366e-16,0.08,89329.468122
2012-01-11,89379.9262265,0.000712390972181,0.000564853967786,12.0076514491,1.17175068179,0.00013441982474,1.31171796544e-05,24015.3028982,0.268839649481,0.249435138737,0.249435138737,0.498870277474,-2.49800180541e-16,-2.22044604925e-16,0.0646816397465,89379.9262265
2012-01-12,89263.6406673,-0.0010974247828,-0.00130102545502,16.9761969365,1.22161612595,0.000189932993382,1.36676788349e-05,33952.3938729,0.379865986764,0.313917309457,0.313917309457,0.627834618915,9.71445146547e-17,1.66533453694e-16,0.0625080584161,89263.6406673
2012-01-13,89212.9770757,-0.000368701319166,-0.000567572544363,16.2165503023,1.53541928277,0.000181670276734,1.72009484634e-05,32433.1006046,0.363340553468,0.303206612227,0.303206612227,0.606413224454,-1.52655665886e-16,-6.93889390391e-17,0.08,89212.9770757
2012-01-17,89242.2076581,0.000531550443017,0.000327649445273,12.2618556849,5.92875935251,0.000137444753968,6.64562437758e-05,24523.7113699,0.274889507937,0.246884628157,0.246884628157,0.493769256313,-1.80411241502e-16,-1.66533453694e-16,0.08,89242.2076581
2012-01-18,89181.2689426,-0.000550181448866,-0.000682846347505,10.6320465564,1.20726187691,0.000119136973809,1.35279248305e-05,21264.0931128,0.238273947618,0.264283558524,0.264283558524,0.528567117048,-6.93889390391e-18,2.77555756156e-17,0.08,89181.2689426
2012-01-19,89194.0551923,0.000258868010154,0.000143373714267,9.00846796647,1.29145989643,0.00010101300501,1.4481290878e-05,18016.9359329,0.202026010019,0.259500985283,0.259500985283,0.519001970566,0,0,0.08,89194.0551923
2012-01-20,89249.7616042,0.000913952839432,0.000624552967994,24.5444771356,1.26827097007,0.000275180639368,1.42192320703e-05,49088.9542713,0.550361278736,0.381986555823,0.381986555823,0.763973111647,8.32667268469e-17,5.55111512313e-17,0.08,89249.7616042
2012-01-23,89353.8465768,0.00157968614674,0.00116622129567,31.2974406427,5.60419874684,0.000350672540521,6.27923105463e-05,62594.8812854,0.701345081043,0.358895024337,0.358895024337,0.717790048674,1.38777878078e-16,5.55111512313e-17,0.0769365190645,89353.8465768
2012-01-24,89167.4341828,-0.00184730777224,-0.0020862268515,19.5911523995,1.75718635298,0.000219253598474,1.96654807856e-05,39182.3047989,0.438507196948,0.367827473337,0.367827473337,0.735654946674,1.38777878078e-17,0,0.0678406451467,89167.4341828
2012-01-25,88992.3610325,-0.00174928975158,-0.00196342029924,17.2963081159,1.79716339832,0.000193975617605,2.01549300459e-05,34592.6162317,0.38795123521,0.340254350046,0.340254350046,0.680508700092,-2.63677968348e-16,-3.12250225676e-16,0.0726692468294,88992.3610325
2012-01-26,88782.4942968,-0.00216514614702,-0.00235825562253,15.5260880009,1.65918016231,0.000174465401533,1.86440739751e-05,31052.1760018,0.348930803066,0.360079373439,0.360079373439,0.720158746877,-1.38777878078e-17,4.16333634234e-17,0.0793167550979,88782.4942968
2012-01-27,88861.9656872,0.00107265171323,0.000895124552299,14.0095921029,1.75171205034,0.000157796784309,1.97303766268e-05,28019.1842059,0.315593568617,0.311960753543,0.311960753543,0.623921507086,5.55111512313e-17,8.32667268469e-17,0.0657729085506,88861.9656872
2012-01-30,88712.8335033,-0.00140426759094,-0.00167824538562,19.7892553989,4.55694999076,0.000222696574917,5.12812197605e-05,39578.5107979,0.445393149834,0.210071287155,0.210071287155,0.42014257431,-6.93889390391e-18,4.16333634234e-17,0.0586690386952,88712.8335033
2012-01-31,88581.490233,-0.00131627338498,-0.00148054419184,13.551777006,1.02115173267,0.000152760051402,1.15107554605e-05,27103.554012,0.305520102805,0.265745308029,0.265745308029,0.531490616058,1.09287578987e-16,1.80411241502e-16,0.0519083720132,88581.490233
2012-02-01,88634.7402753,0.000786983015268,0.000601141865607,15.1722166462,1.2898693374,0.00017127976292,1.45613867413e-05,30344.4332924,0.34255952584,0.18643456849,0.18643456849,0.372869136981,3.46944695195e-17,6.24500451352e-17,0.0534278474327,88634.7402753
2012-02-02,88612.8680811,-6.6074486615e-05,-0.000246767736153,15.1102428282,0.905456414054,0.000170477656743,1.0215592794e-05,30220.4856564,0.340955313487,0.218331115305,0.218331115305,0.436662230611,1.38777878078e-17,5.55111512313e-17,0.08,88612.8680811
2012-02-03,88774.8509027,0.00197589754787,0.00182798305831,12.0470205034,1.06010664759,0.00013595114078,1.19633487839e-05,24094.0410068,0.27190228156,0.20221181608,0.20221181608,0.404423632161,7.97972798949e-17,9.02056207508e-17,0.08,88774.8509027
2012-02-06,88870.2115422,0.00127177640194,0.00107418529657,14.5902183728,2.9509025463,0.000164350806838,3.32402985338e-05,29180.4367456,0.328701613677,0.249628729749,0.249628729749,0.499257459499,3.81639164715e-17,4.16333634234e-17,0.08,88870.2115422
2012-02-07,88965.2863181,0.00130664888739,0.00106981601908,19.831794887,1.21559222026,0.000223154581753,1.36782865616e-05,39663.589774,0.446309163506,0.32694365813,0.32694365813,0.65388731626,-4.16333634234e-17,-6.93889390391e-17,0.0693341320662,88965.2863181
2012-02-08,88780.2794291,-0.0018607878209,-0.00207954019716,17.8675795039,1.59378828249,0.000200837655263,1.79147209934e-05,35735.1590079,0.401675310526,0.24655582063,0.24655582063,0.49311164126,-5.55111512313e-17,-1.04083408559e-17,0.08,88780.2794291
2012-02-09,88865.083951,0.00110931739429,0.000955218011322,12.4815728742,1.1994134055,0.000140589474988,1.35099079797e-05,24963.1457484,0.281178949976,0.305309370756,0.305309370756,0.610618741512,-2.77555756156e-17,2.08166817117e-17,0.08,88865.083951
2012-02-10,88782.7817897,-0.000700163071235,-0.000926147342024,18.5954622712,1.48664892401,0.000209254990199,1.67292805894e-05,37190.9245425,0.418509980399,0.238425302358,0.238425302358,0.476850604717,-1.38777878078e-16,-7.4593109467e-17,0.0509208071014,88782.7817897
2012-02-13,88599.5074701,-0.00190564720113,-0.00206430026154,10.6059786852,3.47968135766,0.000119459860025,3.91932003877e-05,21211.9573704,0.238919720049,0.222551764143,0.222551764143,0.445103528285,6.93889390391e-17,1.5959455979e-16,0.0590458373024,88599.5074701
2012-02-14,88422.2892443,-0.00189983436809,-0.0020002168274,7.81339937395,1.08043707888,8.81878420892e-05,1.21946172133e-05,15626.7987479,0.176375684178,0.238634408034,0.238634408034,0.477268816068,3.12250225676e-17,9.02056207508e-17,0.055621737059,88422.2892443
2012-02-15,88519.8218931,0.00117102978509,0.00110303238704,4.85628830259,1.15619729594,5.49215400788e-05,1.30758579745e-05,9712.57660519,0.109843080158,0.225640887034,0.225640887034,0.451281774067,-1.38777878078e-17,5.55111512313e-17,0.0568798393157,88519.8218931
2012-02-16,88516.1224198,8.07520104076e-05,-4.17925974683e-05,9.75317803398,1.09444882915,0.000110180723655,1.2363884221e-05,19506.356068,0.22036144731,0.186734807456,0.186734807456,0.373469614911,1.38777878078e-17,5.55111512313e-17,0.0637503798282,88516.1224198
2012-02-17,88470.4986534,-0.000340137111288,-0.000515428886851,14.610447384,0.905700880919,0.000165059731318,1.02320442441e-05,29220.8947679,0.330119462637,0.266831350875,0.266831350875,0.53366270175,-2.77555756156e-17,-1.38777878078e-17,0.0738790302828,88470.4986534
2012-02-21,88329.3898409,-0.00139619716691,-0.00159498154287,12.4124810488,5.1740718177,0.000140300792216,5.84835837534e-05,24824.9620976,0.280601584431,0.21624619027,0.21624619027,0.43249238054,1.38777878078e-17,1.38777878078e-17,0.0663151546122,88329.3898409
2012-02-22,88308.3172014,-6.55940005959e-05,-0.000238568834199,14.2321371789,1.04662433107,0.000161125727287,1.18491063162e-05,28464.2743579,0.322251454574,0.234536847875,0.234536847875,0.469073695749,-1.38777878078e-17,6.93889390391e-18,0.0609297201426,88308.3172014
2012-02-23,88258.8122944,-0.000427796521027,-0.000560591669273,10.5920363832,1.13487969082,0.000119943814115,1.28513341301e-05,21184.0727665,0.239887628231,0.144932054468,0.144932054468,0.289864108937,-6.93889390391e-18,1.21430643318e-17,0.0627470077314,88258.8122944
2012-02-24,88197.9732936,-0.000606880562837,-0.000689324944239,6.57553737514,0.700905807714,7.45028989649e-05,7.94148243663e-06,13151.0747503,0.14900579793,0.158921765637,0.158921765637,0.317843531275,2.08166817117e-17,2.08166817117e-17,0.067011494071,88197.9732936
2012-02-27,88172.5258374,-0.000169668749377,-0.000288526541215,8.1789213955,2.30409495476,9.27336659798e-05,2.61241258582e-05,16357.842791,0.18546733196,0.17535433209,0.17535433209,0.350708664179,-1.38777878078e-17,1.38777878078e-17,0.0626713942506,88172.5258374
2012-02-28,88165.6316347,-2.73081555939e-06,-7.81899198434e-05,5.80621793849,0.847201883664,6.58506477312e-05,9.60845655285e-06,11612.435877,0.131701295462,0.154473380361,0.154473380361,0.308946760722,-1.38777878078e-17,3.12250225676e-17,0.0635389850153,88165.6316347
2012-02-29,88128.8316026,-0.000251512511831,-0.00041739656813,13.879012703,0.746259898645,0.000157419761484,8.46429481431e-06,27758.025406,0.314839522968,0.176202942804,0.176202942804,0.352405885609,9.71445146547e-17,4.16333634234e-17,0.0712480837985,88128.8316026
2012-03-01,88028.256299,-0.000978346174179,-0.00114123042085,13.503918374,0.850879971194,0.000153229290897,9.65495577011e-06,27007.8367481,0.306458581794,0.194250050709,0.194250050709,0.388500101417,1.66533453694e-16,2.35922392733e-16,0.0578268650203,88028.256299
2012-03-02,87976.872021,-0.000385031547959,-0.000583724818946,16.5536636491,0.936958534239,0.000188049432592,1.0643838395e-05,33107.3272982,0.376098865184,0.293752512943,0.293752512943,0.587505025886,-2.77555756156e-17,0,0.08,87976.872021
2012-03-05,88119.5398669,0.0018551668807,0.00162165172017,16.2956987786,4.24823461431,0.000185227076211,4.82880843194e-05,32591.3975573,0.370454152422,0.221226483872,0.221226483872,0.442452967744,-4.85722573274e-17,-2.77555756156e-17,0.08,88119.5398669
2012-03-06,88072.0612772,-0.000367638483771,-0.000538797521129,14.0142706317,1.06818498439,0.000159037038242,1.21219991163e-05,28028.5412634,0.318074076484,0.233701436977,0.233701436977,0.467402873955,0,4.16333634234e-17,0.08,88072.0612772
2012-03-07,87917.3532569,-0.00151133786016,-0.00175660723881,20.4735678403,1.12781190565,0.00023246382046,1.28055581905e-05,40947.1356806,0.46492764092,0.293749876748,0.293749876748,0.587499753495,7.2858385991e-17,4.51028103754e-17,0.0697225022099,87917.3532569
2012-03-08,88068.9368715,0.00200051735152,0.00172416035076,22.8814685715,1.41510748949,0.000260261117104,1.60958836574e-05,45762.937143,0.520522234209,0.451967840144,0.451967840144,0.903935680288,7.6327832943e-17,0,0.08,88068.9368715
2012-03-09,87868.1990316,-0.00185099399438,-0.00227932625259,35.5417075847,2.18105902365,0.000403566897106,2.47653611038e-05,71083.4151693,0.807133794212,0.291239309924,0.291239309924,0.582478619847,1.5959455979e-16,1.2490009027e-16,0.08,87868.1990316
2012-03-12,87974.3768203,0.00134744216228,0.00120837561115,8.01284131378,4.20668607949,9.11915960733e-05,4.78749550559e-05,16025.6826276,0.182383192147,0.243109880834,0.243109880834,0.486219761668,1.73472347598e-16,1.66533453694e-16,0.0737669186798,87974.3768203
2012-03-13,87734.0538825,-0.0025780155748,-0.00273173788247,12.3517096856,1.17191453508,0.000140401218309,1.33210893608e-05,24703.4193711,0.280802436618,0.246122821932,0.246122821932,0.492245643863,9.71445146547e-17,8.32667268469e-17,0.0696378652667,87734.0538825
2012-03-14,87470.3888195,-0.00285385196368,-0.00300527618831,12.1018636623,1.18319742033,0.000137938042605,1.34861820237e-05,24203.7273246,0.275876085209,0.233211027481,0.233211027481,0.466422054962,-5.55111512313e-17,-4.16333634234e-17,0.0606924209597,87470.3888195
2012-03-15,87397.3306637,-0.000713108387402,-0.00083523300617,9.56453121682,1.11775667127,0.000109345932331,1.27786864373e-05,19129.0624336,0.218691864662,0.270519335062,0.270519335062,0.541038670124,0,5.55111512313e-17,0.0581358585774,87397.3306637
2012-03-16,87496.7064294,0.00131163124514,0.00113705721834,13.9618153,1.29548864533,0.000159751049534,1.48229772637e-05,27923.6306,0.319502099068,0.344196083757,0.344196083757,0.688392167514,0,5.55111512313e-17,0.08,87496.7064294
2012-03-19,87542.0410202,0.000754468626611,0.000518129113014,15.7283498014,4.95057923747,0.000179759335445,5.65801781519e-05,31456.6996027,0.35951867089,0.339468202528,0.339468202528,0.678936405057,-8.32667268469e-17,0,0.0698031982995,87542.0410202
2012-03-20,87113.0318884,-0.00468622850179,-0.00490060691846,17.1387548689,1.6283692773,0.000195777419273,1.86009973988e-05,34277.5097377,0.391554838546,0.238512948354,0.238512948354,0.477025896709,-3.88578058619e-16,-2.77555756156e-16,0.0426979005659,87113.0318884
2012-03-21,86991.6681157,-0.00120306700531,-0.00139317585485,15.4224604051,1.13849786717,0.000177039646891,1.30692026496e-05,30844.9208103,0.354079293782,0.277232979186,0.277232979186,0.554465958373,-6.93889390391e-17,-3.46944695195e-17,0.0491962457776,86991.6681157
2012-03-22,86842.0191255,-0.00150644073351,-0.00172026808304,17.2797206016,1.3214772228,0.000198636501356,1.51908481746e-05,34559.4412032,0.397273002711,0.346053494915,0.346053494915,0.692106989831,2.77555756156e-17,1.94289029309e-16,0.0781284804411,86842.0191255
2012-03-23,86851.8232571,0.000298424103279,0.000112896171738,14.4649361121,1.64668406706,0.000166566096203,1.89618353378e-05,28929.8722242,0.333132192406,0.337433797194,0.337433797194,0.674867594388,8.32667268469e-17,1.2490009027e-16,0.0761001630372,86851.8232571
2012-03-26,86896.4369849,0.000685008413767,0.000513676352914,10.0629554815,4.817546386,0.000115863491452,5.54685694017e-05,20125.910963,0.231726982904,0.335008567577,0.335008567577,0.670017135153,0,1.38777878078e-17,0.0783011731008,86896.4369849
2012-03-27,86753.4079034,-0.00146973850388,-0.00164597176179,13.7189161146,1.59512607572,0.000157876624067,1.83566338398e-05,27437.8322292,0.315753248134,0.30617150743,0.30617150743,0.612343014859,1.38777878078e-16,1.38777878078e-16,0.08,86753.4079034
2012-03-28,86594.9169328,-0.00169640982138,-0.00182691348352,9.86621706908,1.45542036561,0.000113727141187,1.6776520955e-05,19732.4341382,0.227454282374,0.269995589464,0.269995589464,0.539991178928,1.66533453694e-16,1.35308431126e-16,0.08,86594.9169328
2012-03-29,86682.2127437,0.00117956219605,0.0010080939389,13.5671701339,1.28110935024,0.000156673978271,1.47942788747e-05,27134.3402678,0.313347956541,0.304383791083,0.304383791083,0.608767582167,1.38777878078e-16,8.32667268469e-17,0.08,86682.2127437
2012-03-30,86681.1830588,0.000237094927481,-1.18788482749e-05,20.1358629739,1.4457348238,0.000232295211861,1.6678563895e-05,40271.7259478,0.464590423722,0.30560383048,0.30560383048,0.611207660959,1.38777878078e-16,1.66533453694e-16,0.0776824053411,86681.1830588
2012-04-02,86665.7010591,-2.46010069105e-05,-0.000178608541988,8.99501809554,4.35453724492,0.000103771288971,5.02362461062e-05,17990.0361911,0.207542577942,0.28247196895,0.28247196895,0.564943937901,2.22044604925e-16,1.87350135405e-16,0.0667188749782,86665.7010591
2012-04-03,86630.8789229,-0.000240340114289,-0.000401798355504,12.6514872163,1.34140445034,0.000145980325108,1.54779161069e-05,25302.9744327,0.291960650216,0.283294192199,0.283294192199,0.566588384399,1.38777878078e-16,9.02056207508e-17,0.0736861208191,86630.8789229
2012-04-04,86647.4366776,0.000404618495189,0.000191129939868,17.1499327017,1.3447684857,0.000197965585885,1.55229694356e-05,34299.8654034,0.39593117177,0.250976814971,0.250976814971,0.501953629943,8.32667268469e-17,6.93889390391e-17,0.0609459991821,86647.4366776
2012-04-05,86557.0821317,-0.000819064689694,-0.00104278382975,18.1931011077,1.19158891412,0.000209966985814,1.3752154245e-05,36386.2022153,0.419933971627,0.208404834346,0.208404834346,0.416809668692,5.55111512313e-17,0,0.0675834216377,86557.0821317
2012-04-09,86558.1216961,0.000265858800101,1.20101590408e-05,18.0186630184,3.95373465494,0.000208170869149,4.56777719115e-05,36037.3260367,0.416341738298,0.273664781029,0.273664781029,0.547329562058,1.38777878078e-16,2.08166817117e-16,0.0776051285745,86558.1216961
2012-04-10,86513.7595892,-0.000362724976787,-0.000512512356009,11.6673465598,1.29796763947,0.000134792048755,1.49953304674e-05,23334.6931195,0.269584097509,0.280224141819,0.280224141819,0.560448283637,-2.77555756156e-17,2.08166817117e-17,0.0621795172913,86513.7595892
2012-04-11,86285.9752685,-0.00248632394439,-0.00263292592661,11.3546917114,1.3283969335,0.000131247234721,1.53547474969e-05,22709.3834228,0.262494469442,0.269047697276,0.269047697276,0.538095394552,6.24500451352e-17,8.67361737988e-17,0.08,86285.9752685
2012-04-12,86299.3701117,0.000293869329887,0.000155237778803,10.6899014402,1.27205714812,0.000123889211508,1.47423395768e-05,21379.8028804,0.247778423015,0.246916718051,0.246916718051,0.493833436102,6.24500451352e-17,6.26668855697e-17,0.0784789209253,86299.3701117
2012-04-13,86139.447551,-0.00173760973661,-0.00185311388076,8.80033174912,1.16760313632,0.000101974460969,1.35296831809e-05,17600.6634982,0.203948921938,0.217635298039,0.217635298039,0.435270596078,-7.6327832943e-17,-5.55111512313e-17,0.0695124669472,86139.447551
2012-04-16,86466.4311462,0.00390800505821,0.00379597971068,6.56810549191,3.081696056,7.62496820985e-05,3.5775665431e-05,13136.2109838,0.152499364197,0.176777441481,0.176777441481,0.353554882962,6.93889390391e-18,-2.77555756156e-17,0.0750832397892,86466.4311462
2012-04-17,86595.5197943,0.00166694844694,0.00149293368931,14.2088835814,0.83755147792,0.000164328322483,9.68643514965e-06,28417.7671627,0.328656644966,0.258229585375,0.258229585375,0.516459170749,3.46944695195e-18,-8.32667268469e-17,0.0654375658052,86595.5197943
2012-04-18,86281.7117552,-0.00338208512496,-0.00362383688897,19.7093306149,1.22528905051,0.000227602197685,1.41495663219e-05,39418.6612298,0.455204395371,0.312769203176,0.312769203176,0.625538406352,1.38777878078e-17,-4.16333634234e-17,0.0772129424295,86281.7117552
2012-04-19,86152.0678486,-0.00131236652387,-0.00150256530643,14.9319772326,1.47869930051,0.00017306074403,1.71380385302e-05,29863.9544651,0.346121488061,0.313629232535,0.313629232535,0.62725846507,1.38777878078e-17,5.55111512313e-17,0.08,86152.0678486
2012-04-20,86052.289093,-0.00103679086922,-0.00115817017625,8.97654092918,1.48053736551,0.000104194143604,1.71851634266e-05,17953.0818584,0.208388287208,0.286992507487,0.286992507487,0.573985014975,1.66533453694e-16,1.11022302463e-16,0.08,86052.289093
2012-04-23,86107.3501982,0.000908736624933,0.000639856368801,19.0780855504,4.05967598167,0.000221703405586,4.71768505459e-05,38156.1711008,0.443406811172,0.387474266532,0.387474266532,0.774948533064,1.66533453694e-16,2.77555756156e-17,0.08,86107.3501982
2012-04-24,85933.9438383,-0.00179642349287,-0.00201383923052,16.8929077258,1.82818533485,0.000196184270993,2.12314666593e-05,33785.8154516,0.392368541987,0.293785338766,0.293785338766,0.587570677532,-2.08166817117e-17,-2.77555756156e-17,0.08,85933.9438383
2012-04-25,85758.2269792,-0.00187982424285,-0.00204478988518,12.7927985007,1.38334974258,0.000148867815549,1.60978267817e-05,25585.5970014,0.297735631098,0.301007563582,0.301007563582,0.602015127164,-1.17961196366e-16,-6.93889390391e-17,0.08,85758.2269792
2012-04-26,86021.4468384,0.00328249362744,0.00306932487472,16.866515379,1.41445890192,0.000196675187596,1.64935651278e-05,33733.030758,0.393350375192,0.246634695612,0.246634695612,0.493269391223,-2.77555756156e-17,-6.93889390391e-18,0.0635189489439,86021.4468384
2012-04-27,86024.4595534,0.000198807300952,3.50228349306e-05,12.9264631282,1.16251360861,0.000150270236124,1.35142298965e-05,25852.9262564,0.300540472249,0.271902445378,0.271902445378,0.543804890756,2.77555756156e-17,5.20417042793e-18,0.068336163958,86024.4595534
2012-04-30,85874.5774377,-0.00150187258932,-0.00174231975888,16.8393634161,3.84497439697,0.000195750877175,4.46962923909e-05,33678.7268322,0.39150175435,0.292849153067,0.292849153067,0.585698306134,-1.38777878078e-17,1.38777878078e-17,0.08,85874.5774377
2012-05-01,85964.8366852,0.00121319334843,0.0010510589994,12.5452298194,1.37798889165,0.000146087820095,1.60465289352e-05,25090.4596389,0.29217564019,0.304986111896,0.304986111896,0.609972223792,1.38777878078e-17,1.73472347598e-17,0.0671494494604,85964.8366852
2012-05-02,85795.2178258,-0.00179445968446,-0.00197311907932,13.9218185069,1.43660719454,0.000161947827086,1.67115677751e-05,27843.6370139,0.323895654171,0.332417353179,0.332417353179,0.664834706359,1.31838984174e-16,9.71445146547e-17,0.0739572760917,85795.2178258
2012-05-03,85606.4220014,-0.00202103318772,-0.00220054018317,13.8381119555,1.56272982055,0.000161292345963,1.82146494893e-05,27676.223911,0.322584691926,0.382836941467,0.382836941467,0.765673882934,8.32667268469e-17,2.77555756156e-17,0.08,85606.4220014
2012-05-04,85479.8871677,-0.00126219558982,-0.0014780997824,16.6869881189,1.79579730241,0.000194926825918,2.09773666557e-05,33373.9762378,0.389853651836,0.299936195683,0.299936195683,0.599872391367,6.93889390391e-17,6.93889390391e-17,0.071561946709,85479.8871677
2012-05-07,85583.2205903,0.00140568956568,0.00120886241197,12.6102129453,4.21454994485,0.000147522573591,4.93045801123e-05,25220.4258906,0.295045147183,0.239888319769,0.239888319769,0.479776639539,-1.38777878078e-17,-1.38777878078e-17,0.068257190967,85583.2205903
2012-05-08,85602.1814905,0.000433740166305,0.000221549271828,17.0350258833,1.12495424591,0.00019904632901,1.31445654668e-05,34070.0517666,0.398092658019,0.260706371598,0.260706371598,0.521412743196,5.55111512313e-17,5.55111512313e-17,0.0616587850696,85602.1814905
2012-05-09,85653.5397391,0.000835040226943,0.000599964249723,18.9001652804,1.2228511856,0.000220790696584,1.42852806355e-05,37800.3305608,0.441581393168,0.397652470994,0.397652470994,0.795304941987,-5.55111512313e-17,2.77555756156e-17,0.08,85653.5397391
2012-05-10,85575.5692876,-0.000640621962301,-0.000910300399277,21.2325926237,1.86632009461,0.000247889260483,2.17891764928e-05,42465.1852473,0.495778520966,0.372069748178,0.372069748178,0.744139496355,1.38777878078e-17,2.77555756156e-17,0.08,85575.5692876
2012-05-11,85487.5613299,-0.000848834455654,-0.00102842386491,13.6238039893,1.74466194603,0.000159202025797,2.03873834618e-05,27247.6079786,0.318404051593,0.275442212943,0.275442212943,0.550884425885,-1.38777878078e-17,-1.82145964978e-17,0.08,85487.5613299
2012-05-14,85482.5966134,0.000149462944948,-5.80753091735e-05,13.8712187226,3.87072050495,0.000162260082131,4.52781719906e-05,27742.4374452,0.324520164262,0.335306803044,0.335306803044,0.670613606087,6.93889390391e-17,8.32667268469e-17,0.0715163339696,85482.5966134
2012-05-15,85557.8403895,0.00103731451151,0.000880223333337,11.857992161,1.57056965404,0.000138718202661,1.83729755092e-05,23715.984322,0.277436405322,0.264746739593,0.264746739593,0.529493479187,3.12250225676e-16,2.77555756156e-16,0.067291269109,85557.8403895
2012-05-16,85483.2023748,-0.000668815615483,-0.000872369082277,16.1744356096,1.24115941314,0.000189046796132,1.45066706626e-05,32348.8712191,0.378093592263,0.30733907655,0.30733907655,0.614678153101,3.40005801291e-16,3.05311331772e-16,0.08,85483.2023748
2012-05-17,85273.2468901,-0.00228341814582,-0.00245610223863,13.3220096101,1.43957964265,0.000155843595466,1.68404973452e-05,26644.0192202,0.311687190933,0.217508913424,0.217508913424,0.435017826849,1.80411241502e-16,1.66533453694e-16,0.0715442222218,85273.2468901
2012-05-18,85251.0640471,-4.76507620275e-05,-0.000260138363965,17.1031958904,1.0163118507,0.000200569305312,1.1918296626e-05,34206.3917809,0.401138610624,0.283221605192,0.283221605192,0.566443210385,1.38777878078e-16,2.63677968348e-16,0.08,85251.0640471
2012-05-21,85127.2998737,-0.00122325515454,-0.00145176104076,15.511338182,3.96903175953,0.000181948910026,4.6556976196e-05,31022.6763639,0.363897820052,0.267941562567,0.267941562567,0.535883125135,-6.93889390391e-18,-4.16333634234e-17,0.08,85127.2998737
2012-05-22,85030.9602709,-0.000947479436077,-0.00113171218838,14.4334207655,1.24981598604,0.000169551022844,1.46817294557e-05,28866.841531,0.339102045687,0.252378271598,0.252378271598,0.504756543195,4.16333634234e-17,4.16333634234e-17,0.0647494384403,85030.9602709
2012-05-23,84943.9470953,-0.000896234158939,-0.00102331168871,9.62963579434,1.17588859098,0.000113248583383,1.38289463889e-05,19259.2715887,0.226497166765,0.201718854356,0.201718854356,0.403437708712,1.38777878078e-17,6.93889390391e-18,0.0732832585993,84943.9470953
2012-05-24,85016.9677546,0.000996064793584,0.000859633461396,10.6501229488,0.938892914659,0.000125378244277,1.10530879099e-05,21300.2458976,0.250756488555,0.207406392655,0.207406392655,0.41481278531,0,2.08166817117e-17,0.0621105986005,85016.9677546
2012-05-25,84928.0426738,-0.00080933066123,-0.00104596862381,19.1520468237,0.966195210764,0.000225273228739,1.13647338441e-05,38304.0936473,0.450546457478,0.302358330459,0.302358330459,0.604716660919,5.55111512313e-17,1.19695919842e-16,0.08,84928.0426738
2012-05-29,84787.0660442,-0.00141283538295,-0.0016599538284,15.3590773996,5.62820848044,0.000180848126438,6.62703190048e-05,30718.1547993,0.361696252877,0.313999723459,0.313999723459,0.627999446918,0,2.08166817117e-17,0.08,84787.0660442
2012-05-30,84658.3351347,-0.00127061213303,-0.00151828475241,19.540633899,1.45880083785,0.000230467155083,1.72054642991e-05,39081.267798,0.460934310165,0.380859182147,0.380859182147,0.761718364295,0,1.38777878078e-17,0.08,84658.3351347
2012-05-31,84424.868221,-0.00254536811516,-0.00275775460659,16.2135522877,1.76673448117,0.00019151749514,2.0868996282e-05,32427.1045754,0.38303499028,0.318896096889,0.318896096889,0.637792193777,7.4593109467e-17,6.93889390391e-17,0.08,84424.868221
2012-06-01,84606.8167478,0.00233652675913,0.00215515322267,13.8372171358,1.47521977841,0.000163899777724,1.74737587336e-05,27674.4342717,0.327799555449,0.196614901615,0.196614901615,0.393229803229,4.85722573274e-17,1.04083408559e-16,0.08,84606.8167478
2012-06-04,84518.4665611,-0.000877453454304,-0.00104424430614,11.3771289072,2.7345141289,0.000134470594032,3.23202577997e-05,22754.2578144,0.268941188064,0.241162562771,0.241162562771,0.482325125541,1.73472347598e-17,5.55111512313e-17,0.08,84518.4665611
2012-06-05,84421.7916382,-0.0010184181155,-0.00114383195559,9.48292572386,1.11685972588,0.000112199453086,1.32143870011e-05,18965.8514477,0.224398906173,0.244973327564,0.244973327564,0.489946655128,2.08166817117e-17,5.55111512313e-17,0.08,84421.7916382
2012-06-06,84402.7973905,-7.42027926571e-05,-0.000224992237032,11.5967047958,1.13321025844,0.000137366248344,1.34231960309e-05,23193.4095916,0.274732496687,0.278685717439,0.278685717439,0.557371434879,-3.46944695195e-18,-1.38777878078e-17,0.08,84402.7973905
2012-06-07,84485.0992984,0.00125660056181,0.000975108770152,22.4698259379,1.28886872025,0.000266221341384,1.52704502706e-05,44939.6518757,0.532442682768,0.372500935389,0.372500935389,0.745001870779,-2.77555756156e-17,-2.77555756156e-17,0.077610302554,84485.0992984
2012-06-08,84565.1806625,0.00117690925092,0.000947875598594,17.6255046393,1.72442622001,0.000208622642166,2.04110101583e-05,35251.0092787,0.417245284333,0.328768567947,0.328768567947,0.657537135894,2.77555756156e-17,-1.38777878078e-17,0.08,84565.1806625
2012-06-11,84493.9187518,-0.000585498675844,-0.000842686200141,17.1788563037,4.57025315253,0.000203143376141,5.40441481556e-05,34357.7126074,0.406286752281,0.149416618255,0.149416618255,0.298833236509,5.55111512313e-17,4.85722573274e-17,0.08,84493.9187518
2012-06-12,84400.4178468,-0.000924065111501,-0.00110659922428,14.7312528727,0.69176962208,0.000174346900822,8.18721195915e-06,29462.5057453,0.348693801644,0.254458266839,0.254458266839,0.508916533678,-5.55111512313e-17,-5.89805981832e-17,0.08,84400.4178468
2012-06-13,84572.2694285,0.00219334458087,0.00203614610099,12.0908292198,1.17678816689,0.000143255561148,1.39429187309e-05,24181.6584396,0.286511122297,0.250801972882,0.250801972882,0.501603945765,-2.77555756156e-17,-6.24500451352e-17,0.08,84572.2694285
2012-06-14,84443.770637,-0.00114122125522,-0.00151939627942,30.8208793792,1.16224065884,0.000364432450346,1.37425738566e-05,61641.7587584,0.728864900692,0.298487820965,0.298487820965,0.59697564193,6.93889390391e-17,5.55111512313e-17,0.08,84443.770637
2012-06-15,84592.8048199,0.00197393804914,0.00176489256357,16.2714691963,1.38111984063,0.000192689988539,1.63554970392e-05,32542.9383925,0.385379977079,0.237437624758,0.237437624758,0.474875249516,8.32667268469e-17,9.71445146547e-17,0.08,84592.8048199
2012-06-18,84610.7025509,0.000493276209083,0.000211575098436,20.5281586352,3.3017284353,0.000242670268221,3.9030842426e-05,41056.3172703,0.485340536441,0.220547753964,0.220547753964,0.441095507929,2.77555756156e-17,5.55111512313e-17,0.08,84610.7025509
2012-06-19,84641.4045835,0.000497992925725,0.000362862282974,10.4109944874,1.022504132,0.000123045834315,1.20848084364e-05,20821.9889747,0.246091668631,0.150918846793,0.150918846793,0.301837693585,-2.08166817117e-17,-3.46944695195e-17,0.08,84641.4045835
2012-06-20,84612.3789372,-0.000245721113878,-0.000342924913401,7.52752183916,0.699944283324,8.89342736714e-05,8.26952585165e-06,15055.0436783,0.177868547343,0.161656338055,0.161656338055,0.323312676111,0,-3.46944695195e-18,0.08,84612.3789372
2012-06-21,84547.7811037,-0.000549145310458,-0.000763456061047,17.38385601,0.749486429213,0.000205452869052,8.85788153728e-06,34767.7120199,0.410905738104,0.272614138691,0.272614138691,0.545228277382,0,-6.24500451352e-17,0.08,84547.7811037
2012-06-22,84476.8645789,-0.000543081958364,-0.000838774522865,23.7371956682,1.26295454925,0.000280754803477,1.49377610242e-05,47474.3913364,0.561509606954,0.435064987199,0.435064987199,0.870129974398,0,-6.93889390391e-17,0.08,84476.8645789
2012-06-25,84596.7120723,0.0016842853456,0.00141870195989,16.3940748313,6.0415768778,0.000194065853568,7.15175321423e-05,32788.1496626,0.388131707137,0.343343919063,0.343343919063,0.686687838126,0,5.55111512313e-17,0.0717386556259,84596.7120723
2012-06-26,84568.4384544,-0.0001854494784,-0.000334216510484,10.9936529208,1.59154885823,0.000129953666656,1.88133654281e-05,21987.3058417,0.259907333312,0.302953606542,0.302953606542,0.605907213083,1.38777878078e-17,1.38777878078e-17,0.0794774179849,84568.4384544
2012-06-27,84647.2266335,0.00110288525558,0.000931649922116,13.0772519685,1.40385279065,0.000154635135844,1.66001976187e-05,26154.5039371,0.309270271689,0.237758891757,0.237758891757,0.475517783514,2.77555756156e-17,4.16333634234e-17,0.08,84647.2266335
2012-06-28,84863.2685523,0.00274841186986,0.00255226222286,15.5007493334,1.10277429012,0.000183121762518,1.30278844798e-05,31001.4986668,0.366243525036,0.234798140633,0.234798140633,0.469596281267,1.66533453694e-16,1.2490009027e-16,0.0645613804824,84863.2685523
2012-06-29,84881.3777749,0.000502346853764,0.000213392942902,23.4297520947,1.09182124187,0.000276088259319,1.28656515416e-05,46859.5041895,0.552176518638,0.370583551193,0.370583551193,0.741167102386,1.04083408559e-16,1.17961196366e-16,0.08,84881.3777749
2012-07-02,84803.8811716,-0.000610753268803,-0.00091299888498,20.4842337951,5.17079053249,0.000241327772146,6.09178440317e-05,40968.4675901,0.482655544291,0.381409830773,0.381409830773,0.762819661545,2.77555756156e-17,0,0.08,84803.8811716
2012-07-03,84390.308788,-0.0047227676423,-0.00487680962101,11.2910270301,1.7723306283,0.000133142809906,2.08991688095e-05,22582.0540603,0.266285619813,0.32344306249,0.32344306249,0.64688612498,-2.08166817117e-17,-2.08166817117e-17,0.08,84390.308788
2012-07-05,84655.7550903,0.00331232697602,0.0031454595454,11.0907107177,2.99128327878,0.00013142161555,3.54458150674e-05,22181.4214353,0.2628432311,0.261475484143,0.261475484143,0.522950968286,-1.38777878078e-17,-1.90819582357e-17,0.0605575549794,84655.7550903
2012-07-06,84729.4555779,0.00102213807463,0.000870590398447,11.6164840798,1.21289887933,0.000137220252391,1.43274237886e-05,23232.9681596,0.274440504781,0.234590284571,0.234590284571,0.469180569142,0,1.38777878078e-17,0.0560373964906,84729.4555779
2012-07-09,84699.1580863,-0.000213565460472,-0.00035757920778,8.93480249905,3.26740390612,0.000105450960804,3.85627865048e-05,17869.6049981,0.210901921607,0.183477021256,0.183477021256,0.366954042512,2.77555756156e-17,3.81639164715e-17,0.0500368102449,84699.1580863
2012-07-10,84707.5343953,0.0003625500261,9.88948318168e-05,21.4798469958,0.851525985126,0.000253601658873,1.00535354113e-05,42959.6939916,0.507203317745,0.32514134375,0.32514134375,0.6502826875,1.38777878078e-17,6.93889390391e-17,0.0585252087137,84707.5343953
2012-07-11,84785.3817211,0.0011224554153,0.000919013006321,15.7239584693,1.5091463868,0.000185626444938,1.78159640411e-05,31447.9169385,0.371252889876,0.281676996927,0.281676996927,0.563353993854,1.28369537222e-16,1.63064006742e-16,0.08,84785.3817211
2012-07-12,84615.5603286,-0.00178612990328,-0.00200295604087,17.0750790782,1.30860776474,0.000201391781597,1.5434355996e-05,34150.1581565,0.402783563195,0.287431785054,0.287431785054,0.574863570108,9.02056207508e-17,6.93889390391e-17,0.08,84615.5603286
2012-07-13,84482.6366681,-0.00136650757005,-0.00157091272633,15.9631882541,1.33266857801,0.000188655469421,1.57496868523e-05,31926.3765082,0.377310938842,0.263742413914,0.263742413914,0.527484827828,2.22044604925e-16,1.7694179455e-16,0.0777135759422,84482.6366681
2012-07-16,84521.3175377,0.000598948303141,0.000457855852756,8.25712449174,3.66273773074,9.77375330292e-05,4.33549173557e-05,16514.2489835,0.195475066058,0.256718409536,0.256718409536,0.513436819072,1.66533453694e-16,1.11022302463e-16,0.0708492351844,84521.3175377
2012-07-17,84450.9583309,-0.000668913499723,-0.000832443327868,12.6328152597,1.18894127179,0.000149463065979,1.40667621664e-05,25265.6305195,0.298926131957,0.263554425535,0.263554425535,0.527108851069,5.20417042793e-17,7.2858385991e-17,0.072925640953,84450.9583309
2012-07-18,84670.0760189,0.00277044767991,0.00259461458245,13.6296887205,1.21958486623,0.000161391759074,1.44413383855e-05,27259.377441,0.322783518147,0.313898477121,0.313898477121,0.627796954241,4.16333634234e-17,5.11743425413e-17,0.0758920617403,84670.0760189
2012-07-19,84781.0062924,0.0015148429635,0.0013101473238,15.8752771313,1.45631824219,0.000187495723138,1.71999165546e-05,31750.5542626,0.374991446276,0.277464389022,0.277464389022,0.554928778044,4.51028103754e-17,6.59194920871e-17,0.0625738070383,84781.0062924
2012-07-20,84778.8281864,0.000270363793734,-2.56909659393e-05,23.8108500257,1.28897041707,0.000280851231508,1.52035281656e-05,47621.7000514,0.561702463016,0.405497015953,0.405497015953,0.810994031906,2.22044604925e-16,1.80411241502e-16,0.0737556039268,84778.8281864
2012-07-23,85057.1644171,0.00354670750055,0.00328308655125,16.6983691108,5.65110605681,0.000196963905588,6.66570437183e-05,33396.7382216,0.393927811176,0.365354350659,0.365354350659,0.730708701319,2.77555756156e-16,2.671474153e-16,0.0624925992544,85057.1644171
2012-07-24,85296.8123912,0.0030737407901,0.00281749310378,20.092906788,1.7027947986,0.000236228269843,2.00194164745e-05,40185.8135759,0.472456539685,0.336828682581,0.336828682581,0.673657365162,1.94289029309e-16,1.66533453694e-16,0.08,85296.8123912
2012-07-25,85384.4183677,0.00125145211413,0.00102707210222,17.5646305779,1.57426920253,0.000205923645743,1.84563661688e-05,35129.2611557,0.411847291486,0.222265084173,0.222265084173,0.444530168346,-2.77555756156e-17,-1.38777878078e-17,0.08,85384.4183677
2012-07-26,85270.8444674,-0.00109236040814,-0.00133014784706,19.2634531297,1.03988903756,0.000225608530197,1.21789087218e-05,38526.9062593,0.451217060394,0.345212251923,0.345212251923,0.690424503845,4.16333634234e-17,1.38777878078e-17,0.08,85270.8444674
2012-07-27,85091.0357716,-0.00190660615526,-0.00210867732046,15.6178177904,1.61296110915,0.000183155425374,1.89157398314e-05,31235.6355809,0.366310850749,0.367769621098,0.367769621098,0.735539242195,2.08166817117e-17,-5.55111512313e-17,0.08,85091.0357716
2012-07-30,85134.6009154,0.000758979549046,0.000511982765199,15.8730097614,5.14420240841,0.000186541503667,6.04552801804e-05,31746.0195227,0.373083007333,0.35133672991,0.35133672991,0.702673459819,-2.08166817117e-17,-2.77555756156e-17,0.0735352928515,85134.6009154
2012-07-31,85087.528135,-0.000381646442605,-0.00055292184219,12.9425086923,1.63895409796,0.000152024071919,1.92513276663e-05,25885.0173847,0.304048143837,0.283792602041,0.283792602041,0.567585204083,2.01227923213e-16,1.38777878078e-16,0.0738254906204,85087.528135
2012-08-01,85054.8554015,-0.000193447450704,-0.000383989688874,14.8896332013,1.3231348499,0.000174991958606,1.55502795639e-05,29779.2664026,0.349983917212,0.241198800301,0.241198800301,0.482397600601,1.38777878078e-16,1.17961196366e-16,0.0707915324715,85054.8554015
2012-08-02,85188.3492971,0.0017506768764,0.00156950352731,14.2855563477,1.12411666206,0.000167956976474,1.32163726192e-05,28571.1126953,0.335913952948,0.166639896352,0.166639896352,0.333279792703,9.71445146547e-17,1.31838984174e-16,0.0671693128343,85188.3492971
2012-08-03,85155.5547622,-0.000239024857426,-0.000384965023228,11.654550988,0.777850832725,0.000136809212577,9.13095322474e-06,23309.1019761,0.273618425153,0.137147646515,0.137147646515,0.274295293031,-2.08166817117e-17,1.04083408559e-17,0.0618735689347,85155.5547622
2012-08-06,85008.2119363,-0.00151134952344,-0.00173027850457,16.7232023057,1.91981653534,0.000196384162518,2.25448186053e-05,33446.4046115,0.392768325036,0.300838072543,0.300838072543,0.601676145086,4.16333634234e-17,1.2490009027e-16,0.0635041406343,85008.2119363
2012-08-07,85438.3620382,0.00521406096209,0.00506010057321,11.6865983744,1.40129899338,0.000137476110934,1.64842779476e-05,23373.1967489,0.274952221868,0.246156661784,0.246156661784,0.492313323568,-9.71445146547e-17,-5.55111512313e-17,0.0668796206746,85438.3620382
2012-08-08,85416.1972848,5.80874341696e-05,-0.000259423904178,25.9752529516,1.15239572535,0.000304023302086,1.34880362621e-05,51950.5059033,0.608046604171,0.276708103554,0.276708103554,0.553416207108,-2.77555756156e-17,-5.20417042793e-18,0.0708077028154,85416.1972848
2012-08-09,85397.3547297,-5.51528145416e-05,-0.000220596979264,12.8365235251,1.29508788841,0.000150282076856,1.5162087866e-05,25673.0470502,0.300564153712,0.284695433866,0.284695433866,0.569390867731,0,4.51028103754e-17,0.0726615421675,85397.3547297
2012-08-10,85376.9981924,-2.3819962643e-05,-0.000238374330143,16.9901980627,1.33217736744,0.000198954617699,1.55997498009e-05,33980.3961255,0.397909235397,0.257793350754,0.257793350754,0.515586701507,-4.4408920985e-16,-5.06539254985e-16,0.0512186401498,85376.9981924
2012-08-13,85366.6554612,0.000117702510747,-0.000121141893697,16.7737981591,3.61802012734,0.000196467415279,4.2376989165e-05,33547.5963182,0.392934830557,0.319201580207,0.319201580207,0.638403160413,-5.55111512313e-17,-9.71445146547e-17,0.08,85366.6554612
2012-08-14,85285.6542144,-0.00079269335585,-0.000948862836199,11.8385609447,1.49310527782,0.000138678982804,1.74904975456e-05,23677.1218894,0.277357965607,0.271654468282,0.271654468282,0.543308936564,-1.11022302463e-16,-1.56125112838e-16,0.08,85285.6542144
2012-08-15,85166.4287262,-0.00114844928615,-0.00139795478203,20.0097474433,1.26949200261,0.000234620319532,1.48851763442e-05,40019.4948866,0.469240639064,0.26830355493,0.26830355493,0.53660710986,-5.55111512313e-17,-1.73472347598e-17,0.08,85166.4287262
2012-08-16,85124.005968,-0.000276717817835,-0.000498115969778,17.6036101694,1.25207975824,0.00020669658729,1.47015646537e-05,35207.2203387,0.413393174579,0.284886841935,0.284886841935,0.569773683869,-2.77555756156e-17,2.77555756156e-17,0.08,85124.005968
2012-08-17,84992.4163127,-0.00131878685171,-0.00154585834846,18.0004294588,1.32880598537,0.000211461258832,1.56102379142e-05,36000.8589176,0.422922517664,0.25927842877,0.25927842877,0.518556857539,-1.38777878078e-17,1.38777878078e-17,0.08,84992.4163127
2012-08-20,85062.3092712,0.000982430787429,0.000822343469057,9.98373675053,3.622471259,0.000117466206794,4.26211115786e-05,19967.4735011,0.234932413588,0.237352217866,0.237352217866,0.474704435732,-2.35922392733e-16,-1.52655665886e-16,0.08,85062.3092712
2012-08-21,85053.1962043,1.32555161258e-05,-0.000107134017364,9.13432527799,1.10628645273,0.000107383932511,1.3005600979e-05,18268.650556,0.214767865022,0.259897766383,0.259897766383,0.519795532767,-6.24500451352e-17,4.16333634234e-17,0.08,85053.1962043
2012-08-22,84928.8479123,-0.00128530864474,-0.00146200610314,13.8174432844,1.21124031327,0.000162456484895,1.42409735005e-05,27634.8865689,0.32491296979,0.302946811443,0.302946811443,0.605893622886,-1.5959455979e-16,-8.32667268469e-17,0.08,84928.8479123
2012-08-23,84915.8592398,5.78986095146e-05,-0.000152935932365,16.496130705,1.40980403696,0.000194234716595,1.65998252846e-05,32992.2614099,0.38846943319,0.225568830424,0.225568830424,0.451137660849,-4.1806835771e-16,-3.05311331772e-16,0.0592608738801,84915.8592398
2012-08-24,84973.3486071,0.000860447349042,0.000677015669205,14.5267041269,1.04955457826,0.000171071743923,1.23599359137e-05,29053.4082537,0.342143487846,0.245577686107,0.245577686107,0.491155372215,-6.93889390391e-17,3.46944695195e-17,0.0790546618601,84973.3486071
2012-08-27,84763.4176204,-0.00233455163345,-0.00247055094404,8.12603326796,3.43028356138,9.56303758904e-05,4.03689347026e-05,16252.0665359,0.191260751781,0.228918556028,0.228918556028,0.457837112055,-6.93889390391e-17,-4.16333634234e-17,0.08,84763.4176204
2012-08-28,84742.3063667,-0.000131943804976,-0.000249060908333,8.86401749488,1.06322844743,0.000104573620835,1.25434825221e-05,17728.0349898,0.209147241669,0.181111693696,0.181111693696,0.362223387392,2.77555756156e-17,6.93889390391e-17,0.08,84742.3063667
2012-08-29,84636.680214,-0.0011323998232,-0.00124643943781,8.82300337693,0.840976582673,0.000104115686193,9.9239284217e-06,17646.0067539,0.208231372386,0.169390480303,0.169390480303,0.338780960606,2.77555756156e-17,5.55111512313e-17,0.08,84636.680214
2012-08-30,84560.9810002,-0.000798490220579,-0.000894401972749,7.33208254856,0.78556974864,8.66300820167e-05,9.28167015358e-06,14664.1650971,0.173260164033,0.14048505708,0.14048505708,0.280970114159,6.93889390391e-17,5.55111512313e-17,0.08,84560.9810002
2012-08-31,84621.5960932,0.000820698279151,0.000716821071787,8.13302407926,0.650934479043,9.61793960176e-05,7.69781134683e-06,16266.0481585,0.192358792035,0.167103673451,0.167103673451,0.334207346901,1.5959455979e-16,1.5959455979e-16,0.08,84621.5960932
2012-09-04,84517.725583,-0.00108311333259,-0.00122747046853,9.11642614106,3.09930510913,0.00010773167326,3.66254626741e-05,18232.8522821,0.21546334652,0.204950621364,0.204950621364,0.409901242728,1.38777878078e-17,4.16333634234e-17,0.08,84517.725583
2012-09-05,84520.1120749,0.000181405127186,2.82365844415e-05,11.9963083499,0.949148513673,0.000141938371711,1.12301710337e-05,23992.6166999,0.283876743421,0.211247466389,0.211247466389,0.422494932777,8.32667268469e-17,9.71445146547e-17,0.08,84520.1120749
2012-09-06,84428.9343026,-0.000884205008445,-0.00107877013076,15.4663284353,0.978337508752,0.000182989918679,1.15752036377e-05,30932.6568707,0.365979837358,0.25548081218,0.25548081218,0.510961624359,1.04083408559e-17,0,0.08,84428.9343026
2012-09-07,84394.7628669,-0.000255184325531,-0.000404736077605,11.444578738,1.18191631272,0.000135552803461,1.39989486126e-05,22889.1574759,0.271105606922,0.260901135062,0.260901135062,0.521802270125,2.77555756156e-17,6.93889390391e-18,0.08,84394.7628669
2012-09-10,84333.9642059,-0.000510945400071,-0.00072040798342,14.0580344608,3.61951059046,0.000166574725531,4.28878578185e-05,28116.0689216,0.333149451061,0.244458315512,0.244458315512,0.488916631024,-2.63677968348e-16,-2.61943244872e-16,0.08,84333.9642059
2012-09-11,84171.2158287,-0.00172001412992,-0.00192980821851,16.5631157157,1.12965144275,0.000196399112405,1.33949761924e-05,33126.2314313,0.39279822481,0.282810712301,0.282810712301,0.565621424602,-1.04083408559e-16,-1.28369537222e-16,0.08,84171.2158287
2012-09-12,84067.2041686,-0.00101518249424,-0.00123571531024,17.25815791,1.30435734267,0.000205036338612,1.54964773864e-05,34516.31582,0.410072677223,0.376781296276,0.376781296276,0.753562592553,-9.71445146547e-17,-1.70002900646e-16,0.0767279507405,84067.2041686
2012-09-13,84080.2181927,0.000410902134876,0.000154805006114,19.7937559032,1.73561370745,0.000235451578282,2.06455504809e-05,39587.5118064,0.470903156563,0.342602896317,0.342602896317,0.685205792634,-3.05311331772e-16,-2.22044604925e-16,0.08,84080.2181927
2012-09-14,84221.9657375,0.0018447438466,0.00168586081123,11.7805024025,1.57841787813,0.000140110273924,1.8772761442e-05,23561.0048051,0.280220547847,0.362343170275,0.362343170275,0.72468634055,-2.77555756156e-17,-2.77555756156e-17,0.08,84221.9657375
2012-09-17,84303.5231131,0.00123684031767,0.000968362289587,17.5952123665,5.01653491597,0.000208914767215,5.95632608671e-05,35190.424733,0.417829534431,0.324398375315,0.324398375315,0.64879675063,-6.93889390391e-16,-7.21644966006e-16,0.08,84303.5231131
2012-09-18,84321.4536221,0.000426692230144,0.000212689913031,16.5426327976,1.49851648938,0.000196227063671,1.77752534419e-05,33085.2655952,0.392454127342,0.292971786944,0.292971786944,0.585943573887,-1.38777878078e-16,-1.52655665886e-16,0.08,84321.4536221
2012-09-19,84414.6388598,0.00132771012133,0.001105118966,17.4155765236,1.35363325728,0.00020653790673,1.60532485997e-05,34831.1530471,0.41307581346,0.38111730133,0.38111730133,0.76223460266,-1.52655665886e-16,-1.38777878078e-16,0.0751741586186,84414.6388598
2012-09-20,84485.297569,0.00110346669288,0.000837043316636,20.7271903848,1.76284270438,0.000245540236442,2.08831397989e-05,41454.3807696,0.491080472884,0.326532212356,0.326532212356,0.653064424712,-5.89805981832e-17,-1.38777878078e-17,0.0734354175165,84485.297569
2012-09-21,84437.746101,-0.000230152363487,-0.000562837196401,26.5953512903,1.51162581517,0.000314792656894,1.78921760195e-05,53190.7025806,0.629585313789,0.361288677485,0.361288677485,0.72257735497,-9.71445146547e-17,-6.59194920871e-17,0.08,84437.746101
2012-09-24,84514.2698933,0.00126876272132,0.000906274691771,25.5929212526,5.01475095101,0.000303098109961,5.93899195865e-05,51185.8425052,0.606196219922,0.246699558975,0.246699558975,0.49339911795,2.25514051877e-16,1.38777878078e-16,0.08,84514.2698933
2012-09-25,84444.5422371,-0.000580791176935,-0.000825040035004,19.5000682622,1.14244564985,0.000230731074016,1.35177840534e-05,39000.1365243,0.461462148032,0.34479347487,0.34479347487,0.68958694974,8.18789480661e-16,7.14706072102e-16,0.08,84444.5422371
2012-09-26,84447.6526121,0.000204560574349,3.68333455114e-05,12.5682557913,1.59539326859,0.000148834435694,1.88927931436e-05,25136.5115827,0.297668871389,0.301463334163,0.301463334163,0.602926668326,1.63064006742e-16,1.6826817717e-16,0.08,84447.6526121
2012-09-27,84472.1662281,0.000446023062669,0.000290281791684,11.7570329183,1.39495183116,0.000139222732126,1.65185388583e-05,23514.0658366,0.278445464252,0.31580657511,0.31580657511,0.63161315022,5.55111512313e-16,4.54497550706e-16,0.08,84472.1662281
2012-09-28,84462.6307137,0.000126095834429,-0.000112883506312,18.7253565408,1.46174605527,0.000221674870872,1.7304469869e-05,37450.7130817,0.443349741743,0.291580142635,0.291580142635,0.58316028527,1.52655665886e-16,1.2490009027e-16,0.08,84462.6307137
2012-10-01,84233.9146926,-0.00245336591463,-0.00270789601464,17.4499049802,4.04837686205,0.000206599117654,4.79309823509e-05,34899.8099604,0.413198235308,0.321936460868,0.321936460868,0.643872921736,5.55111512313e-17,0,0.08,84233.9146926
2012-10-02,84227.670303,0.000106810732593,-7.41315378562e-05,13.7555596976,1.48591607568,0.000163301916429,1.76403540202e-05,27511.1193952,0.326603832858,0.264141426529,0.264141426529,0.528282853058,9.71445146547e-17,7.6327832943e-17,0.08,84227.670303
2012-10-03,84142.4511544,-0.000785004700388,-0.00101177140845,17.8809620983,1.21906942395,0.000212293205238,1.44735028235e-05,35761.9241966,0.424586410475,0.374687654171,0.374687654171,0.749375308342,-8.32667268469e-17,-1.49186218934e-16,0.08,84142.4511544
2012-10-04,84230.6816159,0.00130960099906,0.00104858439846,20.2350621753,1.72751439119,0.000240485770235,2.05308303655e-05,40470.1243506,0.48097154047,0.325651052866,0.325651052866,0.651302105731,-4.16333634234e-17,-9.02056207508e-17,0.0665347175019,84230.6816159
2012-10-05,84099.2864663,-0.00135284555084,-0.00155994403822,15.9410434573,1.50300329599,0.000189254594068,1.78438933077e-05,31882.0869146,0.378509188137,0.362897523373,0.362897523373,0.725795046746,-5.55111512313e-17,-9.71445146547e-17,0.0789340756654,84099.2864663
2012-10-08,84168.7123932,0.00106931431262,0.00082552337623,15.485752382,5.01689141524,0.000184136548985,5.96543874038e-05,30971.504764,0.36827309797,0.366652161774,0.366652161774,0.733304323547,-4.16333634234e-17,-1.2490009027e-16,0.08,84168.7123932
2012-10-09,84228.7877841,0.000945225030375,0.000713749672101,17.7919888647,1.69099399193,0.000211384828861,2.00905294123e-05,35583.9777294,0.422769657723,0.264570766794,0.264570766794,0.529141533588,2.77555756156e-17,-5.55111512313e-17,0.08,84228.7877841
2012-10-10,84152.5397702,-0.000618495731192,-0.00090524885693,22.9318010525,1.22106712165,0.00027225609742,1.44970283175e-05,45863.6021051,0.54451219484,0.355457567712,0.355457567712,0.710915135424,-5.55111512313e-17,-2.08166817117e-17,0.0753078102652,84152.5397702
2012-10-11,84010.7271151,-0.00139648821276,-0.00168518568147,22.6555755131,1.6390497043,0.000269220341715,1.94771269979e-05,45311.1510262,0.53844068343,0.287661614347,0.287661614347,0.575323228693,5.55111512313e-17,0,0.08,84010.7271151
2012-10-12,84202.9720798,0.00252741381621,0.00228833830284,18.7607070895,1.3242006238,0.000223313233127,1.57622802382e-05,37521.4141789,0.446626466255,0.388171969494,0.388171969494,0.776343938987,0,-7.6327832943e-17,0.0777791648715,84202.9720798
2012-10-15,83911.5247794,-0.00322606090392,-0.00346124718928,14.430469123,5.37291509744,0.000171377194493,6.38090908757e-05,28860.938246,0.342754388986,0.318874533995,0.318874533995,0.63774906799,-1.38777878078e-17,-5.20417042793e-18,0.08,83911.5247794
2012-10-16,84006.0604012,0.00129760075157,0.00112661070174,12.8818852086,1.46615059511,0.000153517472629,1.74725772052e-05,25763.7704172,0.307034945259,0.271759314777,0.271759314777,0.543518629555,-5.55111512313e-17,0,0.08,84006.0604012
2012-10-17,84218.5735269,0.00270165891251,0.00252973564796,13.1916685069,1.250927639,0.000157032343189,1.48909213577e-05,26383.3370137,0.314064686377,0.289396958704,0.289396958704,0.578793917409,1.73472347598e-17,-6.93889390391e-18,0.08,84218.5735269
2012-10-18,84234.1488627,0.000443228219626,0.00018493944052,20.4172276551,1.33548487918,0.000242431411506,1.58573676002e-05,40834.4553102,0.484862823012,0.285025391178,0.285025391178,0.570050782356,-2.08166817117e-17,-2.08166817117e-17,0.0749532201888,84234.1488627
2012-10-19,84263.0175993,0.000474402754246,0.000342720107769,9.77662105804,1.31555458795,0.000116064816823,1.56178296536e-05,19553.2421161,0.232129633647,0.253277533109,0.253277533109,0.506555066218,3.46944695195e-17,4.16333634234e-17,0.08,84263.0175993
2012-10-22,84391.0570852,0.00167906296516,0.00151952172529,9.93516396314,3.50826233916,0.000117906576885,4.16346629769e-05,19870.3279263,0.23581315377,0.229205180266,0.229205180266,0.458410360532,5.20417042793e-18,-1.73472347598e-17,0.08,84391.0570852
2012-10-23,84455.3861257,0.000895411531174,0.00076227319213,10.1758020225,1.05988314806,0.000120579151085,1.25591879598e-05,20351.604045,0.24115830217,0.222083029185,0.222083029185,0.44416605837,-2.77555756156e-17,1.73472347598e-17,0.08,84455.3861257
2012-10-24,84463.8548876,0.000235096389371,0.000100274977546,10.3586624494,1.02773194421,0.000122652478718,1.2168933106e-05,20717.3248988,0.245304957436,0.232786715158,0.232786715158,0.465573430316,-1.38777878078e-17,-6.93889390391e-18,0.08,84463.8548876
2012-10-25,84515.969783,0.00083610077865,0.00061700825081,17.4280261453,1.07737333309,0.000206337091393,1.2755436447e-05,34856.0522907,0.412674182786,0.28307737056,0.28307737056,0.566154741121,0,-2.08166817117e-17,0.0527069637145,84515.969783
2012-10-26,84593.6685126,0.00111891089915,0.000919337846448,15.5561753798,1.31093471214,0.000184061963908,1.55110887978e-05,31112.3507597,0.368123927816,0.288128921599,0.288128921599,0.576257843198,1.38777878078e-17,2.60208521397e-17,0.0752220166387,84593.6685126
2012-10-31,84596.2224508,0.00033645401115,3.01906539462e-05,19.2301648942,6.67777602264,0.000227323926628,7.8939430575e-05,38460.3297884,0.454647853257,0.312397561295,0.312397561295,0.624795122589,1.04083408559e-16,9.71445146547e-17,0.08,84596.2224508
2012-11-01,84649.2052744,0.000920725455835,0.000626302476416,23.458981254,1.44809060758,0.000277305304828,1.71176745915e-05,46917.962508,0.554610609656,0.336529008168,0.336529008168,0.673058016336,2.77555756156e-17,6.93889390391e-18,0.0696431169834,84649.2052744
2012-11-02,84370.7296874,-0.00306227356451,-0.00328976020573,17.6956366456,1.56092674483,0.000209046695574,1.8439945653e-05,35391.2732911,0.418093391148,0.357185325611,0.357185325611,0.714370651222,-2.77555756156e-17,-6.24500451352e-17,0.08,84370.7296874
2012-11-05,84537.6539733,0.00223892587134,0.00197846203896,17.0216627908,4.95386080363,0.000201748436382,5.87153959908e-05,34043.3255816,0.403496872763,0.256142856188,0.256142856188,0.512285712375,-3.67761376907e-16,-4.4408920985e-16,0.062361419632,84537.6539733
2012-11-06,84479.3936452,-0.000534029738245,-0.000689164240978,11.9282019172,1.1865049942,0.000141099277737,1.40352249966e-05,23856.4038344,0.282198555473,0.260823092573,0.260823092573,0.521646185146,-1.11022302463e-16,-1.11022302463e-16,0.08,84479.3936452
2012-11-07,84313.070024,-0.00183932710896,-0.00196880699545,9.73103015141,1.20735214845,0.000115188210184,1.42916763054e-05,19462.0603028,0.230376420368,0.26981298741,0.26981298741,0.539625974821,-5.27355936697e-16,-6.10622663544e-16,0.0633476352477,84313.070024
2012-11-08,84195.8285451,-0.00117011133671,-0.00139054928098,17.339292363,1.24650746854,0.000205653670992,1.47842732828e-05,34678.5847261,0.411307341984,0.165283636368,0.165283636368,0.330567272737,-3.81639164715e-17,-5.55111512313e-17,0.049201888478,84195.8285451
2012-11-09,84200.8803507,0.000156172630177,6.0000663151e-05,7.33474733927,0.762531107342,8.71153294173e-05,9.05663760923e-06,14669.4946785,0.174230658835,0.17681125507,0.17681125507,0.353622510139,6.93889390391e-18,-2.77555756156e-17,0.0516404997476,84200.8803507
2012-11-12,84219.3046484,0.000474385725341,0.000218813599606,19.0721108568,2.44728712319,0.000226507261888,2.90648638471e-05,38144.2217136,0.453014523776,0.328870098474,0.328870098474,0.657740196949,6.93889390391e-17,2.77555756156e-17,0.0707095120746,84219.3046484
2012-11-13,84052.2810073,-0.00178758785168,-0.00198319900359,14.9565797976,1.51765539798,0.000177590872544,1.80202793685e-05,29913.1595952,0.355181745089,0.360811121155,0.360811121155,0.72162224231,1.80411241502e-16,1.11022302463e-16,0.0564059119742,84052.2810073
2012-11-14,84254.3144288,0.00260027329336,0.0024036637562,14.8637267653,1.66175330114,0.000176839064773,1.9770472392e-05,29727.4535307,0.353678129545,0.265639275101,0.265639275101,0.531278550203,1.66533453694e-16,1.11022302463e-16,0.0623531439885,84254.3144288
2012-11-15,84149.4801318,-0.0010572306161,-0.00124426028178,14.5316861224,1.22637013748,0.000172474088964,1.45555767179e-05,29063.3722448,0.344948177928,0.233691575557,0.233691575557,0.467383151114,-6.93889390391e-18,5.20417042793e-17,0.08,84149.4801318
2012-11-16,84098.456356,-0.000368785618052,-0.000606346892246,18.9131221287,1.07753559421,0.000224756256355,1.28050178388e-05,37826.2442573,0.449512512711,0.268097042141,0.268097042141,0.536194084281,0,6.24500451352e-17,0.08,84098.456356
2012-11-19,83946.1414817,-0.00163680312732,-0.00181114946627,10.9559762132,3.706281764,0.000130275592298,4.40707466533e-05,21911.9524263,0.260551184596,0.194421751464,0.194421751464,0.388843502928,-6.93889390391e-18,-6.93889390391e-17,0.08,83946.1414817
2012-11-20,83902.8995669,-0.000378675180437,-0.000515114978191,10.5592956151,0.894298950987,0.000125786551099,1.06532466556e-05,21118.5912301,0.251573102198,0.239761488118,0.239761488118,0.479522976237,4.85722573274e-17,1.04083408559e-16,0.08,83902.8995669
2012-11-21,83883.5274479,-7.44150250078e-05,-0.000230887359256,12.0261984874,1.10228405795,0.00014333471846,1.31376157873e-05,24052.3969749,0.286669436921,0.195395567597,0.195395567597,0.390791135193,0,2.77555756156e-17,0.0592305281056,83883.5274479
2012-11-23,83922.0083137,0.0006057215103,0.000458741626218,10.5329753097,1.79621583098,0.000125566671194,2.14132128873e-05,21065.9506193,0.251133342388,0.165388859294,0.165388859294,0.330777718589,-4.85722573274e-17,-7.2858385991e-17,0.0605783680614,83922.0083137
2012-11-26,83976.227776,0.000964133685548,0.000646069646745,24.4109676663,2.28160524242,0.000290876829056,2.7187209747e-05,48821.9353326,0.581753658111,0.438593837589,0.438593837589,0.877187675179,2.08166817117e-16,2.35922392733e-16,0.0776076129328,83976.227776
2012-11-27,83966.3623642,0.000224980499832,-0.0001174786256,26.7402635483,2.01816197296,0.000318426586386,2.4032539046e-05,53480.5270966,0.636853172773,0.213214477193,0.213214477193,0.426428954387,-9.71445146547e-17,-3.81639164715e-17,0.0529607892951,83966.3623642
2012-11-28,84193.5502929,0.00297050301841,0.00270570169172,21.2534263949,0.980977756346,0.000253118341637,1.16829850517e-05,42506.8527898,0.506236683273,0.277717000292,0.277717000292,0.555434000585,4.85722573274e-17,6.93889390391e-17,0.0763245882974,84193.5502929
2012-11-29,84222.2038966,0.000572583172048,0.000340330151758,18.2730019483,1.28120439624,0.000217035650411,1.5217369879e-05,36546.0038965,0.434071300823,0.271066420473,0.271066420473,0.542132840946,5.55111512313e-17,2.77555756156e-17,0.08,84222.2038966
2012-11-30,84077.0931527,-0.00151274748222,-0.00172295116071,16.4528685026,1.25094856628,0.000195350723935,1.48529545465e-05,32905.7370053,0.39070144787,0.227898142536,0.227898142536,0.455796285071,9.19403442268e-17,9.71445146547e-17,0.08,84077.0931527
2012-12-03,83913.6315246,-0.0017582733856,-0.00194418743448,12.4813571856,3.1497556207,0.000148451340521,3.7462708362e-05,24962.7143712,0.296902681041,0.266015640405,0.266015640405,0.53203128081,7.6327832943e-17,8.32667268469e-17,0.08,83913.6315246
2012-12-04,83852.6303537,-0.000621076122677,-0.00072695186467,7.66127616928,1.22314183171,9.12995425187e-05,1.45761994743e-05,15322.5523386,0.182599085037,0.222277732943,0.222277732943,0.444555465886,7.97972798949e-17,5.55111512313e-17,0.0723748877394,83852.6303537
2012-12-05,83831.1877465,-0.000119849081429,-0.000255717764318,10.3716547949,1.02129164802,0.000123689081084,1.21796018051e-05,20743.3095898,0.247378162168,0.309075041459,0.309075041459,0.618150082919,5.55111512313e-17,2.77555756156e-17,0.0713772352677,83831.1877465
2012-12-06,83905.5382794,0.00108537778872,0.00088690778227,15.2182433413,1.41973303169,0.000181534387743,1.69356187101e-05,30436.4866827,0.363068775486,0.309044536454,0.309044536454,0.618089072908,-5.55111512313e-17,-8.32667268469e-17,0.08,83905.5382794
2012-12-07,83689.8629355,-0.00241910595995,-0.00257045420689,11.2781041721,1.42085195526,0.00013441429974,1.6933947203e-05,22556.2083442,0.268828599479,0.301457589706,0.301457589706,0.602915179413,-1.66533453694e-16,-1.94289029309e-16,0.0663454143841,83689.8629355
2012-12-10,83704.7178405,0.00042557172005,0.000177499453907,16.6139102206,4.14722373097,0.000198517593862,4.95546722805e-05,33227.8204412,0.397035187724,0.232313529858,0.232313529858,0.464627059715,-6.93889390391e-17,-1.80411241502e-16,0.052826538688,83704.7178405
2012-12-11,83845.0805807,0.00181040941632,0.00167687967654,10.1115492752,1.06551991601,0.00012080023129,1.27295084854e-05,20223.0985505,0.241600462581,0.204168038611,0.204168038611,0.408336077222,-6.93889390391e-18,-5.20417042793e-17,0.054153586899,83845.0805807
2012-12-12,83775.8870972,-0.000651727806156,-0.000825253944553,13.6113138431,0.937999213662,0.00016233884861,1.11872897869e-05,27222.6276862,0.324677697221,0.281232785893,0.281232785893,0.562465571786,-8.32667268469e-17,-1.21430643318e-16,0.0655228742108,83775.8870972
2012-12-13,83686.1817762,-0.000841026232838,-0.00107077733326,17.9566145169,1.29098773255,0.000214341084757,1.54100156654e-05,35913.2290338,0.428682169515,0.32840760609,0.32840760609,0.65681521218,-1.38777878078e-17,-1.38777878078e-17,0.0574608541081,83686.1817762
2012-12-14,83595.8880596,-0.000860306805113,-0.00107895610363,16.7919973455,1.50592759561,0.000200654361199,1.799493732e-05,33583.994691,0.401308722399,0.344785336408,0.344785336408,0.689570672816,-1.11022302463e-16,-1.38777878078e-16,0.072871846713,83595.8880596
2012-12-17,83736.1070761,0.00200202397583,0.00167734346423,22.4039880776,4.73796762525,0.000268003469998,5.66770416013e-05,44807.9761551,0.536006939997,0.324775632024,0.324775632024,0.649551264049,-8.32667268469e-17,-1.04083408559e-16,0.0785865969243,83736.1070761
2012-12-18,83766.4293816,0.000582653606066,0.000362117449571,16.9766777295,1.49016148487,0.000202740231453,1.77959250424e-05,33953.3554591,0.405480462905,0.251002276251,0.251002276251,0.502004552502,0,-1.38777878078e-17,0.08,83766.4293816
2012-12-19,83629.0269044,-0.00147871083888,-0.00164030481218,12.38406443,1.15208572319,0.000147840423919,1.37535493836e-05,24768.1288599,0.295680847838,0.311089584743,0.311089584743,0.622179169486,-4.99600361081e-16,-5.82867087928e-16,0.0751588680681,83629.0269044
2012-12-20,83486.3932757,-0.00155616495656,-0.00170555169638,11.0675269027,1.42554078094,0.000132340735177,1.70460046434e-05,22135.0538054,0.264681470355,0.307585917521,0.307585917521,0.615171835041,-3.74700270811e-16,-5.20417042793e-16,0.0681945280825,83486.3932757
2012-12-21,83379.5296947,-0.00114098495134,-0.00128001194855,10.1997809834,1.40708158226,0.00012217297434,1.68540228778e-05,20399.5619667,0.244345948679,0.305120161394,0.305120161394,0.610240322788,-2.77555756156e-17,-2.77555756156e-17,0.0736275429944,83379.5296947
2012-12-24,83387.0319904,0.000270754770229,8.99776686978e-05,10.8910644082,4.18204529711,0.000130620362672,5.01567388593e-05,21782.1288163,0.261240725344,0.24638371027,0.24638371027,0.49276742054,-2.82759926584e-16,-2.63677968348e-16,0.0659081464561,83387.0319904
2012-12-26,83379.1722115,2.38588585075e-05,-9.42566091188e-05,7.59776881668,2.25152946084,9.11145130762e-05,2.70009545501e-05,15195.5376334,0.182229026152,0.244130787754,0.244130787754,0.488261575508,-1.52655665886e-16,-1.66533453694e-16,0.0661821735053,83379.1722116
2012-12-27,83416.4512092,0.000604281423489,0.000447102035376,11.9901216261,1.11536564352,0.000143802358647,1.3377029466e-05,23980.2432521,0.287604717294,0.260708965126,0.260708965126,0.521417930253,-2.28983498829e-16,-2.63677968348e-16,0.0660650261141,83416.4512092
2012-12-28,83331.2199525,-0.00088064107806,-0.0010217559655,10.5796638534,1.19163926955,0.000126829464692,1.42854227467e-05,21159.3277068,0.253658929384,0.237774252419,0.237774252419,0.475548504839,-3.05311331772e-16,-3.74700270811e-16,0.0700447286456,83331.2199525
2012-12-31,83274.650828,-0.000458234219262,-0.000678846710402,15.1268090875,3.25709893601,0.000181526312661,3.90861784799e-05,30253.618175,0.363052625322,0.237256518465,0.237256518465,0.474513036929,-4.09394740331e-16,-3.33066907388e-16,0.08,83274.650828
2013-01-02,83168.7647952,-0.00100554261945,-0.00127152779025,19.9846218147,2.16520040896,0.000239984456446,2.60007143523e-05,39969.2436294,0.479968912892,0.312673523192,0.312673523192,0.625347046384,-5.04804531509e-16,-4.64905891562e-16,0.08,83168.7647952
2013-01-03,83082.158568,-0.000736730925814,-0.00104133117133,23.9083127126,1.42491346345,0.000287467449727,1.71327957913e-05,47816.6254253,0.574934899454,0.277495789537,0.277495789537,0.554991579075,-1.70002900646e-16,-1.80411241502e-16,0.0793570004918,83082.158568
2013-01-04,83030.9093952,-0.000367148611176,-0.000616849316756,19.4823887285,1.26328488703,0.000234495456838,1.52052487418e-05,38964.7774569,0.468990913676,0.13555430337,0.13555430337,0.271108606741,-2.60208521397e-17,-1.38777878078e-17,0.0560488121259,83030.9093952
2013-01-07,83044.2634009,0.000324566442323,0.00016083174098,11.7448717689,1.85016938322,0.00014145180216,2.22828991842e-05,23489.7435378,0.282903604319,0.198789323891,0.198789323891,0.397578647781,-6.24500451352e-17,-9.71445146547e-17,0.0640775778167,83044.2634009
2013-01-08,82999.510584,-0.000449167914598,-0.000538903171356,6.54743320405,0.904565094491,7.88426910652e-05,1.08925656926e-05,13094.8664081,0.15768538213,0.202927579795,0.202927579795,0.40585515959,2.77555756156e-17,1.73472347598e-17,0.060679100185,82999.510584
2013-01-09,83050.3162423,0.00070145559161,0.000612119974456,6.4919144299,0.922898071616,7.82162977133e-05,1.11193194408e-05,12983.8288598,0.156432595427,0.195291780532,0.195291780532,0.390583561064,0,-5.29090660173e-17,0.0604891536476,83050.3162423
2013-01-10,82932.9201495,-0.00115239880824,-0.00141355383247,20.8002926039,0.888714746997,0.000250454104752,1.07009194812e-05,41600.5852078,0.500908209505,0.405100727384,0.405100727384,0.810201454769,8.32667268469e-17,5.89805981832e-17,0.0761273996349,82932.9201495
2013-01-11,82918.7298387,4.98120688268e-05,-0.000171105886295,16.4804842125,1.84088691927,0.000198720654992,2.21973001307e-05,32960.9684249,0.397441309983,0.397581365904,0.397581365904,0.795162731809,8.32667268469e-17,4.16333634234e-17,0.08,82918.7298387
2013-01-14,82807.323652,-0.00103681889639,-0.00134355877004,20.015257393,5.41922332082,0.000241384032678,6.53558409706e-05,40030.514786,0.482768065356,0.236966013445,0.236966013445,0.473932026891,1.2490009027e-16,1.11022302463e-16,0.08,82807.323652
2013-01-15,82929.7370879,0.00168852165751,0.00147829238424,16.3333168229,1.07520665041,0.000197244834183,1.29844390929e-05,32666.6336457,0.394489668366,0.398183282832,0.398183282832,0.796366565664,2.22044604925e-16,1.66533453694e-16,0.0769895403867,82929.7370879
2013-01-16,82959.7045397,0.000633949112729,0.00036135954161,20.7963987284,1.80938273743,0.000250771309046,2.1818262073e-05,41592.7974568,0.501542618092,0.292023738867,0.292023738867,0.584047477733,2.91433543964e-16,2.22044604925e-16,0.08,82959.7045397
2013-01-17,82651.5213508,-0.00350456541055,-0.00371485398375,16.1180147173,1.32746318329,0.000194287272439,1.60013007598e-05,32236.0294347,0.388574544877,0.241357271342,0.241357271342,0.482714542684,-2.77555756156e-17,-2.77555756156e-17,0.08,82651.5213508
2013-01-18,82570.6796926,-0.000816105022061,-0.000978102482442,12.2962655601,1.09307099537,0.000148772404417,1.3225055964e-05,24592.5311202,0.297544808835,0.281506879341,0.281506879341,0.563013758682,1.80411241502e-16,9.71445146547e-17,0.08,82570.6796926
2013-01-22,82613.5797293,0.00074514012991,0.000519555329414,13.5320679786,5.09462232664,0.000163884662558,6.17001379377e-05,27064.1359573,0.327769325117,0.340685405626,0.340685405626,0.681370811252,3.1918911958e-16,2.77555756156e-16,0.08,82613.5797293
2013-01-23,82787.7540815,0.00235223477213,0.00210830171912,18.6099777416,1.54220498193,0.000225265359553,1.86676934589e-05,37219.9554833,0.450530719105,0.367322595214,0.367322595214,0.734645190428,-1.11022302463e-16,-1.66533453694e-16,0.08,82787.7540815
2013-01-24,82470.4649364,-0.00359034072059,-0.00383256133248,18.3866093448,1.66629110582,0.000222093346398,2.01272654912e-05,36773.2186895,0.444186692797,0.263610337277,0.263610337277,0.527220674553,-5.55111512313e-17,-6.93889390391e-17,0.0714606807846,82470.4649364
2013-01-25,82495.24735,0.000466915647435,0.000300500471503,12.5331003793,1.19123655218,0.000151970773889,1.44444020426e-05,25066.2007587,0.303941547777,0.296945062809,0.296945062809,0.593890125617,2.49800180541e-16,1.80411241502e-16,0.0694769475152,82495.24735
2013-01-28,82545.0767989,0.000776063335358,0.000604028116961,10.1652567046,4.02683118999,0.00012322233136,4.8812887037e-05,20330.5134092,0.24644466272,0.21249714734,0.21249714734,0.42499429468,5.55111512313e-17,-6.93889390391e-17,0.0572359802739,82545.0767989
2013-01-29,82659.307097,0.00152726620925,0.00138385355733,10.8768799644,0.961128402561,0.000131768972617,1.16436793063e-05,21753.7599288,0.263537945235,0.25693066949,0.25693066949,0.51386133898,-2.77555756156e-17,-6.93889390391e-17,0.0730759665123,82659.307097
2013-01-30,82718.8060665,0.0009143010649,0.000719809680528,14.9128128706,1.16371019792,0.000180412991524,1.40783928488e-05,29825.6257413,0.360825983047,0.271242746557,0.271242746557,0.542485493113,3.95516952523e-16,2.98372437868e-16,0.056522583148,82718.8060665
2013-01-31,82845.8873355,0.00176355314689,0.00153630443955,17.5683238803,1.2294178712,0.000212386091092,1.48626162497e-05,35136.6477606,0.424772182185,0.245348154839,0.245348154839,0.490696309677,1.66533453694e-16,6.93889390391e-17,0.051947179228,82845.8873355
2013-02-01,82683.6990167,-0.0017506850277,-0.00195771116686,16.0375060849,1.11375811473,0.00019358240464,1.34437345117e-05,32075.0121698,0.387164809279,0.231854235365,0.231854235365,0.46370847073,1.38777878078e-16,1.52655665886e-16,0.08,82683.6990167
2013-02-04,82691.7612478,0.000294594020709,9.75068992455e-05,13.1445663442,3.15132588701,0.000158974096472,3.81130249915e-05,26289.1326883,0.317948192945,0.272794613988,0.272794613988,0.545589227976,0,1.38777878078e-17,0.08,82691.7612478
2013-02-05,82506.6791366,-0.00207554295614,-0.00223821706523,12.2157610782,1.23604751176,0.000147726459008,1.49476500815e-05,24431.5221565,0.295452918015,0.241718917387,0.241718917387,0.483437834773,-2.77555756156e-17,0,0.08,82506.6791366
2013-02-06,82453.369884,-0.000528500781846,-0.000646120450013,8.61161780205,1.09279041962,0.000104374795982,1.32448721856e-05,17223.2356041,0.208749591964,0.222025512583,0.222025512583,0.444051025165,-8.32667268469e-17,-6.93889390391e-17,0.08,82453.369884
2013-02-07,82437.2970894,-7.97184356901e-05,-0.000194931931201,8.49663127814,1.00310968289,0.000103047714,1.21657815114e-05,16993.2625563,0.206095428,0.244863105473,0.244863105473,0.489726210945,-1.52655665886e-16,-1.83880688454e-16,0.08,82437.2970894
2013-02-08,82444.2530052,0.000281542201865,8.43782622324e-05,15.1475881532,1.10607411354,0.000183746783168,1.34171564643e-05,30295.1763064,0.367493566336,0.308700569892,0.308700569892,0.617401139783,-1.38777878078e-17,-4.68375338514e-17,0.0798488881167,82444.2530052
2013-02-11,82469.0332298,0.000500159224492,0.000300569459285,12.2713708172,4.18365828279,0.000148844466047,5.07452991603e-05,24542.7416344,0.297688932094,0.348362727366,0.348362727366,0.696725454733,0,5.55111512313e-17,0.08,82469.0332298
2013-02-12,82650.2205404,0.00247068548193,0.00219703449374,20.9935331323,1.57419930626,0.000254562619569,1.90883686228e-05,41987.0662646,0.509125239138,0.412173624706,0.412173624706,0.824347249412,2.77555756156e-17,9.71445146547e-17,0.08,82650.2205404
2013-02-13,82735.5611979,0.00133986350071,0.00103255208394,23.5327130291,1.86664334153,0.000284726560622,2.25848561483e-05,47065.4260582,0.569453121243,0.290440688482,0.290440688482,0.580881376964,-3.22658566532e-16,-3.46944695195e-16,0.0761894820963,82735.5611979
2013-02-14,82851.8097593,0.00163761638707,0.00140506161692,17.9238495075,1.31669990993,0.000216640211875,1.5914558273e-05,35847.699015,0.43328042375,0.307877285148,0.307877285148,0.615754570297,-4.4408920985e-16,-5.06539254985e-16,0.0674303652778,82851.8097593
2013-02-15,83095.5970867,0.00317552886373,0.00294245023852,17.9132768592,1.39770905525,0.000216208636978,1.68699882273e-05,35826.5537184,0.432417273956,0.185391202767,0.185391202767,0.370782405534,-1.66533453694e-16,-2.35922392733e-16,0.0751729493994,83095.5970867
2013-02-19,83014.2709187,-0.000770166475368,-0.000978706102392,13.9522442345,3.37648058927,0.000167905938746,4.06336882777e-05,27904.488469,0.335811877492,0.264477699534,0.264477699534,0.528955399069,-1.11022302463e-16,-1.66533453694e-16,0.08,83014.2709187
2013-02-20,83021.9224973,0.000251474829558,9.21718452622e-05,12.0213841978,1.20303689869,0.000144811055554,1.44919287416e-05,24042.7683956,0.289622111109,0.262310493563,0.262310493563,0.524620987125,-2.08166817117e-17,-1.38777878078e-17,0.08,83021.9224973
2013-02-21,83235.6881391,0.0027445150772,0.00257480958484,12.8959873868,1.19328884749,0.000155332314633,1.43731777295e-05,25791.9747736,0.310664629266,0.221154751062,0.221154751062,0.442309502124,1.52655665886e-16,1.17961196366e-16,0.08,83235.6881391
2013-02-22,83224.2988177,3.89093872441e-05,-0.000136832188796,13.6193152415,1.00865577479,0.000163623507488,1.21180685513e-05,27238.630483,0.327247014977,0.217283501991,0.217283501991,0.434567003983,2.22044604925e-16,2.22044604925e-16,0.08,83224.2988177
2013-02-25,83169.5819771,-0.000441357586195,-0.000657462319537,15.0125730519,2.97259185171,0.000180386897398,3.57178359438e-05,30025.1461037,0.360773794796,0.322981370171,0.322981370171,0.645962740342,4.4408920985e-16,4.99600361081e-16,0.0659336548442,83169.5819771
2013-02-26,83349.5594187,0.00235153666778,0.00216398155817,14.126977294,1.47190276951,0.000169857500281,1.76976093244e-05,28253.9545881,0.339715000562,0.276401001306,0.276401001306,0.552802002612,1.11022302463e-16,1.66533453694e-16,0.0580317057597,83349.5594187
2013-02-27,83485.885314,0.00189763437908,0.00163559227268,20.5787433408,1.26235077708,0.000246896846057,1.51452603455e-05,41157.4866815,0.493793692115,0.318774963675,0.318774963675,0.63754992735,5.13478148889e-16,6.10622663544e-16,0.0692074307826,83485.885314
2013-02-28,83418.6924127,-0.000546424845075,-0.000804841454015,20.1158812918,1.45825808539,0.000240949487643,1.74671212973e-05,40231.7625837,0.481898975286,0.363599990479,0.363599990479,0.727199980957,-1.5959455979e-16,-1.38777878078e-16,0.0737263493176,83418.6924127
2013-03-01,83475.0112988,0.000942083599247,0.000675135086522,20.6065213104,1.66197456258,0.000247025225575,1.99232871495e-05,41213.0426209,0.49405045115,0.284144574224,0.284144574224,0.568289148449,5.55111512313e-17,5.89805981832e-17,0.0651879723702,83475.0112988
2013-03-04,83506.9703856,0.000626683893503,0.000382858130423,16.4543493071,3.89900902091,0.000197117065947,4.67086971328e-05,32908.6986142,0.394234131893,0.207745249128,0.207745249128,0.415490498255,-1.38777878078e-17,-2.77555756156e-17,0.0618389794508,83506.9703856
2013-03-05,83469.844136,-0.000196738168015,-0.000444588630447,19.74665622,0.950585006391,0.00023646716111,1.13833013221e-05,39493.31244,0.472934322221,0.270307176403,0.270307176403,0.540614352806,1.73472347598e-16,8.32667268469e-17,0.0651831458826,83469.844136
2013-03-06,83461.368449,0.00013675988725,-0.000101541904905,18.6547121946,1.23630125387,0.000223490440023,1.48113521317e-05,37309.4243892,0.446980880046,0.386249618942,0.386249618942,0.772499237884,2.77555756156e-16,1.80411241502e-16,0.066861441975,83461.368449
2013-03-07,83223.8237028,-0.00252372396505,-0.00284616404694,25.1448838051,1.76640667177,0.000301275719203,2.11643626818e-05,50289.7676102,0.602551438405,0.36030941626,0.36030941626,0.720618832519,1.11022302463e-16,-5.55111512313e-17,0.08,83223.8237028
2013-03-08,83280.2156026,0.000869110225566,0.000677593233187,14.2956899804,1.64308642944,0.000171774010666,1.97429817129e-05,28591.3799607,0.343548021331,0.289160736732,0.289160736732,0.578321473464,-2.77555756156e-17,-7.6327832943e-17,0.08,83280.2156026
2013-03-11,83226.6673251,-0.00046678603515,-0.000642989179577,10.7156547346,3.9585811231,0.000128669872635,4.75332717915e-05,21431.3094692,0.25733974527,0.290113727987,0.290113727987,0.580227455974,1.38777878078e-16,1.87350135405e-16,0.08,83226.6673251
2013-03-12,83431.6207349,0.00265135607441,0.00246259301679,14.3870956119,1.32302458771,0.000172866414988,1.58966426294e-05,28774.1912237,0.345732829976,0.264340147277,0.264340147277,0.528680294554,5.55111512313e-17,8.32667268469e-17,0.0759587654523,83431.6207349
2013-03-13,83326.4846695,-0.00105373658091,-0.00126014650646,16.0126583555,1.20845626918,0.000191925533921,1.44843916316e-05,32025.3167109,0.383851067842,0.347693733292,0.347693733292,0.695387466584,1.38777878078e-16,1.38777878078e-16,0.072967910528,83326.4846695
2013-03-14,83400.6321967,0.00102982782382,0.000889843457462,10.0768930181,1.587512139,0.000120932654943,1.90517114133e-05,20153.7860363,0.241865309886,0.361244879667,0.361244879667,0.722489759334,1.94289029309e-16,1.52655665886e-16,0.0690682815369,83400.6321967
2013-03-15,83031.665616,-0.00411723768128,-0.0044240261857,23.9355030907,1.65085212833,0.000286994264435,1.97942399818e-05,47871.0061814,0.57398852887,0.439644042916,0.439644042916,0.879288085831,1.52655665886e-16,1.66533453694e-16,0.08,83031.665616
2013-03-18,83080.0485874,0.000976861143686,0.000582705057177,26.7267168422,6.00071953338,0.000321885832879,7.227025363e-05,53453.4336843,0.643771665759,0.325197302349,0.325197302349,0.650394604698,6.93889390391e-18,1.38777878078e-17,0.08,83080.0485874
2013-03-19,83054.2961783,-4.56162401802e-05,-0.000309971040964,20.4822037932,1.48040590026,0.000246535770518,1.78190302657e-05,40964.4075863,0.493071541036,0.363472427399,0.363472427399,0.726944854798,1.38777878078e-17,2.08166817117e-17,0.08,83054.2961783
2013-03-20,83012.2421866,-0.000301204863172,-0.000506343363118,15.3834996697,1.65413406235,0.000185222202554,1.99162973917e-05,30766.9993395,0.370444405108,0.405441636255,0.405441636255,0.81088327251,6.93889390391e-18,7.6327832943e-17,0.0765276374591,83012.2421866
2013-03-21,82968.6047798,-0.00038423521793,-0.000525674354704,9.89698155875,1.84419831788,0.000119223156706,2.22159800688e-05,19793.9631175,0.238446313412,0.416740551879,0.416740551879,0.833481103757,2.77555756156e-17,6.24500451352e-17,0.0765535403057,82968.6047798
2013-03-22,83230.1370571,0.00338274431139,0.00315218362463,17.2347022161,1.89459628189,0.000207725588033,2.28350987331e-05,34469.4044323,0.415451176065,0.296488009659,0.296488009659,0.592976019318,6.41847686111e-17,1.52655665886e-16,0.0673551183831,83230.1370571
2013-03-25,83111.2003495,-0.00120774956324,-0.00142901011386,14.3590959241,4.05645002954,0.00017252279561,4.87377550125e-05,28718.1918482,0.34504559122,0.239884758199,0.239884758199,0.479769516398,1.52655665886e-16,1.94289029309e-16,0.0620083182684,83111.2003495
2013-03-26,83202.2655948,0.00122318232535,0.00109570364674,9.50246160342,1.09244439449,0.000114334308294,1.31443703123e-05,19004.9232068,0.228668616587,0.175233941513,0.175233941513,0.350467883026,6.93889390391e-17,5.89805981832e-17,0.065099191015,83202.2655948
2013-03-27,83319.00309,0.00152993157689,0.00140305668736,9.75738176581,0.798896490026,0.000117273029719,9.60185980892e-06,19514.7635316,0.234546059438,0.174640628741,0.174640628741,0.349281257481,1.94289029309e-16,3.08780778724e-16,0.0767585327667,83319.00309
2013-03-28,83454.2919731,0.00176600369327,0.00162374582165,11.0554753834,0.797308662229,0.000132688522107,9.56934952004e-06,22110.9507669,0.265377044214,0.229945221272,0.229945221272,0.459890442545,1.73472347598e-17,7.97972798949e-17,0.0617863183303,83454.2919731
2013-04-01,83428.5264225,-2.40266266354e-05,-0.000308738472446,19.5544166024,4.20600890606,0.000234312893203,5.03989526076e-05,39108.8332048,0.468625786406,0.34722474127,0.34722474127,0.694449482541,2.49800180541e-16,2.35922392733e-16,0.08,83428.5264225
2013-04-02,83159.0917253,-0.00299953738598,-0.00322952722245,17.6004009026,1.58731224666,0.000210963823255,1.90260132203e-05,35200.8018053,0.42192764651,0.214171820703,0.214171820703,0.428343641406,5.41233724505e-16,4.57966997658e-16,0.0631848264403,83159.0917252
2013-04-03,83074.3966905,-0.000914826484176,-0.00101846993487,7.64298650601,0.975908716865,9.19080084624e-05,1.17354422303e-05,15285.973012,0.183816016925,0.215592844157,0.215592844157,0.431185688315,2.08166817117e-16,2.22044604925e-16,0.0648392559672,83074.3966905
2013-04-04,83097.4368959,0.000386095956275,0.000277344240214,8.05309988797,0.981383312831,9.69384095315e-05,1.18133065292e-05,16106.1997759,0.193876819063,0.192747952703,0.192747952703,0.385495905407,1.87350135405e-16,1.80411241502e-16,0.0686494508006,83097.4368959
2013-04-05,83049.9948589,-0.000424693718364,-0.000570920581597,11.2734413298,0.877636210225,0.000135665331578,1.0561531655e-05,22546.8826596,0.271330663157,0.211723324988,0.211723324988,0.423446649977,5.27355936697e-16,5.8633653488e-16,0.067202631861,83049.9948589
2013-04-08,83103.8358703,0.000793732615437,0.00064829638432,9.1880199915,2.89045825509,0.000110632396873,3.48038342447e-05,18376.039983,0.221264793745,0.199601023066,0.199601023066,0.399202046131,9.71445146547e-17,7.97972798949e-17,0.0629399594304,83103.8358703
2013-04-09,83062.6566843,-0.000343078437405,-0.000495514865059,11.7591416913,0.908910173172,0.000141499385295,1.09370423598e-05,23518.2833826,0.28299877059,0.227774210919,0.227774210919,0.455548421838,1.38777878078e-16,1.38777878078e-16,0.08,83062.6566843
2013-04-10,82968.8229662,-0.000935912202194,-0.00112967393388,15.057677563,1.03668663469,0.000181280953007,1.24807786805e-05,30115.3551261,0.362561906015,0.247663519883,0.247663519883,0.495327039765,1.38777878078e-17,-1.73472347598e-17,0.08,82968.8229662
2013-04-11,83197.2594251,0.00289173628482,0.00275328069971,10.3615599033,1.12593702665,0.000124884981284,1.35706038292e-05,20723.1198066,0.249769962568,0.211501678511,0.211501678511,0.423003357021,-6.93889390391e-17,-1.11022302463e-16,0.08,83197.2594251
2013-04-12,83146.7547637,-0.000410218026537,-0.000607047176223,15.4114617184,0.96418411046,0.000185240016617,1.15891330691e-05,30822.9234367,0.370480033233,0.266674321987,0.266674321987,0.533348643974,-1.45716771982e-16,-1.52655665886e-16,0.08,83146.7547637
2013-04-15,83052.5886715,-0.000950432685252,-0.0011325287733,11.4958048934,3.64489388253,0.000138259213196,4.38368748472e-05,22991.6097869,0.276518426392,0.29167513567,0.29167513567,0.583350271339,0,-1.38777878078e-17,0.08,83052.5886715
2013-04-16,83074.2155154,0.000476723243611,0.000260399395278,16.6388925779,1.32736301745,0.000200341649118,1.59821992148e-05,33277.7851559,0.400683298235,0.273345737494,0.273345737494,0.546691474988,8.32667268469e-17,1.11022302463e-16,0.08,83074.2155154
2013-04-17,82999.8231282,-0.000705906726088,-0.000895493104917,14.5054666686,1.24427302503,0.000174608530199,1.49778486298e-05,29010.9333371,0.349217060398,0.237591631103,0.237591631103,0.475183262206,2.77555756156e-17,6.24500451352e-17,0.08,82999.8231282
2013-04-18,83296.408921,0.00374833189763,0.00357333041903,13.4445403539,1.08055141689,0.000161982759085,1.30187195125e-05,26889.0807078,0.32396551817,0.336947933258,0.336947933258,0.673895866516,-5.55111512313e-17,0,0.08,83296.408921
2013-04-19,83326.8712268,0.00058897913974,0.000365709712768,17.0596481826,1.53789330596,0.000204806526519,1.84629004525e-05,34119.2963653,0.409613053039,0.315243013152,0.315243013152,0.630486026304,3.46944695195e-16,3.74700270811e-16,0.08,83326.8712268
2013-04-22,83225.1403759,-0.000995692697249,-0.00122086488294,14.4448311518,4.3180625691,0.000173351416405,5.18207692852e-05,28889.6623035,0.34670283281,0.282629577087,0.282629577087,0.565259154174,3.33066907388e-16,4.09394740331e-16,0.0552126155561,83225.1403759
2013-04-23,83370.2369337,0.00191064502388,0.00174342220609,12.6282720062,1.28887047822,0.000151736265618,1.54865521692e-05,25256.5440123,0.303472531236,0.235207230897,0.235207230897,0.470414461794,6.24500451352e-17,9.19403442268e-17,0.0561247103633,83370.2369337
2013-04-24,83318.6042125,-0.000427660348613,-0.000619318393828,14.9040954032,1.07448123663,0.000178769977768,1.28880674464e-05,29808.1908064,0.357539955537,0.232845683513,0.232845683513,0.465691367027,6.93889390391e-17,4.85722573274e-17,0.0732518079356,83318.6042125
2013-04-25,83393.159001,0.00102689647269,0.000894815620208,9.94175789709,1.06303437519,0.000119322184896,1.27586675898e-05,19883.5157942,0.238644369791,0.264759138075,0.264759138075,0.52951827615,-1.73472347598e-16,-1.94289029309e-16,0.0671758856307,83393.159001
2013-04-26,83395.21919,0.000223342813668,2.47045324284e-05,15.3552600233,1.20981374786,0.000184130931208,1.45073500315e-05,30710.5200465,0.368261862417,0.262968928533,0.262968928533,0.525937857066,-2.04697370165e-16,-1.94289029309e-16,0.0631679988866,83395.21919
2013-04-29,83508.6558655,0.00161605302367,0.0013602299583,17.7294313331,3.60498927702,0.000212595296293,4.3227769074e-05,35458.8626662,0.425190592586,0.294187321807,0.294187321807,0.588374643613,-2.49800180541e-16,-2.08166817117e-16,0.08,83508.6558655
2013-04-30,83187.4998719,-0.00366428297381,-0.00384578089824,13.8105004337,1.34614727763,0.000165378071178,1.61198532497e-05,27621.0008675,0.330756142357,0.274369281674,0.274369281674,0.548738563348,-1.17961196366e-16,-1.11022302463e-16,0.08,83187.4998719
2013-05-01,83301.1415391,0.00153742719345,0.00136609066699,13.0024219533,1.25063531968,0.000156302593219,1.50339332424e-05,26004.8439067,0.312605186437,0.257189075885,0.257189075885,0.51437815177,1.38777878078e-17,1.04083408559e-17,0.08,83301.1415391
2013-05-02,83233.18034,-0.000618439477399,-0.000815849553911,15.2705590474,1.1739256774,0.000183317524409,1.40925521033e-05,30541.1180949,0.366635048819,0.269984800179,0.269984800179,0.539969600359,0,4.72712147204e-17,0.0753103993016,83233.18034
2013-05-03,83066.1517649,-0.00180356919914,-0.00200675469122,15.6804490302,1.23132567465,0.0001883918044,1.47936876811e-05,31360.8980605,0.376783608801,0.285694442365,0.285694442365,0.57138888473,1.11022302463e-16,2.01227923213e-16,0.08,83066.1517649
2013-05-06,83078.9680391,0.00035227227397,0.000154289972763,12.5445531542,3.90107472458,0.000151018831229,4.69634699778e-05,25089.1063084,0.302037662458,0.346878257627,0.346878257627,0.693756515254,8.32667268469e-17,9.19403442268e-17,0.0770918031182,83078.9680391
2013-05-07,83311.4882622,0.00300820512613,0.00279878564427,15.8192701836,1.57908425638,0.000190412454042,1.90070278152e-05,31638.5403673,0.380824908085,0.267287078543,0.267287078543,0.534574157086,-2.22044604925e-16,-1.38777878078e-16,0.0752511714142,83311.4882622
2013-05-08,83281.5722501,-0.000182497656744,-0.000359086276827,13.4916917463,1.22016900311,0.000161942752766,1.46458673174e-05,26983.3834925,0.323885505533,0.191123034888,0.191123034888,0.382246069776,-1.11022302463e-16,-1.14491749414e-16,0.0586161741745,83281.5722501
2013-05-09,83246.0272725,-0.000246366413353,-0.000426804834253,14.1550295327,0.872165854174,0.000169965925838,1.04724950624e-05,28310.0590655,0.339931851676,0.192380339507,0.192380339507,0.384760679014,0,2.08166817117e-17,0.08,83246.0272725
2013-05-10,83342.0199723,0.00128842299737,0.00115312049053,10.3858674621,0.877528711741,0.000124761118367,1.05413884661e-05,20771.7349243,0.249522236734,0.222370959161,0.222370959161,0.444741918323,-4.51028103754e-16,-4.16333634234e-16,0.08,83342.0199723
2013-05-13,83469.849657,0.0017781820488,0.00153379633498,17.3211039865,3.04649505529,0.000207831583543,3.65541302731e-05,34642.2079731,0.415663167087,0.217460835107,0.217460835107,0.434921670215,-1.2490009027e-16,-1.2490009027e-16,0.0555080684021,83469.849657
2013-05-14,83466.0334944,0.0002263159108,-4.57190546836e-05,21.7121191382,0.994598532204,0.000260119303286,1.19156621977e-05,43424.2382764,0.520238606572,0.337525871985,0.337525871985,0.67505174397,-5.55111512313e-17,-1.31838984174e-16,0.0689986619279,83466.0334944
2013-05-15,83245.0692696,-0.00232953799884,-0.00264735504473,24.9832599377,1.54366825952,0.00029932247756,1.84945683279e-05,49966.5198753,0.59864495512,0.3379696604,0.3379696604,0.6759393208,-1.38777878078e-17,-5.55111512313e-17,0.0578609154814,83245.0692696
2013-05-16,83407.7491704,0.00216712878005,0.00195422866793,16.1812786745,1.54160590636,0.000194381226618,1.85188855014e-05,32362.5573491,0.388762453237,0.298447555581,0.298447555581,0.596895111163,1.66533453694e-16,1.11022302463e-16,0.0550115973357,83407.7491704
2013-05-17,83261.6951196,-0.00157291530776,-0.00175108490838,13.4967341886,1.36399117022,0.000161816309909,1.63532907168e-05,26993.4683771,0.323632619818,0.341114785593,0.341114785593,0.682229571187,5.55111512313e-17,2.60208521397e-18,0.0737706933236,83261.6951196
2013-05-20,83474.4257195,0.00277086877648,0.00255496359554,13.3078430855,4.66878826502,0.000159831517559,5.60736633852e-05,26615.686171,0.319663035118,0.309413715359,0.309413715359,0.618827430719,-2.77555756156e-17,-4.16333634234e-17,0.08,83474.4257195
2013-05-21,83324.4917242,-0.0016071495286,-0.00179616683864,14.3628712863,1.41524012051,0.000172063133857,1.69541761841e-05,28725.7425725,0.344126267715,0.399745853806,0.399745853806,0.799491707612,0,-6.93889390391e-17,0.08,83324.4917242
2013-05-22,83416.3841674,0.00133443954384,0.00110282632785,17.473923631,1.82512986779,0.000209709333588,2.19038824003e-05,34947.847262,0.419418667175,0.319746265253,0.319746265253,0.639492530506,2.77555756156e-17,-2.77555756156e-17,0.08,83416.3841674
2013-05-23,83334.7090653,-0.000787131441183,-0.000979125418711,14.5539596998,1.46148368759,0.000174473634227,1.75203433015e-05,29107.9193995,0.348947268454,0.267759679637,0.267759679637,0.535519359274,-1.21430643318e-16,-1.11022302463e-16,0.08,83334.7090653
2013-05-24,83336.4410398,0.000143633730582,2.07833508723e-05,9.01503352826,1.2226671234,0.000108178616442,1.46717632678e-05,18030.0670565,0.216357232883,0.307200086208,0.307200086208,0.614400172416,-5.55111512313e-17,-9.71445146547e-17,0.08,83336.4410398
2013-05-28,83223.929163,-0.00110070232699,-0.00135009217358,15.1720925216,5.61116972531,0.000182058320853,6.73315257442e-05,30344.1850432,0.364116641707,0.36164354151,0.36164354151,0.723287083021,2.08166817117e-17,-1.38777878078e-17,0.08,83223.929163
2013-05-29,83108.4108846,-0.00119099153958,-0.00138804163192,14.7501105172,1.64917240991,0.000177234007881,1.98160844663e-05,29500.2210344,0.354468015762,0.286955525546,0.286955525546,0.573911051091,0,6.93889390391e-18,0.08,83108.4108846
2013-05-30,82987.7758047,-0.00127841646168,-0.00145153876216,13.0811566662,1.30676261494,0.000157398710034,1.57235904409e-05,26162.3133324,0.314797420068,0.238954902176,0.238954902176,0.477909804352,-3.05311331772e-16,-2.63677968348e-16,0.08,82987.7758047
2013-05-31,82932.8790915,-0.000431760320203,-0.000661503609148,17.9792908104,1.08659374516,0.000216649869647,1.30934192973e-05,35958.5816208,0.433299739294,0.367724947727,0.367724947727,0.735449895455,-1.87350135405e-16,-1.80411241502e-16,0.08,82932.8790915
2013-06-03,82970.0832567,0.000711950231445,0.000448605735186,16.8267958492,5.01312141843,0.000202896559646,6.04479366127e-05,33653.5916984,0.405793119292,0.384154984207,0.384154984207,0.768309968414,-8.32667268469e-17,-4.85722573274e-17,0.0687008712031,82970.0832567
2013-06-04,83029.0110027,0.000894149550373,0.000710228840009,13.5134305681,1.74648608346,0.000162871122188,2.10495881757e-05,27026.8611362,0.325742244377,0.404914533833,0.404914533833,0.809829067665,-5.55111512313e-17,-4.85722573274e-17,0.0755551228541,83029.0110027
2013-06-05,83227.0569707,0.00261671681582,0.00238526227951,17.3752684592,1.84217278273,0.000209267438566,2.21870977443e-05,34750.5369183,0.418534877131,0.327141202764,0.327141202764,0.654282405527,-5.55111512313e-17,-3.46944695195e-17,0.08,83227.0569707
2013-06-06,83443.7376616,0.0028058355537,0.00260348856258,15.3488541733,1.49189038465,0.000184421445765,1.79255453569e-05,30697.7083466,0.36884289153,0.282590960223,0.282590960223,0.565181920446,1.66533453694e-16,1.70002900646e-16,0.0715211917684,83443.7376616
2013-06-07,83437.3802101,0.000179340994912,-7.6188480569e-05,20.0302552867,1.29207923016,0.000240045039305,1.54844361766e-05,40060.5105734,0.480090078609,0.23832207544,0.23832207544,0.476644150881,6.24500451352e-17,5.03069808033e-17,0.08,83437.3802101
2013-06-10,83458.9784588,0.000544606861012,0.000258855786661,20.5735589066,3.26876212947,0.000246574842772,3.91762315792e-05,41147.1178132,0.493149685544,0.358448866318,0.358448866318,0.716897732635,-4.16333634234e-17,-7.97972798949e-17,0.08,83458.9784588
2013-06-11,83575.9476571,0.00161284448284,0.00140151725432,15.9979339989,1.63922061439,0.000191686194756,1.96410337708e-05,31995.8679979,0.383372389511,0.254918895421,0.254918895421,0.509837790842,0,0,0.08,83575.9476571
2013-06-12,83549.647305,-0.000117302176306,-0.00031468805109,15.3293094427,1.16740209647,0.00018341771613,1.39681586532e-05,30658.6188854,0.366835432261,0.316128355747,0.316128355747,0.632256711493,2.77555756156e-17,-1.38777878078e-17,0.08,83549.647305
2013-06-13,83483.6225605,-0.000580016568649,-0.000790245640363,16.1173093087,1.44725548634,0.00019290697003,1.73221016847e-05,32234.6186173,0.385813940059,0.379422903874,0.379422903874,0.758845807748,-2.77555756156e-16,-3.05311331772e-16,0.08,83483.6225605
2013-06-14,83403.1132541,-0.000715400799256,-0.000964372458999,19.0494068375,1.73564923276,0.000228181363641,2.07902961027e-05,38098.813675,0.456362727281,0.268714851122,0.268714851122,0.537429702244,-1.11022302463e-16,-7.6327832943e-17,0.08,83403.1132541
2013-06-17,83434.7224202,0.00066808179004,0.000378992640214,20.4268274057,3.68410769773,0.000244916845532,4.4172304294e-05,40853.6548115,0.489833691064,0.323723654922,0.323723654922,0.647447309843,-5.55111512313e-17,-5.55111512313e-17,0.08,83434.7224202
2013-06-18,83346.8847504,-0.000773204799741,-0.0010527711632,21.8455532598,1.47998867338,0.000261828080997,1.77382824615e-05,43691.1065196,0.523656161994,0.289356216842,0.289356216842,0.578712433683,1.38777878078e-17,-1.38777878078e-17,0.0666170898499,83346.8847504
2013-06-19,83319.0285148,-8.40069989717e-05,-0.000334220477193,19.5330378086,1.32147612367,0.000234358343052,1.58551351694e-05,39066.0756173,0.468716686104,0.366172235496,0.366172235496,0.732344470991,-1.66533453694e-16,-2.08166817117e-16,0.08,83319.0285148
2013-06-20,83191.1099031,-0.0013214661762,-0.0015352868852,16.1436014246,1.67173232496,0.00019375647691,2.0064232082e-05,32287.2028492,0.38751295382,0.384460954922,0.384460954922,0.768921909844,-4.7878367937e-16,-4.83987849798e-16,0.08,83191.1099031
2013-06-21,83012.2093253,-0.0018354400181,-0.00215047711196,24.4557521534,1.75253334544,0.000293970740165,2.10663536944e-05,48911.5043067,0.58794148033,0.239771205473,0.239771205473,0.479542410946,5.20417042793e-18,2.42861286637e-17,0.08,83012.2093253
2013-06-24,83081.1051291,0.00107036729039,0.000829947840442,16.6858695677,3.27188013681,0.000201005005208,3.94144447353e-05,33371.7391355,0.402010010415,0.217920865025,0.217920865025,0.43584173005,1.04083408559e-16,6.93889390391e-17,0.0682632870007,83081.1051291
2013-06-25,82962.1444496,-0.00123724205294,-0.00143186202616,15.1771818369,0.992060619013,0.000182679103911,1.19408693164e-05,30354.3636738,0.365358207821,0.239307848191,0.239307848191,0.478615696382,6.38378239159e-16,5.34294830601e-16,0.0614229688578,82962.1444496
2013-06-26,82785.8430882,-0.00198282586255,-0.00212508201864,10.7140131801,1.08786259011,0.000129143397283,1.3112758805e-05,21428.0263602,0.258286794566,0.17682761791,0.17682761791,0.353655235821,2.77555756156e-17,2.77555756156e-17,0.0607218826582,82785.8430882
2013-06-27,82768.0256079,-0.00010675471864,-0.000215223758854,8.1775736319,0.802127311232,9.87798556716e-05,9.68918454303e-06,16355.1472638,0.197559711343,0.225589582425,0.225589582425,0.45117916485,1.11022302463e-16,7.6327832943e-17,0.0596121769181,82768.0256079
2013-06-28,82807.2912008,0.000637776421982,0.000474405335115,12.4988006941,1.0231016074,0.000151010013858,1.23610730096e-05,24997.6013882,0.302020027717,0.275057630403,0.275057630403,0.550115260805,4.02455846427e-16,2.94902990916e-16,0.0742578177891,82807.2912008
2013-07-01,82724.3599961,-0.000724155696643,-0.00100149640828,19.2217052951,3.74412777497,0.000232125758691,4.52149529429e-05,38443.4105903,0.464251517382,0.341352462956,0.341352462956,0.682704925913,1.17961196366e-16,9.36750677027e-17,0.0699350749482,82724.3599961
2013-07-02,82733.2077242,0.000465810973199,0.000106954324548,28.1388899308,1.54729665924,0.000340152404106,1.87042445456e-05,56277.7798617,0.680304808213,0.408380773316,0.408380773316,0.816761546633,0,1.38777878078e-17,0.0740054689715,82733.2077242
2013-07-03,82824.1765819,0.00131049015441,0.00109954467152,15.6008730929,1.85132336161,0.000188568454217,2.23770286749e-05,31201.7461859,0.377136908434,0.378582885011,0.378582885011,0.757165770022,-1.31838984174e-16,-8.32667268469e-17,0.0792431848978,82824.1765819
2013-07-05,82940.2959641,0.00166140401444,0.00140199863129,18.048783483,3.43625377743,0.000217916847808,4.14885353437e-05,36097.5669659,0.435833695615,0.30077457577,0.30077457577,0.601549151541,0,6.93889390391e-18,0.0548306187544,82940.2959641
2013-07-08,82924.5150754,4.39915030678e-05,-0.000190268053469,15.3287899927,4.10076695883,0.00018481716052,4.94423960171e-05,30657.5799855,0.369634321039,0.369308712181,0.369308712181,0.738617424362,-1.38777878078e-17,4.16333634234e-17,0.0693728680561,82924.5150754
2013-07-09,82893.2325229,-0.000100584714608,-0.000377241308139,21.2635455941,1.67806826689,0.000256420499713,2.02360938181e-05,42527.0911881,0.512840999425,0.389237187681,0.389237187681,0.778474375361,-4.51028103754e-17,-5.55111512313e-17,0.0745568239919,82893.2325229
2013-07-10,82939.9401036,0.000889059265529,0.000563466755428,25.2214633897,1.76795225781,0.000304264445023,2.13280650784e-05,50442.9267794,0.608528890046,0.387317253846,0.387317253846,0.774634507693,-1.94289029309e-16,-2.08166817117e-16,0.08,82939.9401036
2013-07-11,83069.9143633,0.00184863286112,0.00156708890207,21.5910160948,1.76022300466,0.000260321095817,2.12228632245e-05,43182.0321896,0.520642191635,0.389537686949,0.389537686949,0.779075373899,-2.08166817117e-16,-2.91433543964e-16,0.0773190241593,83069.9143633
2013-07-12,83137.7392874,0.00109945796262,0.000816480005063,21.7338663556,1.77308834499,0.00026163342676,2.13445307917e-05,43467.7327111,0.523266853521,0.314481797587,0.314481797587,0.628963595174,-4.16333634234e-17,-1.11022302463e-16,0.0623216234849,83137.7392874
2013-07-15,83210.2893982,0.00112406875209,0.000872649550584,16.6045655553,4.29785847098,0.000199723563542,5.16956379595e-05,33209.1311106,0.399447127084,0.265966745514,0.265966745514,0.531933491027,3.46944695195e-17,-2.77555756156e-17,0.0564768129057,83210.2893982
2013-07-16,83149.0996102,-0.00054424091031,-0.000735363240512,14.6906775647,1.21266684189,0.000176548809901,1.45735203021e-05,29381.3551295,0.353097619801,0.331029637402,0.331029637402,0.662059274804,-2.53269627493e-16,-1.94289029309e-16,0.08,83149.0996102
2013-07-17,83071.0454745,-0.000674387045741,-0.000938724965118,20.4712508771,1.50820911201,0.000246199309109,1.81386102686e-05,40942.5017541,0.492398618218,0.269545752425,0.269545752425,0.53909150485,3.46944695195e-18,1.38777878078e-17,0.0695729246466,83071.0454745
2013-07-18,83315.9283517,0.00315839466318,0.00294787282103,16.2613408955,1.22692862779,0.000195752211888,1.47696302699e-05,32522.6817909,0.391504423775,0.251214103247,0.251214103247,0.502428206494,-1.2490009027e-16,-1.11022302463e-16,0.08,83315.9283517
2013-07-19,83463.420638,0.00202818595217,0.00177027717464,20.3410524503,1.14685677957,0.000244143621186,1.37651563423e-05,40682.1049005,0.488287242372,0.306433896772,0.306433896772,0.612867793544,-4.30211422042e-16,-3.46944695195e-16,0.08,83463.420638
2013-07-22,83439.8786074,2.20468974136e-06,-0.00028206405132,19.5217640479,4.20427746148,0.000233896045701,5.03726953598e-05,39043.5280958,0.467792091403,0.221939264732,0.221939264732,0.443878529464,-1.31838984174e-16,-1.02348685083e-16,0.0556772355042,83439.8786074
2013-07-23,83275.4717639,-0.00185854183631,-0.00197036292731,8.31562125567,1.01471700315,9.96600353987e-05,1.21610556018e-05,16631.2425113,0.199320070797,0.25879453349,0.25879453349,0.51758906698,-2.98372437868e-16,-2.671474153e-16,0.0593691337301,83275.4717639
2013-07-24,83425.6477173,0.00190731319751,0.00180336358628,7.47556322379,1.1808896913,8.97690888499e-05,1.4180522383e-05,14951.1264476,0.1795381777,0.265414243352,0.265414243352,0.530828486704,-1.5959455979e-16,-1.28369537222e-16,0.0697842056159,83425.6477173
2013-07-25,83489.4042337,0.000915335006572,0.000764231601871,11.3926196744,1.21327973507,0.00013656015849,1.45432462111e-05,22785.2393488,0.27312031698,0.227860445101,0.227860445101,0.455720890202,-1.38777878078e-16,-1.17961196366e-16,0.0615785585051,83489.4042337
2013-07-26,83970.7977583,0.00594338622157,0.00576592357978,13.7738429589,1.04240727726,0.000164977137941,1.24855038412e-05,27547.6859178,0.329954275883,0.215499609261,0.215499609261,0.430999218522,-3.40005801291e-16,-2.87964097012e-16,0.0552421808073,83970.7977583
2013-07-29,83885.9894339,-0.000736094727888,-0.00100997402258,20.0232315046,2.97463135993,0.000238454701386,3.54245933032e-05,40046.4630093,0.476909402773,0.263596093149,0.263596093149,0.527192186298,0,2.77555756156e-17,0.08,83885.9894339
2013-07-30,83911.9521114,0.000445486459573,0.00030949956848,10.1957774253,1.21161748409,0.00012154326955,1.44436215424e-05,20391.5548505,0.243086539101,0.288915141112,0.288915141112,0.577830282224,3.60822483003e-16,3.88578058619e-16,0.0797199186082,83911.9521114
2013-07-31,83941.3815404,0.00051355787255,0.000350717963531,12.3358073331,1.32840731426,0.000147008942382,1.58309666363e-05,24671.6146662,0.294017884764,0.24673905415,0.24673905415,0.4934781083,2.08166817117e-17,4.16333634234e-17,0.0709059998039,83941.3815404
2013-08-01,83859.2102099,-0.000828543073265,-0.000978913248777,11.487397147,1.13488312796,0.000136850227339,1.35199481726e-05,22974.7942939,0.273700454678,0.225101286819,0.225101286819,0.450202573638,6.93889390391e-17,9.02056207508e-17,0.072077168939,83859.2102099
2013-08-02,83711.0075484,-0.00158233828613,-0.00176727948092,14.4746764408,1.03434608931,0.000172606877701,1.2334317086e-05,28949.3528815,0.345213755401,0.225253955021,0.225253955021,0.450507910041,-4.16333634234e-17,-1.04083408559e-17,0.0785923125477,83711.0075484
2013-08-05,83636.6473106,-0.00073216695102,-0.000888297010556,9.97014943682,3.09965515546,0.000119102012134,3.70280474007e-05,19940.2988736,0.238204024269,0.216321986938,0.216321986938,0.432643973876,6.93889390391e-18,1.21430643318e-17,0.08,83636.6473106
2013-08-06,83652.7175318,0.000276584945751,0.000192143297494,6.07104946438,0.991366889155,7.2588388698e-05,1.18532595583e-05,12142.0989288,0.145176777396,0.203458549816,0.203458549816,0.406917099631,-3.46944695195e-17,6.93889390391e-18,0.08,83652.7175318
2013-08-07,83712.2743704,0.00081900808993,0.000711953423107,8.02281870304,0.932595101215,9.59062531351e-05,1.11484136885e-05,16045.6374061,0.19181250627,0.228340574326,0.228340574326,0.456681148651,-4.85722573274e-17,-3.98986399475e-17,0.08,83712.2743704
2013-08-08,83703.5715349,-7.46879400944e-06,-0.000103961283718,7.03021350968,1.04739226344,8.39806774163e-05,1.25118122918e-05,14060.4270194,0.167961354833,0.216963435052,0.216963435052,0.433926870104,3.46944695195e-17,4.51028103754e-17,0.08,83703.5715349
2013-08-09,83730.2875472,0.000544743228001,0.00031917410169,17.885839341,0.995102159252,0.000213680718911,1.18884074001e-05,35771.678682,0.427361437822,0.295932738696,0.295932738696,0.591865477392,1.04083408559e-16,1.2490009027e-16,0.08,83730.2875472
2013-08-12,83604.4393211,-0.00117344402871,-0.00150301915508,23.5222365426,4.07318355709,0.000280928648781,4.86464775939e-05,47044.4730853,0.561857297561,0.382789293313,0.382789293313,0.765578586626,-3.46944695195e-17,-6.93889390391e-17,0.0778006491272,83604.4393211
2013-08-13,83636.161935,0.000598716582353,0.000379436954749,16.579167622,1.75358269839,0.000198304871806,2.0974755798e-05,33158.335244,0.396609743613,0.300286349042,0.300286349042,0.600572698083,6.55725473919e-16,6.24500451352e-16,0.0781036257921,83636.161935
2013-08-14,83408.9095451,-0.00246349495557,-0.00271715469278,19.8389735584,1.37615329947,0.000237205690689,1.64540465228e-05,39677.9471167,0.474411381378,0.194469552221,0.194469552221,0.388939104441,-3.12250225676e-17,2.08166817117e-17,0.0532431436792,83408.9095451
2013-08-15,83343.8325746,-0.000660621926131,-0.000780216056678,9.08642186407,0.888794152901,0.000108938264673,1.06558658751e-05,18172.8437281,0.217876529345,0.19977449961,0.19977449961,0.39954899922,-4.16333634234e-17,6.93889390391e-18,0.0587503427947,83343.8325746
2013-08-16,83325.7059486,-7.67662611039e-05,-0.00021749211001,10.8163043327,0.912327257434,0.000129779300983,1.09465479238e-05,21632.6086655,0.259558601965,0.204984227334,0.204984227334,0.409968454669,-1.38777878078e-17,1.04083408559e-17,0.0531412959049,83325.7059486
2013-08-19,83305.002801,-0.000120820388047,-0.000248460511832,7.82795732021,2.80774610153,9.39440864148e-05,3.369603737e-05,15655.9146404,0.18788817283,0.159234690872,0.159234690872,0.318469381744,-4.16333634234e-17,3.20923843056e-17,0.0683779713404,83305.002801
2013-08-20,83323.8620636,0.00034002275109,0.000226388115109,8.73948181285,0.726851855843,0.00010490944744,8.72518854094e-06,17478.9636257,0.20981889488,0.156231536312,0.156231536312,0.312463072624,-2.77555756156e-17,1.04083408559e-17,0.0530397991716,83323.8620636
2013-08-21,83302.0967689,-7.64964656387e-05,-0.000261213225173,14.6780088618,0.713304930502,0.000176156127408,8.56063212669e-06,29356.0177236,0.352312254816,0.264440587404,0.264440587404,0.528881174809,1.38777878078e-17,4.16333634234e-17,0.049613288959,83302.0967689
2013-08-22,83178.8593246,-0.0012691451151,-0.00147940386859,16.3079563777,1.20703865214,0.000195768858291,1.44898952002e-05,32615.9127554,0.391537716582,0.308300206821,0.308300206821,0.616600413641,6.24500451352e-17,8.32667268469e-17,0.067654634034,83178.8593246
2013-08-23,83067.8830488,-0.0011515843745,-0.00133418847879,13.7836471556,1.40515394701,0.00016571094227,1.68931620176e-05,27567.2943113,0.33142188454,0.215707720068,0.215707720068,0.431415440136,-1.31838984174e-16,-9.71445146547e-17,0.0653501865275,83067.8830488
2013-08-26,83029.3178907,-0.000311925113573,-0.000464260755329,9.70871154809,2.94548772548,0.000116876838457,3.54588032988e-05,19417.4230962,0.233753676915,0.188483262686,0.188483262686,0.376966525372,-1.38777878078e-17,0,0.0684550967715,83029.3178907
2013-08-27,83037.9407709,0.000244951875304,0.000103853438864,10.8577925914,0.857514341623,0.00013077058643,1.03278500102e-05,21715.5851829,0.261541172859,0.204994580658,0.204994580658,0.409989161316,-1.80411241502e-16,-1.52655665886e-16,0.0687625433249,83037.9407709
2013-08-28,83047.4445568,0.000230380013053,0.000114451126865,8.69376569197,0.932730292988,0.000104696306426,1.12325797621e-05,17387.5313839,0.209392612853,0.188498026927,0.188498026927,0.376996053855,5.55111512313e-17,4.16333634234e-17,0.0633355774947,83047.4445568
2013-08-29,83068.0195336,0.000445883377689,0.000247749667192,15.5967296009,0.857768736455,0.000187805051488,1.03286590097e-05,31193.4592018,0.375610102975,0.285277037412,0.285277037412,0.570554074824,1.38777878078e-16,8.32667268469e-17,0.08,83068.0195336
2013-08-30,83060.5070736,3.29250276211e-05,-9.04374511884e-05,8.94898920953,1.29848758993,0.000107730860321,1.56316184883e-05,17897.9784191,0.215461720643,0.238408570502,0.238408570502,0.476817141005,3.46944695195e-16,2.77555756156e-16,0.08,83060.5070736
2013-09-03,83177.2422691,0.00159794744442,0.00140542358354,11.6508913151,4.34023819323,0.000140269927617,5.22539332608e-05,23301.7826301,0.280539855234,0.298257378422,0.298257378422,0.596514756844,1.66533453694e-16,8.32667268469e-17,0.08,83177.2422691
2013-09-04,83152.7800938,-9.91302883954e-05,-0.000294096974483,14.8574364215,1.35935486156,0.000178623816037,1.63428700505e-05,29714.8728431,0.357247632074,0.268846550754,0.268846550754,0.537693101507,0,-1.38777878078e-17,0.08,83152.7800938
2013-09-05,82986.882005,-0.00173326555168,-0.00199509972629,20.5472895089,1.22495003363,0.000247102856762,1.47313178495e-05,41094.5790178,0.494205713525,0.172055757712,0.172055757712,0.344111515425,-1.38777878078e-16,-1.11022302463e-16,0.0516355781479,82986.882005
2013-09-06,82880.7196962,-0.00102573323912,-0.0012792661467,20.2575289996,0.782376485674,0.000244105194823,9.42771275136e-06,40515.0579992,0.488210389646,0.198522649391,0.198522649391,0.397045298783,-1.5959455979e-16,-1.40512601554e-16,0.08,82880.7196962
2013-09-09,82902.5907853,0.000449454908323,0.000263886331009,12.6753394231,2.70471781768,0.00015293471714,3.26338601739e-05,25350.6788463,0.305869434281,0.22603764194,0.22603764194,0.452075283881,-2.18575157973e-16,-1.5959455979e-16,0.0535876459362,82902.5907853
2013-09-10,82985.3186351,0.00109999287926,0.000997892214074,7.43760932902,1.02680033599,8.97150409725e-05,1.23856242159e-05,14875.218658,0.179430081945,0.248045983126,0.248045983126,0.496091966251,-4.21537804662e-16,-3.67761376907e-16,0.0570528152652,82985.3186351
2013-09-11,83030.1901804,0.000708753804217,0.000540716671992,12.8167149632,1.12789999703,0.000154445571506,1.35915607192e-05,25633.4299263,0.308891143011,0.248366066354,0.248366066354,0.496732132708,-3.46944695195e-17,-7.6327832943e-17,0.08,83030.1901804
2013-09-12,83124.1293143,0.00132444599273,0.00113138526626,14.8999027128,1.12996612185,0.000179451626937,1.36090995263e-05,29799.8054256,0.358903253875,0.181774031906,0.181774031906,0.363548063811,-1.38777878078e-17,-2.08166817117e-17,0.08,83124.1293143
2013-09-13,83115.9234502,7.80695611201e-05,-9.87181957246e-05,13.8673936688,0.827934692279,0.000166827535918,9.96022092633e-06,27734.7873377,0.333655071836,0.235960087493,0.235960087493,0.471920174986,-1.38777878078e-17,-2.77555756156e-17,0.0520225632222,83115.9234502
2013-09-16,83026.0663007,-0.000930931184864,-0.00108110631294,9.25804736968,3.22389707989,0.000111387168492,3.87879595879e-05,18516.0947394,0.222774336983,0.191717724378,0.191717724378,0.383435448755,-1.2490009027e-16,-1.17961196366e-16,0.0459564423702,83026.0663007
2013-09-17,83051.1517716,0.00041340730532,0.000302139702436,8.36591584016,0.872195533982,0.000100762522096,1.05050807878e-05,16731.8316803,0.201525044192,0.157401655444,0.157401655444,0.314803310888,1.04083408559e-17,-1.73472347598e-17,0.0510532312906,83051.1517716
2013-09-18,83089.5717383,0.000586646581599,0.000462606067384,9.58541229655,0.716295275363,0.000115415765972,8.6247482435e-06,19170.8245931,0.230831531943,0.163620445494,0.163620445494,0.327240890987,-1.04083408559e-17,-3.46944695195e-17,0.0488589762346,83089.5717383
2013-09-19,83136.2353538,0.000761914978138,0.000561606161751,15.8986338926,0.744939876367,0.000191343312524,8.96550386266e-06,31797.2677852,0.382686625047,0.256423300883,0.256423300883,0.512846601766,5.55111512313e-17,3.46944695195e-17,0.0731173205298,83136.2353538
2013-09-20,83051.934413,-0.000829877032897,-0.00101400959995,14.1399751217,1.16811330917,0.000170081975224,1.40505918292e-05,28279.9502433,0.340163950448,0.169958072128,0.169958072128,0.339916144256,-2.77555756156e-17,-2.77555756156e-17,0.0627917889061,83051.934413
2013-09-23,83234.5510388,0.00236714184885,0.00219882447071,11.6587528926,2.3203309577,0.000140379064919,2.79383132266e-05,23317.5057853,0.280758129838,0.239985665031,0.239985665031,0.479971330062,-1.17961196366e-16,-1.11022302463e-16,0.0629061884958,83234.5510388
2013-09-24,83363.638911,0.00184323782902,0.00155089287593,23.2386749419,1.09452597724,0.000279195053639,1.31498994538e-05,46477.3498837,0.558390107277,0.333208928054,0.333208928054,0.666417856109,7.21644966006e-16,5.82867087928e-16,0.0630560030719,83363.638911
2013-09-25,83526.2755917,0.00216854887394,0.00195093067979,16.6193892834,1.52205527453,0.000199360170699,1.8258023455e-05,33238.7785667,0.398720341397,0.299745376288,0.299745376288,0.599490752576,4.4408920985e-16,4.4408920985e-16,0.08,83526.2755917
2013-09-26,83485.0611626,-0.00026121106833,-0.000493430705841,18.0245721306,1.37186930998,0.000215795233331,1.64244041802e-05,36049.1442612,0.431590466663,0.285213809027,0.285213809027,0.570427618053,2.22044604925e-16,2.49800180541e-16,0.0592143471022,83485.0611626
2013-09-27,83355.2953191,-0.00134433640073,-0.00155436004554,16.2291194467,1.30471738581,0.000194395490891,1.56281539193e-05,32458.2388935,0.388790981781,0.335023543055,0.335023543055,0.67004708611,2.8449465006e-16,2.63677968348e-16,0.08,83355.2953191
2013-09-30,83396.5804342,0.000736532156653,0.000495290849638,15.5181672875,4.59057310195,0.000186168943773,5.50723632419e-05,31036.334575,0.372337887547,0.334665576143,0.334665576143,0.669331152285,3.40005801291e-16,3.1918911958e-16,0.08,83396.5804342
2013-10-01,83264.097312,-0.00139827903701,-0.00158859177984,14.3421188339,1.52931313092,0.000171974903038,1.83378397886e-05,28684.2376678,0.343949806077,0.382184894116,0.382184894116,0.764369788231,-2.22044604925e-16,-1.87350135405e-16,0.08,83264.097312
2013-10-02,83112.6101177,-0.00161292584723,-0.00181935791369,15.4446930829,1.74368658711,0.000185490428426,2.09416380337e-05,30889.3861659,0.370980856853,0.288694660371,0.288694660371,0.577389320741,-1.2490009027e-16,-1.04083408559e-16,0.0688225609027,83112.6101177
2013-10-03,82921.7849134,-0.00211602863678,-0.00229598377414,13.6417923071,1.31474886304,0.000164136251861,1.58188854998e-05,27283.5846142,0.328272503723,0.356534255837,0.356534255837,0.713068511673,-5.55111512313e-17,-1.04083408559e-17,0.08,82921.7849134
2013-10-04,82796.3035416,-0.00140896610346,-0.00151324976787,7.02741735014,1.61997023982,8.47475407998e-05,1.95361236075e-05,14054.8347003,0.1694950816,0.288745576592,0.288745576592,0.577491153185,0,2.77555756156e-17,0.08,82796.3035416
2013-10-07,82854.643974,0.000859209979122,0.000704626050319,8.8690491676,3.92992872425,0.000107118902514,4.74650262891e-05,17738.0983352,0.214237805028,0.23924930361,0.23924930361,0.478498607221,-7.6327832943e-17,-9.02056207508e-17,0.08,82854.643974
2013-10-08,82995.8525718,0.00181466222342,0.00170429309708,8.05840749763,1.08618717105,9.7259575458e-05,1.31095508828e-05,16116.8149953,0.194519150916,0.267203393942,0.267203393942,0.534406787885,-4.85722573274e-17,-2.08166817117e-17,0.08,82995.8525718
2013-10-09,83034.4906258,0.000651753915435,0.000465541985792,14.2396521891,1.2151656707,0.000171570647783,1.46412818599e-05,28479.3043782,0.343141295567,0.247382760548,0.247382760548,0.494765521096,-2.60208521397e-17,-6.93889390391e-18,0.08,83034.4906258
2013-10-10,82821.2998015,-0.00235889312731,-0.00256749722502,16.1957842275,1.12555076777,0.000195048877947,1.35552197561e-05,32391.5684549,0.390097755894,0.217638348942,0.217638348942,0.435276697883,-3.81639164715e-17,6.93889390391e-18,0.08,82821.2998015
2013-10-11,82832.6923244,0.000345210396681,0.000137555470071,16.2105747158,0.987676216219,0.000195729537627,1.19253889831e-05,32421.1494317,0.391459075254,0.281525791957,0.281525791957,0.563051583914,-2.49800180541e-16,-1.80411241502e-16,0.0759258493589,82832.6923244
2013-10-14,82788.5777415,-0.000327779477122,-0.000532574538005,13.1303773405,3.83334892711,0.000158516848506,4.62782123765e-05,26260.7546811,0.317033697012,0.25673031777,0.25673031777,0.513460635541,0,6.93889390391e-18,0.0583364189711,82788.5777415
2013-10-15,82706.1129494,-0.000845337468196,-0.000996089005464,11.3158841096,1.16462125322,0.000136684122597,1.40674146723e-05,22631.7682192,0.273368245193,0.196206100249,0.196206100249,0.392412200498,-3.81639164715e-17,-4.16333634234e-17,0.0661021298744,82706.1129494
2013-10-16,82671.842538,-0.000292899553344,-0.000414363705605,9.15665288857,0.889175007592,0.000110713133069,1.07510191917e-05,18313.3057771,0.221426266137,0.198637640987,0.198637640987,0.397275281975,-2.15105711021e-16,-1.52655665886e-16,0.0682113354512,82671.842538
2013-10-17,82626.8584732,-0.00037424144167,-0.000544128006216,13.1450139558,0.899821357689,0.000159002310245,1.08842543007e-05,26290.0279115,0.31800462049,0.273041113371,0.273041113371,0.546082226742,-1.94289029309e-16,-1.80411241502e-16,0.08,82626.8584732
2013-10-18,82526.0187784,-0.00097085413486,-0.00122042271305,19.3848741956,1.23619339353,0.000234607421289,1.4961156897e-05,38769.7483911,0.469214842577,0.24858079106,0.24858079106,0.49716158212,-3.46944695195e-17,6.93889390391e-18,0.0696602636428,82526.0187784
2013-10-21,82511.8859971,8.67703297171e-06,-0.000171252430626,11.4766349441,3.37222734755,0.000139066867807,4.08625957907e-05,22953.2698881,0.278133735613,0.292950198211,0.292950198211,0.585900396421,-2.70616862252e-16,-1.94289029309e-16,0.075630104311,82511.8859971
2013-10-22,82515.6106703,0.000172182370688,4.51410513349e-05,9.15793264803,1.32448621137,0.000110989253698,1.60520656554e-05,18315.8652961,0.221978507396,0.240986735818,0.240986735818,0.481973471636,-3.12250225676e-16,-2.70616862252e-16,0.0740467916545,82515.6106703
2013-10-23,82569.373028,0.000763799819218,0.000651541656289,8.17345263841,1.08959822847,9.90534102821e-05,1.32047526476e-05,16346.9052768,0.198106820564,0.250439798832,0.250439798832,0.500879597664,-2.70616862252e-16,-2.04697370165e-16,0.0701412186441,82569.373028
2013-10-24,82690.8956596,0.00163621142742,0.00147176401057,12.445243,1.13307710525,0.000150724688145,1.37227287031e-05,24890.486,0.30144937629,0.238193704707,0.238193704707,0.476387409414,-1.38777878078e-17,-6.93889390391e-18,0.0545691021817,82690.8956596
2013-10-25,82662.8358902,-4.60764198193e-05,-0.000339333237761,23.1704113568,1.07925757713,0.000280205108095,1.3051709847e-05,46340.8227136,0.56041021619,0.362015009079,0.362015009079,0.724030018158,-5.55111512313e-17,-5.98479599212e-17,0.0681336042234,82662.8358902
2013-10-28,82429.1890789,-0.00256139648191,-0.0028265036984,16.9953054613,4.91920886882,0.00020559789993,5.9509316561e-05,33990.6109225,0.411195799859,0.326915948749,0.326915948749,0.653831897499,2.77555756156e-17,2.08166817117e-17,0.08,82429.1890789
2013-10-29,82236.2906799,-0.00211319960868,-0.00234017101325,17.2324980527,1.47657076999,0.000209058201897,1.79132026712e-05,34464.9961054,0.418116403795,0.247157746164,0.247157746164,0.494315492327,3.1918911958e-16,2.55004350969e-16,0.0653087250051,82236.2906799
2013-10-30,82326.8508647,0.00131016666311,0.00110121923017,16.069344777,1.1137170552,0.000195404542741,1.35428902007e-05,32138.6895541,0.390809085482,0.348058899164,0.348058899164,0.696117798327,1.38777878078e-16,9.36750677027e-17,0.0766964987117,82326.8508647
2013-10-31,82157.3588952,-0.00181048081492,-0.00205876901257,18.8706707293,1.57011468951,0.000229216477141,1.90717205021e-05,37741.3414587,0.458432954282,0.201785578864,0.201785578864,0.403571157728,5.55111512313e-17,2.42861286637e-17,0.0740629602284,82157.3588952
2013-11-01,82192.1991875,0.000598613354973,0.000424067822334,13.4318070796,0.90839288891,0.000163488788591,1.10567440473e-05,26863.6141593,0.326977577182,0.255456792631,0.255456792631,0.510913585262,2.01227923213e-16,1.66533453694e-16,0.0709562128658,82192.1991875
2013-11-04,82119.2666796,-0.000645904505582,-0.000887340995179,16.392707455,3.45148858911,0.000199443592178,4.19928974188e-05,32785.41491,0.398887184356,0.260078283891,0.260078283891,0.520156567782,5.55111512313e-17,5.55111512313e-17,0.08,82119.2666796
2013-11-05,82075.2049886,-0.000360242983194,-0.000536557288002,13.3085308432,1.17027057274,0.000162063439937,1.42508648707e-05,26617.0616864,0.324126879874,0.209074589174,0.209074589174,0.418149178348,1.38777878078e-17,0,0.08,82075.2049886
2013-11-06,82068.8888547,4.60197548839e-05,-7.6955444398e-05,9.15294949702,0.940265192569,0.000111519057409,1.14561418726e-05,18305.898994,0.223038114819,0.203146688924,0.203146688924,0.406293377848,-1.38777878078e-17,-1.90819582357e-17,0.08,82068.8888547
2013-11-07,82085.917763,0.000372577472002,0.000207495294311,12.6345753841,0.913535508741,0.000153950852271,1.11313254205e-05,25269.1507682,0.307901704541,0.217675310995,0.217675310995,0.435350621989,3.88578058619e-16,2.91433543964e-16,0.08,82085.917763
2013-11-08,82183.0426079,0.00130203022728,0.00118320958788,8.77442848444,0.979072749443,0.000106893225093,1.19274143011e-05,17548.8569689,0.213786450187,0.20277414113,0.20277414113,0.405548282259,2.28983498829e-16,1.04083408559e-16,0.08,82183.0426079
2013-11-11,82149.3226527,-0.000229048581606,-0.000410303076319,12.1566602377,2.73938562415,0.000147921759185,3.33327355281e-05,24313.3204754,0.295843518369,0.218477295057,0.218477295057,0.436954590115,2.08166817117e-17,7.8062556419e-18,0.08,82149.3226527
2013-11-12,82166.5623288,0.000395315730216,0.000209857800061,14.2518043399,0.983439002957,0.000173486571522,1.19713586333e-05,28503.6086798,0.346973143045,0.296175428411,0.296175428411,0.592350856822,2.70616862252e-16,1.87350135405e-16,0.0695717373033,82166.5623288
2013-11-13,82296.1738895,0.00179197381452,0.00157742464782,16.2953035446,1.33346393418,0.000198320376108,1.62287905979e-05,32590.6070891,0.396640752216,0.227860150776,0.227860150776,0.455720301552,2.56739074445e-16,1.94289029309e-16,0.0591966007589,82296.1738895
2013-11-14,82277.2765154,3.23902143122e-05,-0.000229626399602,20.5354569526,1.02750786799,0.0002495311262,1.24854877138e-05,41070.9139053,0.499062252401,0.314412095469,0.314412095469,0.628824190939,-1.38777878078e-17,-1.73472347598e-17,0.08,82277.2765154
2013-11-15,82126.9858373,-0.00164391782557,-0.00182663652051,13.6161187298,1.41747785856,0.000165490634917,1.72280600257e-05,27232.2374596,0.330981269835,0.277175409395,0.277175409395,0.554350818791,-3.05311331772e-16,-2.49800180541e-16,0.08,82126.9858373
2013-11-18,82099.345517,-0.000115293937231,-0.000336555883358,14.4296182083,3.7419585077,0.000175698865131,4.55630809965e-05,28859.2364165,0.351397730262,0.277370278018,0.277370278018,0.554740556035,4.85722573274e-17,4.85722573274e-17,0.0699044659898,82099.345517
2013-11-19,81953.5018524,-0.00162629162221,-0.00177642907725,11.0784104515,1.24777634472,0.00013493908364,1.51983713982e-05,22156.8209031,0.269878167281,0.27134463164,0.27134463164,0.54268926328,2.77555756156e-17,2.42861286637e-17,0.0728689737379,81953.5018524
2013-11-20,81966.3141318,0.000344695382307,0.000156335959464,14.2182133351,1.21850097379,0.000173491223849,1.4868198994e-05,28436.4266702,0.346982447699,0.313832321235,0.313832321235,0.627664642469,-1.04083408559e-16,-9.71445146547e-17,0.08,81966.3141318
2013-11-21,81962.4144168,0.000123858218953,-4.75770443041e-05,12.6424000043,1.4095166371,0.000154238971683,1.71962915745e-05,25284.8000087,0.308477943366,0.307580909509,0.307580909509,0.615161819019,-5.55111512313e-17,-5.55111512313e-17,0.08,81962.4144168
2013-11-22,82049.728224,0.00121669344782,0.00106529081433,11.0279514733,1.38137391627,0.000134548885019,1.68537484663e-05,22055.9029465,0.269097770038,0.247070379257,0.247070379257,0.494140758514,-1.52655665886e-16,-1.04083408559e-16,0.08,82049.728224
2013-11-25,81665.4062532,-0.00447708944463,-0.00468401272105,13.6456055852,3.33239300881,0.000166308967507,4.0614308919e-05,27291.2111703,0.332617935014,0.297735804443,0.297735804443,0.595471608887,-2.49800180541e-16,-1.80411241502e-16,0.0664369814735,81665.4062532
2013-11-26,81681.9046152,0.000337120404997,0.00020202387615,9.70039973764,1.33231317403,0.000118782238192,1.63142906544e-05,19400.7994753,0.237564476384,0.328808135626,0.328808135626,0.657616271252,-5.55111512313e-17,-2.08166817117e-17,0.0781523423186,81681.9046152
2013-11-27,81646.6214613,-0.000245957164706,-0.000431958020382,13.7212507396,1.4716534121,0.000167983971532,1.80168841439e-05,27442.5014791,0.335967943064,0.296652587487,0.296652587487,0.593305174975,-1.38777878078e-16,-9.97465998687e-17,0.0735881983506,81646.6214613
2013-11-29,81630.5670425,-4.65993406089e-05,-0.000196632984873,9.59541889763,2.65432126204,0.000117523771662,3.25098726014e-05,19190.8377953,0.235047543325,0.301833171442,0.301833171442,0.603666342885,-1.38777878078e-16,-1.14491749414e-16,0.08,81630.5670425
2013-12-02,81459.2457262,-0.00187560486911,-0.0020987397546,14.1644114044,4.05021582527,0.000173518473748,4.9616411744e-05,28328.8228088,0.347036947496,0.31785232855,0.31785232855,0.6357046571,-6.93889390391e-18,6.93889390391e-18,0.08,81459.2457262
2013-12-03,81556.2379579,0.00136121216135,0.0011906841373,12.4723438897,1.41874032526,0.00015311145811,1.74165659479e-05,24944.6877793,0.30622291622,0.317428724066,0.317428724066,0.634857448132,1.38777878078e-17,3.12250225676e-17,0.08,81556.2379579
2013-12-04,81444.429774,-0.0011089588186,-0.00137093356323,19.9471380336,1.41853657833,0.000244581389885,1.73933547433e-05,39894.2760672,0.489162779771,0.243937500482,0.243937500482,0.487875000963,0,1.82145964978e-17,0.055243521949,81444.429774
2013-12-05,81523.3384708,0.00120440963902,0.000968865482895,18.0951375302,1.08862195218,0.000222177717744,1.33664383826e-05,36190.2750604,0.444355435489,0.310277418832,0.310277418832,0.620554837664,-4.16333634234e-17,-3.46944695195e-17,0.0680081696318,81523.3384708
2013-12-06,81474.3078906,-0.000374505145334,-0.000601429984906,17.1136512691,1.38601923481,0.00020992333717,1.70015024018e-05,34227.3025381,0.419846674341,0.244911685106,0.244911685106,0.489823370213,2.77555756156e-17,2.77555756156e-17,0.0654850967542,81474.3078906
2013-12-09,81374.0959861,-0.00101775916664,-0.00122998166087,14.0105695966,3.28011123918,0.000171963039139,4.0259455086e-05,28021.1391933,0.343926078279,0.224544018204,0.224544018204,0.449088036408,2.60208521397e-16,1.94289029309e-16,0.08,81374.0959861
2013-12-10,81387.8074441,0.000291096771467,0.000168499052129,8.97506945829,1.00120912276,0.000110293937518,1.23037818194e-05,17950.1389166,0.220587875036,0.231424348841,0.231424348841,0.462848697681,6.93889390391e-17,6.93889390391e-17,0.08,81387.8074441
2013-12-11,81341.3229916,-0.000358717534906,-0.000571147619367,16.2571574209,1.03206138857,0.000199749298223,1.26807862378e-05,32514.3148417,0.399498596446,0.26980627366,0.26980627366,0.539612547319,0,8.67361737988e-18,0.08,81341.3229916
2013-12-12,81332.6977669,0.000109770526688,-0.00010603742842,16.3515621559,1.20254242471,0.000201024049702,1.4783905406e-05,32703.1243118,0.402048099405,0.276545500636,0.276545500636,0.553091001272,-1.38777878078e-17,-4.33680868994e-17,0.08,81332.6977669
2013-12-13,81256.7738662,-0.000609727972493,-0.000933497876683,25.1006309075,1.232448856,0.000308616726073,1.51531781171e-05,50201.2618151,0.617233452147,0.399339815419,0.399339815419,0.798679630838,-2.08166817117e-16,-1.38777878078e-16,0.0699051354333,81256.7738662
2013-12-16,81082.5351392,-0.00191390088144,-0.00214429786961,13.3872230781,5.33409288942,0.000164752087009,6.56449011647e-05,26774.4461561,0.329504174018,0.311164951701,0.311164951701,0.622329903403,-3.88578058619e-16,-3.33066907388e-16,0.075152852523,81082.5351392
2013-12-17,81138.6578668,0.000861468950017,0.000692167894287,12.3448906836,1.38246811673,0.00015225092139,1.70501343398e-05,24689.7813672,0.304501842781,0.373016486203,0.373016486203,0.746032972406,-1.52655665886e-16,-1.2490009027e-16,0.075683868735,81138.6578668
2013-12-18,81123.5400275,2.49728071488e-05,-0.00018632104223,15.485685269,1.65841408508,0.000190854589861,2.0439259518e-05,30971.3705381,0.381709179722,0.291500836892,0.291500836892,0.583001673783,-2.01227923213e-16,-1.38777878078e-16,0.0787447746197,81123.5400275
2013-12-19,81320.4134645,0.00265754146331,0.00242683488579,17.4199764781,1.29575779779,0.000214733928921,1.59726485968e-05,34839.9529562,0.429467857842,0.18667951384,0.18667951384,0.373359027679,-2.11636264069e-16,-1.80411241502e-16,0.0671549151763,81320.4134645
2013-12-20,81358.0106061,0.000684962160161,0.000462333380325,17.2724367403,0.831827684975,0.000212399765379,1.0229014457e-05,34544.8734807,0.424799530757,0.276840458643,0.276840458643,0.553680917286,-1.2490009027e-16,-1.04083408559e-16,0.063019985469,81358.0106061
2013-12-23,81203.9726367,-0.00170605282543,-0.0018933350053,11.5344635536,3.70244202254,0.000141774159271,4.55080205988e-05,23068.9271072,0.283548318541,0.250928786596,0.250928786596,0.501857573192,2.08166817117e-17,1.04083408559e-17,0.0714703914266,81203.9726367
2013-12-24,81148.1596647,-0.000537757332987,-0.000687318245433,11.0284243886,1.11651585318,0.000135811389893,1.37495225532e-05,22056.8487772,0.271622779786,0.194537280162,0.194537280162,0.389074560324,-4.16333634234e-17,-1.73472347598e-17,0.0682413707809,81148.1596647
2013-12-26,81152.3247104,0.000178271707902,5.1326434396e-05,8.57136521119,1.73001011193,0.000105626119515,2.13191539904e-05,17142.7304224,0.211252239031,0.204610408183,0.204610408183,0.409220816366,-2.42861286637e-17,-8.67361737988e-18,0.0681017113103,81152.3247104
2013-12-27,81077.7697275,-0.000757183844607,-0.000918704216284,12.1979119903,0.909841659396,0.000150308842462,1.12115292155e-05,24395.8239806,0.300617684923,0.176574709968,0.176574709968,0.353149419936,8.32667268469e-17,6.93889390391e-17,0.0644500300297,81077.7697275
2013-12-30,81062.122344,5.91157631184e-05,-0.000192992278618,18.0869960544,2.35336169991,0.000223082062015,2.90259797207e-05,36173.9921088,0.446164124031,0.307522486182,0.307522486182,0.615044972365,-8.32667268469e-17,-1.00613961607e-16,0.08,81062.122344
2013-12-31,80945.2672364,-0.00119785487656,-0.00144155006288,18.3885078905,1.36594111772,0.000226844639133,1.68505471881e-05,36777.015781,0.453689278266,0.335079666334,0.335079666334,0.670159332668,-4.16333634234e-17,-1.04083408559e-16,0.0667215950156,80945.2672364
2014-01-02,81200.4570642,0.00341510472879,0.00315262196884,18.2743411886,2.97239596021,0.000225761700623,3.67210593243e-05,36548.6823773,0.451523401245,0.283866482058,0.283866482058,0.567732964117,1.66533453694e-16,9.02056207508e-17,0.08,81200.4570642
2014-01-03,81323.7359651,0.00181797845657,0.00151820451969,23.0787621649,1.26301852539,0.000284219609093,1.5554327784e-05,46157.5243298,0.568439218185,0.291163920991,0.291163920991,0.582327841981,9.71445146547e-17,4.16333634234e-17,0.08,81323.7359651
2014-01-06,81302.4153015,-1.29189666777e-05,-0.000262170242304,16.3776825444,3.89236238354,0.000201388713271,4.78625623546e-05,32755.3650888,0.402777426543,0.197730864433,0.197730864433,0.395461728866,-2.77555756156e-17,-3.38271077815e-17,0.08,81302.4153015
2014-01-07,81485.9406151,0.00236557873057,0.00225731686895,7.92107429408,0.880876540167,9.74272936998e-05,1.08345679141e-05,15842.1485882,0.1948545874,0.215283049357,0.215283049357,0.430566098715,-1.94289029309e-16,-1.52655665886e-16,0.08,81485.9406151
2014-01-08,81353.0327394,-0.00142935016069,-0.00163105284946,15.4746981534,0.961235165774,0.000189906357301,1.17963314716e-05,30949.3963069,0.379812714601,0.255079358187,0.255079358187,0.510158716373,1.38777878078e-17,-6.93889390391e-18,0.08,81353.0327394
2014-01-09,81332.8593555,-0.000102664655771,-0.000247973348276,10.6842354555,1.13706736316,0.000131331741371,1.39769511335e-05,21368.470911,0.262663482743,0.249997142211,0.249997142211,0.499994284423,-1.38777878078e-16,-9.71445146547e-17,0.08,81332.8593555
2014-01-10,81469.9935133,0.00182169975949,0.00168608553627,9.91575652159,1.11413602229,0.000121915749676,1.36984735458e-05,19831.5130432,0.243831499351,0.209106635009,0.209106635009,0.418213270017,-2.77555756156e-17,6.93889390391e-18,0.08,81469.9935133
2014-01-13,81371.0711496,-0.00102624868467,-0.0012142183824,12.5134654747,2.80042458045,0.000153596004309,3.43736934261e-05,25026.9309494,0.307192008618,0.218419397242,0.218419397242,0.436838794484,-5.55111512313e-17,-6.24500451352e-17,0.08,81371.0711496
2014-01-14,81362.921924,4.69922637837e-05,-0.000100148927561,10.9991722231,0.973864126763,0.000135173005194,1.19681861502e-05,21998.3444463,0.270346010388,0.242943009835,0.242943009835,0.485886019671,2.77555756156e-17,3.46944695195e-17,0.0793528519228,81362.921924
2014-01-15,81349.2573847,2.85730919951e-05,-0.000167945533157,14.9062307526,1.08309880226,0.000183206679407,1.33119457444e-05,29812.4615052,0.366413358815,0.280914435934,0.280914435934,0.561828871868,-4.16333634234e-17,0,0.0725174127517,81349.2573847
2014-01-16,81231.5105909,-0.00130241294997,-0.00144742309388,10.5442932328,1.25217428777,0.000129617572081,1.5392571832e-05,21088.5864656,0.259235144162,0.345677118403,0.345677118403,0.691354236806,-5.55111512313e-17,-3.46944695195e-17,0.0687040845666,81231.5105909
2014-01-17,81151.2970814,-0.00076021040887,-0.000987467904996,16.9218464429,1.53862326053,0.000208316284159,1.89412119673e-05,33843.6928858,0.416632568317,0.362623365061,0.362623365061,0.725246730122,2.77555756156e-17,-1.38777878078e-17,0.0672912813181,81151.2970814
2014-01-21,81018.3375134,-0.00135040684125,-0.00163841580778,16.922469659,6.44983154558,0.000208529872813,7.9479093712e-05,33844.939318,0.417059745627,0.399621464698,0.399621464698,0.799242929396,-4.85722573274e-17,-6.93889390391e-17,0.0677575132193,81018.3375134
2014-01-22,81070.5823211,0.000911841992073,0.00064485163866,19.8570506366,1.77406392901,0.000245093286854,2.18970665588e-05,39714.1012732,0.490186573708,0.366773018842,0.366773018842,0.733546037683,-1.38777878078e-16,-6.93889390391e-17,0.08,81070.5823211
2014-01-23,81013.0689122,-0.000499532572144,-0.000709423902775,15.3867246057,1.62928779272,0.000189794178914,2.00971517174e-05,30773.4492115,0.379588357829,0.281750527683,0.281750527683,0.563501055365,-8.32667268469e-17,-6.59194920871e-17,0.08,81013.0689122
2014-01-24,81236.9133016,0.00295849151557,0.00276306517424,14.5813767033,1.25071095426,0.000179987956253,1.54383850785e-05,29162.7534065,0.359975912506,0.302992186561,0.302992186561,0.605984373122,6.93889390391e-17,5.55111512313e-17,0.0724283496927,81236.9133016
2014-01-27,81166.3218861,-0.000582676365073,-0.000868957380918,19.2104244218,4.04616164231,0.000236474081068,4.98069347772e-05,38420.8488435,0.472948162135,0.367618503295,0.367618503295,0.735237006589,4.85722573274e-17,2.77555756156e-17,0.08,81166.3218861
2014-01-28,81223.7965326,0.000892764598832,0.000708109535485,13.3528001578,1.63497215177,0.000164511583715,2.01434796326e-05,26705.6003155,0.329023167429,0.292380441414,0.292380441414,0.584760882828,1.66533453694e-16,1.11022302463e-16,0.08,81223.7965326
2014-01-29,81305.5456485,0.00122354906788,0.00100646755418,16.330910756,1.3012739443,0.000201060667602,1.60208461049e-05,32661.8215121,0.402121335204,0.284423951843,0.284423951843,0.568847903686,1.38777878078e-16,1.11022302463e-16,0.08,81305.5456485
2014-01-30,81196.7145552,-0.00117145243119,-0.00133854452839,12.318377446,1.26713669042,0.000151507223127,1.55848740736e-05,24636.754892,0.303014446254,0.224639192346,0.224639192346,0.449278384693,7.6327832943e-17,3.46944695195e-17,0.08,81196.7145552
2014-01-31,81060.9566588,-0.00150346671318,-0.00167196292599,12.6818887923,0.999450102952,0.00015618721597,1.23089968409e-05,25363.7775845,0.312374431939,0.259766620707,0.259766620707,0.519533241414,-6.93889390391e-18,0,0.0638365140418,81060.9566588
2014-02-03,81048.5483966,0.000112229638031,-0.000153073225948,18.0442906792,3.46141327932,0.000222601501671,4.2701362308e-05,36088.5813583,0.445203003343,0.447701084898,0.447701084898,0.895402169797,2.08166817117e-17,2.08166817117e-17,0.0768507858229,81048.5483966
2014-02-04,80957.7174928,-0.000843440523812,-0.00112069747844,20.4830258669,1.98824783817,0.000252725388327,2.45315662958e-05,40966.0517337,0.505450776654,0.263135141236,0.263135141236,0.526270282473,1.04083408559e-17,8.32667268469e-17,0.08,80957.7174928
2014-02-05,81112.4360725,0.00202457190817,0.00191110353059,8.01886302555,1.1672778316,9.90500136848e-05,1.44183639034e-05,16037.7260511,0.19810002737,0.268637109167,0.268637109167,0.537274218334,-7.6327832943e-17,-4.16333634234e-17,0.08,81112.4360725
2014-02-06,81062.8180103,-0.000403641095079,-0.000611719541804,15.6837874974,1.19396221063,0.000193358605126,1.47198415982e-05,31367.5749948,0.386717210253,0.307794698954,0.307794698954,0.615589397908,2.77555756156e-17,1.38777878078e-17,0.0773523603081,81062.8180103
2014-02-07,80975.1819654,-0.000803172763721,-0.00108108806348,21.161435412,1.36716195429,0.000261049836799,1.68654629564e-05,42322.8708241,0.522099673597,0.371697724979,0.371697724979,0.743395449959,9.71445146547e-17,8.32667268469e-17,0.08,80975.1819654
2014-02-10,80823.3256134,-0.00157711385348,-0.00187534437467,19.2016064606,4.94766426022,0.000237129525301,6.1100995887e-05,38403.2129213,0.474259050603,0.402392490929,0.402392490929,0.804784981859,8.32667268469e-17,3.46944695195e-17,0.0752275142517,80823.3256134
2014-02-11,80910.1469192,0.0013257518015,0.00107421100483,18.5482979986,1.7820657161,0.000229491893063,2.20489036126e-05,37096.5959973,0.458983786125,0.299028299621,0.299028299621,0.598056599242,-1.52655665886e-16,-8.32667268469e-17,0.08,80910.1469192
2014-02-12,80960.4888671,0.000821118716358,0.000622195729974,14.7691662099,1.32572184413,0.000182537874077,1.6385112308e-05,29538.3324197,0.365075748153,0.159482758357,0.159482758357,0.318965516714,2.08166817117e-17,1.38777878078e-17,0.08,80960.4888671
2014-02-13,80980.1900654,0.000358708694502,0.000243343371457,8.63253694757,0.707496004518,0.000106626541766,8.73878127983e-06,17265.0738951,0.213253083531,0.209019488786,0.209019488786,0.418038977571,-4.85722573274e-17,-2.77555756156e-17,0.08,80980.1900654
2014-02-14,81124.5179342,0.00193396665663,0.00178226142258,11.3576426363,0.927476050918,0.000140252111376,1.14531226732e-05,22715.2852726,0.280504222752,0.272029789121,0.272029789121,0.544059578241,0,0,0.08,81124.5179342
2014-02-18,81131.7544554,0.000340097718449,8.92026404806e-05,15.5168577577,4.8368844945,0.00019127211049,5.96229674785e-05,31033.7155154,0.382544220979,0.21204432529,0.21204432529,0.424088650581,2.77555756156e-17,2.77555756156e-17,0.0695922915773,81131.7544554
2014-02-19,81106.238508,-0.000124870536722,-0.000314500131234,14.4423226236,0.942659075788,0.000178010727372,1.16188671392e-05,28884.6452472,0.356021454745,0.252597750595,0.252597750595,0.50519550119,-5.55111512313e-17,-5.55111512313e-17,0.06830859405,81106.238508
2014-02-20,81187.2893467,0.00117460121711,0.000999316947761,13.0940585284,1.12258922775,0.000161443296709,1.38409726353e-05,26188.1170568,0.322886593418,0.232856074535,0.232856074535,0.46571214907,1.11022302463e-16,7.2858385991e-17,0.0785930775346,81187.2893467
2014-02-21,81194.7006862,0.000217360427829,9.12869438625e-05,9.19967655877,1.03588786298,0.000113314247006,1.27592369608e-05,18399.3531175,0.226628494012,0.238266279254,0.238266279254,0.476532558507,1.38777878078e-17,1.90819582357e-17,0.08,81194.7006862
2014-02-24,81101.2764752,-0.00094905634217,-0.00115061956297,13.1857077009,3.18015768125,0.000162396161196,3.91670596034e-05,26371.4154019,0.324792322393,0.281447466007,0.281447466007,0.562894932014,2.32452945781e-16,1.90819582357e-16,0.08,81101.2764752
2014-02-25,81095.2893806,0.000131540228572,-7.38224453143e-05,15.4044490334,1.25072595912,0.000189940894927,1.54217789593e-05,30808.8980669,0.379881789855,0.304689010061,0.304689010061,0.609378020121,-2.08166817117e-17,-2.77555756156e-17,0.08,81095.2893806
2014-02-26,81211.9957514,0.00167432791554,0.0014391263858,17.7198268872,1.3539092297,0.000218506241516,1.66952882225e-05,35439.6537744,0.437012483031,0.227087267088,0.227087267088,0.454174534177,2.77555756156e-17,1.38777878078e-17,0.08,81211.9957514
2014-02-27,81186.0391737,-0.000152514538106,-0.000319615069575,12.5600355876,1.01053206411,0.000154657393546,1.24431379227e-05,25120.0711752,0.309314787092,0.211814460245,0.211814460245,0.423628920491,6.93889390391e-17,6.93889390391e-17,0.0789882839803,81186.0391737
2014-02-28,81041.1846745,-0.00166166475069,-0.00178422916863,9.00825239946,0.94226723655,0.000110958146144,1.16062717943e-05,18016.5047989,0.221916292287,0.247359677721,0.247359677721,0.494719355441,1.66533453694e-16,1.52655665886e-16,0.0688491982356,81041.1846745
2014-03-03,80980.355087,-0.000612917982407,-0.00075060091668,7.86270240602,3.29528569696,9.70210694426e-05,4.06618648308e-05,15725.404812,0.194042138885,0.251885086608,0.251885086608,0.503770173216,1.94289029309e-16,1.73472347598e-16,0.0645539141682,80980.355087
2014-03-04,81134.0493992,0.00204011817425,0.00189792094735,10.3974973375,1.11768458929,0.000128395304347,1.38019225539e-05,20794.9946751,0.256790608694,0.202591271241,0.202591271241,0.405182542483,4.16333634234e-17,-1.38777878078e-17,0.0704364656383,81134.0493992
2014-03-05,81173.586155,0.000688352264104,0.000487301644833,15.4113905902,0.900660285411,0.000189949727696,1.11008915749e-05,30822.7811805,0.379899455392,0.236656596889,0.236656596889,0.473313193777,-6.07153216592e-17,-5.55111512313e-17,0.0712073950558,81173.586155
2014-03-06,81195.5114747,0.000577083986824,0.000270104116024,23.8660397488,1.05261724146,0.000294012386039,1.2967484761e-05,47732.0794975,0.588024772078,0.311510301173,0.311510301173,0.623020602346,-3.33066907388e-16,-2.22044604925e-16,0.08,81195.5114747
2014-03-07,81177.9684035,5.12714818675e-06,-0.000216059617694,16.573441725,1.3859308621,0.000204117708282,1.70690575985e-05,33146.88345,0.408235416564,0.339623962947,0.339623962947,0.679247925895,-1.94289029309e-16,-1.38777878078e-16,0.0774132092723,81177.9684035
2014-03-10,81251.4724223,0.00114090012273,0.000905467581992,14.5798832983,4.53205205478,0.000179603944087,5.58285966489e-05,29159.7665965,0.359207888174,0.316948029797,0.316948029797,0.633896059594,3.33066907388e-16,2.63677968348e-16,0.08,81251.4724223
2014-03-11,81249.6558511,8.92824913337e-05,-2.23573941048e-05,7.65980950569,1.41109556725,9.42728701072e-05,1.73670153313e-05,15319.6190114,0.188545740214,0.280831700758,0.280831700758,0.561663401517,-2.77555756156e-16,-1.94289029309e-16,0.08,81249.6558511
2014-03-12,81152.0882206,-0.00101208317478,-0.00120083746173,14.0859480316,1.25027282404,0.000173366248558,1.53880383977e-05,28171.8960631,0.346732497117,0.296683505525,0.296683505525,0.59336701105,-1.11022302463e-16,-5.55111512313e-17,0.0753243233264,81152.0882206
2014-03-13,81029.5227615,-0.00129494582838,-0.00151031799359,16.1586414436,1.31925950761,0.000199115534768,1.62566304397e-05,32317.2828872,0.398231069537,0.280245156401,0.280245156401,0.560490312801,2.49800180541e-16,1.66533453694e-16,0.0781986678769,81029.5227615
2014-03-14,81060.2385114,0.000539842874702,0.000379068625872,11.783179489,1.24428116599,0.000145418349849,1.53558989809e-05,23566.358978,0.290836699697,0.332248438494,0.332248438494,0.664496876987,2.91433543964e-16,1.94289029309e-16,0.08,81060.2385114
2014-03-17,81023.360463,-0.000197739999014,-0.000454946210774,16.4219961591,4.42720071277,0.00020259003009,5.46161816702e-05,32843.9923182,0.40518006018,0.339441463937,0.339441463937,0.678882927873,2.08166817117e-16,1.66533453694e-16,0.0700660516657,81023.360463
2014-03-18,81024.1316776,0.000212486950938,9.51842268071e-06,14.93819562,1.5069966076,0.000184368995987,1.85995322705e-05,29876.3912401,0.368737991973,0.36039536381,0.36039536381,0.720790727619,9.15933995316e-16,6.93889390391e-16,0.0699852054865,81024.1316776
2014-03-19,81066.4127293,0.000804707305605,0.000521832826482,21.3196195152,1.6000395295,0.000263126787955,1.97476911677e-05,42639.2390304,0.526253575911,0.285258405215,0.285258405215,0.57051681043,1.38777878078e-17,2.77555756156e-17,0.08,81066.4127293
2014-03-20,80882.4538755,-0.00201788063406,-0.00226923639025,19.1093930018,1.26711647187,0.00023572515865,1.5630597546e-05,38218.7860036,0.471450317301,0.31346774065,0.31346774065,0.626935481299,7.2858385991e-17,9.71445146547e-17,0.0773258319951,80882.4538755
2014-03-21,80908.0093336,0.000572467870095,0.000315957997456,19.3578854725,1.38926246984,0.000239333558083,1.71763145561e-05,38715.770945,0.478667116166,0.293283798013,0.293283798013,0.586567596026,-1.63064006742e-16,-1.38777878078e-16,0.0673508328366,80908.0093336
2014-03-24,80800.891741,-0.0010042003258,-0.0013239430007,21.9690844323,3.90065889321,0.000271531639614,4.82110352898e-05,43938.1688646,0.543063279228,0.371742013782,0.371742013782,0.743484027564,-9.29811783124e-16,-7.07767178199e-16,0.066060343853,80800.891741
2014-03-25,80630.2818135,-0.00188768972839,-0.00211148570004,16.4370463401,1.6458677376,0.000203426546241,2.03694254127e-05,32874.0926802,0.406853092483,0.396315004829,0.396315004829,0.792630009658,2.08166817117e-17,6.93889390391e-17,0.0753614249825,80630.2818135
2014-03-26,80899.91121,0.00355487474412,0.00334402150645,15.2501975891,1.750958385,0.000189137346988,2.17158906756e-05,30500.3951783,0.378274693977,0.337498814911,0.337498814911,0.674997629822,-2.77555756156e-17,-4.16333634234e-17,0.08,80899.91121
2014-03-27,80961.7427115,0.000947548783475,0.000764296283534,13.3290219791,1.49608899506,0.000164759414192,1.84930857486e-05,26658.0439583,0.329518828384,0.260983027141,0.260983027141,0.521966054281,-2.77555756156e-17,-1.38777878078e-17,0.08,80961.7427115
2014-03-28,80883.5105025,-0.000786447791322,-0.000966286128977,13.4022366917,1.15778853126,0.000165537897813,1.43004398433e-05,26804.4733834,0.331075795625,0.290127535295,0.290127535295,0.580255070591,-4.16333634234e-17,0,0.0747078496802,80883.5105025
2014-03-31,80874.0570781,0.000137787376134,-0.000116877029249,16.7406387433,3.85751236408,0.0002069722078,4.76921975828e-05,33481.2774867,0.413944415601,0.318496288003,0.318496288003,0.636992576007,1.11022302463e-16,5.55111512313e-17,0.08,80874.0570781
2014-04-01,80905.6944359,0.000548663953458,0.000391192911209,11.323920033,1.41140202603,0.000140019190852,1.74518513974e-05,22647.8400659,0.280038381703,0.302489974954,0.302489974954,0.604979949908,-1.38777878078e-17,-1.38777878078e-17,0.08,80905.6944359
2014-04-02,80927.8434407,0.000493616628175,0.00027376323685,16.4463961494,1.34099514978,0.000203278598176,1.65747931482e-05,32892.7922988,0.406557196352,0.232143581105,0.232143581105,0.464287162211,-1.80411241502e-16,-1.35308431126e-16,0.08,80927.8434407
2014-04-03,81011.5668397,0.00132805719349,0.00103454380431,22.7239875585,1.02941804863,0.000280793192952,1.2720196225e-05,45447.9751169,0.561586385905,0.443817454344,0.443817454344,0.887634908688,-2.49800180541e-16,-1.66533453694e-16,0.08,81011.5668397
2014-04-04,80903.3336516,-0.00100872890565,-0.00133602141422,24.5443777083,1.9701012256,0.000302973743945,2.43187646216e-05,49088.7554165,0.60594748789,0.188268411765,0.188268411765,0.376536823531,2.77555756156e-17,4.51028103754e-17,0.08,80903.3336516
2014-04-07,81027.5374541,0.00172154202398,0.00153521241826,12.570871116,2.50381514517,0.000155381373654,3.0948232071e-05,25141.742232,0.310762747309,0.271836089983,0.271836089983,0.543672179966,6.93889390391e-18,2.08166817117e-17,0.08,81027.5374541
2014-04-08,81042.0765414,0.00066446384181,0.000179433903095,38.093865966,1.20691555959,0.000470134810497,1.48951282182e-05,76187.7319321,0.940269620994,0.407798053197,0.407798053197,0.815596106393,5.13478148889e-16,4.30211422042e-16,0.08,81042.0765414
2014-04-09,81179.6394688,0.00197934745178,0.00169742599395,21.0366071562,1.8108932077,0.000259576359022,2.23450988053e-05,42073.2143124,0.519152718043,0.313993916724,0.313993916724,0.627987833447,4.02455846427e-16,3.05311331772e-16,0.08,81179.6394688
2014-04-10,81170.2352394,5.16083759996e-05,-0.000115844679999,12.1970711547,1.39670755918,0.000150247909877,1.72051461218e-05,24394.1423094,0.300495819753,0.25726778531,0.25726778531,0.514535570619,2.42861286637e-16,1.11022302463e-16,0.08,81170.2352394
2014-04-11,80959.6834664,-0.00236548214178,-0.00259395297244,17.4007852265,1.14424584401,0.000214373965717,1.40968649485e-05,34801.570453,0.428747931435,0.37215247931,0.37215247931,0.744304958621,6.10622663544e-16,4.33680868994e-16,0.08,80959.6834664
2014-04-14,80842.6510747,-0.0011866917491,-0.00144556384947,16.0054339471,4.95276935773,0.000197696350354,6.11757500236e-05,32010.8678942,0.395392700707,0.432955998173,0.432955998173,0.865911996346,5.55111512313e-17,6.93889390391e-18,0.0736818563428,80842.6510747
2014-04-15,80527.1048846,-0.00357071968521,-0.0039032142799,24.9618644649,1.91788003786,0.000308770978351,2.37236163383e-05,49923.7289297,0.617541956703,0.326061838816,0.326061838816,0.652123677632,4.71844785466e-16,3.81639164715e-16,0.08,80527.1048846
2014-04-16,80453.280469,-0.000687530234837,-0.000916764805579,17.0208666834,1.43872963798,0.000211368168616,1.78664021269e-05,34041.7333668,0.422736337231,0.329872841604,0.329872841604,0.659745683208,4.64905891562e-16,3.98986399475e-16,0.08,80453.280469
2014-04-17,80394.3929737,-0.000530044078135,-0.000731946477959,14.7894993185,1.4542110819,0.000183827175627,1.80752241975e-05,29578.998637,0.367654351254,0.298963735071,0.298963735071,0.597927470142,1.66533453694e-16,1.19695919842e-16,0.08,80394.3929737
2014-04-21,80361.9038796,-0.000123769375437,-0.000404121392982,17.2707833101,5.26794695938,0.000214825719447,6.55262980978e-05,34541.5666202,0.429651438894,0.260389313855,0.260389313855,0.520778627709,2.08166817117e-17,2.77555756156e-17,0.08,80361.9038796
2014-04-22,80519.8059999,0.00213024956072,0.00196488774741,12.142193927,1.1465962198,0.000151093905705,1.42679076085e-05,24284.3878541,0.30218781141,0.224424213822,0.224424213822,0.448848427645,-6.93889390391e-18,-1.82145964978e-17,0.08,80519.8059999
2014-04-23,80473.8600485,-0.000430441960707,-0.000570616766953,10.2966786621,0.99016954294,0.00012787758905,1.22972171957e-05,20593.3573242,0.255755178101,0.250409987019,0.250409987019,0.500819974037,-3.20923843056e-17,-2.77555756156e-17,0.08,80473.8600485
2014-04-24,80500.7730774,0.000525765900783,0.000334431936783,14.2931931483,1.10418949316,0.000177612868821,1.37210951791e-05,28586.3862966,0.355225737641,0.226347446996,0.226347446996,0.452694893991,-5.20417042793e-17,-2.08166817117e-17,0.08,80500.7730774
2014-04-25,80452.3339805,-0.000442331022107,-0.000601722133745,11.8326888336,0.998418874917,0.000146988511803,1.24025998354e-05,23665.3776673,0.293977023606,0.28687631319,0.28687631319,0.573752626379,1.52655665886e-16,1.49186218934e-16,0.0697022546685,80452.3339805
2014-04-28,80487.0426335,0.000760653777571,0.000431418844864,22.6937677023,3.79395106189,0.000282077182593,4.71577501134e-05,45387.5354045,0.564154365187,0.255032061356,0.255032061356,0.510064122711,9.02056207508e-17,1.38777878078e-17,0.0601728797002,80487.0426335
2014-04-29,80523.5963708,0.000772380495448,0.000454156794653,24.4881297019,1.12475487097,0.000304249341269,1.39743595263e-05,48976.2594038,0.608498682538,0.255665585781,0.255665585781,0.511331171563,3.95516952523e-16,3.3653635434e-16,0.08,80523.5963708
2014-04-30,80588.793019,0.00104082215845,0.000809658922124,17.4860341823,1.12806095536,0.000217154163132,1.40090731935e-05,34972.0683646,0.434308326265,0.209420207115,0.209420207115,0.41884041423,8.84708972748e-16,7.35522753814e-16,0.0558362241132,80588.793019
2014-05-01,80595.7748036,0.000262808334602,8.66346837252e-05,13.2728590516,0.924762834257,0.000164698571035,1.14750798419e-05,26545.7181033,0.32939714207,0.209676398303,0.209676398303,0.419352796607,-2.77555756156e-17,-4.16333634234e-17,0.0796407673174,80595.7748036
2014-05-02,80747.3501336,0.0020270742816,0.00188068581031,10.8723179218,0.925974344071,0.000134899353574,1.14891177153e-05,21744.6358435,0.269798707147,0.247424181792,0.247424181792,0.494848363584,2.08166817117e-16,1.11022302463e-16,0.08,80747.3501336
2014-05-05,80638.1888487,-0.00111168761501,-0.00135188690054,16.1112617769,3.28419403376,0.000199526817292,4.06724682398e-05,32222.5235538,0.399053634583,0.303047430446,0.303047430446,0.606094860892,5.55111512313e-17,5.55111512313e-17,0.0789953664437,80638.1888487
2014-05-06,80512.3610608,-0.00127538663934,-0.00156039947987,21.643894825,1.33902443433,0.000268407501879,1.66053386546e-05,43287.7896499,0.536815003759,0.251991221144,0.251991221144,0.503982442287,-9.02056207508e-17,-1.38777878078e-17,0.08,80512.3610608
2014-05-07,80526.646348,0.00034839346313,0.000177429739355,12.6529994579,1.11169359895,0.00015715598563,1.38077381449e-05,25305.9989158,0.314311971259,0.268599064625,0.268599064625,0.53719812925,2.77555756156e-17,-8.67361737988e-18,0.08,80526.646348
2014-05-08,80767.5377001,0.00316652673026,0.00299144895534,12.913254454,1.18517161022,0.000160360017952,1.47177569657e-05,25826.5089079,0.320720035903,0.278864328507,0.278864328507,0.557728657014,-3.46944695195e-18,1.90819582357e-17,0.08,80767.5377001
2014-05-09,80711.4670036,-0.000513789991171,-0.000694223176139,13.3389969369,1.23414713238,0.00016515294779,1.52802371785e-05,26677.9938738,0.330305895579,0.249801481666,0.249801481666,0.499602963333,-1.04083408559e-17,-1.04083408559e-17,0.0637202612679,80711.4670036
2014-05-12,80655.5666595,-0.00048684881606,-0.000692594821561,13.2917862007,3.31427573342,0.000164682748241,4.10632572602e-05,26583.5724015,0.329365496482,0.306120122459,0.306120122459,0.612240244918,1.45716771982e-16,1.11022302463e-16,0.0662397107615,80655.5666595
2014-05-13,80593.7093879,-0.00055908757252,-0.000766931213917,15.4108539643,1.35289270919,0.000191069936058,1.67737053402e-05,30821.7079286,0.382139872115,0.211182513256,0.211182513256,0.422365026512,-3.46944695195e-18,-3.46944695195e-18,0.0594816547699,80593.7093879
2014-05-14,80695.7004402,0.0014212306548,0.00126549644022,11.6185962726,0.932601758967,0.000144162570018,1.1571644562e-05,23237.1925452,0.288325140035,0.294971915458,0.294971915458,0.589943830916,-6.93889390391e-18,1.38777878078e-17,0.0707962109795,80695.7004402
2014-05-15,80707.9641167,0.000425561422654,0.000151974348569,20.7730285019,1.30427207277,0.000257424229402,1.61628446826e-05,41546.0570038,0.514848458805,0.253882063316,0.253882063316,0.507764126632,5.55111512313e-17,4.85722573274e-17,0.0704308801974,80707.9641167
2014-05-16,80724.4421324,0.000524131565379,0.000204168398006,24.7008194225,1.12275640855,0.000306051821438,1.39113459351e-05,49401.6388449,0.612103642876,0.292895070856,0.292895070856,0.585790141712,-1.17961196366e-16,-1.14491749414e-16,0.0757956135397,80724.4421324
2014-05-19,80634.8488193,-0.0009116145213,-0.00110986599297,12.1170888447,3.88665060792,0.000150104336736,4.81471349352e-05,24234.1776894,0.300208673472,0.225101756768,0.225101756768,0.450203513536,-1.38777878078e-17,1.38777878078e-17,0.08,80634.8488193
2014-05-20,80620.3513614,-5.99959177023e-05,-0.000179791468871,8.66511828778,0.994577869914,0.000107461208332,1.23343428366e-05,17330.2365756,0.214922416664,0.26782324956,0.26782324956,0.53564649912,-7.6327832943e-17,-1.38777878078e-17,0.0759746943364,80620.3513614
2014-05-21,80577.3340115,-0.000376586776148,-0.000533579290284,11.4736681174,1.18312353328,0.000142317267584,1.46752465512e-05,22947.3362348,0.284634535168,0.254212249924,0.254212249924,0.508424499848,-1.38777878078e-16,-1.04083408559e-16,0.08,80577.3340115
2014-05-22,80470.62307,-0.00117979895363,-0.00132432951338,10.5234901809,1.12239700668,0.000130601121395,1.3929438352e-05,21046.9803618,0.26120224279,0.198279591243,0.198279591243,0.396559182486,-1.80411241502e-16,-1.21430643318e-16,0.0772045782284,80470.62307
2014-05-23,80461.3710731,6.53239304048e-05,-0.000114973596059,13.6343703337,0.874283958871,0.000169432891328,1.08646351366e-05,27268.7406674,0.338865782655,0.325228957982,0.325228957982,0.650457915964,8.32667268469e-17,5.89805981832e-17,0.08,80461.3710731
2014-05-27,80304.4108482,-0.00172440170727,-0.00195075255148,12.4769665839,5.73553268426,0.000155067784919,7.12830592838e-05,24953.9331677,0.310135569838,0.316487395889,0.316487395889,0.632974791779,-5.82867087928e-16,-4.16333634234e-16,0.0677832201797,80304.4108482
2014-05-28,80233.6150466,-0.000675915454858,-0.000881592939406,15.1241881875,1.39262103385,0.000188335709431,1.73417751172e-05,30248.376375,0.376671418862,0.294371426453,0.294371426453,0.588742852906,-5.55111512313e-17,-3.46944695195e-17,0.08,80233.6150466
2014-05-29,80258.3435679,0.000501163596001,0.000308206496022,14.1874821893,1.294163491,0.000176827158804,1.61299411755e-05,28374.9643785,0.353654317608,0.363842183971,0.363842183971,0.727684367942,-1.11022302463e-16,-2.94902990916e-17,0.08,80258.3435679
2014-05-30,80283.0199795,0.00055936682212,0.000307462258712,18.6173678727,1.6000751236,0.000231968005382,1.99365580258e-05,37234.7357454,0.463936010764,0.340998470886,0.340998470886,0.681996941771,-5.55111512313e-17,-2.77555756156e-17,0.08,80283.0199795
2014-06-02,80193.7240532,-0.000861794794757,-0.00111226416686,15.608209596,4.5002280084,0.000194414828939,5.60545431593e-05,31216.4191921,0.388829657878,0.346229070185,0.346229070185,0.69245814037,2.08166817117e-17,2.77555756156e-17,0.0755665094483,80193.7240532
2014-06-03,80162.7963887,-0.00018696673137,-0.000385661905913,14.4127142986,1.52139169938,0.000179723718643,1.89714559005e-05,28825.4285973,0.359447437285,0.293980219634,0.293980219634,0.587960439269,1.38777878078e-17,-1.38777878078e-17,0.0784373953349,80162.7963887
2014-06-04,80139.2982608,-7.9895649177e-05,-0.000293130092138,15.8021664128,1.29130282131,0.000197125937775,1.61085051854e-05,31604.3328256,0.394251875551,0.333871627655,0.333871627655,0.667743255311,-4.16333634234e-17,-6.24500451352e-17,0.0774909257748,80139.2982608
2014-06-05,80180.7369596,0.000720991521811,0.000517083374038,14.8749606421,1.46609523011,0.000185613812012,1.82943357619e-05,29749.9212843,0.371227624023,0.268747115582,0.268747115582,0.537494231164,7.07767178199e-16,5.72458747072e-16,0.074904471533,80180.7369596
2014-06-06,80152.123703,-9.29042330684e-05,-0.0003568594857,19.9833956237,1.18073105661,0.000249229383284,1.4725869347e-05,39966.7912474,0.498458766568,0.240266575769,0.240266575769,0.480533151537,1.52655665886e-16,1.11022302463e-16,0.08,80152.123703
2014-06-09,80087.6540757,-0.000505955870195,-0.000804340850391,20.7505115474,3.16567829634,0.000258889104727,3.94958754688e-05,41501.0230949,0.517778209454,0.293739674352,0.293739674352,0.587479348703,-6.07153216592e-16,-5.06539254985e-16,0.0797917582211,80087.6540757
2014-06-10,80086.6464699,0.000186218827507,-1.25812871047e-05,14.6323980187,1.28903679056,0.00018270478999,1.6095324622e-05,29264.7960373,0.365409579979,0.283871900095,0.283871900095,0.567743800189,-3.12250225676e-16,-1.52655665886e-16,0.08,80086.6464699
2014-06-11,80096.054106,0.000329341872856,0.000117468223048,15.7225323621,1.24571772634,0.000196319025144,1.55546246627e-05,31445.0647241,0.392638050289,0.41221318867,0.41221318867,0.82442637734,-9.43689570931e-16,-7.49400541622e-16,0.08,80096.054106
2014-06-12,80003.8551363,-0.000889776051361,-0.00115110501668,19.1222874464,1.80913149934,0.000238741941283,2.25870240367e-05,38244.5748928,0.477483882567,0.447474786282,0.447474786282,0.894949572563,6.93889390391e-17,8.32667268469e-17,0.08,80003.8551363
2014-06-13,79836.9651416,-0.00178495919684,-0.00208602440975,22.1247498456,1.96162783445,0.000276546046537,2.45191663716e-05,44249.4996913,0.553092093074,0.298674189119,0.298674189119,0.597348378238,-1.66533453694e-16,-8.67361737988e-17,0.0771913523114,79836.9651416
2014-06-16,79765.6732472,-0.000681763834647,-0.000892968491535,12.9421732146,3.91976561513,0.00016210752991,4.90971269785e-05,25884.3464292,0.32421505982,0.275878907586,0.275878907586,0.551757815172,-1.45716771982e-16,-9.02056207508e-17,0.08,79765.6732472
2014-06-17,79859.5001564,0.00134967422634,0.00117628179264,12.6249742482,1.20578996155,0.000158275781226,1.51166524705e-05,25249.9484965,0.316551562453,0.255577650196,0.255577650196,0.511155300392,-2.08166817117e-17,-1.38777878078e-17,0.08,79859.5001564
2014-06-18,79875.6385266,0.000347374032849,0.000202084538662,10.4843735949,1.11837278881,0.000131285239382,1.40042548053e-05,20968.7471899,0.262570478764,0.310981096294,0.310981096294,0.621962192587,-4.16333634234e-17,-1.38777878078e-17,0.08,79875.6385266
2014-06-19,79771.2117334,-0.00112508052594,-0.00130736724206,13.1991821658,1.36108567869,0.000165246656043,1.70400600709e-05,26398.3643316,0.330493312085,0.214064467998,0.214064467998,0.428128935996,4.16333634234e-17,2.08166817117e-17,0.08,79771.2117334
2014-06-20,79837.5683456,0.00098128440754,0.000831836583877,10.985952779,0.935681205548,0.000137718263773,1.17295598903e-05,21971.905558,0.275436527546,0.223923949244,0.223923949244,0.447847898488,1.04083408559e-16,5.55111512313e-17,0.08,79837.5683456
2014-06-23,79790.9421483,-0.000350628873879,-0.000584013244233,15.6940663282,2.93877429074,0.00019657495404,3.68094163141e-05,31388.1326563,0.393149908079,0.3208759382,0.3208759382,0.6417518764,4.16333634234e-16,3.1918911958e-16,0.08,79790.9421483
2014-06-24,79712.0928557,-0.00080864268027,-0.00098819854121,12.9240275635,1.40290374914,0.000161973617751,1.75822431891e-05,25848.055127,0.323947235502,0.338399353999,0.338399353999,0.676798707998,2.08166817117e-16,1.38777878078e-16,0.08,79712.0928557
2014-06-25,79705.2023246,0.000163698015741,-8.64427316207e-05,18.4611865504,1.47805593032,0.000231598317005,1.85424303561e-05,36922.3731007,0.463196634011,0.326284710296,0.326284710296,0.652569420591,1.66533453694e-16,9.36750677027e-17,0.0789437796702,79705.2023246
2014-06-26,79653.894868,-0.000406987323317,-0.000643715280097,17.4434311239,1.4250185671,0.000218849342517,1.78786142628e-05,34886.8622479,0.437698685034,0.277127582674,0.277127582674,0.554255165349,1.66533453694e-16,1.38777878078e-16,0.08,79653.894868
2014-06-27,79640.5433095,-1.70828620253e-05,-0.00016761965677,10.7812918122,1.20955021016,0.000135351721722,1.51850730233e-05,21562.5836244,0.270703443443,0.207645907929,0.207645907929,0.415291815859,6.93889390391e-18,-9.54097911787e-18,0.0780262864558,79640.5433095
2014-06-30,79672.1261728,0.000564464571643,0.000396567652343,10.6529855021,2.71841637098,0.000133763345394,3.41335739062e-05,21305.9710041,0.267526690788,0.167614005166,0.167614005166,0.335228010333,-4.51028103754e-17,-3.46944695195e-17,0.08,79672.1261728
2014-07-01,79694.2924266,0.000360595704811,0.000278218429228,5.83143767116,0.731735022901,7.31929465333e-05,9.18432905021e-06,11662.8753423,0.146385893067,0.173423357161,0.173423357161,0.346846714322,-3.81639164715e-17,-2.08166817117e-17,0.08,79694.2924266
2014-07-02,79682.5899728,-4.18368151025e-05,-0.000146841804854,7.61099141488,0.757306944612,9.55023400439e-05,9.50264970744e-06,15221.9828298,0.191004680088,0.181820847343,0.181820847343,0.363641694687,-1.5959455979e-16,-1.09287578987e-16,0.08,79682.5899728
2014-07-03,79785.0996879,0.00145196041933,0.00128647569138,12.3923911204,0.793860604239,0.000155521941803,9.9627861558e-06,24784.7822409,0.311043883605,0.240745367417,0.240745367417,0.481490734835,-1.52655665886e-16,-1.07552855511e-16,0.08,79785.0996879
2014-07-07,79714.834504,-0.000676226349597,-0.000880680529286,12.102447927,4.20994918111,0.000151688071762,5.27661079271e-05,24204.895854,0.303376143524,0.227882892692,0.227882892692,0.455765785383,-1.38777878078e-16,-1.09287578987e-16,0.08,79714.834504
2014-07-08,79683.5198388,-0.000141518631708,-0.000392833597901,19.0381530164,0.995377922039,0.000238828232346,1.24867338461e-05,38076.3060328,0.477656464693,0.365114860274,0.365114860274,0.730229720549,0,4.68375338514e-17,0.08,79683.5198388
2014-07-09,79661.3681631,-3.7338640384e-05,-0.000277995697618,17.5822294924,1.59417190203,0.00022065076352,2.00062937137e-05,35164.4589848,0.44130152704,0.358378201121,0.358378201121,0.716756402241,2.49800180541e-16,2.11636264069e-16,0.08,79661.3681631
2014-07-10,79622.8898899,-0.000246018555156,-0.000483023001808,17.3157753128,1.56432316828,0.000217367284947,1.96371617052e-05,34631.5506256,0.434734569894,0.367128752733,0.367128752733,0.734257505465,-4.16333634234e-17,0,0.08,79622.8898899
2014-07-11,79630.0286143,0.000303341630539,8.96566857556e-05,15.4124675006,1.601745329,0.000193568300798,2.01166439853e-05,30824.9350013,0.387136601596,0.268473623912,0.268473623912,0.536947247824,4.51028103754e-16,4.23272528138e-16,0.0757982169557,79630.0286143
2014-07-14,79599.2795442,-9.94871811003e-05,-0.000386149178552,19.3126188371,3.51428422262,0.000242529346946,4.4132650506e-05,38625.2376742,0.485058693891,0.322887763267,0.322887763267,0.645775526535,7.6327832943e-16,6.38378239159e-16,0.08,79599.2795442
2014-07-15,79564.443203,-0.000161677022834,-0.000437646438207,20.5586579643,1.4083086756,0.000258276935194,1.7692480179e-05,41117.3159286,0.516553870387,0.221797072126,0.221797072126,0.443594144253,3.46944695195e-16,3.05311331772e-16,0.08,79564.443203
2014-07-16,79361.7317198,-0.0023296478714,-0.00254776474406,16.3873798254,0.966967701249,0.000205963608437,1.21532642261e-05,32774.7596508,0.411927216874,0.274239642327,0.274239642327,0.548479284654,-2.77555756156e-17,-1.38777878078e-17,0.08,79361.7317198
2014-07-17,79204.0732442,-0.00182904200893,-0.00198658058643,11.3099790944,1.19255522856,0.000142511747782,1.50268297165e-05,22619.9581888,0.285023495564,0.266912806569,0.266912806569,0.533825613139,-2.91433543964e-16,-2.39391839685e-16,0.08,79204.0732442
2014-07-18,79303.6538263,0.00136557840334,0.00125726592138,7.42040172807,1.15838802638,9.36871226962e-05,1.46253592641e-05,14840.8034561,0.187374245392,0.228034627333,0.228034627333,0.456069254666,-4.85722573274e-17,-5.55111512313e-17,0.08,79303.6538263
2014-07-21,79238.9441755,-0.000706526072342,-0.000815973132905,5.70684290246,2.97270890078,7.19619163445e-05,3.74851442191e-05,11413.6858049,0.143923832689,0.244420183755,0.244420183755,0.48884036751,-3.46944695195e-17,-3.81639164715e-17,0.08,79238.9441755
2014-07-22,79244.113323,0.000174680923118,6.52349375652e-05,7.61114613143,1.061238208,9.60530987714e-05,1.33928867811e-05,15222.2922629,0.192106197543,0.234046719406,0.234046719406,0.468093438812,-6.93889390391e-17,-7.6327832943e-17,0.08,79244.113323
2014-07-23,79120.9206603,-0.00128777027665,-0.00155459702351,20.128184595,1.01626437016,0.000254002269076,1.28244777757e-05,40256.36919,0.508004538153,0.351687408534,0.351687408534,0.703374817068,-8.32667268469e-17,-8.32667268469e-17,0.068571900883,79120.9206603
2014-07-24,79249.6274504,0.00184759915015,0.00162670996416,15.9522526609,1.52470309851,0.000201618643056,1.92705429334e-05,31904.5053217,0.403237286111,0.327478081077,0.327478081077,0.654956162154,-1.66533453694e-16,-1.00613961607e-16,0.0797667569434,79249.6274504
2014-07-25,79296.5204687,0.000810573884427,0.000591712792035,15.9226043684,1.42205566704,0.00020091708795,1.79440044426e-05,31845.2087368,0.401834175899,0.304950393615,0.304950393615,0.60990078723,-4.4408920985e-16,-3.26128013484e-16,0.08,79296.5204687
2014-07-28,79243.4166295,-0.000468640024521,-0.000669686877753,11.9672739735,3.97504193905,0.000150918021405,5.01288318271e-05,23934.5479469,0.301836042811,0.328650682647,0.328650682647,0.657301365294,-5.13478148889e-16,-3.88578058619e-16,0.08,79243.4166295
2014-07-29,79182.4560837,-0.00061058992195,-0.000769282147865,11.1482783948,1.42703577921,0.000140683969332,1.80082565834e-05,22296.5567897,0.281367938663,0.275286721056,0.275286721056,0.550573442113,-4.85722573274e-17,-2.08166817117e-17,0.0674038598278,79182.4560837
2014-07-30,79024.0314105,-0.00178418490347,-0.00200075472647,15.9541261868,1.19440431235,0.000201485619111,1.50842038935e-05,31908.2523736,0.402971238223,0.303282597817,0.303282597817,0.606565195634,1.38777878078e-17,8.32667268469e-17,0.06911674597,79024.0314105
2014-07-31,79097.3793243,0.00117219711759,0.000928172259785,17.9705889302,1.31323909787,0.000227406633266,1.66182245379e-05,35941.1778603,0.454813266532,0.33870896322,0.33870896322,0.677417926439,-1.94289029309e-16,-6.93889390391e-17,0.08,79097.3793243
2014-08-01,79184.0610989,0.00131615257819,0.00109588680894,15.9544455766,1.46799952572,0.000201706374002,1.85593952449e-05,31908.8911531,0.403412748004,0.426490247674,0.426490247674,0.852980495349,-3.74700270811e-16,-2.63677968348e-16,0.08,79184.0610989
2014-08-04,79149.8809654,-0.000100840198823,-0.00043165421256,20.6437620356,5.55143504054,0.000260706027818,7.01079859191e-05,41287.5240711,0.521412055635,0.317933701329,0.317933701329,0.635867402657,-1.38777878078e-16,-8.32667268469e-17,0.0672261769812,79149.8809654
2014-08-05,79084.3734877,-0.000614524131276,-0.000827638360377,15.4890938316,1.3788720337,0.00019569320437,1.74210247303e-05,30978.1876633,0.391386408741,0.348502087038,0.348502087038,0.697004174077,-2.77555756156e-17,-1.38777878078e-17,0.0593692549581,79084.3734877
2014-08-06,79130.9211205,0.000800898933799,0.000588581925892,15.2807619778,1.51019557329,0.000193221003137,1.90960047692e-05,30561.5239556,0.386442006275,0.339659298098,0.339659298098,0.679318596196,-6.93889390391e-18,-1.38777878078e-17,0.08,79130.9211205
2014-08-07,79108.5991115,-8.23297093934e-05,-0.000282089588818,14.3344406248,1.47274263702,0.000181148411036,1.86114683889e-05,28668.8812496,0.362296822072,0.323701077696,0.323701077696,0.647402155391,1.94289029309e-16,1.38777878078e-16,0.08,79108.5991115
2014-08-08,79218.6126598,0.00163281438844,0.00139066485168,17.7529578185,1.40315281027,0.00022441249141,1.77370453532e-05,35505.9156371,0.448824982819,0.394473839933,0.394473839933,0.788947679866,4.16333634234e-16,3.46944695195e-16,0.0743223480808,79218.6126598
2014-08-11,79065.3049753,-0.00158208779612,-0.00193524828687,22.8399520143,5.13693210905,0.000288315475965,6.48450147835e-05,45679.9040285,0.576630951929,0.353534812261,0.353534812261,0.707069624521,-2.77555756156e-17,-5.55111512313e-17,0.0775300691604,79065.3049753
2014-08-12,79076.2739819,0.000321508716426,0.000138733501106,12.919543196,1.53163494525,0.000163403444785,1.93717705348e-05,25839.0863919,0.326806889571,0.302074627661,0.302074627661,0.604149255322,8.32667268469e-17,1.11022302463e-16,0.08,79076.2739819
2014-08-13,79119.6213861,0.000753199778849,0.000548172062302,14.903954681,1.30887320657,0.000188475682154,1.65520343924e-05,29807.9093619,0.376951364309,0.262147423341,0.262147423341,0.524294846681,1.11022302463e-16,8.32667268469e-17,0.077510717687,79119.6213861
2014-08-14,79144.0638296,0.000537052250949,0.000308930238908,16.9124338044,1.13649341819,0.000213757769667,1.43642423748e-05,33824.8676087,0.427515539333,0.332186521534,0.332186521534,0.664373043068,2.77555756156e-17,3.12250225676e-17,0.0786370713721,79144.0638296
2014-08-15,79084.4944207,-0.000473570581907,-0.000752670585691,20.6485281711,1.44058034321,0.000260898002604,1.820200118e-05,41297.0563422,0.521796005207,0.254405291718,0.254405291718,0.508810583435,1.94289029309e-16,1.80411241502e-16,0.08,79084.4944207
2014-08-18,79148.9560155,0.00109713266219,0.000815097766659,18.9972697732,3.30731734906,0.00024021484758,4.18200479536e-05,37994.5395464,0.48042969516,0.335991582953,0.335991582953,0.671983165906,1.80411241502e-16,2.08166817117e-16,0.08,79148.9560155
2014-08-19,79009.0373678,-0.00154247041902,-0.00176778892258,16.3765526548,1.45717167237,0.000206908005857,1.84104976961e-05,32753.1053096,0.413816011713,0.297311611919,0.297311611919,0.594623223838,1.38777878078e-16,1.5959455979e-16,0.0766811103606,79009.0373678
2014-08-20,79072.5501483,0.000997564954988,0.000803867286877,14.0167263387,1.28713995923,0.000177406620883,1.62910472284e-05,28033.4526773,0.354813241767,0.363682419242,0.363682419242,0.727364838485,8.50014503229e-17,7.8062556419e-17,0.0765372666467,79072.5501483
2014-08-21,79039.1591202,-0.000195236731419,-0.000422283435242,16.3774196092,1.57574226486,0.000207118900029,1.99278037941e-05,32754.8392184,0.414237800057,0.187814379509,0.187814379509,0.375628759018,6.59194920871e-17,6.93889390391e-17,0.0782468252218,79039.1591202
2014-08-22,78982.4906195,-0.000560032069217,-0.000716967403871,11.5906291817,0.813407705594,0.000146644135777,1.02911988772e-05,23181.2583634,0.293288271554,0.205752189724,0.205752189724,0.411504379449,-1.38777878078e-17,6.93889390391e-18,0.0746691284892,78982.4906195
2014-08-25,79025.4802523,0.0006984124751,0.000544293202711,9.50135624967,2.67136773614,0.000120296994627,3.38222777629e-05,19002.7124993,0.240593989254,0.247241817805,0.247241817805,0.494483635609,-9.71445146547e-17,-8.32667268469e-17,0.0760812662074,79025.4802523
2014-08-26,79008.8431229,-6.46944739241e-05,-0.000210528671324,10.4540200407,1.07059744605,0.000132286700534,1.3547496866e-05,20908.0400813,0.264573401067,0.176283774573,0.176283774573,0.352567549145,-6.93889390391e-17,-5.37764277553e-17,0.0767752767817,79008.8431229
2014-08-27,79010.872314,0.000253622331643,2.5683088358e-05,17.2460390874,0.763176826868,0.000218279858377,9.65938490809e-06,34492.0781748,0.436559716754,0.286823691903,0.286823691903,0.573647383807,-5.6898930012e-16,-5.41233724505e-16,0.08,79010.872314
2014-08-28,79029.3098121,0.000504137570524,0.000233353936584,20.153087285,1.24176384097,0.00025506726726,1.57163666796e-05,40306.1745699,0.51013453452,0.345991367973,0.345991367973,0.691982735946,-1.38777878078e-16,-7.6327832943e-17,0.08,79029.3098121
2014-08-29,79037.8973824,0.000469020387993,0.000108663105868,26.9805155654,1.49827172668,0.000341398851003,1.89584311218e-05,53961.0311308,0.682797702006,0.351308758674,0.351308758674,0.702617517348,-6.93889390391e-17,-1.38777878078e-17,0.069932966095,79037.8973824
2014-09-02,79066.4482798,0.000660209919108,0.000361230477061,17.544853174,6.08585328605,0.000221980262064,7.69991799833e-05,35089.7063479,0.443960524129,0.32481571921,0.32481571921,0.649631438421,0,1.38777878078e-17,0.0779252861926,79066.4482798
2014-09-03,79091.9413333,0.000629170031305,0.000322425682116,22.8459519593,1.40723426101,0.000288946227589,1.77981216006e-05,45691.9039186,0.577892455178,0.303739380531,0.303739380531,0.607478761062,1.38777878078e-16,1.73472347598e-16,0.0664721478735,79091.9413333
2014-09-04,78992.5172872,-0.000964094510532,-0.00125706923345,21.8555923495,1.31634724743,0.000276331469187,1.66432537277e-05,43711.184699,0.552662938374,0.276364009603,0.276364009603,0.552728019207,8.32667268469e-17,1.04083408559e-17,0.08,78992.5172872
2014-09-05,79053.7725338,0.00104086448683,0.000775456318125,19.7690572286,1.19620212636,0.000250264935306,1.51432334029e-05,39538.1144571,0.500529870612,0.286188849541,0.286188849541,0.572377699081,1.11022302463e-16,7.97972798949e-17,0.0738561514182,79053.7725338
2014-09-08,78827.7974822,-0.00270092535321,-0.00285849801248,8.73764879953,3.71906436383,0.000110527916878,4.70447423903e-05,17475.2975991,0.221055833757,0.247552764487,0.247552764487,0.495105528974,4.16333634234e-17,-2.77555756156e-17,0.0723366143318,78827.7974822
2014-09-09,78722.5400918,-0.00121290589662,-0.00133528265089,8.57742758132,1.0692624211,0.000108812219234,1.35645350404e-05,17154.8551626,0.217624438467,0.282345834889,0.282345834889,0.564691669778,9.71445146547e-17,7.3725747729e-17,0.0744277904882,78722.5400918
2014-09-10,78756.8207198,0.000616614608036,0.000435461406394,13.0429233951,1.21791678393,0.00016568219699,1.54710046515e-05,26085.8467901,0.331364393981,0.339638159476,0.339638159476,0.679276318951,1.14491749414e-16,6.93889390391e-17,0.08,78756.8207198
2014-09-11,78741.4652609,5.70632414e-05,-0.000194973067022,18.3838895005,1.46568885674,0.000233425998314,1.86103101083e-05,36767.7790011,0.466851996628,0.323401469093,0.323401469093,0.646802938185,9.71445146547e-17,8.67361737988e-17,0.0780988652053,78741.4652609
2014-09-12,78581.3434671,-0.00184173294045,-0.00203351300789,13.7056952694,1.39534824898,0.000174059439,1.77206284434e-05,27411.3905387,0.348118878,0.297571307389,0.297571307389,0.595142614778,-1.04083408559e-16,-2.77555756156e-17,0.0772538386813,78581.3434671
2014-09-15,78723.1963751,0.00205166200758,0.00180517285395,15.525577098,3.84387174442,0.00019757332228,4.89158313516e-05,31051.1541961,0.395146644561,0.38349727764,0.38349727764,0.76699455528,-1.2490009027e-16,-9.71445146547e-17,0.08,78723.1963751
2014-09-16,78820.9836334,0.00148204863485,0.00124216575087,17.2300936015,1.65425378066,0.000218869334514,2.10135494597e-05,34460.1872029,0.437738669028,0.27252925787,0.27252925787,0.545058515739,1.38777878078e-17,2.77555756156e-17,0.08,78820.9836334
2014-09-17,78742.5879898,-0.00087632613357,-0.000994603721417,8.14571339535,1.1770424205,0.000103344477826,1.49331100203e-05,16291.4267907,0.206688955652,0.26784016653,0.26784016653,0.53568033306,-5.55111512313e-17,-4.16333634234e-17,0.08,78742.5879898
2014-09-18,78609.1188591,-0.00155466653597,-0.00169500563953,9.89502432627,1.15563988385,0.000125662930047,1.46761735085e-05,19790.0486525,0.251325860094,0.233768497514,0.233768497514,0.467536995028,-9.02056207508e-17,-1.11022302463e-16,0.08,78609.1188591
2014-09-19,78686.718735,0.00113237924297,0.000987161247948,10.4085361322,1.00692249899,0.000132408762282,1.28092327405e-05,20817.0722645,0.264817524564,0.299144452852,0.299144452852,0.598288905705,-2.77555756156e-17,-3.46944695195e-17,0.08,78686.718735
2014-09-22,78599.2547115,-0.000879601763494,-0.00111154747369,14.3816722701,3.86937459004,0.000182771279593,4.91744306059e-05,28763.3445402,0.365542559185,0.241678308513,0.241678308513,0.483356617027,-1.38777878078e-17,-6.93889390391e-17,0.08,78599.2547115
2014-09-23,78641.7532328,0.000773372002124,0.000540698781463,17.2470795474,1.0408621879,0.000219430573619,1.32426470418e-05,34494.1590948,0.438861147238,0.312819245019,0.312819245019,0.625638490038,2.77555756156e-17,0,0.0797813945131,78641.7532328
2014-09-24,78550.3751205,-0.000949659183875,-0.00116195415974,15.3472680702,1.34798103415,0.000195154195313,1.7140780549e-05,30694.5361403,0.390308390626,0.219549025946,0.219549025946,0.439098051891,5.55111512313e-17,4.16333634234e-17,0.0722880162182,78550.3751205
2014-09-25,78591.7758696,0.000692993926809,0.000527059852088,12.0892162341,0.944967580568,0.000153903991108,1.20300836135e-05,24178.4324682,0.307807982217,0.273631324236,0.273631324236,0.547262648472,1.66533453694e-16,1.45716771982e-16,0.08,78591.7758696
2014-09-26,78618.6426681,0.000506394228858,0.000341852543811,11.7532576596,1.17836557289,0.000149548187829,1.49934972184e-05,23506.5153191,0.299096375658,0.257411801755,0.257411801755,0.514823603511,1.38777878078e-17,1.38777878078e-17,0.08,78618.6426681
2014-09-29,78488.3662201,-0.00143572000138,-0.00165706814055,14.0753998816,3.32669037711,0.000179033870389,4.23142687817e-05,28150.7997631,0.358067740777,0.219945620659,0.219945620659,0.439891241318,1.2490009027e-16,1.04083408559e-16,0.08,78488.3662201
2014-09-30,78492.1062062,0.000242804779383,4.76501974658e-05,14.371437039,0.945927256043,0.000183102767086,1.20518148306e-05,28742.874078,0.366205534173,0.286244571483,0.286244571483,0.572489142967,3.74700270811e-16,3.74700270811e-16,0.08,78492.1062062
2014-10-01,78519.7133917,0.000599820472898,0.000351719259607,18.2428668216,1.23111996196,0.000232416579237,1.56846340539e-05,36485.7336432,0.464833158475,0.245013638992,0.245013638992,0.490027277983,8.32667268469e-17,8.32667268469e-17,0.08,78519.7133917
2014-10-02,78508.6870738,9.66033411174e-05,-0.000140427383629,17.557425629,1.05415894305,0.000223605319869,1.34254048763e-05,35114.851258,0.447210639739,0.323815639031,0.323815639031,0.647631278062,2.35922392733e-16,2.39391839685e-16,0.0770682536733,78508.6870738
2014-10-03,78469.8501728,-0.000300895979702,-0.000494682848538,13.820947676,1.39300496845,0.000176043546149,1.77433226866e-05,27641.895352,0.352087092298,0.310274225552,0.310274225552,0.620548451104,6.93889390391e-17,8.67361737988e-17,0.08,78469.8501728
2014-10-06,78431.4867605,-0.000218293218451,-0.000488893660819,17.2317013213,4.00227484792,0.000219596460085,5.10039822825e-05,34463.4026427,0.43919292017,0.344191839418,0.344191839418,0.688383678836,1.38777878078e-16,1.11022302463e-16,0.0697083495243,78431.4867605
2014-10-07,78386.87818,-0.000332959713794,-0.000568758573038,17.0148508495,1.47920425734,0.000216939032426,1.88598268174e-05,34029.7016991,0.433878064852,0.385429247054,0.385429247054,0.770858494108,9.71445146547e-17,6.93889390391e-17,0.0692889116927,78386.87818
2014-10-08,78336.7185989,-0.000376225800521,-0.000639897675236,19.0129304414,1.65548468142,0.000242552463918,2.11194107975e-05,38025.8608828,0.485104927836,0.273166975445,0.273166975445,0.546333950891,3.1918911958e-16,2.77555756156e-16,0.08,78336.7185989
2014-10-09,78244.0329869,-0.000952702670622,-0.00118316944627,16.8814627592,1.17254819101,0.000215498722197,1.49680534491e-05,33762.9255183,0.430997444394,0.335038587131,0.335038587131,0.670077174263,7.00828284295e-16,6.08887940068e-16,0.0631395305342,78244.0329869
2014-10-10,78112.6459004,-0.00143335452224,-0.00167919624694,17.799222249,1.43642576786,0.000227483445951,1.83582787469e-05,35598.444498,0.454966891902,0.290288840082,0.290288840082,0.580577680165,1.17961196366e-16,1.52655665886e-16,0.067369566442,78112.6459004
2014-10-13,78008.5047772,-0.00109452831025,-0.00133321720138,14.917185868,3.72743496562,0.000190970177697,4.77187134382e-05,29834.371736,0.381940355395,0.193236405787,0.193236405787,0.386472811574,5.75928194024e-16,5.48172618409e-16,0.0628488890895,78008.5047772
2014-10-14,77990.2430945,-3.45936091647e-05,-0.000234098612518,14.7371098519,0.825977155287,0.000188916707146,1.05882962075e-05,29474.2197038,0.377833414292,0.290367822302,0.290367822302,0.580735644604,5.82867087928e-16,5.20417042793e-16,0.0759051344217,77990.2430945
2014-10-15,78308.3059638,0.00435257676389,0.00407823923474,20.1547817093,1.24086887935,0.000258426963548,1.59105656056e-05,40309.5634186,0.516853927097,0.351699680067,0.351699680067,0.703399360134,3.33066907388e-16,3.33066907388e-16,0.077533796561,78308.3059638
2014-10-16,78455.4568682,0.00214594970025,0.00187912255987,19.3856851212,1.50909622762,0.00024755592504,1.92712153461e-05,38771.3702423,0.495111850079,0.288101888013,0.288101888013,0.576203776025,7.00828284295e-16,6.80011602583e-16,0.08,78455.4568682
2014-10-17,78519.188401,0.00104702634587,0.000812327597642,17.1748679161,1.23852960266,0.000218912343407,1.57864048226e-05,34349.7358321,0.437824686813,0.310587171481,0.310587171481,0.621174342961,-6.93889390391e-18,-2.77555756156e-17,0.0649919960527,78519.188401
2014-10-20,78550.7118561,0.000632019337094,0.000401474540574,14.0933597431,4.00883056971,0.000179489371071,5.10554254489e-05,28186.7194862,0.358978742142,0.248344119555,0.248344119555,0.49668823911,-2.49800180541e-16,-2.22044604925e-16,0.0683015156065,78550.7118561
2014-10-21,78590.048537,0.000694836887574,0.000500780706153,14.1743411975,1.06890999322,0.00018044828446,1.36078969619e-05,28348.682395,0.360896568919,0.270851521025,0.270851521025,0.541703042051,-3.0184188482e-16,-2.49800180541e-16,0.0679053656591,78590.048537
2014-10-22,78594.670477,0.000249365429199,5.88107542396e-05,13.8093321576,1.16636899637,0.000175713495725,1.48411792343e-05,27618.6643153,0.35142699145,0.236541587881,0.236541587881,0.473083175763,-1.63064006742e-16,-1.38777878078e-16,0.08,78594.670477
2014-10-23,78597.0416021,0.000207164302299,3.01690309357e-05,12.89220513,1.01867989883,0.000164034088466,1.29611828976e-05,25784.4102599,0.328068176931,0.212196670187,0.212196670187,0.424393340375,-3.67761376907e-16,-3.33066907388e-16,0.08,78597.0416021
2014-10-24,78557.185982,-0.000360296106926,-0.000507088043923,10.6235472933,0.913864685728,0.000135164722192,1.16272148048e-05,21247.0945865,0.270329444384,0.165601298564,0.165601298564,0.331202597128,-5.55111512313e-16,-5.27355936697e-16,0.076669146422,78557.185982
2014-10-27,78473.5607133,-0.000956955797718,-0.00106451456544,6.31102009078,2.13849402907,8.03366364501e-05,2.72221312708e-05,12622.0401816,0.1606732729,0.17092333083,0.17092333083,0.34184666166,-1.94289029309e-16,-1.52655665886e-16,0.07834652128,78473.5607133
2014-10-28,78546.8391076,0.00117402564328,0.000933797238901,18.1166214336,0.734956842697,0.000230862742418,9.3656619633e-06,36233.2428672,0.461725484836,0.349482359462,0.349482359462,0.698964718925,-1.66533453694e-16,-1.2490009027e-16,0.08,78546.8391076
2014-10-29,78568.0178833,0.000579520277951,0.000269632437893,22.8365604701,1.50414984436,0.000290738121732,1.91497183267e-05,45673.1209402,0.581476243463,0.354998598673,0.354998598673,0.709997197345,-5.55111512313e-17,-6.24500451352e-17,0.08,78568.0178833
2014-10-30,78589.4155603,0.000485348606811,0.000272345892093,15.2068977431,1.52830335611,0.000193550736709,1.94519780095e-05,30413.7954861,0.387101473418,0.311596920124,0.311596920124,0.623193840248,-1.38777878078e-16,-1.11022302463e-16,0.08,78589.4155603
2014-10-31,78526.3794846,-0.000561057652977,-0.000802093707414,17.6010623817,1.34182026537,0.000223962250594,1.70738038424e-05,35202.1247635,0.447924501188,0.383455030651,0.383455030651,0.766910061303,0,1.38777878078e-17,0.0768822308496,78526.3794846
2014-11-03,78222.8274934,-0.00358311187797,-0.00386560533131,17.2333795839,4.94980853461,0.000219459749667,6.30337036687e-05,34466.7591678,0.438919499333,0.362924678733,0.362924678733,0.725849357466,-5.55111512313e-17,-5.55111512313e-17,0.08,78222.8274934
2014-11-04,78115.7814127,-0.00107025189991,-0.00136847623756,21.772389574,1.55556134453,0.000278338053886,1.98862837662e-05,43544.779148,0.556676107772,0.348487249636,0.348487249636,0.696974499273,-1.11022302463e-16,-5.55111512313e-17,0.08,78115.7814127
2014-11-05,78021.9149157,-0.000937146422328,-0.00120163295212,19.1689361221,1.49163582563,0.00024539133803,1.90951917609e-05,38337.8722442,0.490782676059,0.362912489107,0.362912489107,0.725824978214,2.49800180541e-16,1.82145964978e-16,0.0660247844656,78021.9149157
2014-11-06,78205.1188207,0.00253549426,0.0023481082874,13.0686985829,1.55151382723,0.000167500356753,1.98856158415e-05,26137.3971658,0.335000713505,0.37385532974,0.37385532974,0.747710659481,5.55111512313e-17,0,0.0748443555456,78205.1188207
2014-11-07,78615.3208006,0.00546475145319,0.00524520627351,15.5675075214,1.6020493416,0.000199059956128,2.04852235474e-05,31135.0150428,0.398119912256,0.292204359497,0.292204359497,0.584408718995,6.93889390391e-17,6.93889390391e-17,0.08,78615.3208006
2014-11-10,78607.0470234,0.000314107622355,-0.000105243826036,29.1912722936,3.77617634979,0.000371317855049,4.8033593342e-05,58382.5445873,0.742635710098,0.449688261496,0.449688261496,0.899376522993,1.80411241502e-16,1.66533453694e-16,0.0737944303506,78607.0470234
2014-11-11,78694.2441384,0.0014639047273,0.00110927859824,25.9391995802,1.93691322287,0.000329985676379,2.46404526847e-05,51878.3991604,0.659971352758,0.252808568338,0.252808568338,0.505617136676,1.66533453694e-16,9.02056207508e-17,0.0740008130798,78694.2441384
2014-11-12,78616.8539365,-0.000808769146736,-0.0009834290012,12.6546112998,1.09011392861,0.000160807330172,1.38525242925e-05,25309.2225996,0.321614660344,0.22281927879,0.22281927879,0.44563855758,0,0,0.08,78616.8539365
2014-11-13,78552.7418458,-0.000655628753324,-0.000815500589071,11.6087659269,0.959854832594,0.000147662560197,1.22092755501e-05,23217.5318537,0.295325120393,0.15831496548,0.15831496548,0.31662993096,2.77555756156e-17,3.03576608296e-17,0.0684224487304,78552.7418458
2014-11-14,78442.8848062,-0.00128124742024,-0.00139851311276,8.53011292576,0.681428745954,0.000108590899889,8.67479262904e-06,17060.2258515,0.217181799777,0.187659214919,0.187659214919,0.375318429837,1.38777878078e-16,1.45716771982e-16,0.0551944240604,78442.8848062
2014-11-17,78449.1290261,0.000218096595,7.96021197234e-05,8.44409299039,2.41981318006,0.000107646385153,3.08480901236e-05,16888.1859808,0.215292770307,0.25826209998,0.25826209998,0.516524199961,4.02455846427e-16,4.2674197509e-16,0.0519199907288,78449.1290261
2014-11-18,78349.4412286,-0.00111084655195,-0.00127073173152,11.4326921613,1.11016092076,0.000145733831634,1.41513479441e-05,22865.3843226,0.291467663267,0.337069974278,0.337069974278,0.674139948556,7.77156117238e-16,8.17054757185e-16,0.0674717267168,78349.4412286
2014-11-19,78282.9847839,-0.000688544128318,-0.000848205726273,11.0623151147,1.44708187066,0.000141192010323,1.84695876317e-05,22124.6302294,0.282384020645,0.320545534531,0.320545534531,0.641091069062,2.91433543964e-16,3.88578058619e-16,0.0703959861326,78282.9847839
2014-11-20,78253.1050955,-0.000187585914828,-0.000381688159405,13.8199298422,1.37497321656,0.000176538105698,1.75641388784e-05,27639.8596843,0.353076211397,0.224142732645,0.224142732645,0.44828546529,5.27355936697e-16,5.13478148889e-16,0.0582055785469,78253.1050955
2014-11-21,78284.5888581,0.00064401647328,0.000402332438074,17.9514377239,0.961088482963,0.000229402241636,1.22817935696e-05,35902.8754478,0.458804483273,0.323403822381,0.323403822381,0.646807644761,0,4.16333634234e-17,0.075247002728,78284.5888581
2014-11-24,78216.1935536,-0.000619320433057,-0.00087367520807,15.7502723662,4.16178661976,0.000201192502841,5.31622721721e-05,31500.5447325,0.402385005682,0.305614331619,0.305614331619,0.611228663237,6.93889390391e-17,6.93889390391e-17,0.0696914739536,78216.1935536
2014-11-25,78194.5745334,-5.06837663415e-05,-0.000276400822437,16.3449212923,1.3098076556,0.000208971065322,1.67459907736e-05,32689.8425847,0.417942130644,0.309244065803,0.309244065803,0.618488131606,-6.93889390391e-18,5.55111512313e-17,0.0634193586189,78194.5745334
2014-11-26,78348.5263815,0.00215830831662,0.00196883030667,13.4911546642,1.32499770698,0.000172533129628,1.6944880318e-05,26982.3093284,0.345066259256,0.22065874509,0.22065874509,0.441317490181,-1.11022302463e-16,-1.4224732503e-16,0.0669398240917,78348.5263815
2014-11-28,78286.9988845,-0.000463935232845,-0.000785305096489,23.2842483894,1.89460685052,0.00029718808336,2.41817802839e-05,46568.4967789,0.594376166721,0.348072937549,0.348072937549,0.696145875097,1.52655665886e-16,2.08166817117e-16,0.08,78286.9988845
2014-12-01,78586.5351678,0.00407621810932,0.00382613061637,15.0992153353,4.47938394634,0.000192870023765,5.72174691861e-05,30198.4306706,0.385740047529,0.29515106023,0.29515106023,0.59030212046,1.94289029309e-16,1.90819582357e-16,0.08,78586.5351678
2014-12-02,78667.4841324,0.00126571621514,0.0010300615047,17.2483338099,1.27095337943,0.000219482049603,1.61726608345e-05,34496.6676197,0.438964099207,0.323575031343,0.323575031343,0.647150062686,9.71445146547e-17,6.41847686111e-17,0.08,78667.4841324
2014-12-03,78765.1330536,0.00147955539857,0.0012412869471,17.3491942203,1.39478540514,0.000220538312768,1.77301387037e-05,34698.3884405,0.441076625536,0.263998080392,0.263998080392,0.527996160784,-2.77555756156e-17,-4.33680868994e-17,0.08,78765.1330536
2014-12-04,78803.8605956,0.000652776648044,0.000491683825902,11.5491088616,1.13938870838,0.000146627173901,1.44656482407e-05,23098.2177232,0.293254347802,0.254148613825,0.254148613825,0.508297227649,5.55111512313e-17,-3.46944695195e-18,0.08,78803.8605956
2014-12-05,78619.1383099,-0.00210458885386,-0.00234407660177,17.7751403645,1.09741873613,0.000225561796467,1.39259514424e-05,35550.2807289,0.451123592934,0.386112390173,0.386112390173,0.772224780346,-1.38777878078e-16,-2.35922392733e-16,0.0780931354329,78619.1383099
2014-12-08,77931.0060831,-0.00846549869696,-0.00875273173416,17.5920155106,4.98999836814,0.000223762507307,6.34705298915e-05,35184.0310211,0.447525014615,0.312956890193,0.312956890193,0.625913780386,-1.94289029309e-16,-2.08166817117e-16,0.0620460750694,77931.0060831
2014-12-09,78099.9821705,0.00247281610134,0.00216827801892,22.3965731097,1.33638604457,0.000287389759678,1.71483227503e-05,44793.1462193,0.574779519356,0.454904161184,0.454904161184,0.909808322369,-4.4408920985e-16,-5.06539254985e-16,0.0799287236503,78099.9821705
2014-12-10,77899.3160194,-0.00233862802654,-0.00256934951261,16.0726038455,1.94674010289,0.000205795230662,2.49262554074e-05,32145.207691,0.411590461324,0.394505349997,0.394505349997,0.789010699995,-4.16333634234e-16,-3.88578058619e-16,0.0796350690496,77899.3160194
2014-12-11,77801.9883532,-0.00105602784306,-0.00124940334766,13.3798909446,1.68392859895,0.000171758773098,2.16167315067e-05,26759.7818893,0.343517546195,0.314378345652,0.314378345652,0.628756691303,-8.32667268469e-17,-5.55111512313e-17,0.08,77801.9883532
2014-12-12,77706.6361237,-0.00108901700126,-0.00122557574062,9.28430800366,1.34023344586,0.000119332528643,1.72262107206e-05,18568.6160073,0.238665057287,0.350543649205,0.350543649205,0.701087298411,-1.66533453694e-16,-1.94289029309e-16,0.08,77706.6361237
2014-12-15,77780.1232962,0.00124983286486,0.000945700086119,19.1553979991,4.47773717166,0.000246509165171,5.7623613568e-05,38310.7959982,0.493018330342,0.3511961819,0.3511961819,0.702392363801,-4.16333634234e-17,-5.55111512313e-17,0.08,77780.1232962
2014-12-16,78258.6690259,0.00651611802291,0.00615254527099,26.7819618368,1.49677163449,0.000344329125513,1.92436264055e-05,53563.9236737,0.688658251025,0.426623195062,0.426623195062,0.853246390124,2.77555756156e-16,2.49800180541e-16,0.0763586234607,78258.6690259
2014-12-17,78193.2563921,-0.000511345640872,-0.000835851601937,23.5659819507,1.82942265321,0.000301129347637,2.3376613428e-05,47131.9639014,0.602258695274,0.337027689448,0.337027689448,0.674055378897,1.38777878078e-16,1.31838984174e-16,0.0717603539023,78193.2563921
2014-12-18,77938.8640396,-0.0029854002886,-0.00325337969329,19.5101662703,1.44401602917,0.000249512134044,1.84672706547e-05,39020.3325405,0.499024268089,0.403640384867,0.403640384867,0.807280769735,0,0,0.08,77938.8640396
2014-12-19,77878.4406084,-0.000511212316044,-0.000775267024151,18.8563282091,1.72379578504,0.000241937426744,2.21172813626e-05,37712.6564181,0.483874853488,0.224565800503,0.224565800503,0.449131601005,-9.71445146547e-17,-1.04083408559e-16,0.08,77878.4406084
2014-12-22,77999.6851122,0.00175008796961,0.00155684298296,12.1747413356,2.87487688062,0.000156330060547,3.691492611e-05,24349.4826713,0.312660121095,0.226495940432,0.226495940432,0.452991880864,-1.94289029309e-16,-1.94289029309e-16,0.08,77999.6851122
2014-12-23,77920.6582765,-0.000836622778164,-0.0010131686501,12.802488883,0.968033536048,0.000164135135477,1.2410736462e-05,25604.9777661,0.328270270953,0.320647497203,0.320647497203,0.641294994406,-1.94289029309e-16,-1.80411241502e-16,0.0782315935473,77920.6582765
2014-12-24,77933.3843135,0.000427559012746,0.000163320450381,19.2205981157,1.36904460585,0.000246668836492,1.75697258741e-05,38441.1962314,0.493337672983,0.293807783399,0.293807783399,0.587615566799,-5.55111512313e-17,-2.77555756156e-17,0.08,77933.3843135
2014-12-26,78050.0481989,0.00166282641901,0.00149696932066,10.4164970533,2.50930793402,0.000133658985107,3.21981132493e-05,20832.9941066,0.267317970214,0.287401003271,0.287401003271,0.574802006542,-2.77555756156e-17,-8.32667268469e-17,0.0712961343843,78050.0481989
2014-12-29,78105.8860648,0.000947836677176,0.00071541103681,14.4534359142,3.68739651907,0.000185181639828,4.72440005377e-05,28906.8718283,0.370363279657,0.278467164302,0.278467164302,0.556934328604,2.77555756156e-17,5.55111512313e-17,0.08,78105.8860648
2014-12-30,78129.3846882,0.000581742652037,0.000300855987049,20.7471251619,1.19177669084,0.000265628190233,1.52584747563e-05,41494.2503239,0.531256380466,0.30349094027,0.30349094027,0.60698188054,6.93889390391e-18,3.12250225676e-17,0.0768420622711,78129.3846882
2014-12-31,78027.8724355,-0.0010631167012,-0.00129928391387,17.1523354245,1.29926358475,0.000219537572104,1.66296405627e-05,34304.6708489,0.439075144209,0.33999929399,0.33999929399,0.679998587981,-1.2490009027e-16,-1.14491749414e-16,0.0781496155062,78027.8724355
2015-01-02,78089.7312448,0.00117836229298,0.000792778367657,27.178959471,2.90733386736,0.000348323728722,3.72601966017e-05,54357.918942,0.696647457445,0.308271870395,0.308271870395,0.616543740791,-2.08166817117e-16,-2.22044604925e-16,0.0684787609231,78089.7312448
2015-01-05,78095.786479,0.000293238229821,7.75420028754e-05,12.8864766925,3.9571837002,0.000165021398935,5.06748280102e-05,25772.953385,0.33004279787,0.301319003155,0.301319003155,0.602638006311,-8.32667268469e-17,-1.66533453694e-16,0.0716996787753,78095.786479
2015-01-06,78111.6987318,0.000457254632334,0.000203753026296,18.5079966379,1.28941065931,0.000236990975728,1.65106303099e-05,37015.9932757,0.473981951455,0.255881549057,0.255881549057,0.511763098115,8.32667268469e-17,2.77555756156e-17,0.0627337073508,78111.6987318
2015-01-07,78057.8509979,-0.000472884223419,-0.000689368363905,15.8147471141,1.09519684773,0.000202463233688,1.40209067977e-05,31629.4942282,0.404926467376,0.228935355163,0.228935355163,0.457870710326,3.60822483003e-16,2.94902990916e-16,0.0653024687531,78057.8509979
2015-01-08,78075.7950226,0.000369809845892,0.000229881100615,9.94334800715,0.979189141997,0.000127384342254,1.25444030226e-05,19886.6960143,0.254768684509,0.238582493783,0.238582493783,0.477164987566,7.49400541622e-16,6.80011602583e-16,0.0759440754112,78075.7950226
2015-01-09,77967.3802325,-0.00123496474074,-0.0013885838761,10.9732502131,1.02068591126,0.000140546122007,1.3073013358e-05,21946.5004261,0.281092244014,0.252434343257,0.252434343257,0.504868686515,4.02455846427e-16,3.95516952523e-16,0.0556333824689,77967.3802325
2015-01-12,77934.5118929,-0.000269349000654,-0.000421565269311,8.63256488647,3.2353388095,0.000110720212231,4.14960564259e-05,17265.1297729,0.221440424463,0.288928524848,0.288928524848,0.577857049696,3.60822483003e-16,3.92047505571e-16,0.0639461328981,77934.5118929
2015-01-13,77931.0863957,0.000101350885993,-4.39535330148e-05,10.0903931599,1.23383581129,0.000129472719016,1.58316999917e-05,20180.7863199,0.258945438032,0.388233534349,0.388233534349,0.776467068698,1.11022302463e-16,1.63064006742e-16,0.0768519960596,77931.0863957
2015-01-14,77569.2534759,-0.00436606504711,-0.00464298570164,19.9228939675,1.65783348532,0.000255647584154,2.12730703753e-05,39845.7879351,0.511295168307,0.392130697228,0.392130697228,0.784261394456,2.01227923213e-16,2.01227923213e-16,0.08,77569.2534759
2015-01-15,77222.6209595,-0.00422057267807,-0.0044686844444,17.5791439197,1.66670057255,0.000226625152776,2.14866135467e-05,35158.2878394,0.453250305552,0.361583762201,0.361583762201,0.723167524403,2.22044604925e-16,2.98372437868e-16,0.08,77222.6209595
2015-01-16,77082.0525038,-0.00161136556162,-0.00182030153792,14.6045866718,1.52999703088,0.000189123167413,1.98128088877e-05,29209.1733437,0.378246334827,0.277268328921,0.277268328921,0.554536657843,3.05311331772e-16,3.46944695195e-16,0.0666282075297,77082.0525038
2015-01-20,76935.7470202,-0.00167767334536,-0.00189804862296,12.3026144694,4.68436424933,0.000159604137017,6.07711405855e-05,24605.2289387,0.319208274034,0.267274490848,0.267274490848,0.534548981695,6.24500451352e-17,6.24500451352e-17,0.07195940216,76935.7470202
2015-01-21,76864.7060748,-0.000783452486401,-0.000923380198924,9.63870541444,1.12673767741,0.000125282534943,1.46451775807e-05,19277.4108289,0.250565069886,0.324592029992,0.324592029992,0.649184059985,1.11022302463e-16,1.52655665886e-16,0.0672488114304,76864.7060748
2015-01-22,77064.2407533,0.00271802734308,0.00259592065917,8.01858910958,1.36710525916,0.000104320819256,1.77858646571e-05,16037.1782192,0.208641638512,0.328470599752,0.328470599752,0.656941199505,0,0,0.08,77064.2407533
2015-01-23,76854.767025,-0.00247837943895,-0.00271817027224,17.0922663219,1.38703218519,0.000221792444262,1.79983890275e-05,34184.5326437,0.443584888524,0.224226404236,0.224226404236,0.448452808471,-5.20417042793e-17,-5.55111512313e-17,0.08,76854.767025
2015-01-26,76922.2120958,0.00106826677912,0.000877565223596,11.8235233924,2.83280022877,0.000153842420582,3.68591349428e-05,23647.0467847,0.307684841163,0.232234210283,0.232234210283,0.464468420567,-7.97972798949e-17,-2.77555756156e-17,0.0529890221908,76922.2120958
2015-01-27,76971.0241404,0.000771564810188,0.000634563713857,9.55957976309,0.978847626264,0.000124275934124,1.27251622073e-05,19119.1595262,0.248551868248,0.240289860865,0.240289860865,0.480579721729,-1.38777878078e-16,-6.93889390391e-17,0.0674248220786,76971.0241404
2015-01-28,76729.9877202,-0.00292133116234,-0.00313152154217,15.1651245982,1.01344420171,0.000197023812111,1.31665677186e-05,30330.2491965,0.394047624222,0.213690584823,0.213690584823,0.427381169645,-1.66533453694e-16,-1.63064006742e-16,0.08,76729.9877202
2015-01-29,76777.0050157,0.000740515735167,0.000612762974875,8.9040306901,0.898437038321,0.000116043687151,1.1709073141e-05,17808.0613802,0.232087374302,0.243375231301,0.243375231301,0.486750462602,4.16333634234e-17,5.55111512313e-17,0.077600871302,76777.0050157
2015-01-30,76631.682318,-0.00173061729416,-0.00189278935387,11.4272153784,1.02386966325,0.000148836430596,1.33356291124e-05,22854.4307568,0.297672861192,0.287351037709,0.287351037709,0.574702075418,2.98372437868e-16,3.46944695195e-16,0.0767083633302,76631.682318
2015-02-02,76771.05434,0.00200990219254,0.00181872585583,11.0304064769,3.61975782501,0.000143940549695,4.72357870207e-05,22060.8129538,0.28788109939,0.24903185026,0.24903185026,0.498063700519,2.49800180541e-16,3.33066907388e-16,0.08,76771.05434
2015-02-03,76525.0747444,-0.00311653941142,-0.00320406691987,5.67199347948,1.04758562787,7.38819276124e-05,1.36455808361e-05,11343.986959,0.147763855225,0.219463967054,0.219463967054,0.438927934107,1.31838984174e-16,1.80411241502e-16,0.08,76525.0747444
2015-02-04,76600.335928,0.00114623218146,0.000983483960686,11.5340733764,0.920246382601,0.000150722797919,1.20254228522e-05,23068.1467529,0.301445595838,0.205396011528,0.205396011528,0.410792023056,0,5.89805981832e-17,0.08,76600.335928
2015-02-05,76750.7499951,0.00208757344572,0.00196362150757,8.63265580117,0.862104300347,0.00011269736218,1.12545759741e-05,17265.3116023,0.22539472436,0.164726839504,0.164726839504,0.329453679008,6.93889390391e-18,2.08166817117e-17,0.08,76750.7499951
2015-02-06,76651.9050811,-0.00118229611513,-0.00128786903125,7.4100383833,0.692762108287,9.65467879307e-05,9.02612819199e-06,14820.0767666,0.193093575861,0.185974312914,0.185974312914,0.371948625827,2.42861286637e-17,2.08166817117e-17,0.0783766399284,76651.9050811
2015-02-09,76596.5609537,-0.000486692572258,-0.00072201894104,15.6948798998,2.34333458317,0.000204755248851,3.0571119931e-05,31389.7597995,0.409510497701,0.305726167754,0.305726167754,0.611452335508,-1.2490009027e-16,-1.52655665886e-16,0.0709636029496,76596.5609537
2015-02-10,76547.027135,-0.000539450122159,-0.000646684629961,6.93063982586,1.28315468732,9.04823890207e-05,1.6752118781e-05,13861.2796517,0.180964778041,0.26876987571,0.26876987571,0.537539751421,-1.73472347598e-16,-1.80411241502e-16,0.071277625541,76547.027135
2015-02-11,76525.6842119,-0.000109077838929,-0.000278821058868,11.866021878,1.12731698461,0.000155016103461,1.47271164773e-05,23732.043756,0.310032206923,0.196473759695,0.196473759695,0.392947519389,1.38777878078e-17,1.38777878078e-17,0.08,76525.6842119
2015-02-12,76280.0223027,-0.00307618343888,-0.0032101889941,9.43101535573,0.823851446044,0.000123239869762,1.07656854627e-05,18862.0307115,0.246479739524,0.228037013961,0.228037013961,0.456074027922,-1.52655665886e-16,-1.2490009027e-16,0.0749901521064,76280.0223027
2015-02-13,76473.2951194,0.00264346281016,0.00253372784764,7.41745286737,0.953132521139,9.72397836742e-05,1.24951788472e-05,14834.9057347,0.194479567348,0.233311947054,0.233311947054,0.466623894109,-1.66533453694e-16,-1.2490009027e-16,0.08,76473.2951194
2015-02-17,76495.3834307,0.000494413945278,0.000288836923265,11.8105476973,3.91060457687,0.000154440156905,5.11368651078e-05,23621.0953945,0.30888031381,0.290038261344,0.290038261344,0.580076522687,6.93889390391e-18,6.93889390391e-17,0.08,76495.3834307
2015-02-18,76375.8639333,-0.00140321558826,-0.00156244066011,10.9642794701,1.21570345266,0.000143332564377,1.58925074709e-05,21928.5589403,0.286665128754,0.316894743776,0.316894743776,0.633789487553,-8.32667268469e-17,-4.16333634234e-17,0.08,76375.8639333
2015-02-19,76203.0979991,-0.0020326524652,-0.00226204883737,16.1941483083,1.32619779901,0.000212032276617,1.73640955494e-05,32388.2966167,0.424064553233,0.304857450555,0.304857450555,0.609714901111,-1.73472347598e-16,-9.71445146547e-17,0.0520419718328,76203.0979991
2015-02-20,76167.8145109,-0.000173518108905,-0.000463019077474,20.7879346689,1.27293600989,0.000272796450731,1.67045178387e-05,41575.8693377,0.545592901462,0.298683191257,0.298683191257,0.597366382515,-1.7694179455e-16,-1.3357370765e-16,0.0718091345975,76167.8145109
2015-02-23,76098.0484916,-0.000648745713647,-0.000915951439304,16.612742574,3.73973357412,0.000218107118875,4.90986067821e-05,33225.4851479,0.43621423775,0.338691592103,0.338691592103,0.677383184206,-1.31838984174e-16,-1.35308431126e-16,0.08,76098.0484916
2015-02-24,76128.7164609,0.000609908434665,0.000403005988511,14.3326110545,1.412261326,0.000188344002752,1.85584434029e-05,28665.222109,0.376688005504,0.220371963777,0.220371963777,0.440743927555,-2.77555756156e-17,6.93889390391e-18,0.08,76128.7164609
2015-02-25,76380.685829,0.00349715823658,0.00330978085381,13.3455319867,0.919267657333,0.000175302206673,1.20751760974e-05,26691.0639735,0.350604413345,0.250568943881,0.250568943881,0.501137887761,0,0,0.08,76380.685829
2015-02-26,76281.3230788,-0.00107205444113,-0.00130088842704,16.4298048519,1.04869193321,0.00021510418077,1.37298051441e-05,32859.6097038,0.43020836154,0.312975470974,0.312975470974,0.625950941949,-1.11022302463e-16,-7.97972798949e-17,0.08,76281.3230788
2015-02-27,76293.962882,0.000397911368828,0.00016569984215,16.4052280773,1.3081744119,0.000215062185803,1.71493408753e-05,32810.4561546,0.430124371607,0.284805335982,0.284805335982,0.569610671965,-5.55111512313e-17,-5.55111512313e-17,0.0773276052091,76293.962882
2015-03-02,76103.2659753,-0.00231314675478,-0.00249950191982,10.645895513,3.57187853129,0.000139537849534,4.68173155039e-05,21291.7910259,0.279075699067,0.267124555457,0.267124555457,0.534249110913,1.38777878078e-16,9.71445146547e-17,0.0764855997551,76103.2659753
2015-03-03,76109.8648122,0.000233344768333,8.67089852072e-05,10.0455413969,1.11392060781,0.000131998821183,1.46369619428e-05,20091.0827938,0.263997642366,0.284687633837,0.284687633837,0.569375267673,6.93889390391e-17,2.77555756156e-17,0.0746906619647,76109.8648122
2015-03-04,76038.9566222,-0.000788260677525,-0.000931655708396,9.72651409514,1.18726231918,0.000127795708469,1.5599322402e-05,19453.0281903,0.255591416938,0.235311556048,0.235311556048,0.470623112097,8.32667268469e-17,6.93889390391e-17,0.0738621252067,76038.9566222
2015-03-05,76160.1529914,0.00176133805726,0.00159387206962,11.7535090954,0.980429874141,0.000154572203743,1.28937838931e-05,23507.0181908,0.309144407485,0.28110329544,0.28110329544,0.562206590879,6.93889390391e-17,9.71445146547e-17,0.08,76160.1529914
2015-03-06,76334.0431457,0.00254607630898,0.00228321697796,18.8463180997,1.17308876641,0.000247456410728,1.54029202981e-05,37692.6361994,0.494912821455,0.281629546676,0.281629546676,0.563259093352,3.46944695195e-17,-2.77555756156e-17,0.0732595788713,76334.0431457
2015-03-09,76187.5398533,-0.00165994830982,-0.0019192392598,16.2588215822,3.53390498089,0.000212995682034,4.62952679467e-05,32517.6431645,0.425991364068,0.300683532471,0.300683532471,0.601367064942,-1.80411241502e-16,-1.80411241502e-16,0.0715603296746,76187.5398533
2015-03-10,76235.0180669,0.000813919116572,0.00062317557107,13.2770300438,1.25525143087,0.000174267735503,1.64758099984e-05,26554.0600876,0.348535471007,0.318175307211,0.318175307211,0.636350614423,0,-6.93889390391e-18,0.07746520839,76235.0180669
2015-03-11,76068.7256782,-0.00197180760202,-0.00218131237999,14.6424991472,1.32910138596,0.000192070514554,1.74342634088e-05,29284.9982943,0.384141029108,0.300922663471,0.300922663471,0.601845326943,1.38777878078e-17,0,0.0655549586997,76068.7256782
2015-03-12,76352.235145,0.00398891434522,0.00372701743339,18.6678737375,1.25429060482,0.000245407998767,1.64889130669e-05,37335.7474749,0.490815997534,0.415567742032,0.415567742032,0.831135484064,-4.4408920985e-16,-5.27355936697e-16,0.08,76352.235145
2015-03-13,76294.6374008,-0.000369643747318,-0.000754368802778,27.6360137386,1.7386041621,0.000361954220281,2.27708351798e-05,55272.0274772,0.723908440562,0.270355343701,0.270355343701,0.540710687401,1.38777878078e-17,5.55111512313e-17,0.08,76294.6374008
2015-03-16,76270.3676456,-6.10172797979e-05,-0.000318105648784,16.2237795766,3.39068431512,0.000212646394679,4.4441974307e-05,32447.5591533,0.425292789359,0.346816475654,0.346816475654,0.693632951309,-6.93889390391e-16,-7.91033905045e-16,0.0684685384917,76270.3676456
2015-03-17,76225.4850848,-0.000417497923757,-0.000588466559829,11.5904259288,1.4494148002,0.00015196499357,1.90036425016e-05,23180.8518577,0.30392998714,0.36573454769,0.36573454769,0.73146909538,-4.71844785466e-16,-5.34294830601e-16,0.08,76225.4850848
2015-03-18,76335.2590224,0.00165060106362,0.00144012120705,14.5163514515,1.52757771561,0.000190439607375,2.00402491885e-05,29032.702903,0.380879214749,0.264197646816,0.264197646816,0.528395293631,-1.38777878078e-16,-1.66533453694e-16,0.08,76335.2590224
2015-03-19,76278.7075639,-0.000513321058777,-0.000740830110917,16.2618886825,1.10507374262,0.000213032468753,1.44765833872e-05,32523.7773649,0.426064937507,0.331419847246,0.331419847246,0.662839694493,-6.93889390391e-18,0,0.0796038214013,76278.7075639
2015-03-20,76520.6797112,0.0035185793425,0.00317221089598,25.0353167504,1.3852206909,0.000328208454887,1.81599916299e-05,50070.6335007,0.656416909775,0.391025567478,0.391025567478,0.782051134956,1.38777878078e-17,-6.93889390391e-18,0.08,76520.6797112
2015-03-23,76483.4578388,-0.000156435684799,-0.000486428931193,20.3326978362,4.91860967801,0.000265715070919,6.42781754758e-05,40665.3956724,0.531430141837,0.333313429339,0.333313429339,0.666626858678,1.11022302463e-16,1.14491749414e-16,0.072005492969,76483.4578388
2015-03-24,76481.9967495,0.000240691084879,-1.91033364465e-05,18.4731009513,1.3968747189,0.000241530671773,1.82637495528e-05,36946.2019026,0.483061343546,0.328966507957,0.328966507957,0.657933015914,5.27355936697e-16,5.34294830601e-16,0.0654102383846,76481.9967495
2015-03-25,76404.4306435,-0.000789858575727,-0.00101417469911,15.777514039,1.3786309804,0.000206290561303,1.80255620798e-05,31555.028078,0.412581122605,0.389035859747,0.389035859747,0.778071719494,2.49800180541e-16,3.05311331772e-16,0.08,76404.4306435
2015-03-26,76440.1827986,0.000725935009689,0.000467933008867,18.0837801769,1.62871580076,0.00023668496741,2.13170334108e-05,36167.5603537,0.473369934821,0.303740313043,0.303740313043,0.607480626086,4.85722573274e-16,4.4408920985e-16,0.0739397351893,76440.1827986
2015-03-27,76342.5217609,-0.000982645286924,-0.00127761386971,21.275235125,1.27221726314,0.000278325277963,1.66433048243e-05,42550.4702499,0.556650555926,0.348089467708,0.348089467708,0.696178935417,-6.66133814775e-16,-6.66133814775e-16,0.0758727975337,76342.5217609
2015-03-30,76388.8086541,0.000931848109193,0.000606305532003,20.4844079523,4.36833333095,0.000268322390718,5.72201864726e-05,40968.8159046,0.536644781436,0.348687769112,0.348687769112,0.697375538224,1.87350135405e-16,2.08166817117e-16,0.0714903888679,76388.8086541
2015-03-31,76473.6574083,0.00135156394866,0.00111074849315,16.9361074906,1.45949826163,0.000221709276385,1.91061791294e-05,33872.2149812,0.443418552769,0.298754194976,0.298754194976,0.597508389952,5.20417042793e-17,5.55111512313e-17,0.0718285229197,76473.6574083
2015-04-01,76288.5934803,-0.002159258351,-0.0024199696243,18.6856637226,1.25188087429,0.000244341180425,1.63700928754e-05,37371.3274452,0.488682360851,0.325921232233,0.325921232233,0.651842464467,1.2490009027e-16,7.1123662515e-17,0.08,76288.5934803
2015-04-02,76239.5682521,-0.000385568099513,-0.000642628549356,18.2483652323,1.36241492561,0.000239201752186,1.78586976566e-05,36496.7304646,0.478403504373,0.237443447851,0.237443447851,0.474886895701,-2.42861286637e-16,-2.70616862252e-16,0.08,76239.5682521
2015-04-06,76269.5433742,0.000619829596741,0.000393170144936,13.312728675,3.96769007089,0.000174617052276,5.20423995289e-05,26625.45735,0.349234104552,0.313687163976,0.313687163976,0.627374327953,-1.31838984174e-16,-1.17961196366e-16,0.0600519386947,76269.5433742
2015-04-07,76320.6887523,0.000939736617136,0.000670587180812,19.2169579362,1.31094667172,0.000251961098573,1.71883377521e-05,38433.9158724,0.503922197145,0.304796466531,0.304796466531,0.609592933062,-2.08166817117e-16,-1.78676518026e-16,0.08,76320.6887523
2015-04-08,76395.1534494,0.00115872478466,0.000975681670519,12.6953312687,1.27464527424,0.000166341937897,1.67011762483e-05,25390.6625374,0.332683875794,0.313606814152,0.313606814152,0.627213628305,-3.40005801291e-16,-3.53883589099e-16,0.0697600661832,76395.1534494
2015-04-09,76288.0142609,-0.00120971413239,-0.00140243436484,13.4101223779,1.31276935287,0.000175536297427,1.71839350221e-05,26820.2447557,0.351072594854,0.300380944281,0.300380944281,0.600761888561,-1.73472347598e-16,-1.94289029309e-16,0.08,76288.0142609
2015-04-10,76350.5431796,0.00112060100305,0.000819642762016,21.7038646245,1.2556419595,0.000284499011211,1.64592298236e-05,43407.729249,0.568998022423,0.383399115216,0.383399115216,0.766798230432,-1.94289029309e-16,-2.01227923213e-16,0.08,76350.5431796
2015-04-13,76414.74835,0.00118597902424,0.00084092617764,21.533016532,4.81195573173,0.000282028334512,6.30245120903e-05,43066.033064,0.564056669023,0.335240856637,0.335240856637,0.670481713274,-3.88578058619e-16,-3.67761376907e-16,0.08,76414.74835
2015-04-14,76381.5048353,-0.00012465116225,-0.000435040557524,22.3146373552,1.40369017515,0.000292020033266,1.83693620075e-05,44629.2747104,0.584040066533,0.333497698634,0.333497698634,0.666995397268,-2.22044604925e-16,-2.35922392733e-16,0.0617026109824,76381.5048353
2015-04-15,76395.2041251,0.000394437757125,0.000179353494083,15.0326757827,1.39578389484,0.000196810416542,1.82738465005e-05,30065.3515654,0.393620833083,0.342434068247,0.342434068247,0.684868136495,-2.77555756156e-17,2.08166817117e-17,0.0732035943037,76395.2041251
2015-04-16,76276.8156243,-0.00124927012195,-0.00154968498556,21.516812606,1.43344222154,0.00028165135302,1.87635105889e-05,43033.6252121,0.563302706039,0.304656987253,0.304656987253,0.609313974507,-3.05311331772e-16,-3.33066907388e-16,0.08,76276.8156243
2015-04-17,76197.7323066,-0.000807464640457,-0.00103679364416,16.2191565521,1.27332958057,0.000212635470154,1.66935335481e-05,32438.3131042,0.425270940308,0.377486808361,0.377486808361,0.754973616723,-4.4408920985e-16,-4.92661467177e-16,0.08,76197.7323066
2015-04-20,76286.6171215,0.00141065566792,0.00116650210098,13.875678748,4.72826938731,0.000182100940906,6.2052626032e-05,27751.3574959,0.364201881812,0.427521803914,0.427521803914,0.855043607827,-2.49800180541e-16,-2.35922392733e-16,0.0797938169711,76286.6171215
2015-04-21,76294.7387587,0.00042644409503,0.000106462149677,22.6232611281,1.78707902281,0.000296556093084,2.34258522692e-05,45246.5222562,0.593112186167,0.337316567394,0.337316567394,0.674633134787,-9.02056207508e-17,-1.1622647289e-16,0.08,76294.7387587
2015-04-22,76263.2807195,-4.97773941643e-05,-0.00041232252357,26.2501226821,1.41016325415,0.000344062029822,1.84830995832e-05,52500.2453641,0.688124059644,0.416414462553,0.416414462553,0.832828925105,-4.16333634234e-17,-2.77555756156e-17,0.08,76263.2807195
2015-04-23,76147.1787843,-0.00115764761535,-0.00152238317138,26.0758132184,1.74011687963,0.000341918325207,2.28172308248e-05,52151.6264369,0.683836650415,0.357518498688,0.357518498688,0.715036997376,2.98372437868e-16,3.33066907388e-16,0.073661424016,76147.1787843
2015-04-24,75725.1468784,-0.00521971365538,-0.00554231834506,23.0737095825,1.49172739936,0.000303014634959,1.95900547226e-05,46147.419165,0.606029269918,0.249886672831,0.249886672831,0.499773345662,2.77555756156e-16,3.3653635434e-16,0.0756906142712,75725.1468784
2015-04-27,75539.2098266,-0.00221304901487,-0.002455420154,15.2430084651,3.11058164434,0.00020129387784,4.10772612873e-05,30486.0169303,0.402587755679,0.240230552563,0.240230552563,0.480461105125,8.32667268469e-17,1.11022302463e-16,0.0670633352165,75539.2098266
2015-04-28,75444.6635753,-0.00108708795852,-0.00125161821925,11.4341392511,0.994346636536,0.000151366942774,1.31633179486e-05,22868.2785021,0.302733885549,0.243934679579,0.243934679579,0.487869359158,1.52655665886e-16,1.90819582357e-16,0.0680699113605,75444.6635753
2015-04-29,75398.131889,-0.000479371122597,-0.000616765774291,9.35727848861,1.00841478549,0.000124028367881,1.33662838125e-05,18714.5569772,0.248056735763,0.238929104015,0.238929104015,0.477858208029,1.38777878078e-17,4.16333634234e-17,0.0698527829878,75398.131889
2015-04-30,75448.9841291,0.000801693400143,0.000674449602851,8.60683183787,0.987112772417,0.000114151791593,1.30920056994e-05,17213.6636757,0.228303583185,0.28066901274,0.28066901274,0.56133802548,-4.85722573274e-17,-3.81639164715e-17,0.0719737672237,75448.9841291
2015-05-01,75562.0311914,0.00168827746257,0.00149832451139,13.1714179173,1.16033928152,0.000174573827194,1.53791239858e-05,26342.8358346,0.349147654388,0.250036343622,0.250036343622,0.500072687244,-2.77555756156e-17,-3.12250225676e-17,0.08,75562.0311914
2015-05-04,75564.9721503,0.000321347627316,3.8921120618e-05,18.2349801255,3.10574038286,0.000241324641992,4.1101864705e-05,36469.960251,0.482649283985,0.33725506676,0.33725506676,0.67451013352,6.93889390391e-18,0,0.0648352599255,75564.9721503
2015-05-05,75426.1260004,-0.001630550427,-0.00183744062866,14.2372320674,1.39642025903,0.000188410471973,1.84797296855e-05,28474.4641349,0.376820943945,0.278124731893,0.278124731893,0.556249463786,0,-5.55111512313e-17,0.0669161611631,75426.1260004
2015-05-06,75463.5109547,0.00063002895087,0.000495649933233,8.98621632856,1.14947238748,0.0001191393063,1.52397113366e-05,17972.4326571,0.238278612599,0.275243806409,0.275243806409,0.550487612818,5.55111512313e-17,2.77555756156e-17,0.08,75463.5109547
2015-05-07,75545.8656433,0.00129692691906,0.00109131800947,14.377840667,1.13812953426,0.000190527057184,1.5081852406e-05,28755.6813339,0.381054114368,0.321427493866,0.321427493866,0.642854987731,2.22044604925e-16,2.08166817117e-16,0.08,75545.8656433
2015-05-08,75554.2800536,0.000382049581496,0.000111381479764,19.1173071013,1.33054894606,0.000253055636315,1.76124654173e-05,38234.6142027,0.506111272631,0.245013086066,0.245013086066,0.490026172131,-1.80411241502e-16,-1.94289029309e-16,0.0666373737315,75554.2800536
2015-05-11,75464.8076517,-0.000897398545734,-0.00118421354481,18.6270672313,3.04303353228,0.000246538875337,4.02761237368e-05,37254.1344625,0.493077750673,0.315072310273,0.315072310273,0.630144620547,-2.22044604925e-16,-2.63677968348e-16,0.08,75464.8076517
2015-05-12,75469.4215774,0.000355185591097,6.11400974007e-05,20.8872443601,1.30284226253,0.000276781257517,1.72642361794e-05,41774.4887203,0.553562515034,0.441325807211,0.441325807211,0.882651614422,0,-2.77555756156e-17,0.08,75469.4215774
2015-05-13,75491.4913559,0.000583716010174,0.000292433385406,20.1579118425,1.82501936424,0.000267100388756,2.41822360116e-05,40315.8236851,0.534200777512,0.259862897438,0.259862897438,0.519725794875,-9.02056207508e-17,-9.71445146547e-17,0.08,75491.4913559
2015-05-14,75577.4705291,0.00134358516371,0.00113892535006,14.375146461,1.07492809181,0.000190420750773,1.42390628733e-05,28750.292922,0.380841501547,0.271090536938,0.271090536938,0.542181073876,0,0,0.0774560509485,75577.4705291
2015-05-15,75631.068679,0.000908120489993,0.000709181579752,13.9126510195,1.12264860636,0.000184084634245,1.48542759966e-05,27825.302039,0.36816926849,0.256774956842,0.256774956842,0.513549913684,-1.38777878078e-16,-1.11022302463e-16,0.0709051978826,75631.068679
2015-05-18,75571.5515362,-0.00057559989739,-0.000786940392819,12.7915517333,3.19235579112,0.000169130913482,4.22095819466e-05,25583.1034666,0.338261826964,0.319051824402,0.319051824402,0.638103648803,-1.94289029309e-16,-2.22044604925e-16,0.070574636177,75571.5515362
2015-05-19,75689.5798368,0.00178987980593,0.00156180862077,15.9145294114,1.32116391181,0.000210588893411,1.7482291748e-05,31829.0588227,0.421177786822,0.292970890088,0.292970890088,0.585941780175,-2.49800180541e-16,-2.46330733589e-16,0.0774895043742,75689.5798368
2015-05-20,75732.2071469,0.000888581104913,0.00056318597806,23.4139605105,1.21505992193,0.000309341927395,1.60531994569e-05,46827.9210209,0.618683854791,0.353939539757,0.353939539757,0.707879079514,-5.55111512313e-17,6.93889390391e-18,0.08,75732.2071469
2015-05-21,75903.1549208,0.00243771166461,0.00225726649705,12.1967643675,1.46874644068,0.000161051220175,1.93939473839e-05,24393.5287351,0.32210244035,0.287847567582,0.287847567582,0.575695135164,-2.77555756156e-17,-2.42861286637e-17,0.08,75903.1549208
2015-05-22,75887.4408669,-1.60012519198e-05,-0.000207027678538,13.302328261,1.19718019264,0.000175253957162,1.57724694566e-05,26604.6565219,0.350507914325,0.270204373732,0.270204373732,0.540408747465,-4.16333634234e-17,-2.08166817117e-17,0.0759574664501,75887.4408669
2015-05-26,75832.856479,-0.000466891106118,-0.000719280914896,14.6589441557,4.49427253339,0.000193166932344,5.92228764345e-05,29317.8883113,0.386333864687,0.332841182492,0.332841182492,0.665682364984,-2.49800180541e-16,-2.08166817117e-16,0.0713827013832,75832.856479
2015-05-27,75679.7951553,-0.00184291632647,-0.00201840377388,11.9246844064,1.3830300067,0.000157249574394,1.82378730133e-05,23849.3688128,0.314499148788,0.213916749107,0.213916749107,0.427833498214,-6.93889390391e-17,-3.98986399475e-17,0.0713821656091,75679.7951553
2015-05-28,75669.5217882,7.49744374541e-05,-0.000135747818247,15.0603390227,0.887078123436,0.000199000789996,1.17214657045e-05,30120.6780453,0.398001579993,0.268719903625,0.268719903625,0.53743980725,-1.31838984174e-16,-9.71445146547e-17,0.0642400222725,75669.5217882
2015-05-29,75687.291005,0.000367593957536,0.000234826603792,8.93225550376,1.11418666314,0.000118042975463,1.47243782808e-05,17864.5110075,0.236085950926,0.298524643096,0.298524643096,0.597049286192,0,1.38777878078e-17,0.08,75687.291005
2015-06-01,75614.1015984,-0.000737584444969,-0.000966997307131,13.6494701353,3.71416792343,0.000180340318091,4.90725440706e-05,27298.9402707,0.360680636183,0.309479700039,0.309479700039,0.618959400077,-1.38777878078e-17,-2.77555756156e-17,0.08,75614.1015984
2015-06-02,75679.3848932,0.0010333206592,0.000863374601207,11.5680703044,1.28224819076,0.000152988266208,1.69577917829e-05,23136.1406088,0.305976532415,0.364622218255,0.364622218255,0.729244436509,0,-2.77555756156e-17,0.0743025256683,75679.3848932
2015-06-03,75563.0902121,-0.00125788631995,-0.00153667582422,19.5865970909,1.51202110663,0.000258810204635,1.99792996304e-05,39173.1941817,0.51762040927,0.37761835106,0.37761835106,0.755236702119,0,-4.16333634234e-17,0.08,75563.0902121
2015-06-04,75595.0418832,0.000645391650095,0.000422847597364,15.2526089613,1.56350737133,0.000201852636234,2.06914164964e-05,30505.2179225,0.403705272467,0.293659169941,0.293659169941,0.587318339882,5.55111512313e-17,2.08166817117e-17,0.08,75595.0418832
2015-06-05,75368.0901543,-0.00273859756802,-0.00300220389152,18.710937792,1.21639327403,0.000247515410084,1.60909134214e-05,37421.8755841,0.495030820168,0.433568292175,0.433568292175,0.867136584349,-1.2490009027e-16,-1.70002900646e-16,0.08,75368.0901543
2015-06-08,75418.862471,0.000936526020459,0.000673657997765,14.4402639894,5.37159684373,0.000191596522611,7.12715000835e-05,28880.5279788,0.383193045222,0.283962941005,0.283962941005,0.56792588201,-5.82867087928e-16,-6.00214322688e-16,0.0593992195685,75418.862471
2015-06-09,75312.0141546,-0.00128642592861,-0.00141673200663,8.65404784869,1.17348832847,0.000114746464812,1.55596132058e-05,17308.0956974,0.229492929624,0.242984963445,0.242984963445,0.48596992689,-3.88578058619e-16,-4.51028103754e-16,0.0619653674351,75312.0141546
2015-06-10,75293.4243248,-0.000139820622361,-0.000246837507049,7.05693455868,1.00272257569,9.37026401152e-05,1.33142445723e-05,14113.8691174,0.18740528023,0.235188470709,0.235188470709,0.470376941418,-2.77555756156e-16,-3.38271077815e-16,0.0559445811169,75293.4243248
2015-06-11,75264.1267388,-0.000285248327599,-0.000389112147213,6.84995330948,0.97030933268,9.09767801227e-05,1.28870394909e-05,13699.906619,0.181953560245,0.268459364288,0.268459364288,0.536918728576,-1.94289029309e-16,-2.15105711021e-16,0.0674166397816,75264.1267388
2015-06-12,75161.7701179,-0.00122184730825,-0.00135996556869,9.28820726648,1.10714299277,0.000123408158295,1.47101021528e-05,18576.414533,0.246816316589,0.300287820444,0.300287820444,0.600575640888,0,-4.33680868994e-17,0.0643195014924,75161.7701179
2015-06-15,75034.2372445,-0.00145505681165,-0.00169677847163,14.4580638733,3.71016396648,0.000192359278535,4.93623814428e-05,28916.1277465,0.384718557069,0.372076532576,0.372076532576,0.744153065151,-2.49800180541e-16,-3.33066907388e-16,0.0757168120391,75034.2372445
2015-06-16,74955.2225318,-0.000806163437783,-0.00105304878874,16.9950743345,1.52977966128,0.000226497595746,2.03877552096e-05,33990.1486691,0.452995191493,0.384498377454,0.384498377454,0.768996754907,0,-1.38777878078e-17,0.066951779736,74955.2225318
2015-06-17,74988.4376618,0.00071729568444,0.000443132965336,18.9707406919,1.5791869285,0.00025309431486,2.1068404244e-05,37941.4813838,0.506188629721,0.402234510588,0.402234510588,0.804469021176,-8.32667268469e-17,-1.38777878078e-16,0.0760493027341,74988.4376618
2015-06-18,75210.8835726,0.00321012628753,0.00296640279069,16.6236805492,1.65276369987,0.000221683249679,2.20402471555e-05,33247.3610985,0.443366499358,0.281498789421,0.281498789421,0.562997578843,-4.85722573274e-17,-7.6327832943e-17,0.0764417137562,75210.8835726
2015-06-19,75222.7714964,0.000451503480899,0.000158061217071,20.909954807,1.16009713299,0.000278017672627,1.54245912012e-05,41819.9096141,0.556035345253,0.343531348865,0.343531348865,0.68706269773,-1.52655665886e-16,-1.80411241502e-16,0.08,75222.7714964
2015-06-22,75132.5529687,-0.00096662879415,-0.00119935128471,13.258132621,4.24789810809,0.000176251583893,5.64709066628e-05,26516.2652421,0.352503167785,0.254033901015,0.254033901015,0.50806780203,-5.20417042793e-17,-8.32667268469e-17,0.08,75132.5529687
2015-06-23,75170.4205809,0.000669547288342,0.000504010719853,11.3913649715,1.04582002871,0.00015161690268,1.3919665809e-05,22782.7299431,0.303233805359,0.228289330491,0.228289330491,0.456578660981,-1.38777878078e-17,-2.08166817117e-17,0.0748816525862,75170.4205809
2015-06-24,75132.8392091,-0.00038462682772,-0.000499948935745,7.72850423996,0.940307122581,0.000102813103615,1.25090044104e-05,15457.0084799,0.20562620723,0.185761143405,0.185761143405,0.37152228681,-1.38777878078e-17,-4.16333634234e-17,0.0766250547396,75132.8392091
2015-06-25,75144.0343496,0.000212481442847,0.000149004624713,4.00443948163,0.764754088699,5.32981253441e-05,1.01786927893e-05,8008.87896325,0.106596250688,0.155889828889,0.155889828889,0.311779657778,2.77555756156e-17,1.38777878078e-17,0.0780200691647,75144.0343496
2015-06-26,75102.3441098,-0.000328624706284,-0.000554804385869,16.3541801513,0.641873460646,0.000217637771153,8.54190843228e-06,32708.3603025,0.435275542305,0.277684426148,0.277684426148,0.555368852295,-2.77555756156e-16,-3.05311331772e-16,0.0764685515307,75102.3441098
2015-06-29,75156.1947455,0.00105029470296,0.000717030025624,21.600780177,3.42817830024,0.000287617922357,4.56467549832e-05,43201.560354,0.575235844715,0.450152708011,0.450152708011,0.900305416022,-2.77555756156e-16,-2.63677968348e-16,0.08,75156.1947455
2015-06-30,75037.0540157,-0.00111970277548,-0.00158524164525,33.1343346383,1.85379531992,0.000440872967964,2.46659018088e-05,66268.6692767,0.881745935928,0.294278885612,0.294278885612,0.588557771225,-2.08166817117e-17,-2.08166817117e-17,0.0720962401515,75037.0540157
2015-07-01,75114.5099052,0.00119086802416,0.00103223521398,10.6933759722,1.20996277454,0.000142507939744,1.61248704445e-05,21386.7519444,0.285015879488,0.264846636865,0.264846636865,0.52969327373,-2.63677968348e-16,-1.94289029309e-16,0.08,75114.5099052
2015-07-02,75055.4256173,-0.000540428101101,-0.000786589541034,17.4002232975,1.09007262072,0.000231649295448,1.45121444857e-05,34800.4465949,0.463298590896,0.252194165931,0.252194165931,0.504388331861,-3.33066907388e-16,-2.91433543964e-16,0.0762176531402,75055.4256173
2015-07-06,74853.0450071,-0.00233750419045,-0.00269641546242,22.789517079,4.14872119718,0.000303635838336,5.52754336286e-05,45579.034158,0.607271676672,0.428668828814,0.428668828814,0.857337657628,-9.71445146547e-17,-8.32667268469e-17,0.08,74853.0450071
2015-07-07,74898.4720443,0.000911945109055,0.000606882955193,21.076630194,1.75820093898,0.000281573450913,2.34887029487e-05,42153.260388,0.563146901826,0.327118763978,0.327118763978,0.654237527956,0,1.38777878078e-17,0.0751674081776,74898.4720443
2015-07-08,74796.1734315,-0.00103888653218,-0.00136583043708,23.1450950533,1.34250386844,0.000309019589072,1.79243158344e-05,46290.1901065,0.618039178144,0.257007192706,0.257007192706,0.514014385413,3.22658566532e-16,3.46944695195e-16,0.08,74796.1734315
2015-07-09,74949.3772962,0.00230269880484,0.00204828479416,17.9758709286,1.05332353747,0.000240331424776,1.40825859017e-05,35951.7418572,0.480662849552,0.372990714519,0.372990714519,0.745981429039,1.08246744901e-15,1.12410081243e-15,0.08,74949.3772962
2015-07-10,74899.5237296,-0.000353276375533,-0.000665163185344,21.8439182485,1.53180393373,0.000291448962441,2.04378473709e-05,43687.8364971,0.582897924881,0.316392991073,0.316392991073,0.632785982145,1.11022302463e-15,9.99200722163e-16,0.08,74899.5237296
2015-07-13,74860.6266409,-0.000249971566822,-0.000519323579837,16.2788277354,3.89550975497,0.000217342206263,5.20098067517e-05,32557.6554709,0.434684412526,0.348448140655,0.348448140655,0.696896281309,-2.63677968348e-16,-3.1918911958e-16,0.0673089627739,74860.6266409
2015-07-14,74896.1942284,0.000662183432303,0.000475117416342,12.5745615802,1.42931759788,0.000167972967158,1.9093048803e-05,25149.1231603,0.335945934316,0.320524187865,0.320524187865,0.64104837573,1.70002900646e-16,1.66533453694e-16,0.08,74896.1942284
2015-07-15,74941.8264735,0.000864005440044,0.000609273216191,17.7630745617,1.31539955229,0.000237169254655,1.75629691981e-05,35526.1491233,0.47433850931,0.248477350673,0.248477350673,0.496954701346,0,-4.16333634234e-17,0.0725332758237,74941.8264735
2015-07-16,74952.9285335,0.000373238265965,0.000148142372081,15.8487496661,1.02034775325,0.000211480696587,1.36151972972e-05,31697.4993322,0.422961393173,0.368872286369,0.368872286369,0.737744572738,-3.88578058619e-16,-3.95516952523e-16,0.0701837854613,74952.9285335
2015-07-17,74861.91737,-0.000981979540018,-0.00121424426249,15.8939590558,1.51496208867,0.0002120525424,2.0212180075e-05,31787.9181116,0.424105084799,0.314972464627,0.314972464627,0.629944929254,8.32667268469e-17,1.11022302463e-16,0.0700525607183,74861.91737
2015-07-20,74666.5760678,-0.00241076559039,-0.00260935478383,10.9906950304,3.87607275958,0.000146812897886,5.17762955551e-05,21981.3900607,0.293625795771,0.270345875451,0.270345875451,0.540691750901,-1.38777878078e-16,-7.6327832943e-17,0.0742768725018,74666.5760678
2015-07-21,74754.9574624,0.00130757729061,0.00118368082866,8.14485331955,1.10607128076,0.000109082989317,1.48134726274e-05,16289.7066391,0.218165978634,0.3048134656,0.3048134656,0.609626931201,-2.77555756156e-16,-2.63677968348e-16,0.0713812018788,74754.9574624
2015-07-22,74699.8449007,-0.000507344679867,-0.000737242901905,15.9374664582,1.24856535096,0.000213196114334,1.67021077041e-05,31874.9329163,0.426392228667,0.326776692053,0.326776692053,0.653553384105,-2.77555756156e-17,4.16333634234e-17,0.0789526444447,74699.8449007
2015-07-23,74592.8487128,-0.00122669890142,-0.00143234819375,14.0244267772,1.33754346375,0.000187743720162,1.79055721673e-05,28048.8535543,0.375487440324,0.357205703566,0.357205703566,0.714411407132,2.77555756156e-16,2.77555756156e-16,0.0786545794542,74592.8487128
2015-07-24,74440.7549808,-0.00190541911562,-0.00203898543298,8.50309259668,1.45999950715,0.000113993402094,1.95729152639e-05,17006.1851934,0.227986804189,0.363631666084,0.363631666084,0.727263332168,2.22044604925e-16,1.94289029309e-16,0.0794328909244,74440.7549808
2015-07-27,74393.6099224,-0.000422263031052,-0.000633323217697,11.2617784197,4.44970122053,0.000151285118247,5.97750683973e-05,22523.5568393,0.302570236494,0.312281749037,0.312281749037,0.624563498074,1.66533453694e-16,1.94289029309e-16,0.0722279456347,74393.6099224
2015-07-28,74766.2173244,0.00513750826119,0.00500859418499,8.31740998504,1.27297351363,0.00011180274749,1.71113287144e-05,16634.8199701,0.223605494981,0.26966835303,0.26966835303,0.539336706059,1.66533453694e-16,1.38777878078e-16,0.0745314112185,74766.2173244
2015-07-29,74699.9828794,-0.000561272700753,-0.000885887334906,23.1654366296,1.10477165414,0.000309838286041,1.47763481112e-05,46330.8732592,0.619676572083,0.302901530873,0.302901530873,0.605803061746,3.1918911958e-16,2.49800180541e-16,0.08,74699.9828794
2015-07-30,74594.2345845,-0.00117104853924,-0.00141564014851,17.0311677004,1.2398213244,0.000227994265111,1.65973441574e-05,34062.3354008,0.455988530222,0.334757698994,0.334757698994,0.669515397988,1.66533453694e-16,1.66533453694e-16,0.08,74594.2345845
2015-07-31,74466.8181141,-0.00154023860365,-0.00170812759381,11.1552770544,1.36827366179,0.000149546102544,1.83428876161e-05,22310.5541087,0.299092205088,0.383719321805,0.383719321805,0.767438643609,1.66533453694e-16,8.32667268469e-17,0.08,74466.8181141
2015-08-03,74422.4719528,-0.000286362820115,-0.000595515727022,18.324478722,4.69715456609,0.000246075758117,6.30771487898e-05,36648.957444,0.492151516234,0.239041008846,0.239041008846,0.478082017693,1.4224732503e-16,1.45716771982e-16,0.08,74422.4719528
2015-08-04,74351.3348153,-0.000789883675396,-0.000955855611944,11.3772460241,0.974795768571,0.000152873799076,1.3098137471e-05,22754.4920482,0.305747598153,0.26788273433,0.26788273433,0.535765468661,9.99200722163e-16,9.02056207508e-16,0.08,74351.3348153
2015-08-05,74341.1174573,7.84999807603e-05,-0.00013741996813,14.9625698997,1.0913665135,0.000201241442899,1.46785059907e-05,29925.1397994,0.402482885799,0.29822350603,0.29822350603,0.596447012059,-1.11022302463e-16,-1.38777878078e-16,0.0649748777168,74341.1174573
2015-08-06,74695.3910325,0.00491467055536,0.004765513183,9.87371649466,1.2148092433,0.000132816358327,1.6341014029e-05,19747.4329893,0.265632716655,0.286325192639,0.286325192639,0.572650385278,-2.77555756156e-17,-4.16333634234e-17,0.0715277377809,74695.3910325
2015-08-07,74498.7078636,-0.00246391721021,-0.00263313661322,11.4680096298,1.17189984804,0.000153530351354,1.56890516515e-05,22936.0192595,0.307060702709,0.239698643388,0.239698643388,0.479397286775,1.94289029309e-16,1.5959455979e-16,0.0650264283523,74498.7078636
2015-08-10,74659.2227613,0.00235275566998,0.0021545997549,11.8269230472,2.93543658231,0.000158753398365,3.94025167213e-05,23653.8460943,0.31750679673,0.307019095395,0.307019095395,0.614038190789,1.94289029309e-16,1.38777878078e-16,0.08,74659.2227613
2015-08-11,74613.0601125,-0.000402485315508,-0.000618311403271,14.8574185374,1.25598942658,0.000199003123632,1.68229641312e-05,29714.8370748,0.398006247263,0.260131878941,0.260131878941,0.520263757881,4.85722573274e-17,6.93889390391e-17,0.0716706427586,74613.0601125
2015-08-12,74690.6134608,0.00123461556972,0.00103940715157,13.5015776832,1.06351975455,0.000180954616562,1.42538015858e-05,27003.1553663,0.361909233124,0.287388166247,0.287388166247,0.574776332494,1.38777878078e-16,1.37043154602e-16,0.0762360130792,74690.6134608
2015-08-13,74775.2550917,0.00142994899682,0.00113322982705,20.9859615584,1.1761752569,0.000280971872983,1.57472967806e-05,41971.9231167,0.561943745967,0.336090510789,0.336090510789,0.672181021579,1.11022302463e-16,1.21430643318e-16,0.0750166913651,74775.2550917
2015-08-14,74840.5082491,0.00115372733976,0.000872657101705,19.6400437531,1.37705499606,0.000262654319655,1.84159183994e-05,39280.0875063,0.52530863931,0.206812820276,0.206812820276,0.413625640551,-5.55111512313e-17,-2.08166817117e-17,0.08,74840.5082491
2015-08-17,74864.6348291,0.000466407067753,0.000322373278546,8.2352370717,2.54432491757,0.000110037161216,3.39966279905e-05,16470.4741434,0.220074322432,0.234381179353,0.234381179353,0.468762358705,-2.77555756156e-17,-2.42861286637e-17,0.08,74864.6348291
2015-08-18,74783.3396569,-0.000866138647269,-0.00108589552891,15.4905468376,0.961471857702,0.000206914077294,1.28428043481e-05,30981.0936753,0.413828154588,0.296648907294,0.296648907294,0.593297814588,1.87350135405e-16,1.15359111152e-16,0.08,74783.3396569
2015-08-19,74600.8710613,-0.00221447286962,-0.00243996318451,15.647335465,1.21558334208,0.000209235580235,1.62547346463e-05,31294.6709301,0.418471160471,0.236156468987,0.236156468987,0.472312937973,-3.74700270811e-16,-3.74700270811e-16,0.08,74600.8710613
2015-08-20,74728.2512089,0.00185402171141,0.00170748874278,9.96614582321,0.965341276338,0.000133592888145,1.29400804924e-05,19932.2916464,0.26718577629,0.248479034111,0.248479034111,0.496958068221,-2.49800180541e-16,-2.22044604925e-16,0.08,74728.2512089
2015-08-21,74675.9681587,-0.00050456607886,-0.000699642361605,13.5602626848,1.01744677705,0.000181460993205,1.36152895403e-05,27120.5253696,0.362921986409,0.251038419101,0.251038419101,0.502076838201,-3.46944695195e-18,-1.58293517183e-17,0.08,74675.9681587
2015-08-24,74561.2954981,-0.00134889928676,-0.00153560326667,10.8606779398,3.08162251913,0.00014543739047,4.12665894412e-05,21721.3558797,0.29087478094,0.299001880401,0.299001880401,0.598003760803,1.38777878078e-16,1.66533453694e-16,0.0790647810556,74561.2954981
2015-08-25,74601.3684968,0.000677989337623,0.000537450408906,9.25717732954,1.22158726351,0.000124155264037,1.63836646795e-05,18514.3546591,0.248310528075,0.239664846409,0.239664846409,0.479329692817,2.77555756156e-17,1.73472347598e-17,0.0634845081239,74601.3684968
2015-08-26,74532.7347884,-0.000596581859307,-0.000920006024358,23.148196248,0.979689069735,0.0003102918447,1.31323203512e-05,46296.392496,0.620583689399,0.338702664894,0.338702664894,0.677405329788,-3.05311331772e-16,-2.08166817117e-16,0.0753360964774,74532.7347884
2015-08-27,74692.5185867,0.002419663429,0.00214380699714,19.1770775141,1.38325676135,0.000257297381728,1.85590501312e-05,38354.1550282,0.514594763457,0.340110354161,0.340110354161,0.680220708322,-9.99200722163e-16,-9.99200722163e-16,0.08,74692.5185867
2015-08-28,74743.6338374,0.000903565250423,0.000684342309538,14.9823300826,1.39198350409,0.000200586757096,1.86361837896e-05,29964.6601653,0.401173514192,0.312331916604,0.312331916604,0.624663833207,-5.20417042793e-16,-5.27355936697e-16,0.0755490005888,74743.6338374
2015-08-31,74744.3584031,0.000395997352743,9.69401285067e-06,25.0362103333,3.83750505376,0.000334961107026,5.13422328663e-05,50072.4206666,0.669922214051,0.458892284401,0.458892284401,0.917784568802,4.16333634234e-16,3.81639164715e-16,0.08,74744.3584031
2015-09-01,74591.8480288,-0.00169254385347,-0.00204042656292,24.1228392667,1.87943065061,0.000322737926742,2.51447827069e-05,48245.6785333,0.645475853483,0.339452456575,0.339452456575,0.678904913151,-5.55111512313e-16,-5.48172618409e-16,0.08,74591.8480288
2015-09-02,74551.0486947,-0.000264459093425,-0.000546967734631,19.6854232178,1.38741841391,0.000263908506599,1.86001346069e-05,39370.8464355,0.527817013199,0.237240936548,0.237240936548,0.474481873095,1.38777878078e-17,-6.93889390391e-18,0.0671875870608,74551.0486947
2015-09-03,74586.3761902,0.000671281717371,0.000473869866423,13.7481339041,0.969126608928,0.000184412347577,1.29995033725e-05,27496.2678082,0.368824695153,0.265757914912,0.265757914912,0.531515829824,2.77555756156e-16,3.88578058619e-16,0.064594981058,74586.3761902
2015-09-04,74537.4873362,-0.00049291900744,-0.00065546627246,11.0376788648,1.08613259272,0.000147985187491,1.45620775294e-05,22075.3577296,0.295970374982,0.253222951253,0.253222951253,0.506445902507,8.32667268469e-17,8.32667268469e-17,0.08,74537.4873362
2015-09-08,74663.5548832,0.00189251610718,0.0016913307852,10.8589492064,4.13689918297,0.000145684401158,5.55009208227e-05,21717.8984128,0.291368802315,0.279908850839,0.279908850839,0.559817701678,-1.38777878078e-16,-1.11022302463e-16,0.0720852135251,74663.5548832
2015-09-09,74633.8407599,-0.000121230120239,-0.000397973594654,19.5175014619,1.1451501286,0.000261406003136,1.53374712789e-05,39035.0029238,0.522812006271,0.325200691386,0.325200691386,0.650401382772,2.49800180541e-16,2.42861286637e-16,0.06676418464,74633.8407599
2015-09-10,74673.8340642,0.000788290330777,0.000535860193695,17.5099141271,1.3299165269,0.000234610921115,1.78192159663e-05,35019.8282541,0.469221842231,0.238194941298,0.238194941298,0.476389882595,-5.20417042793e-16,-5.34294830601e-16,0.0687551371558,74673.8340642
2015-09-11,74571.1201559,-0.00116245656716,-0.00137550066326,14.9341932048,0.974626275145,0.000199992318486,1.30517776053e-05,29868.3864095,0.399984636972,0.290715054927,0.290715054927,0.581430109853,2.77555756156e-16,2.28983498829e-16,0.08,74571.1201559
2015-09-14,74661.386158,0.00144813913725,0.00121046863527,14.159692992,3.56366256856,0.000189881725826,4.77887761523e-05,28319.3859839,0.379763451651,0.267949918515,0.267949918515,0.535899837031,-5.41233724505e-16,-5.34294830601e-16,0.08,74661.386158
2015-09-15,74699.7840966,0.000685113168646,0.000514294478087,11.657367762,1.09619245684,0.000156136503243,1.46821873159e-05,23314.735524,0.312273006486,0.332105828762,0.332105828762,0.664211657524,-5.55111512313e-16,-5.70724023596e-16,0.08,74699.7840966
2015-09-16,74964.9716345,0.00380817021732,0.00355004423441,17.9225999214,1.35935527155,0.000239928403249,1.81975796582e-05,35845.1998428,0.479856806499,0.337494804123,0.337494804123,0.674989608245,-2.22044604925e-16,-2.77555756156e-16,0.0732125553375,74964.9716345
2015-09-17,74864.5066861,-0.00109571151142,-0.00134015855917,16.9386488273,1.38631717358,0.000225954181774,1.84928659793e-05,33877.2976547,0.451908363547,0.238071408298,0.238071408298,0.476142816595,-5.55111512313e-17,-6.93889390391e-18,0.0772616508109,74864.5066861
2015-09-18,74693.5171476,-0.00204151039745,-0.00228398671268,17.1762615834,0.976608139083,0.000229431306553,1.30450086738e-05,34352.5231668,0.458862613105,0.304435758333,0.304435758333,0.608871516665,4.71844785466e-16,4.99600361081e-16,0.0680462853234,74693.5171476
2015-09-21,74767.8670861,0.00120280909526,0.000995400154717,11.7541233882,3.73797986882,0.000157364706297,5.00442342465e-05,23508.2467764,0.314729412593,0.376971939392,0.376971939392,0.753943878783,2.22044604925e-16,2.56739074445e-16,0.0688976483645,74767.8670861
2015-09-22,74678.5144104,-0.000964990253354,-0.00119506786978,15.6580078305,1.54440481423,0.000209421619751,2.0655996679e-05,31316.0156611,0.418843239503,0.382173020418,0.382173020418,0.764346040836,5.96744875736e-16,6.66133814775e-16,0.0764944673216,74678.5144104
2015-09-23,74736.4567488,0.00094303761585,0.000775890346236,10.9184679517,1.56384183083,0.000146206282193,2.09409874202e-05,21836.9359033,0.292412564386,0.361854008387,0.361854008387,0.723708016773,5.55111512313e-17,1.04083408559e-16,0.08,74736.4567488
2015-09-24,74595.0443935,-0.00169702371566,-0.00189214690544,13.1009700017,1.48184583272,0.000175295572892,1.98276168979e-05,26201.9400034,0.350591145784,0.367684513409,0.367684513409,0.735369026817,6.93889390391e-17,8.32667268469e-17,0.08,74595.0443935
2015-09-25,74932.962592,0.0048108642058,0.00453003549101,19.4455568795,1.50287356715,0.000260681618164,2.01470966251e-05,38891.1137591,0.521363236329,0.303254368163,0.303254368163,0.606508736325,0,6.24500451352e-17,0.08,74932.962592
2015-09-28,74865.8754016,-0.000582840712212,-0.000895296116472,19.6777984518,3.73541066719,0.000262605371137,4.98500331226e-05,39355.5969037,0.525210742273,0.292303840135,0.292303840135,0.58460768027,-2.77555756156e-17,0,0.08,74865.8754016
2015-09-29,75101.0872008,0.00338899998664,0.00314177584751,17.3095511647,1.1991004315,0.000231207490354,1.60166487745e-05,34619.1023295,0.462414980707,0.277093212286,0.277093212286,0.554186424571,1.38777878078e-16,1.94289029309e-16,0.0700826994062,75101.0872008
2015-09-30,75036.8115155,-0.000663845464847,-0.000855855589139,13.2798950331,1.14027405472,0.000176826934577,1.51831897143e-05,26559.7900663,0.353653869155,0.330804844546,0.330804844546,0.661609689092,4.57966997658e-16,4.71844785466e-16,0.072224512135,75036.8115155
2015-10-01,75117.6515486,0.0013093944655,0.00107733832795,16.0526134342,1.3601392202,0.000213929844699,1.81262928518e-05,32105.2268685,0.427859689398,0.368368728941,0.368368728941,0.736737457882,1.73472347598e-16,1.38777878078e-16,0.0746969415251,75117.6515486
2015-10-02,75165.1552001,0.000878130418879,0.000632389997991,16.9432244681,1.51621883956,0.000225555833001,2.01845878872e-05,33886.4489362,0.451111666001,0.240812204355,0.240812204355,0.48162440871,6.93889390391e-18,-5.55111512313e-17,0.0669305180233,75165.1552001
2015-10-05,75099.6558985,-0.000517768361405,-0.000871405126836,23.6057070078,2.97545535032,0.000314051197592,3.95855678392e-05,47211.4140156,0.628102395185,0.378622624854,0.378622624854,0.757245249708,1.80411241502e-16,1.04083408559e-16,0.0762435984178,75099.6558985
2015-10-06,74921.4172483,-0.00212846466832,-0.0023733617423,16.8336350908,1.55805089545,0.00022415062878,2.07464451975e-05,33667.2701816,0.448301257559,0.243117076884,0.243117076884,0.486234153768,1.73472347598e-18,-1.11022302463e-16,0.0692629368405,74921.4172483
2015-10-07,74874.3070383,-0.000445148116531,-0.000628794965911,12.7610177928,0.998064436024,0.000170325365716,1.33214836649e-05,25522.0355855,0.340650731431,0.302132846864,0.302132846864,0.604265693728,-1.38777878078e-17,-9.71445146547e-17,0.0586642516046,74874.3070383
2015-10-08,74623.4366891,-0.00321296158645,-0.00335055320237,9.06251593537,1.23956096123,0.000121036391438,1.65552244857e-05,18125.0318707,0.242072782877,0.324889159429,0.324889159429,0.649778318858,4.09394740331e-16,3.33066907388e-16,0.0601231387797,74623.4366891
2015-10-09,74719.4623219,0.00146827634477,0.00128680260643,12.2137367292,1.32845729423,0.000163671592613,1.78021457221e-05,24427.4734583,0.327343185226,0.352261314423,0.352261314423,0.704522628845,4.16333634234e-16,3.46944695195e-16,0.0781236931414,74719.4623219
2015-10-12,74964.2352809,0.00352086875725,0.00327589293762,13.9777586184,4.32670290583,0.000187069850131,5.79059694941e-05,27955.5172368,0.374139700261,0.343236301403,0.343236301403,0.686472602805,1.05471187339e-15,1.05471187339e-15,0.0755922363252,74964.2352809
2015-10-13,75060.3139624,0.00149207350294,0.00128166026384,14.3635800636,1.40988749892,0.000191605770535,1.880746857e-05,28727.1601272,0.383211541071,0.394152496115,0.394152496115,0.788304992229,1.55431223448e-15,1.63757896132e-15,0.0697988567835,75060.3139624
2015-10-14,74522.0168494,-0.00685893543494,-0.0071715275968,21.8421584088,1.62110740315,0.00029099476482,2.15973970474e-05,43684.3168176,0.581989529639,0.188589415331,0.188589415331,0.377178830663,-7.6327832943e-17,-4.16333634234e-17,0.0608379044394,74522.0168494
2015-10-15,74711.0689464,0.00268927181726,0.00253686232504,10.5877770712,0.770085675997,0.000142075825626,1.03336665935e-05,21175.5541424,0.284151651251,0.193825849313,0.193825849313,0.387651698627,1.04083408559e-17,0,0.067174319858,74711.0689464
2015-10-16,74653.8690535,-0.000586498842061,-0.000765614702616,12.5884614407,0.793475966665,0.000168495266072,1.06205944829e-05,25176.9228813,0.336990532145,0.19078218349,0.19078218349,0.38156436698,-2.77555756156e-16,-2.91433543964e-16,0.0641564777219,74653.8690535
2015-10-19,74581.5702617,-0.000839353015349,-0.000968453380772,7.2965878336,2.34125394148,9.77389106031e-05,3.13614548203e-05,14593.1756672,0.195477821206,0.209189396935,0.209189396935,0.41837879387,5.55111512313e-17,2.77555756156e-17,0.0600694902697,74581.5702617
2015-10-20,74554.7696041,-0.000270157378701,-0.0003593469201,5.79700981802,0.854886230438,7.77271086903e-05,1.14624327088e-05,11594.019636,0.155454217381,0.212422232241,0.212422232241,0.424844464482,-6.93889390391e-16,-7.07767178199e-16,0.0641954227738,74554.7696041
2015-10-21,74695.5308827,0.00200350835794,0.00188802513121,7.74203957603,0.867785785397,0.000103843652353,1.16395743694e-05,15484.0791521,0.207687304706,0.23871591091,0.23871591091,0.477431821821,1.11022302463e-16,6.93889390391e-17,0.0697058873248,74695.5308827
2015-10-22,74520.6003795,-0.00215574825485,-0.00234191391574,12.9287011349,0.977041736746,0.000173085336995,1.30803238855e-05,25857.4022697,0.34617067399,0.264608551829,0.264608551829,0.529217103659,-1.38777878078e-17,2.08166817117e-17,0.0704052967539,74520.6003795
2015-10-23,74495.0547277,-0.000106015408785,-0.000342799865661,16.5648383446,1.08048154235,0.000222285358146,1.44990987304e-05,33129.6766892,0.444570716291,0.310695738834,0.310695738834,0.621391477668,6.0368376964e-16,6.31439345256e-16,0.0762564910755,74495.0547277
2015-10-26,74409.406066,-0.000899590443516,-0.0011497227847,14.8289162426,3.80470620298,0.000199059069046,5.10732721371e-05,29657.8324852,0.398118138091,0.390965525089,0.390965525089,0.781931050177,-8.32667268469e-17,-4.85722573274e-17,0.0781453381273,74409.406066
2015-10-27,74374.0305676,-0.000323522032022,-0.000475417024181,9.7083606707,1.59405548023,0.000130472223661,2.1422768498e-05,19416.7213414,0.260944447322,0.295478952821,0.295478952821,0.590957905642,-1.04083408559e-16,-1.31838984174e-16,0.0798633947863,74374.0305676
2015-10-28,74546.8761087,0.00247113143159,0.00232400395376,9.7383013052,1.20416222845,0.000130936850281,1.61906275518e-05,19476.6026104,0.261873700562,0.290066331902,0.290066331902,0.580132663804,-5.55111512313e-17,-5.55111512313e-17,0.08,74546.8761087
2015-10-29,74638.9452707,0.00142793722943,0.00123505057336,13.1942462064,1.18485144699,0.00017699261049,1.58940455837e-05,26388.4924127,0.35398522098,0.294300933015,0.294300933015,0.588601866029,-8.32667268469e-17,-1.2490009027e-16,0.08,74638.9452707
2015-10-30,74752.0017873,0.00174294151136,0.00151471214116,15.8311659788,1.20363349219,0.000212103291672,1.61260785214e-05,31662.3319577,0.424206583344,0.344214654446,0.344214654446,0.688429308891,-5.82867087928e-16,-6.24500451352e-16,0.08,74752.0017873
2015-11-02,74785.5637167,0.000830554622997,0.000448976998315,24.2939815072,4.22970977496,0.000324994393814,5.65832308678e-05,48587.9630145,0.649988787627,0.233514795187,0.233514795187,0.467029590375,0,-6.93889390391e-18,0.066164347879,74785.5637167
2015-11-03,74788.7156157,0.000326326081915,4.21458211937e-05,20.2956749353,0.956906059961,0.000271384929479,1.27953312431e-05,40591.3498706,0.542769858957,0.438569241562,0.438569241562,0.877138483125,-2.01227923213e-16,-1.94289029309e-16,0.0753190054272,74788.7156157
2015-11-04,74866.2277154,0.00133441684517,0.00103641437172,20.4899603062,1.79726193342,0.000273971282132,2.40311913185e-05,40979.9206124,0.547942564263,0.38014780172,0.38014780172,0.76029560344,-7.21644966006e-16,-7.21644966006e-16,0.08,74866.2277154
2015-11-05,75087.6201103,0.00321790124062,0.00295717310262,17.9602673905,1.55946476105,0.00023989812147,2.08300165326e-05,35920.534781,0.47979624294,0.432235200693,0.432235200693,0.864470401386,-2.77555756156e-16,-2.49800180541e-16,0.0766547111423,75087.6201103
2015-11-06,75262.6317821,0.00259237364531,0.00233076599778,17.8651114066,1.7783842492,0.000237923526945,2.36841205859e-05,35730.2228131,0.47584705389,0.394200671768,0.394200671768,0.788401343535,-5.55111512313e-16,-5.6898930012e-16,0.0792414799995,75262.6317821
2015-11-09,75339.6567123,0.00148875665195,0.00102341531744,30.1457866618,4.87702685055,0.000400541224084,6.48001104275e-05,60291.5733235,0.801082448167,0.37616237359,0.37616237359,0.752324747179,-7.35522753814e-16,-7.91033905045e-16,0.08,75339.6567123
2015-11-10,75237.8234946,-0.00111127147291,-0.00135165492084,16.5575327979,1.55287364901,0.000219771811027,2.0611636909e-05,33115.0655957,0.439543622055,0.369851032265,0.369851032265,0.73970206453,-7.07767178199e-16,-8.11850586757e-16,0.08,75237.8234946
2015-11-11,75257.3481533,0.000446770451882,0.000259505894109,12.5646223097,1.52475543479,0.000166998747785,2.02658099871e-05,25129.2446194,0.333997495571,0.34618140521,0.34618140521,0.692362810419,-8.881784197e-16,-1.01307850997e-15,0.08,75257.3481533
2015-11-12,75320.4435876,0.00101771198231,0.00083839566426,12.0673256707,1.42754490608,0.000160347473925,1.89688441211e-05,24134.6513413,0.32069494785,0.396509244078,0.396509244078,0.793018488156,-1.66533453694e-16,-2.01227923213e-16,0.08,75320.4435876
2015-11-13,75056.1504256,-0.00329233520889,-0.0035089166959,14.676561502,1.63645217263,0.00019485495309,2.17265339221e-05,29353.1230039,0.389709906179,0.331544060456,0.331544060456,0.663088120911,-3.05311331772e-16,-2.91433543964e-16,0.08,75056.1504256
2015-11-16,75330.4854146,0.0039872019221,0.00365506340902,20.8384484668,4.09058973276,0.000277638119577,5.45003934996e-05,41676.8969337,0.555276239154,0.273255976782,0.273255976782,0.546511953563,-5.55111512313e-17,-1.2490009027e-16,0.0786287473933,75330.4854146
2015-11-17,75506.2831155,0.00255301155326,0.00233368602254,15.3939805906,1.12791810265,0.000204352600489,1.49729302346e-05,30787.9611811,0.408705200978,0.313134533539,0.313134533539,0.626269067078,2.49800180541e-16,1.63064006742e-16,0.0717730710603,75506.2831155
2015-11-18,75212.8780798,-0.00358132621066,-0.00388583603446,21.6968638854,1.29554108179,0.000287351767167,1.71580566323e-05,43393.7277709,0.574703534334,0.285732575706,0.285732575706,0.571465151412,1.80411241502e-16,1.83880688454e-16,0.0782443523509,75212.8780798
2015-11-19,75237.700186,0.000495997106565,0.000330024682517,11.3056872902,1.17757640438,0.000150315844558,1.56565794908e-05,22611.3745803,0.300631689115,0.191698570135,0.191698570135,0.383397140269,6.93889390391e-17,8.32667268469e-17,0.0725002305819,75237.700186
2015-11-20,75231.7824015,4.12245005919e-05,-7.86545107039e-05,8.22912195727,0.790299153198,0.000109374980056,1.05040312403e-05,16458.2439145,0.218749960111,0.208210294325,0.208210294325,0.416420588649,6.24500451352e-17,7.97972798949e-17,0.08,75231.7824015
2015-11-23,75184.3066544,-0.000381053220717,-0.000631059714322,16.2335248289,2.57490929694,0.000215780143853,3.4226349752e-05,32467.0496579,0.431560287707,0.249403842109,0.249403842109,0.498807684218,1.66533453694e-16,2.23779328401e-16,0.08,75184.3066544
2015-11-24,75269.0338175,0.00124377945219,0.00112692617462,7.75806663009,1.02746602443,0.000103187313621,1.36659639512e-05,15516.1332602,0.206374627241,0.182711251738,0.182711251738,0.365422503476,1.94289029309e-16,2.35055030995e-16,0.08,75269.0338175
2015-11-25,75340.276742,0.00111299102326,0.000946510416704,11.7772727944,0.753561610187,0.000156469031116,1.00115754377e-05,23554.5455889,0.312938062231,0.286062298254,0.286062298254,0.572124596507,-1.38777878078e-17,0,0.08,75340.276742
2015-11-27,75358.8482014,0.000408366454681,0.000246501076767,9.83311795975,2.36186440722,0.000130516084954,3.13492929593e-05,19666.2359195,0.261032169909,0.217272156151,0.217272156151,0.434544312302,4.57966997658e-16,4.6143644461e-16,0.08,75358.8482014
2015-11-30,75263.702468,-0.00114423381655,-0.00126256883765,6.22607646451,2.69151442747,8.26190502258e-05,3.57159708741e-05,12452.152929,0.165238100452,0.188575397337,0.188575397337,0.377150794674,1.11022302463e-16,1.04083408559e-16,0.08,75263.702468
2015-12-01,75271.6743272,0.00032335488226,0.000105919041413,15.5873342342,0.777692197148,0.000207102942363,1.03328984842e-05,31174.6684685,0.414205884726,0.329904666232,0.329904666232,0.659809332464,2.35922392733e-16,2.49800180541e-16,0.08,75271.6743272
2015-12-02,75376.8030734,0.00166743582696,0.00139665747011,19.0212566424,1.36068364908,0.000252701388835,1.80769680127e-05,38042.5132848,0.505402777669,0.223837726248,0.223837726248,0.447675452496,-1.38777878078e-17,-4.16333634234e-17,0.0678630157438,75376.8030734
2015-12-03,75398.0371223,0.000562789848727,0.000281705351913,20.2627481764,0.924502586949,0.000268819415924,1.22650808903e-05,40525.4963528,0.537638831848,0.329879773019,0.329879773019,0.659759546039,-5.55111512313e-17,-1.66533453694e-16,0.06172806349,75398.0371223
2015-12-04,75247.6181699,-0.00171700317649,-0.00199499825349,19.5974180735,1.36286506148,0.000259919472993,1.80756040011e-05,39194.8361471,0.519838945986,0.281357671658,0.281357671658,0.562715343316,6.24500451352e-17,5.55111512313e-17,0.08,75247.6181699
2015-12-07,75232.5964884,3.77330539329e-05,-0.000199629992968,14.3807582256,3.48024569525,0.000191112470738,4.62505761629e-05,28761.5164512,0.382224941476,0.348225928574,0.348225928574,0.696451857147,4.16333634234e-17,4.16333634234e-17,0.0659293143799,75232.5964884
2015-12-08,75036.7405943,-0.00237424550225,-0.00260333822354,15.7997366559,1.4355036039,0.000210011848499,1.90808727986e-05,31599.4733119,0.420023696999,0.313412947712,0.313412947712,0.626825895424,4.71844785466e-16,4.51028103754e-16,0.0691543353566,75036.7405943
2015-12-09,75372.3229052,0.00470029500098,0.00447223997519,15.8238764389,1.28862937295,0.000210881713592,1.71733122034e-05,31647.7528778,0.421763427184,0.270642009833,0.270642009833,0.541284019666,3.88578058619e-16,4.02455846427e-16,0.08,75372.3229052
2015-12-10,75220.2559254,-0.00180285259638,-0.00201754402594,15.0640428798,1.11774887435,0.000199861730396,1.48296991689e-05,30128.0857596,0.399723460792,0.231313167459,0.231313167459,0.462626334918,5.30825383649e-16,5.82867087928e-16,0.08,75220.2559254
2015-12-11,75172.9203086,-0.000407511477359,-0.000629293483081,15.7291054955,0.953393734531,0.000209107311615,1.26746941073e-05,31458.210991,0.418214623229,0.317450456958,0.317450456958,0.634900913915,0,-1.38777878078e-17,0.08,75172.9203086
2015-12-14,75198.987473,0.000662226012586,0.000346762694929,19.7915024709,3.92279636758,0.000263279680897,5.21836367602e-05,39583.0049418,0.526559361794,0.305619401878,0.305619401878,0.611238803756,1.17961196366e-16,1.38777878078e-16,0.08,75198.987473
2015-12-15,75474.3697076,0.00386409720701,0.00366204710807,13.9346604171,1.25930244237,0.000185303830349,1.67462685961e-05,27869.3208342,0.370607660698,0.388479336657,0.388479336657,0.776958673314,2.77555756156e-17,1.38777878078e-17,0.0728571530468,75474.3697076
2015-12-16,75679.6488906,0.00314738423138,0.00271985289553,30.6610699897,1.6065881139,0.000406244796856,2.12865389949e-05,61322.1399795,0.812489593713,0.276351343175,0.276351343175,0.55270268635,-6.24500451352e-17,-1.52655665886e-16,0.0625062705172,75679.6488906
2015-12-17,75626.3527413,-0.000497862312565,-0.000704233569202,14.4721221819,1.14598206148,0.000191228717285,1.51425393521e-05,28944.2443639,0.38245743457,0.256400889211,0.256400889211,0.512801778422,-1.38777878078e-16,-2.22044604925e-16,0.0651232064438,75626.3527413
2015-12-18,75650.2860384,0.000488730061774,0.000316467688892,11.9650728337,1.06250214195,0.000158213009089,1.40493637924e-05,23930.1456673,0.316426018179,0.309941892716,0.309941892716,0.619883785432,2.77555756156e-17,-4.85722573274e-17,0.0647692539513,75650.2860384
2015-12-21,75646.2270065,0.000149492027665,-5.36552096279e-05,11.5138135397,3.85433306947,0.000152197885066,5.09493522273e-05,23027.6270793,0.304395770131,0.237199544852,0.237199544852,0.474399089703,-4.16333634234e-17,-6.93889390391e-17,0.0634262747595,75646.2270065
2015-12-22,75692.2695193,0.00079012705809,0.000608655773525,12.7444261728,0.983191814557,0.00016847404923,1.29972353343e-05,25488.8523456,0.336948098461,0.268533752279,0.268533752279,0.537067504558,-1.66533453694e-16,-1.63497687611e-16,0.0713138491391,75692.2695193
2015-12-23,75819.2703302,0.0019083654538,0.00167785708838,16.3339517787,1.1137495426,0.000215794187206,1.47141782071e-05,32667.9035574,0.431588374412,0.247814053175,0.247814053175,0.49562810635,2.77555756156e-16,2.63677968348e-16,0.08,75819.2703302
2015-12-24,75838.482589,0.000404934080198,0.000253395459245,10.4600089996,1.02953866791,0.000137959768725,1.35788522288e-05,20920.0179993,0.275919537449,0.163874581407,0.163874581407,0.327749162815,2.42861286637e-17,1.04083408559e-17,0.08,75838.482589
2015-12-28,75809.1824384,-0.000152404192139,-0.000386349378433,15.0181028222,2.72394511536,0.000198027469821,3.59177164728e-05,30036.2056444,0.396054939642,0.211054694362,0.211054694362,0.422109388725,3.05311331772e-16,2.98372437868e-16,0.08,75809.1824384
2015-12-29,75770.5729783,-8.35933103672e-05,-0.00050929793615,31.3956136776,0.876705963255,0.000414139984996,1.1564640787e-05,62791.2273552,0.828279969992,0.334690813123,0.334690813123,0.669381626246,8.32667268469e-17,2.77555756156e-17,0.08,75770.5729783
2015-12-30,75729.4283262,-0.000225485432376,-0.000543016245307,22.6699182268,1.38957340717,0.000299191590294,1.83392226369e-05,45339.8364537,0.598383180587,0.376981093862,0.376981093862,0.753962187723,3.05311331772e-16,2.91433543964e-16,0.08,75729.4283262
2015-12-31,75645.6163065,-0.000755923722415,-0.00110672986107,25.0020435269,1.56430480701,0.000330149640364,2.06564982938e-05,50004.0870538,0.660299280729,0.319689014315,0.319689014315,0.63937802863,1.94289029309e-16,1.38777878078e-16,0.069963220225,75645.6163065
2016-01-04,75706.2145977,0.00120082540283,0.000801081332566,24.9384871046,5.30039945518,0.000329675245206,7.00688250553e-05,49876.9742092,0.659350490412,0.343963720419,0.343963720419,0.687927440839,6.66133814775e-16,5.6898930012e-16,0.08,75706.2145977
2016-01-05,75555.8975901,-0.00159667495425,-0.0019855306251,28.0119310715,1.42685979353,0.000370008343705,1.88473271463e-05,56023.862143,0.740016687411,0.324122995307,0.324122995307,0.648245990615,2.77555756156e-16,2.94902990916e-16,0.08,75555.8975901
2016-01-06,75600.6773817,0.0008112722249,0.00059267103026,15.1747243334,1.34188514192,0.000200841030514,1.77601641264e-05,30349.4486668,0.401682061028,0.401746096678,0.401746096678,0.803492193356,4.4408920985e-16,4.30211422042e-16,0.0670932573081,75600.6773817
2016-01-07,75223.8650434,-0.00479114543999,-0.00498424552975,12.9342632295,1.66423435859,0.000171086605007,2.20134847495e-05,25868.526459,0.342173210015,0.314392067717,0.314392067717,0.628784135434,8.04911692853e-16,8.27463098041e-16,0.0768482272396,75223.8650434
2016-01-08,75292.8849251,0.00103656004328,0.000917526393796,7.6582924736,1.29587871083,0.00010180668687,1.72269626146e-05,15316.5849472,0.203613373739,0.293670010105,0.293670010105,0.587340020211,1.66533453694e-16,1.35308431126e-16,0.0580892234258,75292.8849251
2016-01-11,75498.9052157,0.00291112376153,0.0027362517831,9.53188770308,3.6347280455,0.000126597456221,4.82745222091e-05,19063.7754062,0.253194912443,0.306867740003,0.306867740003,0.613735480006,5.82867087928e-16,6.80011602583e-16,0.0787939910109,75498.9052157
2016-01-12,75625.500178,0.0018446332102,0.00167677878193,11.4033363414,1.26948922829,0.000151039757581,1.68146706851e-05,22806.6726828,0.302079515162,0.338277970991,0.338277970991,0.676555941983,2.56739074445e-16,2.91433543964e-16,0.0709987468801,75625.500178
2016-01-13,75431.6321502,-0.00232259718222,-0.00256352721469,16.8186766377,1.40177757564,0.000222394253236,1.85357792324e-05,33637.3532753,0.444788506471,0.262164541053,0.262164541053,0.524329082106,3.46944695195e-17,8.32667268469e-17,0.08,75431.6321502
2016-01-14,75300.5669473,-0.00160166612513,-0.00173753635093,9.16532389464,1.08358899855,0.000121505045475,1.43651803317e-05,18330.6477893,0.243010090949,0.263152154206,0.263152154206,0.526304308413,3.1918911958e-16,3.26128013484e-16,0.08,75300.5669473
2016-01-15,75227.0341834,-0.000812496269257,-0.000976523376306,11.2655529826,1.08578117288,0.000149607810928,1.44192961209e-05,22531.1059652,0.299215621856,0.317738224425,0.317738224425,0.63547644885,-1.80411241502e-16,-1.38777878078e-16,0.08,75227.0341834
2016-01-19,74990.8908265,-0.00291776286234,-0.00313907572583,11.4098053014,5.23890504552,0.000151671608821,6.96412546685e-05,22819.6106028,0.303343217641,0.343932441179,0.343932441179,0.687864882359,5.55111512313e-17,4.85722573274e-17,0.073586842163,74990.8908265
2016-01-20,74840.8513487,-0.00177439845423,-0.00200076937502,15.5625076847,1.41324932319,0.000207525307583,1.88456132153e-05,31125.0153695,0.415050615167,0.401442144943,0.401442144943,0.802884289887,2.49800180541e-16,2.8449465006e-16,0.08,74840.8513487
2016-01-21,74842.2892779,0.000210814830792,1.92131590444e-05,12.6933707597,1.64626147369,0.000169604841887,2.19968298599e-05,25386.7415194,0.339209683774,0.336364683828,0.336364683828,0.672729367655,-1.38777878078e-17,-3.46944695195e-18,0.0689236975295,74842.2892779
2016-01-22,74751.0942079,-0.00100071548522,-0.00121849653364,14.9198183645,1.37941386136,0.00019935010685,1.84309415796e-05,29839.6367289,0.3987002137,0.309470560784,0.309470560784,0.618941121568,2.15105711021e-16,2.01227923213e-16,0.08,74751.0942079
2016-01-25,74515.4309633,-0.00289855712031,-0.00315263939659,15.190199999,3.80272817157,0.000203210403272,5.08718730056e-05,30380.3999981,0.406420806545,0.221879360905,0.221879360905,0.44375872181,6.93889390391e-18,4.16333634234e-17,0.0743588453705,74515.4309633
2016-01-26,74599.5656486,0.00124556270893,0.00112909076948,7.77301505424,0.905941709573,0.000104314166257,1.21577732003e-05,15546.0301085,0.208628332515,0.277141104896,0.277141104896,0.554282209793,1.2490009027e-16,1.80411241502e-16,0.0646442038021,74599.5656486
2016-01-27,74871.2781162,0.00381740995093,0.00364227948507,11.9318015588,1.13285512595,0.000159944651889,1.51858139669e-05,23863.6031175,0.319889303778,0.264066420292,0.264066420292,0.528132840583,6.93889390391e-17,1.11022302463e-16,0.0646748551238,74871.2781162
2016-01-28,74736.2792442,-0.00159816624802,-0.00180307957005,14.2587803834,1.08334193944,0.00019044392913,1.44693928927e-05,28517.5607669,0.380887858261,0.28233878493,0.28233878493,0.56467756986,-1.17961196366e-16,-1.5959455979e-16,0.08,74736.2792442
2016-01-29,74709.1890416,-0.000203905230753,-0.000362477271245,10.6948678453,1.15621645326,0.000143101422139,1.54706183523e-05,21389.7356905,0.286202844279,0.293665531835,0.293665531835,0.58733106367,-2.77555756156e-17,-9.02056207508e-17,0.08,74709.1890416
2016-02-01,74771.8814819,0.00100800497703,0.000839153002253,9.00829869578,3.60649540815,0.000120578188725,4.82737860551e-05,18016.5973916,0.241156377451,0.270388036556,0.270388036556,0.540776073112,7.6327832943e-17,4.85722573274e-17,0.08,74771.8814819
2016-02-02,74873.9990419,0.00147516949137,0.00136572141795,7.07583441661,1.10780395745,9.46322905934e-05,1.4815782825e-05,14151.6688332,0.189264581187,0.289642078027,0.289642078027,0.579284156055,4.16333634234e-17,-5.20417042793e-17,0.08,74873.9990419
2016-02-03,74947.9489288,0.00121748142791,0.000987657769213,16.0195062272,1.18831017385,0.0002139528599,1.5870798796e-05,32039.0124543,0.4279057198,0.400173615653,0.400173615653,0.800347231306,5.72458747072e-16,5.23886489745e-16,0.0722728077774,74947.9489288
2016-02-04,75343.6468225,0.00564066203101,0.0052796360592,25.414748332,1.64340776485,0.0003390986504,2.19273214056e-05,50829.4966639,0.678197300799,0.36661074536,0.36661074536,0.733221490721,8.32667268469e-17,9.36750677027e-17,0.0686216502186,75343.6468225
2016-02-05,75839.7822861,0.0069256544224,0.00658496747304,24.155074421,1.51352276821,0.000320598689334,2.00882600197e-05,48310.1488419,0.641197378668,0.35302745904,0.35302745904,0.70605491808,1.2490009027e-16,1.80411241502e-16,0.08,75839.7822861
2016-02-08,75907.2158728,0.00120448994462,0.000889158495051,19.5135409821,4.40112750158,0.000257299538499,5.8031911075e-05,39027.0819642,0.514599076999,0.343731163883,0.343731163883,0.687462327765,6.24500451352e-16,7.07767178199e-16,0.0720130681047,75907.2158728
2016-02-09,76166.8221097,0.00361980190721,0.00342004688015,13.7331671029,1.42968085803,0.00018092044274,1.88345843223e-05,27466.3342058,0.361840885481,0.316873140241,0.316873140241,0.633746280481,5.96744875736e-16,6.52256026967e-16,0.0710419085699,76166.8221097
2016-02-10,76356.1398508,0.00262130745847,0.00248556702181,9.01643987834,1.32247781392,0.000118377524867,1.7362911794e-05,18032.8797567,0.236755049734,0.311897677652,0.311897677652,0.623795355304,2.22044604925e-16,2.63677968348e-16,0.0626347482496,76356.1398508
2016-02-11,76342.5140833,7.99902603626e-05,-0.000178450188616,18.4285669725,1.30494809282,0.000241350165272,1.7090283707e-05,36857.133945,0.482700330544,0.376267302285,0.376267302285,0.75253460457,1.66533453694e-16,1.87350135405e-16,0.08,76342.5140833
2016-02-12,76623.5147775,0.00405267780849,0.00368078910698,26.8169353183,1.57398311363,0.000351271315077,2.06173864266e-05,53633.8706366,0.702542630153,0.386965024614,0.386965024614,0.773930049228,9.71445146547e-16,1.08246744901e-15,0.0734266764884,76623.5147775
2016-02-16,76799.0564688,0.00266953770488,0.00229096370491,22.5089043917,6.49876608918,0.000293759747997,8.48142519701e-05,45017.8087834,0.587519495994,0.259172462251,0.259172462251,0.518344924501,2.81025203108e-16,3.0184188482e-16,0.08,76799.0564688
2016-02-17,76801.6774869,0.000303679780793,3.41282593157e-05,19.6106613925,1.09064112677,0.00025535029067,1.42012308083e-05,39221.3227849,0.510700581339,0.29302443946,0.29302443946,0.586048878919,-6.93889390391e-18,-2.77555756156e-17,0.08,76801.6774869
2016-02-18,77025.8971347,0.00331018665312,0.00291946289529,28.7751020351,1.23313799974,0.000374667624154,1.6056133669e-05,57550.2040701,0.749335248308,0.449242506068,0.449242506068,0.898485012136,-2.77555756156e-16,-3.60822483003e-16,0.08,77025.8971347
2016-02-19,76751.9461885,-0.00316213073181,-0.00355660831368,28.4889180229,1.89607161978,0.000369861554135,2.46160277298e-05,56977.8360458,0.73972310827,0.248971731263,0.248971731263,0.497943462526,-1.38777878078e-17,-1.04083408559e-17,0.0627441650042,76751.9461885
2016-02-22,76832.9656944,0.00120132364799,0.00105560197304,8.04320600307,3.14121615129,0.000104794815018,4.09268599337e-05,16086.4120061,0.209589630035,0.231670397588,0.231670397588,0.463340795176,-2.08166817117e-17,-4.11996825544e-17,0.0628431216418,76832.9656944
2016-02-23,76782.5858598,-0.000508909538365,-0.000655705973559,10.3034671838,0.975338285495,0.000134102166832,1.2694268361e-05,20606.9343675,0.268204333664,0.229958239505,0.229958239505,0.459916479011,6.24500451352e-17,6.24500451352e-17,0.0667599722472,76782.5858598
2016-02-24,76817.2824619,0.000580662399428,0.000451881135047,8.9206632419,0.967495247616,0.000116180812902,1.26004514797e-05,17841.3264838,0.232361625804,0.261555293445,0.261555293445,0.52311058689,4.4408920985e-16,4.16333634234e-16,0.0676093042916,76817.2824619
2016-02-25,76812.0261214,0.000120091924636,-6.84265350557e-05,13.3805460766,1.10092969074,0.00017418666279,1.43317969011e-05,26761.0921533,0.34837332558,0.31183551539,0.31183551539,0.623671030779,4.71844785466e-16,4.92661467177e-16,0.0796449006784,76812.0261214
2016-02-26,76699.5701025,-0.00121625978015,-0.00146404182458,17.7201631846,1.31247768513,0.000230695166882,1.70868775556e-05,35440.3263692,0.461390333764,0.326911208884,0.326911208884,0.653822417767,1.11022302463e-15,1.08246744901e-15,0.0644341323381,76699.5701025
2016-02-29,76643.3704579,-0.000481944521034,-0.000732724375776,15.1129619779,4.12174507119,0.000197041025885,5.37388288576e-05,30225.9239559,0.39408205177,0.240243980109,0.240243980109,0.480487960217,1.04083408559e-17,3.46944695195e-18,0.0679362268674,76643.3704579
2016-03-01,76591.9116497,-0.000528390641089,-0.000671405861892,9.95223110428,1.00893744481,0.000129851167098,1.31640537046e-05,19904.4622086,0.259702334196,0.205122205105,0.205122205105,0.41024441021,9.02056207508e-17,8.67361737988e-17,0.0622879195587,76591.9116497
2016-03-02,76584.6160901,5.10394883884e-05,-9.52523503047e-05,10.343911211,0.860860373195,0.00013505226581,1.12395728825e-05,20687.8224221,0.270104531621,0.205149061924,0.205149061924,0.410298123847,-8.32667268469e-17,-9.02056207508e-17,0.0715191020296,76584.6160901
2016-03-03,76730.5673181,0.00204085107538,0.00190575125171,9.48567705348,0.860891076638,0.000123858779188,1.1241044489e-05,18971.354107,0.247717558376,0.232174831496,0.232174831496,0.464349662991,-5.62050406216e-16,-5.82867087928e-16,0.08,76730.5673181
2016-03-04,76550.0586113,-0.00210555515535,-0.00235250061468,17.972105929,0.976159262336,0.000234223550759,1.27219085751e-05,35944.211858,0.468447101518,0.351344686908,0.351344686908,0.702689373815,-1.17961196366e-15,-1.08246744901e-15,0.0795519709549,76550.0586113
2016-03-07,76711.9690615,0.00239010989699,0.00211509243967,16.6314315662,4.42117091105,0.000217262166325,5.77552909985e-05,33262.8631324,0.43452433265,0.343978112551,0.343978112551,0.687956225102,-3.43475248243e-16,-3.33066907388e-16,0.0686062783293,76711.9690615
2016-03-08,76894.9155662,0.00269777546094,0.00238484954739,22.5592869266,1.44587607276,0.000294077797801,1.88481157562e-05,45118.5738532,0.588155595602,0.365400183992,0.365400183992,0.730800367984,-3.60822483003e-16,-3.88578058619e-16,0.08,76894.9155662
2016-03-09,76983.0469761,0.00143012722303,0.00114612792384,20.2985176776,1.53958445457,0.000263977371301,2.002192789e-05,40597.0353551,0.527954742601,0.32549864089,0.32549864089,0.65099728178,5.55111512313e-17,8.32667268469e-17,0.08,76983.0469761
2016-03-10,76932.5880503,-0.000425903193599,-0.000655455035602,16.2985658713,1.37303436506,0.000211716300037,1.78355419666e-05,32597.1317427,0.423432600074,0.324335542276,0.324335542276,0.648671084553,0,1.38777878078e-17,0.08,76932.5880503
2016-03-11,76839.5188405,-0.00100725037761,-0.00120975014901,14.2116001145,1.36723137885,0.000184727960864,1.77718105357e-05,28423.200229,0.369455921727,0.247791598539,0.247791598539,0.495583197079,2.70616862252e-16,3.12250225676e-16,0.08,76839.5188405
2016-03-14,76815.1742557,-7.09514647706e-05,-0.000316823753015,15.7628145379,3.12989378704,0.000205139422731,4.07328655133e-05,31525.6290758,0.410278845463,0.352685859559,0.352685859559,0.705371719117,1.52655665886e-16,1.66533453694e-16,0.08,76815.1742557
2016-03-15,76915.9425983,0.00151556089928,0.00131182860117,14.1652593363,1.48447264436,0.00018440704553,1.93252525786e-05,28330.5186727,0.368814091059,0.333240994985,0.333240994985,0.66648198997,-1.73472347598e-17,-1.38777878078e-17,0.0644424284523,76915.9425983
2016-03-16,76762.1849335,-0.00185202094782,-0.00199903504612,9.90325971392,1.40446823242,0.000128754317758,1.82597805471e-05,19806.5194278,0.257508635515,0.298521366633,0.298521366633,0.597042733266,7.6327832943e-17,8.32667268469e-17,0.0672372409741,76762.1849335
2016-03-17,76732.8346929,-0.000104536684083,-0.000382352855007,20.0701515036,1.25562478641,0.000261458835766,1.6357335158e-05,40140.3030072,0.522917671533,0.277249539112,0.277249539112,0.554499078224,-4.16333634234e-17,-4.16333634234e-17,0.0624641726779,76732.8346929
2016-03-18,76745.8623784,0.000345587077761,0.000169779802695,12.3244841068,1.16570646868,0.000160615519499,1.51917555678e-05,24648.9682136,0.321231038997,0.238493658584,0.238493658584,0.476987317169,0,2.77555756156e-17,0.08,76745.8623784
2016-03-21,76788.7036541,0.000767247697214,0.000558222611001,13.0330321714,3.00877832874,0.000169820649186,3.92044370276e-05,26066.0643429,0.339641298372,0.195520275024,0.195520275024,0.391040550048,-1.38777878078e-16,-1.38777878078e-16,0.08,76788.7036541
2016-03-22,76769.4475575,-0.000106445734877,-0.000250767309997,10.2595955144,0.822671148339,0.000133608135392,1.07134397273e-05,20519.1910288,0.267216270784,0.106536155961,0.106536155961,0.213072311922,-3.46944695195e-17,-4.51028103754e-17,0.08,76769.4475575
2016-03-23,76841.0567662,0.000997823642842,0.000932782650491,4.54501190952,0.44814914181,5.92033947635e-05,5.83759758692e-06,9090.02381903,0.118406789527,0.127171419448,0.127171419448,0.254342838896,-2.08166817117e-17,-1.56125112838e-17,0.08,76841.0567662
2016-03-24,76747.1396958,-0.000956446861197,-0.00122222512793,19.8872315795,0.535451301965,0.000258809969779,6.96829695606e-06,39774.4631589,0.517619939558,0.288641727912,0.288641727912,0.577283455824,1.52655665886e-16,1.4224732503e-16,0.0574628360627,76747.1396958
2016-03-28,76816.2545923,0.00120097941186,0.000900553385787,18.2015117223,4.85532646884,0.000237162085708,6.32639403642e-05,36403.0234447,0.474324171415,0.378115014201,0.378115014201,0.756230028402,2.63677968348e-16,2.35922392733e-16,0.0700197867919,76816.2545923
2016-03-29,76834.5058513,0.000565679332046,0.000237596314319,23.6105809899,1.59152762718,0.000307364386811,2.07186309151e-05,47221.1619798,0.614728773623,0.267135141321,0.267135141321,0.534270282643,3.12250225676e-16,3.12250225676e-16,0.08,76834.5058513
2016-03-30,76972.3084445,0.00197507099658,0.0017934987893,12.8263425172,1.12466830569,0.000166934665293,1.46375419902e-05,25652.6850345,0.333869330586,0.212360098194,0.212360098194,0.424720196388,1.45716771982e-16,2.28983498829e-16,0.08,76972.3084445
2016-03-31,76927.3797184,-0.000444950466378,-0.000583699866202,9.78419875153,0.895662848191,0.00012711323006,1.1636169764e-05,19568.3975031,0.254226460119,0.216387842817,0.216387842817,0.432775685635,2.15105711021e-16,3.33066907388e-16,0.08,76927.3797184
2016-04-01,76942.9253353,0.000386057429275,0.00020208171601,13.2406517588,0.912117794567,0.000172118845166,1.18568680996e-05,26481.3035175,0.344237690332,0.27849248551,0.27849248551,0.556984971021,1.11022302463e-16,1.66533453694e-16,0.08,76942.9253353
2016-04-04,77012.9415247,0.00114873576691,0.000909975662619,14.8484855592,3.5224153182,0.00019298051763,4.57795866592e-05,29696.9711184,0.385961035261,0.353609012256,0.353609012256,0.707218024512,7.6327832943e-17,1.2490009027e-16,0.08,77012.9415247
2016-04-05,77024.7909602,0.000397088871216,0.000153862911852,17.2393564388,1.49219014704,0.000223850123076,1.9375836288e-05,34478.7128775,0.447700246152,0.372765360113,0.372765360113,0.745530720226,1.56125112838e-16,2.15105711021e-16,0.0746004111934,77024.7909602
2016-04-06,76847.9609722,-0.00205480292113,-0.00229575420775,16.9859526781,1.57326980492,0.00022052578743,2.04254991843e-05,33971.9053562,0.44105157486,0.279111956939,0.279111956939,0.558223913878,3.74700270811e-16,4.47558656802e-16,0.066815874543,76847.9609722
2016-04-07,76740.2449627,-0.00123677638309,-0.00140167687151,11.4969685027,1.17529779582,0.000149606682561,1.52938058597e-05,22993.9370053,0.299213365123,0.161883758285,0.161883758285,0.32376751657,7.6327832943e-17,9.75781955237e-17,0.0592150746322,76740.2449627
2016-04-08,76737.4478322,5.50393729677e-05,-3.64493301437e-05,6.34015319952,0.680712288562,8.26183601916e-05,8.87034291972e-06,12680.306399,0.165236720383,0.189287868293,0.189287868293,0.378575736586,6.93889390391e-18,5.03069808033e-17,0.0661642593828,76737.4478322
2016-04-11,76812.9331871,0.00110384691316,0.000983683417644,6.83329181716,2.38774815097,8.90476815454e-05,3.1115813966e-05,13666.5836343,0.178095363091,0.23144762035,0.23144762035,0.4628952407,8.32667268469e-17,6.67868538251e-17,0.0634561476079,76812.9331871
2016-04-12,76761.6889834,-0.000542248947787,-0.000667129890002,8.61832513659,0.974146334152,0.000112198880826,1.26820613891e-05,17236.6502732,0.224397761653,0.314317937687,0.314317937687,0.628635875375,9.02056207508e-17,1.02131844648e-16,0.08,76761.6889834
2016-04-13,77005.5798191,0.0033613597875,0.0031772468645,12.8107599866,1.32205894656,0.000166890022305,1.72229006952e-05,25621.5199733,0.33378004461,0.278102769372,0.278102769372,0.556205538743,-4.85722573274e-17,-6.93889390391e-17,0.08,77005.5798191
2016-04-14,77009.0951069,0.000413668344344,4.56497802244e-05,27.166032777,1.17345013725,0.000352780056209,1.52385079108e-05,54332.065554,0.705560112418,0.320099739925,0.320099739925,0.64019947985,-1.17961196366e-16,-1.2490009027e-16,0.0663580389057,77009.0951069
2016-04-15,77054.4615543,0.000805305055039,0.000589105057982,15.2986488031,1.35071733236,0.000198660285281,1.75397117767e-05,30597.2976063,0.397320570561,0.267970869998,0.267970869998,0.535941739995,-3.53883589099e-16,-3.88578058619e-16,0.08,77054.4615543
2016-04-18,77061.5223574,0.000323511604248,9.16339291703e-05,14.4729599037,3.39424949588,0.000187827669051,4.4050006027e-05,28945.9198074,0.375655338101,0.321000365577,0.321000365577,0.642000731153,-1.7694179455e-16,-1.94289029309e-16,0.08,77061.5223574
2016-04-19,77029.2802501,-0.000243542977599,-0.000418394372313,12.1188748356,1.35543982732,0.000157262333586,1.75890611275e-05,24237.7496713,0.314524667172,0.297941093285,0.297941093285,0.595882186569,-1.66533453694e-16,-2.98372437868e-16,0.08,77029.2802501
2016-04-20,76835.9900781,-0.00231685282589,-0.00250930777776,13.5671218771,1.25754454645,0.000176129412517,1.63255393581e-05,27134.2437541,0.352258825034,0.256762489312,0.256762489312,0.513524978623,-1.38777878078e-16,-3.1918911958e-16,0.08,76835.9900781
2016-04-21,76874.0499398,0.000697148368669,0.000495338989728,14.4252042555,1.08101918253,0.000187740201445,1.40691774965e-05,28850.408511,0.37548040289,0.31965302738,0.31965302738,0.63930605476,-8.32667268469e-17,-1.80411241502e-16,0.0799305042461,76874.0499398
2016-04-22,76837.8396081,-0.000328875882065,-0.000471034525145,9.58184362525,1.3464670022,0.000124643408702,1.7515234377e-05,19163.6872505,0.249286817405,0.254079819719,0.254079819719,0.508159639438,-8.32667268469e-17,-1.38777878078e-16,0.08,76837.8396081
2016-04-25,76826.2324251,8.99889125753e-05,-0.000151060767643,15.3124855262,3.20925114004,0.000199283134512,4.17665457073e-05,30624.9710524,0.398566269023,0.329726980624,0.329726980624,0.659453961249,-2.35922392733e-16,-4.37150315946e-16,0.08,76826.2324251
2016-04-26,76673.6282241,-0.00183947158624,-0.00198635539191,9.89649204364,1.3880373507,0.000128816573861,1.8067231815e-05,19792.9840873,0.257633147722,0.272301838335,0.272301838335,0.54460367667,-1.2490009027e-16,-1.40512601554e-16,0.0609972196068,76673.6282241
2016-04-27,76533.0463809,-0.00168747012507,-0.00183350972788,10.0533659422,1.14402026944,0.000131118954132,1.49206486759e-05,20106.7318845,0.262237908263,0.253301974781,0.253301974781,0.506603949561,-8.32667268469e-17,-1.11022302463e-16,0.0758557378355,76533.0463809
2016-04-28,76464.5477425,-0.000689320264845,-0.000895020407095,14.680613498,1.06224502927,0.000191820581987,1.38795602619e-05,29361.2269961,0.383641163974,0.218860350387,0.218860350387,0.437720700774,2.77555756156e-17,0,0.0700360425405,76464.5477425
2016-04-29,76444.9256734,-0.000125040474138,-0.000256616559018,9.14391636045,0.916989463623,0.000119583736913,1.19923479664e-05,18287.8327209,0.239167473827,0.262457170034,0.262457170034,0.524914340068,5.55111512313e-17,-1.38777878078e-17,0.075038414982,76444.9256734
2016-05-02,76443.6227514,0.000180632498056,-1.70439312844e-05,11.8132472597,3.29811268861,0.000154532784951,4.31436443891e-05,23626.4945194,0.309065569902,0.177554485447,0.177554485447,0.355108970893,2.77555756156e-17,-9.71445146547e-17,0.08,76443.6227514
2016-05-03,76612.5857524,0.00228946257634,0.00221029557461,5.30809142308,0.743720991961,6.94379888346e-05,9.72901290118e-06,10616.1828462,0.138875977669,0.165081076938,0.165081076938,0.330162153875,-6.93889390391e-17,-1.73472347598e-16,0.0795509630873,76612.5857524
2016-05-04,76578.1085345,-0.000341373424595,-0.000450020288828,7.63071511168,0.693002091123,9.96013257709e-05,9.04553846234e-06,15261.4302234,0.199202651542,0.218587545891,0.218587545891,0.437175091782,-1.52655665886e-16,-1.66533453694e-16,0.0747138622716,76578.1085345
2016-05-05,76484.4670329,-0.000928963440315,-0.00122282338084,21.5860317993,0.917206619918,0.000281882540747,1.19773997748e-05,43172.0635986,0.563765081494,0.35007956813,0.35007956813,0.70015913626,4.16333634234e-16,4.85722573274e-16,0.0649720898442,76484.4670329
2016-05-06,76477.3703848,0.000118221722667,-9.27854806846e-05,14.6716146289,1.46715885959,0.000191824761263,1.91824420893e-05,29343.2292578,0.383649522525,0.377416624839,0.377416624839,0.754833249678,-8.32667268469e-17,-8.32667268469e-17,0.0793665028659,76477.3703848
2016-05-09,76479.546599,0.000331399907057,2.8455661075e-05,18.4236399622,4.74473934365,0.000240903156967,6.20410890147e-05,36847.2799245,0.481806313934,0.310156716798,0.310156716798,0.620313433597,-1.38777878078e-16,-8.50014503229e-17,0.066950968511,76479.546599
2016-05-10,76538.9815549,0.000926014309868,0.000777135306897,10.0864372713,1.29976137399,0.000131884114379,1.69948885917e-05,20172.8745426,0.263768228757,0.27456768209,0.27456768209,0.54913536418,6.17561557448e-16,7.6327832943e-16,0.0615399362628,76538.9815549
2016-05-11,76444.9046612,-0.000977788021599,-0.00122913699431,18.086480372,1.15151401398,0.00023630416821,1.50448044981e-05,36172.960744,0.472608336421,0.315025452182,0.315025452182,0.630050904364,1.73472347598e-16,2.02095284951e-16,0.08,76444.9046612
2016-05-12,76316.8556768,-0.00144787375245,-0.00167504930442,16.0468468001,1.31956661139,0.000209913883354,1.72616686127e-05,32093.6936002,0.419827766709,0.285412305865,0.285412305865,0.570824611731,-2.77555756156e-17,-2.77555756156e-17,0.0581989589597,76316.8556768
2016-05-13,76232.2242739,-0.000923382844855,-0.00110894771749,12.9682059728,1.19352163042,0.000169925842172,1.56390304584e-05,25936.4119456,0.339851684344,0.341017766502,0.341017766502,0.682035533004,6.24500451352e-17,-2.77555756156e-17,0.08,76232.2242739
2016-05-16,76443.1737121,0.00304405033908,0.00276719511012,16.8318856007,4.27340430532,0.000220797513926,5.60577150414e-05,33663.7712014,0.441595027851,0.301130219853,0.301130219853,0.602260439705,3.46944695195e-17,0,0.0555195634245,76443.1737121
2016-05-17,76476.7718911,0.000660793671752,0.000439518368518,15.6536522128,1.26133423047,0.000204775017215,1.65002860193e-05,31307.3044257,0.409550034429,0.327266545886,0.327266545886,0.654533091772,-2.77555756156e-17,1.38777878078e-17,0.067476888964,76476.7718911
2016-05-18,76274.0714537,-0.00243824172457,-0.00265048370055,14.8601680882,1.37141309465,0.000194309562508,1.79324134732e-05,29720.3361764,0.388619125016,0.404875428732,0.404875428732,0.809750857463,-2.22044604925e-16,-1.2490009027e-16,0.08,76274.0714537
2016-05-19,76020.4847272,-0.00296414104363,-0.00332467799031,25.8074839898,1.69213684279,0.000338351991678,2.2184954999e-05,51614.9679795,0.676703983356,0.306287690881,0.306287690881,0.612575381761,-3.88578058619e-16,-4.02455846427e-16,0.08,76020.4847272
2016-05-20,76078.5463556,0.00101578430746,0.000763762934091,17.8829437473,1.2758432179,0.000235238486199,1.67828871715e-05,35765.8874947,0.470476972398,0.325863335705,0.325863335705,0.651726671409,-1.31838984174e-16,-1.11022302463e-16,0.08,76078.5463556
2016-05-23,76044.1621798,-0.000274960647509,-0.00045195626674,9.39030220746,4.07526721496,0.000123429043499,5.35665757322e-05,18780.6044149,0.246858086998,0.274416929014,0.274416929014,0.548833858029,-6.93889390391e-17,-5.55111512313e-17,0.08,76044.1621798
2016-05-24,75989.3385333,-0.000552848791714,-0.000720944842924,11.6392819852,1.14344139479,0.000153059507155,1.50365440556e-05,23278.5639705,0.306119014309,0.271320772742,0.271320772742,0.542641545485,-2.08166817117e-16,-2.35922392733e-16,0.08,75989.3385333
2016-05-25,75924.8687392,-0.000698397321681,-0.000848405781007,10.2693183355,1.12972526307,0.000135141567669,1.48668916571e-05,20538.636671,0.270283135338,0.274032031079,0.274032031079,0.548064062157,-1.90819582357e-16,-1.7694179455e-16,0.08,75924.8687392
2016-05-26,75842.3929723,-0.000848208048411,-0.00108628132242,16.9356357241,1.14004635561,0.000223057820255,1.50154537577e-05,33871.2714482,0.44611564051,0.226242204073,0.226242204073,0.452484408145,2.77555756156e-17,4.85722573274e-17,0.08,75842.3929723
2016-05-27,75831.223534,7.13209848313e-05,-0.000147271702699,15.638387021,0.940205487573,0.000206195854431,1.23968330999e-05,31276.774042,0.412391708862,0.31115961128,0.31115961128,0.62231922256,-2.77555756156e-17,1.04083408559e-17,0.08,75831.223534
2016-05-31,75680.5651932,-0.00165941537178,-0.00198675866946,19.6512013455,5.17164143293,0.00025914393082,6.81993668559e-05,39302.402691,0.518287861641,0.374325600275,0.374325600275,0.74865120055,-6.93889390391e-18,3.81639164715e-17,0.08,75680.5651932
2016-06-01,75553.3516645,-0.00142908104742,-0.00168092730843,17.5075839238,1.55228345179,0.000231335269222,2.05109917959e-05,35015.1678476,0.462670538443,0.327035063682,0.327035063682,0.654070127363,1.38777878078e-17,6.93889390391e-18,0.08,75553.3516645
2016-06-02,75628.9561087,0.00122334396923,0.00100067624543,15.4693972144,1.35389562592,0.00020474799428,1.79197295168e-05,30938.7944289,0.40949598856,0.19875443654,0.19875443654,0.397508873079,8.67361737988e-18,0,0.08,75628.9561087
2016-06-03,75660.9371708,0.000613312719326,0.000422867955337,13.5794898992,0.82364879767,0.000179554109932,1.0890654057e-05,27158.9797984,0.359108219865,0.262901296804,0.262901296804,0.525802593609,9.71445146547e-17,1.07552855511e-16,0.08,75660.9371708
2016-06-06,75679.1092305,0.000453906454493,0.000240177565849,12.9011156592,3.2698123561,0.000170512237115,4.32166515295e-05,25802.2313184,0.341024474229,0.23665442112,0.23665442112,0.47330884224,1.11022302463e-16,1.13624387676e-16,0.08,75679.1092305
2016-06-07,75654.3840859,-0.000177536481673,-0.000326710301656,10.3079831437,0.981358673196,0.000136206454443,1.29673655408e-05,20615.9662874,0.272412908886,0.247670645748,0.247670645748,0.495341291496,-2.77555756156e-17,6.93889390391e-18,0.08,75654.3840859
2016-06-08,75475.3265456,-0.00214982715428,-0.00236678339899,15.3869858523,1.02670521426,0.000203385250415,1.35709942876e-05,30773.9717047,0.406770500831,0.369545480331,0.369545480331,0.739090960661,1.5959455979e-16,6.93889390391e-17,0.08,75475.3265456
2016-06-09,75360.2498303,-0.00135951177805,-0.00152469317525,10.9388149176,1.52830497542,0.000144932329786,2.02490674154e-05,21877.6298352,0.289864659572,0.320723527534,0.320723527534,0.641447055069,4.30211422042e-16,5.13478148889e-16,0.08,75360.2498303
2016-06-10,75498.6621926,0.00204013899423,0.0018366760011,14.0086491082,1.32437288556,0.000185889101214,1.75738919197e-05,28017.2982164,0.371778202427,0.364708236899,0.364708236899,0.729416473797,6.24500451352e-17,1.90819582357e-16,0.08,75498.6621926
2016-06-13,75400.2363342,-0.00112199241798,-0.00130367685353,9.1906330898,4.52629873586,0.000121732396613,5.99520389422e-05,18381.2661796,0.243464793227,0.327677347412,0.327677347412,0.655354694823,6.52256026967e-16,7.19042880792e-16,0.08,75400.2363342
2016-06-14,75049.2460975,-0.00445534897811,-0.00465502833651,13.7020653656,1.35380544856,0.000181724435251,1.79549231458e-05,27404.1307313,0.363448870502,0.313725576978,0.313725576978,0.627451153956,2.91433543964e-16,4.68375338514e-16,0.08,75049.2460975
2016-06-15,75176.4315457,0.00189868602744,0.00169469321511,14.0193770193,1.29012975527,0.000186802369755,1.71904425741e-05,28038.7540387,0.37360473951,0.277269512427,0.277269512427,0.554539024854,5.89805981832e-16,6.59194920871e-16,0.0743490662725,75176.4315457
2016-06-16,75162.1985965,-6.39010141505e-05,-0.000189327277597,8.28695466029,1.14214424771,0.00011023341345,1.5192849996e-05,16573.9093206,0.2204668269,0.252953005365,0.252953005365,0.50590601073,2.28983498829e-16,2.63677968348e-16,0.0729756263983,75162.1985965
2016-06-17,75126.7545977,-0.000256271143808,-0.000471566818356,15.1403152049,1.04178104246,0.000201435235898,1.38604386501e-05,30280.6304098,0.402870471796,0.300378599941,0.300378599941,0.600757199883,4.99600361081e-16,5.65519853168e-16,0.08,75126.7545977
2016-06-20,75135.8850459,0.00039750833162,0.000121533909755,17.0235060589,3.70955660781,0.000226597117766,4.93773041e-05,34047.0121178,0.453194235531,0.221979278096,0.221979278096,0.443958556192,0,-1.38777878078e-17,0.08,75135.8850459
2016-06-21,75141.6586052,0.000209001106337,7.68415695873e-05,9.01602734878,0.913896412142,0.000119996288635,1.21632481148e-05,18032.0546976,0.239992577269,0.185373136675,0.185373136675,0.37074627335,5.55111512313e-17,9.71445146547e-17,0.08,75141.6586052
2016-06-22,75103.5113134,-0.000245509039824,-0.000507671676932,18.936089078,0.763246298664,0.000252005204962,1.01574321466e-05,37872.178156,0.504010409923,0.28568582545,0.28568582545,0.571371650901,-5.55111512313e-17,-5.55111512313e-17,0.08,75103.5113134
2016-06-23,75048.3005337,-0.000546838394635,-0.000735129140744,12.9656244751,1.17567170541,0.000172636728275,1.56540178329e-05,25931.2489503,0.345273456551,0.20333475087,0.20333475087,0.406669501739,1.38777878078e-17,-5.55111512313e-17,0.08,75048.3005337
2016-06-24,75062.0831801,0.000327630267757,0.000183650346374,9.96928800022,0.836160410531,0.000132838291198,1.11416301846e-05,19938.5760004,0.265676582396,0.189235275116,0.189235275116,0.378470550232,1.38777878078e-16,2.22044604925e-16,0.08,75062.0831801
2016-06-27,75000.5100623,-0.000444997332524,-0.000820295883061,25.8357221475,2.33496887036,0.000344191382025,3.11071685122e-05,51671.4442949,0.688382764051,0.315705940432,0.315705940432,0.631411880864,-2.77555756156e-17,2.77555756156e-17,0.08,75000.5100623
2016-06-28,75178.7613831,0.00257453721186,0.00237666811486,13.5428527041,1.29743049655,0.000180570141361,1.72989556401e-05,27085.7054082,0.361140282722,0.183912906646,0.183912906646,0.367825813292,3.05311331772e-16,2.77555756156e-16,0.08,75178.7613831
2016-06-29,75184.2400685,0.000225137687972,7.28754410952e-05,10.6892792065,0.757607919124,0.000142184827334,1.00774195423e-05,21378.5584129,0.284369654669,0.242832650993,0.242832650993,0.485665301985,3.05311331772e-16,3.12250225676e-16,0.0784252565263,75184.2400685
2016-06-30,75272.3997337,0.00135721366425,0.00117258171535,12.8810188897,1.00039388102,0.00017132605022,1.33058986845e-05,25762.0377794,0.34265210044,0.290898728634,0.290898728634,0.581797457269,2.35922392733e-16,2.22044604925e-16,0.0653453941164,75272.3997337
2016-07-01,75247.8207563,-0.000171685426029,-0.000326533729443,10.4559872073,1.19981618541,0.000138908647051,1.59396563635e-05,20911.9744145,0.277817294101,0.214332139643,0.214332139643,0.428664279286,2.671474153e-16,3.1918911958e-16,0.067431415498,75247.8207563
2016-07-05,75182.2493847,-0.000664804096424,-0.000871405589699,12.0114022323,3.53490990163,0.000159624585956,4.6976907319e-05,24022.8044646,0.319249171912,0.23605031448,0.23605031448,0.47210062896,2.49800180541e-16,2.49800180541e-16,0.0683419855708,75182.2493847
2016-07-06,75164.9751527,-3.61384920718e-05,-0.000229764765957,13.5848317635,0.972427047154,0.000180692010078,1.29342638071e-05,27169.663527,0.361384020156,0.290890995727,0.290890995727,0.581781991453,6.10622663544e-16,4.51028103754e-16,0.0723565852871,75164.9751527
2016-07-07,75430.5206926,0.00369614602734,0.00353283612895,11.0771124295,1.19807202553,0.000147370665752,1.59392326426e-05,22154.2248589,0.294741331503,0.306071484164,0.306071484164,0.612142968327,7.07767178199e-16,7.6327832943e-16,0.08,75430.5206926
2016-07-08,75443.0166817,0.000522630677532,0.000165662241434,25.6612667087,1.26504829697,0.00034019739587,1.67710402281e-05,51322.5334175,0.68039479174,0.415171366971,0.415171366971,0.830342733942,4.37150315946e-16,5.13478148889e-16,0.0742334786846,75443.0166817
2016-07-11,75433.6257763,0.000189634400195,-0.000124476801145,18.5487107893,5.14878581329,0.000245863853345,6.82473479953e-05,37097.4215787,0.49172770669,0.24575953003,0.24575953003,0.491519060059,1.80411241502e-16,2.15105711021e-16,0.08,75433.6257763
2016-07-12,75498.7519455,0.00101790515051,0.00086335726879,10.6422970789,1.01580999557,0.000141081606106,1.34662756181e-05,21284.5941578,0.282163212211,0.308321461055,0.308321461055,0.616642922109,6.93889390391e-18,2.42861286637e-17,0.0583486111561,75498.7519455
2016-07-13,75400.9927859,-0.00110371107938,-0.00129484471045,13.1548500243,1.27550057576,0.00017423930443,1.68943266331e-05,26309.7000486,0.348478608859,0.262260147539,0.262260147539,0.524520295077,-2.74086309204e-16,-2.92300905702e-16,0.0761990003593,75400.9927859
2016-07-14,75257.4546931,-0.00173257683123,-0.00190366316795,11.8165357785,1.08354386261,0.000156715917681,1.43704190432e-05,23633.0715569,0.313431835361,0.273208707959,0.273208707959,0.546417415919,-1.66533453694e-16,-1.87350135405e-16,0.0638011267931,75257.4546931
2016-07-15,75349.3634473,0.00139565139618,0.00122125780864,11.9977878172,1.12662969649,0.000159423247387,1.49703401622e-05,23995.5756345,0.318846494774,0.288869247379,0.288869247379,0.577738494759,-1.2490009027e-16,-8.15320033709e-17,0.08,75349.3634473
2016-07-18,75281.4913595,-0.000706873177978,-0.000900765244508,11.0316524629,3.57799132759,0.000146406710796,4.74853557336e-05,22063.3049258,0.292813421592,0.263000052471,0.263000052471,0.526000104941,-8.32667268469e-17,-8.32667268469e-17,0.08,75281.4913595
2016-07-19,75344.2473346,0.00102362203367,0.000833617586087,13.2189394842,1.08487869466,0.000175593485803,1.44109617792e-05,26437.8789685,0.351186971606,0.255579706112,0.255579706112,0.511159412224,-3.0184188482e-16,-3.33066907388e-16,0.08,75344.2473346
2016-07-20,75289.2593948,-0.000386794687193,-0.000729822670398,24.7900366838,1.05514852553,0.000329023615748,1.40043674582e-05,49580.0733676,0.658047231495,0.39017757839,0.39017757839,0.78035515678,0,8.32667268469e-17,0.08,75289.2593948
2016-07-21,75231.9139095,-0.000497993033566,-0.000761668872166,18.24230486,1.60965374846,0.000242296245263,2.13795933364e-05,36484.60972,0.484592490526,0.406961407174,0.406961407174,0.813922814348,-1.38777878078e-16,-5.55111512313e-17,0.08,75231.9139095
2016-07-22,75063.8304298,-0.00202090919752,-0.00223420448866,14.3689973344,1.67761564652,0.00019099603596,2.22992551876e-05,28737.9946688,0.381992071921,0.388288737622,0.388288737622,0.776577475245,-4.85722573274e-17,-5.55111512313e-17,0.08,75063.8304298
2016-07-25,74971.5997516,-0.00101310900885,-0.00122869666616,11.3916397418,4.79119560964,0.000151759371678,6.38282856365e-05,22783.2794835,0.303518743356,0.386939915399,0.386939915399,0.773879830799,-9.71445146547e-17,-1.94289029309e-16,0.0769049875593,74971.5997516
2016-07-26,75121.8328937,0.00222611825349,0.00200386736606,15.0729426885,1.58956188851,0.000201048700288,2.12021871452e-05,30145.8853771,0.402097400575,0.343841936821,0.343841936821,0.687683873642,0,0,0.08,75121.8328937
2016-07-27,75347.9147974,0.00326599620589,0.00300953657557,17.8503730262,1.41534446683,0.000237618976249,1.88406540724e-05,35700.7460523,0.475237952498,0.245352344972,0.245352344972,0.490704689944,-1.11022302463e-16,-1.11022302463e-16,0.08,75347.9147974
2016-07-28,75379.2374642,0.000620654857701,0.000415707148173,14.4294078933,1.01297466215,0.000191503745421,1.34439641081e-05,28858.8157867,0.383007490841,0.293926514096,0.293926514096,0.587853028191,6.93889390391e-18,8.32667268469e-17,0.0602412030905,75379.2374642
2016-07-29,75235.6721622,-0.00174130544734,-0.0019045735507,11.0930001196,1.21402501387,0.000147162540943,1.61055624162e-05,22186.0002392,0.294325081886,0.291426550043,0.291426550043,0.582853100086,0,8.32667268469e-17,0.08,75235.6721622
2016-08-01,74856.1701309,-0.00490122358019,-0.00504417678989,7.15096070248,3.604220117,9.50474754457e-05,4.79057342536e-05,14301.921405,0.190094950891,0.244020948126,0.244020948126,0.488041896253,-1.73472347598e-16,-7.2858385991e-17,0.0765705769,74856.1701309
2016-08-02,75061.5394561,0.0028241453724,0.00274351900244,5.03447860268,1.00090266348,6.72553590956e-05,1.33710108562e-05,10068.9572054,0.134510718191,0.256642491107,0.256642491107,0.513284982215,2.77555756156e-17,9.36750677027e-17,0.0715261790912,75061.5394561
2016-08-03,75125.8546727,0.00101424650082,0.000856833166881,10.7601266029,1.05556057383,0.000143350731691,1.40626022525e-05,21520.2532058,0.286701463382,0.196853329028,0.196853329028,0.393706658056,8.32667268469e-17,1.35308431126e-16,0.0603006521012,75125.8546727
2016-08-04,75065.5946266,-0.00060800965505,-0.000802121271894,13.7724573042,0.810343813062,0.000183325133061,1.07864837824e-05,27544.9146084,0.366650266122,0.313092051745,0.313092051745,0.626184103489,0,4.16333634234e-17,0.0771348371211,75065.5946266
2016-08-05,75206.3033548,0.00206240169189,0.00187447696743,12.818876198,1.28780498833,0.000170768995593,1.71557288627e-05,25637.752396,0.341537991186,0.26858201927,0.26858201927,0.537164038541,-1.5959455979e-16,-1.66533453694e-16,0.0787010172809,75206.3033548
2016-08-08,75104.621166,-0.00111183955469,-0.00135204343553,14.7444523709,3.32039355894,0.000196053411924,4.41504689212e-05,29488.9047418,0.392106823848,0.240028230801,0.240028230801,0.480056461601,-1.80411241502e-16,-1.66533453694e-16,0.0741316640865,75104.621166
2016-08-09,75109.9977014,0.000203741712966,7.15872773125e-05,8.93761543647,0.987793388681,0.000119002203829,1.31522318247e-05,17875.2308729,0.238004407657,0.222600560868,0.222600560868,0.445201121736,-1.87350135405e-16,-2.49800180541e-16,0.0756787540497,75109.9977014
2016-08-10,75152.2590723,0.000724597897,0.000562659728738,11.2470369464,0.916138499459,0.000149740877255,1.21972910065e-05,22494.0738929,0.29948175451,0.327504124282,0.327504124282,0.655008248565,-5.41233724505e-16,-5.27355936697e-16,0.0794550250106,75152.2590723
2016-08-11,75130.423759,-6.58848305655e-05,-0.00029054766305,15.535279676,1.34863971481,0.000206717401017,1.79454314675e-05,31070.559352,0.413434802034,0.19868795475,0.19868795475,0.397375909501,2.77555756156e-17,4.16333634234e-17,0.08,75130.423759
2016-08-12,75194.8408601,0.000989918006147,0.000857403669588,9.13791249347,0.817945766368,0.00012162732534,1.08870112192e-05,18275.8249869,0.24325465068,0.129110505726,0.129110505726,0.258221011452,-2.08166817117e-17,-2.77555756156e-17,0.0704031935781,75194.8408601
2016-08-15,75162.8352998,-7.29227665693e-05,-0.000425635056054,24.9262358857,1.59590859147,0.000331488644708,2.12236447769e-05,49852.4717714,0.662977289415,0.333952179233,0.333952179233,0.667904358467,5.55111512313e-17,6.24500451352e-17,0.08,75162.8352998
2016-08-16,75077.8558441,-0.000890168699107,-0.00113060471086,16.6964664528,1.3753858984,0.000222137262202,1.8298749547e-05,33392.9329056,0.444274524403,0.27546496985,0.27546496985,0.5509299397,0,5.55111512313e-17,0.0658639607593,75077.8558441
2016-08-17,75146.3483295,0.00108951067048,0.000912286114476,12.1724166926,1.13322297515,0.000162130585054,1.50939709507e-05,24344.8333853,0.324261170109,0.209736323016,0.209736323016,0.419472646032,-1.66533453694e-16,-1.56125112838e-16,0.071910941494,75146.3483295
2016-08-18,75105.0799965,-0.000304962237027,-0.000549172833241,17.4879225406,0.863611988312,0.000232718194953,1.14924012611e-05,34975.8450811,0.465436389906,0.318588579521,0.318588579521,0.637177159042,-9.02056207508e-17,-1.11022302463e-16,0.08,75105.0799965
2016-08-19,75129.6061846,0.000522719813834,0.000326558311884,13.4216227893,1.3111025069,0.000178704593483,1.74569084669e-05,26843.2455786,0.357409186966,0.249141747271,0.249141747271,0.498283494543,-5.55111512313e-17,-3.46944695195e-17,0.08,75129.6061846
2016-08-22,75128.7575851,0.000215790760282,-1.12951409336e-05,13.9839557492,3.07691857917,0.000186131093445,4.09548077706e-05,27967.9114984,0.372262186889,0.212284486859,0.212284486859,0.424568973717,-4.12864187282e-16,-4.02455846427e-16,0.0539599021851,75128.7575851
2016-08-23,75162.9793034,0.000632927058312,0.000455507576223,12.4554055483,0.873899712454,0.000165787455412,1.16320266772e-05,24910.8110966,0.331574910825,0.163096371922,0.163096371922,0.326192743843,-2.08166817117e-16,-2.22044604925e-16,0.0583970096674,75162.9793034
2016-08-24,75138.2716182,-0.000186255186498,-0.000328721472408,10.0364749252,0.671715574093,0.000133529498408,8.93678750255e-06,20072.9498504,0.267058996815,0.162985613596,0.162985613596,0.325971227192,-2.08166817117e-17,-2.77555756156e-17,0.057624890137,75138.2716182
2016-08-25,75092.9943213,-0.000377334404763,-0.000602586350615,16.2540031335,0.671038756397,0.000216321227299,8.93071855321e-06,32508.0062671,0.432642454597,0.226545324474,0.226545324474,0.453090648947,-9.71445146547e-17,-9.02056207508e-17,0.0604891924222,75092.9943213
2016-08-26,75017.5741275,-0.000829032274388,-0.00100435725642,12.2335153175,0.932162562423,0.000162911539593,1.24134424369e-05,24467.030635,0.325823079186,0.226663726342,0.226663726342,0.453327452683,-8.32667268469e-17,-1.11022302463e-16,0.0576977127374,75017.5741275
2016-08-29,75021.4337016,0.000211478316683,5.14489321488e-05,9.20987711119,2.79513910568,0.000122769593903,3.72597906315e-05,18419.7542224,0.245539187805,0.203468593033,0.203468593033,0.406937186067,-9.71445146547e-17,-1.80411241502e-16,0.0647021866274,75021.4337016
2016-08-30,74938.8739293,-0.000981984872088,-0.00110048246564,8.05344809445,0.836411263705,0.000107348629546,1.11489640018e-05,16106.8961889,0.214697259092,0.235722631357,0.235722631357,0.471445262713,-3.05311331772e-16,-2.46330733589e-16,0.08,74938.8739293
2016-08-31,74782.0795565,-0.00193097927589,-0.00209229688812,11.1210265865,0.967933619371,0.000148401303667,1.29163085675e-05,22242.0531729,0.296802607335,0.282221588879,0.282221588879,0.564443177757,-1.66533453694e-16,-6.24500451352e-17,0.08,74782.0795565
2016-09-01,74743.5335266,-0.000396019746446,-0.000515444745125,7.77440496806,1.15644478422,0.000103960802029,1.54641966509e-05,15548.8099361,0.207921604057,0.27833778965,0.27833778965,0.556675579299,-1.66533453694e-16,-1.49186218934e-16,0.08,74743.5335266
2016-09-02,74787.34908,0.00073326125071,0.000586211960919,9.85104106059,1.13994246095,0.000131797904057,1.52513857342e-05,19702.0821212,0.263595808113,0.246679980105,0.246679980105,0.49335996021,-5.55111512313e-17,-7.6327832943e-17,0.0759298835945,74787.34908
2016-09-06,74826.2784572,0.000666488217273,0.000520534257138,6.87199375901,4.04351600726,9.18871151812e-05,5.40668449545e-05,13743.987518,0.183774230362,0.237268692644,0.237268692644,0.474537385289,-2.77555756156e-17,-1.38777878078e-17,0.08,74826.2784572
2016-09-07,74873.723057,0.000794193678064,0.000634063337358,11.009139202,0.972818261095,0.000147129316451,1.30010242545e-05,22018.2784039,0.294258632902,0.26860660324,0.26860660324,0.53721320648,-1.38777878078e-17,1.38777878078e-17,0.0688985279495,74873.723057
2016-09-08,74867.4895894,0.000127077547091,-8.32530739628e-05,14.6462324837,1.10200418752,0.000195612451013,1.47181700406e-05,29292.4649673,0.391224902026,0.199895736093,0.199895736093,0.399791472185,1.38777878078e-17,-1.38777878078e-17,0.066576727859,74867.4895894
2016-09-09,74886.8518186,0.000413812984126,0.000258619987556,10.7988721405,0.820037914569,0.000144239805552,1.09531910188e-05,21597.744281,0.288479611103,0.229402947263,0.229402947263,0.458805894527,-3.46944695195e-17,-4.85722573274e-17,0.0595234366104,74886.8518186
2016-09-12,74749.8089046,-0.00156224056206,-0.00182999966893,17.2276478712,2.82398868797,0.000230049033346,3.77100735228e-05,34455.2957424,0.460098066693,0.317015147337,0.317015147337,0.634030294674,-2.08166817117e-16,-2.22044604925e-16,0.08,74749.8089046
2016-09-13,74760.3113776,0.000330033623981,0.000140501670153,12.8690213473,1.29845598265,0.000172161260824,1.73706930048e-05,25738.0426947,0.344322521647,0.230087476973,0.230087476973,0.460174953945,-6.59194920871e-17,-4.16333634234e-17,0.08,74760.3113776
2016-09-14,74846.4133485,0.00130301306591,0.00115170695988,10.3691485085,0.942543091647,0.000138698573045,1.26075329848e-05,20738.2970169,0.27739714609,0.234298739907,0.234298739907,0.468597479815,-3.46944695195e-18,0,0.0796834694774,74846.4133485
2016-09-15,74657.3017719,-0.00239644625145,-0.002526661842,8.78527017035,0.960899744337,0.000117377303431,1.28382871182e-05,17570.5403407,0.234754606863,0.241992956667,0.241992956667,0.483985913334,-5.55111512313e-17,-3.46944695195e-17,0.08,74657.3017719
2016-09-16,74488.5193237,-0.0021364919468,-0.00226076276759,8.28777670587,0.989947462606,0.000111010932744,1.32598880365e-05,16575.5534117,0.222021865489,0.213303550532,0.213303550532,0.426607101063,2.77555756156e-17,6.24500451352e-17,0.0762443805183,74488.5193237
2016-09-19,74579.4027381,0.00138487232763,0.00122009962371,9.66183929128,2.61183544859,0.000129709106571,3.50635973477e-05,19323.6785826,0.259418213142,0.223652994607,0.223652994607,0.447305989215,2.28983498829e-16,3.26128013484e-16,0.0703447080675,74579.4027381
2016-09-20,74621.8310587,0.000686680242166,0.000568901318359,7.86991429904,0.913967493611,0.000105523965198,1.22549586086e-05,15739.8285981,0.211047930396,0.219846354972,0.219846354972,0.439692709943,6.93889390391e-18,5.37764277553e-17,0.0632180762369,74621.8310587
2016-09-21,74623.0003714,0.000206893971215,1.56698482046e-05,13.3705715956,0.898922606003,0.000179177747396,1.20463756149e-05,26741.1431913,0.358355494791,0.314831066169,0.314831066169,0.629662132338,1.80411241502e-16,2.22044604925e-16,0.0738516938242,74623.0003714
2016-09-22,74558.6302886,-0.000618472124305,-0.00086260378831,16.9305145815,1.2873226722,0.00022688064668,1.72510173243e-05,33861.029163,0.45376129336,0.1774928913,0.1774928913,0.3549857826,5.89805981832e-17,5.55111512313e-17,0.072205108887,74558.6302886
2016-09-23,74592.6374653,0.000586986942046,0.000456113216658,9.03263546667,0.725130238975,0.000121148087508,9.72563787945e-06,18065.2709333,0.242296175016,0.217923768447,0.217923768447,0.435847536895,-1.38777878078e-17,-2.77555756156e-17,0.0727939355264,74592.6374653
2016-09-26,74538.6784337,-0.000424669687716,-0.000723382809009,19.6096611537,2.67213840902,0.000262890036069,3.58230852242e-05,39219.3223074,0.525780072138,0.287039888378,0.287039888378,0.574079776756,-5.55111512313e-17,-6.59194920871e-17,0.08,74538.6784337
2016-09-27,74477.4442161,-0.000475331109268,-0.000821509300202,24.631304639,1.17236021575,0.000330449977872,1.57282130618e-05,49262.609278,0.660899955744,0.319251334321,0.319251334321,0.638502668642,-3.46944695195e-17,2.08166817117e-17,0.08,74477.4442161
2016-09-28,74047.9924837,-0.00551156969386,-0.0057661985706,17.6612573636,1.30285059961,0.000237135652942,1.74932237984e-05,35322.5147272,0.474271305883,0.272839051689,0.272839051689,0.545678103378,3.46944695195e-16,2.89698820488e-16,0.08,74047.9924837
2016-09-29,73759.4969789,-0.00368227372148,-0.00389606112379,14.7235041762,1.10702378349,0.00019883731729,1.4950085024e-05,29447.0083524,0.39767463458,0.301376664219,0.301376664219,0.602753328437,8.32667268469e-17,9.71445146547e-17,0.0623847649032,73759.4969789
2016-09-30,73939.8474663,0.00260714192667,0.00244511547334,10.7329408645,1.21804883035,0.000145512663509,1.65137898202e-05,21465.8817289,0.291025327017,0.322555510112,0.322555510112,0.645111020225,8.32667268469e-17,4.16333634234e-17,0.08,73939.8474663
2016-10-03,73914.1599516,-0.000140000158737,-0.000347410977685,11.4154248281,3.92049948775,0.000154387995367,5.30228235801e-05,22830.8496562,0.308775990734,0.288804357088,0.288804357088,0.577608714177,2.77555756156e-17,3.12250225676e-17,0.08,73914.1599516
2016-10-04,74079.1911835,0.00242894771337,0.00223274176376,13.3327140284,1.16968391477,0.000180381053334,1.58248962788e-05,26665.4280568,0.360762106669,0.243930972863,0.243930972863,0.487861945725,-1.38777878078e-16,-1.52655665886e-16,0.08,74079.1911835
2016-10-05,74196.4015453,0.00169439471881,0.00158223058261,7.31888004202,0.990148447905,9.87980555011e-05,1.33660807048e-05,14637.760084,0.197596111002,0.236672303293,0.236672303293,0.473344606587,2.77555756156e-17,-1.04083408559e-17,0.08,74196.4015453
2016-10-06,74061.0566901,-0.00147805661403,-0.00182414311687,24.7161685725,0.962204561633,0.000333118157454,1.29683453859e-05,49432.3371449,0.666236314907,0.387447009971,0.387447009971,0.774894019941,-1.15185638805e-15,-1.13797860024e-15,0.08,74061.0566901
2016-10-07,74025.1614075,-0.000294333759259,-0.000484671488716,12.5242991267,1.57231424492,0.000169107756308,2.12299731491e-05,25048.5982534,0.338215512616,0.380842149548,0.380842149548,0.761684299096,-6.10622663544e-16,-5.55111512313e-16,0.08,74025.1614075
2016-10-10,74057.1862728,0.000688541330797,0.00043262135089,14.310232627,4.63428519305,0.00019331579094,6.26041889668e-05,28620.465254,0.386631581881,0.335778856333,0.335778856333,0.671557712666,-4.4408920985e-16,-3.76434994287e-16,0.0676279345471,74057.1862728
2016-10-11,73885.2847388,-0.00217599400849,-0.00232119990836,9.39097394698,1.36256642794,0.000126807058432,1.83988414429e-05,18781.947894,0.253614116863,0.29634631805,0.29634631805,0.5926926361,0,-4.85722573274e-17,0.0619783148354,73885.2847388
2016-10-12,73876.4963443,2.84395763318e-05,-0.000118946480318,9.68990009958,1.19976066249,0.000131147902236,1.62381544137e-05,19379.8001992,0.262295804471,0.334740975846,0.334740975846,0.669481951691,1.38777878078e-17,1.11022302463e-16,0.0615594208327,73876.4963443
2016-10-13,73858.553936,-6.89535029798e-05,-0.00024287031932,11.4933244725,1.35504057416,0.000155574845062,1.83419712792e-05,22986.6489449,0.311149690123,0.253354850741,0.253354850741,0.506709701482,-4.16333634234e-17,3.81639164715e-17,0.0572755380982,73858.553936
2016-10-14,73827.1235531,-0.000202458459636,-0.000425548311324,15.4517556019,1.02533824156,0.000209207394113,1.38824575749e-05,30903.5112038,0.418414788226,0.358624587495,0.358624587495,0.71724917499,-1.38777878078e-17,2.77555756156e-17,0.0798001640382,73827.1235531
2016-10-17,73847.8089005,0.000585888817837,0.000280186284299,18.2168830872,4.35225562688,0.000246750546553,5.89519869855e-05,36433.7661743,0.493501093106,0.292390005875,0.292390005875,0.58478001175,3.46944695195e-17,8.32667268469e-17,0.0649092184642,73847.8089005
2016-10-18,73843.2215361,0.000175592514256,-6.21191684815e-05,16.3713438365,1.18314308374,0.000221690312553,1.60213701849e-05,32742.687673,0.443380625106,0.364290413805,0.364290413805,0.728580827611,1.2490009027e-16,1.94289029309e-16,0.08,73843.2215361
2016-10-19,73905.5226233,0.00114317452487,0.00084369405793,20.6406091656,1.47399330028,0.000279519348374,1.99611185647e-05,41281.2183312,0.559038696749,0.279073827508,0.279073827508,0.558147655017,-5.55111512313e-17,2.77555756156e-17,0.0690474175009,73905.5226233
2016-10-20,73886.3098725,-0.000141467440811,-0.000259963668476,7.62738332912,1.13014230534,0.000103204511089,1.52917165758e-05,15254.7666582,0.206409022178,0.21969110087,0.21969110087,0.43938220174,-1.38777878078e-16,-8.32667268469e-17,0.0576632792143,73886.3098725
2016-10-21,73883.0759966,6.38597946976e-05,-4.37682695039e-05,7.06280681737,0.889433685212,9.55901956608e-05,1.20378685408e-05,14125.6136347,0.191180391322,0.197904716549,0.197904716549,0.395809433098,-1.04083408559e-16,-1.38777878078e-16,0.052133834549,73883.0759966
2016-10-24,73877.9978905,0.000119274463426,-6.87316549686e-05,11.4868852571,2.40358507609,0.000155473836222,3.25322821725e-05,22973.7705142,0.310947672444,0.211127306331,0.211127306331,0.422254612662,0,0,0.0726162616023,73877.9978905
2016-10-25,73944.838853,0.00100213362619,0.000904747887476,6.33999695034,0.854666448863,8.5817119188e-05,1.1568619525e-05,12679.9939007,0.171634238376,0.234514045974,0.234514045974,0.469028091947,-1.17961196366e-16,-1.52655665886e-16,0.08,73944.838853
2016-10-26,74013.448919,0.00109872402546,0.000927854696487,11.6847075527,0.950197443194,0.000158019244263,1.28500847109e-05,23369.4151055,0.316038488527,0.184973707902,0.184973707902,0.369947415804,-2.46330733589e-16,-2.74086309204e-16,0.08,74013.448919
2016-10-27,74053.7286873,0.000659784243414,0.000544222284438,7.80297245823,0.750166689379,0.000105426413337,1.01355456385e-05,15605.9449165,0.210852826674,0.177071577214,0.177071577214,0.354143154428,-1.07552855511e-16,-9.36750677027e-17,0.08,74053.7286873
2016-10-28,74041.4929698,-1.92789519157e-05,-0.000165227567616,10.0895290229,0.718510166424,0.000136246063524,9.70255217611e-06,20179.0580459,0.272492127049,0.268690204347,0.268690204347,0.537380408694,-1.5959455979e-16,-1.2490009027e-16,0.08,74041.4929698
2016-10-31,73961.6014348,-0.000655324783672,-0.00107901032005,28.1000262865,3.27028337691,0.000379517283612,4.41682527694e-05,56200.052573,0.759034567224,0.493737991849,0.493737991849,0.987475983699,-2.98372437868e-16,-3.05311331772e-16,0.08,73961.6014348
2016-11-01,73910.356536,-0.000431586715333,-0.000692858155905,17.32308689,2.00096726391,0.000234217304032,2.70541365397e-05,34646.1737799,0.468434608064,0.42638199315,0.42638199315,0.852763986301,-4.16333634234e-17,-1.11022302463e-16,0.0766823530049,73910.356536
2016-11-02,73975.6103362,0.00107165245107,0.000882877626537,12.2256175926,1.72679699366,0.000165411427648,2.33633968849e-05,24451.2351852,0.330822855296,0.305549323905,0.305549323905,0.611098647809,-1.14491749414e-16,-1.52655665886e-16,0.0685054828486,73975.6103362
2016-11-03,73808.6229859,-0.00212127716318,-0.00225732980821,8.82604607139,1.23853138212,0.000119310216317,1.67424287071e-05,17652.0921428,0.238620432634,0.252597481379,0.252597481379,0.505194962757,-7.6327832943e-17,-1.11022302463e-16,0.08,73808.6229859
2016-11-04,73878.1605843,0.00108368234887,0.000942133800061,9.42592143115,1.02158204221,0.000127707590927,1.38409578838e-05,18851.8428623,0.255415181854,0.205547359621,0.205547359621,0.411094719241,-2.77555756156e-17,-6.93889390391e-18,0.08,73878.1605843
2016-11-07,73863.2746659,-1.33348731898e-06,-0.000201492813901,12.2911627333,2.49624013837,0.000166370719522,3.37886070609e-05,24582.3254667,0.332741439043,0.212275938449,0.212275938449,0.424551876898,-2.77555756156e-17,-3.12250225676e-17,0.08,73863.2746659
2016-11-08,73841.8255531,-0.000148141472479,-0.000290389410467,9.64775353094,0.859144983375,0.000130616379718,1.16315582712e-05,19295.5070619,0.261232759435,0.201551221355,0.201551221355,0.40310244271,-7.97972798949e-17,-1.00613961607e-16,0.08,73841.8255531
2016-11-09,74177.2058784,0.00467538774161,0.00454187478193,9.04333875329,0.815501924783,0.000122469057144,1.104390254e-05,18086.6775066,0.244938114288,0.2282389187,0.2282389187,0.4564778374,-2.08166817117e-17,-3.20923843056e-17,0.08,74177.2058784
2016-11-10,74483.9036932,0.00455463714696,0.00413466389225,30.2247644817,0.927678096541,0.000407467012592,1.25062421205e-05,60449.5289635,0.814934025185,0.37646190668,0.37646190668,0.75292381336,3.60822483003e-16,3.15285991759e-16,0.08,74483.9036932
2016-11-11,74404.7269673,-0.000784156710207,-0.00106300451496,19.2332153686,1.53645766583,0.000258219755075,2.06280496811e-05,38466.4307373,0.516439510149,0.366499880375,0.366499880375,0.73299976075,-1.11022302463e-16,-1.2490009027e-16,0.08,74404.7269673
2016-11-14,73797.0216262,-0.00796056339363,-0.0081675636186,10.9191666954,4.48262852594,0.000146753669296,6.0246555678e-05,21838.3333909,0.293507338592,0.338179330635,0.338179330635,0.676358661269,3.33066907388e-16,3.60822483003e-16,0.08,73797.0216262
2016-11-15,74145.053822,0.00486207862311,0.00471607373921,9.40723914324,1.36748643158,0.00012747450962,1.85303742813e-05,18814.4782865,0.254949019241,0.387048579684,0.387048579684,0.774097159367,-7.49400541622e-16,-7.6327832943e-16,0.08,74145.053822
2016-11-16,74275.1225959,0.00188055870008,0.00175424748151,7.79287331684,1.57247878205,0.000105103077213,2.12081413525e-05,15585.7466337,0.210206154427,0.403972406205,0.403972406205,0.807944812409,-8.32667268469e-16,-8.76035355368e-16,0.08,74275.1225959
2016-11-17,74215.0327609,-0.00053966851402,-0.000809016974336,18.3617748427,1.64411506829,0.000247212986004,2.21354743126e-05,36723.5496854,0.494425972007,0.315047530184,0.315047530184,0.630095060369,-1.83880688454e-16,-1.80411241502e-16,0.0559955679193,74215.0327609
2016-11-18,74203.3744989,7.71695904711e-05,-0.000157087608935,16.1042406449,1.2811650835,0.00021699432104,1.72628783663e-05,32208.4812899,0.433988642081,0.36765032088,0.36765032088,0.73530064176,-1.31838984174e-16,-1.66533453694e-16,0.0775542167247,74203.3744989
2016-11-21,74309.0591058,0.00162157607879,0.00142425607467,10.157279568,4.48453059368,0.000136884334932,6.04356691858e-05,20314.559136,0.273768669865,0.32835443766,0.32835443766,0.656708875319,-8.32667268469e-17,-1.11022302463e-16,0.0632145409274,74309.0591058
2016-11-22,74124.0355747,-0.00214439360104,-0.00248991890533,24.3386898858,1.33697037346,0.000327533280312,1.79920239813e-05,48677.3797716,0.655066560624,0.351996423662,0.351996423662,0.703992847324,0,9.71445146547e-17,0.08,74124.0355747
2016-11-23,74132.4570841,0.000346818448382,0.000113613746981,15.8564080798,1.429665503,0.000213917226132,1.92874752691e-05,31712.8161597,0.427834452264,0.338059563522,0.338059563522,0.676119127045,8.32667268469e-17,6.93889390391e-17,0.0657925103651,74132.4570841
2016-11-25,74235.8359942,0.00165615364115,0.00139451616889,16.649397332,2.74643135175,0.000224589848858,3.70476233997e-05,33298.794664,0.449179697716,0.226686668946,0.226686668946,0.453373337893,6.93889390391e-18,2.77555756156e-17,0.08,74235.8359942
2016-11-28,74192.720168,-0.000309316394886,-0.0005807953204,17.3871733118,2.76629167857,0.000234215363495,3.72635620186e-05,34774.3466235,0.468430726991,0.332519785105,0.332519785105,0.665039570211,-2.77555756156e-17,2.77555756156e-17,0.069158937516,74192.720168
2016-11-29,74287.2371195,0.00149006229992,0.0012739383494,14.6830129675,1.35181081461,0.000197903688317,1.82202621976e-05,29366.025935,0.395807376634,0.212530482578,0.212530482578,0.425060965157,1.11022302463e-16,1.11022302463e-16,0.0622428092858,74287.2371195
2016-11-30,74319.2004096,0.00068235980994,0.000430266238569,17.862222455,0.865112457777,0.000240448065477,1.16455058947e-05,35724.44491,0.480896130954,0.258033155036,0.258033155036,0.516066310071,1.17961196366e-16,5.55111512313e-17,0.08,74319.2004096
2016-12-01,74267.7074093,-0.000397842637949,-0.000692862678099,20.8748689539,1.05078453487,0.000280881237134,1.41388030156e-05,41749.7379078,0.561762474269,0.297912572758,0.297912572758,0.595825145516,-4.4408920985e-16,-3.74700270811e-16,0.0640858684748,74267.7074093
2016-12-02,74444.658326,0.00263319362943,0.00238260911548,17.3979930464,1.2123443171,0.000234260537363,1.63239765895e-05,34795.9860928,0.468521074725,0.333724376776,0.333724376776,0.667448753553,-3.60822483003e-16,-4.16333634234e-16,0.08,74444.658326
2016-12-05,74342.6481528,-0.00116925948053,-0.00137028197202,10.8811059487,4.08394474589,0.000146163689825,5.48588016619e-05,21762.2118974,0.29232737965,0.293063562676,0.293063562676,0.586127125352,-2.22044604925e-16,-2.08166817117e-16,0.0781804335652,74342.6481528
2016-12-06,74376.4658875,0.000629654813145,0.000454890101336,11.7986566124,1.1938148672,0.000158706434402,1.60582774069e-05,23597.3132247,0.317412868805,0.309623588981,0.309623588981,0.619247177963,-6.10622663544e-16,-5.6898930012e-16,0.08,74376.4658875
2016-12-07,74395.4639224,0.000420023891404,0.000255430729242,10.9800106806,1.26184703035,0.000147627486054,1.69656761086e-05,21960.0213611,0.295254972108,0.391429875782,0.391429875782,0.782859751565,-9.15933995316e-16,-8.32667268469e-16,0.08,74395.4639224
2016-12-08,74081.316822,-0.00393922992414,-0.0042226647152,19.4906130628,1.5956497097,0.000261986578686,2.14482123716e-05,38981.2261255,0.523973157371,0.339200340377,0.339200340377,0.678400680753,-3.1918911958e-16,-2.49800180541e-16,0.0757610505593,74081.316822
2016-12-09,74262.4749779,0.00269169648502,0.00244539600112,16.8693651197,1.376899062,0.000227714163886,1.85863200206e-05,33738.7302394,0.455428327772,0.393644857388,0.393644857388,0.787289714777,-2.01227923213e-16,-1.83880688454e-16,0.074867660297,74262.4749779
2016-12-12,74609.1230616,0.00490491960186,0.00466787679587,12.79795399,4.80543145841,0.000172334062308,6.47087436803e-05,25595.90798,0.344668124616,0.351460988753,0.351460988753,0.702921977507,-6.80011602583e-16,-6.66133814775e-16,0.08,74609.1230616
2016-12-13,74851.7052617,0.00358354464214,0.00325137449766,23.3460905208,1.43683266637,0.000312912008113,1.925813637e-05,46692.1810416,0.625824016227,0.278452340736,0.278452340736,0.556904681472,2.49800180541e-16,2.49800180541e-16,0.0578621744163,74851.7052617
2016-12-14,74844.7706801,0.00018335945798,-9.26442694719e-05,19.5172876014,1.14206205689,0.000260746064945,1.52576625061e-05,39034.5752029,0.521492129891,0.348436736279,0.348436736279,0.696873472559,3.88578058619e-16,3.88578058619e-16,0.08,74844.7706801
2016-12-15,74884.8267283,0.000829182433013,0.0005351883356,20.5749527132,1.42896808895,0.000274901673507,1.90924239057e-05,41149.9054264,0.549803347014,0.233262445992,0.233262445992,0.466524891984,1.11022302463e-16,9.02056207508e-17,0.08,74884.8267283
2016-12-16,74897.0060868,0.000314726467111,0.000162641204448,10.4317378384,0.957140704129,0.000139303758773,1.278150389e-05,20863.4756767,0.278607517547,0.25356577533,0.25356577533,0.50713155066,1.11022302463e-16,1.05818132035e-16,0.08,74897.0060868
2016-12-19,74910.191631,0.000379266427719,0.000176049016239,12.098515307,3.12186039753,0.00016153536622,4.16820452597e-05,24197.030614,0.323070732439,0.282450941126,0.282450941126,0.564901882253,7.14706072102e-16,6.73072708679e-16,0.08,74910.191631
2016-12-20,75008.8521482,0.00153941703319,0.00131705065874,15.4981403726,1.15936734938,0.000206889610548,1.54767638973e-05,30996.2807452,0.413779221095,0.185043413242,0.185043413242,0.370086826485,0,2.77555756156e-17,0.08,75008.8521482
2016-12-21,74960.0719385,-0.000512154624971,-0.000650326038793,9.60353701217,0.76054213835,0.000128032048713,1.01393651092e-05,19207.0740243,0.256064097427,0.214317282556,0.214317282556,0.428634565112,-6.24500451352e-17,3.46944695195e-18,0.08,74960.0719385
2016-12-22,75026.7038503,0.000995373375175,0.000888898717064,7.10106096759,0.880287064005,9.47312453677e-05,1.17434127428e-05,14202.1219352,0.189462490735,0.193997798586,0.193997798586,0.387995597171,4.16333634234e-17,5.55111512313e-17,0.08,75026.7038503
2016-12-23,74981.1509863,-0.000480858253488,-0.0006071553415,8.67811913002,0.79753508943,0.000115667071651,1.06300163609e-05,17356.23826,0.231334143303,0.217244711201,0.217244711201,0.434489422403,6.93889390391e-17,5.37764277553e-17,0.08,74981.1509863
2016-12-27,74987.6538885,0.00030242954455,8.67271586831e-05,12.6033647263,3.57024843651,0.0001680871067,4.76152791674e-05,25206.7294526,0.336174213399,0.247689860444,0.247689860444,0.495379720888,-1.45716771982e-16,-1.38777878078e-16,0.0768415841966,74987.6538885
2016-12-28,74923.462778,-0.000639813679213,-0.000856022387555,15.1952478148,1.01773597406,0.000202636661195,1.35720471476e-05,30390.4956297,0.40527332239,0.30452745513,0.30452745513,0.60905491026,-1.52655665886e-16,-1.07552855511e-16,0.075603807177,74923.462778
2016-12-29,74911.9190754,3.17788872815e-05,-0.000154073265067,12.6744812598,1.25020555887,0.000169165716451,1.66864358975e-05,25348.9625196,0.338331432901,0.227221887409,0.227221887409,0.454443774819,-1.11022302463e-16,-8.32667268469e-17,0.0647883200964,74911.9190754
2016-12-30,74873.7245534,-0.000270990091138,-0.000509859079287,16.9614423843,0.932691925577,0.00022641847377,1.24505143786e-05,33922.8847685,0.452836947541,0,0,0,0,0,0,74873.7245534
