date,nav,gross_return,net_return,trading_cost,borrow_cost,trading_cost_return,borrow_cost_return,traded_notional,turnover,long_exposure,short_exposure,gross_exposure,net_exposure,estimated_beta_exposure,max_position,cash
2010-01-04,99902.5564052,0,-0.000974435947673,97.4435947673,0,0.000974435947673,0,48721.7973837,0.487217973837,0.243846599811,0.243846599811,0.487693199622,-1.11022302463e-16,1.38777878078e-17,0.08,99902.5564052
2010-01-05,99817.5809718,0.000177167628999,-0.0008505831727,101.340088673,1.33484376394,0.00101438934417,1.33614575239e-05,50670.0443366,0.507194672087,0.309599085353,0.309599085353,0.619198170707,-1.5959455979e-16,-8.32667268469e-17,0.08,99817.5809718
2010-01-06,99827.2421191,0.000821538691036,9.67880325196e-05,70.6495188136,1.69333872718,0.000707786325072,1.6964333444e-05,35324.7594068,0.353893162536,0.264012467707,0.264012467707,0.528024935414,-2.77555756156e-16,-2.74086309204e-16,0.08,99827.2421191
2010-01-07,99677.1856719,-0.000462315780253,-0.00150316130149,102.46059339,1.44414446774,0.00102637908465,1.44664365867e-05,51230.2966949,0.513189542327,0.423418416763,0.423418416763,0.846836833527,-6.31439345256e-16,-6.66133814775e-16,0.08,99677.1856719
2010-01-08,99668.5370735,0.000655411585699,-8.67660771336e-05,71.6655694041,2.3126112956,0.000718976653695,2.32010091377e-05,35832.784702,0.359488326847,0.467341978784,0.467341978784,0.934683957567,-1.65145674913e-15,-1.5959455979e-15,0.08,99668.5370735
2010-01-11,99094.7110746,-0.00468528130125,-0.00575734344878,99.1939960867,7.65686980906,0.000995238808547,7.68233389781e-05,49596.9980433,0.497619404273,0.5,0.5,1,-8.60422844084e-16,-6.83481049535e-16,0.076758812741,99094.7110746
2010-01-12,99245.8948764,0.00259702651284,0.0015256495548,103.452866518,2.71492359108,0.00104397969777,2.7397260274e-05,51726.433259,0.521989848884,0.444891022197,0.444891022197,0.889782044393,-3.15719672628e-16,-3.05311331772e-16,0.08,99245.8948764
2010-01-13,99197.8875898,0.000503678746564,-0.000483720628456,95.5759588142,2.41937576002,0.000963021784763,2.43775902574e-05,47787.9794071,0.481510892381,0.29783687918,0.29783687918,0.59567375836,-2.42861286637e-17,-4.16333634234e-17,0.08,99197.8875898
2010-01-14,99123.2986626,0.000363066351872,-0.000751920519243,108.985449743,1.61889256224,0.00109866704212,1.63198289962e-05,54492.7248714,0.549333521059,0.351420441159,0.351420441159,0.702840882317,0,-5.55111512313e-17,0.08,99123.2986626
2010-01-15,99263.2254697,0.00218981957256,0.00141164397189,75.2266227054,1.90870977234,0.000758919686092,1.9255914584e-05,37613.3113527,0.379459843046,0.292109016459,0.292109016459,0.584218032919,8.32667268469e-17,9.36750677027e-17,0.08,99263.2254697
2010-01-19,99119.0471113,-0.000797569364989,-0.00145248512431,58.6538324537,6.35521822741,0.000590891865302,6.40238940185e-05,29326.9162268,0.295445932651,0.27012641368,0.27012641368,0.540252827359,2.08166817117e-16,1.80411241502e-16,0.08,99119.0471113
2010-01-20,98975.6656386,-0.000348977972155,-0.00144655822301,107.324003239,1.46710535471,0.00108277880353,1.48014473249e-05,53662.0016193,0.541389401767,0.354457723308,0.354457723308,0.708915446617,2.35922392733e-16,3.05311331772e-16,0.08,98975.6656386
2010-01-21,98585.229318,-0.00324942254235,-0.0039447708496,66.9002224313,1.92233912905,0.000675925966243,1.94223410032e-05,33450.1112157,0.337962983122,0.271930679918,0.271930679918,0.543861359835,2.77555756156e-17,8.67361737988e-18,0.08,98585.229318
2010-01-22,98619.0652893,0.00123842015255,0.000343215424388,86.7850128132,1.46895059936,0.000880304416935,1.49003112284e-05,43392.5064066,0.440152208468,0.368050660959,0.368050660959,0.736101321918,5.55111512313e-17,6.59194920871e-17,0.08,98619.0652893
2010-01-25,98551.64701,0.000193138203886,-0.000683623182648,80.498789162,5.96659925965,0.00081625990802,6.05014785138e-05,40249.394581,0.40812995401,0.348118774602,0.348118774602,0.696237549204,1.38777878078e-16,2.35922392733e-16,0.08,98551.64701
2010-01-26,98199.0305154,-0.00300355675865,-0.00357798682529,54.7311563599,1.87987279957,0.000555355065292,1.90750013481e-05,27365.57818,0.277677532646,0.326457786267,0.326457786267,0.652915572534,8.32667268469e-17,1.38777878078e-16,0.08,98199.0305154
2010-01-27,97854.6732638,-0.00276115615164,-0.00350672761064,71.4578005839,1.75659386935,0.000727683361117,1.78880978776e-05,35728.900292,0.363841680559,0.35328747525,0.35328747525,0.7065749505,1.87350135405e-16,3.53883589099e-16,0.08,97854.6732638
2010-01-28,97969.5191973,0.00187474509433,0.00117363769908,66.7123430048,1.89429207993,0.000681749177425,1.93582178219e-05,33356.1715024,0.340874588713,0.277441779843,0.277441779843,0.554883559686,1.73472347598e-17,0,0.08,97969.5191973
2010-01-29,97773.816648,-0.00082462048542,-0.00199758609527,113.425515858,1.48936097405,0.00115776332054,1.52022893065e-05,56712.7579289,0.578881660271,0.343498835431,0.343498835431,0.686997670861,2.77555756156e-17,1.38777878078e-17,0.08,97773.816648
2010-02-01,98034.3532998,0.0035119475883,0.00266468734398,77.3190142772,5.5208535048,0.000790794682338,5.64655619886e-05,38659.5071386,0.395397341169,0.357852586975,0.357852586975,0.715705173951,-1.11022302463e-16,-6.93889390391e-17,0.08,98034.3532998
2010-02-02,98207.3901803,0.00263538950553,0.00176506372173,83.3995323916,1.92229298306,0.000850717422867,1.96083609302e-05,41699.7661958,0.425358711433,0.323063109447,0.323063109447,0.646126218894,-2.77555756156e-17,-1.2490009027e-16,0.08,98207.3901803
2010-02-03,98314.315759,0.00226190453455,0.00108877324244,113.471686655,1.73847588177,0.00115542920392,1.77020881889e-05,56735.8433274,0.577714601959,0.388045877272,0.388045877272,0.776091754545,-1.11022302463e-16,-2.18575157973e-16,0.08,98314.315759
2010-02-04,98027.1286809,-0.00154657081682,-0.00292111149635,133.046589958,2.09043643327,0.00135327789173,2.12627877957e-05,66523.2949788,0.676638945867,0.421811232799,0.421811232799,0.843622465598,2.77555756156e-17,3.81639164715e-17,0.08,98027.1286809
2010-02-05,97954.5264438,0.00052256363359,-0.000740634130084,121.561954168,2.26569556146,0.00124008481941,2.3112944263e-05,60780.9770838,0.620042409706,0.287065450316,0.287065450316,0.574130900633,1.5959455979e-16,9.71445146547e-17,0.08,97954.5264438
2010-02-08,97638.4409875,-0.00212489973134,-0.00322685911221,103.319548724,4.62236058807,0.00105477053971,4.71888411479e-05,51659.7743622,0.527385269857,0.336533112074,0.336533112074,0.673066224148,2.77555756156e-16,3.05311331772e-16,0.08,97638.4409875
2010-02-09,97522.2690228,-0.000205792477778,-0.00118981789858,94.2782384773,1.80046950157,0.000965585250274,1.84401705246e-05,47139.1192386,0.482792625137,0.295053536277,0.295053536277,0.590107072554,1.80411241502e-16,2.49800180541e-16,0.08,97522.2690228
2010-02-10,97481.3332414,0.000364645262587,-0.000419758295528,74.9201413736,1.57667344334,0.000768236241059,1.61673170563e-05,37460.0706868,0.384118120529,0.350980254647,0.350980254647,0.701960509294,-1.38777878078e-17,6.93889390391e-17,0.08,97481.3332414
2010-02-11,97372.0502229,-0.000154308810353,-0.00112106610459,92.3660489681,1.87474099531,0.000947525499465,1.92317947752e-05,46183.0244841,0.473762749733,0.283893963566,0.283893963566,0.567787927132,5.55111512313e-17,9.71445146547e-17,0.08,97372.0502229
2010-02-12,97316.5682242,0.000321336819233,-0.000569793883573,85.2565201363,1.51470341251,0.000875574869186,1.555583362e-05,42628.2600681,0.437787434593,0.370278631365,0.370278631365,0.74055726273,-5.55111512313e-17,0,0.08,97316.5682242
2010-02-16,97379.3145038,0.00167435633308,0.000644764613793,92.2984159298,7.89791686382,0.000948434758993,8.11569602991e-05,46149.2079649,0.474217379496,0.35038529669,0.35038529669,0.700770593381,-2.77555756156e-17,4.16333634234e-17,0.08,97379.3145038
2010-02-17,97462.7703953,0.00218062401581,0.000857018679729,127.022175917,1.86960438378,0.00130440614174,1.91991943392e-05,63511.0879587,0.652203070871,0.303043429378,0.303043429378,0.606086858756,-5.55111512313e-17,-3.46944695195e-17,0.08,97462.7703953
2010-02-18,97286.3831265,-0.000876970699211,-0.00180979124796,89.2968940218,1.61838094122,0.000916215429334,1.6605119418e-05,44648.4470109,0.458107714667,0.264208197522,0.264208197522,0.528416395045,4.16333634234e-17,3.46944695195e-17,0.08,97286.3831265
2010-02-19,97222.8094257,5.70436016555e-05,-0.000653469670522,67.7148357325,1.40843068106,0.00069603611067,1.44771615081e-05,33857.4178662,0.348018055335,0.334824735455,0.334824735455,0.669649470911,1.38777878078e-16,1.52655665886e-16,0.08,97222.8094257
2010-02-22,97292.5808432,0.00147273294179,0.000717644531229,68.0607040728,5.3511125665,0.000700048728018,5.50396825406e-05,34030.3520364,0.350024364009,0.298154686299,0.298154686299,0.596309372598,5.89805981832e-17,7.6327832943e-17,0.08,97292.5808432
2010-02-23,97186.8114136,-0.000425603899713,-0.00108712739127,62.7718352387,1.58949254359,0.000645186248475,1.63372430849e-05,31385.9176193,0.322593124237,0.200369770095,0.200369770095,0.40073954019,9.02056207508e-17,5.89805981832e-17,0.08,97186.8114136
2010-02-24,96941.3077652,-0.00193248351155,-0.00252610045365,56.6247077187,1.06703008544,0.000582637776619,1.09791654847e-05,28312.3538594,0.291318888309,0.226306312757,0.226306312757,0.452612625514,2.08166817117e-16,1.17961196366e-16,0.08,96941.3077652
2010-02-25,96814.3493703,-0.000940533054565,-0.00130964186313,34.5797848613,1.20210574872,0.000356708462662,1.24003459045e-05,17289.8924307,0.178354231331,0.175992910257,0.175992910257,0.351985820514,0,-1.38777878078e-17,0.08,96814.3493703
2010-02-26,96768.882483,-0.000113803791652,-0.000469629632197,33.5154231812,0.93362406029,0.000346182393408,9.64344713736e-06,16757.7115906,0.173091196704,0.192736892447,0.192736892447,0.385473784895,3.46944695195e-17,4.16333634234e-17,0.08,96768.882483
2010-03-01,96754.9555847,0.000625186082251,-0.000143919181526,71.3595499787,3.06590690883,0.000737422486937,3.16827768407e-05,35679.7749894,0.368711243468,0.332649815517,0.332649815517,0.665299631033,-3.08780778724e-16,-2.91433543964e-16,0.08,96754.9555847
2010-03-02,97068.17333,0.00421387802335,0.00323722690477,92.7322455657,1.76359003428,0.000958423731429,1.82273871516e-05,46366.1227829,0.479211865715,0.273204990772,0.273204990772,0.546409981544,-4.16333634234e-17,6.93889390391e-18,0.08,97068.17333
2010-03-03,97051.7855574,0.000588938667204,-0.000168827455126,72.1018495033,1.45312380268,0.00074279598585,1.49701364807e-05,36050.9247517,0.371397992925,0.266334831047,0.266334831047,0.532669662094,-9.71445146547e-17,-2.77555756156e-17,0.08,97051.7855574
2010-03-04,97129.6809373,0.00151816361437,0.000802616659788,68.0287659812,1.41634361146,0.000700953265213,1.45936893724e-05,34014.3829906,0.350476632606,0.290219767302,0.290219767302,0.580439534604,-3.1918911958e-16,-2.08166817117e-16,0.08,97129.6809373
2010-03-05,96869.9165048,-0.00160455596288,-0.00267440837904,102.369823645,1.54460018629,0.00105394996316,1.59024530029e-05,51184.9118227,0.526974981579,0.386161345604,0.386161345604,0.772322691209,-2.42861286637e-17,8.32667268469e-17,0.08,96869.9165048
2010-03-08,96680.5145246,-0.000840210319854,-0.00195521981439,101.861712149,6.14916448867,0.00105153091718,6.34785773596e-05,50930.8560746,0.525765458589,0.5,0.5,1,-5.55111512313e-17,-2.77555756156e-17,0.0727264318875,96680.5145246
2010-03-09,96524.797023,-0.000766841469286,-0.00161063997613,78.9300925767,2.64878121985,0.000816401246568,2.7397260274e-05,39465.0462884,0.408200623284,0.455587370951,0.455587370951,0.911174741902,-2.08166817117e-17,-1.38777878078e-17,0.08,96524.797023
2010-03-10,96371.7429729,-0.000727068236115,-0.0015856448785,80.4643208742,2.40961526067,0.000833612950826,2.4963691559e-05,40232.1604371,0.416806475413,0.310925270324,0.310925270324,0.621850540647,-1.11022302463e-16,-8.32667268469e-17,0.08,96371.7429729
2010-03-11,96421.6988181,0.00126815600344,0.000518366106687,70.6166737217,1.64188549235,0.000732752895644,1.70370011136e-05,35308.3368608,0.366376447822,0.373308261529,0.373308261529,0.746616523058,5.89805981832e-17,8.32667268469e-17,0.08,96421.6988181
2010-03-12,96147.1810111,-0.00191378732383,-0.00284705424651,88.0148524499,1.97232968545,0.00091281167547,2.04552472071e-05,44007.4262249,0.456405837735,0.397834500703,0.397834500703,0.795669001407,-1.38777878078e-16,-6.93889390391e-17,0.08,96147.1810111
2010-03-15,96191.4647804,0.00141356485812,0.000460583127465,85.3387262856,6.28778067149,0.00088758427848,6.53974521704e-05,42669.3631428,0.44379213924,0.334122771066,0.334122771066,0.668245542133,-6.93889390391e-18,6.93889390391e-18,0.08,96191.4647804
2010-03-16,95962.8334054,-0.00145751786139,-0.00237683640189,86.6695143381,1.76108267207,0.000901010443452,1.83080970447e-05,43334.757169,0.450505221726,0.291567385288,0.291567385288,0.583134770575,1.66533453694e-16,1.52655665886e-16,0.08,95962.8334054
2010-03-17,95891.595864,-2.86962316645e-06,-0.000742345122706,69.4290336261,1.53313054361,0.000723499204455,1.59762950843e-05,34714.516813,0.361749602228,0.369940847494,0.369940847494,0.739881694989,8.32667268469e-17,6.93889390391e-17,0.08,95891.595864
2010-03-18,96000.5956286,0.00197301877454,0.0011366977844,78.2523616191,1.94379278036,0.000816050258775,2.02707313696e-05,39126.1808096,0.408025129387,0.426602672206,0.426602672206,0.853205344412,3.46944695195e-17,3.46944695195e-17,0.08,96000.5956286
2010-03-19,96180.6229682,0.00271720904742,0.00187527315249,78.5822865372,2.24406085636,0.000818560406034,2.3375488888e-05,39291.1432686,0.409280203017,0.418023696306,0.418023696306,0.836047392612,1.52655665886e-16,9.71445146547e-17,0.08,96180.6229682
2010-03-22,96192.2832983,0.00135864937851,0.000121233671688,112.406244316,6.60916923718,0.00116869948277,6.87162240503e-05,56203.1221579,0.584349741387,0.320065023299,0.320065023299,0.640130046599,2.77555756156e-17,-8.32667268469e-17,0.08,96192.2832983
2010-03-23,96197.9940535,0.00104778031869,5.93681222147e-05,93.3906240797,1.68700193946,0.000970874386984,1.75378094959e-05,46695.3120399,0.485437193492,0.271050059827,0.271050059827,0.542100119655,1.11022302463e-16,5.55111512313e-17,0.08,96197.9940535
2010-03-24,96121.8275197,0.000130342651287,-0.000791768420333,87.2764971902,1.42873819416,0.000907259013548,1.48520580727e-05,43638.2485951,0.453629506774,0.208394223555,0.208394223555,0.41678844711,4.16333634234e-17,5.55111512313e-17,0.08,96121.8275197
2010-03-25,95847.9594745,-0.00230581323742,-0.00284917642812,51.1314610558,1.09760184179,0.000531944329142,1.14188615647e-05,25565.7305279,0.265972164571,0.204706344749,0.204706344749,0.409412689498,5.55111512313e-17,6.93889390391e-17,0.08,95847.9594745
2010-03-26,95894.5791602,0.00092676409113,0.00048639205172,41.1336553358,1.07510605127,0.000429155253396,1.12167860136e-05,20566.8276679,0.214577626698,0.257741659954,0.257741659954,0.515483319909,-2.77555756156e-17,-2.77555756156e-17,0.08,95894.5791602
2010-03-29,96132.0567158,0.00317659766402,0.00247644400513,63.0780317519,4.06290871453,0.00065778516684,4.23684920473e-05,31539.015876,0.32889258342,0.361941334993,0.361941334993,0.723882669985,-6.93889390391e-18,0,0.08,96132.0567158
2010-03-30,96033.8432354,1.87492881954e-06,-0.00102165171359,96.4871916525,1.90652958593,0.00100369424049,1.98324019174e-05,48243.5958262,0.501847120247,0.378924103142,0.378924103142,0.757848206284,-2.35922392733e-16,-1.52655665886e-16,0.08,96033.8432354
2010-03-31,95788.8956147,-0.0015840118123,-0.00255063852882,90.8349312776,1.99394728325,0.000945863751958,2.07629645557e-05,45417.4656388,0.472931875979,0.390263091687,0.390263091687,0.780526183375,5.55111512313e-17,1.70002900646e-16,0.08,95788.8956147
2010-04-01,95539.4121412,-0.00148294396952,-0.00260451351798,105.385531933,2.0483764686,0.00110018526946,2.13842789966e-05,52692.7659666,0.55009263473,0.26840658309,0.26840658309,0.53681316618,0,3.46944695195e-17,0.08,95539.4121412
2010-04-05,95501.3624533,0.000373142373243,-0.000398261691933,68.0790181074,5.62047280291,0.000712575225047,5.88288401293e-05,34039.5090537,0.356287612524,0.27421892919,0.27421892919,0.54843785838,-2.77555756156e-17,3.46944695195e-18,0.08,95501.3624533
2010-04-06,95419.0108168,-0.000248285805549,-0.000862308499094,57.2050294903,1.43497432045,0.000598996998795,1.50256947501e-05,28602.5147452,0.299498499397,0.289133850996,0.289133850996,0.578267701992,2.77555756156e-17,2.77555756156e-17,0.08,95419.0108168
2010-04-07,95549.2143682,0.00202173157649,0.00136454518156,61.1963570386,1.51171868798,0.000641343444191,1.58429507395e-05,30598.1785193,0.320671722096,0.332805156835,0.332805156835,0.665610313669,-2.49800180541e-16,-1.35308431126e-16,0.08,95549.2143682
2010-04-08,95674.7790769,0.00194631567072,0.00131413648442,58.6617987675,1.74242582319,0.000613943287293,1.82358990046e-05,29330.8993838,0.306971643647,0.288628623256,0.288628623256,0.577257246513,-6.10622663544e-16,-6.31439345256e-16,0.08,95674.7790769
2010-04-09,95436.3248492,-0.00121765365391,-0.00249234155574,120.442361221,1.51312217892,0.0012588726348,1.58152670277e-05,60221.1806103,0.629436317401,0.360032034373,0.360032034373,0.720064068746,5.55111512313e-17,-4.16333634234e-17,0.08,95436.3248492
2010-04-12,95290.2119559,-0.000708598835606,-0.00153099874195,72.838583381,5.64824123647,0.000763216558224,5.91833481161e-05,36419.2916905,0.381608279112,0.281592206008,0.281592206008,0.563184412017,-2.49800180541e-16,-2.74086309204e-16,0.08,95290.2119559
2010-04-13,95194.900715,-0.000279238043343,-0.00100022068294,67.2322882155,1.47030032853,0.000705552929683,1.54297099183e-05,33616.1441078,0.352776464841,0.31674664177,0.31674664177,0.63349328354,-1.38777878078e-16,-1.71737624122e-16,0.08,95194.900715
2010-04-14,94917.7697394,-0.00214365782275,-0.00291119559463,71.413481161,1.65220082822,0.00075018179151,1.73559803709e-05,35706.7405805,0.375090895755,0.303751498496,0.303751498496,0.607502996993,0,1.73472347598e-18,0.08,94917.7697394
2010-04-15,94708.2747206,-0.00173081452381,-0.00220712116753,43.6301607838,1.57980355026,0.000459662725996,1.66439177258e-05,21815.0803919,0.229831362998,0.260114418639,0.260114418639,0.520228837279,-8.32667268469e-17,-9.71445146547e-17,0.08,94708.2747206
2010-04-16,94798.9941043,0.00145551836149,0.000957882338143,45.7803868638,1.34986234626,0.00048338317849,1.42528448569e-05,22890.1934319,0.241691589245,0.287158181145,0.287158181145,0.57431636229,-2.49800180541e-16,-2.49800180541e-16,0.08,94798.9941043
2010-04-19,94662.1757504,-0.00072142347466,-0.001443246895,63.9532344339,4.47489973502,0.000674619335766,4.72040845718e-05,31976.6172169,0.337309667883,0.278614622205,0.278614622205,0.557229244409,4.16333634234e-17,5.55111512313e-17,0.08,94662.1757504
2010-04-20,94421.8657178,-0.00196775361023,-0.00253860668963,52.593029252,1.44516527856,0.000555586524767,1.52665546414e-05,26296.514626,0.277793262383,0.334631265059,0.334631265059,0.669262530117,1.52655665886e-16,1.2490009027e-16,0.08,94421.8657178
2010-04-21,94189.4046253,-0.00159075113659,-0.00246194131679,80.5280866822,1.73131552736,0.000852854220472,1.83359597292e-05,40264.0433411,0.426427110236,0.259883805916,0.259883805916,0.519767611832,-4.16333634234e-17,1.38777878078e-17,0.08,94189.4046253
2010-04-22,93964.4477007,-0.0016877304623,-0.00238834639103,64.6493204336,1.34127676444,0.000686375720186,1.42402085433e-05,32324.6602168,0.343187860093,0.296649867985,0.296649867985,0.59329973597,2.22044604925e-16,2.77555756156e-16,0.08,93964.4477007
2010-04-23,93596.8303,-0.00311016005084,-0.00391230310798,73.8455572305,1.5273721099,0.000785888269845,1.62547872868e-05,36922.7786152,0.392944134923,0.358323998148,0.358323998148,0.716647996296,1.66533453694e-16,2.25514051877e-16,0.08,93596.8303
2010-04-26,93236.5096055,-0.00267939755333,-0.00384971043736,104.024482084,5.51309432007,0.00111141030899,5.8902575038e-05,52012.2410419,0.555705154493,0.37529392989,0.37529392989,0.75058785978,-1.38777878078e-16,-7.2858385991e-17,0.08,93236.5096055
2010-04-27,93419.2894439,0.00256209453082,0.00196038911429,54.1835925135,1.9173203342,0.000581141365574,2.05640509529e-05,27091.7962567,0.290570682787,0.357495298714,0.357495298714,0.714990597428,-2.77555756156e-16,-1.17961196366e-16,0.08,93419.2894439
2010-04-28,93776.5395508,0.00458938517567,0.00382415782619,69.6570250164,1.82997023482,0.000745638565985,1.95887834912e-05,34828.5125082,0.372819282993,0.232959225491,0.232959225491,0.465918450982,-2.77555756156e-17,1.4224732503e-16,0.08,93776.5395508
2010-04-29,93580.8537545,-0.00123787455211,-0.00208672443228,78.4051572353,1.19704712455,0.000836084991096,1.2764889068e-05,39202.5786177,0.418042495548,0.310544223561,0.310544223561,0.621088447122,-9.71445146547e-17,-1.19695919842e-16,0.08,93580.8537545
2010-04-30,93493.7158993,4.73249208388e-05,-0.000931150462631,89.9741785537,1.59238320928,0.000961459261631,1.70161218389e-05,44987.0892768,0.480729630816,0.316736677346,0.316736677346,0.633473354693,-6.93889390391e-17,-9.02056207508e-17,0.08,93493.7158993
2010-05-03,93640.2369864,0.00267656437851,0.00156717577979,98.8529903188,4.86787215233,0.0010573222956,5.20663031254e-05,49426.4951594,0.5286611478,0.197896559091,0.197896559091,0.395793118183,1.38777878078e-17,0,0.08,93640.2369864
2010-05-04,93642.4905648,0.000858330611202,2.40663464246e-05,77.1053017812,1.01540168176,0.000823420617704,1.08436470735e-05,38552.6508906,0.411710308852,0.301374600187,0.301374600187,0.602749200374,0,-2.77555756156e-17,0.08,93642.4905648
2010-05-05,93644.4110206,0.00105181306705,2.05083804097e-05,95.0275575715,1.54638181668,0.00101479100992,1.65136767226e-05,47513.7787857,0.507395504959,0.32848149364,0.32848149364,0.65696298728,2.77555756156e-17,2.77555756156e-17,0.08,93644.4110206
2010-05-06,93548.9001163,-0.000333820199098,-0.00101993171011,62.5650039044,1.68550443852,0.000668112525056,1.79989859529e-05,31282.5019522,0.334056262528,0.290758133046,0.290758133046,0.581516266092,1.11022302463e-16,1.11022302463e-16,0.08,93548.9001163
2010-05-07,93459.9829542,-0.000426297372675,-0.000950488589439,47.5470951462,1.49041663267,0.000508259264268,1.59319524957e-05,23773.5475731,0.254129632134,0.259511282787,0.259511282787,0.519022565574,8.32667268469e-17,7.6327832943e-17,0.08,93459.9829542
2010-05-10,93361.7159214,-0.000190236695352,-0.00105143431093,76.5005687078,3.98694576422,0.000818538226625,4.26593889513e-05,38250.2843539,0.409269113313,0.386486601223,0.386486601223,0.772973202446,1.66533453694e-16,1.5959455979e-16,0.08,93361.7159214
2010-05-11,93458.6524105,0.00207870013496,0.00103828949775,95.1573688044,1.97715354908,0.0010192332892,2.11773480122e-05,47578.6844022,0.509616644602,0.367208596295,0.367208596295,0.734417192591,0,7.97972798949e-17,0.08,93458.6524105
2010-05-12,93334.1258104,-0.000454308394742,-0.00133242452045,80.1870664503,1.88048331854,0.000857995106735,2.01210189751e-05,40093.5332251,0.428997553368,0.35873498644,0.35873498644,0.717469972879,-2.77555756156e-17,5.89805981832e-17,0.08,93334.1258104
2010-05-13,93484.7070642,0.00246139019637,0.00161335687743,77.3158064889,1.83464199216,0.000828376607351,1.96567115857e-05,38657.9032445,0.414188303676,0.305064296441,0.305064296441,0.610128592882,-1.21430643318e-16,-6.93889390391e-17,0.08,93484.7070642
2010-05-14,93334.6173774,-0.000955807758912,-0.00160549988859,59.1736019101,1.56267651444,0.000632976277815,1.67158518598e-05,29586.8009551,0.316488138908,0.27515258958,0.27515258958,0.550305179159,-2.77555756156e-17,-4.85722573274e-17,0.08,93334.6173774
2010-05-17,93295.1938737,0.000275324840354,-0.000422388872229,60.8992651423,4.22157726063,0.000652483149912,4.52305626706e-05,30449.6325711,0.326241574956,0.216929127115,0.216929127115,0.433858254231,0,5.89805981832e-17,0.08,93295.1938737
2010-05-18,93165.2743397,-0.000748715049418,-0.00139256406042,58.9590624176,1.10895588883,0.000631962483485,1.18865275132e-05,29479.5312088,0.315981241742,0.262967813947,0.262967813947,0.525935627893,6.24500451352e-17,1.17961196366e-16,0.08,93165.2743397
2010-05-19,93221.6840551,0.00118894019383,0.000605480055025,53.0157872661,1.34243663172,0.000569050943518,1.44091952847e-05,26507.893633,0.284525471759,0.295615652132,0.295615652132,0.591231304264,1.87350135405e-16,2.22044604925e-16,0.08,93221.6840551
2010-05-20,93172.1525432,0.000426297042084,-0.000531330369669,87.7616241894,1.51001583149,0.000941429293828,1.6198117925e-05,43880.8120947,0.470714646914,0.35299978141,0.35299978141,0.70599956282,1.17961196366e-16,1.11022302463e-16,0.08,93172.1525432
2010-05-21,93169.6066344,0.000599186750865,-2.73247827368e-05,56.571250125,1.80217805377,0.000607169079826,1.93424537759e-05,28285.6250625,0.303584539913,0.325874258446,0.325874258446,0.651748516892,6.24500451352e-17,1.17961196366e-16,0.08,93169.6066344
2010-05-24,92815.7478663,-0.00284200184738,-0.00379800646202,84.079629809,4.99094407754,0.000902436243387,5.35683712514e-05,42039.8149045,0.451218121694,0.423499345563,0.423499345563,0.846998691127,-1.11022302463e-16,-4.16333634234e-17,0.08,92815.7478663
2010-05-25,92640.5054615,-0.00113609652618,-0.00188806758448,67.6409255479,2.15383060161,0.000728765614703,2.32054435925e-05,33820.462774,0.364382807351,0.330279098885,0.330279098885,0.66055819777,-5.55111512313e-17,-4.16333634234e-17,0.08,92640.5054615
2010-05-26,92241.5659809,-0.00374357385186,-0.00430631804703,50.45634654,1.67656014598,0.000544646710299,1.80974848704e-05,25228.17327,0.27232335515,0.314164546128,0.314164546128,0.628329092256,-6.93889390391e-17,-4.16333634234e-17,0.08,92241.5659809
2010-05-27,92191.3281369,1.29119405115e-05,-0.000544633468422,49.8409695866,1.58789203893,0.000540330913255,1.72144956782e-05,24920.4847933,0.270165456628,0.220767720305,0.220767720305,0.44153544061,-2.42861286637e-16,-1.80411241502e-16,0.08,92191.3281369
2010-05-28,92084.6223087,-0.00066679178609,-0.00115743888668,44.1181821323,1.11522571752,0.000478550239203,1.20968613866e-05,22059.0910662,0.239275119601,0.242227501783,0.242227501783,0.484455003567,-1.38777878078e-16,-1.11022302463e-16,0.08,92084.6223087
2010-06-01,91907.9284429,-0.00104045756249,-0.00191882055212,75.9948632155,4.88886093469,0.000825272030336,5.3090959295e-05,37997.4316077,0.412636015168,0.31749139107,0.31749139107,0.63498278214,1.38777878078e-17,8.32667268469e-17,0.08,91907.9284429
2010-06-02,92210.3577382,0.00394431905637,0.00329056807635,58.4859954937,1.59890279735,0.000636354191467,1.73967885518e-05,29242.9977468,0.318177095734,0.299263271886,0.299263271886,0.598526543772,4.16333634234e-17,1.66533453694e-16,0.08,92210.3577382
2010-06-03,92361.3369944,0.00239309577671,0.00163733510999,68.1768971496,1.51206429362,0.000739362679225,1.63979875006e-05,34088.4485748,0.369681339613,0.327751013384,0.327751013384,0.655502026767,1.38777878078e-16,1.66533453694e-16,0.08,92361.3369944
2010-06-04,92348.3800899,0.000931606978591,-0.000140284938803,97.3426570809,1.65871352314,0.00105393295776,1.79589596375e-05,48671.3285405,0.526966478879,0.321597610427,0.321597610427,0.643195220853,1.94289029309e-16,1.52655665886e-16,0.08,92348.3800899
2010-06-07,92084.9136364,-0.00138446803485,-0.00285296237165,130.731042759,4.88203041595,0.00141562897619,5.28653606181e-05,65365.5213796,0.707814488094,0.414324041442,0.414324041442,0.828648082885,1.11022302463e-16,2.42861286637e-16,0.08,92084.9136364
2010-06-08,92260.3458349,0.00278938455522,0.00190511335192,79.3374623971,2.09057499034,0.000861568516102,2.27026872023e-05,39668.7311986,0.430784258051,0.355356672125,0.355356672125,0.710713344251,2.77555756156e-17,4.51028103754e-17,0.08,92260.3458349
2010-06-09,92236.1914314,0.000958961511447,-0.000261806990715,110.832067785,1.79645640904,0.00120129690369,1.94715984726e-05,55416.0338924,0.600648451845,0.324629011266,0.324629011266,0.649258022532,4.16333634234e-17,-2.77555756156e-17,0.08,92236.1914314
2010-06-10,91973.4105912,-0.00218549672913,-0.00284899924946,59.5582581583,1.64068732204,0.000645714629301,1.77878910283e-05,29779.1290791,0.322857314651,0.354716691532,0.354716691532,0.709433383064,-4.16333634234e-17,-4.16333634234e-17,0.08,91973.4105912
2010-06-11,92070.0130023,0.00198950735815,0.0010503297687,84.5917220026,1.78764405007,0.000919741058408,1.94365310429e-05,42295.8610013,0.459870529204,0.224306966136,0.224306966136,0.448613932272,-1.38777878078e-17,-4.16333634234e-17,0.08,92070.0130023
2010-06-14,91927.6248428,-0.000646644073468,-0.001546520467,79.4567909319,3.39484032142,0.000863004015541,3.68723779949e-05,39728.3954659,0.43150200777,0.358275786482,0.358275786482,0.716551572963,2.77555756156e-17,-4.85722573274e-17,0.08,91927.6248428
2010-06-15,91894.2970315,0.000413026166476,-0.000362544027264,69.4916440511,1.80468175835,0.000755938643796,1.96315499442e-05,34745.8220255,0.377969321898,0.491196401065,0.491196401065,0.98239280213,-6.93889390391e-17,-1.31838984174e-16,0.08,91894.2970315
2010-06-16,91961.8721324,0.0019185322863,0.000735356851441,106.253751674,2.473323177,0.00115626056356,2.69148712912e-05,53126.875837,0.578130281782,0.5,0.5,1,5.55111512313e-17,-4.16333634234e-17,0.078181283482,91961.8721324
2010-06-17,91718.8561388,-0.00138071614848,-0.00264257336138,113.523248316,2.51950334609,0.00123445995262,2.7397260274e-05,56761.6241579,0.617229976312,0.468123844886,0.468123844886,0.936247689772,-3.88578058619e-16,-3.1918911958e-16,0.08,91718.8561388
2010-06-18,91717.0066288,0.00125185337104,-2.01649921411e-05,114.315423583,2.35264567585,0.00124636774155,2.56506216376e-05,57157.7117915,0.623183870773,0.285808322312,0.285808322312,0.571616644624,-4.16333634234e-17,5.20417042793e-18,0.08,91717.0066288
2010-06-21,91705.4889731,0.00129610106204,-0.000125578190367,126.083099588,4.30906582883,0.00137469706244,4.69821899691e-05,63041.5497941,0.687348531219,0.301743724953,0.301743724953,0.603487449906,-2.22044604925e-16,-1.66533453694e-16,0.08,91705.4889731
2010-06-22,91401.283502,-0.00260031283953,-0.00331720025137,64.2262610064,1.51624963514,0.000700353509103,1.65339027372e-05,32113.1305032,0.350176754552,0.287891511842,0.287891511842,0.575783023684,-2.15105711021e-16,-8.32667268469e-17,0.08,91401.283502
2010-06-23,91570.7402802,0.00261351435493,0.0018539868555,67.9799442653,1.4418440379,0.000743752622071,1.57748773612e-05,33989.9721326,0.371876311035,0.295363778177,0.295363778177,0.590727556354,-3.88578058619e-16,-2.77555756156e-16,0.08,91570.7402802
2010-06-24,91135.0873193,-0.00357316235264,-0.00475755639434,106.97382933,1.48200985313,0.0011682097251,1.61843166124e-05,53486.9146648,0.584104862548,0.438592446105,0.438592446105,0.877184892211,1.38777878078e-17,5.55111512313e-17,0.08,91135.0873193
2010-06-25,91124.2738319,0.000781369481139,-0.000118653393376,79.8334626624,2.1902005958,0.000875990411714,2.40324628003e-05,39916.7313312,0.437995205857,0.312398118655,0.312398118655,0.62479623731,-5.55111512313e-17,1.11022302463e-16,0.08,91124.2738319
2010-06-28,90754.3783945,-0.00298870184048,-0.00405924153773,92.8726371706,4.67951534941,0.00101918658185,5.13531153953e-05,46436.3185853,0.509593290927,0.392370124809,0.392370124809,0.784740249619,-8.32667268469e-17,-5.55111512313e-17,0.08,90754.3783945
2010-06-29,90693.7289247,-0.000155280836095,-0.000668281473786,44.6058590977,1.95119489193,0.000491500904824,2.14997328663e-05,22302.9295488,0.245750452412,0.332566792803,0.332566792803,0.665133585605,0,-2.08166817117e-17,0.08,90693.7289247
2010-06-30,90735.7327566,0.00095368602809,0.000463139319702,42.8368130691,1.65269712635,0.000472323870426,1.82228379618e-05,21418.4065345,0.236161935213,0.353932069094,0.353932069094,0.707864138187,0,7.6327832943e-17,0.08,90735.7327566
2010-07-01,90760.3851985,0.000897428646762,0.000271694966065,55.0167171445,1.75968688413,0.000606340142665,1.93935380325e-05,27508.3585722,0.303170071332,0.316450865068,0.316450865068,0.632901730137,5.55111512313e-17,2.60208521397e-17,0.08,90760.3851985
2010-07-02,90737.297938,0.000700589322343,-0.000254375963581,85.0992526861,1.57376451562,0.000937625512496,1.73397734284e-05,42549.626343,0.468812756248,0.403918797527,0.403918797527,0.807837595054,2.77555756156e-17,1.38777878078e-17,0.08,90737.297938
2010-07-06,90781.5103111,0.0017618662595,0.000487256883886,107.621624308,8.03298636142,0.00118607922821,8.85301474031e-05,53810.8121541,0.593039614105,0.307537263454,0.307537263454,0.615074526908,1.52655665886e-16,1.38777878078e-16,0.08,90781.5103111
2010-07-07,90589.5289891,-0.000966702183207,-0.00211476237113,102.692846157,1.52979163032,0.00113120883102,1.68513569016e-05,51346.4230785,0.565604415509,0.398905425136,0.398905425136,0.797810850273,3.33066907388e-16,2.98372437868e-16,0.08,90589.5289891
2010-07-08,90682.3445859,0.00185338870926,0.0010245731255,73.1019226905,1.98009066161,0.000806957752251,2.18578315143e-05,36550.9613453,0.403478876126,0.265662469058,0.265662469058,0.531324938116,0,-2.77555756156e-17,0.08,90682.3445859
2010-07-09,90877.034903,0.00262483148501,0.00214694842661,42.0155071016,1.32004907193,0.00046332621078,1.45568476196e-05,21007.7535508,0.23166310539,0.245032777979,0.245032777979,0.490065555959,6.24500451352e-17,5.89805981832e-17,0.08,90877.034903
2010-07-12,90649.2412513,-0.00164024680969,-0.00250661404025,75.0724161768,3.660468874,0.000826087869801,4.02793607637e-05,37536.2080884,0.413043934901,0.259740803128,0.259740803128,0.519481606256,1.38777878078e-17,-1.04083408559e-17,0.08,90649.2412513
2010-07-13,90487.1649134,-0.00106693885349,-0.00178795029824,64.0689866069,1.29015379318,0.000706779071976,1.42323727741e-05,32034.4933035,0.353389535988,0.328712479426,0.328712479426,0.657424958853,-1.04083408559e-16,-1.14491749414e-16,0.08,90487.1649134
2010-07-14,90305.3272154,-0.00121142563523,-0.00200954133334,70.5894043104,1.62982248411,0.000780104055398,1.80116427083e-05,35294.7021552,0.390052027699,0.349044415215,0.349044415215,0.69808883043,-1.2490009027e-16,-1.49186218934e-16,0.08,90305.3272154
2010-07-15,90444.0322086,0.00216889260847,0.00153595582377,55.430408921,1.7271545276,0.000613811063314,1.91257213816e-05,27715.2044605,0.306905531657,0.363927184888,0.363927184888,0.727854369776,-2.77555756156e-17,-1.38777878078e-16,0.08,90444.0322086
2010-07-16,90741.3629571,0.00417760684651,0.00328745569214,78.7052957301,1.80356394694,0.000870209938767,1.99412156103e-05,39352.6478651,0.435104969384,0.411047731821,0.411047731821,0.822095463641,-6.93889390391e-17,-1.17961196366e-16,0.08,90741.3629571
2010-07-19,90467.4467091,-0.00174041313135,-0.00301864815702,109.857440777,6.13134763165,0.00121066553551,6.75694901623e-05,54928.7203885,0.605332767753,0.38961937598,0.38961937598,0.779238751959,1.73472347598e-16,1.49186218934e-16,0.08,90467.4467091
2010-07-20,90452.6298182,0.000577474970205,-0.000163781463985,65.1281868136,1.93139014429,0.000719907427287,2.1349006903e-05,32564.0934068,0.359953713644,0.302943489107,0.302943489107,0.605886978213,5.55111512313e-17,9.02056207508e-17,0.08,90452.6298182
2010-07-21,90381.1416369,5.84099010514e-05,-0.000790338339738,75.270029048,1.50148138499,0.000832148597551,1.65996432387e-05,37635.014524,0.416074298775,0.304772273425,0.304772273425,0.609544546851,1.11022302463e-16,1.52655665886e-16,0.08,90381.1416369
2010-07-22,90436.505405,0.00116135289515,0.000612558848434,48.0912809036,1.50935156227,0.000532094196119,1.66998505987e-05,24045.6404518,0.26604709806,0.279783925798,0.279783925798,0.559567851596,2.15105711021e-16,1.97758476261e-16,0.08,90436.505405
2010-07-23,90598.2588936,0.00231787804638,0.00178858623448,46.4808535601,1.38644824754,0.000513961185828,1.53306260711e-05,23240.42678,0.256980592914,0.292419763726,0.292419763726,0.584839527452,0,4.51028103754e-17,0.08,90598.2588936
2010-07-26,90622.5600881,0.00106651018589,0.000268230258702,67.9678036016,4.35496791118,0.000750210924929,4.80690022564e-05,33983.9018008,0.375105462465,0.336294421772,0.336294421772,0.672588843543,0,0,0.08,90622.5600881
2010-07-27,90511.3190772,-0.000500779596786,-0.00122752006533,64.1891715633,1.66991021613,0.000708313376944,1.84270916039e-05,32094.5857817,0.354156688472,0.342272900756,0.342272900756,0.684545801513,-5.55111512313e-17,6.93889390391e-18,0.08,90511.3190772
2010-07-28,90465.2669862,0.00065355371385,-0.00050879924736,103.508588973,1.69751077983,0.00114359828172,1.87546794935e-05,51754.2944863,0.571799140858,0.404055583881,0.404055583881,0.808111167761,-1.66533453694e-16,-1.38777878078e-16,0.08,90465.2669862
2010-07-29,90642.5947888,0.00293125639654,0.00196017552966,85.8461859827,2.00290390537,0.000948940834893,2.21400319935e-05,42923.0929913,0.474470417446,0.338023954317,0.338023954317,0.676047908634,-5.55111512313e-17,-2.77555756156e-17,0.08,90642.5947888
2010-07-30,90437.6999517,-0.00120532272057,-0.00226046967879,93.9623886796,1.67886949699,0.00103662509771,1.85218605105e-05,46981.1943398,0.518312548855,0.273617620313,0.273617620313,0.547235240625,-2.77555756156e-17,-1.21430643318e-17,0.08,90437.6999517
2010-08-02,90291.4154101,-0.00091896947627,-0.00161751727023,59.1073273127,4.06772847901,0.000653569555001,4.49782389555e-05,29553.6636564,0.326784777501,0.246686824742,0.246686824742,0.493373649483,-1.5959455979e-16,-1.64798730218e-16,0.08,90291.4154101
2010-08-03,89954.2667939,-0.00301524926106,-0.00373400521778,63.6770158136,1.22047685309,0.000705238870433,1.35170862872e-05,31838.5079068,0.352619435216,0.283882852982,0.283882852982,0.567765705964,-8.32667268469e-17,-4.16333634234e-17,0.08,89954.2667939
2010-08-04,89972.0848511,0.000882337971533,0.000198079067577,60.152749159,1.39925884358,0.000668703679136,1.55552248209e-05,30076.3745795,0.334351839568,0.329453056648,0.329453056648,0.658906113295,3.81639164715e-17,0,0.08,89972.0848511
2010-08-05,89843.1296566,-0.000863186073178,-0.00143328005336,49.6683478835,1.62419607491,0.000552041757904,1.80522222821e-05,24834.1739418,0.276020878952,0.319468705102,0.319468705102,0.638937410204,8.32667268469e-17,9.71445146547e-17,0.08,89843.1296566
2010-08-06,89896.5772568,0.00130236479184,0.000594899136022,61.988212572,1.57271607089,0.000689960521288,1.75051345261e-05,30994.106286,0.344980260644,0.321816433659,0.321816433659,0.643632867318,1.83880688454e-16,1.11022302463e-16,0.08,89896.5772568
2010-08-09,89834.257009,7.06053265283e-05,-0.000693243832567,63.9117763035,4.7556486396,0.000710947827535,5.29013315604e-05,31955.8881517,0.355473913767,0.346301879413,0.346301879413,0.692603758825,4.30211422042e-16,3.67761376907e-16,0.08,89834.257009
2010-08-10,89566.9641515,-0.00194516040163,-0.0029754001028,90.8461730529,1.70464504317,0.00101126425573,1.89754454473e-05,45423.0865264,0.505632127863,0.414486355345,0.414486355345,0.82897271069,-1.66533453694e-16,-2.15105711021e-16,0.08,89566.9641515
2010-08-11,89773.9044755,0.0032824083119,0.00231045370353,85.020816193,2.03420737153,0.000949243027252,2.27115811148e-05,42510.4080965,0.474621513626,0.327859683821,0.327859683821,0.655719367642,2.49800180541e-16,1.94289029309e-16,0.08,89773.9044755
2010-08-12,89597.0436438,-0.0011340536719,-0.00197006950708,73.4396252373,1.61278048968,0.000818050920992,1.7964914182e-05,36719.8126186,0.409025460496,0.310379490472,0.310379490472,0.620758980944,2.08166817117e-16,1.70002900646e-16,0.08,89597.0436438
2010-08-13,89586.0066355,0.000665473150365,-0.00012318496009,69.1376496765,1.52378546597,0.000771651015087,1.70070953683e-05,34568.8248383,0.385825507543,0.184745223808,0.184745223808,0.369490447617,3.67761376907e-16,3.33066907388e-16,0.08,89586.0066355
2010-08-16,89556.4610182,0.000287769350734,-0.000329801700721,52.6050799005,2.72064441304,0.000587201973568,3.03690778863e-05,26302.5399502,0.293600986784,0.279062578213,0.279062578213,0.558125156426,1.38777878078e-17,-2.08166817117e-17,0.08,89556.4610182
2010-08-17,89484.1026519,-4.29058590089e-05,-0.000807963663416,67.1464526202,1.36941681684,0.000749766704231,1.52911001761e-05,33573.2263101,0.374883352115,0.33173233973,0.33173233973,0.66346467946,2.56739074445e-16,2.08166817117e-16,0.08,89484.1026519
2010-08-18,89684.576697,0.00313437973445,0.00224033140183,78.3765499916,1.62656278035,0.000875871218115,1.81771145057e-05,39188.2749958,0.437935609058,0.344898363596,0.344898363596,0.689796727191,1.66533453694e-16,1.2490009027e-16,0.08,89684.576697
2010-08-19,89584.8297966,-0.000345746915777,-0.00111219681279,67.0438269704,1.69490760233,0.000747551356538,1.8898540471e-05,33521.9134852,0.373775678269,0.290140513622,0.290140513622,0.580281027244,3.12250225676e-16,2.8449465006e-16,0.08,89584.8297966
2010-08-20,89620.1995666,0.00121918862526,0.000394818743813,72.4268060108,1.42422950849,0.000808471771115,1.58981103354e-05,36213.4030054,0.404235885558,0.239708146262,0.239708146262,0.479416292525,5.55111512313e-17,8.32667268469e-17,0.08,89620.1995666
2010-08-23,89580.3474455,0.000472344163153,-0.000444677888938,78.6522979062,3.53140140917,0.000877617973254,3.94040788377e-05,39326.1489531,0.438808986627,0.357208489061,0.357208489061,0.714416978122,5.27355936697e-16,5.27355936697e-16,0.08,89580.3474455
2010-08-24,89566.3087722,0.000705718444262,-0.000156715994521,75.5038144526,1.7533622225,0.000842861370889,1.95730678937e-05,37751.9072263,0.421430685445,0.383614963444,0.383614963444,0.767229926888,4.16333634234e-17,-5.55111512313e-17,0.08,89566.3087722
2010-08-25,89415.6656944,-0.000506285065849,-0.00168191678216,103.414309675,1.88268363098,0.00115461171832,2.10199979969e-05,51707.1548374,0.577305859159,0.249855224987,0.249855224987,0.499710449974,1.00613961607e-15,8.60422844084e-16,0.08,89415.6656944
2010-08-26,89239.8603428,-0.000810392945496,-0.00196615828103,102.119364054,1.22416280928,0.00114207463828,1.36906972596e-05,51059.682027,0.571037319138,0.38191111865,0.38191111865,0.763822237299,6.38378239159e-16,7.04297731247e-16,0.08,89239.8603428
2010-08-27,89203.858365,0.000788353532391,-0.0004034293379,104.487046773,1.86749013105,0.00117085623365,2.09266366383e-05,52243.5233864,0.585428116826,0.274090393911,0.274090393911,0.548180787822,4.57966997658e-16,3.38271077815e-16,0.08,89203.858365
2010-08-30,89201.1267563,0.00116565972889,-3.0622091834e-05,102.693789058,4.0191650429,0.00115122586556,4.50559551634e-05,51346.8945288,0.57561293278,0.397462584633,0.397462584633,0.794925169267,2.56739074445e-16,1.73472347598e-16,0.08,89201.1267563
2010-08-31,88994.7948763,-0.00139783212202,-0.00231310844946,79.7009887208,1.94269098043,0.000893497555682,2.17787717607e-05,39850.4943604,0.446748777841,0.380813366847,0.380813366847,0.761626733694,2.08166817117e-16,1.87350135405e-16,0.08,88994.7948763
2010-09-01,88895.1631716,-9.4337146079e-06,-0.00111952283045,96.9351445306,1.85700862842,0.00108922262999,2.08664858546e-05,48467.5722653,0.544611314995,0.43367468257,0.43367468257,0.86734936514,1.94289029309e-16,2.35922392733e-16,0.08,88895.1631716
2010-09-02,88595.2701388,-0.00222790173307,-0.00337355849429,99.7309292938,2.112415434,0.00112189376492,2.37629963052e-05,49865.4646469,0.56094688246,0.377558845201,0.377558845201,0.755117690403,-1.11022302463e-16,-1.66533453694e-16,0.08,88595.2701388
2010-09-03,88948.3611314,0.00478608866687,0.00398543841034,69.1009530032,1.83287276076,0.000779962100628,2.06881559015e-05,34550.4765016,0.389981050314,0.340667595904,0.340667595904,0.681335191808,-1.52655665886e-16,-1.38777878078e-16,0.08,88948.3611314
2010-09-07,89129.1676363,0.00355530274878,0.00203271316778,128.790352158,6.64149574712,0.00144792271066,7.46668703351e-05,64395.1760791,0.72396135533,0.395111907275,0.395111907275,0.790223814551,-4.4408920985e-16,-2.08166817117e-16,0.08,89129.1676363
2010-09-08,88853.8624681,-0.00170883669035,-0.00308883360566,121.068332818,1.92964358458,0.00135834694779,2.16499675219e-05,60534.1664089,0.679173473894,0.273711804439,0.273711804439,0.547423608877,-1.38777878078e-17,0,0.08,88853.8624681
2010-09-09,88820.0717891,0.000338640137087,-0.000380294992473,62.5475411512,1.33262197411,0.000703937222467,1.49979070925e-05,31273.7705756,0.351968611233,0.331810540217,0.331810540217,0.663621080433,-8.32667268469e-17,-8.32667268469e-17,0.08,88820.0717891
2010-09-10,88526.4952369,-0.00247112354122,-0.00330529514716,72.4763087183,1.61487320561,0.000815990206475,1.81813994639e-05,36238.1543592,0.407995103237,0.380326873904,0.380326873904,0.760653747809,0,2.77555756156e-17,0.08,88526.4952369
2010-09-13,88367.4582862,-0.000922820519881,-0.00179648985655,71.8082533809,5.53463099033,0.000811149850548,6.25194861213e-05,35904.1266905,0.405574925274,0.240619915898,0.240619915898,0.481239831796,1.11022302463e-16,1.11022302463e-16,0.08,88367.4582862
2010-09-14,88256.7904642,-0.000755108117956,-0.00125235945538,42.7757425499,1.16509426745,0.000484066684495,1.31846529259e-05,21387.8712749,0.242033342248,0.271850135377,0.271850135377,0.543700270755,-2.77555756156e-17,-2.77555756156e-17,0.08,88256.7904642
2010-09-15,88130.5750784,-0.000623871544728,-0.00143009263248,69.8398214763,1.31466413346,0.000791325189925,1.48958978289e-05,34919.9107382,0.395662594963,0.183925860794,0.183925860794,0.367851721588,-2.77555756156e-17,-2.77555756156e-17,0.08,88130.5750784
2010-09-16,88074.3895208,-0.000172077368477,-0.000637526279267,40.1320888415,0.888191336086,0.000455370781432,1.00781293586e-05,20066.0444207,0.227685390716,0.250807287981,0.250807287981,0.501614575961,3.64291929955e-17,4.16333634234e-17,0.08,88074.3895208
2010-09-17,87706.2478798,-0.00342446228706,-0.00417989432612,65.3238212104,1.21039445349,0.000741689173957,1.37428650948e-05,32661.9106052,0.370844586978,0.314263284392,0.314263284392,0.628526568783,1.38777878078e-16,1.73472347598e-16,0.08,87706.2478798
2010-09-20,87652.6211263,0.00017230154456,-0.000611435955882,64.2077954557,4.53088003075,0.00073207778246,5.16597179822e-05,32103.8977279,0.36603889123,0.346669774177,0.346669774177,0.693339548353,-8.32667268469e-17,-3.46944695195e-18,0.08,87652.6211263
2010-09-21,87896.2482877,0.00367685636182,0.00277946236351,76.9939216492,1.66501448613,0.000878398394251,1.89956040645e-05,38496.9608246,0.439199197126,0.289941325594,0.289941325594,0.579882651188,1.66533453694e-16,1.38777878078e-16,0.08,87896.2482877
2010-09-22,87494.9772931,-0.00356726524339,-0.00456528011681,86.3253381915,1.39642491744,0.000982127677497,1.5887195923e-05,43162.6690958,0.491063838749,0.321508510629,0.321508510629,0.643017021258,1.52655665886e-16,1.94289029309e-16,0.08,87494.9772931
2010-09-23,87217.5605035,-0.00238559135567,-0.00317065959895,67.1481374433,1.541390676,0.000767451338588,1.7616904692e-05,33574.0687217,0.383725669294,0.304925232513,0.304925232513,0.609850465025,2.77555756156e-16,3.85108611667e-16,0.08,87217.5605035
2010-09-24,87205.5487931,0.000282969508835,-0.000137721237322,35.2343693779,1.45725122826,0.000403982514239,1.67082319185e-05,17617.184689,0.201991257119,0.344443885485,0.344443885485,0.688887770969,2.77555756156e-17,7.6327832943e-17,0.08,87205.5487931
2010-09-27,87082.9370098,-0.000475685745575,-0.00140600896449,76.191689097,4.93765776364,0.000873702306235,5.66209126824e-05,38095.8445485,0.436851153118,0.432545663786,0.432545663786,0.865091327571,2.22044604925e-16,2.26381413615e-16,0.08,87082.9370098
2010-09-28,86885.1677612,-0.00137671386836,-0.0022710447693,75.8169973047,2.06396420785,0.000870629768679,2.37011322622e-05,37908.4986524,0.43531488434,0.453076916146,0.453076916146,0.906153832292,7.77156117238e-16,7.49400541622e-16,0.08,86885.1677612
2010-09-29,86408.8528288,-0.0045178755166,-0.00548212018953,81.6215374926,2.1570226777,0.000939418540538,2.48261323916e-05,40810.7687463,0.469709270269,0.434093540793,0.434093540793,0.868187081587,2.22044604925e-16,2.8449465006e-16,0.08,86408.8528288
2010-09-30,86430.6128446,0.00102954517561,0.000251826231778,65.1464853276,2.0553164318,0.000753932996387,2.37859474407e-05,32573.2426638,0.376966498194,0.370313995403,0.370313995403,0.740627990805,1.11022302463e-16,5.55111512313e-17,0.08,86430.6128446
2010-10-01,86399.0092505,0.000204449782105,-0.000365652783079,47.5205351579,1.75377893521,0.000549811387354,2.02911778303e-05,23760.267579,0.274905693677,0.339073846201,0.339073846201,0.678147692402,-2.77555756156e-17,-9.71445146547e-17,0.08,86399.0092505
2010-10-04,86403.5693693,0.000817908086038,5.27797578711e-05,61.2906071401,4.81572236294,0.000709390161668,5.57381664988e-05,30645.3035701,0.354695080834,0.350258624003,0.350258624003,0.700517248006,-1.66533453694e-16,-1.94289029309e-16,0.08,86403.5693693
2010-10-05,86391.1551011,0.000444546897921,-0.000143677723495,49.1664276858,1.65827919541,0.000569032368046,1.919225337e-05,24583.2138429,0.284516184023,0.347645892805,0.347645892805,0.695291785609,-2.77555756156e-17,-5.03069808033e-17,0.08,86391.1551011
2010-10-06,86025.6372799,-0.00346263204882,-0.00423096346893,64.7313659944,1.64567289017,0.000749282330102,1.90490900167e-05,32365.6829972,0.374641165051,0.288765333825,0.288765333825,0.577530667649,-2.08166817117e-16,-1.94289029309e-16,0.08,86025.6372799
2010-10-07,86056.3454992,0.00106323257471,0.000356965903221,59.3958776626,1.36116284201,0.000690443913474,1.58227580178e-05,29697.9388313,0.345221956737,0.297808855088,0.297808855088,0.595617710175,-1.52655665886e-16,-1.11022302463e-16,0.08,86056.3454992
2010-10-08,85977.401778,-0.000145460392346,-0.000917349217669,65.0216387416,1.40429269732,0.000755570531894,1.63182934295e-05,32510.8193708,0.377785265947,0.378853118564,0.378853118564,0.757706237128,2.77555756156e-17,0,0.08,85977.401778
2010-10-11,85854.2827607,-0.000480162110433,-0.00143199276496,76.4814926159,5.35443399281,0.000889553429557,6.22772249695e-05,38240.746308,0.444776714778,0.336266516161,0.336266516161,0.672533032321,8.32667268469e-17,1.38777878078e-16,0.08,85854.2827607
2010-10-12,86016.1949133,0.00241033091038,0.00188589488391,43.4431654513,1.58191345542,0.000506010463944,1.84255625293e-05,21721.5827257,0.253005231972,0.304297702564,0.304297702564,0.608595405128,5.55111512313e-17,1.2490009027e-16,0.08,86016.1949133
2010-10-13,85809.1680514,-0.00160897859621,-0.00240683585345,67.1944245025,1.43422084906,0.000781183410523,1.66738467158e-05,33597.2122513,0.390591705261,0.348552601726,0.348552601726,0.697105203452,-4.16333634234e-17,2.08166817117e-17,0.08,85809.1680514
2010-10-14,85427.7770542,-0.0033761543918,-0.00444464159074,90.0471478186,1.63884979596,0.00104938842624,1.90987726973e-05,45023.5739093,0.524694213121,0.406312731324,0.406312731324,0.812625462649,0,7.97972798949e-17,0.08,85427.7770542
2010-10-15,84562.1654687,-0.0092860348009,-0.0101326713082,70.4243354227,1.9019393658,0.000824372795959,2.22637113054e-05,35212.1677114,0.412186397979,0.332861118114,0.332861118114,0.665722236228,2.15105711021e-16,2.70616862252e-16,0.08,84562.1654687
2010-10-18,84850.1676075,0.00398653049785,0.00340580373203,44.4805336392,4.62697922434,0.000526009869693,5.47168961283e-05,22240.2668196,0.263004934846,0.354703709521,0.354703709521,0.709407419041,4.71844785466e-16,5.34294830601e-16,0.08,84850.1676075
2010-10-19,84937.7209889,0.00166340879236,0.00103185867389,51.9380008456,1.64913255911,0.000612114298771,1.94358196998e-05,25969.0004228,0.306057149385,0.341942314163,0.341942314163,0.683884628325,-6.24500451352e-17,-2.08166817117e-17,0.08,84937.7209889
2010-10-20,84777.8906354,-0.000777786097446,-0.00188173583707,92.1755338263,1.59144114382,0.00108521317447,1.87365651596e-05,46087.7669132,0.542606587233,0.317280982345,0.317280982345,0.634561964689,3.74700270811e-16,3.64291929955e-16,0.08,84777.8906354
2010-10-21,84571.8380412,-0.00183619354641,-0.00243049918606,48.9100929101,1.47388561216,0.000576920380344,1.73852593066e-05,24455.0464551,0.288460190172,0.279881860633,0.279881860633,0.559763721265,1.87350135405e-16,2.35922392733e-16,0.08,84571.8380412
2010-10-22,84395.445402,-0.00150275903404,-0.00208571367614,48.0045525145,1.29699306236,0.000567618649734,1.53359923634e-05,24002.2762572,0.283809324867,0.262263024176,0.262263024176,0.524526048352,6.93889390391e-17,1.38777878078e-17,0.08,84395.445402
2010-10-25,84272.4731795,-0.000780016531647,-0.00145709548542,53.5039462205,3.63843365553,0.000633967223772,4.31117300016e-05,26751.9731102,0.316983611886,0.295612693013,0.295612693013,0.591225386026,-1.5959455979e-16,-2.22044604925e-16,0.08,84272.4731795
2010-10-26,84185.9479393,-0.000465709729004,-0.00102673194396,45.9136877688,1.36504179416,0.000544824259174,1.61979557815e-05,22956.8438844,0.272412129587,0.266730125058,0.266730125058,0.533460250116,-1.38777878078e-17,-4.51028103754e-17,0.08,84185.9479393
2010-10-27,84446.9759399,0.00391683767991,0.00310061247717,67.4842853873,1.23040703682,0.000801609853416,1.46153493183e-05,33742.1426936,0.400804926708,0.326464924249,0.326464924249,0.652929848499,-1.38777878078e-17,-1.73472347598e-18,0.08,84446.9759399
2010-10-28,84324.908652,-0.000139708424894,-0.00144549033861,108.75870505,1.51062880018,0.00128789342471,1.7888489e-05,54379.352525,0.643946712357,0.373066095217,0.373066095217,0.746132190434,-6.93889390391e-17,-5.55111512313e-17,0.08,84324.908652
2010-10-29,83886.0349454,-0.00426306503889,-0.00520455596847,77.6673687214,1.72376791235,0.000921048951762,2.04419778201e-05,38833.6843607,0.460524475881,0.315886274294,0.315886274294,0.631772548588,-3.3653635434e-16,-2.77555756156e-16,0.08,83886.0349454
2010-11-01,83780.2574021,-0.000196933660544,-0.00126096725643,84.9016503043,4.35590910316,0.00101210708504,5.19265108429e-05,42450.8251522,0.506053542521,0.306493868126,0.306493868126,0.612987736253,-6.59194920871e-17,-6.93889390391e-17,0.08,83780.2574021
2010-11-02,83786.2766825,0.00067968913868,7.18460481555e-05,49.5182294793,1.40702110486,0.00059104890597,1.67941845549e-05,24759.1147397,0.295524452985,0.254580611134,0.254580611134,0.509161222267,-6.93889390391e-18,-1.38777878078e-17,0.08,83786.2766825
2010-11-03,83798.6236293,0.000613495103862,0.000147362400554,37.8867367174,1.16878693274,0.000452183080781,1.39496225279e-05,18943.3683587,0.22609154039,0.212809751521,0.212809751521,0.425619503041,1.3357370765e-16,8.32667268469e-17,0.08,83798.6236293
2010-11-04,83824.9819197,0.000815123435642,0.000314543237474,40.9707719364,0.977159686155,0.000488919389865,1.16608083025e-05,20485.3859682,0.244459694933,0.189047458896,0.189047458896,0.378094917793,0,2.25514051877e-17,0.08,83824.9819197
2010-11-05,83634.185058,-0.00137118469089,-0.00227613364635,74.9890065518,0.868323278025,0.000894590190591,1.0358764871e-05,37494.5032759,0.447295095295,0.264842880616,0.264842880616,0.529685761232,-6.93889390391e-17,-5.55111512313e-17,0.08,83634.185058
2010-11-08,83558.0270753,-0.000260126130717,-0.000910608294747,50.7614631921,3.64108249129,0.000606946348039,4.35358159916e-05,25380.7315961,0.303473174019,0.23945114229,0.23945114229,0.47890228458,-2.49800180541e-16,-2.35922392733e-16,0.08,83558.0270753
2010-11-09,83418.9907454,-0.00106785864244,-0.00166394941122,48.7118362664,1.09633233045,0.000582970158241,1.31206105364e-05,24355.9181332,0.29148507912,0.244504318496,0.244504318496,0.489008636992,-2.49800180541e-16,-1.66533453694e-16,0.08,83418.9907454
2010-11-10,83212.0134394,-0.00203872829044,-0.00248117729686,35.791043902,1.11760567024,0.000429051509521,1.33974969039e-05,17895.521951,0.21452575476,0.213661867888,0.213661867888,0.427323735777,1.04083408559e-16,0,0.08,83212.0134394
2010-11-11,83163.5853808,-0.000200975647517,-0.000581983978506,30.7302657439,0.974204614916,0.000369300831379,1.17074996103e-05,15365.1328719,0.184650415689,0.219334233392,0.219334233392,0.438668466785,-4.57966997658e-16,-3.88578058619e-16,0.08,83163.5853808
2010-11-12,83082.401838,-0.000595004419764,-0.000976190989706,30.7013557597,0.999486095652,0.000369168255784,1.20183141585e-05,15350.6778799,0.184584127892,0.1836101428,0.1836101428,0.3672202856,3.46944695195e-17,1.38777878078e-17,0.08,83082.401838
2010-11-15,83104.3590712,0.000739977749726,0.000264282599796,37.0142619004,2.50763369846,0.000445512660702,3.01824892274e-05,18507.1309502,0.222756330351,0.213062418747,0.213062418747,0.426124837494,-5.55111512313e-17,-5.20417042793e-17,0.08,83104.3590712
2010-11-16,83150.9382049,0.00132143628746,0.000560489656665,62.2677674779,0.97021456176,0.000749271977714,1.1674653082e-05,31133.883739,0.374635988857,0.295857265474,0.295857265474,0.591714530949,-6.93889390391e-18,-6.24500451352e-17,0.08,83150.9382049
2010-11-17,82940.7423425,-0.00158103139342,-0.00252788323169,77.383629148,1.34798954515,0.000930640481257,1.62113570123e-05,38691.814574,0.465320240629,0.26049709428,0.26049709428,0.520994188559,-2.22044604925e-16,-2.35922392733e-16,0.08,82940.7423425
2010-11-18,83054.003767,0.00232868726262,0.00136557042146,78.6977450903,1.18388067823,0.000948843027777,1.42738133852e-05,39348.8725451,0.474421513888,0.303767311318,0.303767311318,0.607534622635,1.38777878078e-16,1.2490009027e-16,0.08,83054.003767
2010-11-19,82853.943444,-0.00156924015772,-0.00240879805794,68.3462290399,1.38241596813,0.000822913116045,1.66447841818e-05,34173.1145199,0.411456558022,0.364894324442,0.364894324442,0.729788648884,2.77555756156e-16,2.35922392733e-16,0.08,82853.943444
2010-11-22,82833.0302596,0.000609808941657,-0.000252410247665,66.4684626245,4.96979732389,0.000802236560646,5.99826286754e-05,33234.2313123,0.401118280323,0.407100110131,0.407100110131,0.814200220263,1.2490009027e-16,2.77555756156e-17,0.08,82833.0302596
2010-11-23,82645.9939124,-0.00133949481156,-0.00225799233293,74.2341885569,1.84774442418,0.000896190666021,2.23068553497e-05,37117.0942785,0.448095333011,0.422669959251,0.422669959251,0.845339918503,5.55111512313e-16,4.64905891562e-16,0.08,82645.9939124
2010-11-24,82305.4919842,-0.00332392543416,-0.00412000524222,63.8787259359,1.91408103448,0.000772919810289,2.31599977672e-05,31939.3629679,0.386459905145,0.420771525894,0.420771525894,0.841543051788,4.37150315946e-16,4.4408920985e-16,0.08,82305.4919842
2010-11-26,82241.845129,6.8559027875e-05,-0.000773300221747,65.4943731516,3.79526657004,0.000795747301579,4.61119480432e-05,32747.1865758,0.39787365079,0.336792577587,0.336792577587,0.673585155174,2.08166817117e-16,2.8449465006e-16,0.08,82241.845129
2010-11-29,82268.5613349,0.00139842767706,0.000324849300761,83.7398978438,4.5531687134,0.00101821521286,5.5363163439e-05,41869.9489219,0.509107606429,0.451590613561,0.451590613561,0.903181227123,1.38777878078e-17,1.11022302463e-16,0.08,82268.5613349
2010-11-30,81943.4584352,-0.00291697066509,-0.00395172705635,83.092209499,2.03571014192,0.0010100117001,2.4744691154e-05,41546.1047495,0.505005850052,0.321000120637,0.321000120637,0.642000241274,1.73472347598e-17,7.8062556419e-17,0.08,81943.4584352
2010-12-01,81854.7325652,-0.000103449972405,-0.00108276940728,78.8075140066,1.44130739962,0.000961730387166,1.75890477061e-05,39403.7570033,0.480865193583,0.399149167647,0.399149167647,0.798298335295,-1.80411241502e-16,-1.56125112838e-16,0.08,81854.7325652
2010-12-02,81926.3011464,0.00211572639698,0.00087433650918,99.82337709,1.79026018474,0.00121951870053,2.18711872683e-05,49911.688545,0.609759350264,0.360775991634,0.360775991634,0.721551983268,-1.38777878078e-17,-3.46944695195e-17,0.08,81926.3011464
2010-12-03,81909.0268666,0.00078761794484,-0.000210851454244,80.1813407001,1.61956397463,0.000978700851597,1.97685474868e-05,40090.6703501,0.489350425798,0.344750502874,0.344750502874,0.689501005749,0,-4.16333634234e-17,0.08,81909.0268666
2010-12-06,81932.9394587,0.000918471925535,0.000291940864313,46.6766572193,4.64189230722,0.000569859745682,5.6671315541e-05,23338.3286096,0.284929872841,0.326475410787,0.326475410787,0.652950821573,-3.33066907388e-16,-3.74700270811e-16,0.08,81932.9394587
2010-12-07,81820.9632026,-0.000523904109645,-0.00136668178695,67.5855488468,1.4657035653,0.000824888613704,1.78890636048e-05,33792.7744234,0.412444306852,0.307503993476,0.307503993476,0.615007986951,-3.33066907388e-16,-4.30211422042e-16,0.08,81820.9632026
2010-12-08,82004.5090277,0.00304210112747,0.00224326160349,63.9831742041,1.37864509232,0.000781989990091,1.68495338891e-05,31991.587102,0.390994995046,0.291409113072,0.291409113072,0.582818226143,-1.94289029309e-16,-1.80411241502e-16,0.08,82004.5090277
2010-12-09,82095.473735,0.0018716326361,0.0011092647019,61.2081910886,1.30941705445,0.000746400311572,1.59676226341e-05,30604.0955443,0.373200155786,0.294753684708,0.294753684708,0.589507369415,-2.22044604925e-16,-2.49800180541e-16,0.08,82095.473735
2010-12-10,81942.0135084,-0.000688157398341,-0.00186928973833,95.6397042895,1.32591470582,0.00116498145316,1.61508868333e-05,47819.8521447,0.582490726579,0.339587770695,0.339587770695,0.67917554139,-3.60822483003e-16,-2.8449465006e-16,0.08,81942.0135084
2010-12-13,81662.7233681,-0.00277767738438,-0.00340838756949,47.1074423946,4.57422011401,0.000574887537877,5.58226472375e-05,23553.7211973,0.287443768939,0.388056179611,0.388056179611,0.776112359221,-1.80411241502e-16,-2.42861286637e-16,0.08,81662.7233681
2010-12-14,81578.9869903,-0.000312755003717,-0.00102539291365,56.4595292433,1.73642325736,0.000691374557627,2.12633523074e-05,28229.7646216,0.345687278814,0.360335206698,0.360335206698,0.720670413395,-1.38777878078e-16,-1.2490009027e-16,0.08,81578.9869903
2010-12-15,81348.6262176,-0.00207572627526,-0.00282377584141,59.4143980916,1.61072773366,0.000728305171265,1.97443948875e-05,29707.1990458,0.364152585633,0.250479084242,0.250479084242,0.500958168483,-2.22044604925e-16,-2.15105711021e-16,0.08,81348.6262176
2010-12-16,81282.9943417,-0.00010590697982,-0.000806797594217,55.899988369,1.11650024106,0.000687165733069,1.37248813283e-05,27949.9941845,0.343582866534,0.310652715119,0.310652715119,0.621305430238,0,-2.77555756156e-17,0.08,81282.9943417
2010-12-17,81166.4369951,-0.000824021243662,-0.00143396964603,48.1948279968,1.38360454166,0.000592926335787,1.70220665819e-05,24097.4139984,0.296463167893,0.352986038829,0.352986038829,0.705972077657,1.66533453694e-16,1.2490009027e-16,0.08,81166.4369951
2010-12-20,81074.0117134,-0.000392006938274,-0.00113871305838,55.897784444,4.70969080779,0.000688681017838,5.80251022732e-05,27948.892222,0.344340508919,0.314080455635,0.314080455635,0.62816091127,8.32667268469e-17,2.77555756156e-17,0.08,81074.0117134
2010-12-21,81262.5238273,0.00289086061818,0.00232518546821,44.4662790746,1.39527465968,0.000548465261986,1.720988798e-05,22233.1395373,0.274232630993,0.314832120654,0.314832120654,0.629664241309,9.02056207508e-17,6.93889390391e-17,0.08,81262.5238273
2010-12-22,81386.1036079,0.00256100912783,0.00152074750863,83.1324187153,1.40186590171,0.0010230105441,1.72510751043e-05,41566.2093577,0.511505272049,0.268826909984,0.268826909984,0.537653819968,-1.2490009027e-16,-1.66533453694e-16,0.08,81386.1036079
2010-12-23,81325.0083219,0.000313374026476,-0.000750684494638,85.4007400717,1.19883697252,0.00104932827947,1.4730241643e-05,42700.3700359,0.524664139735,0.376349282685,0.376349282685,0.752698565369,2.77555756156e-16,2.77555756156e-16,0.08,81325.0083219
2010-12-27,81295.6525732,0.000552915854288,-0.000360968283983,67.6133373865,6.70829776356,0.000831396624258,8.2487514013e-05,33806.6686933,0.415698312129,0.379645858918,0.379645858918,0.759291717836,5.55111512313e-17,4.16333634234e-17,0.08,81295.6525732
2010-12-28,81127.6995088,-0.00124864456078,-0.00206595382482,64.7525361193,1.69115385465,0.000796506751219,2.08025128174e-05,32376.2680596,0.398253375609,0.324461069555,0.324461069555,0.64892213911,-3.1918911958e-16,-2.08166817117e-16,0.08,81127.6995088
2010-12-29,81089.2629746,0.000415431268343,-0.000473778184077,70.6971731383,1.44234411798,0.000871430763677,1.77786887427e-05,35348.5865692,0.435715381839,0.408278069797,0.408278069797,0.816556139594,2.77555756156e-17,2.77555756156e-17,0.08,81089.2629746
2010-12-30,80917.6996544,-0.00121612931024,-0.00211573411783,71.1342103902,1.81408042567,0.000877233406505,2.23714010848e-05,35567.1051951,0.438616703253,0.282595035396,0.282595035396,0.565190070792,-2.77555756156e-16,-2.91433543964e-16,0.08,80917.6996544
2010-12-31,80915.6877661,0.000484937377012,-2.48633887813e-05,39.9989222255,1.25298302455,0.000494316106319,1.54846594738e-05,19999.4611127,0.24715805316,0.280274078645,0.280274078645,0.560548157291,-2.77555756156e-17,-4.16333634234e-17,0.08,80915.6877661
2011-01-03,80969.2950503,0.00148490727846,0.000662507922318,62.8170254377,3.72798408273,0.000776326904855,4.60724512842e-05,31408.5127189,0.388163452427,0.289142139471,0.289142139471,0.578284278942,-2.08166817117e-16,-1.66533453694e-16,0.08,80969.2950503
2011-01-04,80856.0715019,0.000175074725671,-0.00139835166383,126.116396245,1.28282932615,0.0015575829846,1.58434049025e-05,63058.1981226,0.778791492298,0.444996481873,0.444996481873,0.889992963747,-1.94289029309e-16,-1.66533453694e-16,0.08,80856.0715019
2011-01-05,80822.7117903,0.000722409189285,-0.000412581405342,89.7993372564,1.97154341679,0.00111060722576,2.43833688698e-05,44899.6686282,0.555303612879,0.393425152261,0.393425152261,0.786850304522,-2.35922392733e-16,-2.25514051877e-16,0.08,80822.7117903
2011-01-06,80515.6068388,-0.00305616481261,-0.00379973579983,58.3550845445,1.74233905163,0.000722013444636,2.15575425897e-05,29177.5422723,0.361006722318,0.38813409408,0.38813409408,0.776268188161,-2.77555756156e-17,-2.69966340949e-17,0.08,80515.6068388
2011-01-07,80620.9439998,0.00198088064713,0.0013082825194,52.4422709543,1.71237545861,0.000651330506138,2.12676215934e-05,26221.1354772,0.325665253069,0.417359857393,0.417359857393,0.834719714786,-8.32667268469e-17,-9.02056207508e-17,0.08,80620.9439998
2011-01-10,80560.5506454,2.54127062351e-05,-0.00074910254592,56.9109816164,5.53116915463,0.00070590815231,6.86070998454e-05,28455.4908082,0.352954076155,0.344960209971,0.344960209971,0.689920419941,-8.32667268469e-17,-3.46944695195e-17,0.08,80560.5506454
2011-01-11,80583.5088717,0.00107296434863,0.000284981000155,61.9576226187,1.52274983375,0.00076908141916,1.89019293135e-05,30978.8113094,0.38454070958,0.398901739703,0.398901739703,0.797803479405,-8.32667268469e-17,-6.93889390391e-18,0.08,80583.5088717
2011-01-12,80478.4648862,-0.00020351514807,-0.00130354196436,86.8826562231,1.76136448659,0.00107816918672,2.18576295727e-05,43441.3281116,0.539084593359,0.296153535712,0.296153535712,0.592307071424,-2.60208521397e-16,-3.05311331772e-16,0.08,80478.4648862
2011-01-13,80548.8807456,0.00171305142531,0.000874965240558,66.1419179787,1.30597161231,0.000821858593752,1.62275909979e-05,33070.9589894,0.410929296876,0.338375555631,0.338375555631,0.676751111263,-5.55111512313e-17,6.93889390391e-18,0.08,80548.8807456
2011-01-14,80342.5828946,-0.00139600176883,-0.00256115105652,92.3580040506,1.49346697413,0.00114660816135,1.8541126336e-05,46179.0020253,0.573304080675,0.264563596341,0.264563596341,0.529127192682,-1.11022302463e-16,-5.55111512313e-17,0.08,80342.5828946
2011-01-18,80214.4836647,-0.000971313969863,-0.00159441264231,45.402568212,4.6587885304,0.000565112130781,5.79865416638e-05,22701.284106,0.282556065391,0.223690737714,0.223690737714,0.447381475429,-2.63677968348e-16,-1.87350135405e-16,0.08,80214.4836647
2011-01-19,80176.3280981,4.54035572751e-05,-0.000475669291122,40.8143984159,0.983191069936,0.000508815821672,1.22570267241e-05,20407.1992079,0.254407910836,0.232406691727,0.232406691727,0.464813383454,-2.77555756156e-17,-5.55111512313e-17,0.08,80176.3280981
2011-01-20,80177.8758001,0.000683265144501,1.93037272676e-05,52.2129739028,1.02101452976,0.000651226803988,1.27346132453e-05,26106.4869514,0.325613401994,0.239499352511,0.239499352511,0.478998705021,1.38777878078e-17,-7.2858385991e-17,0.08,80177.8758001
2011-01-21,79989.8979699,-0.00169303681402,-0.00234450998265,51.1815403169,1.05219448437,0.000638349916435,1.31232521924e-05,25590.7701585,0.319174958217,0.293922022228,0.293922022228,0.587844044456,4.16333634234e-17,-2.77555756156e-17,0.08,79989.8979699
2011-01-24,79949.5035533,0.00034765541908,-0.000504993976664,64.33855035,3.86478781959,0.000804333446884,4.83159488594e-05,32169.275175,0.402166723442,0.320131316035,0.320131316035,0.64026263207,-4.16333634234e-17,-1.45716771982e-16,0.08,79949.5035533
2011-01-25,79587.5555747,-0.00390625267364,-0.00452720732998,48.2425869261,1.40242957747,0.000603413214366,1.75414419745e-05,24121.293463,0.301706607183,0.232811265898,0.232811265898,0.465622531797,9.71445146547e-17,5.55111512313e-17,0.08,79587.5555747
2011-01-26,79649.7314209,0.00113446591362,0.000781225729006,27.098241752,1.01528107195,0.000340483402918,1.27567816931e-05,13549.120876,0.170241701459,0.221308022495,0.221308022495,0.44261604499,-2.77555756156e-17,-6.93889390391e-17,0.08,79649.7314209
2011-01-27,79603.686318,0.000132431404343,-0.000578094892317,55.6273588579,0.96586983852,0.000698399829674,1.2126466986e-05,27813.6794289,0.349199914837,0.222497431868,0.222497431868,0.444994863736,0,-1.38777878078e-17,0.08,79603.686318
2011-01-28,79612.0296484,0.000531135271934,0.000104810854829,32.9664956745,0.970499494409,0.000414132777002,1.21916401023e-05,16483.2478372,0.207066388501,0.218909710462,0.218909710462,0.437819420924,0,-2.08166817117e-17,0.08,79612.0296484
2011-01-31,79462.6419229,-0.00122110750882,-0.00187644663859,49.3080267727,2.86485145637,0.000619353971887,3.59851578841e-05,24654.0133864,0.309676985944,0.244617806723,0.244617806723,0.489235613446,-5.55111512313e-17,-1.11022302463e-16,0.08,79462.6419229
2011-02-01,79576.2189279,0.00199394303821,0.0014293132246,43.8018820575,1.0650946402,0.00055122609817,1.34037154369e-05,21900.9410287,0.275613049085,0.301914089344,0.301914089344,0.603828178688,0,-2.77555756156e-17,0.08,79576.2189279
2011-02-02,79483.8672288,-0.000448171983187,-0.00116054394569,55.3714189358,1.31644831074,0.000695828724734,1.65432377723e-05,27685.7094679,0.347914362367,0.221171936282,0.221171936282,0.442343872565,-2.35922392733e-16,-2.35922392733e-16,0.08,79483.8672288
2011-02-03,79385.0403851,-0.000808351940829,-0.00124335726397,33.61263955,0.963265798257,0.000422886312932,1.21190102072e-05,16806.319775,0.211443156466,0.232699827358,0.232699827358,0.465399654716,-9.02056207508e-17,-1.04083408559e-16,0.08,79385.0403851
2011-02-04,79383.0573916,0.000490894258509,-2.49794354846e-05,39.940441144,1.01221288726,0.000503123018522,1.27506754717e-05,19970.220572,0.251561509261,0.288746756463,0.288746756463,0.577493512925,-8.32667268469e-17,-8.67361737988e-17,0.08,79383.0573916
2011-02-07,79399.3611494,0.000764911450678,0.000205380824438,40.6493175127,3.76793430245,0.000512065405999,4.74652202404e-05,20324.6587563,0.256032703,0.266899226461,0.266899226461,0.533798452921,-2.22044604925e-16,-2.15105711021e-16,0.08,79399.3611494
2011-02-08,79476.0398368,0.00151854131564,0.000965734311608,42.7313378591,1.16118509985,0.000538182388882,1.46246151485e-05,21365.6689295,0.269091194441,0.322941255341,0.322941255341,0.645882510682,-1.11022302463e-16,-4.85722573274e-17,0.08,79476.0398368
2011-02-09,79383.6032253,0.000382090866794,-0.00116307520693,121.39731922,1.40636120956,0.00152747066248,1.76954112516e-05,60698.6596102,0.763735331238,0.492398060522,0.492398060522,0.984796121044,2.77555756156e-17,5.03069808033e-17,0.08,79383.6032253
2011-02-10,79430.8552538,0.00202011755301,0.000595236631162,110.970355318,2.1418264255,0.0013979002062,2.6980715645e-05,55485.1776589,0.698950103102,0.333920860883,0.333920860883,0.667841721766,1.2490009027e-16,1.97758476261e-16,0.08,79430.8552538
2011-02-11,79275.3362669,-0.000862321937969,-0.0019579165607,85.5706688774,1.45334901737,0.00107729758925,1.8297033473e-05,42785.3344387,0.538648794627,0.229487843303,0.229487843303,0.458975686606,2.77555756156e-17,4.51028103754e-17,0.08,79275.3362669
2011-02-14,79346.6537554,0.00189174060324,0.000899617609518,75.6602988583,2.99058508718,0.000954398964686,3.77240290361e-05,37830.1494291,0.477199482343,0.329902232787,0.329902232787,0.659804465575,1.38777878078e-17,1.11022302463e-16,0.08,79346.6537554
2011-02-15,79211.6717376,-0.000389866322215,-0.00170116837234,102.613093398,1.43433634181,0.00129322521545,1.80768346733e-05,51306.546699,0.646612607724,0.353746683251,0.353746683251,0.707493366501,-7.6327832943e-17,-8.32667268469e-17,0.08,79211.6717376
2011-02-16,78922.2217866,-0.00277826027953,-0.00365413258793,67.8439198514,1.53538992613,0.000856488928503,1.93833799041e-05,33921.9599257,0.428244464251,0.37616847376,0.37616847376,0.752336947521,-7.6327832943e-17,1.04083408559e-17,0.08,78922.2217866
2011-02-17,78734.9906443,-0.0014581855209,-0.00237235011879,70.5211585847,1.62674255974,0.000893552626729,2.0611971165e-05,35260.5792923,0.446776313364,0.235834139752,0.235834139752,0.471668279505,-2.08166817117e-17,-3.46944695195e-17,0.08,78734.9906443
2011-02-18,78519.4811352,-0.00223166734869,-0.00273715037421,38.7817547756,1.01744650888,0.000492560606894,1.29224186166e-05,19390.8773878,0.246280303447,0.163485629284,0.163485629284,0.326971258568,-8.32667268469e-17,-9.02056207508e-17,0.08,78519.4811352
2011-02-22,78298.6852672,-0.00226225688022,-0.00281198837284,40.3510848716,2.81354669248,0.000513899025926,3.58324666923e-05,20175.5424358,0.256949512963,0.228084235451,0.228084235451,0.456168470901,-2.77555756156e-17,-2.77555756156e-17,0.08,78298.6852672
2011-02-23,78045.5824396,-0.00280877638076,-0.00323252972647,32.2007711739,0.978558672108,0.000411255579376,1.24977663261e-05,16100.385587,0.205627789688,0.23014110069,0.23014110069,0.46028220138,1.52655665886e-16,5.55111512313e-17,0.08,78045.5824396
2011-02-24,78215.4438597,0.00257006605708,0.00217643862521,29.736690609,0.984191575157,0.000381016960596,1.26104712707e-05,14868.3453045,0.190508480298,0.213090193514,0.213090193514,0.426180387028,1.2490009027e-16,1.11022302463e-16,0.08,78215.4438597
2011-02-25,78382.363094,0.00248666263398,0.00213409559569,26.6629301808,0.913257209197,0.000340890863301,1.16761749871e-05,13331.4650904,0.170445431651,0.172428505239,0.172428505239,0.344857010478,1.52655665886e-16,1.80411241502e-16,0.08,78382.363094
2011-02-28,78331.7211275,-0.000249463724736,-0.00064608879413,28.8667082225,2.22170197897,0.000368280657574,2.83444118201e-05,14433.3541112,0.184140328787,0.128452024105,0.128452024105,0.256904048211,2.77555756156e-17,1.38777878078e-17,0.08,78331.7211275
2011-03-01,78282.1744442,-0.000240489791058,-0.000632523869017,30.1573688271,0.551335240027,0.000384995610885,7.03846707427e-06,15078.6844136,0.192497805442,0.161347959915,0.161347959915,0.322695919831,4.16333634234e-17,8.84708972748e-17,0.08,78282.1744442
2011-03-02,78165.8215104,-0.000793145177875,-0.00148632731041,53.5717131607,0.692091459962,0.000684341148429,8.84098410495e-06,26785.8565803,0.342170574214,0.292569714791,0.292569714791,0.585139429582,5.20417042793e-17,1.2490009027e-16,0.08,78165.8215104
2011-03-03,78199.4642451,0.00130839110614,0.000430402112352,67.3756377104,1.25309326607,0.000861957776538,1.60312172488e-05,33687.8188552,0.430978888269,0.335813212197,0.335813212197,0.671626424393,1.38777878078e-17,6.93889390391e-17,0.08,78199.4642451
2011-03-04,78043.8854994,-0.00110911316426,-0.00198951165737,67.4077637278,1.43892675508,0.000861997769147,1.8400723956e-05,33703.8818639,0.430998884574,0.273346101918,0.273346101918,0.546692203836,5.55111512313e-17,1.38777878078e-16,0.08,78043.8854994
2011-03-07,77945.0071609,-0.000253562960775,-0.00126695817113,75.5825065768,3.50679318572,0.00096846160456,4.49336057947e-05,37791.2532884,0.48423080228,0.428165859997,0.428165859997,0.856331719995,3.60822483003e-16,5.27355936697e-16,0.08,77945.0071609
2011-03-08,78039.4718772,0.00229428760291,0.00121194056749,82.5348684658,1.82867896019,0.0010588858924,2.34611430135e-05,41267.4342329,0.529442946201,0.421371835882,0.421371835882,0.842743671764,2.77555756156e-17,2.42861286637e-17,0.08,78039.4718772
2011-03-09,77814.4248754,-0.00177924045467,-0.00288375864579,84.3941732706,1.80184304308,0.0010814293234,2.30888677196e-05,42197.0866353,0.5407146617,0.288170062605,0.288170062605,0.57634012521,0,6.93889390391e-18,0.08,77814.4248754
2011-03-10,76846.5145228,-0.0117709464483,-0.0124387008473,50.7322238183,1.22870069523,0.000651964258549,1.57901404167e-05,25366.1119092,0.325982129275,0.323865831331,0.323865831331,0.647731662663,-5.55111512313e-17,-1.14491749414e-16,0.08,76846.5145228
2011-03-11,77241.5287711,0.00576996439353,0.00514030142759,47.0236804044,1.36372385265,0.000611916892997,1.77460729497e-05,23511.8402022,0.305958446498,0.229459667641,0.229459667641,0.458919335281,0,1.38777878078e-17,0.08,77241.5287711
2011-03-14,77398.5205327,0.00252957801372,0.00203247869507,35.4832074022,2.91350392107,0.000459379921226,3.77193974204e-05,17741.6037011,0.229689960613,0.281016479861,0.281016479861,0.562032959722,0,6.93889390391e-18,0.08,77398.5205327
2011-03-15,77394.0242017,0.00060838977739,-5.80932416475e-05,50.3930045769,1.1917950568,0.000651084855757,1.53981632801e-05,25196.5022884,0.325542427879,0.363776698208,0.363776698208,0.727553396416,-2.49800180541e-16,-2.8449465006e-16,0.08,77394.0242017
2011-03-16,77402.6372125,0.00109705286025,0.000111287801083,74.7496321022,1.54269274439,0.000965832089405,1.99329697648e-05,37374.8160511,0.482916044703,0.299558843049,0.299558843049,0.599117686098,-4.16333634234e-17,-6.24500451352e-17,0.08,77402.6372125
2011-03-17,77550.6195055,0.00272035897836,0.00191185078903,61.3101649955,1.27050106588,0.000792094006141,1.64141831808e-05,30655.0824978,0.39604700307,0.331578904953,0.331578904953,0.663157809906,-1.11022302463e-16,-1.38777878078e-16,0.08,77550.6195055
2011-03-18,77613.1126645,0.00192882240929,0.000805837005602,85.6792192588,1.40899449283,0.00110481669657,1.81687071207e-05,42839.6096294,0.552408348283,0.267663441095,0.267663441095,0.535326882189,-1.66533453694e-16,-1.52655665886e-16,0.08,77613.1126645
2011-03-21,77418.513782,-0.00187317334875,-0.00250729388179,45.8011325698,3.41493580436,0.000590121063276,4.3999469769e-05,22900.5662849,0.295060531638,0.21522084974,0.21522084974,0.43044169948,-9.02056207508e-17,-1.2490009027e-16,0.08,77418.513782
2011-03-22,77390.8217234,0.000105345567001,-0.000357692975715,34.9347652078,0.912990592973,0.000451245619442,1.17929232734e-05,17467.3826039,0.225622809721,0.184946798937,0.184946798937,0.369893597873,6.93889390391e-18,-5.55111512313e-17,0.08,77390.8217234
2011-03-23,77328.9816153,-0.000311294834474,-0.00079906256063,36.9644610418,0.784284095607,0.000477633654982,1.01340711746e-05,18482.2305209,0.238816827491,0.243797033037,0.243797033037,0.487594066074,1.17961196366e-16,9.71445146547e-17,0.08,77328.9816153
2011-03-24,77429.1724203,0.00203572536717,0.00129564366342,56.1967465844,1.03301787866,0.000726722962214,1.33587415363e-05,28098.3732922,0.363361481107,0.253573618881,0.253573618881,0.507147237761,-2.08166817117e-17,-3.64291929955e-17,0.08,77429.1724203
2011-03-25,77177.2033822,-0.00213900551564,-0.0032541874109,85.27177588,1.07583536754,0.00110128745038,1.38944448702e-05,42635.88794,0.550643725192,0.40378884704,0.40378884704,0.80757769408,5.82867087928e-16,5.18682319317e-16,0.08,77177.2033822
2011-03-28,77373.0035904,0.00367584921662,0.00253702129153,82.7688211368,5.12273325558,0.00107245167627,6.63762488285e-05,41384.4105684,0.536225838134,0.443572616266,0.443572616266,0.887145232532,2.77555756156e-17,1.11022302463e-16,0.08,77373.0035904
2011-03-29,77210.943489,-0.000947192896836,-0.0020945303118,86.8923640849,1.88057784279,0.00112303206613,2.43053488365e-05,43446.1820424,0.561516033066,0.341262444982,0.341262444982,0.682524889964,-2.77555756156e-17,2.77555756156e-17,0.08,77210.943489
2011-03-30,77345.2300643,0.00247052632554,0.00173921686741,55.0213017177,1.44379152627,0.000712610146067,1.86993120538e-05,27510.6508589,0.356305073034,0.320850094898,0.320850094898,0.641700189796,1.38777878078e-17,4.16333634234e-17,0.08,77345.2300643
2011-03-31,77131.0612881,-0.00199507635019,-0.00276899785618,58.4993438141,1.35979311814,0.000756340678869,1.75808271177e-05,29249.6719071,0.378170339435,0.311541011734,0.311541011734,0.623082023468,4.16333634234e-17,6.24500451352e-17,0.08,77131.0612881
2011-04-01,76914.2606842,-0.00193360495615,-0.00281080799697,66.3429171817,1.31668432163,0.000860132300448,1.7070740369e-05,33171.4585908,0.430066150224,0.405062879863,0.405062879863,0.810125759726,6.93889390391e-18,0,0.08,76914.2606842
2011-04-04,76783.8444053,-0.000651262988439,-0.0016956059606,75.2034793409,5.12138826333,0.000977757293276,6.65856788816e-05,37601.7396705,0.488878646638,0.352510530386,0.352510530386,0.705021060772,2.77555756156e-17,2.77555756156e-17,0.08,76783.8444053
2011-04-05,76768.4568049,0.000585018087414,-0.000200401537285,58.8244087371,1.48312951871,0.000766103979199,1.93156455006e-05,29412.2043686,0.3830519896,0.25845440906,0.25845440906,0.51690881812,7.6327832943e-17,0,0.08,76768.4568049
2011-04-06,76750.1098481,0.000707928064918,-0.000238990824365,71.6063157599,1.08718608975,0.000932757003855,1.41618854279e-05,35803.1578799,0.466378501928,0.263397888711,0.263397888711,0.526795777422,4.37150315946e-16,3.57353036051e-16,0.08,76750.1098481
2011-04-07,76583.2585056,-0.00155036675826,-0.00217395574876,46.7528075263,1.1077159941,0.000609156229468,1.44327610253e-05,23376.4037632,0.304578114734,0.298675251854,0.298675251854,0.597350503708,6.93889390391e-17,-3.46944695195e-18,0.08,76583.2585056
2011-04-08,76595.7338959,0.000963330128073,0.000162899707173,60.0462260575,1.25334378202,0.000784064653676,1.63657672249e-05,30023.1130288,0.392032326838,0.370154914392,0.370154914392,0.740309828784,1.11022302463e-16,-6.59194920871e-17,0.08,76595.7338959
2011-04-11,76436.1712398,-0.00118415336864,-0.00208317941486,64.2009098311,4.66064997091,0.000838178663035,6.08473831877e-05,32100.4549156,0.419089331518,0.415179369087,0.415179369087,0.830358738173,1.38777878078e-16,6.24500451352e-17,0.08,76436.1712398
2011-04-12,76863.7130444,0.00633432301018,0.00559344872461,54.8907049174,1.73888884114,0.000718124731094,2.27495544705e-05,27445.3524587,0.359062365547,0.397180658962,0.397180658962,0.794361317924,-1.11022302463e-16,-2.49800180541e-16,0.08,76863.7130444
2011-04-13,76772.4392292,0.000189984512012,-0.0011874760082,104.203920281,1.67280987382,0.00135569719643,2.17633237787e-05,52101.9601407,0.677848598214,0.23853759484,0.23853759484,0.47707518968,1.52655665886e-16,1.11022302463e-16,0.08,76772.4392292
2011-04-14,76913.1272718,0.00260410640913,0.0018325331853,58.2321001902,1.00345824678,0.000758502670683,1.30705531419e-05,29116.0500951,0.379251335342,0.324215983317,0.324215983317,0.648431966634,2.42861286637e-16,2.49800180541e-16,0.08,76913.1272718
2011-04-15,76892.8533148,0.000799917523685,-0.000263595535597,80.4317336297,1.36638165416,0.00104574779992,1.77652593598e-05,40215.8668148,0.522873899961,0.30566889974,0.30566889974,0.61133779948,0,7.6327832943e-17,0.08,76892.8533148
2011-04-18,76925.3756599,0.000959299409723,0.000422956668648,37.3772929427,3.86363077326,0.000486095798651,5.02469424231e-05,18688.6464713,0.243047899326,0.243542654286,0.243542654286,0.487085308572,5.55111512313e-17,6.93889390391e-17,0.08,76925.3756599
2011-04-19,76914.4999622,0.000550266578005,-0.000141379844875,52.178606922,1.02655398193,0.000678301619906,1.33448029746e-05,26089.303461,0.339150809953,0.247742727683,0.247742727683,0.495485455366,3.33066907388e-16,3.85108611667e-16,0.08,76914.4999622
2011-04-20,76868.844768,0.000494915475787,-0.000593583710597,82.6772606016,1.04411002844,0.0010749242424,1.35749439826e-05,41338.6303008,0.537462121201,0.365927772441,0.365927772441,0.731855544883,6.38378239159e-16,7.77156117238e-16,0.08,76868.844768
2011-04-21,76612.703744,-0.00243710604215,-0.00333218256065,67.2622132908,1.54128466499,0.000875025681651,2.00508368461e-05,33631.1066454,0.437512840826,0.248058453329,0.248058453329,0.496116906659,4.30211422042e-16,4.85722573274e-16,0.08,76612.703744
2011-04-25,76636.3202612,0.00119934253609,0.000308258500797,64.1030029503,4.16535425668,0.000836715059222,5.43689760722e-05,32051.5014751,0.418357529611,0.329562816429,0.329562816429,0.659125632857,1.38777878078e-16,2.22044604925e-16,0.08,76636.3202612
2011-04-26,76426.2476144,-0.00198732420827,-0.00274116301581,56.3875154828,1.38391679704,0.000735780571023,1.80582365166e-05,28193.7577414,0.367890285511,0.270018947106,0.270018947106,0.540037894213,1.52655665886e-16,3.1918911958e-16,0.08,76426.2476144
2011-04-27,76424.5828978,0.000636850945086,-2.17820015153e-05,49.2060756277,1.13076903628,0.000643837387856,1.47955587456e-05,24603.0378138,0.321918693928,0.308618562441,0.308618562441,0.617237124882,-1.38777878078e-17,4.85722573274e-17,0.08,76424.5828978
2011-04-28,76413.1507381,0.000555287091875,-0.000149587465711,52.5773580364,1.29238602242,0.000687963951425,1.69106061612e-05,26288.6790182,0.343981975713,0.310386533291,0.310386533291,0.620773066581,4.85722573274e-17,9.88792381307e-17,0.08,76413.1507381
2011-04-29,76319.1147475,-0.000210588117041,-0.00123062574593,76.6446938647,1.29959523043,0.00100303014762,1.70074812762e-05,38322.3469323,0.501515073808,0.323193629811,0.323193629811,0.646387259622,-3.46944695195e-17,-8.15320033709e-17,0.08,76319.1147475
2011-05-02,76061.2222592,-0.00233574645356,-0.00337913364349,75.5757261175,4.05466055658,0.000990259469958,5.31277199689e-05,37787.8630587,0.495129734979,0.345937417176,0.345937417176,0.691874834352,5.55111512313e-17,5.55111512313e-17,0.08,76061.2222592
2011-05-03,75872.225233,-0.00168756324226,-0.00248480132975,59.1971267757,1.44177659044,0.000778282612578,1.89554749138e-05,29598.5633879,0.389141306289,0.401239269594,0.401239269594,0.802478539188,1.11022302463e-16,6.07153216592e-17,0.08,75872.225233
2011-05-04,75969.5428223,0.00222517725087,0.00128265105008,69.8434551945,1.66810499917,0.000920540487379,2.19857134024e-05,34921.7275972,0.46027024369,0.337990023559,0.337990023559,0.675980047118,8.32667268469e-17,3.46944695195e-17,0.08,75969.5428223
2011-05-05,75875.8425483,-0.000486804936257,-0.00123339262744,55.3109695445,1.40695603114,0.000728067689888,1.85200012909e-05,27655.4847723,0.364033844944,0.376055533816,0.376055533816,0.752111067632,1.11022302463e-16,1.7694179455e-16,0.08,75875.8425483
2011-05-06,75834.3890897,0.000529826296864,-0.00054633276132,80.0909941339,1.56348112182,0.00105555327551,2.06057826749e-05,40045.497067,0.527776637755,0.407692561821,0.407692561821,0.815385123642,-2.77555756156e-17,1.14491749414e-16,0.08,75834.3890897
2011-05-09,75888.3671314,0.00174668737123,0.000711788441859,73.3986623752,5.08226570336,0.000967880974005,6.70179553678e-05,36699.3311876,0.483940487002,0.252625722181,0.252625722181,0.505251444361,5.55111512313e-16,5.89805981832e-16,0.08,75888.3671314
2011-05-10,75840.6114711,0.00022356258686,-0.00062928828273,63.6709747737,1.05048512612,0.000839008364266,1.3842505325e-05,31835.4873868,0.419504182133,0.347238356376,0.347238356376,0.694476712751,1.94289029309e-16,2.01227923213e-16,0.08,75840.6114711
2011-05-11,75609.1180049,-0.00200926236725,-0.0030523681412,77.6667786694,1.4430010561,0.0010240790147,1.90267592535e-05,38833.3893347,0.512039507349,0.351764336251,0.351764336251,0.703528672503,3.40005801291e-16,3.88578058619e-16,0.08,75609.1180049
2011-05-12,75530.29301,0.000136482071837,-0.0010425329239,87.6869364785,1.45734746354,0.00115974023758,1.92747581508e-05,43843.4682393,0.579870118792,0.285912280647,0.285912280647,0.571824561294,2.70616862252e-16,2.63677968348e-16,0.08,75530.29301
2011-05-13,75493.5878265,0.000352156012622,-0.000485966385159,62.120340511,1.18328977164,0.000822455971444,1.56664263368e-05,31060.1702555,0.411227985722,0.269914342853,0.269914342853,0.539828685706,1.66533453694e-16,1.87350135405e-16,0.08,75493.5878265
2011-05-16,75356.0438702,-0.00135160341168,-0.00182192899231,32.1569542165,3.34961131197,0.000425956099615,4.43694810169e-05,16078.4771083,0.212978049807,0.2707261623,0.2707261623,0.541452324601,8.32667268469e-16,7.8062556419e-16,0.08,75356.0438702
2011-05-17,75342.5367583,0.000267405166689,-0.00017924390876,32.5398523891,1.11785493496,0.000431814765185,1.4834310263e-05,16269.9261945,0.215907382593,0.239105800909,0.239105800909,0.478211601818,-5.55111512313e-17,-5.89805981832e-17,0.08,75342.5367583
2011-05-18,75398.1386219,0.00128290574519,0.000737987675428,40.0683953128,0.987114388718,0.000531816382043,1.3101687721e-05,20034.1976564,0.265908191022,0.280800428902,0.280800428902,0.561600857804,7.6327832943e-16,6.93889390391e-16,0.08,75398.1386219
2011-05-19,75475.6406944,0.00184287778048,0.00102790432192,60.2873815456,1.16010025553,0.000799587133682,1.53863248713e-05,30143.6907728,0.399793566841,0.329218202556,0.329218202556,0.658436405111,1.94289029309e-16,1.94289029309e-16,0.08,75475.6406944
2011-05-20,75329.9460979,-0.000919016355925,-0.00193035256386,74.9697164832,1.36153176801,0.000993296854368,1.80393535647e-05,37484.8582416,0.496648427184,0.458952201356,0.458952201356,0.917904402711,3.33066907388e-16,2.77555756156e-16,0.08,75329.9460979
2011-05-23,75253.9405775,-0.000129567599833,-0.00100896820418,60.5619927937,5.6832073298,0.000803956406859,7.54441974831e-05,30280.9963969,0.401978203429,0.337799301566,0.337799301566,0.675598603133,2.94902990916e-17,0,0.08,75253.9405775
2011-05-24,75149.8419009,-0.000493355341559,-0.00138329867916,65.5788264116,1.39291663382,0.000871433786834,1.85095507708e-05,32789.4132058,0.435716893417,0.452121216486,0.452121216486,0.904242432971,9.71445146547e-17,8.32667268469e-17,0.08,75149.8419009
2011-05-25,75010.147501,-0.000538793950363,-0.00185887816033,97.3423751301,1.8617445446,0.00129531044468,2.47737652869e-05,48671.187565,0.647655222339,0.385516494033,0.385516494033,0.771032988066,9.71445146547e-17,1.11022302463e-16,0.08,75010.147501
2011-05-26,74850.1144973,-0.000944129529963,-0.00213348472227,87.6291796894,1.58452871679,0.00116823100086,2.11241914539e-05,43814.5898447,0.584115500428,0.330858275973,0.330858275973,0.661716551946,1.38777878078e-16,1.43982048506e-16,0.08,74850.1144973
2011-05-27,74859.5568864,0.00116270122871,0.00012615062981,76.2289567722,1.35697423775,0.0010184213783,1.81292206013e-05,38114.4783861,0.509210689149,0.446869201882,0.446869201882,0.893738403763,-4.16333634234e-17,-9.71445146547e-17,0.08,74859.5568864
2011-05-31,74831.8740861,0.000773690299784,-0.000369796475446,78.2688737508,7.33203954828,0.00104554284057,9.7943934659e-05,39134.4368754,0.522771420285,0.331383063414,0.331383063414,0.662766126829,2.77555756156e-17,3.46944695195e-17,0.08,74831.8740861
2011-06-01,74880.6456188,0.0012795101999,0.000651748113475,45.6178180278,1.35879537949,0.000609604110346,1.81579760775e-05,22808.9090139,0.304802055173,0.253739713951,0.253739713951,0.507479427901,-1.38777878078e-17,-6.24500451352e-17,0.08,74880.6456188
2011-06-02,74876.2712232,0.000644973229023,-5.84182420944e-05,51.6293009815,1.04110649862,0.000689487925148,1.39035459699e-05,25814.6504907,0.344743962574,0.240010069361,0.240010069361,0.480020138722,-6.93889390391e-18,5.89805981832e-17,0.08,74876.2712232
2011-06-03,74817.279333,-0.000260623034511,-0.00078785827901,38.4926936012,0.98471556437,0.000514084007822,1.31512366773e-05,19246.3468006,0.257042003911,0.187477168553,0.187477168553,0.374954337106,1.38777878078e-17,2.86229373536e-17,0.08,74817.279333
2011-06-06,74731.0896492,-0.000492060913985,-0.00115200237958,47.0692937382,2.30573123642,0.000629123300898,3.08181646937e-05,23534.6468691,0.314561650449,0.263888528649,0.263888528649,0.527777057298,0,4.16333634234e-17,0.08,74731.0896492
2011-06-07,74799.7728401,0.00147692222477,0.000919071182642,40.6082311834,1.08058505709,0.000543391396728,1.44596454054e-05,20304.1155917,0.271695698364,0.293265250968,0.293265250968,0.586530501936,3.88578058619e-16,4.67507976776e-16,0.08,74799.7728401
2011-06-08,74601.0146583,-0.00184111813199,-0.00265720301366,59.8409816213,1.20198214544,0.000800015552844,1.60693288202e-05,29920.4908106,0.400007776422,0.36016938384,0.36016938384,0.720338767681,2.77555756156e-16,2.28116137091e-16,0.08,74601.0146583
2011-06-09,74326.0490906,-0.00297739523464,-0.00368581538711,51.3765881249,1.47227405388,0.000688684843768,1.97353087036e-05,25688.2940625,0.344342421884,0.371453522159,0.371453522159,0.742907044318,-5.55111512313e-17,-1.00613961607e-16,0.08,74326.0490906
2011-06-10,74400.8019196,0.00187631969648,0.00100574199658,63.193796875,1.51280398481,0.000850224082246,2.03536176525e-05,31596.8984375,0.425112041123,0.333494321526,0.333494321526,0.666988643051,2.28983498829e-16,1.5092094241e-16,0.08,74400.8019196
2011-06-13,74547.8488607,0.00282878889221,0.00197641607834,59.3384956877,4.07872519843,0.000797551829507,5.48209843604e-05,29669.2478439,0.398775914753,0.304089895465,0.304089895465,0.60817979093,-4.16333634234e-17,-6.07153216592e-17,0.08,74547.8488607
2011-06-14,74672.1140634,0.00257987684623,0.00166691869165,66.8169159725,1.24215055163,0.000896295694558,1.66624600255e-05,33408.4579862,0.448147847279,0.415965104,0.415965104,0.831930208,-1.11022302463e-16,-1.11022302463e-16,0.08,74672.1140634
2011-06-15,74464.7540371,-0.00168408613278,-0.00277694061423,79.9037822359,1.70197225711,0.001070061873,2.27926084384e-05,39951.891118,0.535030936502,0.309155592913,0.309155592913,0.618311185826,0,-2.77555756156e-17,0.08,74464.7540371
2011-06-16,74302.6844542,-0.00143467340732,-0.00217646032704,53.9755451724,1.26143535263,0.000724846887233,1.69400324884e-05,26987.7725862,0.362423443617,0.285527158507,0.285527158507,0.571054317013,-5.55111512313e-17,-1.07552855511e-16,0.08,74302.6844542
2011-06-17,74077.3738036,-0.00199963912459,-0.00303233526787,75.5696061167,1.16248955406,0.00101705081952,1.56453237538e-05,37784.8030584,0.50852540976,0.353059497114,0.353059497114,0.706118994228,1.38777878078e-16,1.14491749414e-16,0.08,74077.3738036
2011-06-20,74208.1785868,0.00263783794597,0.00176578591407,60.3000826434,4.29924170016,0.000814014854296,5.80371776078e-05,30150.0413217,0.407007427148,0.328795094268,0.328795094268,0.657590188535,-6.24500451352e-17,-1.73472347598e-16,0.08,74208.1785868
2011-06-21,74161.5965711,0.000466388502592,-0.00062772078061,79.854909954,1.33694712734,0.00107609311365,1.80161695489e-05,39927.454977,0.538046556826,0.361451426664,0.361451426664,0.722902853329,1.11022302463e-16,-2.77555756156e-17,0.08,74161.5965711
2011-06-22,74181.8589908,0.00114118457768,0.000273219843242,62.900838699,1.46881177448,0.000848159176815,1.98055576255e-05,31450.4193495,0.424079588407,0.390872469247,0.390872469247,0.781744938494,1.38777878078e-17,-5.55111512313e-17,0.08,74181.8589908
2011-06-23,74150.2021965,0.000286273010212,-0.000426745767146,51.3042558575,1.58880254231,0.00069160110781,2.14176695478e-05,25652.1279288,0.345800553905,0.371069980899,0.371069980899,0.742139961798,-1.66533453694e-16,-2.49800180541e-16,0.08,74150.2021965
2011-06-24,73988.763877,-0.000717548577736,-0.00217717976161,106.72428089,1.50766652672,0.00143929858218,2.03326016931e-05,53362.1404451,0.719649291092,0.417147617741,0.417147617741,0.834295235481,-4.16333634234e-16,-4.85722573274e-16,0.08,73988.763877
2011-06-27,73640.148422,-0.0035235550755,-0.00471173508876,82.838397306,5.07357313822,0.00111960780212,6.85722111355e-05,41419.198653,0.559803901061,0.28413328093,0.28413328093,0.56826656186,-1.11022302463e-16,-6.93889390391e-17,0.08,73640.148422
2011-06-28,73308.1999459,-0.00380091445677,-0.00450771057949,50.902071821,1.14649956051,0.000691227175823,1.55689469003e-05,25451.0359105,0.345613587912,0.371845604476,0.371845604476,0.743691208952,4.85722573274e-17,8.67361737988e-17,0.08,73308.1999459
2011-06-29,73448.3134081,0.00246991437928,0.00191129317477,39.4578529311,1.49366202312,0.000538246102894,2.03751016151e-05,19728.9264656,0.269123051447,0.359583421667,0.359583421667,0.719166843334,-1.45716771982e-16,-1.17961196366e-16,0.08,73448.3134081
2011-06-30,73532.5012288,0.00151904353493,0.0011462185687,25.9361980706,1.44716689594,0.000353121765049,1.97032011872e-05,12968.0990353,0.176560882525,0.362922082346,0.362922082346,0.725844164692,-6.24500451352e-17,-1.38777878078e-17,0.08,73532.5012288
2011-07-01,73474.5333166,0.000414671537535,-0.000788330482477,86.9974697906,1.46227772417,0.00118311587851,1.98861414984e-05,43498.7348953,0.591557939257,0.360489525012,0.360489525012,0.720979050023,7.6327832943e-17,4.85722573274e-17,0.08,73474.5333166
2011-07-05,73277.9970218,-0.00175631500878,-0.00267489000533,61.6865432446,5.80532594318,0.000839563593807,7.90114027423e-05,30843.2716223,0.419781796903,0.253465156772,0.253465156772,0.506930313544,0,-2.77555756156e-17,0.08,73277.9970218
2011-07-06,73207.8044534,-0.000218728230636,-0.000957894201143,53.1468801962,1.01772158921,0.000725277468766,1.38885017409e-05,26573.4400981,0.362638734383,0.285555231661,0.285555231661,0.571110463323,8.32667268469e-17,1.11022302463e-16,0.08,73207.8044534
2011-07-07,73269.2444718,0.00155900839669,0.000839255033697,51.5460910385,1.14547241425,0.000704106500985,1.56468620088e-05,25773.0455193,0.352053250493,0.231537517853,0.231537517853,0.463075035705,1.38777878078e-17,4.16333634234e-17,0.08,73269.2444718
2011-07-08,73115.7989498,-0.00107418165866,-0.00209426919966,73.8114774515,0.9295659726,0.00100740055372,1.26869872796e-05,36905.7387258,0.50370027686,0.332779803177,0.332779803177,0.665559606355,1.66533453694e-16,1.38777878078e-16,0.08,73115.7989498
2011-07-11,72982.605416,-0.00108081971781,-0.00182167925064,50.1688444028,3.99969224937,0.000686156003537,5.47035292894e-05,25084.4222014,0.343078001768,0.382444505024,0.382444505024,0.764889010048,1.66533453694e-16,2.49800180541e-16,0.08,72982.605416
2011-07-12,72883.8397014,-0.000559304229754,-0.00135327745548,56.4168211423,1.52941350157,0.000773017362436,2.0955863289e-05,28208.4105712,0.386508681218,0.341016997103,0.341016997103,0.682033994205,5.55111512313e-17,9.71445146547e-17,0.08,72883.8397014
2011-07-13,72763.360143,-0.000989457580458,-0.00165303528144,47.0021933546,1.361897433,0.000644891838124,1.86858628549e-05,23501.0966773,0.322445919062,0.321164518186,0.321164518186,0.642329036371,1.38777878078e-16,1.11022302463e-16,0.08,72763.360143
2011-07-14,72708.9556252,0.000215101183456,-0.000747691112831,68.7755089263,1.28049367134,0.000945194240496,1.7598055791e-05,34387.7544631,0.472597120248,0.459874217794,0.459874217794,0.919748435588,0,1.11022302463e-16,0.08,72708.9556252
2011-07-15,72428.8802768,-0.00230443726129,-0.00385200620763,110.689958883,1.8321629641,0.00152237035907,2.51985872764e-05,55344.9794413,0.761185179533,0.36374082259,0.36374082259,0.72748164518,2.77555756156e-16,2.77555756156e-16,0.08,72428.8802768
2011-07-18,72080.3827748,-0.00408799254756,-0.00481158207479,48.0780383347,4.33074090266,0.000663796515299,5.97930119326e-05,24039.0191674,0.331898257649,0.345779679614,0.345779679614,0.691559359228,1.38777878078e-16,2.22044604925e-16,0.08,72080.3827748
2011-07-19,72115.3181919,0.000944259059311,0.000484673024542,31.7614424185,1.36569488561,0.00044063920301,1.89468317597e-05,15880.7212093,0.220319601505,0.31413033775,0.31413033775,0.6282606755,3.67761376907e-16,4.16333634234e-16,0.08,72115.3181919
2011-07-20,71897.5592661,-0.00200042542345,-0.00301959321916,72.2563162201,1.24129365811,0.00100195517446,1.72126212466e-05,36128.1581101,0.50097758723,0.24327137717,0.24327137717,0.486542754339,-5.55111512313e-17,2.77555756156e-17,0.08,71897.5592661
2011-07-21,71910.3294625,0.000707734827718,0.000177616549101,37.1558203134,0.958390041523,0.000516788340142,1.3329938475e-05,18577.9101567,0.258394170071,0.252528663491,0.252528663491,0.505057326983,-4.16333634234e-17,5.55111512313e-17,0.08,71910.3294625
2011-07-22,71760.6448485,-0.00147804578734,-0.00208154537862,42.4028177601,0.995036678925,0.000589662404234,1.38371870406e-05,21201.40888,0.294831202117,0.29032158751,0.29032158751,0.58064317502,-1.11022302463e-16,-5.55111512313e-17,0.08,71760.6448485
2011-07-25,71539.6992176,-0.00246348110986,-0.00307892482456,40.7399258897,3.42471194518,0.000567719618123,4.7724096577e-05,20369.9629448,0.283859809062,0.305486945425,0.305486945425,0.610973890849,-1.17961196366e-16,-5.55111512313e-17,0.08,71539.6992176
2011-07-26,71408.7529716,-0.00130100041827,-0.00183039972941,36.6755636937,1.19750379127,0.000512660300431,1.67390107082e-05,18337.7818468,0.256330150216,0.268956192425,0.268956192425,0.53791238485,-2.22044604925e-16,-1.94289029309e-16,0.08,71408.7529716
2011-07-27,71343.0043121,-0.000219677838802,-0.000920736697911,49.0093648445,1.05237404411,0.000686321533497,1.47373256123e-05,24504.6824223,0.343160766749,0.260877565454,0.260877565454,0.521755130908,0,4.51028103754e-17,0.08,71343.0043121
2011-07-28,71278.9499013,-0.000315827455887,-0.00089783730707,40.5025072527,1.01982406998,0.000567715190062,1.42946611208e-05,20251.2536263,0.283857595031,0.248665861779,0.248665861779,0.497331723557,6.93889390391e-18,0,0.08,71278.9499013
2011-07-29,71333.0889304,0.00153216765035,0.000759537411794,54.1010588333,0.971213233089,0.000759004711885,1.36255266728e-05,27050.5294166,0.379502355943,0.286813334976,0.286813334976,0.573626669953,2.77555756156e-17,4.85722573274e-17,0.08,71333.0889304
2011-08-01,71136.3321724,-0.00194925783001,-0.00275828175874,54.3470063538,3.36316950087,0.000761876531197,4.71473975304e-05,27173.5031769,0.380938265598,0.263205774465,0.263205774465,0.526411548929,-3.46944695195e-17,-2.77555756156e-17,0.08,71136.3321724
2011-08-02,71164.893466,0.000999502729809,0.000401500789752,41.5137198037,1.02594484395,0.00058357970584,1.44222342172e-05,20756.8599018,0.29178985292,0.198720153276,0.198720153276,0.397440306552,1.38777878078e-16,1.90819582357e-16,0.08,71164.893466
2011-08-03,71042.8771937,-0.00144375013786,-0.00171455708489,18.4970489859,0.774898549996,0.000259918171517,1.0888775522e-05,9248.52449293,0.129959085758,0.214189507289,0.214189507289,0.428379014578,1.5959455979e-16,1.6826817717e-16,0.08,71042.8771937
2011-08-04,71139.0343012,0.00180361109898,0.00135350806884,31.1428258637,0.833788430823,0.000438366618779,1.17364113583e-05,15571.4129319,0.219183309389,0.230889264951,0.230889264951,0.461778529902,-5.89805981832e-17,0,0.08,71139.0343012
2011-08-05,71088.5822726,-0.000258638889261,-0.000709203168548,31.1526946046,0.900013114473,0.000437912812714,1.26514665727e-05,15576.3473023,0.218956406357,0.207999283559,0.207999283559,0.415998567118,4.85722573274e-17,6.93889390391e-17,0.08,71088.5822726
2011-08-08,71093.5016408,0.000563145369876,6.9200538823e-05,32.6832009086,2.43063685183,0.000459753168002,3.41916630508e-05,16341.6004543,0.229876584001,0.233804103749,0.233804103749,0.467608207498,1.83880688454e-16,1.80411241502e-16,0.08,71093.5016408
2011-08-09,71241.5128821,0.00266722605575,0.00208192363304,40.7004068349,0.910791914166,0.000572491238939,1.28111837671e-05,20350.2034174,0.286245619469,0.255106676541,0.255106676541,0.510213353082,1.5959455979e-16,1.6826817717e-16,0.08,71241.5128821
2011-08-10,71204.1155134,0.000427110206002,-0.000524937878458,66.829500088,0.995845785375,0.00093806963643,1.39784480296e-05,33414.750044,0.469034818215,0.287961917945,0.287961917945,0.575923835889,3.60822483003e-16,3.41740524767e-16,0.08,71204.1155134
2011-08-11,71430.7928565,0.00380909863913,0.0031834865369,43.4226455077,1.12351088596,0.000609833366999,1.57787352298e-05,21711.3227539,0.304916683499,0.283473686945,0.283473686945,0.566947373889,1.94289029309e-16,2.98372437868e-16,0.08,71430.7928565
2011-08-12,71370.2570408,0.00023682844633,-0.000847475064367,76.3431389066,1.10952055958,0.00106877070593,1.55328047641e-05,38171.5694533,0.534385352966,0.328284737955,0.328284737955,0.656569475909,6.10622663544e-16,4.85722573274e-16,0.08,71370.2570408
2011-08-15,71364.9880528,0.000685803871999,-7.38261039955e-05,50.3635182376,3.85146840499,0.000705665361536,5.39646144583e-05,25181.7591188,0.352832680768,0.278429476913,0.278429476913,0.556858953827,1.38777878078e-16,1.31838984174e-16,0.08,71364.9880528
2011-08-16,71309.4467192,0.000141343797831,-0.000778271460945,64.5395584601,1.08877349553,0.000904358849082,1.52564096939e-05,32269.7792301,0.452179424541,0.348127545067,0.348127545067,0.696255090134,-5.55111512313e-17,-1.38777878078e-17,0.08,71309.4467192
2011-08-17,71249.6258582,3.12937694943e-05,-0.00083889111122,60.6921403254,1.36026206172,0.000851109398792,1.90754819215e-05,30346.0701627,0.425554699396,0.278822544943,0.278822544943,0.557645089886,6.24500451352e-17,7.6327832943e-17,0.08,71249.6258582
2011-08-18,71396.7980492,0.00275112785613,0.00206558545615,47.7560914528,1.08854805524,0.000670264452305,1.52779476681e-05,23878.0457264,0.335132226152,0.238151562352,0.238151562352,0.476303124705,1.38777878078e-16,1.39211558947e-16,0.08,71396.7980492
2011-08-19,71238.6901286,-0.0015050002753,-0.00221449595556,49.7240343754,0.931685424787,0.000696446279582,1.30494006768e-05,24862.0171877,0.348223139791,0.23773223328,0.23773223328,0.47546446656,4.40619762898e-16,4.28476698566e-16,0.08,71238.6901286
2011-08-22,71317.5062323,0.00176404920406,0.00110636654797,44.0684948469,2.78395609319,0.000618603384865,3.90792712241e-05,22034.2474235,0.309301692432,0.266319153718,0.266319153718,0.532638307435,2.15105711021e-16,1.64798730218e-16,0.08,71317.5062323
2011-08-23,71683.2376198,0.00563722769349,0.0051282133489,35.2609094241,1.04072426877,0.000494421514252,1.45928303407e-05,17630.454712,0.247210757126,0.29452215459,0.29452215459,0.58904430918,-3.81639164715e-17,6.93889390391e-18,0.08,71683.2376198
2011-08-24,71410.1155833,-0.00294042519449,-0.00381012417426,61.1860001808,1.15683844338,0.000853560779514,1.61382002515e-05,30593.0000904,0.426780389757,0.3081811383,0.3081811383,0.6163622766,1.52655665886e-16,-2.77555756156e-17,0.08,71410.1155833
2011-08-25,71344.3272332,4.13995368085e-05,-0.000921274941266,67.5388189973,1.20587675104,0.000945787840359,1.68866377151e-05,33769.4094986,0.47289392018,0.414308507283,0.414308507283,0.828617014565,9.85322934355e-16,9.57567358739e-16,0.08,71344.3272332
2011-08-26,71533.8417191,0.00390747731705,0.00265633573381,87.6422073121,1.61964721748,0.00122843974722,2.27018360155e-05,43821.103656,0.614219873611,0.344846095542,0.344846095542,0.689692191084,-4.85722573274e-17,-6.93889390391e-18,0.08,71533.8417191
2011-08-29,71586.7959094,0.00205003198468,0.00074026766994,89.6374321909,4.05504098892,0.00125307728533,5.66870294042e-05,44818.7160954,0.626538642667,0.277891648555,0.277891648555,0.55578329711,-2.08166817117e-16,-1.04083408559e-16,0.08,71586.7959094
2011-08-30,71510.534731,-1.86965998076e-05,-0.00106529671264,73.8327008552,1.09004782082,0.00103137317319,1.52269396468e-05,36916.3504276,0.515686586593,0.395257608269,0.395257608269,0.790515216538,-2.77555756156e-16,-1.94289029309e-16,0.08,71510.534731
2011-08-31,71639.5618391,0.00282196895166,0.00180430909314,71.2246289901,1.54877166706,0.000996001907384,2.1657951138e-05,35612.3144951,0.498000953692,0.333368420118,0.333368420118,0.666736840237,-4.4408920985e-16,-3.74700270811e-16,0.08,71639.5618391
2011-09-01,71583.6627122,0.00020154154807,-0.000780282926203,69.0288522605,1.30862287936,0.000963557711527,1.82667627462e-05,34514.4261303,0.481778855764,0.222456807228,0.222456807228,0.444913614457,-3.88578058619e-16,-3.74700270811e-16,0.08,71583.6627122
2011-09-02,71568.8880241,0.00061846830931,-0.000206397486651,58.1743520137,0.872562907214,0.000812676381867,1.21894140947e-05,29087.1760069,0.406338190934,0.280436024463,0.280436024463,0.560872048926,-6.93889390391e-18,1.38777878078e-17,0.08,71568.8880241
2011-09-06,71440.8724744,-0.00109141849917,-0.00178870390785,45.5049288564,4.3990124784,0.000635819978663,6.14654300192e-05,22752.4644282,0.317909989332,0.385333240368,0.385333240368,0.770666480736,1.38777878078e-16,6.93889390391e-17,0.08,71440.8724744
2011-09-07,71427.9213431,0.000673906744413,-0.000181284618608,59.587203798,1.50841330878,0.000834077212864,2.11141501571e-05,29793.601899,0.417038606432,0.374182948718,0.374182948718,0.748365897436,6.93889390391e-17,6.93889390391e-17,0.08,71427.9213431
2011-09-08,70923.2355014,-0.00621952109773,-0.007065666089,58.9738786909,1.46449919063,0.000825641816002,2.05031752722e-05,29486.9393455,0.412820908001,0.353076930114,0.353076930114,0.706153860227,-8.32667268469e-17,-1.07552855511e-16,0.08,70923.2355014
2011-09-09,70883.8104692,1.23573363963e-05,-0.000555883159271,38.9293252757,1.37212921998,0.000548893814565,1.93466811021e-05,19464.6626378,0.274446907283,0.359479888754,0.359479888754,0.718959777507,3.46944695195e-17,3.46944695195e-17,0.08,70883.8104692
2011-09-12,70890.1009724,0.000785264072192,8.87438638144e-05,45.1832988821,4.18870755648,0.000637427623924,5.90925844527e-05,22591.6494411,0.318713811962,0.363242580637,0.363242580637,0.726485161274,2.77555756156e-17,2.77555756156e-17,0.08,70890.1009724
2011-09-13,70770.9377587,-0.00116365924181,-0.0016809570318,35.2603170461,1.41097551884,0.000497394086938,1.99037030486e-05,17630.158523,0.248697043469,0.369483015746,0.369483015746,0.738966031493,-2.77555756156e-16,-2.35922392733e-16,0.08,70770.9377587
2011-09-14,70718.9341477,0.00014325383972,-0.000734815910292,60.709016365,1.43280326084,0.000857824105313,2.02456446984e-05,30354.5081825,0.428912052657,0.406687419576,0.406687419576,0.813374839153,-4.71844785466e-16,-4.23272528138e-16,0.08,70718.9341477
2011-09-15,70639.4226922,-0.000156930007568,-0.00112433051286,66.8376147737,1.57591785445,0.000945116263124,2.22842421686e-05,33418.8073869,0.472558131562,0.384081943029,0.384081943029,0.768163886057,0,5.55111512313e-17,0.08,70639.4226922
2011-09-16,70198.3541644,-0.00530553584197,-0.00624394298493,64.8018907894,1.48664803956,0.000917361557041,2.10455859194e-05,32400.9453947,0.45868077852,0.26688092875,0.26688092875,0.5337618575,-9.71445146547e-17,-8.32667268469e-17,0.08,70198.3541644
2011-09-19,70124.6054598,-0.000408619900423,-0.00105057597877,41.9845995504,3.07966059553,0.000598085240747,4.38708376028e-05,20992.2997752,0.299042620373,0.283644329026,0.283644329026,0.567288658052,1.38777878078e-16,1.26634813746e-16,0.08,70124.6054598
2011-09-20,70047.4152889,-0.000441122705228,-0.00110075729282,45.1667277138,1.08988748843,0.000644092432572,1.55421550151e-05,22583.3638569,0.322046216286,0.312176744615,0.312176744615,0.624353489229,5.55111512313e-17,9.04224611853e-17,0.08,70047.4152889
2011-09-21,69492.5933455,-0.0071969592959,-0.00792066261309,49.4953454859,1.1982013191,0.000706597742141,1.71055750474e-05,24747.672743,0.35329887107,0.337113538084,0.337113538084,0.674227076167,5.55111512313e-17,1.52655665886e-16,0.08,69492.5933455
2011-09-22,69288.5569559,-0.00226233041151,-0.00293608829088,45.5375168987,1.28366542539,0.000655285904677,1.84719746895e-05,22768.7584494,0.327642952338,0.298264889147,0.298264889147,0.596529778295,1.17961196366e-16,1.80411241502e-16,0.08,69288.5569559
2011-09-23,69130.2408601,-0.00192836161721,-0.0022848808327,23.5702995706,1.13240239779,0.000340175933894,1.63432815971e-05,11785.1497853,0.170087966947,0.291382034126,0.291382034126,0.582764068252,1.35308431126e-16,1.5959455979e-16,0.08,69130.2408601
2011-09-26,69295.0488736,0.00287030973976,0.00238402197651,30.3059611266,3.31122907421,0.000438389346682,4.78984165687e-05,15152.9805633,0.219194673341,0.317149281398,0.317149281398,0.634298562795,1.5959455979e-16,1.99493199737e-16,0.08,69295.0488736
2011-09-27,69371.7026294,0.00180497269334,0.00110619383496,47.2177028172,1.20421232628,0.000681400815567,1.73780428163e-05,23608.8514086,0.340700407783,0.310503591362,0.310503591362,0.621007182723,8.32667268469e-17,8.32667268469e-17,0.08,69371.7026294
2011-09-28,69227.5531548,-0.00149691965568,-0.00207792902905,39.1253265804,1.18028289344,0.000563995477946,1.70138954171e-05,19562.6632902,0.281997738973,0.270632995894,0.270632995894,0.541265991788,6.93889390391e-17,4.85722573274e-17,0.08,69227.5531548
2011-09-29,69216.3819444,0.000451711405524,-0.000161369424057,41.4154961229,1.026589595,0.000598251624326,1.48292052545e-05,20707.7480615,0.299125812163,0.253476669162,0.253476669162,0.506953338324,2.77555756156e-16,2.08166817117e-16,0.08,69216.3819444
2011-09-30,69122.8375025,-0.000182096784157,-0.00135147835242,79.9790057636,0.96135550393,0.0011554924357,1.38891325568e-05,39989.5028818,0.577746217852,0.383670776624,0.383670776624,0.767341553249,2.11636264069e-16,8.32667268469e-17,0.08,69122.8375025
2011-10-03,68904.5264535,-0.00238562557744,-0.00315830566148,49.0503199873,4.35951990363,0.000709610915286,6.30691687602e-05,24525.1599937,0.354805457643,0.297691301077,0.297691301077,0.595382602153,-4.51028103754e-17,-1.94289029309e-16,0.08,68904.5264535
2011-10-04,68779.4490756,-0.00117716592023,-0.001815227306,42.8413571893,1.12396044548,0.000621749533657,1.63118521138e-05,21420.6785947,0.310874766828,0.35123499717,0.35123499717,0.702469994339,-5.55111512313e-17,-9.71445146547e-17,0.08,68779.4490756
2011-10-05,68802.371777,0.00113536298072,0.000333278351005,53.8432266371,1.32371230693,0.000782838876449,1.92457532696e-05,26921.6133186,0.391419438224,0.279822327925,0.279822327925,0.55964465585,2.77555756156e-17,0,0.08,68802.371777
2011-10-06,68718.876025,-0.000416838811246,-0.00121355920975,53.7613248499,1.05492821027,0.000781387668207,1.53327302973e-05,26880.662425,0.390693834104,0.418440401105,0.418440401105,0.836880802211,-5.55111512313e-17,-6.93889390391e-17,0.08,68718.876025
2011-10-07,68483.6620777,-0.00243219484666,-0.00342284334336,66.5006482672,1.5756029615,0.000967720255537,2.29282411565e-05,33250.3241336,0.483860127768,0.33676747604,0.33676747604,0.673534952081,-4.16333634234e-16,-4.00721122951e-16,0.08,68483.6620777
2011-10-10,68456.5899391,0.000174804023446,-0.000395307986772,35.2521686606,3.79118959363,0.000514752973061,5.53590371573e-05,17626.0843303,0.25737648653,0.389483284564,0.389483284564,0.778966569129,0,-4.16333634234e-17,0.08,68456.5899391
2011-10-11,68441.2552208,0.000387409684725,-0.000224006459598,40.3944945481,1.460969726,0.000590074594484,2.13415498391e-05,20197.2472741,0.295037297242,0.278950561591,0.278950561591,0.557901123182,-9.71445146547e-17,-1.70002900646e-16,0.08,68441.2552208
2011-10-12,68603.5705063,0.00300766869626,0.00237160006755,42.4872133505,1.04612200437,0.000620783666422,1.5284962279e-05,21243.6066752,0.310391833211,0.327368315609,0.327368315609,0.654736631218,2.77555756156e-17,3.46944695195e-17,0.08,68603.5705063
2011-10-13,68230.1997745,-0.00433475126849,-0.00544243876838,74.7607073434,1.2306101546,0.00108974951,1.79379898964e-05,37380.3536717,0.544874754999,0.373256584209,0.373256584209,0.746513168418,-6.93889390391e-17,-4.16333634234e-17,0.08,68230.1997745
2011-10-14,67827.404521,-0.00448422484429,-0.00590347463219,95.4402241583,1.39547240042,0.00139879737233,2.04524155731e-05,47720.1120791,0.699398686166,0.343498494726,0.343498494726,0.686996989453,1.38777878078e-16,1.80411241502e-16,0.08,67827.404521
2011-10-17,68040.8717115,0.00404548048795,0.00314721154499,57.0973422469,3.82990871575,0.000841803436976,5.64655059824e-05,28548.6711235,0.420901718488,0.247281282689,0.247281282689,0.494562565379,-5.55111512313e-17,5.55111512313e-17,0.08,68040.8717115
2011-10-18,68153.9052344,0.00242728121191,0.00166125918202,51.1988760321,0.921930631898,0.000752472370565,1.35496593254e-05,25599.4380161,0.376236185283,0.224870212816,0.224870212816,0.449740425631,1.94289029309e-16,3.59087759527e-16,0.08,68153.9052344
2011-10-19,68258.6537552,0.00253929642835,0.00153694084561,67.4746784562,0.839768941056,0.000990033927243,1.23216554967e-05,33737.3392281,0.495016963621,0.309789350225,0.309789350225,0.61957870045,6.93889390391e-17,1.17961196366e-16,0.08,68258.6537552
2011-10-20,68229.897813,0.000490805550528,-0.000421279069613,61.0989940902,1.15867419145,0.000895109861225,1.69747589164e-05,30549.4970451,0.447554930612,0.266096727497,0.266096727497,0.532193454994,-2.77555756156e-17,1.38777878078e-17,0.08,68229.897813
2011-10-21,68199.2320949,7.52657621045e-05,-0.000449446929823,34.8062575966,0.994835754823,0.000510132049325,1.45806426026e-05,17403.1287983,0.255066024663,0.281086507743,0.281086507743,0.562173015487,-1.11022302463e-16,-1.38777878078e-16,0.08,68199.2320949
2011-10-24,68351.3330119,0.00289477503633,0.00223024383628,42.1693037416,3.15121380499,0.000618325198778,4.62060012729e-05,21084.6518708,0.309162599389,0.332708181275,0.332708181275,0.665416362549,-1.17961196366e-16,-1.87350135405e-16,0.08,68351.3330119
2011-10-25,68217.4756487,-0.00108769496521,-0.00195837238722,58.2658776129,1.24608480516,0.000852446836738,1.82305852753e-05,29132.9388064,0.426223418369,0.288616782057,0.288616782057,0.577233564114,-7.6327832943e-17,-1.4224732503e-16,0.08,68217.4756487
2011-10-26,68047.9840629,-0.00145433588438,-0.002484577218,69.2016297568,1.0788333316,0.00101442671542,1.58146181949e-05,34600.8148784,0.507213357711,0.339962008766,0.339962008766,0.679924017532,3.46944695195e-17,-6.93889390391e-17,0.08,68047.9840629
2011-10-27,68285.2088276,0.00471529968927,0.00348613949355,82.3742718005,1.26760160847,0.00121053214044,1.86280552749e-05,41187.1359003,0.605266070222,0.28289531174,0.28289531174,0.56579062348,6.93889390391e-18,0,0.08,68285.2088276
2011-10-28,68192.7548417,-0.000206605695927,-0.00135393868527,77.2873760357,1.05849673636,0.00113183187637,1.5501112972e-05,38643.6880179,0.565915938185,0.436229532566,0.436229532566,0.872459065132,-6.93889390391e-17,-1.52655665886e-16,0.08,68192.7548417
2011-10-31,68306.963293,0.00278015347362,0.00167478864272,70.4878411044,4.89003181956,0.00103365586664,7.17089642574e-05,35243.9205522,0.516827933319,0.312025616542,0.312025616542,0.624051233084,-9.71445146547e-17,-1.2490009027e-16,0.08,68306.963293
2011-11-01,68250.826727,4.09232007485e-05,-0.000821827868504,57.7640413809,1.16786423757,0.000845653775196,1.70972940571e-05,28882.0206905,0.422826887598,0.304466432401,0.304466432401,0.608932864802,-1.38777878078e-17,1.38777878078e-17,0.08,68250.826727
2011-11-02,68220.2803326,0.000213234041713,-0.000447560796643,43.9611591806,1.13863483408,0.000644111746169,1.66830921864e-05,21980.5795903,0.322055873085,0.286817423802,0.286817423802,0.573634847603,-4.16333634234e-17,-1.38777878078e-17,0.08,68220.2803326
2011-11-03,68067.5473261,-0.0017506709888,-0.0022388211512,32.2295894135,1.07215150992,0.00047243413918,1.5716023222e-05,16114.7947068,0.23621706959,0.298267899096,0.298267899096,0.596535798192,1.38777878078e-17,-2.77555756156e-17,0.08,68067.5473261
2011-11-04,68180.124528,0.00253041720791,0.0016539041927,58.549632825,1.11245831987,0.000860169568687,1.63434465258e-05,29274.8164125,0.430084784343,0.410246189324,0.410246189324,0.820492378649,5.55111512313e-17,5.55111512313e-17,0.08,68180.124528
2011-11-07,68059.2994349,-0.000261536890139,-0.00177214538493,98.3955624752,4.59791281237,0.00144317076503,6.74377297519e-05,49197.7812376,0.721585382517,0.308899475651,0.308899475651,0.617798951302,5.55111512313e-17,7.6327832943e-17,0.08,68059.2994349
2011-11-08,68027.8757341,0.000509148833191,-0.000461710612401,64.9240421054,1.15197161143,0.000953933446927,1.69259986658e-05,32462.0210527,0.476966723463,0.346133179997,0.346133179997,0.692266359994,-1.38777878078e-17,-4.85722573274e-17,0.08,68027.8757341
2011-11-09,68032.103156,0.000945453836283,6.21424939218e-05,58.7995638241,1.29023040856,0.000864345140718,1.89662016437e-05,29399.7819121,0.432172570359,0.368347356674,0.368347356674,0.736694713349,8.32667268469e-17,4.85722573274e-17,0.08,68032.103156
2011-11-10,67843.0991315,-0.00174931923303,-0.00277815936483,68.6210376841,1.37312029406,0.001008656715,2.01834168041e-05,34310.518842,0.504328357502,0.411623684942,0.411623684942,0.823247369884,1.66533453694e-16,1.49186218934e-16,0.08,67843.0991315
2011-11-11,67758.3438425,-0.000276510368061,-0.0012492838632,64.4657863913,1.53018227191,0.000950218772677,2.25547224626e-05,32232.8931957,0.475109386339,0.295287020902,0.295287020902,0.590574041804,6.93889390391e-18,-9.71445146547e-17,0.08,67758.3438425
2011-11-14,67719.1103961,0.000281970511079,-0.000579020150453,55.0502887696,3.28901251964,0.000812450329329,4.8540332203e-05,27525.1443848,0.406225164664,0.223012526156,0.223012526156,0.446025052311,7.6327832943e-17,5.20417042793e-17,0.08,67719.1103961
2011-11-15,67854.7446225,0.00243403102096,0.00200289439146,28.3686706595,0.827518349503,0.000418916765054,1.22198644469e-05,14184.3353297,0.209458382527,0.24711406998,0.24711406998,0.494228139961,6.24500451352e-17,-3.46944695195e-17,0.08,67854.7446225
2011-11-16,67779.1201102,-0.000343611443203,-0.00111450588658,51.3900586215,0.918786964994,0.000757353946395,1.35404969852e-05,25695.0293107,0.378676973198,0.225608835586,0.225608835586,0.451217671171,2.08166817117e-17,-5.20417042793e-18,0.08,67779.1201102
2011-11-17,67736.8337117,1.31715929053e-05,-0.000623885326019,42.3412632678,0.83789415699,0.000624694790947,1.23621279773e-05,21170.6316339,0.312347395473,0.334355121443,0.334355121443,0.668710242886,1.11022302463e-16,0,0.08,67736.8337117
2011-11-18,67599.8618218,-0.000996441677226,-0.00202211828276,68.2350907527,1.24099491846,0.00100735577696,1.83208285722e-05,34117.5453764,0.503677888482,0.41041591263,0.41041591263,0.820831825259,1.94289029309e-16,2.28983498829e-16,0.08,67599.8618218
2011-11-21,67697.1184385,0.00233755722258,0.00143871028736,56.2012613897,4.56066723012,0.000831381305747,6.74656294734e-05,28100.6306949,0.415690652873,0.323215404606,0.323215404606,0.646430809212,1.31838984174e-16,1.80411241502e-16,0.08,67697.1184385
2011-11-22,67655.6102841,2.75680885081e-06,-0.000613145068528,40.4958370502,1.19894528914,0.000598191444249,1.77104331291e-05,20247.9185251,0.299095722125,0.260885381523,0.260885381523,0.521770763046,-6.93889390391e-18,4.16333634234e-17,0.08,67655.6102841
2011-11-23,67626.2743914,0.000389976590754,-0.000433606210103,54.7528540142,0.967142997323,0.000809287711459,1.42950893985e-05,27376.4270071,0.40464385573,0.2779046582,0.2779046582,0.555809316399,1.2490009027e-16,1.38777878078e-16,0.08,67626.2743914
2011-11-25,67464.7155092,-0.00138276731921,-0.00238899575061,65.9879011896,2.05957881316,0.0009757731264,3.04553050082e-05,32993.9505948,0.4878865632,0.37529929172,0.37529929172,0.750598583441,2.22044604925e-16,2.35922392733e-16,0.08,67464.7155092
2011-11-28,67723.4418784,0.00469938871506,0.00383498792242,54.1544505564,4.16210300494,0.000802707758383,6.16930342554e-05,27077.2252782,0.401353879192,0.346778114978,0.346778114978,0.693556229956,5.55111512313e-17,3.81639164715e-17,0.08,67723.4418784
2011-11-29,67729.9005966,0.00110525246278,9.53690181258e-05,67.1059330415,1.28684972682,0.000990881904112,1.90015405467e-05,33552.9665207,0.495440952056,0.290194809508,0.290194809508,0.580389619017,7.6327832943e-17,1.2490009027e-16,0.08,67729.9005966
2011-11-30,67500.1755242,-0.00227134058241,-0.00339178221594,74.8104215264,1.07697893708,0.00110454054808,1.59010854525e-05,37405.2107632,0.552270274041,0.293781943012,0.293781943012,0.587563886025,-6.24500451352e-17,-2.77555756156e-17,0.08,67500.1755242
2011-12-01,67363.0520308,-0.000742839683705,-0.00203145387952,85.8950908269,1.08659357365,0.0012725165551,1.6097640713e-05,42947.5454135,0.636258277551,0.33233656555,0.33233656555,0.664673131101,5.55111512313e-17,-4.16333634234e-17,0.08,67363.0520308
2011-12-02,67534.4147588,0.00338795332606,0.00254386823076,55.6334520091,1.22669618394,0.000825874872529,1.82102227699e-05,27816.7260046,0.412937436265,0.325406585823,0.325406585823,0.650813171646,1.38777878078e-17,-3.46944695195e-17,0.08,67534.4147588
2011-12-05,67574.5505923,0.00167160625828,0.000594301936788,69.1426001571,3.61251671215,0.00102381282793,5.349149356e-05,34571.3000785,0.511906413967,0.396124438468,0.396124438468,0.792248876937,-8.32667268469e-17,-6.24500451352e-17,0.08,67574.5505923
2011-12-06,67477.3034564,-0.00073473113449,-0.00143910888041,46.1312736878,1.46673594017,0.000682672297241,2.17054486832e-05,23065.6368439,0.34133614862,0.324467037103,0.324467037103,0.648934074206,8.32667268469e-17,8.67361737988e-17,0.08,67477.3034564
2011-12-07,67570.3938698,0.00231943705412,0.00137958111209,62.2192645659,1.19968003968,0.000922076926297,1.77790157317e-05,31109.632283,0.461038463149,0.327281642074,0.327281642074,0.654563284148,-3.05311331772e-16,-3.05311331772e-16,0.08,67570.3938698
2011-12-08,67573.8606074,0.00128503203945,5.13055705691e-05,82.1516272952,1.21175613486,0.00121579322822,1.79332406616e-05,41075.8136476,0.607896614112,0.419939975901,0.419939975901,0.839879951802,-7.6327832943e-17,-9.36750677027e-17,0.08,67573.8606074
2011-12-09,67724.3104847,0.00330987515746,0.00222645081888,71.6562630206,1.55490221342,0.00106041392894,2.30104096384e-05,35828.1315103,0.530206964472,0.36426296163,0.36426296163,0.728525923259,2.77555756156e-17,6.93889390391e-17,0.08,67724.3104847
2011-12-12,67623.9737968,-0.000328852656439,-0.00148154609735,74.0101151308,4.05525335531,0.00109281459791,5.98788430076e-05,37005.0575654,0.546407298954,0.216047697247,0.216047697247,0.432095394494,0,-3.46944695195e-18,0.08,67623.9737968
2011-12-13,67483.7573485,-0.00150916411864,-0.00207347247423,37.360225297,0.800548154383,0.000552470125599,1.18382299861e-05,18680.1126485,0.276235062799,0.241330068177,0.241330068177,0.482660136354,1.38777878078e-16,1.66533453694e-16,0.08,67483.7573485
2011-12-14,67197.0523603,-0.00373957420059,-0.00424850363149,33.4520943449,0.892375877356,0.000495705865519,1.32235653796e-05,16726.0471725,0.24785293276,0.213879798704,0.213879798704,0.427759597408,6.93889390391e-17,7.8062556419e-17,0.08,67197.0523603
2011-12-15,67028.4899064,-0.00181908257653,-0.00250847988174,45.5379549229,0.787511892183,0.000677677864183,1.17194410249e-05,22768.9774615,0.338838932092,0.351773911395,0.351773911395,0.703547822791,2.49800180541e-16,2.8449465006e-16,0.08,67028.4899064
2011-12-16,66978.4417524,-2.09099350493e-05,-0.000746669871879,47.3545995005,1.29199309969,0.000706484654013,1.92752828162e-05,23677.2997503,0.353242327007,0.371376583049,0.371376583049,0.742753166098,1.66533453694e-16,1.11022302463e-16,0.08,66978.4417524
2011-12-19,66782.243437,-0.00217538036037,-0.00292927560365,46.4058149675,4.08891367166,0.000692847037844,6.10482054327e-05,23202.9074838,0.346423518922,0.377729283489,0.377729283489,0.755458566979,0,-6.59194920871e-17,0.08,66782.243437
2011-12-20,66759.6293717,0.000187781586553,-0.000338623923791,33.7723157897,1.38222514867,0.000505708015358,2.06974949857e-05,16886.1578948,0.252854007679,0.431553320849,0.431553320849,0.863106641698,1.38777878078e-16,9.71445146547e-17,0.08,66759.6293717
2011-12-21,65906.0402795,-0.0120400836322,-0.0127860070562,48.2189225756,1.57864875364,0.000722276666744,2.36467573068e-05,24109.4612878,0.361138333372,0.356769257529,0.356769257529,0.713538515058,1.11022302463e-16,1.2490009027e-16,0.08,65906.0402795
2011-12-22,65746.3104916,-0.0015345767714,-0.00242359861431,57.3035121793,1.28839720861,0.000869472842494,1.95490004126e-05,28651.7560897,0.434736421247,0.206057395488,0.206057395488,0.412114790977,1.45716771982e-16,1.80411241502e-16,0.08,65746.3104916
2011-12-23,65752.083868,0.000427073103299,8.78129345681e-05,21.5627748838,0.742329507006,0.000327969352539,1.12908161911e-05,10781.3874419,0.16398467627,0.223818623349,0.223818623349,0.447637246698,-3.46944695195e-17,0,0.08,65752.083868
2011-12-27,65612.3611821,-0.00173259099504,-0.00212499251371,22.5756743557,3.22554320957,0.000343345382042,4.90561366244e-05,11287.8371779,0.171672691021,0.181279826575,0.181279826575,0.36255965315,1.04083408559e-17,0,0.08,65612.3611821
2011-12-28,65665.2457068,0.00112919094793,0.000806014655743,20.5526227614,0.651736846918,0.000313243151003,9.93314118219e-06,10276.3113807,0.156621575501,0.189139633831,0.189139633831,0.378279267663,-5.37764277553e-17,-4.16333634234e-17,0.08,65665.2457068
2011-12-29,65573.2397031,-0.0010916236502,-0.00140113697378,19.6437259476,0.680542494708,0.000299149508026,1.03638155524e-05,9821.86297378,0.149574754013,0.191822422084,0.191822422084,0.383644844168,-6.93889390391e-18,2.77555756156e-17,0.08,65573.2397031
2011-12-30,65503.9019608,-6.46302938748e-05,-0.00105740913021,64.4104962422,0.689228365137,0.000982268018689,1.05108176484e-05,32205.2481211,0.491134009344,0.3390384227,0.3390384227,0.678076845401,-1.38777878078e-17,2.77555756156e-17,0.08,65503.9019608
2012-01-03,65471.0787907,0.00077482929736,-0.000501087249555,78.7099311167,4.86758128252,0.00120160675564,7.43097912768e-05,39354.9655584,0.600803377819,0.335527057738,0.335527057738,0.671054115475,1.80411241502e-16,2.22044604925e-16,0.08,65471.0787907
2012-01-04,65261.1294727,-0.00159446235483,-0.00320674902325,104.35445882,1.20368868129,0.00159390162416,1.83850442596e-05,52177.2294101,0.796950812081,0.287516818632,0.287516818632,0.575033637264,-2.35922392733e-16,-1.94289029309e-16,0.08,65261.1294727
2012-01-05,65194.4030833,-0.000267279159009,-0.00102245226179,48.2553032063,1.02814642884,0.000739418756558,1.57543462264e-05,24127.6516032,0.369709378279,0.174650835711,0.174650835711,0.349301671421,-1.28369537222e-16,-1.21430643318e-16,0.08,65194.4030833
2012-01-06,65106.3807567,-0.000932876612222,-0.00135015158356,26.5800881856,0.623904492173,0.000407705062529,9.56990880606e-06,13290.0440928,0.203852531264,0.214218139883,0.214218139883,0.428436279766,-1.5959455979e-16,-8.32667268469e-17,0.08,65106.3807567
2012-01-09,65136.2380846,0.000830687902455,0.000458592959986,21.9331027642,2.29265223784,0.000336881001667,3.52139408027e-05,10966.5513821,0.168440500833,0.194922192143,0.194922192143,0.389844384285,-9.71445146547e-17,-5.55111512313e-17,0.08,65136.2380846
2012-01-10,65157.5112663,0.000643941308869,0.000326595185259,19.9750341249,0.695698537829,0.000306665455548,1.06806680626e-05,9987.51706244,0.153332727774,0.239388528693,0.239388528693,0.478777057386,-1.38777878078e-16,-1.17961196366e-16,0.08,65157.5112663
2012-01-11,65164.7492911,0.000712390972181,0.000111085039527,38.3249153003,0.854682781115,0.000588188752999,1.31171796544e-05,19162.4576501,0.2940943765,0.308508120344,0.308508120344,0.617016240689,-3.1918911958e-16,-2.35922392733e-16,0.08,65164.7492911
2012-01-12,65012.4728249,-0.00135732462826,-0.0023367920211,62.7251660348,1.10158105844,0.000962562838301,1.69045545394e-05,31362.5830174,0.48128141915,0.401762355014,0.401762355014,0.803524710027,1.11022302463e-16,2.35922392733e-16,0.08,65012.4728249
2012-01-13,64926.4035071,-0.000471876847252,-0.00132388930934,53.9602280416,1.43120899657,0.000829998086474,2.20143756172e-05,26980.1140208,0.414999043237,0.303206612227,0.303206612227,0.606413224454,-1.52655665886e-16,-6.93889390391e-17,0.08,64926.4035071
2012-01-17,64920.9001145,0.000531550443017,-8.47635525892e-05,35.7002862669,4.31476489896,0.000549857751831,6.64562437758e-05,17850.1431334,0.274928875915,0.246884628157,0.246884628157,0.493769256313,-1.80411241502e-16,-1.66533453694e-16,0.08,64920.9001145
2012-01-18,64853.3674917,-0.000550181448866,-0.0010402293041,30.9361028045,0.878245056677,0.000476519930406,1.35279248305e-05,15468.0514022,0.238259965203,0.264283558524,0.264283558524,0.528567117048,-6.93889390391e-18,2.77555756156e-17,0.08,64853.3674917
2012-01-19,64843.0213116,0.000258868010154,-0.000159531888415,26.1954819014,0.939160479067,0.000403918607692,1.4481290878e-05,13097.7409507,0.201959303846,0.259500985283,0.259500985283,0.519001970566,0,0,0.08,64843.0213116
2012-01-20,64830.0490811,0.000913952839432,-0.0002000559222,71.3136759036,0.922017968168,0.00109978952956,1.42192320703e-05,35656.8379518,0.549894764781,0.381986555823,0.381986555823,0.763973111647,8.32667268469e-17,5.55111512313e-17,0.08,64830.0490811
2012-01-23,64835.3956103,0.00157968614674,8.24699235626e-05,92.9937726591,4.07082857464,0.00143442391263,6.27923105463e-05,46496.8863296,0.717211956316,0.373185611932,0.373185611932,0.746371223863,8.32667268469e-17,2.77555756156e-17,0.08,64835.3956103
2012-01-24,64645.6110226,-0.00192086441623,-0.00292717559509,63.9187950714,1.32578831702,0.000985862652178,2.04485266812e-05,31959.3975357,0.492931326089,0.433754687965,0.433754687965,0.867509375929,0,-6.93889390391e-18,0.08,64645.6110226
2012-01-25,64453.7192953,-0.00206282207111,-0.00296836435222,57.0028772561,1.53645681301,0.000881774900947,2.37673801624e-05,28501.4386281,0.440887450474,0.374578644906,0.374578644906,0.749157289812,-2.91433543964e-16,-3.26128013484e-16,0.08,64453.7192953
2012-01-26,64249.8894743,-0.00238356250159,-0.00316242139708,48.8774492324,1.3229033881,0.000758334038234,2.05248572551e-05,24438.7246162,0.379167019117,0.363181144255,0.363181144255,0.726362288511,1.38777878078e-17,0,0.08,64249.8894743
2012-01-27,64275.6719792,0.00108189167538,0.00040128481298,42.4503212532,1.27859443165,0.000660706525731,1.99003366715e-05,21225.1606266,0.330353262866,0.379439815471,0.379439815471,0.758879630943,2.77555756156e-17,9.71445146547e-17,0.08,64275.6719792
2012-01-30,64092.5313087,-0.00170801945285,-0.00284929997398,69.3474629688,4.00910944357,0.00107890685283,6.23736682967e-05,34673.7314844,0.539453426417,0.286449264316,0.286449264316,0.572898528633,-6.93889390391e-18,6.93889390391e-17,0.08,64092.5313087
2012-01-31,63914.560445,-0.00179484568249,-0.00277678007091,61.928673769,1.00598676392,0.000966238538322,1.56958500995e-05,30964.3368845,0.483119269161,0.409560612629,0.409560612629,0.819121225258,1.5959455979e-16,2.77555756156e-16,0.08,63914.560445
2012-02-01,63922.831451,0.00121288028847,0.000129407225565,67.8153546227,1.43434994695,0.0010610313855,2.24416774043e-05,33907.6773114,0.530515692751,0.279157147366,0.279157147366,0.558314294733,4.16333634234e-17,8.32667268469e-17,0.08,63922.831451
2012-02-02,63864.9536812,-9.89364008322e-05,-0.000905431884773,50.5756932268,0.977781659147,0.000791199201893,1.52962820475e-05,25287.8466134,0.395599600946,0.218331115305,0.218331115305,0.436662230611,1.38777878078e-17,5.55111512313e-17,0.08,63864.9536812
2012-02-03,63955.6467263,0.00197589754787,0.00142007532931,34.7335215272,0.764038715953,0.000543858869774,1.19633487839e-05,17366.7607636,0.271929434887,0.20221181608,0.20221181608,0.404423632161,7.97972798949e-17,9.02056207508e-17,0.08,63955.6467263
2012-02-06,63992.8290113,0.00127177640194,0.000581376106913,42.0290925784,2.1259047901,0.000657159996492,3.32402985338e-05,21014.5462892,0.328579998246,0.249628729749,0.249628729749,0.499257459499,3.81639164715e-17,4.16333634234e-17,0.08,63992.8290113
2012-02-07,64009.7828655,0.00130664888739,0.000264933657599,65.7869923254,0.875312253104,0.00102803694323,1.36782865616e-05,32893.4961627,0.514018471615,0.377238336602,0.377238336602,0.754476673204,-6.93889390391e-17,-6.93889390391e-17,0.08,64009.7828655
2012-02-08,63813.364327,-0.002147038136,-0.00306857061031,57.6639733644,1.32312021997,0.000900861880528,2.06705937864e-05,28831.9866822,0.450430940264,0.24655582063,0.24655582063,0.49311164126,-5.55111512313e-17,-1.04083408559e-17,0.08,63813.364327
2012-02-09,63847.4279449,0.00110931739429,0.000533800688685,35.8635445312,0.862112679936,0.000562006797626,1.35099079797e-05,17931.7722656,0.281003398813,0.305309370756,0.305309370756,0.610618741512,-2.77555756156e-17,2.08166817117e-17,0.08,63847.4279449
2012-02-10,63738.3787479,-0.000700163071235,-0.00170796538616,63.2774641478,1.068121537,0.000991073034335,1.67292805894e-05,31638.7320739,0.495536517168,0.374582126137,0.374582126137,0.749164252274,-2.22044604925e-16,-1.21430643318e-16,0.08,63738.3787479
2012-02-13,63496.9718251,-0.00299389944442,-0.00378746569324,46.6559262782,3.92469985117,0.000731991104805,6.15751440225e-05,23327.9631391,0.365995552402,0.301530843575,0.301530843575,0.603061687151,1.2490009027e-16,2.28983498829e-16,0.08,63496.9718251
2012-02-14,63300.6751357,-0.002574046815,-0.00309143387126,31.8033992529,1.04911208104,0.000500864818254,1.65222380041e-05,15901.6996264,0.250432409127,0.343224675318,0.343224675318,0.686449350637,3.46944695195e-17,1.38777878078e-16,0.08,63300.6751357
2012-02-15,63386.2230689,0.00168427646745,0.00135145372515,19.8774191558,1.19048513265,0.000314015910781,1.88068315243e-05,9938.70957789,0.157007955391,0.317357980962,0.317357980962,0.634715961924,-2.08166817117e-17,8.32667268469e-17,0.08,63386.2230689
2012-02-16,63353.9575968,0.000113575581618,-0.000509029730432,38.362345836,1.10225335748,0.000605215833641,1.73894784089e-05,19181.172918,0.302607916821,0.234332479849,0.234332479849,0.468664959697,2.08166817117e-17,8.32667268469e-17,0.08,63353.9575968
2012-02-17,63278.4295415,-0.000426836184763,-0.00119216001951,47.6728203499,0.813473424213,0.00075248369886,1.28401358821e-05,23836.410175,0.37624184943,0.288938660785,0.288938660785,0.57787732157,0,0,0.08,63278.4295415
2012-02-21,63139.0140198,-0.00151187384194,-0.00220320767666,39.7391583226,4.00736102757,0.00062800481318,6.33290215419e-05,19869.5791613,0.31400240659,0.260870917406,0.260870917406,0.521741834812,0,0,0.08,63139.0140198
2012-02-22,63079.5859266,-7.91300280963e-05,-0.000941226182828,53.5293733911,0.902527808847,0.000847801857887,1.42942968442e-05,26764.6866956,0.423900928944,0.307944099957,0.307944099957,0.615888199915,-1.38777878078e-17,0,0.08,63079.5859266
2012-02-23,63002.9245605,-0.000561691758998,-0.00121531181662,40.1656997762,1.06438281172,0.000636746408305,1.68736493127e-05,20082.8498881,0.318373204153,0.184782745451,0.184782745451,0.369565490903,-2.08166817117e-17,-3.46944695195e-18,0.08,63002.9245605
2012-02-24,62930.6580385,-0.000773749168005,-0.00114703440274,22.88015171,0.637909773795,0.000363160152797,1.01250819425e-05,11440.075855,0.181580076398,0.189724784192,0.189724784192,0.379449568384,0,1.38777878078e-17,0.08,62930.6580385
2012-02-27,62886.9716055,-0.000202554802551,-0.000694199526048,28.9768675299,1.96265844089,0.000460457087739,3.11876357576e-05,14488.433765,0.23022854387,0.223839707651,0.223839707651,0.447679415303,0,2.08166817117e-17,0.08,62886.9716055
2012-02-28,62864.716099,-3.4858845469e-06,-0.00035389693553,21.2649691921,0.77132062133,0.000338145861522,1.22651894604e-05,10632.484596,0.169072930761,0.194492726409,0.194492726409,0.388985452818,0,2.77555756156e-17,0.08,62864.716099
2012-02-29,62797.4187294,-0.000316671740061,-0.00107051099177,46.7199327334,0.66995780981,0.000743182116019,1.06571356937e-05,23359.9663667,0.371591058009,0.197847221607,0.197847221607,0.395694443214,4.16333634234e-17,4.16333634234e-17,0.08,62797.4187294
2012-03-01,62678.1808459,-0.00109852349371,-0.00189877045808,49.5726604311,0.680783277792,0.000789406020726,1.08409436497e-05,24786.3302155,0.394703010363,0.268733296388,0.268733296388,0.537466592776,2.49800180541e-16,3.1918911958e-16,0.08,62678.1808459
2012-03-02,62598.9299725,-0.000532668057069,-0.00126440927812,44.9412653445,0.922943241114,0.000717016108923,1.47251121309e-05,22470.6326722,0.358508054461,0.293752512943,0.293752512943,0.587505025886,-2.77555756156e-17,0,0.08,62598.9299725
2012-03-05,62665.666837,0.0018551668807,0.0010661023206,46.3718147325,3.02278240882,0.000740776475778,4.82880843194e-05,23185.9073663,0.370388237889,0.221226483872,0.221226483872,0.442452967744,-4.85722573274e-17,-2.77555756156e-17,0.08,62665.666837
2012-03-06,62602.0231543,-0.000367638483771,-0.00101560688589,39.8457388499,0.759633158019,0.000635846403,1.21219991163e-05,19922.869425,0.3179232015,0.233701436977,0.233701436977,0.467402873955,0,4.16333634234e-17,0.08,62602.0231543
2012-03-07,62442.9935963,-0.00151133786016,-0.00254032617419,63.6150964099,0.801653850348,0.00101618275584,1.28055581905e-05,31807.5482049,0.508091377919,0.337050297895,0.337050297895,0.674100595789,1.31838984174e-16,6.93889390391e-17,0.08,62442.9935963
2012-03-08,62522.7347199,0.00229540511383,0.0012770227537,62.4376141738,1.1532290188,0.000999913850664,1.84685094737e-05,31218.8070869,0.499956925332,0.451967840144,0.451967840144,0.903935680288,7.6327832943e-17,0,0.08,62522.7347199
2012-03-09,62304.5514264,-0.00185099399438,-0.00348966331157,100.90568891,1.54839810253,0.00161390395609,2.47653611038e-05,50452.8444549,0.806951978043,0.291239309924,0.291239309924,0.582478619847,1.5959455979e-16,1.2490009027e-16,0.08,62304.5514264
2012-03-12,62363.1850822,0.00134744216228,0.000941081421563,22.3352960686,2.98282759932,0.000358485785665,4.78749550559e-05,11167.6480343,0.179242892832,0.263651929819,0.263651929819,0.527303859637,1.5959455979e-16,1.80411241502e-16,0.08,62363.1850822
2012-03-13,62148.9158497,-0.00279585008666,-0.0034358288828,39.0101750655,0.900941046387,0.000625532115046,1.4446681086e-05,19505.0875327,0.312766057523,0.28274596987,0.28274596987,0.565491939741,1.00613961607e-16,9.02056207508e-17,0.08,62148.9158497
2012-03-14,61902.8157793,-0.00327850597114,-0.00395984494798,41.3816099429,0.962868793881,0.000665846046984,1.54929298559e-05,20690.8049714,0.332923023492,0.307400527174,0.307400527174,0.614801054349,-6.93889390391e-17,-4.16333634234e-17,0.08,61902.8157793
2012-03-15,61805.9834846,-0.000939963674048,-0.0015642631668,37.6032138493,1.04268264132,0.000607455628245,1.68438645027e-05,18801.6069247,0.303727814122,0.372258143847,0.372258143847,0.744516287693,2.77555756156e-17,1.11022302463e-16,0.08,61805.9834846
2012-03-16,61875.6705812,0.00180491872278,0.00112751375578,40.606979891,1.26070031181,0.000657007260489,2.03977065121e-05,20303.4899455,0.328503630244,0.344196083757,0.344196083757,0.688392167514,0,5.55111512313e-17,0.08,61875.6705812
2012-03-19,61873.3739034,0.000754468626611,-3.71176226585e-05,45.4789935316,3.50093646475,0.000735006071117,5.65801781519e-05,22739.4967658,0.367503035559,0.38905747679,0.38905747679,0.77811495358,-1.66533453694e-16,-5.55111512313e-17,0.08,61873.3739034
2012-03-20,61472.5651789,-0.00537078943768,-0.00647788700102,67.1808314165,1.31903006747,0.00108577934543,2.13182179063e-05,33590.4157083,0.542889672716,0.446884638716,0.446884638716,0.893769277433,-7.21644966006e-16,-4.99600361081e-16,0.08,61472.5651789
2012-03-21,61257.5898986,-0.00225410053303,-0.00349709304684,74.9046700982,1.50526822361,0.00121850568429,2.44868295187e-05,37452.3350491,0.609252842143,0.45081973196,0.45081973196,0.901639463921,-8.32667268469e-17,-2.77555756156e-17,0.08,61257.5898986
2012-03-22,61051.7175586,-0.00244968405161,-0.00336076460749,54.2973864396,1.51321261691,0.000886378104811,2.47024510663e-05,27148.6932198,0.443189052405,0.354342992939,0.354342992939,0.708685985877,2.77555756156e-17,2.22044604925e-16,0.08,61051.7175586
2012-03-23,61026.9200707,0.000305572668604,-0.000406171830768,42.2678406797,1.18538346979,0.000692328444964,1.94160544076e-05,21133.9203399,0.346164222482,0.354725965072,0.354725965072,0.709451930144,8.32667268469e-17,7.6327832943e-17,0.08,61026.9200707
2012-03-26,61038.1120816,0.000720112427021,0.000183394655237,29.1956846494,3.55854790972,0.000478406654238,5.83111175461e-05,14597.8423247,0.239203327119,0.342276933343,0.342276933343,0.684553866687,0,-1.38777878078e-17,0.08,61038.1120816
2012-03-27,60905.5841109,-0.0015016260377,-0.00217123312369,39.7267886491,1.14476371618,0.000650852185533,1.87549004572e-05,19863.3943246,0.325426092767,0.30617150743,0.30617150743,0.612343014859,1.38777878078e-16,1.38777878078e-16,0.08,60905.5841109
2012-03-28,60773.5446056,-0.00169640982138,-0.00216793758989,27.6968903576,1.02178380812,0.000454751247557,1.6776520955e-05,13848.4451788,0.227375623778,0.269995589464,0.269995589464,0.539991178928,1.66533453694e-16,1.35308431126e-16,0.08,60773.5446056
2012-03-29,60806.2667072,0.00117956219605,0.000538426741302,38.0649733902,0.899100767102,0.000626341175871,1.47942788747e-05,19032.4866951,0.313170587936,0.304383791083,0.304383791083,0.608767582167,1.38777878078e-16,8.32667268469e-17,0.08,60806.2667072
2012-03-30,60762.747405,0.000237094927481,-0.000715704228999,56.9219984229,1.01416120449,0.000936120592586,1.6678563895e-05,28460.9992114,0.468060296293,0.314721285097,0.314721285097,0.629442570194,1.38777878078e-16,1.38777878078e-16,0.08,60762.747405
2012-04-02,60728.8707516,-2.53349589807e-05,-0.000557523398455,29.193670632,3.14356108756,0.000480453433704,5.17350057693e-05,14596.835316,0.240226716852,0.338701117539,0.338701117539,0.677402235077,2.77555756156e-16,1.94289029309e-16,0.08,60728.8707516
2012-04-03,60668.9726341,-0.000288182454357,-0.000986320290261,41.2700573957,1.12706500769,0.00067957887056,1.85589653446e-05,20635.0286979,0.33978943528,0.307568577692,0.307568577692,0.615137155384,1.11022302463e-16,1.04083408559e-16,0.08,60668.9726341
2012-04-04,60635.9412005,0.000439288691755,-0.000544453485065,58.660168595,1.02245860949,0.00096688910407,1.68530727502e-05,29330.0842975,0.483444552035,0.329441562484,0.329441562484,0.658883124969,5.55111512313e-17,9.71445146547e-17,0.08,60635.9412005
2012-04-05,60505.1678205,-0.00107513497284,-0.00215669745507,64.4869837779,1.09457529928,0.00106351088976,1.80515924649e-05,32243.4918889,0.531755444882,0.246693439658,0.246693439658,0.493386879317,4.16333634234e-17,-6.93889390391e-18,0.08,60505.1678205
2012-04-09,60466.9477394,0.000314702977338,-0.000631682919534,53.9897354931,3.27150202011,0.000892316101879,5.40697949936e-05,26994.8677466,0.44615805094,0.282109995621,0.282109995621,0.564219991242,1.38777878078e-16,2.28983498829e-16,0.08,60466.9477394
2012-04-10,60402.5170508,-0.000373918562806,-0.00106555219035,40.886271378,0.934703033534,0.000676175545592,1.54580819518e-05,20443.135689,0.338087772796,0.360535628485,0.360535628485,0.721071256969,-5.55111512313e-17,2.08166817117e-17,0.08,60402.5170508
2012-04-11,60168.6543459,-0.00319889771127,-0.00387173774091,39.4479568721,1.19327449024,0.000653084652729,1.97553769033e-05,19723.978436,0.326542326365,0.269047697276,0.269047697276,0.538095394552,6.24500451352e-17,8.67361737988e-17,0.08,60168.6543459
2012-04-12,60155.7987452,0.000293869329887,-0.000213659435239,29.6502961052,0.887026734244,0.000492786425549,1.47423395768e-05,14825.1480526,0.246393212775,0.251702459861,0.251702459861,0.503404919721,4.16333634234e-17,4.72712147204e-17,0.08,60155.7987452
2012-04-13,60023.295243,-0.00177128810246,-0.00220267214407,25.120587889,0.829663699673,0.000417592125996,1.37919156088e-05,12560.2939445,0.208796062998,0.250470521444,0.250470521444,0.500941042887,-1.2490009027e-16,-5.55111512313e-17,0.08,60023.295243
2012-04-16,60269.259913,0.00449761630377,0.00409782017096,21.525727992,2.47135332465,0.000358622896408,4.11732364017e-05,10762.863996,0.179311448204,0.188353557441,0.188353557441,0.376707114882,-1.38777878078e-17,-4.16333634234e-17,0.08,60269.259913
2012-04-17,60327.9870101,0.00177610710633,0.000974412117559,47.6955401142,0.622023534737,0.000791374245894,1.03207428735e-05,23847.7700571,0.395687122947,0.31569583275,0.31569583275,0.631391665499,6.93889390391e-18,-8.32667268469e-17,0.08,60327.9870101
2012-04-18,60017.5347776,-0.00413473219347,-0.00514607312402,59.9685847626,1.04357775875,0.00099404252876,1.72984017945e-05,29984.2923813,0.49702126438,0.324058836081,0.324058836081,0.648117672162,0,-4.16333634234e-17,0.08,60017.5347776
2012-04-19,59891.8059485,-0.0013597373524,-0.00209486826751,43.0550349919,1.06571027203,0.000717374266563,1.77566485524e-05,21527.517496,0.358687133281,0.313629232535,0.313629232535,0.62725846507,1.38777878078e-17,5.55111512313e-17,0.08,59891.8059485
2012-04-20,59803.7205396,-0.00103679086922,-0.00147074223987,24.9608808091,1.02925047314,0.000416766207227,1.71851634266e-05,12480.4404046,0.208383103614,0.286992507487,0.286992507487,0.573985014975,1.66533453694e-16,1.11022302463e-16,0.08,59803.7205396
2012-04-23,59802.2487808,0.000908736624933,-2.46098202861e-05,52.9962387905,2.82135118598,0.000886169594673,4.71768505459e-05,26498.1193953,0.443084797336,0.387474266532,0.387474266532,0.774948533064,1.66533453694e-16,2.77555756156e-17,0.08,59802.2487808
2012-04-24,59646.6067681,-0.00179642349287,-0.00260261137141,46.9421586255,1.26968945114,0.000784956411883,2.12314666593e-05,23471.0793128,0.392478205942,0.293785338766,0.293785338766,0.587570677532,-2.08166817117e-17,-2.77555756156e-17,0.08,59646.6067681
2012-04-25,59498.0139842,-0.00187982424285,-0.00249121939913,35.5074657227,0.96018074387,0.000595297329499,1.60978267817e-05,17753.7328614,0.297648664749,0.301007563582,0.301007563582,0.602015127164,-1.17961196366e-16,-6.93889390391e-17,0.08,59498.0139842
2012-04-26,59643.6467004,0.00328249362744,0.00244769037521,48.6878012067,0.981334368622,0.000818309687103,1.64935651278e-05,24343.9006033,0.409154843551,0.310628182251,0.310628182251,0.621256364502,-1.38777878078e-17,-2.77555756156e-17,0.08,59643.6467004
2012-04-27,59613.9987395,0.000250391172092,-0.000497084978694,43.5670255061,1.01517794835,0.000730455428471,1.70207223151e-05,21783.5127531,0.365227714235,0.318311628432,0.318311628432,0.636623256863,2.42861286637e-17,-6.93889390391e-18,0.08,59613.9987395
2012-04-30,59457.1175378,-0.00175821702868,-0.0026316168196,48.9475396762,3.11931435881,0.000821074591725,5.23251991942e-05,24473.7698381,0.410537295863,0.292849153067,0.292849153067,0.585698306134,-1.38777878078e-17,1.38777878078e-17,0.08,59457.1175378
2012-05-01,59485.7885066,0.00121319334843,0.000482212559811,42.5079303095,0.954080356972,0.000714934259679,1.60465289352e-05,21253.9651548,0.35746712984,0.363352032634,0.363352032634,0.726704065267,1.38777878078e-17,1.04083408559e-17,0.08,59485.7885066
2012-05-02,59313.9175383,-0.0021378697206,-0.0028892778033,43.513758061,1.18434422831,0.000731498382276,1.99097004183e-05,21756.8790305,0.365749191138,0.359577713779,0.359577713779,0.719155427558,1.52655665886e-16,1.2490009027e-16,0.08,59313.9175383
2012-05-03,59145.1138694,-0.00218616292489,-0.00284593693914,37.9651259757,1.16865549938,0.000640071125824,1.97028884262e-05,18982.5629879,0.320035562912,0.382836941467,0.382836941467,0.765673882934,8.32667268469e-17,2.77555756156e-17,0.08,59145.1138694
2012-05-04,59022.6583776,-0.00126219558982,-0.00207042448176,46.5620811066,1.24070873953,0.000787251525281,2.09773666557e-05,23281.0405533,0.39362576264,0.335302444359,0.335302444359,0.670604888719,1.11022302463e-16,8.32667268469e-17,0.08,59022.6583776
2012-05-07,59073.6097771,0.00157143803971,0.000863251518425,38.5458278322,3.25322328109,0.00065306831125,5.51182100317e-05,19272.9139161,0.326534155625,0.281158150661,0.281158150661,0.562316301321,-2.77555756156e-17,-5.55111512313e-17,0.08,59073.6097771
2012-05-08,59044.7195084,0.000508359819864,-0.000489055413589,58.0108346221,0.910083664535,0.000982009307389,1.54059260636e-05,29005.4173111,0.491004653694,0.338256903769,0.338256903769,0.676513807539,5.55111512313e-17,1.66533453694e-16,0.08,59044.7195084
2012-05-09,59057.1378875,0.00108343390289,0.000210321586914,50.4583000698,1.09437172629,0.000854577691112,1.85346248641e-05,25229.1500349,0.427288845556,0.397652470994,0.397652470994,0.795304941987,-5.55111512313e-17,2.77555756156e-17,0.08,59057.1378875
2012-05-10,58959.4599074,-0.000640621962301,-0.001653957229,58.557874171,1.28680640059,0.000991546090203,2.17891764928e-05,29278.9370855,0.495773045101,0.372069748178,0.372069748178,0.744139496355,1.38777878078e-17,2.77555756156e-17,0.08,58959.4599074
2012-05-11,58870.6626895,-0.000848834455654,-0.00150607244451,37.5483677359,1.20202911783,0.000636850605396,2.03873834618e-05,18774.1838679,0.318425302698,0.275442212943,0.275442212943,0.550884425885,-1.38777878078e-17,-1.82145964978e-17,0.08,58870.6626895
2012-05-14,58833.8686732,0.000149462944948,-0.000624997488532,42.9274429553,2.66555599045,0.00072918226149,4.52781719906e-05,21463.7214777,0.364591130745,0.375082764378,0.375082764378,0.750165528756,6.93889390391e-17,2.77555756156e-17,0.08,58833.8686732
2012-05-15,58864.2518634,0.00116036653887,0.000516423463376,36.676480413,1.20918192334,0.000623390595249,2.05524802399e-05,18338.2402065,0.311695297625,0.314747209377,0.314747209377,0.629494418753,3.88578058619e-16,3.33066907388e-16,0.08,58864.2518634
2012-05-16,58769.2296822,-0.000795129144496,-0.00161425955748,47.2023011854,1.01519775376,0.000801883990557,1.72464224316e-05,23601.1505927,0.400941995278,0.30733907655,0.30733907655,0.614678153101,3.40005801291e-16,3.05311331772e-16,0.08,58769.2296822
2012-05-17,58598.7331434,-0.00228341814582,-0.00290111916954,35.3121102817,0.989703056444,0.000600860526379,1.68404973452e-05,17656.0551409,0.300430263189,0.243216189003,0.243216189003,0.486432378005,1.94289029309e-16,1.94289029309e-16,0.08,58598.7331434
2012-05-18,58547.9710372,-5.32825830488e-05,-0.000866266273232,46.8588740066,0.780940304412,0.000799656775717,1.33269144659e-05,23429.4370033,0.399828387858,0.283221605192,0.283221605192,0.566443210385,1.38777878078e-16,2.63677968348e-16,0.08,58547.9710372
2012-05-21,58431.0207911,-0.00122325515454,-0.00199751151093,42.6053222352,2.7258164939,0.000727699380191,4.6556976196e-05,21302.6611176,0.363849690095,0.267941562567,0.267941562567,0.535883125135,-6.93889390391e-18,-4.16333634234e-17,0.08,58431.0207911
2012-05-22,58333.6159761,-0.000947479436077,-0.00166700519223,41.1847559784,0.857868439079,0.000704844026697,1.46817294557e-05,20592.3779892,0.352422013348,0.311821418288,0.311821418288,0.623642836576,2.77555756156e-17,5.55111512313e-17,0.08,58333.6159761
2012-05-23,58236.5073268,-0.00110732593892,-0.0016647116359,31.5176289047,0.996694294111,0.000540299591878,1.70861051117e-05,15758.8144523,0.270149795939,0.220207297777,0.220207297777,0.440414595555,0,6.93889390391e-18,0.08,58236.5073268
2012-05-24,58262.7156878,0.00108735862747,0.000450033186187,36.4129171054,0.702690625229,0.000625259287976,1.20661533029e-05,18206.4585527,0.312629643988,0.267144606336,0.267144606336,0.534289212671,0,4.16333634234e-17,0.08,58262.7156878
2012-05-25,58147.447768,-0.0010424380759,-0.0019784165302,53.6797934082,0.852853164189,0.000921340393672,1.46380606211e-05,26839.8967041,0.460670196836,0.302358330459,0.302358330459,0.604716660919,5.55111512313e-17,1.19695919842e-16,0.08,58147.447768
2012-05-29,58019.3845138,-0.00141283538295,-0.00220238822266,42.0570325939,3.8534499129,0.0007232825207,6.62703190048e-05,21028.5162969,0.36164126035,0.313999723459,0.313999723459,0.627999446918,0,2.08166817117e-17,0.08,58019.3845138
2012-05-30,57891.2022623,-0.00127061213303,-0.00220930043703,53.4638671999,0.998250448909,0.000921482839708,1.72054642991e-05,26731.9336,0.460741419854,0.380859182147,0.380859182147,0.761718364295,0,1.38777878078e-17,0.08,57891.2022623
2012-05-31,57698.2780324,-0.00254536811516,-0.00333253106299,44.3616781409,1.20813128477,0.000766293951539,2.0868996282e-05,22180.8390704,0.383146975769,0.318896096889,0.318896096889,0.637792193777,7.4593109467e-17,6.93889390391e-17,0.08,57698.2780324
2012-06-01,57794.2552101,0.00233652675913,0.00166343227129,37.8281871116,1.00820578968,0.000655620729102,1.74737587336e-05,18914.0935558,0.327810364551,0.196614901615,0.196614901615,0.393229803229,4.85722573274e-17,1.04083408559e-16,0.08,57794.2552101
2012-06-04,57710.6044701,-0.000877453454304,-0.00144738849474,31.0710459527,1.86792522773,0.000537614782641,3.23202577997e-05,15535.5229763,0.26880739132,0.241162562771,0.241162562771,0.482325125541,1.73472347598e-17,5.55111512313e-17,0.08,57710.6044701
2012-06-05,57625.1774831,-0.0010184181155,-0.00148026498318,25.890851645,0.762610261536,0.00044863248068,1.32143870011e-05,12945.4258225,0.22431624034,0.244973327564,0.244973327564,0.489946655128,2.08166817117e-17,5.55111512313e-17,0.08,57625.1774831
2012-06-06,57588.4708488,-7.42027926571e-05,-0.000636989523019,31.6571711686,0.773514053671,0.000549363534331,1.34231960309e-05,15828.5855843,0.274681767166,0.278685717439,0.278685717439,0.557371434879,-3.46944695195e-18,-1.38777878078e-17,0.08,57588.4708488
2012-06-07,57596.7392154,0.00125660056181,0.000143576769093,63.2179363605,0.879401880259,0.00109775334244,1.52704502706e-05,31608.9681802,0.548876671222,0.383970605068,0.383970605068,0.767941210135,-2.77555756156e-17,-5.55111512313e-17,0.08,57596.7392154
2012-06-08,57615.8325531,0.00121314744274,0.000331500324812,49.5681933883,1.21180574282,0.000860607632716,2.10394852092e-05,24784.0966941,0.430303816358,0.328768567947,0.328768567947,0.657537135894,2.77555756156e-17,-1.38777878078e-17,0.08,57615.8325531
2012-06-11,57532.162675,-0.000585498675844,-0.00145220288333,46.8220859012,3.11379859061,0.000812660059335,5.40441481556e-05,23411.0429506,0.406330029667,0.149416618255,0.149416618255,0.298833236509,5.55111512313e-17,4.85722573274e-17,0.08,57532.162675
2012-06-12,57438.4251241,-0.000924065111501,-0.00162930692215,40.1030585654,0.471028010288,0.000697054598694,8.18721195915e-06,20051.5292827,0.348527299347,0.254458266839,0.254458266839,0.508916533678,-5.55111512313e-17,-5.89805981832e-17,0.08,57438.4251241
2012-06-13,57530.6988523,0.00219334458087,0.0016064808185,32.9076709796,0.800859293536,0.000572920843642,1.39429187309e-05,16453.8354898,0.286460421821,0.250801972882,0.250801972882,0.501603945765,-2.77555756156e-17,-6.24500451352e-17,0.08,57530.6988523
2012-06-14,57380.4590373,-0.00114122125522,-0.00261147210091,83.793938763,0.790619877998,0.00145650827184,1.37425738566e-05,41896.9693815,0.72825413592,0.298487820965,0.298487820965,0.59697564193,6.93889390391e-17,5.55111512313e-17,0.08,57380.4590373
2012-06-15,57448.5561342,0.00197393804914,0.00118676458886,44.2298885652,0.938485927891,0.000770817963246,1.63554970392e-05,22114.9442826,0.385408981623,0.237437624758,0.237437624758,0.474875249516,8.32667268469e-17,9.71445146547e-17,0.08,57448.5561342
2012-06-18,57418.8941702,0.000493276209083,-0.000516322183253,55.757704373,2.24226554207,0.00097056754991,3.9030842426e-05,27878.8521865,0.485283774955,0.220547753964,0.220547753964,0.441095507929,2.77555756156e-17,5.55111512313e-17,0.08,57418.8941702
2012-06-19,57418.5273549,0.000497992925725,-6.3884073972e-06,28.2671220513,0.693896336678,0.000492296524686,1.20848084364e-05,14133.5610257,0.246148262343,0.150918846793,0.150918846793,0.301837693585,-2.08166817117e-17,-3.46944695195e-17,0.08,57418.5273549
2012-06-20,57383.5194883,-0.000245721113878,-0.000609696351169,20.4240981226,0.474823996325,0.00035570571144,8.26952585165e-06,10212.0490613,0.17785285572,0.161656338055,0.161656338055,0.323312676111,0,-3.46944695195e-18,0.08,57383.5194883
2012-06-21,57304.3649839,-0.000549145310458,-0.00137939438265,47.1343173966,0.50829641782,0.000821391190656,8.85788153728e-06,23567.1586983,0.410695595328,0.272614138691,0.272614138691,0.545228277382,0,-6.24500451352e-17,0.08,57304.3649839
2012-06-22,57208.1012512,-0.000543081958364,-0.00167986736659,64.2867670316,0.855998909771,0.0011218476472,1.49377610242e-05,32143.3835158,0.560923823601,0.435064987199,0.435064987199,0.870129974398,0,-6.93889390391e-17,0.08,57208.1012512
2012-06-25,57256.7060811,0.0016842853456,0.000849614457788,43.6585544413,4.09138222003,0.000763153355669,7.15175321423e-05,21829.2772206,0.381576677834,0.382883025691,0.382883025691,0.765766051382,-2.77555756156e-17,3.46944695195e-17,0.08,57256.7060811
2012-06-26,57208.9794813,-0.000206805635575,-0.000833554758796,34.6843508354,1.20123949948,0.000605769231402,2.09798918187e-05,17342.1754177,0.302884615701,0.304945595086,0.304945595086,0.609891190172,5.55111512313e-17,4.16333634234e-17,0.08,57208.9794813
2012-06-27,57235.8945685,0.0011101369758,0.000470469627099,35.6387914984,0.955924728339,0.000622958001027,1.6709347676e-05,17819.3957492,0.311479000513,0.237758891757,0.237758891757,0.475517783514,2.77555756156e-17,4.16333634234e-17,0.08,57235.8945685
2012-06-28,57345.3163171,0.00274841186986,0.00191176794464,47.1404008723,0.745662622538,0.000823616040733,1.30278844798e-05,23570.2004362,0.411808020366,0.290945625857,0.290945625857,0.581891251714,1.94289029309e-16,1.38777878078e-16,0.08,57345.3163171
2012-06-29,57315.2640967,0.000622473497326,-0.000524057102729,64.8339479303,0.914211997033,0.00113058837398,1.59422260744e-05,32416.9739651,0.56529418699,0.370583551193,0.370583551193,0.741167102386,1.04083408559e-16,1.17961196366e-16,0.08,57315.2640967
2012-07-02,57221.4367097,-0.000610753268803,-0.00163704012311,55.3303797747,3.49152231888,0.000965369010276,6.09178440317e-05,27665.1898874,0.482684505138,0.381409830773,0.381409830773,0.762819661545,2.77555756156e-17,0,0.08,57221.4367097
2012-07-03,56919.5076432,-0.0047227676423,-0.00527650272239,30.4896363743,1.19588046532,0.000532835911286,2.08991688095e-05,15244.8181872,0.266417955643,0.32344306249,0.32344306249,0.64688612498,-2.08166817117e-17,-2.08166817117e-17,0.08,56919.5076432
2012-07-05,57074.8419044,0.00331232697602,0.00272901624847,31.1842010731,2.01755834165,0.000547864912476,3.54458150674e-05,15592.1005365,0.273932456238,0.345424096771,0.345424096771,0.690848193542,-1.38777878078e-17,-3.46944695195e-18,0.08,57074.8419044
2012-07-06,57109.6875938,0.00135030296382,0.000610526253344,41.1423634131,1.08027538154,0.000720849362703,1.89273477683e-05,20571.1817066,0.360424681352,0.334905330029,0.334905330029,0.669810660059,-2.77555756156e-17,6.93889390391e-18,0.08,57109.6875938
2012-07-09,57055.0685363,-0.000304889911162,-0.000956388657732,34.0628341959,3.14405568846,0.000596445815606,5.50529309637e-05,17031.4170979,0.298222907803,0.293347270312,0.293347270312,0.586694540624,2.77555756156e-17,4.16333634234e-17,0.08,57055.0685363
2012-07-10,57008.7833795,0.000579653298163,-0.000811236546554,78.4402223421,0.917093074662,0.00137481602169,1.60738230308e-05,39220.1111711,0.687408010843,0.444446215087,0.444446215087,0.888892430174,1.38777878078e-17,9.71445146547e-17,0.08,57008.7833795
2012-07-11,57039.2545753,0.00153432059787,0.00053450001836,55.610207548,1.38834728766,0.000975467362244,2.4353217265e-05,27805.103774,0.487733681122,0.281676996927,0.281676996927,0.563353993854,1.28369537222e-16,1.63064006742e-16,0.08,57039.2545753
2012-07-12,56890.5626166,-0.00178612990328,-0.00260683558678,45.9320762518,0.880364160861,0.000805271327506,1.5434355996e-05,22966.0381259,0.402635663753,0.287431785054,0.287431785054,0.574863570108,9.02056207508e-17,6.93889390391e-17,0.08,56890.5626166
2012-07-13,56768.0805966,-0.00136650757005,-0.00215294091648,43.8446269928,0.896008546062,0.000770683659578,1.57496868523e-05,21922.3134964,0.385341829789,0.271502023389,0.271502023389,0.543004046778,1.94289029309e-16,1.97758476261e-16,0.08,56768.0805966
2012-07-16,56775.8689338,0.000616570060898,0.000137195710384,24.6795756707,2.53358609522,0.000434743880916,4.46304695982e-05,12339.7878353,0.217371940458,0.289875715799,0.289875715799,0.579751431598,1.80411241502e-16,1.17961196366e-16,0.08,56775.8689338
2012-07-17,56694.2020488,-0.000755309211717,-0.00143840836729,37.8817428844,0.901805240947,0.000667215554703,1.58836008657e-05,18940.8714422,0.333607777351,0.289121271575,0.289121271575,0.578242543151,5.55111512313e-17,7.6327832943e-17,0.08,56694.2020488
2012-07-18,56826.9402838,0.0030392028304,0.00234130175977,38.6687799362,0.898164371907,0.000682058809168,1.58422614562e-05,19334.3899681,0.341029404584,0.330889392037,0.330889392037,0.661778784073,4.16333634234e-17,3.16587034366e-17,0.08,56826.9402838
2012-07-19,56866.2839082,0.00159683943618,0.000692341065391,50.3695498778,1.03032502585,0.000886367445197,1.8130925591e-05,25184.7749389,0.443183722598,0.354735506315,0.354735506315,0.709471012629,4.16333634234e-17,5.89805981832e-17,0.08,56866.2839082
2012-07-20,56814.2436196,0.00034565746472,-0.000915134329131,70.5912021797,1.1053419186,0.00124135423186,1.94375619898e-05,35295.6010899,0.620677115931,0.439827749339,0.439827749339,0.879655498677,2.08166817117e-16,2.08166817117e-16,0.08,56814.2436196
2012-07-23,56974.1554984,0.00384698361803,0.00281464415603,54.5438902014,4.10769549067,0.000960039010051,7.23004519461e-05,27271.9451007,0.480019505026,0.467708951164,0.467708951164,0.935417902327,3.88578058619e-16,3.88578058619e-16,0.08,56974.1554984
2012-07-24,57137.3805042,0.003934854145,0.00286489557165,59.4998588742,1.46012726091,0.00104433068562,2.5627887735e-05,29749.9294371,0.52216534281,0.336828682581,0.336828682581,0.673657365162,1.94289029309e-16,1.66533453694e-16,0.08,57137.3805042
2012-07-25,57160.7674947,0.00125145211413,0.000409311562497,47.0631567202,1.05454841651,0.000823684185464,1.84563661688e-05,23531.5783601,0.411842092732,0.222265084173,0.222265084173,0.444530168346,-2.77555756156e-17,-1.38777878078e-17,0.08,57160.7674947
2012-07-26,57046.0702094,-0.00109236040814,-0.00200657356939,51.5609701808,0.696155769787,0.000902034252525,1.21789087218e-05,25780.4850904,0.451017126262,0.345212251923,0.345212251923,0.690424503845,4.16333634234e-17,1.38777878078e-17,0.08,57046.0702094
2012-07-27,56894.4624814,-0.00190660615526,-0.00265763666974,41.7642708363,1.07906862248,0.000732114774654,1.89157398314e-05,20882.1354181,0.366057387327,0.367769621098,0.367769621098,0.735539242195,2.08166817117e-17,-5.55111512313e-17,0.08,56894.4624814
2012-07-30,56890.2252788,0.000758979549046,-7.44747807172e-05,43.9793654246,3.43957067003,0.000772999049583,6.04552801804e-05,21989.6827123,0.386499524791,0.38222379082,0.38222379082,0.76444758164,-1.38777878078e-17,-4.16333634234e-17,0.08,56890.2252788
2012-07-31,56827.8524331,-0.000415198120854,-0.00109637192278,37.5606352886,1.19149575708,0.000660230032569,2.094376936e-05,18780.3176443,0.330115016284,0.307528036353,0.307528036353,0.615056072707,2.35922392733e-16,1.5959455979e-16,0.08,56827.8524331
2012-08-01,56771.3795903,-0.000209626728198,-0.000993752894299,43.6026083647,0.957597691448,0.000767275314794,1.6850851307e-05,21801.3041823,0.383637657397,0.27257361651,0.27257361651,0.545147233021,1.66533453694e-16,1.5959455979e-16,0.08,56771.3795903
2012-08-02,56840.0190501,0.00197840257475,0.00120905041031,42.8292725198,0.847911246531,0.000754416623815,1.49355406307e-05,21414.6362599,0.377208311908,0.198471461827,0.198471461827,0.396942923653,1.17961196366e-16,1.45716771982e-16,0.08,56840.0190501
2012-08-03,56785.7080736,-0.000284683403584,-0.000955505951001,37.5114227211,0.618143653212,0.000659947398823,1.08751485932e-05,18755.7113606,0.329973699411,0.177326310897,0.177326310897,0.354652621794,-2.77555756156e-17,1.38777878078e-17,0.08,56785.7080736
2012-08-06,56617.1950918,-0.00195411326609,-0.00296752453191,55.8919995666,1.65527673277,0.000984261735263,2.91495305584e-05,27945.9997833,0.492130867631,0.378983882989,0.378983882989,0.757967765977,2.77555756156e-17,1.2490009027e-16,0.08,56617.1950918
2012-08-07,56948.7323411,0.00656846739127,0.00585576958915,39.1752242339,1.17572627067,0.000691931561963,2.07662401638e-05,19587.6121169,0.345965780982,0.294447437711,0.294447437711,0.588894875423,-1.2490009027e-16,-6.24500451352e-17,0.08,56948.7323411
2012-08-08,56872.4315322,6.94829708466e-05,-0.0013398157551,79.3389590385,0.918816894177,0.00139316461977,1.6134106176e-05,39669.4795192,0.696582309886,0.312630510582,0.312630510582,0.625261021164,-2.77555756156e-17,-5.20417042793e-18,0.08,56872.4315322
2012-08-09,56830.0316626,-6.23127850205e-05,-0.000745525881732,37.8817403492,0.974249715505,0.000666082657776,1.7130438936e-05,18940.8701746,0.333041328888,0.313448270293,0.313448270293,0.626896540587,8.32667268469e-17,3.12250225676e-17,0.08,56830.0316626
2012-08-10,56768.0716323,-2.62256615342e-05,-0.00109026914952,59.4935552425,0.976069869882,0.00104686824029,1.71752476873e-05,29746.7776212,0.523434120147,0.4026555176,0.4026555176,0.805311035199,-7.21644966006e-16,-7.49400541622e-16,0.08,56768.0716323
2012-08-13,56721.7185181,0.000183843242073,-0.000816534944256,53.0320648259,3.757475715,0.000934188238231,6.61899480986e-05,26516.032413,0.467094119115,0.319201580207,0.319201580207,0.638403160413,-5.55111512313e-17,-9.71445146547e-17,0.08,56721.7185181
2012-08-14,56644.295829,-0.00079269335585,-0.00136495668791,31.4676685609,0.992091078521,0.000554772834515,1.74904975456e-05,15733.8342804,0.277386417258,0.271654468282,0.271654468282,0.543308936564,-1.11022302463e-16,-1.56125112838e-16,0.08,56644.295829
2012-08-15,56525.2470069,-0.00114844928615,-0.00210169127187,53.1525607036,0.84316033231,0.000938356809378,1.48851763442e-05,26576.2803518,0.469178404689,0.26830355493,0.26830355493,0.53660710986,-5.55111512313e-17,-1.73472347598e-17,0.08,56525.2470069
2012-08-16,56462.0513065,-0.000276717817835,-0.00111800839034,46.7231478418,0.831009573438,0.000826589007849,1.47015646537e-05,23361.5739209,0.413294503924,0.284886841935,0.284886841935,0.569773683869,-2.77555756156e-17,2.77555756156e-17,0.08,56462.0513065
2012-08-17,56338.9591667,-0.00131878685171,-0.00218008621518,47.7493427962,0.88138605402,0.000845689125551,1.56102379142e-05,23874.6713981,0.422844562776,0.25927842877,0.25927842877,0.518556857539,-1.38777878078e-17,1.38777878078e-17,0.08,56338.9591667
2012-08-20,56365.4408882,0.000982430787429,0.000470042787603,26.4661775349,2.40122906487,0.000469766888248,4.26211115786e-05,13233.0887675,0.234883444124,0.237352217866,0.237352217866,0.474704435732,-2.35922392733e-16,-1.52655665886e-16,0.08,56365.4408882
2012-08-21,56341.2558113,1.32555161258e-05,-0.000429076335887,24.1991634244,0.733066433194,0.000429326251034,1.3005600979e-05,12099.5817122,0.214663125517,0.259897766383,0.259897766383,0.519795532767,-6.24500451352e-17,4.16333634234e-17,0.08,56341.2558113
2012-08-22,56231.4375807,-0.00128530864474,-0.00194916192413,36.5999731042,0.802354330991,0.000649612305888,1.42409735005e-05,18299.9865521,0.324806152944,0.302946811443,0.302946811443,0.605893622886,-1.5959455979e-16,-8.32667268469e-17,0.08,56231.4375807
2012-08-23,56186.6102676,5.78986095146e-05,-0.000797193083522,47.1496031235,0.93343203934,0.000838491867752,1.65998252846e-05,23574.8015617,0.419245933876,0.304509624183,0.304509624183,0.609019248365,-5.51642065361e-16,-4.16333634234e-16,0.08,56186.6102676
2012-08-24,56205.5886431,0.00116157227217,0.000337773988891,45.3489337074,0.937499374065,0.000807112824415,1.66854588593e-05,22674.4668537,0.403556412208,0.248514311823,0.248514311823,0.497028623646,-7.6327832943e-17,3.46944695195e-17,0.08,56205.5886431
2012-08-27,56048.8573429,-0.00236246827551,-0.00278853587208,21.6512880373,2.29609202996,0.000385215928878,4.0851667697e-05,10825.6440186,0.192607964439,0.228918556028,0.228918556028,0.457837112055,-6.93889390391e-17,-4.16333634234e-17,0.08,56048.8573429
2012-08-28,56017.3156058,-0.000131943804976,-0.000562754330186,23.4433898069,0.703047862463,0.000418267042688,1.25434825221e-05,11721.6949034,0.209133521344,0.181111693696,0.181111693696,0.362223387392,2.77555756156e-17,6.93889390391e-17,0.08,56017.3156058
2012-08-29,55930.0025397,-0.0011323998232,-0.0015586799393,23.32315597,0.555911830448,0.000416356187686,9.9239284217e-06,11661.577985,0.208178093843,0.169390480303,0.169390480303,0.338780960606,2.77555756156e-17,5.55111512313e-17,0.08,55930.0025397
2012-08-30,55865.4458876,-0.000798490220579,-0.00115424010612,19.3779681664,0.519123835262,0.000346468215385,9.28167015358e-06,9688.98408321,0.173234107693,0.14048505708,0.14048505708,0.280970114159,6.93889390391e-17,5.55111512313e-17,0.08,55865.4458876
2012-08-31,55889.3756696,0.000820698279151,0.000428346746038,21.4888516788,0.43004166325,0.000384653721767,7.69781134683e-06,10744.4258394,0.192326860883,0.167103673451,0.167103673451,0.334207346901,1.5959455979e-16,1.5959455979e-16,0.08,55889.3756696
2012-09-04,55802.716734,-0.00108311333259,-0.00155054398986,24.077433361,2.04697424246,0.000430805194593,3.66254626741e-05,12038.7166805,0.215402597296,0.204950621364,0.204950621364,0.409901242728,1.38777878078e-17,4.16333634234e-17,0.08,55802.716734
2012-09-05,55780.5389273,0.000181405127186,-0.000397432383333,31.6740315815,0.626674053066,0.000567607339486,1.12301710337e-05,15837.0157907,0.283803669743,0.211247466389,0.211247466389,0.422494932777,8.32667268469e-17,9.71445146547e-17,0.08,55780.5389273
2012-09-06,55689.7574138,-0.000884205008445,-0.00162747645065,40.8144105185,0.645671097107,0.000731696238569,1.15752036377e-05,20407.2052592,0.365848119284,0.25548081218,0.25548081218,0.510961624359,1.04083408559e-17,0,0.08,55689.7574138
2012-09-07,55644.5758739,-0.000255184325531,-0.000811307895677,30.1907886613,0.779598052283,0.000542124621534,1.39989486126e-05,15095.3943306,0.271062310767,0.260901135062,0.260901135062,0.521802270125,2.77555756156e-17,6.93889390391e-18,0.08,55644.5758739
2012-09-10,55576.6918149,-0.000510945400071,-0.00121995824339,37.0662422971,2.38647665845,0.000666124985498,4.28878578185e-05,18533.1211485,0.333062492749,0.244458315512,0.244458315512,0.488916631024,-2.63677968348e-16,-2.61943244872e-16,0.08,55576.6918149
2012-09-11,55436.7077843,-0.00172001412992,-0.0025187542832,43.6468868753,0.744448463715,0.000785345177088,1.33949761924e-05,21823.4434377,0.392672588544,0.282810712301,0.282810712301,0.565621424602,-1.04083408559e-16,-1.28369537222e-16,0.08,55436.7077843
2012-09-12,55332.0138971,-0.00101518249424,-0.0018885300276,47.5564383123,0.859073688554,0.000857851055971,1.54964773864e-05,23778.2191562,0.428925527985,0.392849064926,0.392849064926,0.785698129853,-1.2490009027e-16,-2.04697370165e-16,0.08,55332.0138971
2012-09-13,55300.5484849,0.000428424980374,-0.000568665587042,53.9799535208,1.19107561205,0.000975564591255,2.15259761604e-05,26989.9767604,0.487782295628,0.342602896317,0.342602896317,0.685205792634,-3.05311331772e-16,-2.22044604925e-16,0.08,55300.5484849
2012-09-14,55370.5420268,0.0018447438466,0.00126569344887,30.9836605906,1.03814400432,0.000560277636289,1.8772761442e-05,15491.8302953,0.280138818144,0.362343170275,0.362343170275,0.72468634055,-2.77555756156e-17,-2.77555756156e-17,0.08,55370.5420268
2012-09-17,55389.4603595,0.00123684031767,0.000341667825849,46.2681360405,3.2980500391,0.000835609230953,5.95632608671e-05,23134.0680202,0.417804615477,0.324398375315,0.324398375315,0.64879675063,-6.93889390391e-16,-7.21644966006e-16,0.08,55389.4603595
2012-09-18,55368.6288577,0.000426692230144,-0.000376091439283,43.4811925391,0.984561695902,0.000785008415985,1.77752534419e-05,21740.5962695,0.392504207992,0.292971786944,0.292971786944,0.585943573887,-1.38777878078e-16,-1.52655665886e-16,0.08,55368.6288577
2012-09-19,55392.2389552,0.00132771012133,0.00042641651096,49.0145450408,0.888846363674,0.000885240361772,1.60532485997e-05,24507.2725204,0.442620180886,0.405583310364,0.405583310364,0.811166620728,-1.66533453694e-16,-1.11022302463e-16,0.08,55392.2389552
2012-09-20,55397.3936962,0.00117430426961,9.30589029784e-05,58.661578833,1.2310228846,0.0010590216236,2.22237430336e-05,29330.7894165,0.529510811799,0.355721773933,0.355721773933,0.711443547865,-9.36750677027e-17,1.38777878078e-17,0.08,55397.3936962
2012-09-21,55309.9986947,-0.000250726280338,-0.00157760132108,72.4256349543,1.07978406339,0.00130738343669,1.94916040511e-05,36212.8174772,0.653691718346,0.361288677485,0.361288677485,0.72257735497,-9.71445146547e-17,-6.59194920871e-17,0.08,55309.9986947
2012-09-24,55309.8405711,0.00126876272132,-2.85886110563e-06,67.0485316893,3.28485637481,0.00121223166284,5.93899195865e-05,33524.2658446,0.606115831419,0.246699558975,0.246699558975,0.49339911795,2.25514051877e-16,1.38777878078e-16,0.08,55309.8405711
2012-09-25,55225.9633057,-0.000580791176935,-0.0015164980514,51.0061315673,0.747666480869,0.000922189090416,1.35177840534e-05,25503.0657837,0.461094545208,0.34479347487,0.34479347487,0.68958694974,8.18789480661e-16,7.14706072102e-16,0.08,55225.9633057
2012-09-26,55203.3363763,0.000204560574349,-0.000409715431791,32.8806114738,1.04337270089,0.000595383212997,1.88927931436e-05,16440.3057369,0.297691606498,0.301463334163,0.301463334163,0.602926668326,1.63064006742e-16,1.6826817717e-16,0.08,55203.3363763
2012-09-27,55196.3068883,0.000446023062669,-0.000127338099072,30.7395706196,0.911878457037,0.000556842622882,1.65185388583e-05,15369.7853098,0.278421311441,0.31580657511,0.31580657511,0.63161315022,5.55111512313e-16,4.54497550706e-16,0.08,55196.3068883
2012-09-28,55153.3831443,0.000126095834429,-0.000777656087728,48.9286256168,0.955142829431,0.000886447452287,1.7304469869e-05,24464.3128084,0.443223726144,0.291580142635,0.291580142635,0.58316028527,1.52655665886e-16,1.2490009027e-16,0.08,55153.3831443
2012-10-01,54969.8713221,-0.00245336591463,-0.00332729946305,45.5568360047,2.64355583408,0.000826002566072,4.79309823509e-05,22778.4180024,0.413001283036,0.321936460868,0.321936460868,0.643872921736,5.55111512313e-17,0,0.08,54969.8713221
2012-10-02,54938.8608681,0.000106810732593,-0.000564135467769,35.9121383074,0.969687990566,0.000653305846341,1.76403540202e-05,17956.0691537,0.326652923171,0.264141426529,0.264141426529,0.528282853058,9.71445146547e-17,7.6327832943e-17,0.08,54938.8608681
2012-10-03,54848.3199257,-0.000785004700388,-0.00164803093729,46.6185205965,0.795157757895,0.000848552734073,1.44735028235e-05,23309.2602982,0.424276367037,0.374687654171,0.374687654171,0.749375308342,-8.32667268469e-17,-1.49186218934e-16,0.08,54848.3199257
2012-10-04,54863.6425874,0.00130960099906,0.00027936428489,55.3806713458,1.12608155223,0.0010097058838,2.05308303655e-05,27690.3356729,0.504852941902,0.391556246234,0.391556246234,0.783112492467,-2.77555756156e-17,-9.71445146547e-17,0.08,54863.6425874
2012-10-05,54727.3238617,-0.00162663415629,-0.00248468237283,45.8985437192,1.17710695596,0.000836593079763,2.14551367799e-05,22949.2718596,0.418296539881,0.367798084985,0.367798084985,0.735596169971,-5.55111512313e-17,-8.32667268469e-17,0.08,54727.3238617
2012-10-08,54742.7883548,0.00108375431382,0.000282573529869,40.5376684684,3.30881176648,0.000740720824772,6.04599591757e-05,20268.8342342,0.370360412386,0.366652161774,0.366652161774,0.733304323547,-4.16333634234e-17,-1.2490009027e-16,0.08,54742.7883548
2012-10-09,54747.1471877,0.000945225030375,7.96238733869e-05,46.2856093371,1.09981159955,0.000845510627576,2.00905294123e-05,23142.8046686,0.422755313788,0.264570766794,0.264570766794,0.529141533588,2.77555756156e-17,-5.55111512313e-17,0.08,54747.1471877
2012-10-10,54648.8724181,-0.000618495731192,-0.00179506649372,63.6202217698,0.793670943081,0.00116207373421,1.44970283175e-05,31810.1108849,0.581036867105,0.377604996306,0.377604996306,0.755209992611,-2.77555756156e-17,-2.08166817117e-17,0.08,54648.8724181
2012-10-11,54504.7787407,-0.00148349894423,-0.00263671821675,61.8914103042,1.13072259,0.00113252858779,2.06906847291e-05,30945.7051521,0.566264293897,0.287661614347,0.287661614347,0.575323228693,5.55111512313e-17,0,0.08,54504.7787407
2012-10-12,54591.3495096,0.00252741381621,0.00158831520577,50.3262423809,0.85911959683,0.000923336330203,1.57622802382e-05,25163.1211905,0.461668165101,0.399255476846,0.399255476846,0.798510953693,0,-1.04083408559e-16,0.08,54591.3495096
2012-10-15,54367.6847222,-0.00331817489606,-0.00409707379151,38.9382549385,3.58288689536,0.000713267858156,6.56310372898e-05,19469.1274693,0.356633929078,0.318874533995,0.318874533995,0.63774906799,-1.38777878078e-17,-5.20417042793e-18,0.08,54367.6847222
2012-10-16,54403.9002478,0.00129760075157,0.000666122269674,33.3820794439,0.949943568777,0.000614005904692,1.74725772052e-05,16691.0397219,0.307002952346,0.271759314777,0.271759314777,0.543518629555,-5.55111512313e-17,0,0.08,54403.9002478
2012-10-17,54515.8995719,0.00270165891251,0.00205866350845,34.1713336219,0.81012420014,0.000628104482698,1.48909213577e-05,17085.6668109,0.314052241349,0.289396958704,0.289396958704,0.578793917409,1.73472347598e-17,-6.93889390391e-18,0.08,54515.8995719
2012-10-18,54484.9197935,0.000443228219626,-0.000568270516137,54.2782848364,0.86447865957,0.000995641368163,1.58573676002e-05,27139.1424182,0.497820684081,0.304216833337,0.304216833337,0.608433666674,-2.08166817117e-17,0,0.08,54484.9197935
2012-10-19,54485.6175377,0.000506345427776,1.2806188993e-05,25.9822140722,0.908231767902,0.000476869823258,1.66694155253e-05,12991.1070361,0.238434911629,0.253277533109,0.253277533109,0.506555066218,3.46944695195e-17,4.16333634234e-17,0.08,54485.6175377
2012-10-22,54549.1365211,0.00167906296516,0.00116579358408,25.6973088678,2.26849032327,0.000471634718097,4.16346629769e-05,12848.6544339,0.235817359049,0.229205180266,0.229205180266,0.458410360532,5.20417042793e-18,-1.73472347598e-17,0.08,54549.1365211
2012-10-23,54570.9908538,0.000895411531174,0.0004006357223,26.304500287,0.685092858611,0.000482216620914,1.25591879598e-05,13152.2501435,0.241108310457,0.222083029185,0.222083029185,0.44416605837,-2.77555756156e-17,1.73472347598e-17,0.08,54570.9908538
2012-10-24,54556.3932425,0.000235096389371,-0.000267497640724,26.7629834822,0.664070737229,0.000490425096989,1.2168933106e-05,13381.4917411,0.245212548494,0.232786715158,0.232786715158,0.465573430316,-1.38777878078e-17,-6.93889390391e-18,0.08,54556.3932425
2012-10-25,54536.1629312,0.00083610077865,-0.000370814676717,65.1490635867,0.695890606783,0.00119416001892,1.2755436447e-05,32574.5317933,0.59708000946,0.429662193548,0.429662193548,0.859324387097,0,-4.16333634234e-17,0.08,54536.1629312
2012-10-26,54580.3157012,0.0016983120564,0.000809605364104,47.1827007829,1.2839521859,0.000865163558399,2.35431338931e-05,23591.3503915,0.432581779199,0.306430414364,0.306430414364,0.612860828728,6.93889390391e-18,2.51534904017e-17,0.08,54580.3157012
2012-10-31,54544.5701019,0.000357825037066,-0.000654917415169,50.6935921488,4.5822106182,0.000928788914053,8.39535381819e-05,25346.7960744,0.464394457027,0.312397561295,0.312397561295,0.624795122589,1.04083408559e-16,9.71445146547e-17,0.08,54544.5701019
2012-11-01,54528.9924773,0.000920725455835,-0.000285594416532,64.864522642,0.933676201737,0.00118920219778,1.71176745915e-05,32432.261321,0.594601098888,0.386575469617,0.386575469617,0.773150939234,1.38777878078e-17,4.16333634234e-17,0.08,54528.9924773
2012-11-02,54291.8977039,-0.00351767548283,-0.00434804977228,44.1244284032,1.15504497943,0.000809192071936,2.11822175133e-05,22062.2142016,0.404596035968,0.357185325611,0.357185325611,0.714370651222,-2.77555756156e-17,-6.24500451352e-17,0.08,54291.8977039
2012-11-05,54366.2679926,0.00223892587134,0.00136982297247,43.9974754066,3.18777027278,0.000810387502875,5.87153959908e-05,21998.7377033,0.405193751437,0.328591437077,0.328591437077,0.657182874153,-4.64905891562e-16,-5.62050406216e-16,0.08,54366.2679926
2012-11-06,54290.4179045,-0.000685077076688,-0.0013951681975,37.6261389608,0.978865212504,0.000692086110562,1.80050102508e-05,18813.0694804,0.346043055281,0.260823092573,0.260823092573,0.521646185146,-1.11022302463e-16,-1.11022302463e-16,0.08,54290.4179045
2012-11-07,54156.3356877,-0.00183932710896,-0.00246972158203,33.4484783088,0.775901079174,0.00061610279677,1.42916763054e-05,16724.2391544,0.308051398385,0.340739459467,0.340739459467,0.681478918935,-6.38378239159e-16,-8.04911692853e-16,0.08,54156.3356877
2012-11-08,54017.0576492,-0.00147770167853,-0.00257177736882,58.2399960743,1.01113427666,0.00107540503497,1.86706553133e-05,29119.9980372,0.537702517487,0.268743564902,0.268743564902,0.537487129803,-7.6327832943e-17,-8.32667268469e-17,0.08,54017.0576492
2012-11-09,54000.0266618,0.000253929489307,-0.000315289061146,29.9520736308,0.795437624008,0.000554492875664,1.47256747891e-05,14976.0368154,0.277246437832,0.273910989915,0.273910989915,0.54782197983,1.38777878078e-17,-8.32667268469e-17,0.08,54000.0266618
2012-11-12,53984.08306,0.000734904933392,-0.000295251739165,53.1970575222,2.43143026165,0.000985130208461,4.50264640956e-05,26598.5287611,0.49256510423,0.372080178551,0.372080178551,0.744160357102,4.16333634234e-17,0,0.08,53984.08306
2012-11-13,53823.1731255,-0.00202245813807,-0.00298069218644,50.6287614026,1.10062505556,0.00093784609338,2.03879549891e-05,25314.3807013,0.46892304669,0.5,0.5,1,2.22044604925e-16,2.22044604925e-16,0.0781654287618,53823.1731255
2012-11-14,53960.4189148,0.00360337187645,0.00254993864822,55.2245115364,1.47460748289,0.00102603596796,2.7397260274e-05,27612.2557682,0.513017983979,0.340819093453,0.340819093453,0.681638186906,2.22044604925e-16,1.66533453694e-16,0.08,53960.4189148
2012-11-15,53841.0135438,-0.00135644241617,-0.00221283254331,45.203458176,1.00771183873,0.000837715108316,1.86750188193e-05,22601.729088,0.418857554158,0.233691575557,0.233691575557,0.467383151114,-6.93889390391e-18,5.20417042793e-17,0.08,53841.0135438
2012-11-16,53772.0862561,-0.000368785618052,-0.00128020041081,48.3820610618,0.689435138884,0.000898609774916,1.28050178388e-05,24191.0305309,0.449304887458,0.268097042141,0.268097042141,0.536194084281,0,6.24500451352e-17,0.08,53772.0862561
2012-11-19,53653.6774609,-0.00163680312732,-0.00220204949105,28.0247002364,2.36977599041,0.000521175617083,4.40707466533e-05,14012.3501182,0.260587808542,0.194421751464,0.194421751464,0.388843502928,-6.93889390391e-18,-6.93889390391e-17,0.08,53653.6774609
2012-11-20,53605.804531,-0.000378675180437,-0.000892258130242,26.9840280783,0.571585859969,0.000502929703149,1.06532466556e-05,13492.0140391,0.251464851575,0.239761488118,0.239761488118,0.479522976237,4.85722573274e-17,1.04083408559e-16,0.08,53605.804531
2012-11-21,53567.6950059,-7.44150250078e-05,-0.000710921613486,33.4161953008,0.704252463898,0.000623368972691,1.31376157873e-05,16708.0976504,0.311684486345,0.263911970865,0.263911970865,0.52782394173,1.38777878078e-17,-1.38777878078e-17,0.08,53567.6950059
2012-11-23,53573.6360413,0.000818120695084,0.000110907055467,36.3345271852,1.54927736589,0.000678291779796,2.89218598208e-05,18167.2635926,0.339145889898,0.218413093105,0.218413093105,0.436826186211,-8.32667268469e-17,-8.32667268469e-17,0.08,53573.6360413
2012-11-26,53577.0332971,0.00127323824184,6.34128288002e-05,62.8912641231,1.92348222849,0.00117392189088,3.59035221543e-05,31445.6320615,0.586960945442,0.452114240874,0.452114240874,0.904228481748,1.94289029309e-16,2.63677968348e-16,0.08,53577.0332971
2012-11-27,53521.9697019,0.000231915907556,-0.00102774625147,66.1616770682,1.32728436917,0.00123488877597,2.47733830616e-05,33080.8385341,0.617444387984,0.32207144951,0.32207144951,0.64414289902,-1.49186218934e-16,-8.32667268469e-17,0.08,53521.9697019
2012-11-28,53697.8098734,0.00448709780643,0.00328538303918,63.3735989869,0.94454237603,0.00118406701659,1.76477506581e-05,31686.7994934,0.592033508294,0.291090466637,0.291090466637,0.582180933275,8.32667268469e-17,9.71445146547e-17,0.08,53697.8098734
2012-11-29,53681.3705754,0.000600155923349,-0.000306144664281,47.8098678464,0.856488796354,0.000890350425075,1.59501625555e-05,23904.9339232,0.445175212537,0.271066420473,0.271066420473,0.542132840946,5.55111512313e-17,2.77555756156e-17,0.08,53681.3705754
2012-11-30,53557.4235701,-0.00151274748222,-0.00230893891244,41.9433202571,0.79732695715,0.000781338475666,1.48529545465e-05,20971.6601285,0.390669237833,0.227898142536,0.227898142536,0.455796285071,9.19403442268e-17,9.71445146547e-17,0.08,53557.4235701
2012-12-03,53429.4522007,-0.0017582733856,-0.00238942355434,31.7963707837,2.00640613983,0.000593687460379,3.7462708362e-05,15898.1853919,0.296843730189,0.266015640405,0.266015640405,0.53203128081,7.6327832943e-17,8.32667268469e-17,0.08,53429.4522007
2012-12-04,53377.5101335,-0.000621076122677,-0.000972161701981,17.9795118247,0.778798353077,0.000336509379829,1.45761994743e-05,8989.75591233,0.168254689915,0.24569597537,0.24569597537,0.49139195074,1.07552855511e-16,9.71445146547e-17,0.08,53377.5101335
2012-12-05,53339.8713577,-0.000132475874074,-0.000705142964955,29.8489330677,0.718610378908,0.00055920429771,1.3462793171e-05,14924.4665338,0.279602148855,0.346413015635,0.346413015635,0.69282603127,3.46944695195e-17,0,0.08,53339.8713577
2012-12-06,53362.4376454,0.00121649742768,0.000423066031562,41.3090559594,1.01247264058,0.000774449861012,1.89815351033e-05,20654.5279797,0.387224930506,0.309044536454,0.309044536454,0.618089072908,-5.55111512313e-17,-8.32667268469e-17,0.08,53362.4376454
2012-12-07,53198.9651363,-0.00241910595995,-0.00306343781074,33.4794815094,0.903636701709,0.000627397903594,1.6933947203e-05,16739.7407547,0.313698951797,0.363500739281,0.363500739281,0.727001478561,-1.66533453694e-16,-2.22044604925e-16,0.08,53198.9651363
2012-12-10,53172.4994841,0.000513158865915,-0.000497484342605,50.5863459951,3.17882682016,0.000950889662336,5.97535461831e-05,25293.1729975,0.475444831168,0.351813365975,0.351813365975,0.70362673195,-1.38777878078e-16,-2.8449465006e-16,0.08,53172.4994841
2012-12-11,53278.7095172,0.00274166653547,0.00199746173622,38.5461993852,1.02502991895,0.00072492735454,1.9277444711e-05,19273.0996926,0.36246367727,0.301613319157,0.301613319157,0.603226638315,-1.38777878078e-17,-7.97972798949e-17,0.08,53278.7095172
2012-12-12,53188.3914115,-0.000962784322851,-0.00169520070073,38.1416751458,0.880524296872,0.000715889620664,1.65267572141e-05,19070.8375729,0.357944810332,0.343370512091,0.343370512091,0.686741024182,-8.32667268469e-17,-1.5959455979e-16,0.08,53188.3914115
2012-12-13,53069.7782701,-0.0010268490117,-0.00223005694073,62.9959641309,1.00073014774,0.00118439310645,1.88148225803e-05,31497.9820655,0.592196553225,0.457226208956,0.457226208956,0.914452417912,-4.16333634234e-17,-1.11022302463e-16,0.08,53069.7782701
2012-12-14,52951.0739131,-0.00119776403392,-0.00223675999496,53.8097020689,1.32958320704,0.00101394247014,2.50534909017e-05,26904.8510344,0.506971235069,0.37851143009,0.37851143009,0.75702286018,-8.32667268469e-17,-1.80411241502e-16,0.08,52951.0739131
2012-12-17,53002.1460239,0.00219785726987,0.000964515108498,62.0121201585,3.29467178821,0.00117112110437,6.22210570011e-05,31006.0600792,0.585560552183,0.330616817356,0.330616817356,0.661233634712,-1.11022302463e-16,-1.2490009027e-16,0.08,53002.1460239
2012-12-18,52988.5398821,0.000593132802661,-0.000256709262903,44.0832669093,0.960186346929,0.000831726075572,1.81159899921e-05,22041.6334547,0.415863037786,0.251002276251,0.251002276251,0.502004552502,0,-1.38777878078e-17,0.08,52988.5398821
2012-12-19,52875.1172998,-0.00147871083888,-0.0021405115611,34.3390734634,0.728780500034,0.000648047172838,1.37535493836e-05,17169.5367317,0.324023586419,0.331127482613,0.331127482613,0.662254965226,-4.99600361081e-16,-6.31439345256e-16,0.08,52875.1172998
2012-12-20,52755.4551087,-0.00165640063142,-0.00226310970542,31.1204488251,0.95936462928,0.000588565102345,1.814397165e-05,15560.2244125,0.294282551173,0.360833546232,0.360833546232,0.721667092465,-4.37150315946e-16,-5.96744875736e-16,0.08,52755.4551087
2012-12-21,52654.5086414,-0.00133850616279,-0.001913479223,29.2899003734,1.04306509315,0.000555201359045,1.97717011634e-05,14644.9501867,0.277600679523,0.331528283014,0.331528283014,0.663056566029,-2.77555756156e-17,-7.6327832943e-17,0.08,52654.5086414
2012-12-24,52636.6650145,0.000294188570437,-0.000338881272573,30.4644266412,2.86955487828,0.000578572043063,5.44977999476e-05,15232.2133206,0.289286021531,0.299063133792,0.299063133792,0.598126267584,-3.43475248243e-16,-3.33066907388e-16,0.08,52636.6650145
2012-12-26,52613.3097184,2.89601329006e-05,-0.000443707748883,23.1545446835,1.72511627305,0.000439893839724,3.27740420594e-05,11577.2723418,0.219946919862,0.295101565662,0.295101565662,0.590203131324,-1.80411241502e-16,-1.94289029309e-16,0.08,52613.3097184
2012-12-27,52614.2800781,0.000730446150658,1.84432358172e-05,36.6100753544,0.850754524524,0.000695832966037,1.61699488034e-05,18305.0376772,0.347916483019,0.315699825413,0.315699825413,0.631399650826,-2.98372437868e-16,-3.60822483003e-16,0.08,52614.2800781
2012-12-28,52525.8196614,-0.00106639307344,-0.00168130052365,31.4427583399,0.910154467664,0.000597608829642,1.72986205706e-05,15721.37917,0.298804414821,0.271568475763,0.271568475763,0.543136951527,-3.74700270811e-16,-4.30211422042e-16,0.08,52525.8196614
2012-12-31,52456.4551991,-0.0005233618325,-0.00132057838931,39.5296273214,2.34482577266,0.000752575163532,4.46413932762e-05,19764.8136607,0.376287581766,0.237256518465,0.237256518465,0.474513036929,-4.09394740331e-16,-3.33066907388e-16,0.08,52456.4551991
2013-01-02,52352.0291232,-0.00100554261945,-0.00199071926495,50.31496926,1.36390530757,0.000959175931142,2.60007143523e-05,25157.48463,0.479587965571,0.312673523192,0.312673523192,0.625347046384,-5.04804531509e-16,-4.64905891562e-16,0.08,52352.0291232
2013-01-03,52252.2281183,-0.000736730925814,-0.00190634453913,60.3347093231,0.89693662423,0.00115248081753,1.71327957913e-05,30167.3546616,0.576240408764,0.279744232083,0.279744232083,0.559488464166,-2.08166817117e-16,-1.87350135405e-16,0.08,52252.2281183
2013-01-04,52174.8313799,-0.000370123476342,-0.00148121412625,57.2560163768,0.800945722169,0.00109576219883,1.5328451073e-05,28628.0081884,0.547881099416,0.193480358607,0.193480358607,0.386960717214,-2.08166817117e-17,-2.08166817117e-17,0.08,52174.8313799
2013-01-07,52159.9848471,0.000463262545646,-0.000284553536407,37.3577579702,1.65942001408,0.000716011091597,3.1804990456e-05,18678.8789851,0.358005545798,0.248185815586,0.248185815586,0.496371631173,-7.6327832943e-17,-1.31838984174e-16,0.08,52159.9848471
2013-01-08,52109.4887611,-0.0005607801417,-0.000968100089808,20.5364670676,0.709335253713,0.000393720725336,1.35992227719e-05,10268.2335338,0.196860362668,0.2675419763,0.2675419763,0.535083952601,2.08166817117e-17,6.93889390391e-18,0.08,52109.4887611
2013-01-09,52135.4174803,0.000924806847131,0.000497581529757,21.4985764026,0.763916471625,0.000412565483056,1.46598343178e-05,10749.2882013,0.206282741528,0.258283369835,0.258283369835,0.516566739669,1.38777878078e-17,-3.29597460436e-17,0.08,52135.4174803
2013-01-10,52003.9018498,-0.00152410637444,-0.00252257748825,51.3178611648,0.737847195317,0.000984318600389,1.41525134156e-05,25658.9305824,0.492159300194,0.425708198969,0.425708198969,0.851416397938,8.32667268469e-17,4.85722573274e-17,0.08,52003.9018498
2013-01-11,51962.6489951,5.23460084707e-05,-0.000793264605907,42.7619835907,1.21306780251,0.000822284137722,2.33264766558e-05,21380.9917954,0.411142068861,0.397581365904,0.397581365904,0.795162731809,8.32667268469e-17,4.16333634234e-17,0.08,51962.6489951
2013-01-14,51855.1949005,-0.00103681889639,-0.00206791025228,50.1821755837,3.39606262413,0.000965735514916,6.53558409706e-05,25091.0877918,0.482867757458,0.236966013445,0.236966013445,0.473932026891,1.2490009027e-16,1.11022302463e-16,0.08,51855.1949005
2013-01-15,51898.7995986,0.00168852165751,0.000840893533942,43.2806109311,0.673310619835,0.000834643684479,1.29844390929e-05,21640.3054656,0.41732184224,0.413753121094,0.413753121094,0.827506242187,1.94289029309e-16,1.38777878078e-16,0.08,51898.7995986
2013-01-16,51878.1410025,0.000658737911197,-0.000398055374861,53.6696843229,1.17661864739,0.00103412188216,2.26714038955e-05,26834.8421614,0.517060941081,0.292023738867,0.292023738867,0.584047477733,2.91433543964e-16,2.22044604925e-16,0.08,51878.1410025
2013-01-17,51655.179987,-0.00350456541055,-0.00429778344389,40.3205592425,0.83011773704,0.000777216732584,1.60013007598e-05,20160.2796212,0.388608366292,0.241357271342,0.241357271342,0.482714542684,-2.77555756156e-17,-2.77555756156e-17,0.08,51655.179987
2013-01-18,51581.6063497,-0.000816105022061,-0.00142432254181,30.7344428079,0.683142646155,0.000594992463789,1.3225055964e-05,15367.221404,0.297496231895,0.281506879341,0.281506879341,0.563013758682,1.80411241502e-16,9.71445146547e-17,0.08,51581.6063497
2013-01-22,51583.0712648,0.00074514012991,2.83999505295e-05,33.788017561,3.18259222682,0.000655040041443,6.17001379377e-05,16894.0087805,0.327520020721,0.340685405626,0.340685405626,0.681370811252,3.1918911958e-16,2.77555756156e-16,0.08,51583.0712648
2013-01-23,51656.9826686,0.00235223477213,0.001432861636,46.4611530378,0.962936962042,0.000900705442669,1.86676934589e-05,23230.5765189,0.450352721335,0.367322595214,0.367322595214,0.734645190428,-1.11022302463e-16,-1.66533453694e-16,0.08,51656.9826686
2013-01-24,51425.0935757,-0.00359034072059,-0.00448901737909,45.3832107683,1.03971380465,0.000878549393011,2.01272654912e-05,22691.6053841,0.439274696505,0.295110916249,0.295110916249,0.590221832498,-1.38777878078e-17,-4.16333634234e-17,0.08,51425.0935757
2013-01-25,51415.4851028,0.000522710550538,-0.000186844053233,35.6573444174,0.831567478538,0.000693384142606,1.61704611643e-05,17828.6722087,0.346692071303,0.341920678359,0.341920678359,0.683841356717,3.05311331772e-16,1.94289029309e-16,0.08,51415.4851028
2013-01-28,51426.9133136,0.000893606714876,0.000222271769505,31.627145985,2.88986589772,0.000615128806463,5.62061389083e-05,15813.5729925,0.307564403231,0.297011979281,0.297011979281,0.594023958561,4.16333634234e-17,-8.32667268469e-17,0.08,51426.9133136
2013-01-29,51505.4498641,0.00213469387884,0.0015271488304,30.4072126054,0.836953934881,0.000591270419439,1.62746290017e-05,15203.6063027,0.29563520972,0.281275151602,0.281275151602,0.562550303203,-2.77555756156e-17,-5.55111512313e-17,0.08,51505.4498641
2013-01-30,51508.2394508,0.00100093216256,5.41609988509e-05,47.9700553505,0.793819354458,0.000931358826631,1.54123370741e-05,23985.0276753,0.465679413315,0.383907077773,0.383907077773,0.767814155546,5.75928194024e-16,4.30211422042e-16,0.08,51508.2394508
2013-01-31,51571.5867202,0.00249606871968,0.00122984730535,64.1373082629,1.08352754459,0.00124518541008,2.10360042615e-05,32068.6541314,0.622592705039,0.377842506153,0.377842506153,0.755685012307,2.49800180541e-16,1.2490009027e-16,0.08,51571.5867202
2013-02-01,51374.1366943,-0.00269610023678,-0.00382865912163,57.3401361396,1.06772260672,0.00111185518589,2.07036989673e-05,28670.0680698,0.555927592946,0.231854235365,0.231854235365,0.46370847073,1.38777878078e-16,1.52655665886e-16,0.08,51374.1366943
2013-02-04,51354.6641318,0.000294594020709,-0.000379034349523,32.6490522178,1.95802375575,0.000635515345241,3.81130249915e-05,16324.5261089,0.317757672621,0.272794613988,0.272794613988,0.545589227976,0,1.38777878078e-17,0.08,51354.6641318
2013-02-05,51216.9643527,-0.00207554295614,-0.00268134903508,30.3433361639,0.767631549498,0.000590858428867,1.49476500815e-05,15171.668082,0.295429214434,0.241718917387,0.241718917387,0.483437834773,-2.77555756156e-17,0,0.08,51216.9643527
2013-02-06,51167.8348366,-0.000528500781846,-0.000959243031881,21.3829483187,0.678362146585,0.00041749737785,1.32448721856e-05,10691.4741593,0.208748688925,0.222025512583,0.222025512583,0.444051025165,-8.32667268469e-17,-6.93889390391e-17,0.08,51167.8348366
2013-02-07,51142.0467086,-7.97184356901e-05,-0.000503990993969,21.0866114887,0.622496699032,0.000412106776767,1.21657815114e-05,10543.3057443,0.206053388384,0.244863105473,0.244863105473,0.489726210945,-1.52655665886e-16,-1.83880688454e-16,0.08,51142.0467086
2013-02-08,51118.1034665,0.000281542201865,-0.000468171370309,37.6557056836,0.686180842592,0.000736296415709,1.34171564643e-05,18827.8528418,0.368148207855,0.309284777456,0.309284777456,0.618569554913,-4.16333634234e-17,-2.86229373536e-17,0.08,51118.1034665
2013-02-11,51110.6846637,0.000501105762435,-0.000145130635423,30.4354665146,2.59891253501,0.000595395064578,5.08413332805e-05,15217.7332573,0.297697532289,0.348362727366,0.348362727366,0.696725454733,0,5.55111512313e-17,0.08,51110.6846637
2013-02-12,51183.9770195,0.00247068548193,0.00143399283973,52.0104511394,0.975619589425,0.00101760427358,1.90883686228e-05,26005.2255697,0.50880213679,0.412173624706,0.412173624706,0.824347249412,2.77555756156e-17,9.71445146547e-17,0.08,51183.9770195
2013-02-13,51192.8809768,0.00133986350071,0.000173959855877,58.5196026058,1.15598275808,0.00114331878868,2.25848561483e-05,29259.8013029,0.57165939434,0.304966701955,0.304966701955,0.60993340391,-3.67761376907e-16,-3.88578058619e-16,0.08,51192.8809768
2013-02-14,51229.1032674,0.00171951964183,0.000707564994672,50.9494149523,0.855458853428,0.000995244142938,1.67105042167e-05,25474.7074761,0.497622071469,0.365268417432,0.365268417432,0.730536834864,-5.27355936697e-16,-5.75928194024e-16,0.08,51229.1032674
2013-02-15,51368.1881711,0.00376747638918,0.0027149587813,52.8941976921,1.02533553298,0.00103250290008,2.00147078045e-05,26447.0988461,0.516251450041,0.197295654086,0.197295654086,0.394591308173,-1.80411241502e-16,-2.28983498829e-16,0.08,51368.1881711
2013-02-19,51289.8214383,-0.000819620867902,-0.00152558880465,34.0429852622,2.2213085555,0.000662725053662,4.32428830874e-05,17021.4926311,0.331362526831,0.264477699534,0.264477699534,0.528955399069,-1.11022302463e-16,-1.66533453694e-16,0.08,51289.8214383
2013-02-20,51272.2781492,0.000251474829558,-0.000342042313542,29.6980998527,0.743288437454,0.000579025214358,1.44919287416e-05,14849.0499264,0.289512607179,0.262310493563,0.262310493563,0.524620987125,-2.08166817117e-17,-1.38777878078e-17,0.08,51272.2781492
2013-02-21,51380.4113786,0.0027445150772,0.00210899990002,31.8473653661,0.736945566432,0.000621141999454,1.43731777295e-05,15923.6826831,0.310570999727,0.221154751062,0.221154751062,0.442309502124,1.52655665886e-16,1.17961196366e-16,0.08,51380.4113786
2013-02-22,51348.1609894,3.89093872441e-05,-0.000627678688274,33.626938193,0.622631347282,0.000654470006967,1.21180685513e-05,16813.4690965,0.327235003484,0.217283501991,0.217283501991,0.434567003983,2.22044604925e-16,2.22044604925e-16,0.08,51348.1609894
2013-02-25,51276.4732706,-0.000441357586195,-0.00139611073664,47.1907732838,1.83404519024,0.000919035314497,3.57178359438e-05,23595.3866419,0.459517657249,0.391886505833,0.391886505833,0.783773011665,5.27355936697e-16,6.10622663544e-16,0.08,51276.4732706
2013-02-26,51375.3050249,0.00285321561298,0.0019274288584,46.370008107,1.10107166802,0.000904313521375,2.14732331963e-05,23185.0040535,0.452156760688,0.381034467538,0.381034467538,0.762068935076,1.66533453694e-16,2.22044604925e-16,0.08,51375.3050249
2013-02-27,51447.5863613,0.00261599669248,0.00140692763428,61.0436471685,1.07264449286,0.00118819045724,2.0878600961e-05,30521.8235843,0.594095228621,0.368486401035,0.368486401035,0.736972802071,5.82867087928e-16,7.21644966006e-16,0.08,51447.5863613
2013-02-28,51358.7096026,-0.000631637197215,-0.00172752047167,55.341769353,1.03878005152,0.00107569223878,2.01910356732e-05,27670.8846765,0.537846119392,0.394540072952,0.394540072952,0.789080145904,-1.7694179455e-16,-1.66533453694e-16,0.08,51358.7096026
2013-03-01,51354.587393,0.0010222490146,-8.02631072645e-05,55.5132947475,1.11030515251,0.00108089348773,2.16186341344e-05,27756.6473737,0.540446743863,0.348707976509,0.348707976509,0.697415953018,8.32667268469e-17,8.67361737988e-17,0.08,51354.587393
2013-03-04,51341.8733086,0.000769079166867,-0.000247574462734,49.2660872444,2.94374042536,0.000959331770448,5.73218591522e-05,24633.0436222,0.479665885224,0.268756374665,0.268756374665,0.537512749331,1.38777878078e-17,-4.16333634234e-17,0.08,51341.8733086
2013-03-05,51267.9975477,-0.000254516707438,-0.00143889881883,60.0523165455,0.756079766518,0.0011696557347,1.4726376694e-05,30026.1582728,0.584827867349,0.331751004334,0.331751004334,0.663502008669,1.94289029309e-16,1.11022302463e-16,0.08,51267.9975477
2013-03-06,51221.1952535,0.000167846930856,-0.000912894914992,54.4755136081,0.931956694613,0.00106256370862,1.81781372238e-05,27237.7568041,0.531281854312,0.462149313604,0.462149313604,0.924298627209,3.46944695195e-16,2.77555756156e-16,0.08,51221.1952535
2013-03-07,50995.1328913,-0.00301964646948,-0.00441345347568,70.0953736747,1.2970871358,0.00136848375614,2.53232500605e-05,35047.6868373,0.684241878072,0.36030941626,0.36030941626,0.720618832519,1.11022302463e-16,-5.55111512313e-17,0.08,50995.1328913
2013-03-08,51003.3934515,0.000869110225566,0.000161987228317,35.0530352391,1.00679597612,0.000687380015536,1.97429817129e-05,17526.5176195,0.343690007768,0.289160736732,0.289160736732,0.578321473464,-2.77555756156e-17,-7.6327832943e-17,0.08,51003.3934515
2013-03-11,50950.9144949,-0.00046678603515,-0.00102893068548,26.2469266144,2.42435816322,0.000514611378542,4.75332717915e-05,13123.4633072,0.257305689271,0.290113727987,0.290113727987,0.580227455974,1.38777878078e-16,1.87350135405e-16,0.08,50950.9144949
2013-03-12,51049.0052296,0.00265135607441,0.00192520066831,36.1883335269,0.809948479368,0.000710258763471,1.58966426294e-05,18094.1667634,0.355129381736,0.278403837348,0.278403837348,0.556807674696,5.55111512313e-17,8.32667268469e-17,0.08,51049.0052296
2013-03-13,50948.8099175,-0.00110979853307,-0.00196272800158,42.7624480795,0.778752819107,0.000837674463728,1.52550047862e-05,21381.2240398,0.418837231864,0.381201797641,0.381201797641,0.762403595282,1.94289029309e-16,1.80411241502e-16,0.08,50948.8099175
2013-03-14,50976.9487066,0.00112907475779,0.000552295316743,28.3220190962,1.06420700977,0.000555891671308,2.08877697337e-05,14161.0095481,0.277945835654,0.418420579321,0.418420579321,0.836841158641,1.66533453694e-16,1.66533453694e-16,0.08,50976.9487066
2013-03-15,50671.6876535,-0.00476888967226,-0.00598821743731,60.9888525293,1.16875640602,0.00119640061001,2.29271550313e-05,30494.4262646,0.598200305007,0.439644042916,0.439644042916,0.879288085831,1.52655665886e-16,1.66533453694e-16,0.08,50671.6876535
2013-03-18,50652.2826368,0.000976861143686,-0.000382955801122,65.2421637747,3.66205571858,0.00128754669118,7.227025363e-05,32621.0818873,0.643773345589,0.325197302349,0.325197302349,0.650394604698,6.93889390391e-18,1.38777878078e-17,0.08,50652.2826368
2013-03-19,50599.1377323,-4.56162401802e-05,-0.00104921045458,49.9317632432,0.902574557332,0.000985775184137,1.78190302657e-05,24965.8816216,0.492887592068,0.363472427399,0.363472427399,0.726944854798,1.38777878078e-17,2.08166817117e-17,0.08,50599.1377323
2013-03-20,50544.3636237,-0.000301204863172,-0.00108251071179,38.5256547706,1.00774747484,0.00076138955123,1.99162973917e-05,19262.8273853,0.380694775615,0.423838131913,0.423838131913,0.847676263826,2.77555756156e-17,1.17961196366e-16,0.08,50544.3636237
2013-03-21,50497.7066133,-0.00040166949425,-0.000923090271526,25.1810387014,1.17384266614,0.000498196770048,2.32240072281e-05,12590.5193507,0.249098385024,0.435502316642,0.435502316642,0.871004633285,6.24500451352e-17,9.71445146547e-17,0.08,50497.7066133
2013-03-22,50632.7973171,0.00353503631355,0.0026751849299,42.2154890277,1.20503387481,0.000835988243011,2.38631406379e-05,21107.7445139,0.417994121505,0.352149047349,0.352149047349,0.704298094699,6.76542155631e-17,1.5959455979e-16,0.08,50632.7973171
2013-03-25,50513.9639656,-0.00143448586208,-0.00234696397786,43.2703126969,2.93100679559,0.000854590601147,5.78875146328e-05,21635.1563485,0.427295300574,0.309487197715,0.309487197715,0.618974395431,1.80411241502e-16,2.56739074445e-16,0.08,50513.9639656
2013-03-26,50562.553305,0.00157808804948,0.000961899156875,30.2695174814,0.856626035793,0.000599230689993,1.69582026145e-05,15134.7587407,0.299615344996,0.215343925208,0.215343925208,0.430687850415,9.02056207508e-17,8.32667268469e-17,0.08,50562.553305
2013-03-27,50630.9752475,0.00188012361202,0.00135321375183,26.0452865943,0.596621298478,0.000515110193055,1.17996671347e-05,13022.6432971,0.257555096528,0.182015598731,0.182015598731,0.364031197462,2.11636264069e-16,3.1918911958e-16,0.08,50630.9752475
2013-03-28,50689.3493425,0.00184058097998,0.00115293246488,34.3113490692,0.504965878028,0.000677675057641,9.97345746471e-06,17155.6745346,0.33883752882,0.297729630101,0.297729630101,0.595459260203,4.16333634234e-17,9.71445146547e-17,0.08,50689.3493425
2013-04-01,50638.4148492,-3.11093164762e-05,-0.00100483620272,46.0498077847,3.30777451613,0.000908471076902,6.52558093373e-05,23024.9038924,0.454235538451,0.34722474127,0.34722474127,0.694449482541,2.49800180541e-16,2.35922392733e-16,0.08,50638.4148492
2013-04-02,50447.4079607,-0.00299953738598,-0.00377197606095,38.1516229187,0.963447150377,0.000753412661756,1.90260132203e-05,19075.8114593,0.376706330878,0.271168674847,0.271168674847,0.542337349694,6.59194920871e-16,5.6898930012e-16,0.08,50447.4079607
2013-04-03,50365.3512099,-0.00115828629843,-0.00162658011802,22.8746336492,0.749575713214,0.000453435262066,1.48585575259e-05,11437.3168246,0.226717631033,0.266002860078,0.266002860078,0.532005720156,2.63677968348e-16,2.49800180541e-16,0.08,50365.3512099
2013-04-04,50365.7247315,0.000476373086663,7.41624265332e-06,22.8850760154,0.734100135378,0.000454381344827,1.45754991824e-05,11442.5380077,0.227190672413,0.224617036793,0.224617036793,0.449234073585,2.22044604925e-16,2.49800180541e-16,0.08,50365.7247315
2013-04-05,50308.0986117,-0.000494912880918,-0.00114415349236,32.079583518,0.619890402472,0.000636932828606,1.2307782838e-05,16039.791759,0.318466414303,0.252041706255,0.252041706255,0.50408341251,6.66133814775e-16,6.93889390391e-16,0.08,50308.0986117
2013-04-08,50327.3506344,0.000944882774327,0.000382682376309,26.1988924034,2.08434065959,0.000520768884661,4.1431513357e-05,13099.4462017,0.26038444233,0.253703402254,0.253703402254,0.507406804508,1.11022302463e-16,1.2490009027e-16,0.08,50327.3506344
2013-04-09,50273.2649926,-0.000436070744893,-0.00107467691375,31.4397280797,0.699628497665,0.000624704612569,1.39015562879e-05,15719.8640399,0.312352306285,0.227774210919,0.227774210919,0.455548421838,1.38777878078e-16,1.38777878078e-16,0.08,50273.2649926
2013-04-10,50189.1378354,-0.000935912202194,-0.0016733975234,36.4483454874,0.627449493917,0.000725004542529,1.24807786805e-05,18224.1727437,0.362502271265,0.247663519883,0.247663519883,0.495327039765,1.38777878078e-17,-1.73472347598e-17,0.08,50189.1378354
2013-04-11,50308.5201665,0.00289173628482,0.00237864877146,25.0703230238,0.681096906093,0.000499516909535,1.35706038292e-05,12535.1615119,0.249758454768,0.211501678511,0.211501678511,0.423003357021,-6.93889390391e-17,-1.11022302463e-16,0.08,50308.5201665
2013-04-12,50250.0426405,-0.000410218026537,-0.00116237817743,37.2570319851,0.583032134717,0.000740571017827,1.15891330691e-05,18628.5159925,0.370285508914,0.266674321987,0.266674321987,0.533348643974,-1.45716771982e-16,-1.52655665886e-16,0.08,50250.0426405
2013-04-15,50172.2965282,-0.000950432685252,-0.00154718500063,27.7840244633,2.2028048303,0.000552915440532,4.38368748472e-05,13892.0122317,0.276457720266,0.29167513567,0.29167513567,0.583350271339,0,-1.38777878078e-17,0.08,50172.2965282
2013-04-16,50155.2144577,0.000476723243611,-0.000340468181255,40.1985068505,0.801863638177,0.000801209225651,1.59821992148e-05,20099.2534253,0.400604612825,0.273345737494,0.273345737494,0.546691474988,8.32667268469e-17,1.11022302463e-16,0.08,50155.2144577
2013-04-17,50084.0347418,-0.000705906726088,-0.00141918874587,35.0235954607,0.751217210143,0.000698304171149,1.49778486298e-05,17511.7977303,0.349152085575,0.237591631103,0.237591631103,0.475183262206,2.77555756156e-17,6.24500451352e-17,0.08,50084.0347418
2013-04-18,50238.6830114,0.00374833189763,0.00308777578341,32.4312853733,0.652030000357,0.00064753739471,1.30187195125e-05,16215.6426866,0.323768697355,0.336947933258,0.336947933258,0.673895866516,-5.55111512313e-17,0,0.08,50238.6830114
2013-04-19,50226.1910846,0.00058897913974,-0.000248651557222,41.153911262,0.927551803304,0.000819167796509,1.84629004525e-05,20576.955631,0.409583898255,0.315243013152,0.315243013152,0.630486026304,3.46944695195e-16,3.74700270811e-16,0.08,50226.1910846
2013-04-22,50136.1057339,-0.000995692697249,-0.00179359311926,37.472739202,2.60275986027,0.000746079652723,5.18207692852e-05,18736.369601,0.373039826362,0.409514491195,0.409514491195,0.819028982389,5.27355936697e-16,6.24500451352e-16,0.08,50136.1057339
2013-04-23,50229.9378885,0.00276841805756,0.0018715485222,43.840534247,1.12501160713,0.000874430385154,2.24391502024e-05,21920.2671235,0.437215192577,0.335263707375,0.335263707375,0.67052741475,1.11022302463e-16,1.45716771982e-16,0.08,50229.9378885
2013-04-24,50153.4089263,-0.000609585825345,-0.00152357270297,44.9867492886,0.922754805355,0.000895616263522,1.83706141028e-05,22493.3746443,0.447808131761,0.254296176518,0.254296176518,0.508592353037,6.93889390391e-17,4.85722573274e-17,0.08,50153.4089263
2013-04-25,50180.8237705,0.00112149747741,0.000546619758311,28.1332378695,0.69883945914,0.00056094368203,1.39340370695e-05,14066.6189347,0.280471841015,0.31530259478,0.31530259478,0.63060518956,-2.08166817117e-16,-2.49800180541e-16,0.08,50180.8237705
2013-04-26,50146.9259281,0.000265979747431,-0.000675513869536,46.3779584827,0.866966791399,0.000924216762458,1.72768545085e-05,23188.9792413,0.462108381229,0.333040695502,0.333040695502,0.666081391004,-2.32452945781e-16,-2.49800180541e-16,0.08,50146.9259281
2013-04-29,50202.148658,0.00204667306504,0.0011012186464,44.6662682472,2.74536445288,0.000890708002944,5.4746415699e-05,22333.1341236,0.445354001472,0.294187321807,0.294187321807,0.588374643613,-2.49800180541e-16,-2.08166817117e-16,0.08,50202.148658
2013-04-30,49984.1718618,-0.00366428297381,-0.00434198140852,33.2126662953,0.809251269185,0.000661578581458,1.61198532497e-05,16606.3331476,0.330789290729,0.274369281674,0.274369281674,0.548738563348,-1.17961196366e-16,-1.11022302463e-16,0.08,49984.1718618
2013-05-01,50029.025209,0.00153742719345,0.000897351010954,31.2422192078,0.751458702948,0.000625042249257,1.50339332424e-05,15621.1096039,0.312521124629,0.257189075885,0.257189075885,0.51437815177,1.38777878078e-17,1.04083408559e-17,0.08,50029.025209
2013-05-02,49959.5676309,-0.000618439477399,-0.00138834562141,37.8126172428,0.705036644434,0.000755813591906,1.40925521033e-05,18906.3086214,0.377906795953,0.286796833036,0.286796833036,0.573593666071,2.77555756156e-17,5.94142790522e-17,0.08,49959.5676309
2013-05-03,49824.4390932,-0.00191587798324,-0.00270475794906,38.6269926474,0.785109357609,0.000773165070858,1.57148949609e-05,19313.4963237,0.386582535429,0.285694442365,0.285694442365,0.57138888473,1.11022302463e-16,2.01227923213e-16,0.08,49824.4390932
2013-05-06,49808.3933944,0.00035227227397,-0.000322044745669,31.257538725,2.33992854952,0.000627353549661,4.69634699778e-05,15628.7693625,0.313676774831,0.359963828679,0.359963828679,0.719927657357,0,6.59194920871e-17,0.08,49808.3933944
2013-05-07,49923.7489553,0.00312168609834,0.00231598638346,39.1481853435,0.982423012963,0.000785975669473,1.9724045407e-05,19574.0926718,0.392987834737,0.284154596953,0.284154596953,0.568309193906,-2.22044604925e-16,-1.49186218934e-16,0.08,49923.7489553
2013-05-08,49876.6432311,-0.000194014422169,-0.000943553423042,36.6424784042,0.777318507549,0.000733968885971,1.55701149015e-05,18321.2392021,0.366984442986,0.260846822679,0.260846822679,0.521693645358,-1.52655665886e-16,-1.8561541193e-16,0.08,49876.6432311
2013-05-09,49820.2830508,-0.000336243593953,-0.00112999144617,38.8765927467,0.712885693848,0.000779454875633,1.42929765852e-05,19438.2963733,0.389727437817,0.192380339507,0.192380339507,0.384760679014,0,2.08166817117e-17,0.08,49820.2830508
2013-05-10,49859.0957587,0.00128842299737,0.000779054343147,24.8517155734,0.525174957131,0.000498827265755,1.05413884661e-05,12425.8577867,0.249413632877,0.222370959161,0.222370959161,0.444741918323,-4.51028103754e-16,-4.16333634234e-16,0.08,49859.0957587
2013-05-13,49890.1550136,0.0017781820488,0.00062294059679,55.7767382985,1.82255588166,0.00111868732174,3.65541302731e-05,27888.3691493,0.559343660868,0.313411496912,0.313411496912,0.626822993824,-1.80411241502e-16,-1.7694179455e-16,0.08,49890.1550136
2013-05-14,49844.5452125,0.000326173714654,-0.000914204436735,61.0258830064,0.856775241862,0.00122320491868,1.71732327075e-05,30512.9415032,0.611602459341,0.39134193337,0.39134193337,0.782683866739,-5.55111512313e-17,-1.31838984174e-16,0.08,49844.5452125
2013-05-15,49630.6698355,-0.00270096599992,-0.0042908481983,78.1781189172,1.06883620227,0.00156843880477,2.14433936093e-05,39089.0594586,0.784219402383,0.467285603884,0.467285603884,0.934571207767,2.77555756156e-17,-5.55111512313e-17,0.08,49630.6698355
2013-05-16,49723.7909564,0.00299632836711,0.00187628176584,54.3178851212,1.27077794659,0.00109444191064,2.56046906238e-05,27158.9425606,0.547220955321,0.434014018914,0.434014018914,0.868028037827,2.49800180541e-16,1.11022302463e-16,0.08,49723.7909564
2013-05-17,49570.3784246,-0.0022873944898,-0.00308529435883,38.4920954784,1.18251081362,0.000774118278957,2.37815900775e-05,19246.0477392,0.387059139479,0.369919023639,0.369919023639,0.739838047278,8.32667268469e-17,1.56125112838e-17,0.08,49570.3784246
2013-05-20,49681.5196035,0.00300484504254,0.00224208857038,34.7958213291,3.01430564191,0.000701947865538,6.08086066256e-05,17397.9106645,0.350973932769,0.309413715359,0.309413715359,0.618827430719,-2.77555756156e-17,-4.16333634234e-17,0.08,49681.5196035
2013-05-21,49566.6541226,-0.0016071495286,-0.00231203638442,34.1775409093,0.84230923645,0.000687932679638,1.69541761841e-05,17088.7704547,0.343966339819,0.399745853806,0.399745853806,0.799491707612,0,-6.93889390391e-17,0.08,49566.6541226
2013-05-22,49590.1362229,0.00133443954384,0.000473747940517,41.5759008453,1.08570216288,0.000838787720924,2.19038824003e-05,20787.9504226,0.419393860462,0.319746265253,0.319746265253,0.639492530506,2.77555756156e-17,-2.77555756156e-17,0.08,49590.1362229
2013-05-23,49515.6289569,-0.000787131441183,-0.00150246140889,34.6044743317,0.868836210994,0.000697809624402,1.75203433015e-05,17302.2371659,0.348904812201,0.267759679637,0.267759679637,0.535519359274,-1.21430643318e-16,-1.11022302463e-16,0.08,49515.6289569
2013-05-24,49500.5898291,0.000143633730582,-0.000303724867928,21.4247607884,0.726481586111,0.000432686835242,1.46717632678e-05,10712.3803942,0.216343417621,0.307200086208,0.307200086208,0.614400172416,-5.55111512313e-17,-9.71445146547e-17,0.08,49500.5898291
2013-05-28,49406.7423461,-0.00110070232699,-0.00189588615646,36.0291183428,3.33295023843,0.000727852303725,6.73315257442e-05,18014.5591714,0.363926151862,0.36164354151,0.36164354151,0.723287083021,2.08166817117e-17,-1.38777878078e-17,0.08,49406.7423461
2013-05-29,49311.8943821,-0.00119099153958,-0.00191973725635,35.025903685,0.979048179536,0.00070892963231,1.98160844663e-05,17512.9518425,0.354464816155,0.286955525546,0.286955525546,0.573911051091,0,6.93889390391e-18,0.08,49311.8943821
2013-05-30,49217.0324926,-0.00127841646168,-0.00192371213194,31.0453919056,0.775360031127,0.000629572079813,1.57235904409e-05,15522.6959528,0.314786039906,0.238954902176,0.238954902176,0.477909804352,-3.05311331772e-16,-2.63677968348e-16,0.08,49217.0324926
2013-05-31,49152.5251418,-0.000431760320203,-0.00131067127611,42.6129698318,0.644419242995,0.000865817536607,1.30934192973e-05,21306.4849159,0.432908768303,0.367724947727,0.367724947727,0.735449895455,-1.87350135405e-16,-1.80411241502e-16,0.08,49152.5251418
2013-06-03,49142.1413759,0.000711950231445,-0.000211256000658,42.4067488103,2.97116872413,0.000862758295489,6.04479366127e-05,21203.3744052,0.431379147745,0.447336375775,0.447336375775,0.89467275155,-9.71445146547e-17,-5.55111512313e-17,0.08,49142.1413759
2013-06-04,49157.3251878,0.00104120897999,0.000308977417109,34.7788753435,1.2045516395,0.000707719980647,2.45115822342e-05,17389.4376718,0.353859990324,0.428735491161,0.428735491161,0.857470982323,-8.32667268469e-17,-3.46944695195e-17,0.08,49157.3251878
2013-06-05,49249.0118455,0.00277065720176,0.00186516775,43.3566180666,1.15482136759,0.000881997096077,2.34923556801e-05,21678.3090333,0.440998548038,0.327141202764,0.327141202764,0.654282405527,-5.55111512313e-17,-3.46944695195e-17,0.08,49249.0118455
2013-06-06,49348.6516215,0.0028058355537,0.00202318325448,37.6620369595,0.882815395619,0.000764726753862,1.79255453569e-05,18831.0184797,0.382363376931,0.316092003766,0.316092003766,0.632184007533,1.80411241502e-16,1.94289029309e-16,0.08,49348.6516215
2013-06-07,49306.3118071,0.000200601797009,-0.00085797307637,51.3845185773,0.854724064341,0.00104125476358,1.73201097954e-05,25692.2592887,0.520627381792,0.23832207544,0.23832207544,0.476644150881,6.24500451352e-17,5.03069808033e-17,0.08,49306.3118071
2013-06-10,49282.6285019,0.000544606861012,-0.000480330089854,48.6042253923,1.93163548967,0.000985760719287,3.91762315792e-05,24302.1126962,0.492880359643,0.358448866318,0.358448866318,0.716897732635,-4.16333634234e-17,-7.97972798949e-17,0.08,49282.6285019
2013-06-11,49323.3573601,0.00161284448284,0.000826434373928,37.7883954771,0.967961770721,0.000766769075145,1.96410337708e-05,18894.1977385,0.383384537572,0.254918895421,0.254918895421,0.509837790842,0,0,0.08,49323.3573601
2013-06-12,49280.7108742,-0.000117302176306,-0.000864630638833,36.1717923417,0.688956480915,0.000733360303874,1.39681586532e-05,18085.8961709,0.366680151937,0.316128355747,0.316128355747,0.632256711493,2.77555756156e-17,-1.38777878078e-17,0.08,49280.7108742
2013-06-13,49213.268082,-0.000580016568649,-0.00136854341166,38.0055178821,0.853645484859,0.000771204741326,1.73221016847e-05,19002.758941,0.385602370663,0.379422903874,0.379422903874,0.758845807748,-2.77555756156e-16,-3.05311331772e-16,0.08,49213.268082
2013-06-14,49132.1168482,-0.000715400799256,-0.00164897063116,44.920863995,1.02315841561,0.000912779535799,2.07902961027e-05,22460.4319975,0.456389767899,0.268714851122,0.268714851122,0.537429702244,-1.11022302463e-16,-7.6327832943e-17,0.08,49132.1168482
2013-06-17,49114.6606789,0.00066808179004,-0.000355290398306,48.110163121,2.17027881603,0.000979199884052,4.4172304294e-05,24055.0815605,0.489599942026,0.323723654922,0.323723654922,0.647447309843,-5.55111512313e-17,-5.55111512313e-17,0.08,49114.6606789
2013-06-18,49023.1675975,-0.000773204799741,-0.00186284665481,52.6461802489,0.87120972412,0.0010719035726,1.77382824615e-05,26323.0901244,0.535951786302,0.347485868859,0.347485868859,0.694971737718,6.93889390391e-18,-1.38777878078e-17,0.08,49023.1675975
2013-06-19,48968.5986113,-0.000100883420949,-0.00111312648498,48.6899445014,0.933416875991,0.000993202742449,1.90403215813e-05,24344.9722507,0.496601371225,0.366172235496,0.366172235496,0.732344470991,-1.66533453694e-16,-2.08166817117e-16,0.08,48968.5986113
2013-06-20,48864.9673839,-0.0013214661762,-0.00211627921437,37.9383633098,0.982517327265,0.000774748806086,2.0064232082e-05,18969.1816549,0.387374403043,0.384460954922,0.384460954922,0.768921909844,-4.7878367937e-16,-4.83987849798e-16,0.08,48864.9673839
2013-06-21,48716.8050767,-0.0018354400181,-0.00303207625206,57.4441838566,1.02940668617,0.00117556988027,2.10663536944e-05,28722.0919283,0.587784940133,0.239771205473,0.239771205473,0.479542410946,5.20417042793e-18,2.42861286637e-17,0.08,48716.8050767
2013-06-24,48725.4776515,0.00107036729039,0.00017802018675,41.5521540872,1.92014582138,0.000852932658899,3.94144447353e-05,20776.0770436,0.42646632945,0.255388657183,0.255388657183,0.510777314366,1.38777878078e-16,1.11022302463e-16,0.08,48725.4776515
2013-06-25,48611.9770415,-0.00144996481394,-0.00232938937465,42.1685223646,0.681859414138,0.00086543066168,1.39938990237e-05,21084.2611823,0.43271533084,0.311685159661,0.311685159661,0.623370319322,8.39606162373e-16,6.97358837343e-16,0.08,48611.9770415
2013-06-26,48452.9181322,-0.0025825203821,-0.00327201070648,32.6872614181,0.830226401404,0.000672411685502,1.70786388855e-05,16343.630709,0.336205842751,0.232967240368,0.232967240368,0.465934480736,5.55111512313e-17,3.46944695195e-17,0.08,48452.9181322
2013-06-27,48419.7516079,-0.00014064744236,-0.000684510357736,25.7332279097,0.618517404111,0.000531097587137,1.27653282393e-05,12866.6139549,0.265548793568,0.302742954997,0.302742954997,0.605485909995,1.11022302463e-16,1.04083408559e-16,0.08,48419.7516079
2013-06-28,48432.1726104,0.000855900864495,0.00025652759783,28.2182861344,0.803218557918,0.000582784611597,1.65886550683e-05,14109.1430672,0.291392305798,0.296327189343,0.296327189343,0.592654378686,4.16333634234e-16,3.0184188482e-16,0.08,48432.1726104
2013-07-01,48341.0518545,-0.000780152951653,-0.00188140963078,50.9770585718,2.35919500002,0.00105254536033,4.87113187961e-05,25488.5292859,0.526272680165,0.390479270334,0.390479270334,0.780958540667,1.73472347598e-16,6.59194920871e-17,0.08,48341.0518545
2013-07-02,48292.8884834,0.000532849616355,-0.000996324433093,72.8875708597,1.03431115919,0.00150777792505,2.13961244018e-05,36443.7854298,0.753888962523,0.441460101792,0.441460101792,0.882920203584,2.77555756156e-17,2.77555756156e-17,0.08,48292.8884834
2013-07-03,48321.8493409,0.00141664141596,0.000599691972575,38.2846629707,1.16818539538,0.000792759848769,2.41895946187e-05,19142.3314854,0.396379924385,0.382198555497,0.382198555497,0.764397110994,-1.38777878078e-16,-1.38777878078e-16,0.08,48321.8493409
2013-07-05,48358.9185673,0.00167727131774,0.000767131781327,41.9556758573,2.0239497005,0.000868254763209,4.18847732051e-05,20977.8379287,0.434127381604,0.438841775057,0.438841775057,0.877683550113,-2.77555756156e-17,0,0.08,48358.9185673
2013-07-08,48312.6710317,6.41853096932e-05,-0.000956339325369,45.8629339699,3.48853375297,0.00094838626108,7.21383739819e-05,22931.466985,0.47419313054,0.425882593619,0.425882593619,0.851765187237,-5.55111512313e-17,0,0.08,48312.6710317
2013-07-09,48251.9149574,-0.000115993145362,-0.00125755982997,54.0247096317,1.12742606267,0.00111823065208,2.3336032527e-05,27012.3548159,0.559115326042,0.417654258152,0.417654258152,0.835308516303,-6.93889390391e-17,8.32667268469e-17,0.08,48251.9149574
2013-07-10,48236.7324588,0.000953966886386,-0.00031465069426,60.1089745875,1.10425302717,0.00124573241581,2.28851648302e-05,30054.4872938,0.622866207907,0.387317253846,0.387317253846,0.774634507693,-1.94289029309e-16,-2.08166817117e-16,0.08,48236.7324588
2013-07-11,48273.578537,0.00184863286112,0.000763859331371,51.3022089573,1.02372157537,0.00106355066652,2.12228632245e-05,25651.1044787,0.53177533326,0.4030445973,0.4030445973,0.806089194601,-2.77555756156e-16,-3.05311331772e-16,0.08,48273.578537
2013-07-12,48272.5184598,0.00113758079548,-2.19597823103e-05,54.9090687643,1.06610438475,0.00113745594233,2.20846354685e-05,27454.5343822,0.568727971163,0.403688838643,0.403688838643,0.807377677286,-8.32667268469e-17,-1.11022302463e-16,0.08,48272.5184598
2013-07-15,48289.8029822,0.00144292614888,0.00035806133483,49.1658016531,3.20335510938,0.00101850500496,6.6359809092e-05,24582.9008265,0.509252502478,0.376744694794,0.376744694794,0.753489389588,3.46944695195e-17,0,0.08,48289.8029822
2013-07-16,48212.0718035,-0.000770922978558,-0.00160968100568,39.5065871624,0.99687271705,0.000818114482203,2.06435449202e-05,19753.2935812,0.409057241101,0.331029637402,0.331029637402,0.662059274804,-2.53269627493e-16,-1.94289029309e-16,0.08,48212.0718035
2013-07-17,48127.0959978,-0.000674387045741,-0.00176254208834,51.5877090664,0.874499980686,0.00107001643233,1.81386102686e-05,25793.8545332,0.535008216164,0.309943276117,0.309943276117,0.619886552234,0,1.38777878078e-17,0.08,48127.0959978
2013-07-18,48260.4497866,0.00363175149439,0.00277086713863,40.6145122626,0.817351770057,0.000843901162549,1.69831932119e-05,20307.2561313,0.421950581274,0.251214103247,0.251214103247,0.502428206494,-1.2490009027e-16,-1.11022302463e-16,0.08,48260.4497866
2013-07-19,48310.5679212,0.00202818595217,0.00103849290384,47.0987190267,0.664312636463,0.000975927891989,1.37651563423e-05,23549.3595133,0.487963945994,0.306433896772,0.306433896772,0.612867793544,-4.30211422042e-16,-3.46944695195e-16,0.08,48310.5679212
2013-07-22,48261.5393366,2.20468974136e-06,-0.00101486251795,46.7015608969,2.43353352056,0.000966694512327,5.03726953598e-05,23350.7804484,0.483347256164,0.318894086924,0.318894086924,0.637788173849,-1.80411241502e-16,-1.4224732503e-16,0.08,48261.5393366
2013-07-23,48105.9031906,-0.00267045131746,-0.00322484836145,25.9127495673,0.843305179195,0.000536923395389,1.74736485986e-05,12956.3747837,0.268461697695,0.348726036214,0.348726036214,0.697452072429,-3.78169717763e-16,-3.22658566532e-16,0.08,48105.9031906
2013-07-24,48204.7299934,0.00257010749887,0.00205435915887,23.8913188413,0.919220873324,0.000496640064041,1.9108275957e-05,11945.6594207,0.248320032021,0.304268555912,0.304268555912,0.608537111823,-1.70002900646e-16,-1.66533453694e-16,0.08,48204.7299934
2013-07-25,48221.9779284,0.00104933200686,0.000357805863413,32.5311497358,0.80368129223,0.000674853893804,1.6672249639e-05,16265.5748679,0.337426946902,0.296025695479,0.296025695479,0.592051390958,-1.80411241502e-16,-1.66533453694e-16,0.08,48221.9779284
2013-07-26,48550.9470993,0.00772137103024,0.00682197589173,42.5884237754,0.782188742665,0.000883174552455,1.62205860536e-05,21294.2118877,0.441587276228,0.312079800054,0.312079800054,0.624159600108,-4.85722573274e-16,-4.23272528138e-16,0.08,48550.9470993
2013-07-29,48440.1452571,-0.00106598938294,-0.00228217673988,56.5563461344,2.49070189532,0.00116488656789,5.13007890499e-05,28278.1730672,0.582443283946,0.263596093149,0.263596093149,0.527192186298,0,2.77555756156e-17,0.08,48440.1452571
2013-07-30,48437.3736854,0.000445486459573,-5.72164198672e-05,23.6513493757,0.699651125553,0.000488259257897,1.44436215424e-05,11825.6746878,0.244129628949,0.289930191757,0.289930191757,0.579860383515,3.74700270811e-16,3.81639164715e-16,0.08,48437.3736854
2013-07-31,48433.2014676,0.000515362164454,-8.61363349072e-05,28.3655030894,0.769504495389,0.000585611913511,1.58865858497e-05,14182.7515447,0.292805956756,0.278384401695,0.278384401695,0.556768803391,3.46944695195e-17,3.46944695195e-17,0.08,48433.2014676
2013-08-01,48357.4195968,-0.000934807294792,-0.00156466780103,29.7673636548,0.738797140424,0.000614606566422,1.52539398189e-05,14883.6818274,0.307303283211,0.249844759591,0.249844759591,0.499689519181,5.55111512313e-17,9.71445146547e-17,0.08,48357.4195968
2013-08-02,48234.996103,-0.00175627129581,-0.00253163826413,36.8327267671,0.662019061566,0.00076167684451,1.36901238132e-05,18416.3633836,0.380838422255,0.229288537485,0.229288537485,0.45857707497,-5.55111512313e-17,-2.08166817117e-17,0.08,48234.996103
2013-08-05,48174.2624206,-0.000745280984652,-0.00125912070622,22.9670188776,1.81803808965,0.000476148455129,3.76912664359e-05,11483.5094388,0.238074227565,0.216321986938,0.216321986938,0.432643973876,6.93889390391e-18,1.21430643318e-17,0.08,48174.2624206
2013-08-06,48173.0322359,0.000276584945751,-2.55361387279e-05,13.98343837,0.571022036499,0.00029026782492,1.18532595583e-05,6991.71918498,0.14513391246,0.203458549816,0.203458549816,0.406917099631,-3.46944695195e-17,6.93889390391e-18,0.08,48173.0322359
2013-08-07,48193.4795844,0.00081900808993,0.000424456329687,18.469701773,0.537052891997,0.000383403346555,1.11484136885e-05,9234.85088649,0.191701673278,0.228340574326,0.228340574326,0.456681148651,-4.85722573274e-17,-3.98986399475e-17,0.08,48193.4795844
2013-08-08,48176.3265748,-7.46879400944e-06,-0.000355919716024,16.1900746261,0.602987770249,0.000335939109723,1.25118122918e-05,8095.03731303,0.167969554862,0.216963435052,0.216963435052,0.433926870104,3.46944695195e-17,4.51028103754e-17,0.08,48176.3265748
2013-08-09,48160.851233,0.000544743228001,-0.000321222952397,41.1463297123,0.572739797363,0.000854077772998,1.18884074001e-05,20573.1648561,0.427038886499,0.295932738696,0.295932738696,0.591865477392,1.04083408559e-16,1.2490009027e-16,0.08,48160.851233
2013-08-12,48046.3493896,-0.00117344402871,-0.00237748794738,55.6449242747,2.34285577041,0.00115539744108,4.86464775939e-05,27822.4621373,0.577698720539,0.393610385114,0.393610385114,0.787220770227,-5.55111512313e-17,0,0.08,48046.3493896
2013-08-13,48035.7093638,0.000615641734685,-0.000221453366869,39.1831148401,1.03624888146,0.000815527409218,2.1567692335e-05,19591.5574201,0.407763704609,0.307577371469,0.307577371469,0.615154742938,6.73072708679e-16,6.24500451352e-16,0.08,48035.7093638
2013-08-14,47865.9417797,-0.00252330918631,-0.00353419542205,47.7490649692,0.809572450563,0.000994032681137,1.6853554601e-05,23874.5324846,0.497016340568,0.292198452281,0.292198452281,0.584396904563,-2.77555756156e-17,2.77555756156e-17,0.08,47865.9417797
2013-08-15,47786.9881485,-0.000992611450761,-0.00164947409873,30.6749736974,0.766375567398,0.000640851773868,1.60108740976e-05,15337.4868487,0.320425886934,0.272031773919,0.272031773919,0.544063547838,-8.32667268469e-17,2.08166817117e-17,0.08,47786.9881485
2013-08-16,47745.0843278,-0.000104532171153,-0.000876887669866,36.1962373562,0.712305707193,0.000757449648087,1.49058506257e-05,18098.1186781,0.378724824044,0.308587472464,0.308587472464,0.617174944927,-2.08166817117e-17,2.08166817117e-17,0.08,47745.0843278
2013-08-19,47708.7268039,-0.000181885497506,-0.000761492505028,25.2514345094,2.42195094169,0.000528880299719,5.07267078023e-05,12625.7172547,0.26444014986,0.186299403449,0.186299403449,0.372598806898,-3.46944695195e-17,4.42354486374e-17,0.08,47708.7268039
2013-08-20,47703.1084533,0.00039781554723,-0.000117763584124,24.1106043431,0.487019580432,0.000505370944863,1.02081864904e-05,12055.3021716,0.252685472431,0.235644235087,0.235644235087,0.471288470175,-4.51028103754e-17,1.38777878078e-17,0.08,47703.1084533
2013-08-21,47643.0224346,-0.000115379721392,-0.00125958287943,53.9661041898,0.615943150836,0.00113129114516,1.29120128815e-05,26983.0520949,0.56564557258,0.42640283352,0.42640283352,0.852805667039,-1.38777878078e-17,6.24500451352e-17,0.08,47643.0224346
2013-08-22,47491.8174764,-0.00204645995737,-0.00317370625116,52.5922632174,1.11315724732,0.00110388175497,2.3364538823e-05,26296.1316087,0.551940877487,0.364557681788,0.364557681788,0.729115363576,4.85722573274e-17,8.32667268469e-17,0.08,47491.8174764
2013-08-23,47389.8874221,-0.00136172120765,-0.00214626560346,36.3107539395,0.948685308663,0.000764568632429,1.99757633856e-05,18155.3769698,0.382284316214,0.264063785008,0.264063785008,0.528127570016,-1.66533453694e-16,-8.32667268469e-17,0.08,47389.8874221
2013-08-26,47343.3158534,-0.0003818506176,-0.000982732208103,26.4186227564,2.05708817158,0.000557473845022,4.34077454808e-05,13209.3113782,0.278736922511,0.220270830457,0.220270830457,0.440541660914,3.46944695195e-18,1.38777878078e-17,0.08,47343.3158534
2013-08-27,47327.4284195,0.000286262834304,-0.000335579240041,28.8686492161,0.571416520527,0.000609772439799,1.20696345456e-05,14434.3246081,0.304886219899,0.238495635264,0.238495635264,0.476991270528,-2.01227923213e-16,-1.66533453694e-16,0.08,47327.4284195
2013-08-28,47317.2595037,0.000268029659072,-0.00021486305309,22.235583414,0.61848685514,0.000469824458175,1.30682539871e-05,11117.791707,0.234912229087,0.238094334191,0.238094334191,0.476188668382,9.71445146547e-17,6.93889390391e-17,0.08,47317.2595037
2013-08-29,47306.1071202,0.000563201152119,-0.000235693775684,37.1842051138,0.61731350122,0.000785848662916,1.30462648872e-05,18592.1025569,0.392924331458,0.285277037412,0.285277037412,0.570554074824,1.38777878078e-16,8.32667268469e-17,0.08,47306.1071202
2013-08-30,47286.5373446,3.29250276211e-05,-0.000413683913499,20.3878593908,0.73947101867,0.000430977322632,1.56316184883e-05,10193.9296954,0.215488661316,0.238408570502,0.238408570502,0.476817141005,3.46944695195e-16,2.77555756156e-16,0.08,47286.5373446
2013-09-03,47333.1142174,0.00159794744442,0.000984992248154,26.5136212124,2.47090756654,0.000560701263008,5.22539332608e-05,13256.8106062,0.280350631504,0.298257378422,0.298257378422,0.596514756844,1.66533453694e-16,8.32667268469e-17,0.08,47333.1142174
2013-09-04,47293.8273659,-9.91302883954e-05,-0.000830007746407,33.8211472642,0.773558934741,0.000714534587961,1.63428700505e-05,16910.5736321,0.357267293981,0.268846550754,0.268846550754,0.537693101507,0,-1.38777878078e-17,0.08,47293.8273659
2013-09-05,47156.3084679,-0.00173326555168,-0.00290775574086,54.8494358472,0.696700403247,0.00115975887134,1.47313178495e-05,27424.7179236,0.57987943567,0.26656931346,0.26656931346,0.533138626919,-2.35922392733e-16,-1.66533453694e-16,0.08,47156.3084679
2013-09-06,47020.2929332,-0.0015891883479,-0.00288435501145,60.3864883051,0.688790398552,0.00128056012583,1.46065377238e-05,30193.2441525,0.640280062913,0.198522649391,0.198522649391,0.397045298783,-1.5959455979e-16,-1.40512601554e-16,0.08,47020.2929332
2013-09-09,47001.5313778,0.000449454908323,-0.000399009751347,38.3606031763,1.53445366492,0.000815830799496,3.26338601739e-05,19180.3015881,0.407915399748,0.337447391825,0.337447391825,0.674894783651,-3.33066907388e-16,-2.22044604925e-16,0.08,47001.5313778
2013-09-10,47054.0077847,0.00164215891188,0.00111648291615,23.8385058942,0.869070913712,0.000507185727685,1.84902680452e-05,11919.2529471,0.253592863843,0.34781243586,0.34781243586,0.69562487172,-5.55111512313e-16,-5.13478148889e-16,0.08,47054.0077847
2013-09-11,47065.4435315,0.000993821322819,0.000243034490548,34.4307640221,0.896765428195,0.000731728616607,1.90582156636e-05,17215.382011,0.365864308304,0.248366066354,0.248366066354,0.496732132708,-3.46944695195e-17,-7.6327832943e-17,0.08,47065.4435315
2013-09-12,47093.3583457,0.00132444599273,0.000593106366659,33.7803055677,0.640518305267,0.000717730526541,1.36090995263e-05,16890.1527839,0.35886526327,0.181774031906,0.181774031906,0.363548063811,-1.38777878078e-17,-2.08166817117e-17,0.08,47093.3583457
2013-09-13,47048.0725642,7.80695611201e-05,-0.000961617159345,48.4932790408,0.469060253286,0.00102972649954,9.96022092633e-06,24246.6395204,0.514863249769,0.362858072156,0.362858072156,0.725716144312,-2.77555756156e-17,-8.32667268469e-17,0.08,47048.0725642
2013-09-16,46944.0396034,-0.0014315806484,-0.00221120558395,33.8735317062,2.8063188344,0.000719977033279,5.96479022722e-05,16936.7658531,0.359988516639,0.333738147672,0.333738147672,0.667476295343,-1.66533453694e-16,-1.94289029309e-16,0.08,46944.0396034
2013-09-17,46943.968962,0.000719650667455,-1.50479998706e-06,32.9954841487,0.858466675149,0.000702868445652,1.82870217902e-05,16497.7420743,0.351434222826,0.246647119432,0.246647119432,0.493294238863,-6.93889390391e-18,-2.42861286637e-17,0.08,46943.968962
2013-09-18,46952.2776674,0.000919270442664,0.000176991965969,34.2110542249,0.634443546256,0.000728763566042,1.35149106538e-05,17105.5271125,0.364381783021,0.267906465674,0.267906465674,0.535812931349,-4.85722573274e-17,-5.55111512313e-17,0.08,46952.2776674
2013-09-19,46966.0146835,0.00124753326714,0.000292574008075,44.1482619493,0.6892503433,0.000940279452724,1.46798063383e-05,22074.1309746,0.470139726362,0.28056093853,0.28056093853,0.56112187706,6.59194920871e-17,2.42861286637e-17,0.08,46966.0146835
2013-09-20,46886.7843328,-0.000907995016102,-0.00168697197687,35.8634253414,0.722018036088,0.000763603758656,1.53732021112e-05,17931.7126707,0.381801879328,0.216535410236,0.216535410236,0.433070820472,-2.77555756156e-17,-2.77555756156e-17,0.08,46886.7843328
2013-09-23,46993.0110393,0.003015861647,0.00226560016837,33.5084195258,1.66892861592,0.000714666616672,3.55948619566e-05,16754.2097629,0.357333308336,0.305198163512,0.305198163512,0.610396327025,-1.31838984174e-16,-1.38777878078e-16,0.08,46993.0110393
2013-09-24,47035.7897604,0.00234411001283,0.000910320921518,66.5921936828,0.785872913267,0.00141706590427,1.67231870418e-05,33296.0968414,0.708532952135,0.422746652907,0.422746652907,0.845493305814,8.32667268469e-16,7.21644966006e-16,0.08,47035.7897604
2013-09-25,47117.6175236,0.00275126715084,0.00173969148994,46.4907136644,1.08954644866,0.000988411460745,2.31642001593e-05,23245.3568322,0.494205730372,0.299745376288,0.299745376288,0.599490752576,4.4408920985e-16,4.4408920985e-16,0.08,47117.6175236
2013-09-26,47050.8487346,-0.00026121106833,-0.00141706632218,53.6872669693,0.773878794214,0.00113943084967,1.64244041802e-05,26843.6334847,0.569715424835,0.385330681478,0.385330681478,0.770661362955,3.46944695195e-16,2.77555756156e-16,0.08,47050.8487346
2013-09-27,46923.5127458,-0.00181623064885,-0.0027063483928,40.8873632385,0.993432088055,0.000869003734006,2.1114009944e-05,20443.6816193,0.434501867003,0.335023543055,0.335023543055,0.67004708611,2.8449465006e-16,2.63677968348e-16,0.08,46923.5127458
2013-09-30,46920.547971,0.000736532156653,-6.31831383282e-05,34.9412620985,2.58418873852,0.00074464293174,5.50723632419e-05,17470.6310493,0.37232146587,0.334665576143,0.334665576143,0.669331152285,3.40005801291e-16,3.1918911958e-16,0.08,46920.547971
2013-10-01,46821.8177385,-0.00139827903701,-0.00210420032942,32.2617923728,0.860421491486,0.000687583452622,1.83378397886e-05,16130.8961864,0.343791726311,0.382184894116,0.382184894116,0.764369788231,-2.22044604925e-16,-1.87350135405e-16,0.08,46821.8177385
2013-10-02,46710.2680896,-0.00161292584723,-0.00238242883816,35.0490032318,0.98052555916,0.000748561352905,2.09416380337e-05,17524.5016159,0.374280676452,0.335581421655,0.335581421655,0.671162843309,-1.80411241502e-16,-1.11022302463e-16,0.08,46710.2680896
2013-10-03,46563.2701735,-0.00245969183247,-0.00314701503861,31.246141734,0.858909488843,0.000668935183032,1.83880231044e-05,15623.070867,0.334467591516,0.356534255837,0.356534255837,0.713068511673,-5.55111512313e-17,-1.04083408559e-17,0.08,46563.2701735
2013-10-04,46480.9634788,-0.00140896610346,-0.00176763131919,15.7909595403,0.909665801678,0.000339129092125,1.95361236075e-05,7895.47977016,0.169564546063,0.288745576592,0.288745576592,0.577491153185,0,2.77555756156e-17,0.08,46480.9634788
2013-10-07,46498.7782865,0.000859209979122,0.000383271050985,19.9158797834,2.20622015347,0.000428473901848,4.74650262891e-05,9957.9398917,0.214236950924,0.23924930361,0.23924930361,0.478498607221,-7.6327832943e-17,-9.02056207508e-17,0.08,46498.7782865
2013-10-08,46564.4668668,0.00181466222342,0.00141269475608,18.0814180419,0.609578099933,0.000388857916449,1.31095508828e-05,9040.70902097,0.194428958225,0.267203393942,0.267203393942,0.534406787885,-4.85722573274e-17,-2.08166817117e-17,0.08,46564.4668668
2013-10-09,46562.1842602,0.000651753915435,-4.90203526817e-05,31.9494167048,0.68176348405,0.000686132986257,1.46412818599e-05,15974.7083524,0.343066493128,0.247382760548,0.247382760548,0.494765521096,-2.60208521397e-17,-6.93889390391e-18,0.08,46562.1842602
2013-10-10,46415.3943178,-0.00235889312731,-0.00315255705265,36.3235652924,0.631160639969,0.000780108705584,1.35552197561e-05,18161.7826462,0.390054352792,0.217638348942,0.217638348942,0.435276697883,-3.81639164715e-17,6.93889390391e-18,0.08,46415.3943178
2013-10-11,46393.4584492,0.000345210396681,-0.000472598994165,37.4054237209,0.553521632044,0.000805884001864,1.19253889831e-05,18702.7118605,0.402942000932,0.296632353102,0.296632353102,0.593264706204,-2.35922392733e-16,-2.49800180541e-16,0.08,46393.4584492
2013-10-14,46338.9988054,-0.000345367992471,-0.00117386471268,36.1746143427,2.26221382164,0.000779735237508,4.87614827017e-05,18087.3071713,0.389867618754,0.35206866969,0.35206866969,0.70413733938,2.08166817117e-17,1.38777878078e-17,0.08,46338.9988054
2013-10-15,46249.5110512,-0.00115925863549,-0.00193115424414,34.874923952,0.893945735024,0.000752604174692,1.92914339556e-05,17437.461976,0.376302087346,0.237458128047,0.237458128047,0.474916256094,-2.77555756156e-17,-4.85722573274e-17,0.08,46249.5110512
2013-10-16,46208.2814343,-0.000354481229456,-0.000891460600676,24.2332622776,0.60177108588,0.000523967966943,1.30114042766e-05,12116.6311388,0.261983983471,0.232967309229,0.232967309229,0.465934618458,-2.34187669257e-16,-1.73472347598e-16,0.08,46208.2814343
2013-10-17,46159.2665807,-0.000438919941027,-0.00106073742701,28.143253339,0.589864054238,0.000609052153974,1.27653320126e-05,14071.6266695,0.304526076987,0.273041113371,0.273041113371,0.546082226742,-1.94289029309e-16,-1.80411241502e-16,0.08,46159.2665807
2013-10-18,46068.7215958,-0.00097085413486,-0.00196157763425,45.0404740868,0.690596029566,0.000975762342497,1.4961156897e-05,22520.2370434,0.487881171249,0.285477864207,0.285477864207,0.570955728413,-4.16333634234e-17,-6.93889390391e-18,0.08,46068.7215958
2013-10-21,46040.9954675,9.96497287603e-06,-0.000601842798045,26.0232949786,2.16190689006,0.000564879902832,4.69278680887e-05,13011.6474893,0.282439951416,0.309876815196,0.309876815196,0.619753630392,-2.35922392733e-16,-1.87350135405e-16,0.08,46040.9954675
2013-10-22,46027.0923301,0.000182131041343,-0.00030197299556,21.5068763144,0.781755454461,0.000467124485386,1.69795515176e-05,10753.4381572,0.233562242693,0.260361569147,0.260361569147,0.520723138294,-3.60822483003e-16,-2.77555756156e-16,0.08,46027.0923301
2013-10-23,46043.224213,0.000825207739217,0.000350486682117,21.1933895984,0.6566403278,0.000460454669749,1.42663873505e-05,10596.6947992,0.230227334875,0.285640658857,0.285640658857,0.571281317715,-2.98372437868e-16,-2.22044604925e-16,0.08,46043.224213
2013-10-24,46091.5016652,0.00186619104606,0.0010485245767,36.9273530788,0.720647501376,0.000802014926407,1.56515429511e-05,18463.6765394,0.401007463204,0.349199375007,0.349199375007,0.698398750015,-4.85722573274e-17,-2.08166817117e-17,0.08,46091.5016652
2013-10-25,46024.3420487,-6.7549463674e-05,-0.00145709326249,63.1642357376,0.881924579432,0.00137040958649,1.91342123292e-05,31582.1178688,0.685204793243,0.425064856856,0.425064856856,0.850129713713,-5.55111512313e-17,-4.85722573274e-17,0.08,46024.3420487
2013-10-28,45838.8672168,-0.00300749858882,-0.00402992902497,43.8407981914,3.21588992299,0.000952556761051,6.98736750997e-05,21920.3990957,0.476278380526,0.326915948749,0.326915948749,0.653831897499,2.77555756156e-17,2.08166817117e-17,0.08,45838.8672168
2013-10-29,45704.2244084,-0.00211319960868,-0.00293730662528,36.9550111874,0.821120918672,0.000806193813924,1.79132026712e-05,18477.5055937,0.403096906962,0.30275617372,0.30275617372,0.605512347441,4.02455846427e-16,3.33066907388e-16,0.08,45704.2244084
2013-10-30,45742.4270619,0.0016048902048,0.000835867011423,34.3894038875,0.758204718069,0.000752433814,1.65893793819e-05,17194.7019438,0.376216907,0.363050626832,0.363050626832,0.726101253663,1.38777878078e-16,7.97972798949e-17,0.08,45742.4270619
2013-10-31,45611.8665515,-0.00188846254557,-0.00285425410863,43.2676875649,0.909962565349,0.000945898378028,1.98931850319e-05,21633.8437825,0.472949189014,0.217961127389,0.217961127389,0.435922254777,4.16333634234e-17,2.08166817117e-17,0.08,45611.8665515
2013-11-01,45607.6289392,0.000646599437157,-9.29059180398e-05,33.1854736106,0.544745964705,0.000727562279723,1.19430754733e-05,16592.7368053,0.363781139862,0.288016265033,0.288016265033,0.576032530066,2.49800180541e-16,1.94289029309e-16,0.08,45607.6289392
2013-11-04,45535.250788,-0.000728228838034,-0.00158697465473,37.0060610083,2.15929955245,0.000811400677235,4.73451394575e-05,18503.0305042,0.405700338618,0.260078283891,0.260078283891,0.520156567782,5.55111512313e-17,5.55111512313e-17,0.08,45535.250788
2013-11-05,45488.682092,-0.000360242983194,-0.00102269549774,29.5160246793,0.648916705834,0.000648201649679,1.42508648707e-05,14758.0123397,0.32410082484,0.209074589174,0.209074589174,0.418149178348,1.38777878078e-17,0,0.08,45488.682092
2013-11-06,45469.961004,4.60197548839e-05,-0.000411554855843,20.2933412051,0.521124795642,0.000446118468854,1.14561418726e-05,10146.6706025,0.223059234427,0.203146688924,0.203146688924,0.406293377848,-1.38777878078e-17,-1.90819582357e-17,0.08,45469.961004
2013-11-07,45458.4102256,0.000372577472002,-0.000254030972717,27.9857206134,0.506140932793,0.000615477119299,1.11313254205e-05,13992.8603067,0.307738559649,0.217675310995,0.217675310995,0.435350621989,3.88578058619e-16,2.91433543964e-16,0.08,45458.4102256
2013-11-08,45497.619434,0.00130203022728,0.000862529249428,19.4368144535,0.542201292229,0.00042757356355,1.19274143011e-05,9718.40722673,0.213786781775,0.20277414113,0.20277414113,0.405548282259,2.28983498829e-16,1.04083408559e-16,0.08,45497.619434
2013-11-11,45458.7626504,-0.000229048581606,-0.000854039928733,26.9190583454,1.51656011575,0.000591658611599,3.33327355281e-05,13459.5291727,0.2958293058,0.218477295057,0.218477295057,0.436954590115,2.08166817117e-17,7.8062556419e-18,0.08,45458.7626504
2013-11-12,45438.7719098,0.000395315730216,-0.000439755492784,37.4171013718,0.544203150713,0.000823099864367,1.19713586333e-05,18708.5506859,0.411549932184,0.340569823197,0.340569823197,0.681139646394,2.49800180541e-16,2.01227923213e-16,0.08,45438.7719098
2013-11-13,45487.8293562,0.00206057676175,0.00107963847397,43.7246818273,0.847949288527,0.000962276927601,1.86613601752e-05,21862.3409137,0.481138463801,0.307936804283,0.307936804283,0.615873608566,3.40005801291e-16,2.56739074445e-16,0.08,45487.8293562
2013-11-14,45435.4662066,4.37730733143e-05,-0.00115114636772,53.5867641321,0.767527496203,0.00117804619149,1.68732495497e-05,26793.382066,0.589023095744,0.314412095469,0.314412095469,0.628824190939,-1.38777878078e-17,-1.73472347598e-17,0.08,45435.4662066
2013-11-15,45329.9152262,-0.00164391782557,-0.00232309667343,30.0760426509,0.782764939104,0.000661950787831,1.72280600257e-05,15038.0213255,0.330975393916,0.277175409395,0.277175409395,0.554350818791,-3.05311331772e-16,-2.49800180541e-16,0.08,45329.9152262
2013-11-18,45288.3675642,-0.000115293937231,-0.000916561653342,34.2560270458,2.06537059902,0.000755704635115,4.55630809965e-05,17128.0135229,0.377852317557,0.317427819914,0.317427819914,0.634855639829,6.93889390391e-17,4.85722573274e-17,0.08,45288.3675642
2013-11-19,45176.2977377,-0.00186115905379,-0.00247458304338,26.9932567143,0.787714399089,0.000596030684394,1.73933052008e-05,13496.6283572,0.298015342197,0.297898672338,0.297898672338,0.595797344676,0,2.42861286637e-17,0.08,45176.2977377
2013-11-20,45160.0798928,0.000378427596411,-0.000358990129979,32.5763803471,0.737422417383,0.000721094511467,1.63232149226e-05,16288.1901736,0.360547255734,0.313832321235,0.313832321235,0.627664642469,-1.04083408559e-16,-9.71445146547e-17,0.08,45160.0798928
2013-11-21,45137.037745,0.000123858218953,-0.000510232660369,27.8590088681,0.776585901363,0.000616894587748,1.71962915745e-05,13929.5044341,0.308447293874,0.307580909509,0.307580909509,0.615161819019,-5.55111512313e-17,-5.55111512313e-17,0.08,45137.037745
2013-11-22,45166.8947285,0.00121669344782,0.000661474145587,24.300226321,0.760728280668,0.000538365553766,1.68537484663e-05,12150.1131605,0.269182776883,0.247070379257,0.247070379257,0.494140758514,-1.52655665886e-16,-1.04083408559e-16,0.08,45166.8947285
2013-11-25,44926.5137459,-0.00447708944463,-0.00532206130348,36.3303327821,1.83442221541,0.000804357549938,4.0614308919e-05,18165.1663911,0.402178774969,0.358518160025,0.358518160025,0.717036320049,-3.33066907388e-16,-2.28983498829e-16,0.08,44926.5137459
2013-11-26,44920.9555284,0.000405943072693,-0.000123717978075,22.9132507221,0.882573755863,0.000510016220081,1.96448306863e-05,11456.6253611,0.255008110041,0.336581733441,0.336581733441,0.673163466882,-8.32667268469e-17,-2.77555756156e-17,0.08,44920.9555284
2013-11-27,44876.7616984,-0.000251772021064,-0.000983813222844,32.0555205124,0.828469757786,0.000713598367071,1.84428347091e-05,16027.7602562,0.356799183536,0.322500177079,0.322500177079,0.645000354158,-1.66533453694e-16,-1.04083408559e-16,0.08,44876.7616984
2013-11-29,44850.2671502,-5.06595803711e-05,-0.000590384582737,22.6350540295,1.58605628433,0.000504382517207,3.53424851593e-05,11317.5270148,0.252191258604,0.301833171442,0.301833171442,0.603666342885,-1.38777878078e-16,-1.14491749414e-16,0.08,44850.2671502
2013-12-02,44732.8041535,-0.00187560486911,-0.00261900327882,31.1163079527,2.22530932175,0.000693781997965,4.9616411744e-05,15558.1539764,0.346890998983,0.31785232855,0.31785232855,0.6357046571,-6.93889390391e-18,6.93889390391e-18,0.08,44732.8041535
2013-12-03,44765.5232101,0.00136121216135,0.000731433168234,27.3926885256,0.779091833575,0.000612362427172,1.74165659479e-05,13696.3442628,0.306181213586,0.317428724066,0.317428724066,0.634857448132,1.38777878078e-17,3.12250225676e-17,0.08,44765.5232101
2013-12-04,44665.4337549,-0.0011089588186,-0.00223586027841,49.6677108291,0.778622625465,0.00110950810506,1.73933547433e-05,24833.8554145,0.554754052532,0.353254089349,0.353254089349,0.706508178699,2.77555756156e-17,1.73472347598e-17,0.08,44665.4337549
2013-12-05,44690.0538227,0.00174414605953,0.000551210762232,52.418411009,0.864561486383,0.00117357890884,1.93563884575e-05,26209.2055045,0.58678945442,0.364988407142,0.364988407142,0.729976814284,-5.55111512313e-17,-4.16333634234e-17,0.08,44690.0538227
2013-12-06,44625.2510157,-0.000440541361264,-0.00145004987719,44.2212172228,0.893772688211,0.000989509151147,1.99993647749e-05,22110.6086114,0.494754575573,0.299196852103,0.299196852103,0.598393704206,0,4.16333634234e-17,0.08,44625.2510157
2013-12-09,44532.9345945,-0.00124334753046,-0.00206870368279,34.6369197828,2.19480569231,0.000776173108151,4.91830441813e-05,17318.4598914,0.388086554075,0.224544018204,0.224544018204,0.449088036408,2.60208521397e-16,1.94289029309e-16,0.08,44532.9345945
2013-12-10,44525.7055962,0.000291096771467,-0.000162329260626,19.6444683196,0.547923511029,0.000441122250273,1.23037818194e-05,9822.23415981,0.220561125137,0.231424348841,0.231424348841,0.462848697681,6.93889390391e-17,6.93889390391e-17,0.08,44525.7055962
2013-12-11,44473.6134077,-0.000358717534906,-0.00116993516046,35.555416215,0.564620954754,0.000798536839314,1.26807862378e-05,17777.7081075,0.399268419657,0.26980627366,0.26980627366,0.539612547319,0,8.67361737988e-18,0.08,44473.6134077
2013-12-12,44442.0842021,0.000109770526688,-0.000708941845286,35.7536038296,0.657493693682,0.000803928466569,1.4783905406e-05,17876.8019148,0.401964233284,0.276545500636,0.276545500636,0.553091001272,-1.38777878078e-17,-4.33680868994e-17,0.08,44442.0842021
2013-12-13,44353.6365914,-0.000609727972493,-0.00199017693084,60.6765900258,0.673438817808,0.00136529578023,1.51531781171e-05,30338.2950129,0.682647890115,0.457007701015,0.457007701015,0.91401540203,-2.35922392733e-16,-1.52655665886e-16,0.08,44353.6365914
2013-12-16,44218.7084497,-0.00219028358311,-0.00304209873243,34.4490524266,3.33204714909,0.000776690595723,7.51245535915e-05,17224.5262133,0.388345297861,0.331234215341,0.331234215341,0.662468430682,-4.16333634234e-16,-3.60822483003e-16,0.08,44218.7084497
2013-12-17,44229.9772875,0.000917031272769,0.000254843214101,28.4785391053,0.802561599822,0.000644038238649,1.81498200187e-05,14239.2695527,0.322019119325,0.394289026116,0.394289026116,0.788578052232,-1.31838984174e-16,-8.32667268469e-17,0.08,44229.9772875
2013-12-18,44194.673988,2.63969668212e-05,-0.000798175846151,35.5152535201,0.95558326958,0.000802967934829,2.16048781433e-05,17757.62676,0.401483967414,0.296147484883,0.296147484883,0.592294969767,-1.94289029309e-16,-1.2490009027e-16,0.08,44194.673988
2013-12-19,44274.6136383,0.00269990381065,0.00180880733118,38.6645599611,0.717158440919,0.000874869220025,1.62272594457e-05,19332.2799806,0.437434610012,0.222386716862,0.222386716862,0.444773433723,-2.35922392733e-16,-2.08166817117e-16,0.08,44274.6136383
2013-12-20,44263.2561229,0.000815978587256,-0.000256524326006,46.9451405508,0.539511559854,0.00106031733974,1.21855735267e-05,23472.5702754,0.530158669868,0.351431954904,0.351431954904,0.702863909809,-1.11022302463e-16,-1.31838984174e-16,0.08,44263.2561229
2013-12-23,44133.32224,-0.00216572925269,-0.00293547954259,31.5145820191,2.5570722131,0.000711980653472,5.77696364226e-05,15757.2910096,0.355990326736,0.280875793835,0.280875793835,0.561751587671,2.08166817117e-17,2.42861286637e-17,0.08,44133.32224
2013-12-24,44078.9155445,-0.000601935791595,-0.00123278042052,27.1620374056,0.679231885959,0.000615454174465,1.53904544567e-05,13581.0187028,0.307727087232,0.228057880944,0.228057880944,0.456115761887,-4.16333634234e-17,-1.38777878078e-17,0.08,44078.9155445
2013-12-26,44065.1910674,0.00020898959779,-0.000311361496575,21.8348632764,1.10164866557,0.000495358449878,2.4992644487e-05,10917.4316382,0.247679224939,0.240358609786,0.240358609786,0.480717219573,6.93889390391e-18,6.93889390391e-18,0.08,44065.1910674
2013-12-27,43994.2259408,-0.00088947408814,-0.00161045770733,31.1899276175,0.580353318626,0.00070781328441,1.31703347828e-05,15594.9638088,0.353906642205,0.219177194967,0.219177194967,0.438354389933,1.11022302463e-16,6.93889390391e-17,0.08,43994.2259408
2013-12-30,43957.9716144,7.33787253053e-05,-0.000824070104502,37.8974929938,1.58507359503,0.000861419701867,3.60291279397e-05,18948.7464969,0.430709850934,0.307522486182,0.307522486182,0.615044972365,-8.32667268469e-17,-1.00613961607e-16,0.08,43957.9716144
2013-12-31,43858.3680102,-0.00119785487656,-0.00226588262811,46.2076177112,0.740715874981,0.00105117720437,1.68505471881e-05,23103.8088556,0.525588602183,0.401764575628,0.401764575628,0.803529151257,-5.55111512313e-17,-9.71445146547e-17,0.08,43858.3680102
2014-01-02,43990.2711213,0.00409475190512,0.0030074787813,45.7549849446,1.93103984782,0.00104324412924,4.40289945894e-05,22877.4924723,0.521622064619,0.283866482058,0.283866482058,0.567732964117,1.66533453694e-16,9.02056207508e-17,0.08,43990.2711213
2014-01-03,44019.5647503,0.00181797845657,0.000665911533813,49.9954971856,0.684239096329,0.00113651259497,1.5554327784e-05,24997.7485928,0.568256297485,0.291163920991,0.291163920991,0.582327841981,9.71445146547e-17,4.16333634234e-17,0.08,44019.5647503
2014-01-06,43981.4331578,-1.29189666777e-05,-0.00086624192325,35.456015977,2.10688916268,0.000805460394217,4.78625623546e-05,17728.0079885,0.402730197109,0.197730864433,0.197730864433,0.395461728866,-2.77555756156e-17,-3.38271077815e-17,0.08,43981.4331578
2014-01-07,44067.8634202,0.00236557873057,0.00196515338904,17.1347605685,0.476519824509,0.00038959077361,1.08345679141e-05,8567.38028423,0.194795386805,0.215283049357,0.215283049357,0.430566098715,-1.94289029309e-16,-1.52655665886e-16,0.08,44067.8634202
2014-01-08,43970.8890873,-0.00142935016069,-0.00220056806536,33.4660861662,0.519839124152,0.000759421573201,1.17963314716e-05,16733.0430831,0.379710786601,0.255079358187,0.255079358187,0.510158716373,1.38777878078e-17,-6.93889390391e-18,0.08,43970.8890873
2014-01-09,43942.6684159,-0.000102664655771,-0.000641803520664,23.0918362628,0.61457896807,0.000525161913759,1.39769511335e-05,11545.9181314,0.262580956879,0.249997142211,0.249997142211,0.499994284423,-1.38777878078e-16,-9.71445146547e-17,0.08,43942.6684159
2014-01-10,44000.6885797,0.00182169975949,0.0013203605052,21.4282371342,0.601947480828,0.000487640780743,1.36984735458e-05,10714.1185671,0.243820390371,0.209106635009,0.209106635009,0.418213270017,-2.77555756156e-17,6.93889390391e-18,0.08,44000.6885797
2014-01-13,43926.995173,-0.00102624868467,-0.00167482394355,27.0252918069,1.51246617978,0.000614201565457,3.43736934261e-05,13512.6459034,0.307100782728,0.218419397242,0.218419397242,0.436838794484,-5.55111512313e-17,-6.24500451352e-17,0.08,43926.995173
2014-01-14,43904.6468628,4.69922637837e-05,-0.000508760276445,23.8868126967,0.525726455251,0.000543784354078,1.19681861502e-05,11943.4063484,0.271892177039,0.244924288364,0.244924288364,0.489848576727,5.55111512313e-17,3.46944695195e-17,0.08,43904.6468628
2014-01-15,43870.4717359,2.88061147674e-05,-0.000778394299684,34.8506264377,0.589222706231,0.0007937799055,1.34205089514e-05,17425.3132189,0.39688995275,0.30990011946,0.30990011946,0.619800238921,-4.16333634234e-17,2.08166817117e-17,0.08,43870.4717359
2014-01-16,43779.77308,-0.00143680023934,-0.00206741920882,26.9205947219,0.744956955164,0.000613638141024,1.69808284636e-05,13460.2973609,0.306819070512,0.40251128658,0.40251128658,0.80502257316,-4.16333634234e-17,-4.16333634234e-17,0.08,43779.77308
2014-01-17,43697.0630131,-0.000885199665977,-0.00188923013964,42.9906453278,0.965580974718,0.000981975060704,2.20554129633e-05,21495.3226639,0.490987530352,0.431108884192,0.431108884192,0.862217768383,2.77555756156e-17,-1.38777878078e-17,0.08,43697.0630131
2014-01-21,43579.5652861,-0.00160544642907,-0.00268891589013,43.2155145009,4.12891881163,0.000988979842602,9.4489618453e-05,21607.7572504,0.494489921301,0.471825420635,0.471825420635,0.94365084127,-2.77555756156e-17,-6.24500451352e-17,0.08,43579.5652861
2014-01-22,43578.79418,0.00107659440112,-1.7694212176e-05,46.5619400528,1.12668201217,0.00106843516559,2.5853447706e-05,23280.9700264,0.534217582796,0.366773018842,0.366773018842,0.733546037683,-1.38777878078e-16,-6.93889390391e-17,0.08,43578.79418
2014-01-23,43523.067852,-0.000499532572144,-0.00127874873593,33.081491185,0.875809638294,0.000759119012067,2.00971517174e-05,16540.7455925,0.379559506034,0.281750527683,0.281750527683,0.563501055365,-8.32667268469e-17,-6.59194920871e-17,0.08,43523.067852
2014-01-24,43617.5460482,0.00295849151557,0.00217076141112,33.6125049041,0.671925881297,0.000772291719379,1.54383850785e-05,16806.252452,0.386145859689,0.334666950548,0.334666950548,0.669333901096,5.55111512313e-17,5.55111512313e-17,0.08,43617.5460482
2014-01-27,43543.0708836,-0.000643589276901,-0.00170745883995,44.003815087,2.39956456871,0.00100885581776,5.50137452956e-05,22001.9075435,0.504427908879,0.367618503295,0.367618503295,0.735237006589,4.85722573274e-17,2.77555756156e-17,0.08,43543.0708836
2014-01-28,43552.4127308,0.000892764598832,0.000214542682354,28.6547560226,0.877108961484,0.000658078436846,2.01434796326e-05,14327.3780113,0.329039218423,0.292380441414,0.292380441414,0.584760882828,1.66533453694e-16,1.11022302463e-16,0.08,43552.4127308
2014-01-29,43569.9935967,0.00122354906788,0.000403671454893,35.0099016879,0.697746501857,0.000803856766886,1.60208461049e-05,17504.9508439,0.401928383443,0.284423951843,0.284423951843,0.568847903686,1.38777878078e-16,1.11022302463e-16,0.08,43569.9935967
2014-01-30,43491.8686937,-0.00117145243119,-0.0017930896131,26.4056951714,0.679032863591,0.000606052307831,1.55848740736e-05,13202.8475857,0.303026153915,0.224639192346,0.224639192346,0.449278384693,7.6327832943e-17,3.46944695195e-17,0.08,43491.8686937
2014-01-31,43394.7686551,-0.00150346671318,-0.00223260212805,31.176120449,0.535341274356,0.000716826418026,1.23089968409e-05,15588.0602245,0.358413209013,0.325539857063,0.325539857063,0.651079714125,-2.77555756156e-17,1.38777878078e-17,0.08,43394.7686551
2014-02-03,43360.5283079,0.000140646324087,-0.000789043200713,38.0214601864,2.32220166333,0.000876176123639,5.3513401161e-05,19010.7300932,0.43808806182,0.466047112054,0.466047112054,0.932094224109,1.38777878078e-17,-4.16333634234e-17,0.08,43360.5283079
2014-02-04,43275.3668956,-0.000878003278463,-0.00196403078315,45.9834360041,1.10729035589,0.00106049067662,2.55368280578e-05,22991.718002,0.530245338312,0.263135141236,0.263135141236,0.526270282473,1.04083408559e-17,8.32667268469e-17,0.08,43275.3668956
2014-02-05,43345.2184413,0.00202457190817,0.00161411793125,17.1385864571,0.623959987952,0.000396035613018,1.44183639034e-05,8569.29322854,0.198017806509,0.268637109167,0.268637109167,0.537274218334,-7.6327832943e-17,-4.16333634234e-17,0.08,43345.2184413
2014-02-06,43292.4213313,-0.000403641095079,-0.00121806076563,34.6631637736,0.638034749494,0.000799699828958,1.47198415982e-05,17331.5818868,0.399849914479,0.31832998784,0.31832998784,0.636659975681,5.55111512313e-17,2.77555756156e-17,0.08,43292.4213313
2014-02-07,43209.7905151,-0.000830664000966,-0.00190866700656,45.9142219061,0.755138408546,0.00106056026654,1.74427390597e-05,22957.1109531,0.530280133268,0.371697724979,0.371697724979,0.743395449959,9.71445146547e-17,8.32667268469e-17,0.08,43209.7905151
2014-02-10,43096.6142551,-0.00157711385348,-0.00261922723083,42.3893394956,2.64016123254,0.00098101238146,6.1100995887e-05,21194.6697478,0.49050619073,0.427920550008,0.427920550008,0.855841100016,2.77555756156e-17,4.85722573274e-17,0.08,43096.6142551
2014-02-11,43114.0283913,0.0014098584165,0.000404072024482,42.3354716187,1.01051654113,0.000982338690648,2.34477013703e-05,21167.7358094,0.491169345324,0.299028299621,0.299028299621,0.598056599242,-1.52655665886e-16,-8.32667268469e-17,0.08,43114.0283913
2014-02-12,43117.2413469,0.000821118716358,7.45222791707e-05,31.4823517925,0.706428197241,0.00073021132488,1.6385112308e-05,15741.1758963,0.36510566244,0.159482758357,0.159482758357,0.318965516714,2.08166817117e-17,1.38777878078e-17,0.08,43117.2413469
2014-02-13,43113.9458038,0.000358708694502,-7.64321425228e-05,18.3852803484,0.37679214152,0.000426402055745,8.73878127983e-06,9192.6401742,0.213201027873,0.209019488786,0.209019488786,0.418038977571,-4.85722573274e-17,-2.77555756156e-17,0.08,43113.9458038
2014-02-14,43172.6507295,0.00193396665663,0.00136162266211,24.1822186507,0.493789310216,0.000560890871849,1.14531226732e-05,12091.1093254,0.280445435924,0.272029789121,0.272029789121,0.544059578241,0,0,0.08,43172.6507295
2014-02-18,43150.6485703,0.000340097718449,-0.000509631879932,34.110997615,2.5740815504,0.000790106630902,5.96229674785e-05,17055.4988075,0.395053315451,0.243756106298,0.243756106298,0.487512212596,2.77555756156e-17,1.38777878078e-17,0.08,43150.6485703
2014-02-19,43107.8639536,-0.00014354525065,-0.00099151735095,36.0142045041,0.57634159341,0.000834615601325,1.33564989752e-05,18007.102252,0.417307800662,0.295831298077,0.295831298077,0.591662596154,-8.32667268469e-17,-5.55111512313e-17,0.08,43107.8639536
2014-02-20,43136.520407,0.00137564092301,0.000664761620103,29.9457126415,0.698775635655,0.000694669368766,1.62099341412e-05,14972.8563207,0.347334684383,0.237024513445,0.237024513445,0.47404902689,1.11022302463e-16,6.59194920871e-17,0.08,43136.520407
2014-02-21,43125.8078739,0.00022125147369,-0.000248340224071,19.6963100583,0.560241795134,0.000456604053188,1.29876445723e-05,9848.15502914,0.228302026594,0.238266279254,0.238266279254,0.476532558507,1.38777878078e-17,1.90819582357e-17,0.08,43125.8078739
2014-02-24,43055.1931578,-0.00094905634217,-0.00163741201695,27.9967834922,1.68911108744,0.000649188615181,3.91670596034e-05,13998.3917461,0.32459430759,0.281447466007,0.281447466007,0.562894932014,2.32452945781e-16,1.90819582357e-16,0.08,43055.1931578
2014-02-25,43027.49602,0.000131540228572,-0.000643293777742,32.6966401352,0.663987671929,0.000759412227355,1.54217789593e-05,16348.3200676,0.379706113677,0.304689010061,0.304689010061,0.609378020121,-2.08166817117e-17,-2.77555756156e-17,0.08,43027.49602
2014-02-26,43061.2121581,0.00167432791554,0.000783595171465,37.6076431531,0.718356447546,0.000874037455856,1.66952882225e-05,18803.8215766,0.437018727928,0.227087267088,0.227087267088,0.454174534177,2.77555756156e-17,1.38777878078e-17,0.08,43061.2121581
2014-02-27,43027.3631371,-0.000152514538106,-0.000786067537555,26.7457435207,0.535816602,0.000621109861527,1.24431379227e-05,13372.8717603,0.310554930763,0.214527471237,0.214527471237,0.429054942474,6.93889390391e-17,6.93889390391e-17,0.08,43027.3631371
2014-02-28,42930.8578269,-0.00168294806972,-0.00224288227604,23.5867087895,0.505783638783,0.00054817927639,1.17549299308e-05,11793.3543947,0.274089638195,0.287421999454,0.287421999454,0.574843998907,2.08166817117e-16,1.80411241502e-16,0.08,42930.8578269
2014-03-03,42877.0615472,-0.000712186050806,-0.0012530911901,21.1931479897,2.02837364299,0.000493657687325,4.7247451965e-05,10596.5739949,0.246828843663,0.31215468788,0.31215468788,0.62430937576,2.22044604925e-16,1.66533453694e-16,0.08,42877.0615472
2014-03-04,42959.0195552,0.00252826580762,0.00191146512834,25.7132157145,0.733384973397,0.000599696312822,1.71043664592e-05,12856.6078573,0.299848156411,0.230098167937,0.230098167937,0.460196335874,0,-2.08166817117e-17,0.08,42959.0195552
2014-03-05,42955.2670563,0.000781813519877,-8.73506637761e-05,36.7968087405,0.541632421699,0.000856556064861,1.26081187911e-05,18398.4043702,0.428278032431,0.265878673644,0.265878673644,0.531757347288,-5.55111512313e-17,-3.46944695195e-17,0.08,42955.2670563
2014-03-06,42930.1900571,0.00064834163516,-0.000583793347309,52.3008850608,0.6258021606,0.00121756628802,1.45686944463e-05,26150.4425304,0.608783144012,0.311510301173,0.311510301173,0.623020602346,-3.33066907388e-16,-2.22044604925e-16,0.08,42930.1900571
2014-03-07,42894.1036576,5.12714818675e-06,-0.00084058326989,35.5737310946,0.732777886801,0.000828641360479,1.70690575985e-05,17786.8655473,0.414320680239,0.350972622001,0.350972622001,0.701945244001,-1.66533453694e-16,-1.38777878078e-16,0.08,42894.1036576
2014-03-10,42910.2346502,0.001179023718,0.000376065502136,31.9674349665,2.47473797738,0.000745264086217,5.7694129644e-05,15983.7174832,0.372632043109,0.316948029797,0.316948029797,0.633896059594,3.33066907388e-16,2.63677968348e-16,0.08,42910.2346502
2014-03-11,42897.1365616,8.92824913337e-05,-0.000305243929107,16.1839985738,0.745222703042,0.000377159405109,1.73670153313e-05,8091.99928689,0.188579702555,0.280831700758,0.280831700758,0.561663401517,-2.77555756156e-16,-1.94289029309e-16,0.08,42897.1365616
2014-03-12,42822.555737,-0.00101208317478,-0.00173859680657,30.5052516926,0.660102784562,0.0007111255934,1.53880383977e-05,15252.6258463,0.3555627967,0.315099816286,0.315099816286,0.630199632572,-8.32667268469e-17,-6.93889390391e-17,0.08,42822.555737
2014-03-13,42728.0333481,-0.00137532820337,-0.00220730377303,34.8879569465,0.739363257294,0.000814709826307,1.72657433581e-05,17443.9784732,0.407354913153,0.28670069607,0.28670069607,0.57340139214,2.22044604925e-16,2.22044604925e-16,0.08,42728.0333481
2014-03-14,42726.4837987,0.000552278333489,-3.6265403988e-05,24.4760749677,0.671241474116,0.000572834110296,1.57096271819e-05,12238.0374838,0.286417055148,0.332248438494,0.332248438494,0.664496876987,2.91433543964e-16,1.94289029309e-16,0.08,42726.4837987
2014-03-17,42676.2221752,-0.000197739999014,-0.0011763575914,39.4793313051,2.33355740128,0.000924001410719,5.46161816702e-05,19739.6656525,0.462000705359,0.387567394899,0.387567394899,0.775134789798,2.22044604925e-16,1.38777878078e-16,0.08,42676.2221752
2014-03-18,42649.7200593,0.000242613300891,-0.000621004262289,35.9496384389,0.906296561784,0.000842380993597,2.12365695835e-05,17974.8192194,0.421190496799,0.41196748519,0.41196748519,0.82393497038,1.02695629778e-15,7.77156117238e-16,0.08,42649.7200593
2014-03-19,42637.3353873,0.000919859904689,-0.000290381084484,50.6536833422,0.962756050241,0.00118766742834,2.25735608323e-05,25326.8416711,0.59383371417,0.285258405215,0.285258405215,0.57051681043,1.38777878078e-17,2.77555756156e-17,0.08,42637.3353873
2014-03-20,42509.6934856,-0.00201788063406,-0.00299366507314,40.9384013651,0.666447029874,0.000960153841537,1.5630597546e-05,20469.2006825,0.480076920768,0.324308431024,0.324308431024,0.648616862048,5.89805981832e-17,1.11022302463e-16,0.08,42509.6934856
2014-03-21,42488.5526407,0.000592265591278,-0.000497318214929,45.5624625603,0.755411068363,0.00107181348122,1.77703249876e-05,22781.2312802,0.535906740609,0.348365459681,0.348365459681,0.696730919363,-2.08166817117e-16,-1.38777878078e-16,0.08,42488.5526407
2014-03-24,42379.73554,-0.00119279929706,-0.00256109219746,55.7036543778,2.4331305488,0.00131102734538,5.72655550161e-05,27851.8271889,0.655513672692,0.45018477604,0.45018477604,0.90036955208,-1.08246744901e-15,-8.32667268469e-16,0.08,42379.73554
2014-03-25,42243.9200412,-0.002286018653,-0.00320472738061,37.8892240514,1.04540886316,0.000894041068653,2.46676589611e-05,18944.6120257,0.447020534326,0.420708610455,0.420708610455,0.841417220911,1.38777878078e-17,9.71445146547e-17,0.08,42243.9200412
2014-03-26,42368.6451848,0.00377368102574,0.00295249928192,33.7161068349,0.97382909045,0.000798129217224,2.30525266003e-05,16858.0534175,0.399064608612,0.337498814911,0.337498814911,0.674997629822,-2.77555756156e-17,-4.16333634234e-17,0.08,42368.6451848
2014-03-27,42380.0775349,0.000947548783475,0.000269830438256,27.9304811153,0.783526988452,0.00065922525947,1.84930857486e-05,13965.2405577,0.329612629735,0.260983027141,0.260983027141,0.521966054281,-2.77555756156e-17,-1.38777878078e-17,0.08,42380.0775349
2014-03-28,42316.0698913,-0.000786447791322,-0.00151032388912,30.071871401,0.606053749343,0.000709575657954,1.43004398433e-05,15035.9357005,0.354787828977,0.310679572802,0.310679572802,0.621359145605,-1.38777878078e-17,-8.32667268469e-17,0.08,42316.0698913
2014-03-31,42284.1142595,0.000147547950288,-0.000755165400907,36.0381735597,2.16110770135,0.000851642736488,5.10706147072e-05,18019.0867798,0.425821368244,0.318496288003,0.318496288003,0.636992576007,1.11022302463e-16,5.55111512313e-17,0.08,42284.1142595
2014-04-01,42282.8968206,0.000548663953458,-2.87918742918e-05,23.6792721218,0.737936078528,0.000560003976352,1.74518513974e-05,11839.6360609,0.280001988176,0.302489974954,0.302489974954,0.604979949908,-1.38777878078e-17,-1.38777878078e-17,0.08,42282.8968206
2014-04-02,42268.693678,0.000493616628175,-0.000335907508243,34.3738532018,0.700830268505,0.00081294934327,1.65747931482e-05,17186.9266009,0.406474671635,0.232143581105,0.232143581105,0.464287162211,-1.80411241502e-16,-1.35308431126e-16,0.08,42268.693678
2014-04-03,42276.865385,0.00132805719349,0.000193327643807,47.4258696652,0.537666077757,0.00112200935346,1.2720196225e-05,23712.9348326,0.561004676729,0.443817454344,0.443817454344,0.887634908688,-2.49800180541e-16,-1.66533453694e-16,0.08,42276.865385
2014-04-04,42181.9505624,-0.00100872890565,-0.002245077107,51.2408053391,1.02812113824,0.00121202943673,2.43187646216e-05,25620.4026696,0.606014718363,0.188268411765,0.188268411765,0.376536823531,2.77555756156e-17,4.51028103754e-17,0.08,42181.9505624
2014-04-07,42227.0580128,0.00172154202398,0.00106935430638,26.2050932662,1.30545679521,0.000621239485535,3.0948232071e-05,13102.5466331,0.310619742767,0.271836089983,0.271836089983,0.543672179966,6.93889390391e-18,2.08166817117e-17,0.08,42227.0580128
2014-04-08,42175.1567327,0.00066446384181,-0.00122910007558,79.3306559473,0.62897744338,0.00187866878917,1.48951282182e-05,39665.3279736,0.939334394586,0.407798053197,0.407798053197,0.815596106393,5.13478148889e-16,4.30211422042e-16,0.08,42175.1567327
2014-04-09,42213.8956536,0.00197934745178,0.000918524645761,43.797960065,0.94240804432,0.00103847770721,2.23450988053e-05,21898.9800325,0.519238853606,0.313993916724,0.313993916724,0.627987833447,4.02455846427e-16,3.05311331772e-16,0.08,42213.8956536
2014-04-10,42189.976802,5.16083759996e-05,-0.000566610855689,25.3711458944,0.726296243091,0.000601014085567,1.72051461218e-05,12685.5729472,0.300507042784,0.25726778531,0.25726778531,0.514535570619,2.42861286637e-16,1.11022302463e-16,0.08,42189.976802
2014-04-11,42053.4374711,-0.00236548214178,-0.0032362978431,36.1449478323,0.594746405157,0.00085671883637,1.40968649485e-05,18072.4739162,0.428359418185,0.37215247931,0.37215247931,0.744304958621,6.10622663544e-16,4.33680868994e-16,0.08,42053.4374711
2014-04-14,41963.4925848,-0.0011866917491,-0.00213882364185,37.4677684377,2.57265057836,0.000890956142729,6.11757500236e-05,18733.8842189,0.445478071364,0.470081531235,0.470081531235,0.940163062469,2.77555756156e-17,4.16333634234e-17,0.08,41963.4925848
2014-04-15,41743.0875121,-0.00387690523821,-0.0052523052558,56.6356973243,1.08089111508,0.00134964212547,2.57578921224e-05,28317.8486621,0.674821062735,0.326061838816,0.326061838816,0.652123677632,4.71844785466e-16,3.81639164715e-16,0.08,41743.0875121
2014-04-16,41678.3520922,-0.000687530234837,-0.00155080574432,35.2899863519,0.745798787511,0.000845409107356,1.78664021269e-05,17644.993176,0.422704553678,0.329872841604,0.329872841604,0.659745683208,4.64905891562e-16,3.98986399475e-16,0.08,41678.3520922
2014-04-17,41624.8616007,-0.000530044078135,-0.00128341186448,30.6457822958,0.753345558249,0.000735292562143,1.80752241975e-05,15322.8911479,0.367646281072,0.298963735071,0.298963735071,0.597927470142,1.66533453694e-16,1.19695919842e-16,0.08,41624.8616007
2014-04-21,41581.2213949,-0.000123769375437,-0.00104841683787,35.7607995637,2.72752308952,0.000859121164336,6.55262980978e-05,17880.3997819,0.429560582168,0.260389313855,0.260389313855,0.520778627709,2.08166817117e-17,2.77555756156e-17,0.08,41581.2213949
2014-04-22,41644.0771684,0.00213024956072,0.00151163846099,25.1293280703,0.59327702511,0.000604343192125,1.42679076085e-05,12564.6640351,0.302171596063,0.224424213822,0.224424213822,0.448848427645,-6.93889390391e-18,-1.82145964978e-17,0.08,41644.0771684
2014-04-23,41604.3475132,-0.000430441960707,-0.000954028950372,21.2921907401,0.512106261856,0.000511289772469,1.22972171957e-05,10646.0953701,0.255644886235,0.250409987019,0.250409987019,0.500819974037,-3.20923843056e-17,-2.77555756156e-17,0.08,41604.3475132
2014-04-24,41596.0982307,0.000525765900783,-0.00019827933803,29.5525725187,0.570857212093,0.000710324143633,1.37210951791e-05,14776.2862594,0.355162071817,0.226347446996,0.226347446996,0.452694893991,-5.20417042793e-17,-2.08166817117e-17,0.08,41596.0982307
2014-04-25,41548.1339004,-0.000442331022107,-0.00115309686135,29.0491859073,0.515899761068,0.000698363239412,1.24025998354e-05,14524.5929537,0.349181619706,0.329259148995,0.329259148995,0.65851829799,1.5959455979e-16,1.73472347598e-16,0.08,41548.1339004
2014-04-28,41524.0989518,0.000873032048892,-0.00057848443142,58.0590169933,2.24878408938,0.0013973916887,5.41247916156e-05,29029.5084966,0.698695844348,0.339065788609,0.339065788609,0.678131577219,1.07552855511e-16,2.08166817117e-17,0.08,41524.0989518
2014-04-29,41508.7866751,0.00102688187675,-0.000368756387267,57.1811473288,0.77147404698,0.00137705931669,1.85789473211e-05,28590.5736644,0.688529658346,0.255665585781,0.255665585781,0.511331171563,3.95516952523e-16,3.3653635434e-16,0.08,41508.7866751
2014-04-30,41509.6735857,0.00104082215845,2.13668175171e-05,41.7348546409,0.581499630705,0.00100544626774,1.40090731935e-05,20867.4273204,0.50272313387,0.300049239276,0.300049239276,0.600098478552,1.2490009027e-15,1.02695629778e-15,0.08,41509.6735857
2014-05-01,41489.456636,0.00037654170034,-0.000487041886085,35.164609993,0.682462793534,0.000847142532218,1.64410542069e-05,17582.3049965,0.423571266109,0.210622177928,0.210622177928,0.421244355857,-2.77555756156e-17,-1.38777878078e-17,0.08,41489.456636
2014-05-02,41551.0375112,0.00203621773107,0.00148425359502,22.4218647055,0.478827381794,0.000540423194795,1.15409412563e-05,11210.9323528,0.270211597397,0.247424181792,0.247424181792,0.494848363584,2.08166817117e-16,1.11022302463e-16,0.08,41551.0375112
2014-05-05,41469.7132581,-0.00111168761501,-0.0019572135376,33.442496073,1.68998325351,0.000804853454358,4.06724682398e-05,16721.2480365,0.402426727179,0.306901474442,0.306901474442,0.613802948885,8.32667268469e-17,5.55111512313e-17,0.08,41469.7132581
2014-05-06,41370.4094942,-0.00129160653011,-0.00239460936894,45.0438352222,0.697376227047,0.00108618631969,1.68165191475e-05,22521.9176111,0.543093159843,0.251991221144,0.251991221144,0.503982442287,-9.02056207508e-17,-1.38777878078e-17,0.08,41370.4094942
2014-05-07,41358.259459,0.00034839346313,-0.00029368902258,25.9919835816,0.571231781241,0.000628274747564,1.38077381449e-05,12995.9917908,0.314137373782,0.268599064625,0.268599064625,0.53719812925,2.77555756156e-17,-8.67361737988e-18,0.08,41358.259459
2014-05-08,41462.0899915,0.00316652673026,0.0025105150417,26.5228008127,0.608700811245,0.000641293931601,1.47177569657e-05,13261.4004063,0.320646965801,0.278864328507,0.278864328507,0.557728657014,-3.46944695195e-18,1.90819582357e-17,0.08,41462.0899915
2014-05-09,41410.4380176,-0.000513789991171,-0.00124576387653,29.7156165374,0.633550568985,0.000716693648184,1.52802371785e-05,14857.8082687,0.358346824092,0.313622670963,0.313622670963,0.627245341927,-1.73472347598e-17,-1.90819582357e-17,0.08,41410.4380176
2014-05-12,41350.2300983,-0.000611232667754,-0.00145393099245,32.7616159735,2.13489076879,0.000791143913029,5.15544116652e-05,16380.8079867,0.395571956515,0.369711907181,0.369711907181,0.739423814361,1.45716771982e-16,1.2490009027e-16,0.08,41350.2300983
2014-05-13,41282.2575344,-0.000675229485265,-0.00164382552999,39.2139886405,0.837680681206,0.000948337858031,2.02581866948e-05,19606.9943203,0.474168929016,0.284030448141,0.284030448141,0.568060896282,-3.46944695195e-18,-1.21430643318e-17,0.08,41282.2575344
2014-05-14,41334.4906895,0.00191148771539,0.00126526886402,26.0348843823,0.64248866344,0.00063065553914,1.55633122269e-05,13017.4421911,0.31532776957,0.333319437723,0.333319437723,0.666638875446,0,0,0.08,41334.4906895
2014-05-15,41305.3952083,0.000480886100277,-0.000703903223847,48.2177268928,0.754936394257,0.00116652524534,1.82640787793e-05,24108.8634464,0.583262622672,0.288375851734,0.288375851734,0.576751703468,5.55111512313e-17,4.16333634234e-17,0.08,41305.3952083
2014-05-16,41274.4265304,0.000595342910848,-0.000749748977469,54.9068682836,0.652683754761,0.00132929047178,1.58014165334e-05,27453.4341418,0.664645235892,0.309141975032,0.309141975032,0.618283950065,-1.31838984174e-16,-1.17961196366e-16,0.08,41274.4265304
2014-05-19,41206.5260372,-0.000962181824226,-0.00164509840353,26.0895121949,2.09747798399,0.000632098720396,5.08178589095e-05,13044.7560975,0.316049360198,0.225101756768,0.225101756768,0.450203513536,-1.38777878078e-17,1.38777878078e-17,0.08,41206.5260372
2014-05-20,41185.1608093,-5.99959177023e-05,-0.00051849136438,18.3847491422,0.508255419248,0.000446161103841,1.23343428366e-05,9192.37457112,0.223080551921,0.28201311176,0.28201311176,0.56402622352,-4.16333634234e-17,-1.73472347598e-17,0.08,41185.1608093
2014-05-21,41143.9336268,-0.00039653916814,-0.00100102031227,24.2592281759,0.636424951132,0.000589028370878,1.54527732471e-05,12129.6140879,0.294514185439,0.254212249924,0.254212249924,0.508424499848,-1.38777878078e-16,-1.04083408559e-16,0.08,41143.9336268
2014-05-22,41073.73907,-0.00117979895363,-0.00170607306178,21.0798750882,0.573111887014,0.000512344669798,1.3929438352e-05,10539.9375441,0.256172334899,0.205458894582,0.205458894582,0.410917789163,-1.87350135405e-16,-1.38777878078e-16,0.08,41073.73907
2014-05-23,41048.8734492,6.76891779258e-05,-0.000605389753441,27.183459358,0.462409042502,0.000661820909746,1.12580216209e-05,13591.729679,0.330910454873,0.325228957982,0.325228957982,0.650457915964,8.32667268469e-17,5.89805981832e-17,0.08,41048.8734492
2014-05-27,40946.5548269,-0.00172440170727,-0.00249260488153,28.607785604,2.92608927961,0.000696920114978,7.12830592838e-05,14303.892802,0.348460057489,0.373528899985,0.373528899985,0.74705779997,-6.93889390391e-16,-4.99600361081e-16,0.08,40946.5548269
2014-05-28,40878.0939164,-0.00079773779182,-0.00167195777006,34.9582293339,0.838066936035,0.000853752641259,2.04673369855e-05,17479.1146669,0.426876320629,0.294371426453,0.294371426453,0.588742852906,-5.55111512313e-17,-3.46944695195e-17,0.08,40878.0939164
2014-05-29,40869.02841,0.000501163596001,-0.000221769303167,28.8927576972,0.659361250238,0.000706802957992,1.61299411755e-05,14446.3788486,0.353401478996,0.363842183971,0.363842183971,0.727684367942,-1.11022302463e-16,-2.94902990916e-17,0.08,40869.02841
2014-05-30,40853.1630639,0.00055936682212,-0.000388199737676,37.9113368963,0.814787756354,0.00092763000177,1.99365580258e-05,18955.6684481,0.463815000885,0.340998470886,0.340998470886,0.681996941771,-5.55111512313e-17,-2.77555756156e-17,0.08,40853.1630639
2014-06-02,40782.4845767,-0.000861794794757,-0.0017300615629,33.1814384696,2.29000539216,0.000812212224981,5.60545431593e-05,16590.7192348,0.406106112491,0.366542345505,0.366542345505,0.73308469101,1.73472347598e-17,2.08166817117e-17,0.08,40782.4845767
2014-06-03,40742.8900538,-0.000197936078016,-0.000970870786739,30.7031015331,0.819096304234,0.00075285019664,2.00845120825e-05,15351.5507665,0.37642509832,0.299836799403,0.299836799403,0.599673598807,0,-2.08166817117e-17,0.08,40742.8900538
2014-06-04,40705.8562792,-8.14873047081e-05,-0.000908962877992,33.0443645099,0.66938179464,0.000811046159618,1.64294136659e-05,16522.1822549,0.405523079809,0.344682037869,0.344682037869,0.689364075738,-6.93889390391e-18,-5.20417042793e-17,0.08,40705.8562792
2014-06-05,40704.5400858,0.000744336464795,-3.2334251722e-05,30.8462477959,0.768798766879,0.00075778402951,1.88866870065e-05,15423.123898,0.378892014755,0.287029182725,0.287029182725,0.57405836545,7.77156117238e-16,6.14092110496e-16,0.08,40704.5400858
2014-06-06,40657.5611201,-9.92242317897e-05,-0.00115414559607,42.2999031583,0.640185801317,0.00103919373783,1.57276264507e-05,21149.9515792,0.519596868913,0.240266575769,0.240266575769,0.480533151537,1.52655665886e-16,1.11022302463e-16,0.08,40657.5611201
2014-06-09,40593.2472461,-0.000505955870195,-0.00158184289237,42.1371363918,1.60580597087,0.00103639114671,3.94958754688e-05,21068.5681959,0.518195573355,0.294506280749,0.294506280749,0.589012561499,-6.0368376964e-16,-5.20417042793e-16,0.08,40593.2472461
2014-06-10,40570.4092675,0.000186704824316,-0.000562605361665,29.7618669986,0.65506664493,0.00073317285553,1.6137330452e-05,14880.9334993,0.366586427765,0.283871900095,0.283871900095,0.567743800189,-3.12250225676e-16,-1.52655665886e-16,0.08,40570.4092675
2014-06-11,40551.3120577,0.000329341872856,-0.000470717702597,31.8276869259,0.631057488569,0.00078450495079,1.55546246627e-05,15913.843463,0.392252475395,0.41221318867,0.41221318867,0.82442637734,-9.43689570931e-16,-7.49400541622e-16,0.08,40551.3120577
2014-06-12,40475.6065299,-0.000889776051361,-0.00186690698587,38.7080079864,0.915933460167,0.000954543910474,2.25870240367e-05,19354.0039932,0.477271955237,0.447474786282,0.447474786282,0.894949572563,6.93889390391e-17,8.32667268469e-17,0.08,40475.6065299
2014-06-13,40358.0013906,-0.00178495919684,-0.0029055806546,44.3654050629,0.992428130498,0.00109610229139,2.45191663716e-05,22182.7025314,0.548051145695,0.309541605556,0.309541605556,0.619083211112,-1.52655665886e-16,-9.02056207508e-17,0.08,40358.0013906
2014-06-16,40300.8774037,-0.000706570168012,-0.00141543151147,26.5546686389,2.05355844616,0.000657977791862,5.08835515983e-05,13277.3343195,0.328988895931,0.275878907586,0.275878907586,0.551757815172,-1.45716771982e-16,-9.02056207508e-17,0.08,40300.8774037
2014-06-17,40329.1430575,0.00134967422634,0.000701365718246,25.5181873465,0.609214357967,0.000633191855623,1.51166524705e-05,12759.0936732,0.316595927812,0.255577650196,0.255577650196,0.511155300392,-2.08166817117e-17,-1.38777878078e-17,0.08,40329.1430575
2014-06-18,40321.4129952,0.000347374032849,-0.000191674351039,21.1745797933,0.564779595456,0.000525044129084,1.40042548053e-05,10587.2898967,0.262522064542,0.310981096294,0.310981096294,0.621962192587,-4.16333634234e-17,-1.38777878078e-17,0.08,40321.4129952
2014-06-19,40248.703752,-0.00112508052594,-0.00180324144884,26.6573273497,0.687079299581,0.000661120862826,1.70400600709e-05,13328.6636749,0.330560431413,0.214064467998,0.214064467998,0.428128935996,4.16333634234e-17,2.08166817117e-17,0.08,40248.703752
2014-06-20,40265.5564057,0.00098128440754,0.000418712955206,22.1706721431,0.472099581166,0.000550841892443,1.17295598903e-05,11085.3360716,0.275420946222,0.223923949244,0.223923949244,0.447847898488,1.04083408559e-16,5.55111512313e-17,0.08,40265.5564057
2014-06-23,40218.3110452,-0.000350628873879,-0.00117334428427,31.6449421342,1.48215162885,0.000785905994079,3.68094163141e-05,15822.4710671,0.392952997039,0.3208759382,0.3208759382,0.6417518764,4.16333634234e-16,3.1918911958e-16,0.08,40218.3110452
2014-06-24,40159.0286514,-0.00080864268027,-0.0014740150023,26.0530228829,0.70712812545,0.000647790078841,1.75822431891e-05,13026.5114414,0.323895039421,0.338399353999,0.338399353999,0.676798707998,2.08166817117e-16,1.38777878078e-16,0.08,40159.0286514
2014-06-25,40127.4709613,0.000163698015741,-0.000785818061321,37.3869973517,0.744645991937,0.000930973646706,1.85424303561e-05,18693.4986759,0.465486823353,0.330650203635,0.330650203635,0.66130040727,1.66533453694e-16,7.2858385991e-17,0.08,40127.4709613
2014-06-26,40074.6392001,-0.00041243256912,-0.00131659832994,35.5548630405,0.727022270944,0.000886047941439,1.81178193773e-05,17777.4315202,0.44302397072,0.277127582674,0.277127582674,0.554255165349,1.66533453694e-16,1.38777878078e-16,0.08,40074.6392001
2014-06-27,40051.7584036,-1.70828620253e-05,-0.000570954523544,21.5876706759,0.608536322634,0.000538686588495,1.51850730233e-05,10793.8353379,0.269343294248,0.212898413969,0.212898413969,0.425796827938,-3.46944695195e-17,-9.54097911787e-18,0.08,40051.7584036
2014-06-30,40051.9127908,0.000578742982431,3.85469232467e-06,21.6235955333,1.40169137109,0.00053989129055,3.49969995566e-05,10811.7977666,0.269945645275,0.167614005166,0.167614005166,0.335228010333,-4.51028103754e-17,-3.46944695195e-17,0.08,40051.9127908
2014-07-01,40054.2648646,0.000360595704811,5.87256310949e-05,11.7226239205,0.367849946161,0.000292685744666,9.18432905021e-06,5861.31196023,0.146342872333,0.173423357161,0.173423357161,0.346846714322,-3.81639164715e-17,-2.08166817117e-17,0.08,40054.2648646
2014-07-02,40036.9123489,-4.18368151025e-05,-0.000433225170403,15.2961511999,0.380621648298,0.000381885705593,9.50264970744e-06,7648.07559993,0.190942852797,0.181820847343,0.181820847343,0.363641694687,-1.5959455979e-16,-1.09287578987e-16,0.08,40036.9123489
2014-07-03,40069.7495057,0.00145196041933,0.000820172058081,24.8959760465,0.398879196071,0.000621825575098,9.9627861558e-06,12447.9880232,0.310912787549,0.240745367417,0.240745367417,0.481490734835,-1.52655665886e-16,-1.07552855511e-16,0.08,40069.7495057
2014-07-07,40016.2366714,-0.000676226349597,-0.00133549210911,24.3022891144,2.11432472703,0.000606499651587,5.27661079271e-05,12151.1445572,0.303249825794,0.227882892692,0.227882892692,0.455765785383,-1.38777878078e-16,-1.09287578987e-16,0.08,40016.2366714
2014-07-08,39971.8827985,-0.000141518631708,-0.00110839690708,38.1911578029,0.499672096839,0.000954391541526,1.24867338461e-05,19095.5789014,0.477195770763,0.365114860274,0.365114860274,0.730229720549,0,4.68375338514e-17,0.08,39971.8827985
2014-07-09,39934.317403,-3.7338640384e-05,-0.00093979549792,35.2732105125,0.799689227554,0.000882450563822,2.00062937137e-05,17636.6052563,0.441225281911,0.358378201121,0.358378201121,0.716756402241,2.49800180541e-16,2.11636264069e-16,0.08,39934.317403
2014-07-10,39889.0039912,-0.000246018555156,-0.00113469854259,34.7046320396,0.784196648431,0.000869042825733,1.96371617052e-05,17352.3160198,0.434521412866,0.367128752733,0.367128752733,0.734257505465,-4.16333634234e-17,0,0.08,39889.0039912
2014-07-11,39869.6815138,0.000303341630539,-0.00048440611435,30.6200400477,0.802432892221,0.000767631100904,2.01166439853e-05,15310.0200239,0.383815550452,0.283356136537,0.283356136537,0.566712273074,4.99600361081e-16,4.51028103754e-16,0.08,39869.6815138
2014-07-14,39824.5353125,-0.000105002133397,-0.0011323441659,39.1027061206,1.85709352088,0.000980762941561,4.65790909376e-05,19551.3530603,0.490381470781,0.322887763267,0.322887763267,0.645775526535,7.6327832943e-16,6.38378239159e-16,0.08,39824.5353125
2014-07-15,39776.2465962,-0.000161677022834,-0.0012125368418,41.1454091671,0.704594801656,0.00103316733878,1.7692480179e-05,20572.7045836,0.516583669391,0.221797072126,0.221797072126,0.443594144253,3.46944695195e-16,3.05311331772e-16,0.08,39776.2465962
2014-07-16,39650.3362349,-0.0023296478714,-0.00316546613007,32.7623019318,0.483411234807,0.000823664994446,1.21532642261e-05,16381.1509659,0.411832497223,0.274239642327,0.274239642327,0.548479284654,-2.77555756156e-17,-1.38777878078e-17,0.08,39650.3362349
2014-07-17,39554.6177166,-0.00182904200893,-0.00241406574003,22.6005687927,0.595818850805,0.000569996901384,1.50268297165e-05,11300.2843964,0.284998450692,0.266912806569,0.266912806569,0.533825613139,-2.91433543964e-16,-2.39391839685e-16,0.08,39554.6177166
2014-07-18,39593.2299052,0.00136557840334,0.000976173979357,14.8242426332,0.578500494658,0.00037477906472,1.46253592641e-05,7412.12131658,0.18738953236,0.228034627333,0.228034627333,0.456069254666,-4.85722573274e-17,-5.55111512313e-17,0.08,39593.2299052
2014-07-21,39552.3779609,-0.000706526072342,-0.00103179115019,11.3941370744,1.48415793309,0.000287779933632,3.74851442191e-05,5697.0685372,0.143889966816,0.244420183755,0.244420183755,0.48884036751,-3.46944695195e-17,-3.81639164715e-17,0.08,39552.3779609
2014-07-22,39543.5599554,0.000174680923118,-0.000222945014663,15.1973308582,0.529720519954,0.000384233051,1.33928867811e-05,7598.66542912,0.1921165255,0.234046719406,0.234046719406,0.468093438812,-6.93889390391e-17,-7.6327832943e-17,0.08,39543.5599554
2014-07-23,39444.5538132,-0.00128777027665,-0.00250372354836,47.5759955967,0.50712550582,0.00120312879393,1.28244777757e-05,23787.9977984,0.601564396963,0.410299150533,0.410299150533,0.820598301066,-1.11022302463e-16,-1.11022302463e-16,0.08,39444.5538132
2014-07-24,39493.0353878,0.00215551749491,0.00122910693433,35.6550530224,0.886798187545,0.000903928415346,2.24821452347e-05,17827.5265112,0.451964207673,0.328435647757,0.328435647757,0.656871295513,-2.08166817117e-16,-1.14491749414e-16,0.08,39493.0353878
2014-07-25,39492.6048301,0.000812944053877,-1.09021167225e-05,31.825450591,0.710735378601,0.00080584969675,1.79964738497e-05,15912.7252955,0.402924848375,0.304950393615,0.304950393615,0.60990078723,-4.4408920985e-16,-3.26128013484e-16,0.08,39492.6048301
2014-07-28,39448.2924855,-0.000468640024521,-0.00112204157782,23.8248111938,1.97971814594,0.000603272721469,5.01288318271e-05,11912.4055969,0.301636360734,0.328650682647,0.328650682647,0.657301365294,-5.13478148889e-16,-3.88578058619e-16,0.08,39448.2924855
2014-07-29,39399.4562085,-0.00061058992195,-0.00123798202354,24.0391521539,0.710394972855,0.000609383845011,1.80082565834e-05,12019.576077,0.304691922505,0.326731106212,0.326731106212,0.653462212424,-4.16333634234e-17,-4.85722573274e-17,0.08,39399.4562085
2014-07-30,39278.2212103,-0.00211760561846,-0.00307707288051,37.0971169823,0.705371392393,0.000941564187737,1.7903074313e-05,18548.5584911,0.470782093868,0.351038051414,0.351038051414,0.702076102828,1.38777878078e-17,1.11022302463e-16,0.08,39278.2212103
2014-07-31,39293.7392424,0.001356773501,0.000395079808327,37.0181025158,0.755515081462,0.000942458730948,1.92349617213e-05,18509.0512579,0.471229365474,0.33870896322,0.33870896322,0.677417926439,-1.94289029309e-16,-6.93889390391e-17,0.08,39293.7392424
2014-08-01,39313.0483388,0.00131615257819,0.000491403889816,31.6781918641,0.729268037251,0.000806189293124,1.85593952449e-05,15839.095932,0.403094646562,0.426490247674,0.426490247674,0.852980495349,-3.74700270811e-16,-2.63677968348e-16,0.08,39313.0483388
2014-08-04,39264.1814055,-0.000100840198823,-0.0012430207106,42.1464390317,2.75615863937,0.00107207252586,7.01079859191e-05,21073.2195159,0.536036262929,0.378345121624,0.378345121624,0.756690243248,-1.38777878078e-16,-1.14491749414e-16,0.08,39264.1814055
2014-08-05,39193.5573108,-0.000731291480636,-0.00179869010763,41.0965381722,0.8139951501,0.00104666738745,2.0731239541e-05,20548.2690861,0.523333693727,0.46960614518,0.46960614518,0.939212290359,-1.38777878078e-17,-5.55111512313e-17,0.08,39193.5573108
2014-08-06,39196.0796354,0.00107921035474,6.43555922757e-05,38.767245809,1.00852248573,0.00098912291889,2.57318435715e-05,19383.6229045,0.494561459445,0.339659298098,0.339659298098,0.679318596196,-6.93889390391e-18,-1.38777878078e-17,0.08,39196.0796354
2014-08-07,39163.7242134,-8.23297093934e-05,-0.000825475974479,28.3989235899,0.729496597104,0.000724534796697,1.86114683889e-05,14199.461795,0.362267398349,0.323701077696,0.323701077696,0.647402155391,1.94289029309e-16,1.38777878078e-16,0.08,39163.7242134
2014-08-08,39188.825532,0.00163281438844,0.000640932882276,38.1511250073,0.694648752572,0.000974144460815,1.77370453532e-05,19075.5625037,0.487072230408,0.424608586913,0.424608586913,0.849217173826,4.23272528138e-16,4.4408920985e-16,0.08,39188.825532
2014-08-11,39071.3536004,-0.00170294705372,-0.00299758745014,48.0001086498,2.73532797237,0.0012248417246,6.97986718213e-05,24000.0543249,0.612420862302,0.364797623517,0.364797623517,0.729595247035,-4.16333634234e-17,-5.55111512313e-17,0.08,39071.3536004
2014-08-12,39057.4902689,0.000331751249452,-0.000354820864151,26.0443080178,0.780993804988,0.000666583202725,1.99889108777e-05,13022.1540089,0.333291601363,0.302074627661,0.302074627661,0.604149255322,8.32667268469e-17,1.11022302463e-16,0.08,39057.4902689
2014-08-13,39056.6675854,0.000753199778849,-2.10633995721e-05,29.5942956346,0.646480922212,0.000757711144029,1.65520343924e-05,14797.1478173,0.378855572014,0.270566374471,0.270566374471,0.541132748943,8.32667268469e-17,8.32667268469e-17,0.08,39056.6675854
2014-08-14,39043.5897493,0.000554299861465,-0.000334842600331,34.1479048022,0.579036764248,0.00087431690703,1.48255547656e-05,17073.9524011,0.437158453515,0.337943939913,0.337943939913,0.675887879827,1.38777878078e-17,1.73472347598e-17,0.08,39043.5897493
2014-08-15,38982.8158119,-0.000481778452472,-0.00155656633414,41.240588377,0.722988742369,0.00105627040551,1.85174761596e-05,20620.2941885,0.528135202754,0.254405291718,0.254405291718,0.508810583435,1.94289029309e-16,1.80411241502e-16,0.08,38982.8158119
2014-08-18,38986.5201252,0.00109713266219,9.50242609619e-05,37.4347440021,1.63026322662,0.000960288353278,4.18200479536e-05,18717.3720011,0.480144176639,0.335991582953,0.335991582953,0.671983165906,1.80411241502e-16,2.08166817117e-16,0.08,38986.5201252
2014-08-19,38893.0965662,-0.00154247041902,-0.00239630412364,32.5702436696,0.717761238942,0.000835423206919,1.84104976961e-05,16285.1218348,0.417711603459,0.310179767112,0.310179767112,0.620359534223,1.52655665886e-16,1.52655665886e-16,0.08,38893.0965662
2014-08-20,38904.0972334,0.00104074127284,0.000282843696073,28.815950674,0.661032966311,0.00074090142514,1.69961516226e-05,14407.975337,0.37045071257,0.380136302407,0.380136302407,0.760272604813,4.68375338514e-17,6.93889390391e-17,0.08,38904.0972334
2014-08-21,38861.3966144,-0.000204069719207,-0.00109758668242,33.9511223413,0.810348475111,0.000872687576776,2.08293864332e-05,16975.5611707,0.436343788388,0.192022491879,0.192022491879,0.384044983759,6.59194920871e-17,6.93889390391e-17,0.08,38861.3966144
2014-08-22,38814.9552861,-0.000572579978937,-0.00119505041793,23.7811795301,0.408891080318,0.000611948658616,1.0521780377e-05,11890.5897651,0.305974329308,0.220441506564,0.220441506564,0.440883013127,0,1.73472347598e-17,0.08,38814.9552861
2014-08-25,38823.0843396,0.00074827440923,0.000209430963252,19.5086482804,1.40653598145,0.000502606485996,3.6236959983e-05,9754.32414022,0.251303242998,0.259976554155,0.259976554155,0.51995310831,-9.71445146547e-17,-6.93889390391e-17,0.08,38823.0843396
2014-08-26,38798.2603212,-6.80267058098e-05,-0.00063941386571,21.6299657795,0.553046119906,0.000557141869262,1.42452906386e-05,10814.9828897,0.278570934631,0.18368806414,0.18368806414,0.367376128279,-7.6327832943e-17,-7.6327832943e-17,0.08,38798.2603212
2014-08-27,38774.1046572,0.000264275003386,-0.000622596574649,34.0185660092,0.39050834687,0.000876806478629,1.00650994049e-05,17009.2830046,0.438403239315,0.286823691903,0.286823691903,0.573647383807,-5.6898930012e-16,-5.41233724505e-16,0.08,38774.1046572
2014-08-28,38753.5173193,0.000504137570524,-0.000530955856097,39.5254328073,0.609388046467,0.00101937705994,1.57163666796e-05,19762.7164036,0.50968852997,0.345991367973,0.345991367973,0.691982735946,-1.38777878078e-16,-7.6327832943e-17,0.08,38753.5173193
2014-08-29,38712.4546179,0.000469020387993,-0.00105958643879,58.5041852474,0.734705888825,0.00150964839566,1.89584311218e-05,29252.0926237,0.754824197832,0.401880575975,0.401880575975,0.80376115195,0,-2.08166817117e-17,0.08,38712.4546179
2014-09-02,38700.4284533,0.000755248868708,-0.000310653630296,37.8537769561,3.40992516367,0.000977819085092,8.80834139124e-05,18926.888478,0.488909542546,0.333463742085,0.333463742085,0.66692748417,-1.38777878078e-17,-1.38777878078e-17,0.08,38700.4284533
2014-09-03,38675.1443283,0.000645921304415,-0.000653329331228,49.5744225858,0.707133681772,0.00128097864978,1.82719858677e-05,24787.2112929,0.640489324888,0.365553863082,0.365553863082,0.731107726163,1.66533453694e-16,2.15105711021e-16,0.08,38675.1443283
2014-09-04,38581.6185361,-0.0011602989118,-0.00241824028763,47.8763876414,0.774676625448,0.00123791102717,2.0030348662e-05,23938.1938207,0.618955513586,0.276364009603,0.276364009603,0.552728019207,8.32667268469e-17,1.04083408559e-17,0.08,38581.6185361
2014-09-05,38581.2739247,0.00104086448683,-8.93201159102e-06,39.9185975882,0.584250454555,0.00103465326502,1.51432334029e-05,19959.2987941,0.517326632511,0.30999595191,0.30999595191,0.619991903819,8.32667268469e-17,6.24500451352e-17,0.08,38581.2739247
2014-09-08,38448.1802132,-0.0029256063863,-0.00344969716861,18.2540562686,1.96603376485,0.000473132543634,5.09582386701e-05,9127.0281343,0.236566271817,0.273778657488,0.273778657488,0.547557314975,2.08166817117e-17,-2.42861286637e-17,0.08,38448.1802132
2014-09-09,38378.1658988,-0.00134140189758,-0.00182100463682,17.8630694714,0.576783077349,0.000464601168957,1.50015702733e-05,8931.53473568,0.232300584479,0.303484312015,0.303484312015,0.60696862403,9.71445146547e-17,6.07153216592e-17,0.08,38378.1658988
2014-09-10,38376.8241501,0.000662778893735,-3.49612516128e-05,26.1397858867,0.638201165709,0.000681110867977,1.66292773707e-05,13069.8929433,0.340555433988,0.339638159476,0.339638159476,0.679276318951,1.14491749414e-16,6.93889390391e-17,0.08,38376.8241501
2014-09-11,38342.1139097,5.70632414e-05,-0.000904458385761,36.1859418037,0.714204598403,0.000942911317053,1.86103101083e-05,18092.9709018,0.471455658526,0.331273923883,0.331273923883,0.662547847766,9.71445146547e-17,9.02056207508e-17,0.08,38342.1139097
2014-09-12,38241.6461229,-0.00188656563509,-0.00262029858441,27.4368864305,0.695985891771,0.000715580953496,1.81519958292e-05,13718.4432153,0.357790476748,0.308149148281,0.308149148281,0.616298296562,-8.32667268469e-17,-3.46944695195e-17,0.08,38241.6461229
2014-09-15,38290.877763,0.00212459294461,0.00128738287104,30.0791739919,1.93711737232,0.000786555419066,5.0654654512e-05,15039.586996,0.393277709533,0.38349727764,0.38349727764,0.76699455528,-1.2490009027e-16,-9.71445146547e-17,0.08,38290.877763
2014-09-16,38313.2892146,0.00148204863485,0.000585294799358,33.5328642445,0.80462725373,0.00087574028603,2.10135494597e-05,16766.4321223,0.437870143015,0.27252925787,0.27252925787,0.545058515739,1.38777878078e-17,2.77555756156e-17,0.08,38313.2892146
2014-09-17,38263.3047453,-0.00087632613357,-0.00130462485272,15.8373961338,0.57213656308,0.000413365609125,1.49331100203e-05,7918.69806691,0.206682804563,0.26784016653,0.26784016653,0.53568033306,-5.55111512313e-17,-4.16333634234e-17,0.08,38263.3047453
2014-09-18,38184.0218119,-0.00155466653597,-0.00207203570066,19.2346951147,0.561558899451,0.000502692991176,1.46761735085e-05,9617.34755735,0.251346495588,0.233768497514,0.233768497514,0.467536995028,-9.02056207508e-17,-1.11022302463e-16,0.08,38184.0218119
2014-09-19,38206.5591782,0.00113237924297,0.000590230289898,20.2123194271,0.489108022356,0.000529339720333,1.28092327405e-05,10106.1597135,0.264669860166,0.299144452852,0.299144452852,0.598288905705,-2.77555756156e-17,-3.46944695195e-17,0.08,38206.5591782
2014-09-22,38143.1463859,-0.000879601763494,-0.00165973575274,27.9274496339,1.878785793,0.000730959558636,4.91744306059e-05,13963.7248169,0.365479779318,0.241678308513,0.241678308513,0.483356617027,-1.38777878078e-17,-6.93889390391e-17,0.08,38143.1463859
2014-09-23,38138.5854021,0.000773372002124,-0.000119575447498,33.5547090612,0.505116224653,0.000879704802579,1.32426470418e-05,16777.3545306,0.43985240129,0.313676387261,0.313676387261,0.627352774522,0,-2.77555756156e-17,0.08,38138.5854021
2014-09-24,38071.3500714,-0.000952261303198,-0.0017629214602,30.2619152637,0.655516366256,0.000793472409757,1.71877472472e-05,15130.9576319,0.396736204879,0.242971421745,0.242971421745,0.485942843489,2.77555756156e-17,4.16333634234e-17,0.08,38071.3500714
2014-09-25,38077.9846961,0.000766925377747,0.000174268175398,22.0563968063,0.50686301669,0.000579343699788,1.33135025614e-05,11028.1984032,0.289671849894,0.273631324236,0.273631324236,0.547262648472,1.66533453694e-16,1.45716771982e-16,0.08,38077.9846961
2014-09-26,38073.9217351,0.000506394228858,-0.000106701051256,22.7745105358,0.570922157625,0.000598101782896,1.49934972184e-05,11387.2552679,0.299050891448,0.257411801755,0.257411801755,0.514823603511,1.38777878078e-17,1.38777878078e-17,0.08,38073.9217351
2014-09-29,37990.3878776,-0.00143572000138,-0.00219399141809,27.2592964158,1.61107015787,0.000715957147925,4.23142687817e-05,13629.6482079,0.357978573963,0.219945620659,0.219945620659,0.439891241318,1.2490009027e-16,1.04083408559e-16,0.08,37990.3878776
2014-09-30,37971.3406563,0.000242804779383,-0.000501369488636,27.8136159705,0.457853120045,0.000732122453188,1.20518148306e-05,13906.8079853,0.366061226594,0.286244571483,0.286244571483,0.572489142967,3.74700270811e-16,3.74700270811e-16,0.08,37971.3406563
2014-10-01,37958.2304705,0.000599820472898,-0.000345265286034,35.2906067191,0.595566582729,0.000929401124878,1.56846340539e-05,17645.3033595,0.464700562439,0.245013638992,0.245013638992,0.490027277983,8.32667268469e-17,8.32667268469e-17,0.08,37958.2304705
2014-10-02,37926.7446857,9.66033411174e-05,-0.000829485053028,34.6430720886,0.509604612452,0.000912662989269,1.34254048763e-05,17321.5360443,0.456331494635,0.336133879876,0.336133879876,0.672267759752,2.56739074445e-16,2.49800180541e-16,0.08,37926.7446857
2014-10-03,37886.9656667,-0.000312342335902,-0.00104883820925,27.2343449865,0.698545963959,0.000718077578558,1.84182947877e-05,13617.1724932,0.359038789279,0.310274225552,0.310274225552,0.620548451104,6.93889390391e-17,8.67361737988e-17,0.08,37886.9656667
2014-10-06,37840.4792477,-0.000218293218451,-0.00122697656556,36.2835652148,1.9323861256,0.000957679364825,5.10039822825e-05,18141.7826074,0.478839682413,0.395007876981,0.395007876981,0.790015753962,1.94289029309e-16,1.2490009027e-16,0.08,37840.4792477
2014-10-07,37787.484823,-0.000382117454872,-0.00140046917346,37.715887629,0.819029445017,0.000996707451354,2.16442672318e-05,18857.9438145,0.498353725677,0.4450111715,0.4450111715,0.890022343,8.32667268469e-17,4.16333634234e-17,0.08,37787.484823
2014-10-08,37726.6013968,-0.000434385001963,-0.0016112061029,43.5476928944,0.921416596663,0.00115243692716,2.43841737808e-05,21773.8464472,0.576218463579,0.273166975445,0.273166975445,0.546333950891,3.1918911958e-16,2.77555756156e-16,0.08,37726.6013968
2014-10-09,37649.2556299,-0.000952702670622,-0.00205016524268,40.8388392179,0.564693786159,0.00108249451861,1.49680534491e-05,20419.419609,0.541247259306,0.424505642404,0.424505642404,0.849011284807,8.81239525796e-16,7.73686670286e-16,0.08,37649.2556299
2014-10-10,37538.2076756,-0.001816110459,-0.00294953917218,41.7970037201,0.875743640942,0.00111016813004,2.32605831454e-05,20898.5018601,0.555084065021,0.344712136846,0.344712136846,0.689424273692,1.31838984174e-16,2.15105711021e-16,0.08,37538.2076756
2014-10-13,37453.5221962,-0.00129973027057,-0.00225598089755,33.7688317575,2.12710286815,0.000899585618186,5.66650087966e-05,16884.4158787,0.449792809093,0.245969541975,0.245969541975,0.49193908395,7.32053306862e-16,6.93889390391e-16,0.08,37453.5221962
2014-10-14,37423.3275211,-4.40340119494e-05,-0.000806190535391,28.0406558184,0.504790449312,0.00074867874032,1.34777831219e-05,14020.3279092,0.37433937016,0.306032338407,0.306032338407,0.612064676814,6.0368376964e-16,5.55111512313e-16,0.08,37423.3275211
2014-10-15,37554.1323533,0.00458738587006,0.00349527529894,40.2428637333,0.627547859301,0.00107534167587,1.67688952552e-05,20121.4318666,0.537670837937,0.362886581766,0.362886581766,0.725773163532,3.60822483003e-16,3.60822483003e-16,0.08,37554.1323533
2014-10-16,37598.4466119,0.00221420830186,0.00118001018088,38.0916793771,0.746733738132,0.00101431392473,1.98841962612e-05,19045.8396885,0.507156962364,0.288101888013,0.288101888013,0.576203776025,7.00828284295e-16,6.80011602583e-16,0.08,37598.4466119
2014-10-17,37597.7930539,0.00104702634587,-1.73825790416e-05,39.4265778376,0.593544298916,0.00104862252009,1.57864048226e-05,19713.2889188,0.524311260045,0.382308210665,0.382308210665,0.76461642133,-4.16333634234e-17,-5.55111512313e-17,0.08,37597.7930539
2014-10-20,37591.1604161,0.000777965750222,-0.000176410296591,33.5195928318,2.3628402719,0.000891530861498,6.28451853148e-05,16759.7964159,0.445765430749,0.290879776063,0.290879776063,0.581759552126,-2.77555756156e-16,-2.49800180541e-16,0.08,37591.1604161
2014-10-21,37589.3155116,0.000813846523205,-4.90781466177e-05,31.8391885492,0.599151141029,0.000846986051956,1.59386178665e-05,15919.5942746,0.423493025978,0.319092923979,0.319092923979,0.638185847957,-3.50414142147e-16,-3.05311331772e-16,0.08,37589.3155116
2014-10-22,37570.3644694,0.000293779941279,-0.00050416034156,29.3367970184,0.65723203271,0.00078045573906,1.74845437797e-05,14668.3985092,0.39022786953,0.236541587881,0.236541587881,0.473083175763,-1.63064006742e-16,-1.38777878078e-16,0.08,37570.3644694
2014-10-23,37553.0084282,0.000207164302299,-0.00046196095051,24.6523232583,0.486956365418,0.000656164069911,1.29611828976e-05,12326.1616292,0.328082034956,0.212196670187,0.212196670187,0.424393340375,-3.67761376907e-16,-3.33066907388e-16,0.08,37553.0084282
2014-10-24,37518.8116829,-0.000360296106926,-0.000910625984932,20.2299056515,0.43663689556,0.000538702663201,1.16272148048e-05,10114.9528257,0.269351331601,0.172795766007,0.172795766007,0.345591532015,-5.96744875736e-16,-5.51642065361e-16,0.08,37518.8116829
2014-10-27,37467.9373444,-0.000998530274435,-0.0013559688121,12.3449554615,1.06571372128,0.000329033754209,2.84047834533e-05,6172.47773074,0.164516877105,0.174530614034,0.174530614034,0.349061228068,-1.87350135405e-16,-1.5092094241e-16,0.08,37467.9373444
2014-10-28,37477.9815371,0.00119880308568,0.000268074344932,34.5141682189,0.358317923906,0.000921165419429,9.56332131692e-06,17257.0841095,0.460582709714,0.349482359462,0.349482359462,0.698964718925,-1.66533453694e-16,-1.2490009027e-16,0.08,37477.9815371
2014-10-29,37455.4051955,0.000579520277951,-0.000602389473619,43.577899058,0.717692789889,0.00116276003324,1.91497183267e-05,21788.949529,0.581380016622,0.354998598673,0.354998598673,0.709997197345,-5.55111512313e-17,-6.24500451352e-17,0.08,37455.4051955
2014-10-30,37443.8613631,0.000485348606811,-0.000308202045026,28.9941794896,0.728581718199,0.000774098673828,1.94519780095e-05,14497.0897448,0.387049336914,0.311596920124,0.311596920124,0.623193840248,-1.38777878078e-16,-1.11022302463e-16,0.08,37443.8613631
2014-10-31,37387.4622588,-0.000561057652977,-0.00150623098683,34.7516301328,0.639309144016,0.000928099530008,1.70738038424e-05,17375.8150664,0.464049765004,0.39900510317,0.39900510317,0.798010206341,5.55111512313e-17,2.77555756156e-17,0.08,37387.4622588
2014-11-03,37211.5589637,-0.00372841613816,-0.00470487389251,34.0550382761,2.45223916206,0.000910867874379,6.55898799732e-05,17027.5191381,0.45543393719,0.362924678733,0.362924678733,0.725849357466,-5.55111512313e-17,-5.55111512313e-17,0.08,37211.5589637
2014-11-04,37129.5876432,-0.00107025189991,-0.00220284564202,41.4055791956,0.739999620935,0.00111270745835,1.98862837662e-05,20702.7895978,0.556353729173,0.348487249636,0.348487249636,0.696974499273,-1.11022302463e-16,-5.55111512313e-17,0.08,37129.5876432
2014-11-05,37051.5706058,-0.000937146422328,-0.00210120936988,42.5121806374,0.708996596051,0.00114496775579,1.90951917609e-05,21256.0903187,0.572483877897,0.439728798262,0.439728798262,0.879457596524,1.66533453694e-16,2.32452945781e-16,0.08,37051.5706058
2014-11-06,37136.3796809,0.00307217270669,0.0022889468323,28.1270012446,0.892747540614,0.000759131145717,2.40947286719e-05,14063.5006223,0.379565572859,0.399608309287,0.399608309287,0.799216618574,5.55111512313e-17,1.38777878078e-17,0.08,37136.3796809
2014-11-07,37320.3700398,0.00584119020156,0.004954450607,32.1171472537,0.813151008074,0.000864843248847,2.18963457144e-05,16058.5736268,0.432421624424,0.292204359497,0.292204359497,0.584408718995,6.93889390391e-17,6.93889390391e-17,0.08,37320.3700398
2014-11-10,37270.8735526,0.000314107622355,-0.00132625928232,59.4264684056,1.79263147787,0.00159233331133,4.8033593342e-05,29713.2342028,0.796166655666,0.487503741797,0.487503741797,0.975007483594,1.80411241502e-16,1.94289029309e-16,0.08,37270.8735526
2014-11-11,37275.6917839,0.00158700836402,0.000129276048921,53.3353573201,0.995599469422,0.0014310197813,2.67125337971e-05,26667.67866,0.71550989065,0.273303557425,0.273303557425,0.54660711485,1.66533453694e-16,9.71445146547e-17,0.08,37275.6917839
2014-11-12,37216.9984992,-0.000874335416682,-0.00157457264678,25.5436036486,0.558223516165,0.000685261692706,1.49755373932e-05,12771.8018243,0.342630846353,0.22281927879,0.22281927879,0.44563855758,0,0,0.08,37216.9984992
2014-11-13,37171.4058532,-0.000655628753324,-0.00122504897819,20.7377190645,0.454392589825,0.000557210949317,1.22092755501e-05,10368.8595322,0.278605474658,0.185102951932,0.185102951932,0.370205903863,4.16333634234e-17,4.07660016855e-17,0.08,37171.4058532
2014-11-14,37092.9244047,-0.00149804333988,-0.00211133925917,22.4200558005,0.377015723336,0.00060315329178,1.01426275031e-05,11210.0279002,0.30157664589,0.271997352071,0.271997352071,0.543994704141,1.94289029309e-16,1.96023752785e-16,0.08,37092.9244047
2014-11-17,37077.5953199,0.000316113953485,-0.000413261695026,25.3961809076,1.65849488526,0.00068466375502,4.47118934911e-05,12698.0904538,0.34233187751,0.39793859183,0.39793859183,0.795877183659,6.38378239159e-16,6.73072708679e-16,0.08,37077.5953199
2014-11-18,36989.7252146,-0.00171162827474,-0.00236989763084,23.5985732313,0.808471565482,0.000636464501748,2.18048543468e-05,11799.2866157,0.318232250874,0.399657741908,0.399657741908,0.799315483816,9.15933995316e-16,9.47159017883e-16,0.08,36989.7252146
2014-11-19,36935.0397639,-0.000816394257949,-0.00147839569928,23.6772114037,0.810040002908,0.000640102386982,2.18990543511e-05,11838.6057018,0.320051193491,0.364277058555,0.364277058555,0.72855411711,3.46944695195e-16,4.30211422042e-16,0.08,36935.0397639
2014-11-20,36895.7536001,-0.000213177966681,-0.00106365565331,30.6751894947,0.737237679059,0.000830517299854,1.99603867701e-05,15337.5947474,0.415258649927,0.308070447185,0.308070447185,0.61614089437,7.21644966006e-16,6.93889390391e-16,0.08,36895.7536001
2014-11-21,36891.1555622,0.000885161167513,-0.000124622414605,36.6339047936,0.622821441688,0.00099290300967,1.68805724485e-05,18316.9523968,0.496451504835,0.343831712261,0.343831712261,0.687663424522,0,2.77555756156e-17,0.08,36891.1555622
2014-11-24,36832.4956806,-0.000658439975658,-0.00159007980808,32.2841714896,2.08509849604,0.00087511955095,5.65202814675e-05,16142.0857448,0.437559775475,0.350819765209,0.350819765209,0.701639530419,8.32667268469e-17,9.71445146547e-17,0.08,36832.4956806
2014-11-25,36793.2892428,-5.81807368577e-05,-0.00106445238287,36.3554649602,0.708031095165,0.000987048645181,1.92230008334e-05,18177.7324801,0.49352432259,0.390094220487,0.390094220487,0.780188440974,-1.38777878078e-17,2.77555756156e-17,0.08,36793.2892428
2014-11-26,36860.868864,0.00272258611707,0.00183673769087,31.8068198645,0.786457506101,0.000864473400422,2.13750257801e-05,15903.4099322,0.432236700211,0.263709979026,0.263709979026,0.527419958053,-1.38777878078e-16,-1.5959455979e-16,0.08,36860.868864
2014-11-28,36793.5380274,-0.000554450495369,-0.00182662098451,45.8280406463,1.06526892658,0.00124327076541,2.88997237289e-05,22914.0203231,0.621635382707,0.348072937549,0.348072937549,0.696145875097,1.52655665886e-16,2.08166817117e-16,0.08,36793.5380274
2014-12-01,36913.0324525,0.00407621810932,0.00324770140423,28.3788277669,2.10523312833,0.00077129923591,5.72174691861e-05,14189.4138835,0.385649617955,0.29515106023,0.29515106023,0.59030212046,1.94289029309e-16,1.90819582357e-16,0.08,36913.0324525
2014-12-02,36926.7614726,0.00126571621514,0.000371928806632,32.3954216615,0.596981954228,0.00087761474767,1.61726608345e-05,16197.7108308,0.438807373835,0.323575031343,0.323575031343,0.647150062686,9.71445146547e-17,6.41847686111e-17,0.08,36926.7614726
2014-12-03,36948.1723626,0.00147955539857,0.000579820410751,32.5695826811,0.654716602789,0.000882004849119,1.77301387037e-05,16284.7913406,0.441002424559,0.263998080392,0.263998080392,0.527996160784,-2.77555756156e-17,-4.33680868994e-17,0.08,36948.1723626
2014-12-04,36950.0846499,0.000652776648044,5.17559366033e-05,21.6721375753,0.534479264533,0.0005865550632,1.44656482407e-05,10836.0687876,0.2932775316,0.254148613825,0.254148613825,0.508297227649,5.55111512313e-17,-3.46944695195e-18,0.08,36950.0846499
2014-12-05,36837.6705392,-0.00210458885386,-0.0030423234961,34.1348093253,0.514565084629,0.000923808690799,1.39259514424e-05,17067.4046627,0.4619043454,0.395540415206,0.395540415206,0.791080830412,-1.52655665886e-16,-2.42861286637e-16,0.08,36837.6705392
2014-12-08,36478.3560059,-0.00867220776836,-0.00975399714429,37.4554026783,2.39519794525,0.00101676903371,6.50203422256e-05,18727.7013391,0.508384516855,0.403515471163,0.403515471163,0.807030942326,-2.77555756156e-16,-2.77555756156e-16,0.08,36478.3560059
2014-12-09,36552.6206541,0.0031883610347,0.00203585512974,41.234968316,0.806552384164,0.00113039546819,2.21104367761e-05,20617.484158,0.565197734093,0.45530982146,0.45530982146,0.91061964292,-4.4408920985e-16,-5.06539254985e-16,0.08,36552.6206541
2014-12-10,36435.9974328,-0.00234071349546,-0.00319055704373,30.1520763872,0.911932448434,0.000824895064912,2.49484833677e-05,15076.0381936,0.412447532456,0.396313186847,0.396313186847,0.792626373693,-4.99600361081e-16,-4.02455846427e-16,0.08,36435.9974328
2014-12-11,36371.4332503,-0.0010608671337,-0.00177198888794,25.1191939045,0.791236507317,0.000689405963177,2.17157910601e-05,12559.5969522,0.344702981588,0.314378345652,0.314378345652,0.628756691303,-8.32667268469e-17,-5.55111512313e-17,0.08,36371.4332503
2014-12-12,36313.8446122,-0.00108901700126,-0.0015833480545,17.3529869333,0.626541973381,0.000477104842525,1.72262107206e-05,8676.49346664,0.238552421262,0.350543649205,0.350543649205,0.701087298411,-1.66533453694e-16,-1.94289029309e-16,0.08,36313.8446122
2014-12-15,36321.3400765,0.00124983286486,0.000206407898152,35.7982371564,2.0925349491,0.000985801353139,5.7623613568e-05,17899.1185782,0.492900676569,0.3511961819,0.3511961819,0.702392363801,-4.16333634234e-17,-5.55111512313e-17,0.08,36321.3400765
2014-12-16,36505.4296428,0.00651611802291,0.00506835832163,51.8856181603,0.69895429898,0.00142851607488,1.92436264055e-05,25942.8090802,0.714258037438,0.446967926583,0.446967926583,0.893935853165,2.77555756156e-16,3.05311331772e-16,0.08,36505.4296428
2014-12-17,36437.067106,-0.000535730601414,-0.00187266763841,47.911392108,0.894068832681,0.00131244564375,2.44913932374e-05,23955.696054,0.656222821877,0.375725782966,0.375725782966,0.751451565933,1.94289029309e-16,1.31838984174e-16,0.08,36437.067106
2014-12-18,36275.8931015,-0.00332818903615,-0.00442335284697,39.1544013457,0.750155921502,0.00107457609669,2.05877141351e-05,19577.2006728,0.537288048346,0.403640384867,0.403640384867,0.807280769735,0,0,0.08,36275.8931015
2014-12-19,36221.4301893,-0.000511212316044,-0.00150135275868,35.1159047181,0.802324134406,0.000968023161272,2.21172813626e-05,17557.9523591,0.484011580636,0.224565800503,0.224565800503,0.449131601005,-9.71445146547e-17,-1.04083408559e-16,0.08,36221.4301893
2014-12-22,36260.839787,0.00175008796961,0.00108801881935,22.6439800878,1.33711141904,0.000625154224155,3.691492611e-05,11321.9900439,0.312577112078,0.226495940432,0.226495940432,0.452991880864,-1.94289029309e-16,-1.94289029309e-16,0.08,36260.839787
2014-12-23,36205.6806436,-0.000836622778164,-0.00152117666746,24.3724751788,0.450023726489,0.000672143152832,1.2410736462e-05,12186.2375894,0.336071576416,0.327895657152,0.327895657152,0.655791314304,-2.22044604925e-16,-2.08166817117e-16,0.08,36205.6806436
2014-12-24,36184.5595898,0.000437223881922,-0.000583362982804,36.3005387812,0.650503312179,0.0010026199794,1.79668853234e-05,18150.2693906,0.501309989701,0.293807783399,0.293807783399,0.587615566799,-5.55111512313e-17,-2.77555756156e-17,0.08,36184.5595898
2014-12-26,36223.8723712,0.00166282641901,0.00108645184361,19.6907856222,1.16507454755,0.000544176462155,3.21981132493e-05,9845.39281109,0.272088231077,0.322487052913,0.322487052913,0.644974105825,-2.77555756156e-17,-2.77555756156e-17,0.08,36223.8723712
2014-12-29,36232.5902347,0.00106354902449,0.000240666247212,27.8877163422,1.92028435826,0.000769871206932,5.30115703418e-05,13943.8581711,0.384935603466,0.278467164302,0.278467164302,0.556934328604,2.77555756156e-17,5.55111512313e-17,0.08,36232.5902347
2014-12-30,36213.6640186,0.000581742652037,-0.000522353381189,39.4514050882,0.55285406345,0.00108883755847,1.52584747563e-05,19725.7025441,0.544418779235,0.315963347469,0.315963347469,0.631926694938,0,3.46944695195e-17,0.08,36213.6640186
2014-12-31,36140.3001163,-0.00110680704789,-0.00202586245633,32.6553944328,0.626969342874,0.000901742348302,1.73130601353e-05,16327.6972164,0.450871174151,0.348049614103,0.348049614103,0.696099228206,-1.52655665886e-16,-1.52655665886e-16,0.08,36140.3001163
2015-01-02,36126.5892106,0.00120626292053,-0.000379379963837,55.9271310871,1.37847863113,0.0015475004609,3.81424234633e-05,27963.5655435,0.77375023045,0.360137206036,0.360137206036,0.720274412071,-2.22044604925e-16,-2.63677968348e-16,0.08,36126.5892106
2015-01-05,36109.4275659,0.000342574224029,-0.000475041930997,27.3989658848,2.13871707976,0.000758415518417,5.92006366086e-05,13699.4829424,0.379207759209,0.336201230803,0.336201230803,0.672402461605,-1.11022302463e-16,-1.94289029309e-16,0.08,36109.4275659
2015-01-06,36087.6302919,0.000510188765299,-0.000603644960663,39.5546909061,0.665207341985,0.00109541174071,1.84219852495e-05,19777.345453,0.547705870356,0.326308212746,0.326308212746,0.652616425493,1.31838984174e-16,1.38777878078e-17,0.08,36087.6302919
2015-01-07,36028.2626484,-0.000603036859626,-0.00164509675443,36.9602289302,0.645243295495,0.00102417999274,1.78799020683e-05,18480.1144651,0.512089996369,0.280461501115,0.280461501115,0.560923002231,4.30211422042e-16,3.57353036051e-16,0.08,36028.2626484
2015-01-08,36023.6841936,0.000453042407681,-0.000127079534321,20.3471122357,0.553673458901,0.000564754188516,1.53677534858e-05,10173.5561178,0.282377094258,0.251324404166,0.251324404166,0.502648808331,7.6327832943e-16,7.07767178199e-16,0.08,36023.6841936
2015-01-09,35946.9836878,-0.0013009201669,-0.00212916883654,29.3404791409,0.496089367989,0.000814477469412,1.37712002283e-05,14670.2395704,0.407238734706,0.362996937529,0.362996937529,0.725993875058,5.6898930012e-16,5.55111512313e-16,0.08,35946.9836878
2015-01-12,35911.92894,-0.000387319970422,-0.000975179116282,18.9867803885,2.14498273842,0.000528188416403,5.96707294568e-05,9493.39019426,0.264094208202,0.361464891469,0.361464891469,0.722929782937,4.71844785466e-16,4.64905891562e-16,0.08,35911.92894
2015-01-13,35898.4668611,0.000126795327754,-0.000374863710136,17.3042614471,0.711282273794,0.000481852742468,1.98062954229e-05,8652.13072353,0.240926371234,0.404136318383,0.404136318383,0.808272636767,1.11022302463e-16,2.04697370165e-16,0.08,35898.4668611
2015-01-14,35697.0159437,-0.00454490737622,-0.00561168581888,37.5007585593,0.794952012759,0.00104463398686,2.21444558018e-05,18750.3792797,0.522316993431,0.392130697228,0.392130697228,0.784261394456,2.01227923213e-16,2.01227923213e-16,0.08,35697.0159437
2015-01-15,35513.2326929,-0.00422057267807,-0.00514842056023,32.3543926562,0.767007986354,0.000906361268605,2.14866135467e-05,16177.1963281,0.453180634303,0.361583762201,0.361583762201,0.723167524403,2.22044604925e-16,2.98372437868e-16,0.08,35513.2326929
2015-01-16,35427.4347647,-0.00161136556162,-0.00241594249884,27.8695110983,0.70361689233,0.000784764128328,1.98128088877e-05,13934.7555492,0.392382064164,0.332914048511,0.332914048511,0.665828097021,3.60822483003e-16,4.1806835771e-16,0.08,35427.4347647
2015-01-20,35326.7564007,-0.00201437007845,-0.00284181919322,26.7293495101,2.5850500243,0.000754481652076,7.29674626873e-05,13364.6747551,0.377240826038,0.297139201077,0.297139201077,0.594278402155,6.93889390391e-17,0,0.08,35326.7564007
2015-01-21,35274.3432095,-0.000870993880309,-0.00148366837077,21.0686263583,0.575176119098,0.000596392890401,1.6281600059e-05,10534.3131791,0.298196445201,0.386138607465,0.386138607465,0.77227721493,1.38777878078e-16,1.80411241502e-16,0.08,35274.3432095
2015-01-22,35370.7103759,0.00323339822402,0.00273193368314,16.942487897,0.746344425543,0.000480306261022,2.11582798611e-05,8471.24394849,0.240153130511,0.328470599752,0.328470599752,0.656941199505,0,0,0.08,35370.7103759
2015-01-23,35251.0336667,-0.00247837943895,-0.00338349747254,31.3780520168,0.636615805526,0.000887119644568,1.79983890275e-05,15689.0260084,0.443559822284,0.224226404236,0.224226404236,0.448452808471,-5.20417042793e-17,-5.55111512313e-17,0.08,35251.0336667
2015-01-26,35257.4833016,0.00106826677912,0.000182963000341,29.9085507042,1.2993226068,0.000848444643836,3.68591349428e-05,14954.2753521,0.424222321918,0.350614826516,0.350614826516,0.701229653031,-1.17961196366e-16,-4.16333634234e-17,0.08,35257.4833016
2015-01-27,35272.4207874,0.0011648674058,0.000423668519673,25.4554486443,0.677358706366,0.000721987114807,1.92117713159e-05,12727.7243222,0.360993557403,0.285105518658,0.285105518658,0.570211037317,-1.80411241502e-16,-1.11022302463e-16,0.08,35272.4207874
2015-01-28,35117.9971544,-0.00346617886087,-0.00437802763505,31.6120801328,0.551033524544,0.000896226553979,1.56222202005e-05,15806.0400664,0.448113276989,0.213690584823,0.213690584823,0.427381169645,-1.66533453694e-16,-1.63064006742e-16,0.08,35117.9971544
2015-01-29,35127.3802592,0.000740515735167,0.0002671879256,16.2111254723,0.411199197246,0.000461618736426,1.1709073141e-05,8105.56273613,0.230809368213,0.250899483181,0.250899483181,0.501798966362,6.24500451352e-17,5.55111512313e-17,0.08,35127.3802592
2015-01-30,35042.3011557,-0.00178412150805,-0.00242201675435,21.9246605781,0.482928304249,0.000624147329413,1.37479168866e-05,10962.330289,0.312073664707,0.299681573413,0.299681573413,0.599363146826,3.33066907388e-16,3.46944695195e-16,0.08,35042.3011557
2015-02-02,35092.7806741,0.00209614921272,0.00144053092202,21.2480943619,1.72627922406,0.000606355566305,4.92627243967e-05,10624.047181,0.303177783153,0.24903185026,0.24903185026,0.498063700519,2.49800180541e-16,3.33066907388e-16,0.08,35092.7806741
2015-02-03,34972.5618661,-0.00311653941142,-0.00342574186703,10.371912583,0.478861375454,0.000295556874769,1.36455808361e-05,5185.95629149,0.147778437384,0.219463967054,0.219463967054,0.438927934107,1.31838984174e-16,1.80411241502e-16,0.08,34972.5618661
2015-02-04,34991.1475935,0.00114623218146,0.000531437399758,21.0803886933,0.420559844667,0.000602769358847,1.20254228522e-05,10540.1943466,0.301384679424,0.205396011528,0.205396011528,0.410792023056,0,5.89805981832e-17,0.08,34991.1475935
2015-02-05,35048.028579,0.00208757344572,0.00162558216675,15.7717945003,0.393810529013,0.000450736702996,1.12545759741e-05,7885.89725016,0.225368351498,0.164726839504,0.164726839504,0.329453679008,6.93889390391e-18,2.08166817117e-17,0.08,35048.028579
2015-02-06,34992.5552744,-0.00118229611513,-0.00158277959692,13.7198085163,0.316347998831,0.000391457353598,9.02612819199e-06,6859.90425817,0.195728676799,0.189826267708,0.189826267708,0.379652535416,6.93889390391e-18,3.46944695195e-17,0.08,34992.5552744
2015-02-09,34941.5736188,-0.000496773092291,-0.00145692863029,32.5063769138,1.09191882169,0.000928951220021,3.12043179794e-05,16253.1884569,0.46447561001,0.344656872026,0.344656872026,0.689313744052,-1.2490009027e-16,-1.80411241502e-16,0.08,34941.5736188
2015-02-10,34905.3181458,-0.000608142878588,-0.00103760275361,14.3461214575,0.65988238176,0.000410574566962,1.88853080562e-05,7173.06072876,0.205287283481,0.301659740959,0.301659740959,0.603319481917,-1.90819582357e-16,-2.35922392733e-16,0.08,34905.3181458
2015-02-11,34876.441614,-0.000122425895197,-0.000827281725697,24.0262565048,0.57696050575,0.000688326529626,1.65293008744e-05,12013.1282524,0.344163264813,0.196473759695,0.196473759695,0.392947519389,1.38777878078e-17,1.38777878078e-17,0.08,34876.441614
2015-02-12,34751.0167678,-0.00307618343888,-0.00359626270206,17.7630452567,0.375468800475,0.000509313577725,1.07656854627e-05,8881.52262837,0.254656788863,0.243271424373,0.243271424373,0.486542848747,-1.80411241502e-16,-1.38777878078e-16,0.08,34751.0167678
2015-02-13,34834.238075,0.00282006395337,0.00239478768999,14.3155535545,0.463229005344,0.000411946322323,1.33299410616e-05,7157.77677725,0.205973161162,0.233311947054,0.233311947054,0.466623894109,-1.66533453694e-16,-1.2490009027e-16,0.08,34834.238075
2015-02-17,34828.1686415,0.000494413945278,-0.000174237583524,21.5106528099,1.78131373357,0.000617514663694,5.11368651078e-05,10755.326405,0.308757331847,0.290038261344,0.290038261344,0.580076522687,6.93889390391e-18,6.93889390391e-17,0.08,34828.1686415
2015-02-18,34758.7847149,-0.00140321558826,-0.001992178439,19.9589905587,0.553506930333,0.000573070343266,1.58925074709e-05,9979.49527936,0.286535171633,0.316894743776,0.316894743776,0.633789487553,-8.32667268469e-17,-4.16333634234e-17,0.08,34758.7847149
2015-02-19,34647.1225811,-0.0020326524652,-0.00321248670551,40.406049499,0.60355485897,0.00116247014475,1.73640955494e-05,20203.0247495,0.581235072377,0.468633204806,0.468633204806,0.937266409613,-2.60208521397e-16,-1.52655665886e-16,0.08,34647.1225811
2015-02-20,34588.7304977,-0.000266735640935,-0.00168533716763,48.2607737512,0.889687237945,0.00139292299493,2.56785317702e-05,24130.3868756,0.696461497463,0.332752308387,0.332752308387,0.665504616774,-2.35922392733e-16,-1.67400815432e-16,0.08,34588.7304977
2015-02-23,34529.6487549,-0.000722744500162,-0.00170812116796,32.1909586998,1.89196930147,0.000930677658203,5.46990095979e-05,16095.4793499,0.465338829102,0.338691592103,0.338691592103,0.677383184206,-1.31838984174e-16,-1.35308431126e-16,0.08,34529.6487549
2015-02-24,34524.048741,0.000609908434665,-0.000162179868062,26.0191213688,0.64081653214,0.000753529859324,1.85584434029e-05,13009.5606844,0.376764929662,0.220371963777,0.220371963777,0.440743927555,-2.77555756156e-17,6.93889390391e-18,0.08,34524.048741
2015-02-25,34620.166386,0.00349715823658,0.00278407801209,24.2015324583,0.416883968143,0.000701005048389,1.20751760974e-05,12100.7662291,0.350502524194,0.250568943881,0.250568943881,0.501137887761,0,0,0.08,34620.166386
2015-02-26,34552.8088513,-0.00107205444113,-0.00194561556777,29.7675034142,0.475328138538,0.000859831321497,1.37298051441e-05,14883.7517071,0.429915660749,0.312975470974,0.312975470974,0.625950941949,-1.11022302463e-16,-7.97972798949e-17,0.08,34552.8088513
2015-02-27,34535.8584917,0.000397911368828,-0.000490563870941,30.1067572317,0.592557897191,0.000871325898894,1.71493408753e-05,15053.3786159,0.435662949447,0.294648034385,0.294648034385,0.589296068771,-5.55111512313e-17,-6.93889390391e-17,0.08,34535.8584917
2015-03-02,34431.6336492,-0.00239308769336,-0.00301787321953,19.9047500833,1.67275443623,0.000576350232847,4.84352933236e-05,9952.37504163,0.288175116424,0.279398533906,0.279398533906,0.558797067813,1.2490009027e-16,9.71445146547e-17,0.08,34431.6336492
2015-03-03,34419.9791058,0.000244066615499,-0.000338483603138,19.5310243152,0.527131395156,0.00056724070993,1.53095087072e-05,9765.51215761,0.283620354965,0.304924472589,0.304924472589,0.609848945178,5.55111512313e-17,1.38777878078e-17,0.08,34419.9791058
2015-03-04,34371.4696175,-0.000844293684689,-0.00140934101557,18.8738217624,0.575095560294,0.000548339140601,1.67081902789e-05,9436.9108812,0.274169570301,0.254865730321,0.254865730321,0.509731460642,8.32667268469e-17,8.32667268469e-17,0.08,34371.4696175
2015-03-05,34415.2497208,0.00190770363277,0.00127373382097,21.3104681133,0.480006011303,0.0006200045663,1.39652454971e-05,10655.2340566,0.31000228315,0.28110329544,0.28110329544,0.562206590879,6.93889390391e-17,9.71445146547e-17,0.08,34415.2497208
2015-03-06,34465.9767957,0.00254607630898,0.00147397085005,36.3666817478,0.530095348488,0.00105670253864,1.54029202981e-05,18183.3408739,0.528351269319,0.307541540385,0.307541540385,0.615083080771,2.08166817117e-17,-2.77555756156e-17,0.08,34465.9767957
2015-03-09,34369.4348564,-0.001812675787,-0.00280107945061,32.3238780754,1.74241965939,0.000937848889848,5.0554773762e-05,16161.9390377,0.468924444924,0.336145497191,0.336145497191,0.672290994383,-2.08166817117e-16,-1.94289029309e-16,0.08,34369.4348564
2015-03-10,34374.8730996,0.000909910974723,0.000158229054529,25.2018345276,0.633048261259,0.000733262988841,1.8418931353e-05,12600.9172638,0.36663149442,0.328586537182,0.328586537182,0.657173074363,6.93889390391e-18,-1.38777878078e-17,0.08,34374.8730996
2015-03-11,34274.2987303,-0.00203632845558,-0.00292581063379,29.956926287,0.618910713306,0.000871477436446,1.80047417634e-05,14978.4631435,0.435738718223,0.367231000602,0.367231000602,0.734462001204,0,0,0.08,34274.2987303
2015-03-12,34405.0671625,0.00486787199546,0.00381534960593,35.3847909078,0.689675891379,0.00103240014293,2.01222466083e-05,17692.3954539,0.516200071463,0.415567742032,0.415567742032,0.831135484064,-4.4408920985e-16,-5.27355936697e-16,0.08,34405.0671625
2015-03-13,34341.7641586,-0.000369643747318,-0.00183993257705,49.8019538216,0.783432113707,0.00144751799456,2.27708351798e-05,24900.9769108,0.723758997278,0.270355343701,0.270355343701,0.540710687401,1.38777878078e-17,5.55111512313e-17,0.08,34341.7641586
2015-03-16,34304.1656819,-6.10172797979e-05,-0.00109483241789,33.9768198555,1.52621580039,0.000989373163786,4.4441974307e-05,16988.4099278,0.494686581893,0.405227257125,0.405227257125,0.81045451425,-8.60422844084e-16,-9.40220123979e-16,0.08,34304.1656819
2015-03-17,34264.5240268,-0.000487812864658,-0.00115559303816,22.1459440141,0.761697696834,0.000645575940237,2.22042332671e-05,11072.9720071,0.322787970119,0.36573454769,0.36573454769,0.73146909538,-4.71844785466e-16,-5.34294830601e-16,0.08,34264.5240268
2015-03-18,34294.2893046,0.00165060106362,0.000868690827218,26.1051124821,0.686669599823,0.00076186998721,2.00402491885e-05,13052.556241,0.380934993605,0.264197646816,0.264197646816,0.528395293631,-1.38777878078e-16,-1.66533453694e-16,0.08,34294.2893046
2015-03-19,34246.8829165,-0.000513321058777,-0.00138234058722,29.3059429809,0.496464138821,0.000854542945055,1.44765833872e-05,14652.9714904,0.427271472528,0.333069283773,0.333069283773,0.666138567546,-6.93889390391e-18,-5.55111512313e-17,0.08,34246.8829165
2015-03-20,34322.4009093,0.00353609088666,0.00220510558355,44.957079496,0.625018343259,0.0013127349314,1.82503717136e-05,22478.539748,0.656367465699,0.391025567478,0.391025567478,0.782051134956,1.38777878078e-17,-6.93889390391e-18,0.08,34322.4009093
2015-03-23,34277.5599311,-0.000156435684799,-0.00130646391224,37.2655485708,2.2061813084,0.00108575005197,6.42781754758e-05,18632.7742854,0.542875025983,0.37032000265,0.37032000265,0.7406400053,1.66533453694e-16,1.4224732503e-16,0.08,34277.5599311
2015-03-24,34247.1606728,0.0002674141374,-0.000886855958779,38.8700190514,0.695543347098,0.00113397858918,2.02915069945e-05,19435.0095257,0.566989294592,0.402342527508,0.402342527508,0.804685055016,6.10622663544e-16,6.14092110496e-16,0.08,34247.1606728
2015-03-25,34184.3663732,-0.000966036626967,-0.0018335622116,28.9552694993,0.755018585484,0.000845479418744,2.20461658908e-05,14477.6347496,0.422739709372,0.389035859747,0.389035859747,0.778071719494,2.49800180541e-16,3.05311331772e-16,0.08,34184.3663732
2015-03-26,34175.7107311,0.000725935009689,-0.000253204695506,32.7425611328,0.728709280104,0.000957822671784,2.13170334108e-05,16371.2805664,0.478911335892,0.328635543274,0.328635543274,0.657271086548,5.27355936697e-16,5.13478148889e-16,0.08,34175.7107311
2015-03-27,34098.6962835,-0.00106318507569,-0.00225348488456,40.0639253341,0.615416617144,0.00117229238184,1.80074270287e-05,20031.962667,0.586146190921,0.367024260629,0.367024260629,0.734048521258,-6.80011602583e-16,-7.25114412958e-16,0.08,34098.6962835
2015-03-30,34091.4710972,0.000982537235461,-0.000211890398425,38.671156826,2.05726829456,0.00113409487871,6.03327551719e-05,19335.578413,0.567047439357,0.390192611493,0.390192611493,0.780385222985,2.18575157973e-16,2.35922392733e-16,0.08,34091.4710972
2015-03-31,34108.5089137,0.00151244268782,0.000499767711323,33.7946898217,0.728889870523,0.000991294559433,2.13804170681e-05,16897.3449109,0.495647279717,0.332741571545,0.332741571545,0.665483143091,8.32667268469e-17,4.85722573274e-17,0.08,34108.5089137
2015-04-01,33990.4168586,-0.0024049035266,-0.00346224619067,35.4425011969,0.621880485425,0.00103911024919,1.82324148792e-05,17721.2505985,0.519555124597,0.325921232233,0.325921232233,0.651842464467,1.2490009027e-16,7.1123662515e-17,0.08,33990.4168586
2015-04-02,33944.181402,-0.000385568099513,-0.00136024976804,32.5228116397,0.607024577901,0.000956822970868,1.78586976566e-05,16261.4058198,0.478411485434,0.237443447851,0.237443447851,0.474886895701,-2.42861286637e-16,-2.70616862252e-16,0.08,33944.181402
2015-04-06,33932.3981452,0.000619829596741,-0.000347136278291,31.0563284214,1.7665366502,0.000914923475502,5.20423995289e-05,15528.1642107,0.457461737751,0.417887809513,0.417887809513,0.835775619025,-1.38777878078e-16,-1.87350135405e-16,0.08,33932.3981452
2015-04-07,33931.9372411,0.00125189845665,-1.35830090733e-05,42.1638381715,0.776982768899,0.00124258350356,2.28979621651e-05,21081.9190857,0.621291751781,0.304796466531,0.304796466531,0.609592933062,-2.08166817117e-16,-1.78676518026e-16,0.08,33931.9372411
2015-04-08,33946.2689604,0.00115872478466,0.000422366669192,24.4193540969,0.566703264309,0.000719656939225,1.67011762483e-05,12209.6770484,0.359828469612,0.359640500717,0.359640500717,0.719281001435,-4.02455846427e-16,-4.23272528138e-16,0.08,33946.2689604
2015-04-09,33871.8464659,-0.00138728553292,-0.00219236154196,26.6603703985,0.668956337885,0.000785369680233,1.97063288064e-05,13330.1851993,0.392684840116,0.300380944281,0.300380944281,0.600761888561,-1.73472347598e-16,-1.94289029309e-16,0.08,33871.8464659
2015-04-10,33870.7236504,0.00112060100305,-3.31489289764e-05,38.5221360521,0.557504505531,0.0011372907022,1.64592298236e-05,19261.0680261,0.568645351102,0.383399115216,0.383399115216,0.766798230432,-1.94289029309e-16,-2.01227923213e-16,0.08,33870.7236504
2015-04-13,33870.5586033,0.00118597902424,-4.87285493012e-06,38.2003290758,2.13468583221,0.00112782736708,6.30245120903e-05,19100.1645379,0.563913683541,0.335240856637,0.335240856637,0.670481713274,-3.88578058619e-16,-3.67761376907e-16,0.08,33870.5586033
2015-04-14,33817.2702547,-0.00012465116225,-0.00157329405831,48.4441635538,0.622180552381,0.00143027353405,1.83693620075e-05,24222.0817769,0.715136767025,0.43239362915,0.43239362915,0.8647872583,-3.33066907388e-16,-2.8449465006e-16,0.08,33817.2702547
2015-04-15,33802.457084,0.000511404948147,-0.000438035671874,31.3062641633,0.801225874706,0.000925747818424,2.36928015973e-05,15653.1320817,0.462873909212,0.37422650787,0.37422650787,0.748453015739,-5.55111512313e-17,0,0.08,33802.457084
2015-04-16,33715.0582344,-0.00136525550018,-0.00258557682203,40.5567207284,0.693138382025,0.00119981575977,2.0505562075e-05,20278.3603642,0.599907879887,0.304656987253,0.304656987253,0.609313974507,-3.05311331772e-16,-3.33066907388e-16,0.08,33715.0582344
2015-04-17,33658.6186238,-0.000807464640457,-0.0016740178906,28.6530698362,0.562823455714,0.000849859716598,1.66935335481e-05,14326.5349181,0.424929858299,0.377486808361,0.377486808361,0.754973616723,-4.4408920985e-16,-4.92661467177e-16,0.08,33658.6186238
2015-04-20,33679.4842683,0.00141065566792,0.000619919810738,24.5264709747,2.08860567422,0.000728683231145,6.2052626032e-05,12263.2354873,0.364341615573,0.428626497783,0.428626497783,0.857252995567,-2.77555756156e-16,-2.63677968348e-16,0.08,33679.4842683
2015-04-21,33653.0626064,0.000427546004156,-0.000784503162052,40.0301815441,0.791009281592,0.00118856278277,2.34863834402e-05,20015.090772,0.594281391384,0.337316567394,0.337316567394,0.674633134787,-9.02056207508e-17,-1.1622647289e-16,0.08,33653.0626064
2015-04-22,33604.4821222,-4.97773941643e-05,-0.00144356799507,46.2833094449,0.622012907433,0.00137530750132,1.84830995832e-05,23141.6547224,0.687653750659,0.416414462553,0.416414462553,0.832828925105,-4.16333634234e-17,-2.77555756156e-17,0.08,33604.4821222
2015-04-23,33517.3445961,-0.00115764761535,-0.00259303285307,47.4686163343,0.766761225331,0.0014125680069,2.28172308248e-05,23734.3081671,0.70628400345,0.388283016207,0.388283016207,0.776566032415,3.22658566532e-16,3.60822483003e-16,0.08,33517.3445961
2015-04-24,33282.4384312,-0.00566887075574,-0.00700849568323,44.1875626173,0.713107707125,0.00131834914579,2.127578171e-05,22093.7813087,0.659174572894,0.264113774461,0.264113774461,0.528227548923,2.77555756156e-16,3.92047505571e-16,0.08,33282.4384312
2015-04-27,33172.9501942,-0.00233904722394,-0.00328966993311,30.1940526762,1.44498911299,0.000907206746245,4.34159629252e-05,15097.0263381,0.453603373122,0.286571554232,0.286571554232,0.573143108465,1.11022302463e-16,1.38777878078e-16,0.08,33172.9501942
2015-04-28,33105.6347942,-0.00129678961539,-0.00202922560651,23.7761627143,0.520899939486,0.000716733440203,1.57025509168e-05,11888.0813572,0.358366720102,0.286687230471,0.286687230471,0.573374460941,1.66533453694e-16,2.22044604925e-16,0.08,33105.6347942
2015-04-29,33067.45416,-0.000563386803968,-0.00115329714669,19.0093036138,0.520052753541,0.000574201453377,1.57088893409e-05,9504.65180689,0.287100726688,0.273637319855,0.273637319855,0.54727463971,0,1.38777878078e-17,0.08,33067.45416
2015-04-30,33080.8214342,0.000918151994354,0.000404242615188,16.4978671925,0.495807645522,0.000498915553421,1.49938257455e-05,8248.93359624,0.24945777671,0.311968122349,0.311968122349,0.623936244699,-1.38777878078e-17,-6.24500451352e-17,0.08,33080.8214342
2015-05-01,33118.7388677,0.00187654755636,0.00114620592567,23.5948127558,0.565488314992,0.000713247487,1.70941436904e-05,11797.4063779,0.3566237435,0.250036343622,0.250036343622,0.500072687244,-2.77555756156e-17,-3.12250225676e-17,0.08,33118.7388677
2015-05-04,33088.4626305,0.000321347627316,-0.0009141724068,39.5576234516,1.36124192414,0.00119441816941,4.1101864705e-05,19778.8117258,0.597209084706,0.416137844928,0.416137844928,0.832275689857,0,-8.32667268469e-17,0.08,33088.4626305
2015-05-05,32990.4699662,-0.00201193045744,-0.00296153572873,30.6664929694,0.754485563346,0.000926803197593,2.28020736947e-05,15333.2464847,0.463401598796,0.332505304619,0.332505304619,0.665010609237,0,-7.6327832943e-17,0.08,32990.4699662
2015-05-06,32998.8871796,0.000753215892746,0.000255140753254,15.8306640939,0.601068836473,0.000479855670746,1.82194687462e-05,7915.33204693,0.239927835373,0.275243806409,0.275243806409,0.550487612818,5.55111512313e-17,2.77555756156e-17,0.08,32998.8871796
2015-05-07,33016.0536625,0.00129692691906,0.000520213994855,25.1329778109,0.497684346004,0.000761631071802,1.5081852406e-05,12566.4889054,0.380815535901,0.321427493866,0.321427493866,0.642854987731,2.22044604925e-16,2.08166817117e-16,0.08,33016.0536625
2015-05-08,32993.5338675,0.000382049581496,-0.000682086212489,34.5520703751,0.581494103347,0.00104652332857,1.76124654173e-05,17276.0351875,0.523261664284,0.294144948812,0.294144948812,0.588289897625,-2.08166817117e-16,-2.35922392733e-16,0.08,32993.5338675
2015-05-11,32920.2218216,-0.00107735163676,-0.00222201253859,36.171085273,1.59532295846,0.00109630830751,4.83525943253e-05,18085.5426365,0.548154153754,0.315072310273,0.315072310273,0.630144620547,-2.22044604925e-16,-2.63677968348e-16,0.08,32920.2218216
2015-05-12,32894.9368132,0.000355185591097,-0.000768069197787,36.4094543276,0.568342484604,0.00110599055271,1.72642361794e-05,18204.7271638,0.552995276353,0.441325807211,0.441325807211,0.882651614422,0,-2.77555756156e-17,0.08,32894.9368132
2015-05-13,32878.1932101,0.000583716010174,-0.000509002441431,35.1494312946,0.795473125602,0.00106853621559,2.41822360116e-05,17574.7156473,0.534268107797,0.259862897438,0.259862897438,0.519725794875,-9.02056207508e-17,-9.71445146547e-17,0.08,32878.1932101
2015-05-14,32896.0828412,0.00134358516371,0.000544118438258,25.8168668041,0.468154660278,0.000785227662579,1.42390628733e-05,12908.4334021,0.392613831289,0.279994173334,0.279994173334,0.559988346668,-2.77555756156e-17,0,0.08,32896.0828412
2015-05-15,32901.0312102,0.000937946594356,0.000150424262415,25.4017033491,0.504696521701,0.000772180185458,1.5342146484e-05,12700.8516746,0.386090092729,0.289710728703,0.289710728703,0.579421457405,-1.38777878078e-16,-1.38777878078e-16,0.08,32901.0312102
2015-05-18,32852.9224438,-0.000649430410835,-0.00146222670367,25.174967969,1.56686822909,0.000765172611406,4.76236814306e-05,12587.4839845,0.382586305703,0.361661743294,0.361661743294,0.723323486588,-2.49800180541e-16,-2.49800180541e-16,0.08,32852.9224438
2015-05-19,32888.7670031,0.00202892132685,0.00109106151522,30.1603866023,0.651049052237,0.000918042729803,1.98170818243e-05,15080.1933011,0.459021364901,0.302462525684,0.302462525684,0.604925051368,-2.63677968348e-16,-2.77555756156e-16,0.08,32888.7670031
2015-05-20,32877.441101,0.000917369248482,-0.000344369921058,40.9519705227,0.54507504298,0.00124516588046,1.65732890786e-05,20475.9852614,0.622582940231,0.353939539757,0.353939539757,0.707879079514,-5.55111512313e-17,6.93889390391e-18,0.08,32877.441101
2015-05-21,32935.7618584,0.00243771166461,0.00177388371465,21.1873409631,0.637623362832,0.000644434002573,1.93939473839e-05,10593.6704815,0.322217001287,0.287847567582,0.287847567582,0.575695135164,-2.77555756156e-17,-2.42861286637e-17,0.08,32935.7618584
2015-05-22,32911.5237598,-1.60012519198e-05,-0.000735920386845,23.1916068872,0.51947829794,0.000704146665468,1.57724694566e-05,11595.8034436,0.352073332734,0.284584925075,0.284584925075,0.56916985015,-2.77555756156e-17,-6.93889390391e-18,0.08,32911.5237598
2015-05-26,32864.5572583,-0.000491739525225,-0.00142705338847,28.7297554418,2.0528489914,0.000872939085151,6.23747780986e-05,14364.8777209,0.436469542576,0.373021671685,0.373021671685,0.74604334337,-3.33066907388e-16,-2.56739074445e-16,0.08,32864.5572583
2015-05-27,32772.8260411,-0.00206539264081,-0.00279118980409,23.1812658778,0.671736552749,0.000705357619627,2.0439543654e-05,11590.6329389,0.352678809813,0.239742515271,0.239742515271,0.479485030541,-6.93889390391e-17,-5.37764277553e-17,0.08,32772.8260411
2015-05-28,32742.3068241,8.40259600581e-05,-0.0009312354399,32.8424625212,0.430522725897,0.00100212482378,1.31365761792e-05,16421.2312606,0.50106241189,0.334644844904,0.334644844904,0.669289689808,-1.73472347598e-16,-1.38777878078e-16,0.08,32742.3068241
2015-05-29,32738.8301517,0.000457775629001,-0.000106182877823,17.8649164835,0.600385982955,0.000545621802994,1.83367038303e-05,8932.45824177,0.272810901497,0.298524643096,0.298524643096,0.597049286192,0,1.38777878078e-17,0.08,32738.8301517
2015-06-01,32689.4674697,-0.000737584444969,-0.00150777171284,23.6084524622,1.60657768544,0.000721114723796,4.90725440706e-05,11804.2262311,0.360557361898,0.309479700039,0.309479700039,0.618959400077,-1.38777878078e-17,-2.77555756156e-17,0.08,32689.4674697
2015-06-02,32701.1420238,0.0010333206592,0.000357135035712,21.5498067595,0.554341182846,0.000659227831702,1.69577917829e-05,10774.9033798,0.329613915851,0.392581237286,0.392581237286,0.785162474573,-2.77555756156e-17,-2.77555756156e-17,0.08,32701.1420238
2015-06-03,32621.4678643,-0.00135434030931,-0.0024364335475,34.6822405668,0.703444098432,0.00106058193752,2.15113006732e-05,17341.1202834,0.530290968761,0.37761835106,0.37761835106,0.755236702119,0,-4.16333634234e-17,0.08,32621.4678643
2015-06-04,32615.5032158,0.000645391650095,-0.000182844272321,26.3432871488,0.674984378306,0.000807544505918,2.06914164964e-05,13171.6435744,0.403772252959,0.293659169941,0.293659169941,0.587318339882,5.55111512313e-17,2.08166817117e-17,0.08,32615.5032158
2015-06-05,32493.396545,-0.00273859756802,-0.00374382299067,32.2611197666,0.524813238442,0.00098913450923,1.60909134214e-05,16130.5598833,0.494567254615,0.433568292175,0.433568292175,0.867136584349,-1.2490009027e-16,-1.70002900646e-16,0.08,32493.396545
2015-06-08,32495.6544932,0.000936526020459,6.94894487834e-05,25.8571100279,2.31585311457,0.000795765071593,7.12715000835e-05,12928.555014,0.397882535796,0.382446696193,0.382446696193,0.764893392386,-7.77156117238e-16,-8.60422844084e-16,0.08,32495.6544932
2015-06-09,32418.2271403,-0.00173258293689,-0.00238269867487,20.4449580075,0.680978394606,0.00062915975463,2.0955983353e-05,10222.4790037,0.314579877315,0.313704217052,0.313704217052,0.627408434105,-4.71844785466e-16,-5.55111512313e-16,0.08,32418.2271403
2015-06-10,32395.8957284,-0.000180514539846,-0.000688853583994,15.922204868,0.557245729495,0.000491149771981,1.71892721672e-05,7961.102434,0.245574885991,0.336316355956,0.336316355956,0.672632711912,-3.88578058619e-16,-4.83987849798e-16,0.08,32395.8957284
2015-06-11,32367.9619835,-0.000407901279308,-0.000862261846077,14.1224164702,0.597001073934,0.000435932273292,1.84282934771e-05,7061.2082351,0.217966136646,0.31856748145,0.31856748145,0.637134962901,-2.22044604925e-16,-2.46330733589e-16,0.08,32367.9619835
2015-06-12,32301.0469104,-0.00144990591309,-0.00206732426042,19.4195664642,0.565007130343,0.000599962594928,1.74557524082e-05,9709.78323208,0.299981297464,0.373495208733,0.373495208733,0.746990417466,0,-1.00613961607e-16,0.08,32301.0469104
2015-06-15,32211.237234,-0.00180978618042,-0.00278039522114,29.3685178124,1.9831703438,0.000909212568057,6.13964726685e-05,14684.2589062,0.454606284029,0.393124351177,0.393124351177,0.786248702353,-2.22044604925e-16,-3.1918911958e-16,0.08,32211.237234
2015-06-16,32148.5717431,-0.000851766909961,-0.00194545432654,34.5351606303,0.693864204833,0.00107214635624,2.15410603384e-05,17267.5803152,0.536073178119,0.459433196811,0.459433196811,0.918866393622,0,-4.16333634234e-17,0.08,32148.5717431
2015-06-17,32139.4850475,0.000857089310867,-0.000282646946855,35.8315711461,0.809321703499,0.00111456183598,2.51744217431e-05,17915.7855731,0.557280917989,0.42313025485,0.42313025485,0.8462605097,-1.11022302463e-16,-1.52655665886e-16,0.08,32139.4850475
2015-06-18,32217.342299,0.00337688964618,0.00242247974508,29.9290817319,0.745161013638,0.000931224681654,2.31852194438e-05,14964.5408659,0.465612340827,0.294602279922,0.294602279922,0.589204559844,-8.32667268469e-17,-9.71445146547e-17,0.08,32217.342299
2015-06-19,32195.4864921,0.000472520521807,-0.000678386402685,36.5590909711,0.520071369552,0.00113476433381,1.61425906807e-05,18279.5454856,0.567382166906,0.343531348865,0.343531348865,0.68706269773,-1.52655665886e-16,-1.80411241502e-16,0.08,32195.4864921
2015-06-22,32139.8511451,-0.00096662879415,-0.0017280480298,22.6961544034,1.81810831266,0.000704948328983,5.64709066628e-05,11348.0772017,0.352474164492,0.254033901015,0.254033901015,0.50806780203,-5.20417042793e-17,-8.32667268469e-17,0.08,32139.8511451
2015-06-23,32141.8912639,0.000669547288342,6.3476300707e-05,19.0316553388,0.447375987092,0.000592151321825,1.3919665809e-05,9515.82766941,0.296075660913,0.243893474683,0.243893474683,0.487786949366,-2.77555756156e-17,-3.46944695195e-17,0.08,32141.8912639
2015-06-24,32114.2616768,-0.000410917029137,-0.000859612986433,13.9923915991,0.429545070863,0.000435331931287,1.336402601e-05,6996.19579957,0.217665965643,0.193942980177,0.193942980177,0.387885960354,2.77555756156e-17,-6.93889390391e-18,0.08,32114.2616768
2015-06-25,32113.9386957,0.000221840173368,-1.00572480103e-05,7.10593580842,0.341278663878,0.000221270408765,1.06270126124e-05,3552.96790421,0.110635204383,0.159845876127,0.159845876127,0.319691752254,4.16333634234e-17,1.38777878078e-17,0.08,32113.9386957
2015-06-26,32073.6213367,-0.000336964280911,-0.00125544734278,29.2148330889,0.28127565297,0.000909724383725,8.75867814395e-06,14607.4165445,0.454862191863,0.290508367782,0.290508367782,0.581016735563,-3.05311331772e-16,-3.1918911958e-16,0.08,32073.6213367
2015-06-29,32070.6299803,0.00109879910833,-9.32653146366e-05,36.7021535331,1.53166937809,0.00114430962278,4.77548001833e-05,18351.0767665,0.572154811391,0.450152708011,0.450152708011,0.900305416022,-2.77555756156e-16,-2.63677968348e-16,0.08,32070.6299803
2015-06-30,31975.3673809,-0.00111970277548,-0.00297040000321,58.5619749863,0.791051010041,0.00182603132593,2.46659018088e-05,29280.9874932,0.913015662964,0.326540063664,0.326540063664,0.653080127327,-1.38777878078e-17,6.93889390391e-18,0.08,31975.3673809
2015-07-01,31996.3921358,0.00132142039214,0.000657529736928,20.6560249437,0.572122657547,0.000645998048987,1.78926062281e-05,10328.0124719,0.322999024494,0.264846636865,0.264846636865,0.52969327373,-2.63677968348e-16,-1.94289029309e-16,0.08,31996.3921358
2015-07-02,31948.7605859,-0.000540428101101,-0.00148865377562,29.8754642494,0.464336265697,0.000933713530032,1.45121444857e-05,14937.7321247,0.466856765016,0.264709453036,0.264709453036,0.529418906073,-3.33066907388e-16,-3.59955121265e-16,0.08,31948.7605859
2015-07-06,31829.7839374,-0.00245350424124,-0.00372398322465,38.7366093769,1.85361949367,0.00121246047316,5.80185102546e-05,19368.3046885,0.606230236582,0.428668828814,0.428668828814,0.857337657628,-9.71445146547e-17,-8.32667268469e-17,0.08,31829.7839374
2015-07-07,31821.8228057,0.000911945109055,-0.000250115792843,36.2405070897,0.747640339827,0.00113857219895,2.34887029487e-05,18120.2535448,0.569286099475,0.348149573768,0.348149573768,0.696299147535,-1.38777878078e-17,-4.16333634234e-17,0.08,31821.8228057
2015-07-08,31744.6672644,-0.00110567764127,-0.00242461099071,41.3638083222,0.607055016237,0.00129985666047,1.90766889736e-05,20681.9041611,0.649928330233,0.257007192706,0.257007192706,0.514014385413,3.22658566532e-16,3.46944695195e-16,0.08,31744.6672644
2015-07-09,31786.8234102,0.00230269880484,0.00132797567023,30.4952145795,0.447047003673,0.000960640548708,1.40825859017e-05,15247.6072897,0.480320274354,0.372990714519,0.372990714519,0.745981429039,1.08246744901e-15,1.12410081243e-15,0.08,31786.8234102
2015-07-10,31737.8924387,-0.000353276375533,-0.0015393476362,37.0517834694,0.649654245264,0.00116563341329,2.04378473709e-05,18525.8917347,0.582816706646,0.316392991073,0.316392991073,0.632785982145,1.11022302463e-15,9.99200722163e-16,0.08,31737.8924387
2015-07-13,31697.5283299,-0.000249971566822,-0.00127179550091,30.7798564591,1.65068165244,0.000969814127341,5.20098067517e-05,15389.9282296,0.48490706367,0.414147687077,0.414147687077,0.828295374154,-3.05311331772e-16,-4.16333634234e-16,0.08,31697.5283299
2015-07-14,31694.7645339,0.000787037452385,-8.71927918852e-05,26.9916251651,0.719312769528,0.000851537220321,2.26930239494e-05,13495.8125825,0.42576861016,0.320524187865,0.320524187865,0.64104837573,1.70002900646e-16,1.66533453694e-16,0.08,31694.7645339
2015-07-15,31691.671152,0.000864005440044,-9.75991467039e-05,29.9211767785,0.55665417325,0.00094404161755,1.75629691981e-05,14960.5883892,0.472020808775,0.274056118769,0.274056118769,0.548112237538,0,-2.77555756156e-17,0.08,31691.671152
2015-07-16,31673.7047604,0.00041166017856,-0.000566912090935,30.5366839116,0.475906651682,0.000963555495864,1.50167736312e-05,15268.3419558,0.481777747932,0.420464395239,0.420464395239,0.840928790477,-3.88578058619e-16,-4.71844785466e-16,0.08,31673.7047604
2015-07-17,31606.8928283,-0.00111932354012,-0.0021093816648,30.6290736618,0.729735074906,0.000967018979734,2.30391449446e-05,15314.5368309,0.483509489867,0.359698445165,0.359698445165,0.719396890329,8.32667268469e-17,8.32667268469e-17,0.08,31606.8928283
2015-07-20,31496.7530933,-0.00275309346659,-0.00348467454899,21.2541363395,1.86886852715,0.000672452570865,5.91285115339e-05,10627.0681697,0.336226285433,0.291176369004,0.291176369004,0.582352738008,-1.38777878078e-16,-1.14491749414e-16,0.08,31496.7530933
2015-07-21,31525.4416321,0.00140832778394,0.000910841150309,15.1666870804,0.502526586363,0.000481531764098,1.59548695345e-05,7583.34354018,0.240765882049,0.341617633301,0.341617633301,0.683235266603,-3.05311331772e-16,-3.05311331772e-16,0.08,31525.4416321
2015-07-22,31478.2970829,-0.000568603124087,-0.00149544452802,28.6289669514,0.590117630638,0.000908122629509,1.87187744275e-05,14314.4834757,0.454061314755,0.331111586547,0.331111586547,0.662223173095,-2.77555756156e-17,6.93889390391e-18,0.08,31478.2970829
2015-07-23,31414.5624735,-0.00124297181942,-0.00202471592659,24.0368593367,0.571113911723,0.000763601006539,1.81431006327e-05,12018.4296683,0.38180050327,0.363315861372,0.363315861372,0.726631722744,2.77555756156e-16,2.49800180541e-16,0.08,31414.5624735
2015-07-24,31338.5871249,-0.00193801213238,-0.00241847546648,14.4681531609,0.625392264366,0.000460555615669,1.99077184313e-05,7234.07658047,0.230277807834,0.366227804983,0.366227804983,0.732455609966,1.94289029309e-16,1.66533453694e-16,0.08,31338.5871249
2015-07-27,31304.0690287,-0.000425277767069,-0.00110145668232,19.303851523,1.8866403245,0.000615977084293,6.02018309561e-05,9651.92576152,0.307988542146,0.345884680831,0.345884680831,0.691769361663,1.94289029309e-16,1.66533453694e-16,0.08,31304.0690287
2015-07-28,31465.8053465,0.00569032743883,0.00516662283445,15.8007920492,0.59329303697,0.00050475201913,1.8952585251e-05,7900.3960246,0.252376009565,0.289454712982,0.289454712982,0.578909425964,1.94289029309e-16,1.66533453694e-16,0.08,31465.8053465
2015-07-29,31406.2506,-0.000602454929086,-0.00189268146506,40.0989526144,0.499064419469,0.00127436600375,1.58605322182e-05,20049.4763072,0.637183001877,0.302901530873,0.302901530873,0.605803061746,3.1918911958e-16,2.49800180541e-16,0.08,31406.2506
2015-07-30,31340.313293,-0.00117104853924,-0.0020994963002,28.6378026998,0.521260349902,0.000911850416804,1.65973441574e-05,14318.9013499,0.455925208402,0.334757698994,0.334757698994,0.669515397988,1.66533453694e-16,1.66533453694e-16,0.08,31340.313293
2015-07-31,31272.7250768,-0.00154023860365,-0.00215659031671,18.7417839413,0.574871844588,0.000598008825442,1.83428876161e-05,9370.89197067,0.299004412721,0.383719321805,0.383719321805,0.767438643609,1.66533453694e-16,8.32667268469e-17,0.08,31272.7250768
2015-08-03,31231.0141391,-0.000286362820115,-0.00133378008034,30.7829976869,1.97259433273,0.000984340111432,6.30771487898e-05,15391.4988435,0.492170055716,0.239041008846,0.239041008846,0.478082017693,1.4224732503e-16,1.45716771982e-16,0.08,31231.0141391
2015-08-04,31186.8475045,-0.000789883675396,-0.00141419149377,19.0886981863,0.409068116553,0.000611209680905,1.3098137471e-05,9544.34909315,0.305604840453,0.26788273433,0.26788273433,0.535765468661,9.99200722163e-16,9.02056207508e-16,0.08,31186.8475045
2015-08-05,31158.9261338,7.84999807603e-05,-0.000895293142264,29.9117613008,0.457776327926,0.000959114617034,1.46785059907e-05,14955.8806504,0.479557308517,0.367186231367,0.367186231367,0.734372462735,-1.66533453694e-16,-1.66533453694e-16,0.08,31158.9261338
2015-08-06,31326.8246737,0.00605116405363,0.00538845720117,20.0223227047,0.626911159482,0.00064258705896,2.01197934996e-05,10011.1613524,0.32129352948,0.320239617829,0.320239617829,0.640479235657,-5.55111512313e-17,-2.77555756156e-17,0.08,31326.8246737
2015-08-07,31218.339067,-0.00275576137219,-0.00346302594943,21.6066498278,0.549703581442,0.000689717200924,1.75473763194e-05,10803.3249139,0.344858600462,0.294893814052,0.294893814052,0.589787628105,2.35922392733e-16,2.08166817117e-16,0.08,31218.339067
2015-08-10,31286.8503763,0.00289452240217,0.00219458534232,20.3375417623,1.5133306974,0.000651461364381,4.84756954607e-05,10168.7708811,0.325730682191,0.307019095395,0.307019095395,0.614038190789,1.94289029309e-16,1.38777878078e-16,0.08,31286.8503763
2015-08-11,31248.2746907,-0.000402485315508,-0.0012329680102,25.4568502474,0.526337561659,0.000813659730564,1.68229641312e-05,12728.4251237,0.406829865282,0.290363662362,0.290363662362,0.580727324724,3.46944695195e-17,8.32667268469e-17,0.08,31248.2746907
2015-08-12,31266.1935271,0.00137809906227,0.000573434425211,24.6472110108,0.497170601736,0.000788754299392,1.59103376637e-05,12323.6055054,0.394377149696,0.301577330334,0.301577330334,0.603154660668,1.66533453694e-16,1.61329283266e-16,0.08,31266.1935271
2015-08-13,31275.2830862,0.00150054961067,0.000290715243991,37.3102483116,0.5166671328,0.00119330958146,1.65247852238e-05,18655.1241558,0.596654790729,0.358416778638,0.358416778638,0.716833557275,5.55111512313e-17,1.04083408559e-16,0.08,31275.2830862
2015-08-14,31277.9421475,0.00123036867531,8.50211758767e-05,35.2068433745,0.614223902177,0.00112570822389,1.96392755418e-05,17603.4216873,0.562854111944,0.206812820276,0.206812820276,0.413625640551,-5.55111512313e-17,-2.08166817117e-17,0.08,31277.9421475
2015-08-17,31277.7067735,0.000466407067753,-7.52524101855e-06,13.7602827721,1.0633445635,0.000439935680781,3.39966279905e-05,6880.14138604,0.21996784039,0.234381179353,0.234381179353,0.468762358705,-2.77555756156e-17,-2.42861286637e-17,0.08,31277.7067735
2015-08-18,31224.3397813,-0.000866138647269,-0.00170623097523,25.8744680279,0.401693468549,0.000827249523608,1.28428043481e-05,12937.234014,0.413624761804,0.296648907294,0.296648907294,0.593297814588,1.87350135405e-16,1.15359111152e-16,0.08,31224.3397813
2015-08-19,31128.5499973,-0.00221447286962,-0.00306779213649,26.136787373,0.50754335765,0.000837064532223,1.62547346463e-05,13068.3936865,0.418532266111,0.236156468987,0.236156468987,0.472312937973,-3.74700270811e-16,-3.74700270811e-16,0.08,31128.5499973
2015-08-20,31169.2314658,0.00185402171141,0.00130688607475,16.6287330787,0.402805942577,0.000534195556175,1.29400804924e-05,8314.36653937,0.267097778088,0.248479034111,0.248479034111,0.496958068221,-2.49800180541e-16,-2.22044604925e-16,0.08,31169.2314658
2015-08-21,31130.463707,-0.00050456607886,-0.00124378295364,22.6164437621,0.424378111156,0.000725601585235,1.36152895403e-05,11308.2218811,0.362800792617,0.251038419101,0.251038419101,0.502076838201,-3.46944695195e-18,-1.58293517183e-17,0.08,31130.463707
2015-08-24,31068.9287767,-0.00134889928676,-0.00197667888721,18.258422003,1.28464806491,0.000586513011011,4.12665894412e-05,9129.21100149,0.293256505505,0.302538628612,0.302538628612,0.605077257225,1.45716771982e-16,1.38777878078e-16,0.08,31068.9287767
2015-08-25,31071.6255884,0.000686008944636,8.68009235535e-05,18.1017074333,0.51504389614,0.000582630561981,1.6577459102e-05,9050.85371665,0.29131528099,0.302013645207,0.302013645207,0.604027290414,0,3.46944695195e-17,0.08,31071.6255884
2015-08-26,31004.5669818,-0.000751782602638,-0.00215819434213,43.1853042032,0.514194789395,0.0013898630466,1.65486928881e-05,21592.6521016,0.694931523302,0.359671053565,0.359671053565,0.71934210713,-3.33066907388e-16,-2.22044604925e-16,0.08,31004.5669818
2015-08-27,31050.41609,0.00256945983892,0.00147878563286,33.20484338,0.611038097079,0.00107096620312,1.97080029351e-05,16602.42169,0.535483101562,0.340110354161,0.340110354161,0.680220708322,-9.99200722163e-16,-9.99200722163e-16,0.08,31050.41609
2015-08-28,31052.2106666,0.000903565250423,5.77955732113e-05,25.6828391328,0.578661260999,0.000827133493422,1.86361837896e-05,12841.4195664,0.413566746711,0.330733075667,0.330733075667,0.661466151333,-5.13478148889e-16,-5.55111512313e-16,0.08,31052.2106666
2015-08-31,31021.7966544,0.000419327694245,-0.000979447567679,41.7468460581,1.68821805042,0.00134440818099,5.43670809315e-05,20873.4230291,0.672204090496,0.458892284401,0.458892284401,0.917784568802,4.16333634234e-16,3.81639164715e-16,0.08,31021.7966544
2015-09-01,30928.4597522,-0.00169254385347,-0.00300875230684,40.0511146593,0.780036336054,0.00129106367066,2.51447827069e-05,20025.5573296,0.645531835332,0.339452456575,0.339452456575,0.678904913151,-5.55111512313e-16,-5.48172618409e-16,0.08,30928.4597522
2015-09-02,30885.2204271,-0.000264459093425,-0.00139804327415,34.4847391947,0.575273514574,0.00111498404612,1.86001346069e-05,17242.3695974,0.557492023059,0.282481865387,0.282481865387,0.564963730775,0,3.12250225676e-17,0.08,30885.2204271
2015-09-03,30882.1801647,0.00079929254404,-9.84374506627e-05,27.2485331715,0.478055598857,0.000882251536325,1.54784583774e-05,13624.2665858,0.441125768163,0.329137540483,0.329137540483,0.658275080966,3.60822483003e-16,4.16333634234e-16,0.08,30882.1801647
2015-09-04,30841.9809157,-0.000610473444675,-0.00130169724912,20.7895399905,0.556958072557,0.000673188870722,1.80349337251e-05,10394.7699952,0.336594435361,0.253222951253,0.253222951253,0.506445902507,8.32667268469e-17,8.32667268469e-17,0.08,30841.9809157
2015-09-08,30879.6088481,0.00189251610718,0.00122002320547,19.0292548999,1.71175834082,0.000616991980895,5.55009208227e-05,9514.62744996,0.308495990448,0.310642182663,0.310642182663,0.621284365325,-1.38777878078e-16,-1.17961196366e-16,0.08,30879.6088481
2015-09-09,30836.9002414,-0.000134540901593,-0.00138306825458,38.0284193597,0.525616936567,0.00123150586352,1.7021489461e-05,19014.2096799,0.615752931761,0.389670831017,0.389670831017,0.779341662034,2.91433543964e-16,3.1918911958e-16,0.08,30836.9002414
2015-09-10,30830.6777902,0.000944566713458,-0.000201785886439,34.6915366252,0.658424139346,0.00112500077354,2.13518263571e-05,17345.7683126,0.56250038677,0.277151585933,0.277151585933,0.554303171867,-6.31439345256e-16,-6.38378239159e-16,0.08,30830.6777902
2015-09-11,30762.266506,-0.00135257566518,-0.00221893546042,26.2422530538,0.468206643559,0.000851173406969,1.51863882703e-05,13121.1265269,0.425586703485,0.290715054927,0.290715054927,0.581430109853,2.77555756156e-16,2.28983498829e-16,0.08,30762.266506
2015-09-14,30781.9867516,0.00144813913725,0.000641053077858,23.3577053841,1.47009106799,0.000759297283235,4.77887761523e-05,11678.8526921,0.379648641618,0.267949918515,0.267949918515,0.535899837031,-5.41233724505e-16,-5.34294830601e-16,0.08,30781.9867516
2015-09-15,30783.4031887,0.000685113168646,4.60151282713e-05,19.2207605163,0.451946895443,0.000624415853059,1.46821873159e-05,9610.38025817,0.312207926529,0.332105828762,0.332105828762,0.664211657524,-5.55111512313e-16,-5.70724023596e-16,0.08,30783.4031887
2015-09-16,30868.9460422,0.00380817021732,0.00277886278689,31.1254022045,0.560183431676,0.00101110985078,1.81975796582e-05,15562.7011022,0.505554925388,0.368783526341,0.368783526341,0.737567052682,-3.05311331772e-16,-3.05311331772e-16,0.08,30868.9460422
2015-09-17,30801.1767207,-0.00119729355859,-0.0021953882549,30.1863527624,0.623778563062,0.0009778873798,2.02073165118e-05,15093.1763812,0.4889436899,0.246509263832,0.246509263832,0.493018527663,-5.55111512313e-17,-3.46944695195e-17,0.08,30801.1767207
2015-09-18,30703.3181451,-0.00211386671242,-0.00317710509578,32.3329508544,0.416042487592,0.00104973102644,1.35073569223e-05,16166.4754272,0.524865513218,0.357916094183,0.357916094183,0.715832188366,5.55111512313e-16,6.0368376964e-16,0.08,30703.3181451
2015-09-21,30722.6304383,0.00141410698855,0.000628996941223,22.2990378017,1.80644576038,0.000726274524998,5.88355223315e-05,11149.5189009,0.363137262499,0.43771820762,0.43771820762,0.875436415239,2.49800180541e-16,3.05311331772e-16,0.08,30722.6304383
2015-09-22,30658.8401541,-0.00112049136801,-0.00207632886047,28.6289732879,0.736868752265,0.000931852933146,2.39845593216e-05,14314.486644,0.465926466573,0.399686966966,0.399686966966,0.799373933931,6.10622663544e-16,6.38378239159e-16,0.08,30658.8401541
2015-09-23,30669.7817717,0.000986254456166,0.000356882960755,18.6243513722,0.671448703116,0.000607470839687,2.19006557241e-05,9312.17568612,0.303735419844,0.361854008387,0.361854008387,0.723708016773,5.55111512313e-17,1.04083408559e-16,0.08,30669.7817717
2015-09-24,30595.6264543,-0.00169702371566,-0.00241786257285,21.4998617594,0.608108683312,0.000701011240297,1.98276168979e-05,10749.9308797,0.350505620148,0.367684513409,0.367684513409,0.735369026817,6.93889390391e-17,8.32667268469e-17,0.08,30595.6264543
2015-09-25,30710.3106565,0.0048108642058,0.00374838548745,31.8907889398,0.616413042481,0.00104233162173,2.01470966251e-05,15945.3944699,0.521165810863,0.303254368163,0.303254368163,0.606508736325,0,6.24500451352e-17,0.08,30710.3106565
2015-09-28,30658.632569,-0.000582840712212,-0.00168276016649,32.2479581345,1.53091000343,0.00105006942115,4.98500331226e-05,16123.9790672,0.525034710577,0.292303840135,0.292303840135,0.58460768027,-2.77555756156e-17,0,0.08,30658.632569
2015-09-29,30731.5920892,0.00338899998664,0.00237973823767,30.4515365777,0.491048549764,0.00099324510019,1.60166487745e-05,15225.7682888,0.496622550095,0.316304268681,0.316304268681,0.632608537362,2.08166817117e-16,2.22044604925e-16,0.08,30731.5920892
2015-09-30,30683.8134146,-0.000757785268514,-0.00155470873491,23.9580949086,0.532631986914,0.000779591725642,1.73317407496e-05,11979.0474543,0.389795862821,0.366418363813,0.366418363813,0.732836727625,5.13478148889e-16,5.27355936697e-16,0.08,30683.8134146
2015-10-01,30699.2280261,0.00145036019134,0.000502369484836,28.4719089869,0.616060970241,0.000927912987941,2.00777185651e-05,14235.9544935,0.46395649397,0.394520815894,0.394520815894,0.789041631789,1.66533453694e-16,1.11022302463e-16,0.08,30699.2280261
2015-10-02,30698.8703012,0.000940472689724,-1.16525694854e-05,28.5658674562,0.663642985654,0.000930507680257,2.16175789531e-05,14282.9337281,0.465253840128,0.287835458582,0.287835458582,0.575670917165,1.38777878078e-17,-5.55111512313e-17,0.08,30698.8703012
2015-10-05,30637.964156,-0.000618872677752,-0.00198398652993,40.4549232185,1.4525298758,0.00131779843433,4.73154178492e-05,20227.4616092,0.658899217163,0.397276763123,0.397276763123,0.794553526247,1.52655665886e-16,1.38777878078e-16,0.08,30637.964156
2015-10-06,30540.2947535,-0.00223333075825,-0.00318785550088,28.5777495781,0.6669452728,0.000932756152875,2.17685897602e-05,14288.8747891,0.466378076437,0.280804814782,0.280804814782,0.561609629563,0,-1.04083408559e-16,0.08,30540.2947535
2015-10-07,30496.3007771,-0.000514154480693,-0.00144052232459,27.8216367665,0.469910236254,0.000910981278703,1.53865651935e-05,13910.8183832,0.455490639351,0.412016297626,0.412016297626,0.824032595252,-5.55111512313e-17,-1.66533453694e-16,0.08,30496.3007771
2015-10-08,30342.2698086,-0.00438149162199,-0.00505080827939,19.7231904316,0.688491667806,0.00064674042192,2.25762354864e-05,9861.59521578,0.32337021096,0.432298334416,0.432298334416,0.864596668832,5.27355936697e-16,4.71844785466e-16,0.08,30342.2698086
2015-10-09,30376.0474769,0.00195369220512,0.00111322153983,24.7830527499,0.718734942503,0.000816783085319,2.3687579968e-05,12391.5263749,0.408391542659,0.360721620044,0.360721620044,0.721443240089,4.4408920985e-16,3.60822483003e-16,0.08,30376.0474769
2015-10-12,30460.3570032,0.0036054299183,0.00277552655096,23.4079845713,1.80119951613,0.000770606662669,5.92967046648e-05,11703.9922856,0.385303331335,0.363250321026,0.363250321026,0.726500642052,1.13797860024e-15,1.08246744901e-15,0.08,30460.3570032
2015-10-13,30480.8742116,0.00157907592152,0.000673570844165,26.9757211049,0.606286819726,0.000885600950181,1.99041271795e-05,13487.8605525,0.44280047509,0.451758110981,0.451758110981,0.903516221962,1.88737914186e-15,1.85962356625e-15,0.08,30480.8742116
2015-10-14,30201.0426108,-0.00786137280868,-0.00918056348666,39.4555655465,0.754519570131,0.00129443680888,2.47538690949e-05,19727.7827732,0.647218404442,0.247989363959,0.247989363959,0.495978727917,-6.93889390391e-17,-4.16333634234e-17,0.08,30201.0426108
2015-10-15,30285.8561281,0.00353631091279,0.00280829766169,21.5763736095,0.410385608106,0.000714424792799,1.35884582991e-05,10788.1868048,0.3572123964,0.23083327048,0.23083327048,0.46166654096,6.93889390391e-18,1.38777878078e-17,0.08,30285.8561281
2015-10-16,30239.9118216,-0.000698479827769,-0.00151702188368,24.4071793664,0.383067573662,0.000805893657527,1.26483983825e-05,12203.5896832,0.402946828763,0.23789608191,0.23789608191,0.47579216382,-3.88578058619e-16,-3.74700270811e-16,0.08,30239.9118216
2015-10-19,30191.6283165,-0.00104663229049,-0.0015966814118,15.4508687277,1.1825681983,0.000510942916066,3.91062052455e-05,7725.43436386,0.255471458033,0.278596533443,0.278596533443,0.557193066885,5.55111512313e-17,2.77555756156e-17,0.08,30191.6283165
2015-10-20,30168.435898,-0.000359793136233,-0.000768173821866,11.8687856538,0.460892218519,0.000393115122157,1.52655634763e-05,5934.39282688,0.196557561078,0.264719474458,0.264719474458,0.529438948915,-8.881784197e-16,-8.74300631892e-16,0.08,30168.435898
2015-10-21,30229.056416,0.00249676163361,0.00200940208481,14.2652768144,0.437598492939,0.000472854372122,1.45051766826e-05,7132.63840722,0.236427186061,0.273969295934,0.273969295934,0.547938591868,8.32667268469e-17,9.71445146547e-17,0.08,30229.056416
2015-10-22,30130.0639869,-0.00247410752531,-0.00327474426267,23.7486940173,0.453799085098,0.000785624721146,1.50120162156e-05,11874.3470087,0.392812360573,0.300668914447,0.300668914447,0.601337828895,0,4.16333634234e-17,0.08,30130.0639869
2015-10-23,30097.3471355,-0.000120462992045,-0.00108585403157,28.5909007177,0.496393075681,0.000948916030516,1.64750090108e-05,14295.4503588,0.474458015258,0.325948109546,0.325948109546,0.651896219093,6.45317133063e-16,6.80011602583e-16,0.08,30097.3471355
2015-10-26,30042.8005064,-0.000943752255922,-0.00181234009851,24.5295585721,1.61263124403,0.000815007331432,5.35805111583e-05,12264.779286,0.407503665716,0.400244502828,0.400244502828,0.800489005656,-6.24500451352e-17,-5.55111512313e-17,0.08,30042.8005064
2015-10-27,30015.7426757,-0.000331200340059,-0.00090064275712,16.4487700999,0.65887483574,0.000547511211427,2.19312056344e-05,8224.38504996,0.273755605713,0.295984365414,0.295984365414,0.591968730829,-1.2490009027e-16,-1.38777878078e-16,0.08,30015.7426757
2015-10-28,30073.8207029,0.00247535826715,0.00193491887975,15.7348846225,0.486804961552,0.000524221066008,1.62183213926e-05,7867.44231125,0.262110533004,0.290066331902,0.290066331902,0.580132663804,-5.55111512313e-17,-5.55111512313e-17,0.08,30073.8207029
2015-10-29,30094.9995103,0.00142793722943,0.00070422736023,21.2867261702,0.477994677128,0.000707815823618,1.58940455837e-05,10643.3630851,0.353907911809,0.294300933015,0.294300933015,0.588601866029,-8.32667268469e-17,-1.2490009027e-16,0.08,30094.9995103
2015-10-30,30121.4585675,0.00174294151136,0.0008791845055,25.509452343,0.485314325203,0.000847630927334,1.61260785214e-05,12754.7261715,0.423815463667,0.344214654446,0.344214654446,0.688429308891,-5.82867087928e-16,-6.24500451352e-16,0.08,30121.4585675
2015-11-02,30103.9846994,0.000830554622997,-0.000580113612408,40.7870153611,1.7043694442,0.00135408500454,5.65832308678e-05,20393.5076806,0.677042502269,0.282345163428,0.282345163428,0.564690326856,-1.04083408559e-17,-2.08166817117e-17,0.08,30103.9846994
2015-11-03,30080.6906206,0.000394564253863,-0.000773787227019,34.7062973243,0.465737779714,0.00115288051302,1.54709678591e-05,17353.1486621,0.576440256512,0.465825844698,0.465825844698,0.931651689397,-2.35922392733e-16,-1.80411241502e-16,0.08,30080.6906206
2015-11-04,30087.9683489,0.00141734940615,0.000241940201653,34.5893199142,0.767800718764,0.00114988450068,2.55247038191e-05,17294.6599571,0.574942250338,0.38014780172,0.38014780172,0.76029560344,-7.21644966006e-16,-7.21644966006e-16,0.08,30087.9683489
2015-11-05,30153.8381279,0.00321790124062,0.00218923983733,30.3235988658,0.626732878141,0.00100783138676,2.08300165326e-05,15161.7994329,0.503915693378,0.451098380519,0.451098380519,0.902196761038,-2.22044604925e-16,-2.22044604925e-16,0.08,30153.8381279
2015-11-06,30204.9658175,0.00270550744415,0.00169556158598,29.7084098132,0.745334112104,0.000985228138695,2.47177194805e-05,14854.2049066,0.492614069347,0.397974062847,0.397974062847,0.795948125694,-5.55111512313e-16,-5.96744875736e-16,0.08,30204.9658175
2015-11-09,30199.71481,0.00150300741678,-0.000173845833374,48.6732743404,1.97602076129,0.00161143285626,6.54203938927e-05,24336.6371702,0.805716428129,0.37616237359,0.37616237359,0.752324747179,-7.35522753814e-16,-7.91033905045e-16,0.08,30199.71481
2015-11-10,30138.9925563,-0.00111127147291,-0.00201068964032,26.5397065945,0.62246555642,0.000878806530509,2.0611636909e-05,13269.8532973,0.439403265255,0.369851032265,0.369851032265,0.73970206453,-7.07767178199e-16,-8.11850586757e-16,0.08,30138.9925563
2015-11-11,30131.717852,0.000446770451882,-0.00024137184508,20.1291244695,0.610791096349,0.000667876486975,2.02658099871e-05,10064.5622347,0.333938243487,0.34618140521,0.34618140521,0.692362810419,-8.881784197e-16,-1.01307850997e-15,0.08,30131.717852
2015-11-12,30142.5020626,0.00101771198231,0.000357902282151,19.3096358621,0.571563859036,0.000640840856033,1.89688441211e-05,9654.81793103,0.320420428017,0.396509244078,0.396509244078,0.793018488156,-1.66533453694e-16,-2.01227923213e-16,0.08,30142.5020626
2015-11-13,30019.1131551,-0.00329233520889,-0.00409351908819,23.4947946408,0.65489209356,0.000779457345378,2.17265339221e-05,11747.3973204,0.389728672689,0.331544060456,0.331544060456,0.663088120911,-3.05311331772e-16,-2.91433543964e-16,0.08,30019.1131551
2015-11-16,30103.7453584,0.0039872019221,0.00281927726984,33.4240088134,1.63605347946,0.00111342425876,5.45003934996e-05,16712.0044067,0.556712129382,0.278021447209,0.278021447209,0.556042894419,-5.55111512313e-17,-1.11022302463e-16,0.08,30103.7453584
2015-11-17,30154.3925575,0.00259753501145,0.00168242185302,27.0897314763,0.458602019232,0.000899879106528,1.52340519019e-05,13544.8657382,0.449939553264,0.349027320596,0.349027320596,0.698054641192,3.05311331772e-16,1.83880688454e-16,0.08,30154.3925575
2015-11-18,29996.7158796,-0.00399183276708,-0.00522897874868,36.7286893149,0.576696265125,0.00121802119691,1.91247846902e-05,18364.3446575,0.609010598454,0.292143846421,0.292143846421,0.584287692842,1.80411241502e-16,2.22044604925e-16,0.08,29996.7158796
2015-11-19,29993.7571022,0.000507126295164,-9.8636713203e-05,17.6907169643,0.480183888059,0.000589755126371,1.60078819957e-05,8845.35848216,0.294877563186,0.211528783946,0.211528783946,0.423057567891,9.71445146547e-17,9.02056207508e-17,0.08,29993.7571022
2015-11-20,29980.7948888,4.54889594266e-05,-0.000432163709691,13.9789519468,0.347646189906,0.000466062050819,1.15906182984e-05,6989.47597341,0.23303102541,0.208210294325,0.208210294325,0.416420588649,6.24500451352e-17,7.97972798949e-17,0.08,29980.7948888
2015-11-23,29942.4799965,-0.000381053220717,-0.00127798120236,25.8644806759,1.02613317171,0.00086270163189,3.4226349752e-05,12932.240338,0.431350815945,0.249403842109,0.249403842109,0.498807684218,1.66533453694e-16,2.23779328401e-16,0.08,29942.4799965
2015-11-24,29966.9496356,0.00124377945219,0.000817221522057,12.3630094383,0.409192852241,0.000412891966186,1.36659639512e-05,6181.50471913,0.206445983093,0.182711251738,0.182711251738,0.365422503476,1.94289029309e-16,2.35055030995e-16,0.08,29966.9496356
2015-11-25,29981.2558327,0.00111299102326,0.000477399177145,18.7467324643,0.300016376915,0.000625580270675,1.00115754377e-05,9373.36623217,0.312790135337,0.286062298254,0.286062298254,0.572124596507,-1.38777878078e-17,0,0.08,29981.2558327
2015-11-27,29976.9018816,0.000408366454681,-0.000145222438578,15.6573990626,0.939891172387,0.0005222396003,3.13492929593e-05,7828.69953128,0.26111980015,0.217272156151,0.217272156151,0.434544312302,4.57966997658e-16,4.6143644461e-16,0.08,29976.9018816
2015-11-30,29931.6259211,-0.00114423381655,-0.00151036156768,9.9047215174,1.0706541545,0.00033041178026,3.57159708741e-05,4952.3607587,0.16520589013,0.188575397337,0.188575397337,0.377150794674,1.11022302463e-16,1.04083408559e-16,0.08,29931.6259211
2015-12-01,29916.2166834,0.00032335488226,-0.000514814588824,24.7784946149,0.309280452111,0.0008278365726,1.03328984842e-05,12389.2473074,0.4139182863,0.329904666232,0.329904666232,0.659809332464,2.35922392733e-16,2.49800180541e-16,0.08,29916.2166834
2015-12-02,29935.1832542,0.00166743582696,0.000633989616196,30.3760062797,0.540794492047,0.00101536924275,1.80769680127e-05,15188.0031399,0.507684621374,0.26387006094,0.26387006094,0.527740121879,-6.93889390391e-18,-1.38777878078e-17,0.08,29935.1832542
2015-12-03,29914.2591097,0.000663442191667,-0.000698981673817,40.3515862404,0.432821842713,0.00134796523201,1.44586334761e-05,20175.7931202,0.673982616004,0.427526482276,0.427526482276,0.855052964551,-8.32667268469e-17,-1.94289029309e-16,0.08,29914.2591097
2015-12-04,29809.1042384,-0.00222524806957,-0.00351520894671,37.8874492369,0.700774683125,0.00126653476852,2.34261086178e-05,18943.7246185,0.633267384261,0.281357671658,0.281357671658,0.562715343316,6.24500451352e-17,5.55111512313e-17,0.08,29809.1042384
2015-12-07,29780.8368232,3.77330539329e-05,-0.000948281268652,28.0135154765,1.37868824593,0.000939763746422,4.62505761629e-05,14006.7577383,0.469881873211,0.422544577445,0.422544577445,0.845089154889,9.02056207508e-17,2.77555756156e-17,0.08,29780.8368232
2015-12-08,29664.7791239,-0.00288095882637,-0.00389705970994,29.5708150965,0.689519512954,0.000992947756038,2.31531275312e-05,14785.4075483,0.496473878019,0.362566362436,0.362566362436,0.725132724872,5.27355936697e-16,5.48172618409e-16,0.08,29664.7791239
2015-12-09,29796.9159675,0.00543745519553,0.00445433431503,28.5747239882,0.589339784078,0.000963254230508,1.98666499965e-05,14287.3619941,0.481627115254,0.270642009833,0.270642009833,0.541284019666,3.88578058619e-16,4.02455846427e-16,0.08,29796.9159675
2015-12-10,29718.9399361,-0.00180285259638,-0.00261691617671,23.8147047954,0.44187929996,0.000799233881163,1.48296991689e-05,11907.3523977,0.399616940582,0.231313167459,0.231313167459,0.462626334918,5.30825383649e-16,5.82867087928e-16,0.08,29718.9399361
2015-12-11,29681.6067661,-0.000407511477359,-0.00125620799769,24.8456824388,0.376678472884,0.000836021826224,1.26746941073e-05,12422.8412194,0.418010913112,0.317450456958,0.317450456958,0.634900913915,0,-1.38777878078e-17,0.08,29681.6067661
2015-12-14,29668.4728529,0.000662226012586,-0.000442493334608,31.2409510643,1.54889418594,0.00105253571043,5.21836367602e-05,15620.4755322,0.526267855217,0.305619401878,0.305619401878,0.611238803756,1.17961196366e-16,1.38777878078e-16,0.08,29668.4728529
2015-12-15,29757.5858586,0.00386409720701,0.0030036263132,25.0320211385,0.49683621523,0.000843724625215,1.67462685961e-05,12516.0105693,0.421862312608,0.426565486474,0.426565486474,0.853130972948,8.32667268469e-17,3.46944695195e-17,0.08,29757.5858586
2015-12-16,29804.2248425,0.00345595082955,0.00156729729553,55.5062322113,0.695537484279,0.0018652800827,2.33734513137e-05,27753.1161057,0.93264004135,0.353694233732,0.353694233732,0.707388467464,-1.11022302463e-16,-2.22044604925e-16,0.08,29804.2248425
2015-12-17,29756.2574287,-0.000637199830923,-0.00160941658622,28.3985458134,0.57762095713,0.000952836249341,1.93805059579e-05,14199.2729067,0.47641812467,0.314973298414,0.314973298414,0.629946596828,-1.38777878078e-16,-2.49800180541e-16,0.08,29756.2574287
2015-12-18,29750.324991,0.000600375919384,-0.000199367734684,23.2838204282,0.51355761922,0.000782484843196,1.7258810872e-05,11641.9102141,0.391242421598,0.382825953745,0.382825953745,0.765651907491,8.32667268469e-17,-4.85722573274e-17,0.08,29750.324991
2015-12-21,29731.6235303,0.000184645668795,-0.000628613662575,22.3225327189,1.87219669133,0.000750329037604,6.29302937664e-05,11161.2663595,0.375164518802,0.299181430094,0.299181430094,0.598362860189,-5.55111512313e-17,-8.32667268469e-17,0.08,29731.6235303
2015-12-22,29737.5438964,0.000996592735216,0.000199126902648,23.2225484521,0.4874054601,0.000781072329549,1.63935030189e-05,11611.274226,0.390536164774,0.301241630366,0.301241630366,0.602483260731,-1.66533453694e-16,-1.8951853975e-16,0.08,29737.5438964
2015-12-23,29772.945784,0.00214080768528,0.00119047785957,27.7696153898,0.49085951816,0.000933823435001,1.6506390705e-05,13884.8076949,0.4669117175,0.247814053175,0.247814053175,0.49562810635,2.77555756156e-16,2.63677968348e-16,0.08,29772.945784
2015-12-24,29768.1654402,0.000404934080198,-0.000160559988372,16.4321418135,0.404282431216,0.000551915216341,1.35788522288e-05,8216.07090674,0.275957608171,0.163874581407,0.163874581407,0.327749162815,2.42861286637e-17,1.04083408559e-17,0.08,29768.1654402
2015-12-28,29738.9897605,-0.000152404192139,-0.00098009666349,23.5696818946,1.0692045262,0.000791774754878,3.59177164728e-05,11784.8409473,0.395887377439,0.211054694362,0.211054694362,0.422109388725,3.05311331772e-16,2.98372437868e-16,0.08,29738.9897605
2015-12-29,29686.9362909,-8.35933103672e-05,-0.00175034424541,49.2235682567,0.343920733948,0.00165518629426,1.1564640787e-05,24611.7841284,0.827593147129,0.334690813123,0.334690813123,0.669381626246,8.32667268469e-17,2.77555756156e-17,0.08,29686.9362909
2015-12-30,29644.1938127,-0.000225485432376,-0.00143977397379,35.5040712337,0.544435334046,0.00119594931878,1.83392226369e-05,17752.0356168,0.597974659388,0.376981093862,0.376981093862,0.753962187723,3.05311331772e-16,2.91433543964e-16,0.08,29644.1938127
2015-12-31,29580.4195173,-0.000755923722415,-0.00215132500609,40.7532008609,0.612345238913,0.00137474478538,2.06564982938e-05,20376.6004305,0.687372392692,0.365550943238,0.365550943238,0.731101886475,1.66533453694e-16,1.94289029309e-16,0.08,29580.4195173
2016-01-04,29577.3502034,0.00137309334701,-0.000103761673881,41.3159855485,2.37000553554,0.00139673426621,8.01207546822e-05,20657.9927743,0.698367133103,0.343963720419,0.343963720419,0.687927440839,6.66133814775e-16,5.6898930012e-16,0.08,29577.3502034
2016-01-05,29485.8142431,-0.00159667495425,-0.00309479921846,43.7530920153,0.557453995404,0.00147927693706,1.88473271463e-05,21876.5460077,0.739638468531,0.324122995307,0.324122995307,0.648245990615,2.77555756156e-16,2.94902990916e-16,0.08,29485.8142431
2016-01-06,29479.6650158,0.0008112722249,-0.000208548670303,29.5465765769,0.52367290036,0.00100206073108,1.77601641264e-05,14773.2882884,0.501030365538,0.479030069843,0.479030069843,0.958060139685,5.27355936697e-16,5.48172618409e-16,0.08,29479.6650158
2016-01-07,29284.7618795,-0.00571281900116,-0.00661144338603,25.7173570195,0.773788821449,0.000872376161865,2.62482230051e-05,12858.6785098,0.436188080933,0.327286214931,0.327286214931,0.654572429861,8.60422844084e-16,8.58688120609e-16,0.08,29284.7618795
2016-01-08,29301.9838794,0.001079072432,0.000588087416007,13.8532012595,0.525178020311,0.000473051524765,1.79334912291e-05,6926.60062974,0.236525762383,0.40443991885,0.40443991885,0.808879837701,2.77555756156e-16,1.66533453694e-16,0.08,29301.9838794
2016-01-11,29398.6828457,0.0040091756644,0.00330008256888,18.8297426211,1.94809183272,0.000642609821185,6.64832743316e-05,9414.87131057,0.321304910593,0.31156461153,0.31156461153,0.623129223061,6.38378239159e-16,6.86950496487e-16,0.08,29398.6828457
2016-01-12,29433.0533803,0.00187286688899,0.00116911818165,20.1873897515,0.501895298647,0.000686676673833,1.70720335085e-05,10093.6948758,0.343338336917,0.381165004574,0.381165004574,0.762330009148,3.05311331772e-16,3.05311331772e-16,0.08,29433.0533803
2016-01-13,29327.6576312,-0.00261705709949,-0.00358086358633,27.7530362725,0.614731502813,0.00094292073316,2.08857536753e-05,13876.5181362,0.47146036658,0.262164541053,0.262164541053,0.524329082106,3.46944695195e-17,8.32667268469e-17,0.08,29327.6576312
2016-01-14,29266.00882,-0.00160166612513,-0.00210207074731,14.254398346,0.421297090578,0.000486039441854,1.43651803317e-05,7127.19917298,0.243019720927,0.263152154206,0.263152154206,0.526304308413,3.1918911958e-16,3.26128013484e-16,0.08,29266.00882
2016-01-15,29224.3061945,-0.000812496269257,-0.0014249508963,17.5021072695,0.421995247453,0.000598035330925,1.44192961209e-05,8751.05363477,0.299017665462,0.317738224425,0.317738224425,0.63547644885,-1.80411241502e-16,-1.38777878078e-16,0.08,29224.3061945
2016-01-19,29118.3469186,-0.00291776286234,-0.00362572425917,18.6544632849,2.0352173502,0.000638320142168,6.96412546685e-05,9327.23164243,0.319160071084,0.373906455089,0.373906455089,0.747812910178,6.93889390391e-17,6.93889390391e-17,0.08,29118.3469186
2016-01-20,29036.8530087,-0.00192903883582,-0.00279871347693,24.7269104883,0.596577417774,0.000849186616171,2.04880249364e-05,12363.4552441,0.424593308085,0.401442144943,0.401442144943,0.802884289887,2.49800180541e-16,2.8449465006e-16,0.08,29036.8530087
2016-01-21,29021.7389922,0.000210814830792,-0.00052051151792,20.5966969736,0.638718715299,0.000709329518851,2.19968298599e-05,10298.3484868,0.354664759426,0.390419778259,0.390419778259,0.780839556517,-2.77555756156e-17,1.73472347598e-17,0.08,29021.7389922
2016-01-22,28961.8908828,-0.00116153430078,-0.00206218205733,25.5175059829,0.620858131617,0.000879254891987,2.13928645621e-05,12758.7529914,0.439627445993,0.309470560784,0.309470560784,0.618941121568,2.15105711021e-16,2.01227923213e-16,0.08,28961.8908828
2016-01-25,28852.8112411,-0.00289855712031,-0.00376631630039,23.658601051,1.47334563499,0.000816887307073,5.08718730056e-05,11829.3005255,0.408443653536,0.238712002371,0.238712002371,0.477424004742,-1.38777878078e-17,1.38777878078e-17,0.08,28852.8112411
2016-01-26,28875.5616691,0.00134005599762,0.000788499527776,15.5365567764,0.377397936734,0.000538476360124,1.3080109719e-05,7768.27838822,0.269238180062,0.342974111949,0.342974111949,0.685948223899,1.52655665886e-16,1.94289029309e-16,0.08,28875.5616691
2016-01-27,28988.5731103,0.0047242100314,0.00391374001612,22.8601155308,0.542661376466,0.000791676913258,1.87931020246e-05,11430.0577654,0.395838456629,0.326638746742,0.326638746742,0.653277493484,9.71445146547e-17,1.04083408559e-16,0.08,28988.5731103
2016-01-28,28906.9831144,-0.00197686256269,-0.00281455715808,23.764733149,0.518837873457,0.000819796581866,1.78980135201e-05,11882.3665745,0.409898290933,0.28233878493,0.28233878493,0.56467756986,-1.17961196366e-16,-1.5959455979e-16,0.08,28906.9831144
2016-01-29,28884.0968099,-0.000203905230753,-0.000791722345135,16.5448104963,0.44720890348,0.000572346496029,1.54706183523e-05,8272.40524814,0.286173248015,0.293665531835,0.293665531835,0.58733106367,-2.77555756156e-17,-9.02056207508e-17,0.08,28884.0968099
2016-02-01,28897.8892036,0.00100800497703,0.000477508220326,13.9285749683,1.3943447098,0.000482222970653,4.82737860551e-05,6964.28748414,0.241111485326,0.270388036556,0.270388036556,0.540776073112,7.6327832943e-17,4.85722573274e-17,0.08,28897.8892036
2016-02-02,28929.1535032,0.00147516949137,0.00108188869598,10.9368400004,0.42814485054,0.00037846501256,1.4815782825e-05,5468.42000019,0.18923250628,0.289642078027,0.289642078027,0.579284156055,4.16333634234e-17,-5.20417042793e-17,0.08,28929.1535032
2016-02-03,28934.8899798,0.00121748142791,0.000198293965443,29.0251017757,0.459128774589,0.00100331666367,1.5870798796e-05,14512.5508878,0.501658331835,0.442958980518,0.442958980518,0.885917961035,6.38378239159e-16,6.10622663544e-16,0.08,28934.8899798
2016-02-04,29070.4319369,0.00624374472721,0.00468437782915,44.4178099421,0.702299691333,0.0015350951731,2.42717249599e-05,22208.904971,0.767547586549,0.427399509272,0.427399509272,0.854799018543,1.38777878078e-16,1.4224732503e-16,0.08,29070.4319369
2016-02-05,29264.7367971,0.0080740167575,0.00668393440662,39.729489527,0.680804840775,0.00136666319968,2.3419151193e-05,19864.7447635,0.683331599841,0.35302745904,0.35302745904,0.70605491808,1.2490009027e-16,1.80411241502e-16,0.08,29264.7367971
2016-02-08,29267.769094,0.00120448994462,0.000103616063313,30.51849578,1.69828860345,0.00104284197024,5.8031911075e-05,15259.24789,0.521420985118,0.381854208331,0.381854208331,0.763708416662,6.66133814775e-16,7.77156117238e-16,0.08,29267.769094
2016-02-09,29361.3293078,0.00402127225236,0.00319669782763,23.5210691625,0.612384701205,0.000803650906462,2.09235182647e-05,11760.5345812,0.401825453231,0.356829535264,0.356829535264,0.713659070528,6.93889390391e-16,7.35522753814e-16,0.08,29361.3293078
2016-02-10,29431.8213603,0.00295184350899,0.00240084676578,15.6039152088,0.574081615981,0.000531444439903,1.95523033021e-05,7801.95760441,0.265722219952,0.398370152503,0.398370152503,0.796740305005,3.05311331772e-16,3.33066907388e-16,0.08,29431.8213603
2016-02-11,29404.8708675,0.000102167263505,-0.000915692321632,29.3150089228,0.642452556918,0.000996031083631,2.1828501507e-05,14657.5044614,0.498015541815,0.376267302285,0.376267302285,0.75253460457,1.66533453694e-16,1.87350135405e-16,0.08,29404.8708675
2016-02-12,29480.2878609,0.00405267780849,0.00256477893354,43.1452226962,0.606251585499,0.00146728148852,2.06173864266e-05,21572.6113481,0.73364074426,0.421607016,0.421607016,0.843214032001,9.99200722163e-16,1.15185638805e-15,0.08,29480.2878609
2016-02-16,29525.5406867,0.00290852080747,0.00153501980937,37.7670193337,2.72418546758,0.0012810939809,9.24070172055e-05,18883.5096669,0.64054699045,0.259172462251,0.259172462251,0.518344924501,2.81025203108e-16,3.0184188482e-16,0.08,29525.5406867
2016-02-17,29503.9353298,0.000303679780793,-0.000731751439286,30.1523675987,0.419299018031,0.00102122998927,1.42012308083e-05,15076.1837994,0.510614994636,0.29302443946,0.29302443946,0.586048878919,-6.93889390391e-18,-2.77555756156e-17,0.08,29503.9353298
2016-02-18,29556.9563536,0.00331018665312,0.0017970831074,44.1687900306,0.473719129418,0.00149704741204,1.6056133669e-05,22084.3950153,0.748523706022,0.449242506068,0.449242506068,0.898485012136,-2.77555756156e-16,-3.60822483003e-16,0.08,29556.9563536
2016-02-19,29418.0683297,-0.00316213073181,-0.00469899614379,44.6974890459,0.727574857208,0.00151224938425,2.46160277298e-05,22348.744523,0.756124692123,0.317443677826,0.317443677826,0.634887355652,-4.16333634234e-17,-2.42861286637e-17,0.08,29418.0683297
2016-02-22,29445.8567769,0.0015317104281,0.000944604755226,15.7364057922,1.53510900906,0.000534923150489,5.21825223824e-05,7868.2028961,0.267461575244,0.294919019343,0.294919019343,0.589838038685,-3.46944695195e-17,-7.1991024253e-17,0.08,29445.8567769
2016-02-23,29406.6734837,-0.000647847560808,-0.00133068952582,19.6310232397,0.475843463252,0.000666682018744,1.61599462653e-05,9815.51161984,0.333341009372,0.275564212225,0.275564212225,0.551128424449,8.32667268469e-17,6.93889390391e-17,0.08,29406.6734837
2016-02-24,29410.5833238,0.000695821019552,0.000132957578955,16.1079180265,0.444023386997,0.000547764031707,1.5099408889e-05,8053.95901327,0.273882015854,0.309490294196,0.309490294196,0.618980588392,5.13478148889e-16,4.99600361081e-16,0.08,29410.5833238
2016-02-25,29394.4031529,0.000142101062443,-0.000550147909876,19.8606904601,0.498755621116,0.000675290600034,1.69583722847e-05,9930.34523004,0.337645300017,0.313225843948,0.313225843948,0.626451687896,4.71844785466e-16,4.99600361081e-16,0.08,29394.4031529
2016-02-26,29325.0940687,-0.00122168251304,-0.00235790071277,32.8939579292,0.504497903283,0.00111905513979,1.71630599424e-05,16446.9789646,0.559527569893,0.405885759018,0.405885759018,0.811771518035,1.36002320517e-15,1.33226762955e-15,0.08,29325.0940687
2016-02-29,29277.0215209,-0.000598371705859,-0.0016392973092,28.5686431986,1.95659803798,0.000974204656656,6.67209466878e-05,14284.3215993,0.487102328328,0.282905296554,0.282905296554,0.565810593108,-2.08166817117e-17,6.93889390391e-18,0.08,29277.0215209
2016-03-01,29240.7962245,-0.000622219590876,-0.0012373286139,17.5547176688,0.453842435924,0.000599607362938,1.55016600852e-05,8777.35883442,0.299803681469,0.263450385318,0.263450385318,0.526900770636,1.11022302463e-16,1.26634813746e-16,0.08,29240.7962245
2016-03-02,29223.0528719,6.55529852337e-05,-0.000606801278576,19.2380644827,0.422109536019,0.000657918626258,1.44356375517e-05,9619.03224135,0.328959313129,0.229476104819,0.229476104819,0.458952209638,-1.02348685083e-16,-1.04083408559e-16,0.08,29223.0528719
2016-03-03,29275.1484987,0.002282859843,0.00178268940626,14.2490554825,0.367451635286,0.000487596403598,1.25740331408e-05,7124.52774126,0.243798201799,0.232174831496,0.232174831496,0.464349662991,-5.62050406216e-16,-5.82867087928e-16,0.08,29275.1484987
2016-03-04,29185.5967226,-0.00210555515535,-0.00305896915134,27.5389005506,0.372435762723,0.000940692087413,1.27219085751e-05,13769.4502753,0.470346043707,0.353323426374,0.353323426374,0.706646852748,-1.13797860024e-15,-1.08246744901e-15,0.08,29185.5967226
2016-03-07,29226.4904381,0.00240357076593,0.00140116084975,27.5608156681,1.69511589613,0.000944329352938,5.80805632396e-05,13780.4078341,0.472164676469,0.401103946668,0.401103946668,0.802207893337,-4.23272528138e-16,-4.4408920985e-16,0.08,29226.4904381
2016-03-08,29280.4058786,0.00314580592522,0.00184474563032,37.3830777388,0.642348529423,0.00127908199645,2.19782984476e-05,18691.5388694,0.639540998226,0.365400183992,0.365400183992,0.730800367984,-3.60822483003e-16,-3.88578058619e-16,0.08,29280.4058786
2016-03-09,29290.7897802,0.00143012722303,0.000354636532218,30.9045537705,0.58625017509,0.00105546876292,2.002192789e-05,15452.2768852,0.52773438146,0.32549864089,0.32549864089,0.65099728178,5.55111512313e-17,8.32667268469e-17,0.08,29290.7897802
2016-03-10,29252.9853617,-0.000425903193599,-0.00129065889799,24.8069604381,0.522417110359,0.000846920162422,1.78355419666e-05,12403.4802191,0.423460081211,0.324335542276,0.324335542276,0.648671084553,0,1.38777878078e-17,0.08,29252.9853617
2016-03-11,29201.3862965,-0.00100725037761,-0.00176389057798,21.6141061919,0.519878513452,0.00073886838983,1.77718105357e-05,10807.053096,0.369434194915,0.247791598539,0.247791598539,0.495583197079,2.70616862252e-16,3.12250225676e-16,0.08,29201.3862965
2016-03-14,29174.1842271,-7.09514647706e-05,-0.000931533493717,23.9407321263,1.18945614082,0.000819849163433,4.07328655133e-05,11970.3660631,0.409924581717,0.352685859559,0.352685859559,0.705371719117,1.52655665886e-16,1.66533453694e-16,0.08,29174.1842271
2016-03-15,29192.8215887,0.00151556089928,0.000638830598787,25.0140928251,0.563798478962,0.000857405047913,1.93252525786e-05,12507.0464125,0.428702523957,0.413691417891,0.413691417891,0.827382835782,-6.93889390391e-18,1.38777878078e-17,0.08,29192.8215887
2016-03-16,29106.5905054,-0.00229913240987,-0.00295384545078,18.4511774468,0.661743548233,0.000632045018011,2.26680228981e-05,9225.58872339,0.316022509005,0.355185742077,0.355185742077,0.710371484155,6.93889390391e-17,1.31838984174e-16,0.08,29106.5905054
2016-03-17,29064.9997263,-0.000124379504653,-0.00142891278,37.4040366161,0.566479230028,0.0012850710429,1.94622324426e-05,18702.0183081,0.642535521451,0.355082956807,0.355082956807,0.710165913614,-1.11022302463e-16,-5.20417042793e-17,0.08,29064.9997263
2016-03-18,29053.745896,0.000442605177267,-0.000387195265621,23.5526435609,0.565506084514,0.000810343842515,1.9456600373e-05,11776.3217804,0.405171921257,0.238493658584,0.238493658584,0.476987317169,0,2.77555756156e-17,0.08,29053.745896
2016-03-21,29055.1627758,0.000767247697214,4.87675455718e-05,19.7355040057,1.13903575139,0.000679275714615,3.92044370276e-05,9867.75200286,0.339637857307,0.195520275024,0.195520275024,0.391040550048,-1.38777878078e-16,-1.38777878078e-16,0.08,29055.1627758
2016-03-22,29036.2322915,-0.000106445734877,-0.000651535994528,15.5264054865,0.311280735167,0.000534376819924,1.07134397273e-05,7763.20274326,0.267188409962,0.106536155961,0.106536155961,0.213072311922,-3.46944695195e-17,-4.51028103754e-17,0.08,29036.2322915
2016-03-23,29058.1615952,0.000997823642842,0.000755239299201,6.87423351266,0.169501839558,0.000236746746054,5.83759758692e-06,3437.11675633,0.118373373027,0.127171419448,0.127171419448,0.254342838896,-2.08166817117e-17,-1.56125112838e-17,0.08,29058.1615952
2016-03-24,28989.0330121,-0.000956446861197,-0.00237897304231,41.1335097451,0.202485898993,0.00141555788415,6.96829695606e-06,20566.7548725,0.707778942077,0.401848217302,0.401848217302,0.803696434605,2.22044604925e-16,1.94289029309e-16,0.08,28989.0330121
2016-03-28,29002.8389662,0.00167200854556,0.000476247486329,32.110709426,2.55324739446,0.00110768473763,8.80763216005e-05,16055.354713,0.553842368813,0.432009329391,0.432009329391,0.864018658782,2.91433543964e-16,2.18575157973e-16,0.08,29002.8389662
2016-03-29,28980.8673096,0.000646307974318,-0.000757569168178,40.0298749107,0.686547781492,0.00138020539842,2.36717440762e-05,20014.9374553,0.69010269921,0.267135141321,0.267135141321,0.534270282643,3.12250225676e-16,3.12250225676e-16,0.08,28980.8673096
2016-03-30,29018.3285876,0.00197507099658,0.00129262101032,19.3537838352,0.424208662157,0.000667812444272,1.46375419902e-05,9676.89191758,0.333906222136,0.212360098194,0.212360098194,0.424720196388,1.45716771982e-16,2.28983498829e-16,0.08,29018.3285876
2016-03-31,28990.3308823,-0.000444950466378,-0.000964828323673,14.7483242907,0.337662197714,0.00050824168753,1.1636169764e-05,7374.16214534,0.254120843765,0.216387842817,0.216387842817,0.432775685635,2.15105711021e-16,3.33066907388e-16,0.08,28990.3308823
2016-04-01,28981.2274174,0.000386057429275,-0.00031401728243,19.9516630052,0.343734529434,0.000688217843606,1.18568680996e-05,9975.8315026,0.344108921803,0.27849248551,0.27849248551,0.556984971021,1.11022302463e-16,1.66533453694e-16,0.08,28981.2274174
2016-04-04,28990.8297247,0.00114873576691,0.000331328525968,22.3627165302,1.32674861204,0.000771627654281,4.57795866592e-05,11181.3582651,0.385813827141,0.353609012256,0.353609012256,0.707218024512,7.6327832943e-17,1.2490009027e-16,0.08,28990.8297247
2016-04-05,28974.9559662,0.000397088871216,-0.000547544124384,26.8239727572,0.561721570599,0.000925257159313,1.9375836288e-05,13411.9863786,0.462628579656,0.399746172065,0.399746172065,0.799492344129,1.52655665886e-16,2.28983498829e-16,0.08,28974.9559662
2016-04-06,28882.2837461,-0.00220352986077,-0.00319835585846,28.1903749437,0.634664533329,0.000972922097848,2.19038998392e-05,14095.1874719,0.486461048924,0.334186399682,0.334186399682,0.668372799364,4.37150315946e-16,5.16947595841e-16,0.08,28882.2837461
2016-04-07,28819.3982593,-0.00148081741538,-0.0021773031292,19.5872176597,0.528880351764,0.00067817413027,1.83115835442e-05,9793.60882986,0.339087065135,0.218706144393,0.218706144393,0.437412288787,1.07552855511e-16,1.36175792864e-16,0.08,28819.3982593
2016-04-08,28810.030289,7.43585964344e-05,-0.000325057802488,11.1655715334,0.345368738467,0.000387432500599,1.19838983229e-05,5582.78576668,0.1937162503,0.228870233034,0.228870233034,0.457740466068,6.93889390391e-18,6.93889390391e-17,0.08,28810.030289
2016-04-11,28834.3838508,0.00133467454901,0.00084531538128,13.0145469631,1.08390548153,0.000451736663672,3.76225040604e-05,6507.27348153,0.225868331836,0.291789059469,0.291789059469,0.583578118938,9.71445146547e-17,8.15320033709e-17,0.08,28834.3838508
2016-04-12,28801.2722292,-0.000683620381291,-0.00114833809839,12.9388321745,0.461016862695,0.000448729275487,1.59884416147e-05,6469.41608724,0.224364637744,0.314317937687,0.314317937687,0.628635875375,9.02056207508e-17,1.02131844648e-16,0.08,28801.2722292
2016-04-13,28878.3674839,0.0033613597875,0.00267680031831,19.2201421777,0.4960414515,0.000667336568495,1.72229006952e-05,9610.07108887,0.333668284247,0.278102769372,0.278102769372,0.556205538743,-4.85722573274e-17,-6.93889390391e-17,0.08,28878.3674839
2016-04-14,28845.0202051,0.000413668344344,-0.00115474944457,44.8532820453,0.440063231354,0.00155317928101,1.52385079108e-05,22426.6410226,0.776589640503,0.385906208446,0.385906208446,0.771812416892,-1.94289029309e-16,-1.52655665886e-16,0.08,28845.0202051
2016-04-15,28845.9413563,0.000970860583971,3.19344976996e-05,26.4733982375,0.609943692049,0.000917780540603,2.11455456683e-05,13236.6991188,0.458890270302,0.267970869998,0.267970869998,0.535941739995,-3.53883589099e-16,-3.88578058619e-16,0.08,28845.9413563
2016-04-18,28832.3382256,0.000323511604248,-0.000471578671287,21.6644635705,1.2706638906,0.000751040269508,4.4050006027e-05,10832.2317852,0.375520134754,0.321000365577,0.321000365577,0.642000731153,-1.7694179455e-16,-1.94289029309e-16,0.08,28832.3382256
2016-04-19,28806.671446,-0.000243542977599,-0.000890208051374,18.1377323663,0.507133759499,0.000629076012647,1.75890611275e-05,9068.86618314,0.314538006324,0.297941093285,0.297941093285,0.595882186569,-1.66533453694e-16,-2.98372437868e-16,0.08,28806.671446
2016-04-20,28719.1629039,-0.00231685282589,-0.00303778734968,20.2974395124,0.470284448467,0.000704608984432,1.63255393581e-05,10148.7197562,0.352304492216,0.256762489312,0.256762489312,0.513524978623,-1.38777878078e-16,-3.1918911958e-16,0.08,28719.1629039
2016-04-21,28717.20945,0.000697148368669,-6.80191795434e-05,21.5709164654,0.404055000447,0.000751098370716,1.40691774965e-05,10785.4582327,0.375549185358,0.319930950413,0.319930950413,0.639861900825,-6.93889390391e-17,-1.94289029309e-16,0.08,28717.20945
2016-04-22,28692.9131221,-0.000329161823929,-0.000846054625127,14.3402928564,0.503425978769,0.000499362338161,1.75304630363e-05,7170.14642821,0.249681169081,0.254079819719,0.254079819719,0.508159639438,-8.32667268469e-17,-1.38777878078e-16,0.08,28692.9131221
2016-04-25,28671.4305273,8.99889125753e-05,-0.000748707346512,22.8662350305,1.19840386739,0.000796929713381,4.17665457073e-05,11433.1175152,0.39846485669,0.329726980624,0.329726980624,0.659453961249,-2.35922392733e-16,-4.37150315946e-16,0.08,28671.4305273
2016-04-26,28603.5377413,-0.00183947158624,-0.0023679594902,14.6344908413,0.518013381805,0.000510420672152,1.8067231815e-05,7317.24542065,0.255210336076,0.357133443249,0.357133443249,0.714266886498,-1.94289029309e-16,-1.97758476261e-16,0.08,28603.5377413
2016-04-27,28518.9915789,-0.00221317645093,-0.0029557938999,20.6817448634,0.559741365624,0.000723048493179,1.95689557945e-05,10340.8724317,0.36152424659,0.267140740578,0.267140740578,0.534281481155,-8.32667268469e-17,-1.04083408559e-16,0.08,28518.9915789
2016-04-28,28473.9179965,-0.000726980222738,-0.00158047602392,23.9233828799,0.417456686625,0.000838857952383,1.46378487988e-05,11961.69144,0.419428976192,0.249997392712,0.249997392712,0.499994785423,6.93889390391e-17,1.38777878078e-17,0.08,28473.9179965
2016-04-29,28454.7720773,-0.000142829856859,-0.000672401990905,14.6889439148,0.390049603255,0.000515873646774,1.36984872719e-05,7344.47195739,0.257936823387,0.279810995578,0.279810995578,0.559621991156,6.93889390391e-17,-2.08166817117e-17,0.08,28454.7720773
2016-05-02,28440.2383431,0.000192576027198,-0.000510766145992,18.7046261997,1.30881503078,0.00065734584515,4.59963280402e-05,9352.31309987,0.328672922575,0.177554485447,0.177554485447,0.355108970893,2.77555756156e-17,-9.71445146547e-17,0.08,28440.2383431
2016-05-03,28497.1765088,0.00228946257634,0.00200202843079,7.89800016173,0.276695445752,0.000277705132653,9.72901290118e-06,3949.00008086,0.138852566326,0.166012900944,0.166012900944,0.332025801888,-8.32667268469e-17,-1.52655665886e-16,0.08,28497.1765088
2016-05-04,28474.8782515,-0.000343300356246,-0.000782472512409,12.2559391127,0.25922733923,0.000430075558851,9.096597312e-06,6127.96955635,0.215037779426,0.23405300087,0.23405300087,0.46810600174,-1.94289029309e-16,-1.80411241502e-16,0.08,28474.8782515
2016-05-05,28405.8347913,-0.000994689244615,-0.00242471485178,40.3546198164,0.365185244064,0.0014172007852,1.28248219655e-05,20177.3099082,0.708600392599,0.431052249013,0.431052249013,0.862104498025,4.71844785466e-16,5.41233724505e-16,0.08,28405.8347913
2016-05-06,28381.7711524,0.000145566162887,-0.000847137182866,27.5276412652,0.670925971062,0.000969084044437,2.36193013158e-05,13763.8206326,0.484542022219,0.380429134419,0.380429134419,0.760858268838,-5.55111512313e-17,-4.16333634234e-17,0.08,28381.7711524
2016-05-09,28361.4126247,0.000334045114843,-0.000717309982532,28.0644289299,1.77489084375,0.000988818801306,6.25362960689e-05,14032.214465,0.494409400653,0.370607593822,0.370607593822,0.741215187643,-1.52655665886e-16,-1.11022302463e-16,0.08,28361.4126247
2016-05-10,28374.0840325,0.00110649847847,0.000446783381566,18.1345093443,0.57594273371,0.000639407831488,2.03072654149e-05,9067.25467214,0.319703915744,0.356929433164,0.356929433164,0.713858866327,8.11850586757e-16,9.71445146547e-16,0.08,28374.0840325
2016-05-11,28308.5612205,-0.00127109396724,-0.00230924853663,28.9017509781,0.554934012617,0.00101859679223,1.95577771596e-05,14450.875489,0.509298396117,0.315025452182,0.315025452182,0.630050904364,1.73472347598e-16,2.02095284951e-16,0.08,28308.5612205
2016-05-12,28239.8346826,-0.00144787375245,-0.00242776513389,27.2506621582,0.488653002691,0.000962629712827,1.72616686127e-05,13625.3310791,0.481314856413,0.392326338432,0.392326338432,0.784652676864,0,-4.16333634234e-17,0.08,28239.8346826
2016-05-13,28180.2510482,-0.00126927747349,-0.0021099144168,23.1323671597,0.607081147339,0.000819139609694,2.14973336127e-05,11566.1835799,0.409569804847,0.341017766502,0.341017766502,0.682035533004,6.24500451352e-17,-2.77555756156e-17,0.08,28180.2510482
2016-05-16,28234.0431778,0.00304405033908,0.0019088591306,30.4102527597,1.57972048306,0.00107913349344,5.60577150414e-05,15205.1263799,0.539566746721,0.433908627919,0.433908627919,0.867817255839,6.24500451352e-17,0,0.08,28234.0431778
2016-05-17,28230.5552115,0.000952159751977,-0.000123537610211,29.6999983765,0.671287393746,0.00105192154696,2.37758152285e-05,14849.9991882,0.52596077348,0.388004308925,0.388004308925,0.77600861785,-2.77555756156e-17,-2.08166817117e-17,0.08,28230.5552115
2016-05-18,28124.2091547,-0.00289075772402,-0.00376705509507,24.1381653116,0.600196003584,0.000855036860973,2.12605100781e-05,12069.0826558,0.427518430486,0.404875428732,0.404875428732,0.809750857463,-2.22044604925e-16,-1.2490009027e-16,0.08,28124.2091547
2016-05-19,28002.1641159,-0.00296414104363,-0.00433950117892,38.0569817935,0.623934314479,0.00135317518029,2.2184954999e-05,19028.4908967,0.676587590146,0.306287690881,0.306287690881,0.612575381761,-3.88578058619e-16,-4.02455846427e-16,0.08,28002.1641159
2016-05-20,28003.7964855,0.00101578430746,5.82944083556e-05,26.3418321332,0.469957160916,0.000940707011934,1.67828871715e-05,13170.9160666,0.470353505967,0.325863335705,0.325863335705,0.651726671409,-1.31838984174e-16,-1.11022302463e-16,0.08,28003.7964855
2016-05-23,27980.7689333,-0.000274960647509,-0.000822301083987,13.8275427062,1.50006748523,0.000493773860747,5.35665757322e-05,6913.7713531,0.246886930373,0.274416929014,0.274416929014,0.548833858029,-6.93889390391e-17,-5.55111512313e-17,0.08,27980.7689333
2016-05-24,27947.7499174,-0.000552848791714,-0.00118006106037,17.1291474966,0.420734064774,0.000612175724598,1.50365440556e-05,8564.57374828,0.306087862299,0.271320772742,0.271320772742,0.542641545485,-2.08166817117e-16,-2.35922392733e-16,0.08,27947.7499174
2016-05-25,27912.7125839,-0.000698397321681,-0.00125367278686,15.1032036661,0.415496170082,0.000540408573524,1.48668916571e-05,7551.60183304,0.270204286762,0.274032031079,0.274032031079,0.548064062157,-1.90819582357e-16,-1.7694179455e-16,0.08,27912.7125839
2016-05-26,27863.7220656,-0.000848208048411,-0.00175513283083,24.8956087417,0.419122045056,0.000891909328657,1.50154537577e-05,12447.8043709,0.445954664329,0.226242204073,0.226242204073,0.452484408145,2.77555756156e-17,4.85722573274e-17,0.08,27863.7220656
2016-05-27,27842.3994467,7.13209848313e-05,-0.000765246611903,22.9644650925,0.345421911989,0.000824170763635,1.23968330999e-05,11482.2325463,0.412085381817,0.31115961128,0.31115961128,0.62231922256,-2.77555756156e-17,1.04083408559e-17,0.08,27842.3994467
2016-05-31,27765.449314,-0.00165941537178,-0.00276377518644,28.8491930784,1.89883401402,0.0010361604478,6.81993668559e-05,14424.5965392,0.518080223898,0.374325600275,0.374325600275,0.74865120055,-6.93889390391e-18,3.81639164715e-17,0.08,27765.449314
2016-06-01,27699.5124881,-0.00142908104742,-0.00237477971774,25.688251594,0.569496903089,0.000925187678524,2.05109917959e-05,12844.125797,0.462593839262,0.327035063682,0.327035063682,0.654070127363,1.38777878078e-17,6.93889390391e-18,0.08,27699.5124881
2016-06-02,27710.2143788,0.00122334396923,0.000386356644935,22.6877730701,0.496367771535,0.000819067594774,1.79197295168e-05,11343.886535,0.409533797387,0.19875443654,0.19875443654,0.397508873079,8.67361737988e-18,0,0.08,27710.2143788
2016-06-03,27707.0126314,0.000613312719326,-0.000115543944705,19.8949920531,0.301782358645,0.000717966009974,1.0890654057e-05,9947.49602656,0.358983004987,0.262901296804,0.262901296804,0.525802593609,9.71445146547e-17,1.07552855511e-16,0.08,27707.0126314
2016-06-06,27699.5000115,0.000453906454493,-0.000271145069014,18.8916074104,1.19740430981,0.000681834871978,4.32166515295e-05,9445.8037052,0.340917435989,0.23665442112,0.23665442112,0.47330884224,1.11022302463e-16,1.13624387676e-16,0.08,27699.5000115
2016-06-07,27679.1314205,-0.000177536481673,-0.000735341466954,15.0917296543,0.359189541948,0.000544837619741,1.29673655408e-05,7545.86482714,0.27241880987,0.247670645748,0.247670645748,0.495341291496,-2.77555756156e-17,6.93889390391e-18,0.08,27679.1314205
2016-06-08,27596.7464322,-0.00214982715428,-0.00297642968075,22.5040066283,0.375633334393,0.000813031532181,1.35709942876e-05,11252.0033141,0.40651576609,0.369545480331,0.369545480331,0.739090960661,1.5959455979e-16,6.93889390391e-17,0.08,27596.7464322
2016-06-09,27542.6691589,-0.00135951177805,-0.00195955249446,16.0003631208,0.558808378952,0.000579791648994,2.02490674154e-05,8000.1815604,0.289895824497,0.320723527534,0.320723527534,0.641447055069,4.30211422042e-16,5.13478148889e-16,0.08,27542.6691589
2016-06-10,27577.9067593,0.00204013899423,0.00127938218754,20.4692411462,0.484031890979,0.000743182914773,1.75738919197e-05,10234.6205731,0.371591457386,0.364708236899,0.364708236899,0.729416473797,6.24500451352e-17,1.90819582357e-16,0.08,27577.9067593
2016-06-13,27531.8807606,-0.00112199241798,-0.0016689446023,13.430444601,1.65335173998,0.000487000145379,5.99520389422e-05,6715.22230051,0.24350007269,0.327677347412,0.327677347412,0.655354694823,6.52256026967e-16,7.19042880792e-16,0.08,27531.8807606
2016-06-14,27388.7162636,-0.00445534897811,-0.00519995340284,20.0060274323,0.494332803118,0.000726649501582,1.79549231458e-05,10003.0137162,0.363324750791,0.313725576978,0.313725576978,0.627451153956,2.91433543964e-16,4.68375338514e-16,0.08,27388.7162636
2016-06-15,27419.4757957,0.00189868602744,0.00112307315899,20.7722166303,0.470824154108,0.000758422425877,1.71904425741e-05,10386.1083151,0.379211212938,0.298343504583,0.298343504583,0.596687009165,6.0368376964e-16,7.07767178199e-16,0.08,27419.4757957
2016-06-16,27404.1885083,-6.87578390467e-05,-0.000557533904406,12.9537411647,0.448242328915,0.000472428476067,1.63475892922e-05,6476.87058235,0.236214238033,0.277301359755,0.277301359755,0.554602719509,2.22044604925e-16,3.05311331772e-16,0.08,27404.1885083
2016-06-17,27373.0451862,-0.000280938890373,-0.00113644387056,23.0280241996,0.416395547195,0.00084031038513,1.5194595055e-05,11514.0120998,0.420155192565,0.300378599941,0.300378599941,0.600757199883,4.99600361081e-16,5.65519853168e-16,0.08,27373.0451862
2016-06-20,27357.7654872,0.00039750833162,-0.000558202381749,24.8091053657,1.3516071763,0.00090633340927,4.93773041e-05,12404.5526829,0.453166704635,0.221979278096,0.221979278096,0.443958556192,0,-1.38777878078e-17,0.08,27357.7654872
2016-06-21,27350.0197765,0.000209001106337,-0.00028312658631,13.1307547157,0.332759289489,0.000479964444532,1.21632481148e-05,6565.37735785,0.239982222266,0.185373136675,0.185373136675,0.37074627335,5.55111512313e-17,9.71445146547e-17,0.08,27350.0197765
2016-06-22,27315.4707128,-0.000245509039824,-0.00126321896366,27.5565805735,0.277805970087,0.00100755249169,1.01574321466e-05,13778.2902867,0.503776245844,0.28568582545,0.28568582545,0.571371650901,-5.55111512313e-17,-5.55111512313e-17,0.08,27315.4707128
2016-06-23,27281.2383837,-0.000546838394635,-0.00125322127687,18.8675840661,0.427596865653,0.000690728864403,1.56540178329e-05,9433.79203305,0.345364432202,0.20333475087,0.20333475087,0.406669501739,1.38777878078e-17,-5.55111512313e-17,0.08,27281.2383837
2016-06-24,27275.3808906,0.000327630267757,-0.000214707744015,14.4916951146,0.30395746905,0.000531196381587,1.11416301846e-05,7245.84755732,0.265598190793,0.189235275116,0.189235275116,0.378470550232,1.38777878078e-16,2.22044604925e-16,0.08,27275.3808906
2016-06-27,27224.8766586,-0.000444997332524,-0.00185164167647,37.518300389,0.848459869597,0.00137553717543,3.11071685122e-05,18759.1501945,0.687768587716,0.315705940432,0.315705940432,0.631411880864,-2.77555756156e-17,2.77555756156e-17,0.08,27224.8766586
2016-06-28,27274.8310208,0.00257453721186,0.0018348792865,19.6661338538,0.470961933624,0.000722358969717,1.72989556401e-05,9833.06692688,0.361179484858,0.183912906646,0.183912906646,0.367825813292,3.05311331772e-16,2.77555756156e-16,0.08,27274.8310208
2016-06-29,27264.9349514,0.000225137687972,-0.000362827891354,15.7618019071,0.274859915141,0.000577888159784,1.00774195423e-05,7880.90095353,0.288944079892,0.247708620155,0.247708620155,0.49541724031,3.05311331772e-16,3.12250225676e-16,0.08,27264.9349514
2016-06-30,27280.1894994,0.0013844658972,0.000559493283295,22.1227556458,0.370069009064,0.000811399538831,1.3573075077e-05,11061.3778229,0.405699769415,0.356136780648,0.356136780648,0.712273561295,2.671474153e-16,2.63677968348e-16,0.08,27280.1894994
2016-07-01,27255.325054,-0.000210188250726,-0.000911446944257,18.5981150414,0.532355006234,0.000681744349386,1.95143441451e-05,9299.05752069,0.340872174693,0.254281643724,0.254281643724,0.508563287447,3.43475248243e-16,3.53883589099e-16,0.08,27255.325054
2016-07-05,27211.9565131,-0.00078871735557,-0.0015911951477,20.3527730503,1.519020023,0.000746744829127,5.57329630079e-05,10176.3865251,0.373372414563,0.276316600998,0.276316600998,0.552633201996,2.77555756156e-16,2.74086309204e-16,0.08,27211.9565131
2016-07-06,27188.3264082,-4.23031221817e-05,-0.000868372137092,22.0669477911,0.412006319463,0.000810928379239,1.51406356711e-05,11033.4738955,0.40546418962,0.321619373908,0.321619373908,0.643238747815,6.66133814775e-16,4.85722573274e-16,0.08,27188.3264082
2016-07-07,27281.3221685,0.00408658978328,0.00342042974281,17.6326373045,0.479139316,0.00064853706108,1.76229793922e-05,8816.31865224,0.32426853054,0.306071484164,0.306071484164,0.612142968327,7.07767178199e-16,7.6327832943e-16,0.08,27281.3221685
2016-07-08,27255.4285031,0.000522630677532,-0.000949135283351,39.694185184,0.457536151565,0.00145499492066,1.67710402281e-05,19847.092592,0.727497460328,0.447422240561,0.447422240561,0.894844481122,4.85722573274e-16,5.6898930012e-16,0.08,27255.4285031
2016-07-11,27229.5678846,0.00020436536566,-0.000948824506357,29.4260783722,2.00460573506,0.00107964101055,7.35488614621e-05,14713.0391861,0.539820505277,0.24575953003,0.24575953003,0.491519060059,1.80411241502e-16,2.15105711021e-16,0.08,27229.5678846
2016-07-12,27234.8657896,0.00101790515051,0.000194564418341,22.0525314928,0.366680866095,0.000809874456555,1.34662756181e-05,11026.2657464,0.404937228278,0.422730145511,0.422730145511,0.845460291021,1.38777878078e-17,5.55111512313e-17,0.08,27234.8657896
2016-07-13,27166.5034457,-0.0015132645765,-0.00251010393898,26.5179370028,0.630849248121,0.000973676066833,2.31632956444e-05,13258.9685014,0.486838033417,0.275342349692,0.275342349692,0.550684699384,-2.81025203108e-16,-2.94902990916e-16,0.08,27166.5034457
2016-07-14,27095.5701443,-0.00181900216334,-0.00261105745746,21.1075049925,0.409867884475,0.000776968042082,1.50872520379e-05,10553.7524962,0.388484021041,0.342575401648,0.342575401648,0.685150803296,-2.08166817117e-16,-2.63677968348e-16,0.08,27095.5701443
2016-07-15,27124.593975,0.00175000219129,0.00107116515785,17.8848586026,0.508617853428,0.000660065778552,1.87712548848e-05,8942.4293013,0.330032889276,0.288869247379,0.288869247379,0.577738494759,-1.2490009027e-16,-8.15320033709e-17,0.08,27124.593975
2016-07-18,27088.2438387,-0.000706873177978,-0.00134011725147,15.8884673866,1.28802099403,0.000585758717762,4.74853557336e-05,7944.2336933,0.292879358881,0.263000052471,0.263000052471,0.526000104941,-8.32667268469e-17,-8.32667268469e-17,0.08,27088.2438387
2016-07-19,27096.5606118,0.00102362203367,0.000307025185917,19.0209824993,0.390367646625,0.000702185885972,1.44109617792e-05,9510.49124964,0.351092942986,0.255579706112,0.255579706112,0.511159412224,-3.0184188482e-16,-3.33066907388e-16,0.08,27096.5606118
2016-07-20,27050.0657288,-0.000386794687193,-0.0017158961107,35.6346070895,0.37947019166,0.00131509705605,1.40043674582e-05,17817.3035448,0.657548528023,0.39017757839,0.39017757839,0.78035515678,0,8.32667268469e-17,0.08,27050.0657288
2016-07-21,27009.8132553,-0.000497993033566,-0.00148807303917,26.2034098232,0.578319405005,0.000968700412263,2.13795933364e-05,13101.7049116,0.484350206131,0.406961407174,0.406961407174,0.813922814348,-1.38777878078e-16,-5.55111512313e-17,0.08,27009.8132553
2016-07-22,26933.9919222,-0.00202090919752,-0.0028071772402,20.6346542831,0.602298718349,0.000763968787496,2.22992551876e-05,10317.3271416,0.381984393748,0.388288737622,0.388288737622,0.776577475245,-4.85722573274e-17,-5.55111512313e-17,0.08,26933.9919222
2016-07-25,26888.0966427,-0.00101310900885,-0.00170399098877,16.8890591368,1.71915052975,0.00062705369429,6.38282856365e-05,8444.52956842,0.313526847145,0.402512167473,0.402512167473,0.805024334946,-1.04083408559e-16,-2.22044604925e-16,0.08,26888.0966427
2016-07-26,26927.5091088,0.00231570754942,0.00146579605901,22.259472919,0.593029373089,0.000827856029184,2.20554612314e-05,11129.7364595,0.413928014592,0.343841936821,0.343841936821,0.687683873642,0,0,0.08,26927.5091088
2016-07-27,26989.3544593,0.00326599620589,0.00229673492222,25.5924601606,0.50733188415,0.000950420629594,1.88406540724e-05,12796.2300803,0.475210314797,0.245352344972,0.245352344972,0.490704689944,-1.11022302463e-16,-1.11022302463e-16,0.08,26989.3544593
2016-07-28,26976.6182146,0.000620654857701,-0.000471898828656,29.1244747943,0.362843912651,0.00107910972225,1.34439641081e-05,14562.2373972,0.539554861125,0.390332860589,0.390332860589,0.780665721179,1.38777878078e-17,9.71445146547e-17,0.08,26976.6182146
2016-07-29,26895.1175653,-0.00231244445065,-0.0030211588652,18.5417395237,0.576978660643,0.000687326312593,2.13881019501e-05,9270.86976183,0.343663156296,0.291426550043,0.291426550043,0.582853100086,0,8.32667268469e-17,0.08,26895.1175653
2016-08-01,26752.3281944,-0.00490122358019,-0.00530911867608,9.68195620341,1.2884303548,0.000359989361634,4.79057342536e-05,4840.9781017,0.179994680817,0.254950094938,0.254950094938,0.509900189876,-1.73472347598e-16,-7.6327832943e-17,0.08,26752.3281944
2016-08-02,26822.3985751,0.00295063246143,0.00261922552106,8.4921807352,0.37372649934,0.000317437072149,1.39698682158e-05,4246.0903676,0.158718536075,0.287047337765,0.287047337765,0.574094675529,2.08166817117e-17,1.2490009027e-16,0.08,26822.3985751
2016-08-03,26835.1010368,0.001134405907,0.000473576651778,17.3031463254,0.421879348134,0.000645100633971,1.57286212474e-05,8651.57316271,0.322550316986,0.261162454691,0.261162454691,0.522324909383,1.11022302463e-16,1.80411241502e-16,0.08,26835.1010368
2016-08-04,26792.4889786,-0.000806637585318,-0.00158792240694,20.5818395454,0.384017581297,0.000766974550128,1.43102714899e-05,10290.9197727,0.383487275064,0.324721812794,0.324721812794,0.649443625589,0,4.85722573274e-17,0.08,26792.4889786
2016-08-05,26830.3713916,0.00213900931808,0.00141391914055,18.9502524756,0.476718114543,0.000707297201492,1.77929760435e-05,9475.12623779,0.353648600746,0.273015042041,0.273015042041,0.546030084083,-1.5959455979e-16,-1.80411241502e-16,0.08,26830.3713916
2016-08-08,26776.8189641,-0.0011301907834,-0.00199596295831,22.0248637921,1.20412520112,0.000820892989914,4.48791849931e-05,11012.4318961,0.410446494957,0.259029103159,0.259029103159,0.518058206319,-2.15105711021e-16,-1.66533453694e-16,0.08,26776.8189641
2016-08-09,26768.5999346,0.000219870108652,-0.000306945702737,13.7263981623,0.380053446671,0.000512622435873,1.41933755156e-05,6863.19908116,0.256311217937,0.235311020815,0.235311020815,0.47062204163,-1.87350135405e-16,-2.35922392733e-16,0.08,26768.5999346
2016-08-10,26772.8764848,0.000765972332498,0.000159759949677,15.8823089935,0.345147757611,0.000593318628256,1.28937545652e-05,7941.15449676,0.296659314128,0.329750446106,0.329750446106,0.659500892212,-5.6898930012e-16,-5.55111512313e-16,0.08,26772.8764848
2016-08-11,26748.2448983,-6.63367287914e-05,-0.000920020174494,22.3718152591,0.48374618983,0.000835614928107,1.80685175948e-05,11185.9076295,0.417807464054,0.19868795475,0.19868795475,0.397375909501,2.77555756156e-17,4.16333634234e-17,0.08,26748.2448983
2016-08-12,26762.0059942,0.000989918006147,0.000514467245043,12.4262649528,0.291208442302,0.000464563749885,1.08870112192e-05,6213.1324764,0.232281874943,0.146709828534,0.146709828534,0.293419657068,-2.25514051877e-17,-4.16333634234e-17,0.08,26762.0059942
2016-08-15,26723.5240721,-8.28630212501e-05,-0.00143793115079,35.6189305596,0.645410845582,0.00133095144539,2.41166841425e-05,17809.4652798,0.665475722697,0.333952179233,0.333952179233,0.667904358467,5.55111512313e-17,6.24500451352e-17,0.08,26723.5240721
2016-08-16,26674.0731928,-0.000890168699107,-0.00185046250518,25.1734275689,0.489007074009,0.00094199505653,1.8298749547e-05,12586.7137845,0.470997528265,0.334586583223,0.334586583223,0.669173166446,0,-2.77555756156e-17,0.08,26674.0731928
2016-08-17,26688.1417093,0.00132334667751,0.00052742288205,20.7415001508,0.489029425217,0.000777590284051,1.83335114095e-05,10370.7500754,0.388795142026,0.233328969037,0.233328969037,0.466657938074,-1.94289029309e-16,-1.5959455979e-16,0.08,26688.1417093
2016-08-18,26654.3541677,-0.000339266576898,-0.00126601327199,24.3919352592,0.341211867975,0.000913961546099,1.27851489883e-05,12195.9676296,0.45698077305,0.318588579521,0.318588579521,0.637177159042,-9.02056207508e-17,-1.11022302463e-16,0.08,26654.3541677
2016-08-19,26648.7676845,0.000522719813834,-0.000209589892184,19.0539396437,0.46530262095,0.000714852797551,1.74569084669e-05,9526.96982185,0.357426398775,0.249141747271,0.249141747271,0.498283494543,-5.55111512313e-17,-3.46944695195e-17,0.08,26648.7676845
2016-08-22,26626.9369955,0.000215790760282,-0.000819200693553,26.4898516508,1.09139515784,0.000994036646064,4.09548077706e-05,13244.9258254,0.497018323032,0.314729238953,0.314729238953,0.629458477905,-6.210310044e-16,-6.10622663544e-16,0.08,26626.9369955
2016-08-23,26625.4768759,0.000938366502061,-5.4836184216e-05,25.9867521668,0.459193184452,0.000975957248526,1.72454377508e-05,12993.3760834,0.487978624263,0.223431128204,0.223431128204,0.446862256408,-2.91433543964e-16,-3.33066907388e-16,0.08,26625.4768759
2016-08-24,26598.8204903,-0.000255157156243,-0.00100116087144,19.5367342389,0.325970429444,0.000733760913652,1.22428015454e-05,9768.36711944,0.366880456826,0.226271131393,0.226271131393,0.452542262786,-4.16333634234e-17,-2.77555756156e-17,0.08,26598.8204903
2016-08-25,26553.8959985,-0.000523849196229,-0.00168896556161,30.660937754,0.329783298962,0.00115271794722,1.23984181585e-05,15330.468877,0.576358973609,0.299617588402,0.299617588402,0.599235176804,-1.04083408559e-16,-1.38777878078e-16,0.08,26553.8959985
2016-08-26,26501.0264448,-0.00109643688889,-0.00199102812448,23.3189366428,0.435945988041,0.000878173833478,1.64174021042e-05,11659.4683214,0.439086916739,0.314277589995,0.314277589995,0.62855517999,-1.2490009027e-16,-1.94289029309e-16,0.08,26501.0264448
2016-08-29,26490.6817565,0.000293222461203,-0.000390350474453,16.7462865724,1.36909787235,0.000631910866067,5.16620695882e-05,8373.14328619,0.315955433034,0.251575538496,0.251575538496,0.503151076993,-1.2490009027e-16,-2.35922392733e-16,0.08,26490.6817565
2016-08-30,26446.3243141,-0.00121415973496,-0.00167445454115,11.8283502097,0.365173015234,0.000446509845176,1.37849610135e-05,5914.17510486,0.223254922588,0.235722631357,0.235722631357,0.471445262713,-3.05311331772e-16,-2.46330733589e-16,0.08,26446.3243141
2016-08-31,26379.2222131,-0.00193097927589,-0.00253729403754,15.6932079379,0.341588885317,0.000593398453089,1.29163085675e-05,7846.60396895,0.296699226544,0.282221588879,0.282221588879,0.564443177757,-1.66533453694e-16,-6.24500451352e-17,0.08,26379.2222131
2016-09-01,26357.4022544,-0.000396019746446,-0.000827164599668,10.9653324094,0.407933479801,0.000415680656572,1.54641966509e-05,5482.6662047,0.207840328286,0.27833778965,0.27833778965,0.556675579299,-1.66533453694e-16,-1.49186218934e-16,0.08,26357.4022544
2016-09-02,26362.8825944,0.00073326125071,0.0002079241322,13.444534843,0.401986908734,0.000510085732775,1.52513857342e-05,6722.26742148,0.255042866387,0.259902919301,0.259902919301,0.519805838602,-5.55111512313e-17,-9.71445146547e-17,0.08,26362.8825944
2016-09-06,26370.230037,0.000702214396464,0.000278704068342,9.66319083368,1.5017622241,0.000366545304714,5.69650234084e-05,4831.59541684,0.183272652357,0.237268692644,0.237268692644,0.474537385289,-2.77555756156e-17,-1.38777878078e-17,0.08,26370.230037
2016-09-07,26372.9310377,0.000794193678064,0.000102426132635,17.8992293048,0.342840000307,0.000678766521174,1.30010242545e-05,8949.61465238,0.339383260587,0.311886609174,0.311886609174,0.623773218347,-1.38777878078e-17,1.38777878078e-17,0.08,26372.9310377
2016-09-08,26352.3691659,0.000147553279726,-0.00077965819317,24.0025793534,0.450704878647,0.000910121795682,1.7089677215e-05,12001.2896767,0.455060897841,0.240198931394,0.240198931394,0.480397862787,1.38777878078e-17,-1.38777878078e-17,0.08,26352.3691659
2016-09-09,26344.5888189,0.000497246407187,-0.000295242790078,20.5371289321,0.346838954156,0.000779327611982,1.31615852818e-05,10268.5644661,0.389663805991,0.308319492727,0.308319492727,0.616638985454,-3.46944695195e-17,-2.77555756156e-17,0.08,26344.5888189
2016-09-12,26264.0031069,-0.00209966446969,-0.00305890946227,23.9357011646,1.33521374149,0.000908562336242,5.06826563387e-05,11967.8505823,0.454281168121,0.317015147337,0.317015147337,0.634030294674,-2.08166817117e-16,-2.22044604925e-16,0.08,26264.0031069
2016-09-13,26254.1251645,0.000330033623981,-0.000376101934672,18.0897225713,0.456223935046,0.000688764865649,1.73706930048e-05,9044.86128566,0.344382432825,0.230087476973,0.230087476973,0.460174953945,-6.59194920871e-17,-4.16333634234e-17,0.08,26254.1251645
2016-09-14,26273.39265,0.00130301306591,0.000733884116403,14.6109829261,0.330999748999,0.000556521416521,1.26075329848e-05,7305.49146304,0.27826070826,0.235229456191,0.235229456191,0.470458912383,0,0,0.08,26273.39265
2016-09-15,26197.5014057,-0.00240596577149,-0.00288852091774,12.3397155798,0.338645252896,0.00046966586098,1.28892852708e-05,6169.8577899,0.23483293049,0.241992956667,0.241992956667,0.483985913334,-5.55111512313e-17,-3.46944695195e-17,0.08,26197.5014057
2016-09-16,26129.62321,-0.0021364919468,-0.00259101792239,11.5600689488,0.347375935477,0.000441266087549,1.32598880365e-05,5780.03447442,0.220633043774,0.223810383487,0.223810383487,0.447620766974,4.16333634234e-17,5.55111512313e-17,0.08,26129.62321
2016-09-19,26151.7132581,0.0014530878926,0.000845402471935,14.9172626902,0.961328382084,0.000570894672697,3.67907479705e-05,7458.63134509,0.285447336348,0.254350896608,0.254350896608,0.508701793215,2.77555756156e-16,3.74700270811e-16,0.08,26151.7132581
2016-09-20,26158.3990357,0.000780931798317,0.000255653520848,13.3724495388,0.364477354248,0.000511341242038,1.39370354306e-05,6686.22476941,0.255670621019,0.278206953527,0.278206953527,0.556413907055,4.16333634234e-17,9.02056207508e-17,0.08,26158.3990357
2016-09-21,26145.8082223,0.00026181621907,-0.000481329663826,19.0407422449,0.398764301636,0.000727901666264,1.52442166316e-05,9520.37112243,0.363950833132,0.341041403241,0.341041403241,0.682082806482,1.66533453694e-16,2.32452945781e-16,0.08,26145.8082223
2016-09-22,26102.1059832,-0.000669961207149,-0.00167148166404,25.6969698444,0.488591952054,0.000982833256712,1.86872001776e-05,12848.4849222,0.491416628356,0.196654108316,0.196654108316,0.393308216631,6.24500451352e-17,5.55111512313e-17,0.08,26102.1059832
2016-09-23,26104.9448387,0.000650355024561,0.000108759632697,13.8555153115,0.281265006975,0.000530819824285,1.07755675789e-05,6927.75765574,0.265409912143,0.23949661946,0.23949661946,0.478993238921,0,-2.42861286637e-17,0.08,26104.9448387
2016-09-26,26064.0937427,-0.000466708864847,-0.00156487961337,27.6399532181,1.02773359563,0.00105880144122,3.93693073085e-05,13819.9766091,0.52940072061,0.287039888378,0.287039888378,0.574079776756,-5.55111512313e-17,-6.59194920871e-17,0.08,26064.0937427
2016-09-27,26016.8653047,-0.000475331109268,-0.00181201151475,34.4294217728,0.409941619648,0.00132095219242,1.57282130618e-05,17214.7108864,0.660476096208,0.319251334321,0.319251334321,0.638502668642,-3.46944695195e-17,2.08166817117e-17,0.08,26016.8653047
2016-09-28,25848.3427471,-0.00551156969386,-0.00647743514357,24.6736724605,0.455118847309,0.000948372225919,1.74932237984e-05,12336.8362302,0.47418611296,0.272839051689,0.272839051689,0.545678103378,3.46944695195e-16,2.89698820488e-16,0.08,25848.3427471
2016-09-29,25726.0402106,-0.00368227372148,-0.00473154266273,26.7354283055,0.386434921799,0.00103431885623,1.4950085024e-05,13367.7141528,0.517159428114,0.386474697387,0.386474697387,0.772949394773,1.66533453694e-16,1.38777878078e-16,0.08,25726.0402106
2016-09-30,25792.4766778,0.00334330592505,0.00258245990092,19.0287628846,0.54479252632,0.000739669328385,2.11766957472e-05,9514.38144229,0.369834664193,0.322555510112,0.322555510112,0.645111020225,8.32667268469e-17,4.16333634234e-17,0.08,25792.4766778
2016-10-03,25771.5697049,-0.000140000158737,-0.000810584156661,15.9284321864,1.36758994058,0.000617561174344,5.30228235801e-05,7964.21609321,0.308780587172,0.288804357088,0.288804357088,0.577608714177,2.77555756156e-17,3.12250225676e-17,0.08,25771.5697049
2016-10-04,25815.1675526,0.00242894771337,0.00169170322954,18.5921151871,0.407832417522,0.000721419587553,1.58248962788e-05,9296.05759355,0.360709793777,0.243930972863,0.243930972863,0.487861945725,-1.38777878078e-16,-1.52655665886e-16,0.08,25815.1675526
2016-10-05,25848.3615218,0.00169439471881,0.00128583202798,10.2020667066,0.345047612916,0.000395196610127,1.33660807048e-05,5101.03335332,0.197598305063,0.236672303293,0.236672303293,0.473344606587,2.77555756156e-17,-1.04083408559e-17,0.08,25848.3615218
2016-10-06,25775.4103397,-0.00147805661403,-0.00282227490604,34.4106298964,0.335210479876,0.00133124994663,1.29683453859e-05,17205.3149482,0.665624973315,0.387447009971,0.387447009971,0.774894019941,-1.15185638805e-15,-1.13797860024e-15,0.08,25775.4103397
2016-10-07,25749.8422779,-0.000294333759259,-0.000991955571452,17.4342772018,0.547211269419,0.000676391839044,2.12299731491e-05,8717.13860091,0.338195919522,0.380842149548,0.380842149548,0.761684299096,-6.10622663544e-16,-5.55111512313e-16,0.08,25749.8422779
2016-10-10,25743.9147525,0.000688541330797,-0.00023019656879,22.0453080172,1.61204799183,0.00085613371062,6.26041889668e-05,11022.6540086,0.42806685531,0.397207288475,0.397207288475,0.794414576951,-4.99600361081e-16,-4.40619762898e-16,0.08,25743.9147525
2016-10-11,25661.4975525,-0.00257407714497,-0.00320142452397,15.590066729,0.560310716361,0.000605582596076,2.17647829302e-05,7795.0333645,0.302791298038,0.382516134989,0.382516134989,0.765032269978,0,-8.32667268469e-17,0.08,25661.4975525
2016-10-12,25644.351487,3.67090669145e-05,-0.00066816308948,17.5502155621,0.537859554071,0.000683912368176,2.09597882186e-05,8775.10778103,0.341956184088,0.435015107443,0.435015107443,0.870030214886,2.77555756156e-17,1.38777878078e-16,0.08,25644.351487
2016-10-13,25621.367021,-8.96090340645e-05,-0.000896277920289,20.0752302976,0.611270154379,0.000782832441981,2.38364442434e-05,10037.6151488,0.391416220991,0.353875122474,0.353875122474,0.707750244949,-4.16333634234e-17,4.51028103754e-17,0.08,25621.367021
2016-10-14,25592.9199523,-0.000282785239715,-0.00111028692039,20.7049152632,0.496809007809,0.000808111263002,1.93904176698e-05,10352.4576316,0.404055631501,0.359522656944,0.359522656944,0.719045313888,-6.93889390391e-17,-2.77555756156e-17,0.08,25592.9199523
2016-10-17,25578.1260754,0.000587356003486,-0.00057804568125,28.3135003179,1.51253171181,0.0011063020699,5.90996148401e-05,14156.7501589,0.553151034948,0.36036792652,0.36036792652,0.720735853041,2.77555756156e-17,8.32667268469e-17,0.08,25578.1260754
2016-10-18,25559.4596589,0.000216416118895,-0.00072978045683,23.6968648261,0.505070479895,0.00092645038797,1.97461877545e-05,11848.4324131,0.463225193985,0.364290413805,0.364290413805,0.728580827611,1.2490009027e-16,1.94289029309e-16,0.08,25559.4596589
2016-10-19,25559.7266525,0.00114317452487,1.04459785339e-05,28.4417341798,0.510195404701,0.00111276742777,1.99611185647e-05,14220.8670899,0.556383713885,0.323341654311,0.323341654311,0.646683308623,-7.6327832943e-17,2.77555756156e-17,0.08,25559.7266525
2016-10-20,25541.6882464,-0.000163907582275,-0.000705735485998,13.3961224653,0.452850646551,0.000524110552802,1.77173509212e-05,6698.06123265,0.262055276401,0.304791685611,0.304791685611,0.609583371223,-1.87350135405e-16,-1.11022302463e-16,0.08,25541.6882464
2016-10-21,25530.3374469,8.85968270522e-05,-0.000444402867335,13.1871424835,0.426569545971,0.000516298780108,1.67009142801e-05,6593.57124174,0.258149390054,0.303687182439,0.303687182439,0.607374364878,-1.11022302463e-16,-1.11022302463e-16,0.08,25530.3374469
2016-10-24,25511.5958594,0.000183028107498,-0.000734090863931,22.1398522311,1.27450458838,0.000867197790754,4.99211806749e-05,11069.9261156,0.433598895377,0.232595070771,0.232595070771,0.465190141542,-2.77555756156e-17,1.38777878078e-17,0.08,25511.5958594
2016-10-25,25530.9555305,0.00110403218682,0.000758857703908,8.48080826813,0.325143640789,0.000332429547523,1.27449353847e-05,4240.40413406,0.166214773761,0.234514045974,0.234514045974,0.469028091947,-1.17961196366e-16,-1.52655665886e-16,0.08,25530.9555305
2016-10-26,25542.5446223,0.00109872402546,0.000453923154385,16.1343074241,0.328074941316,0.000631950786365,1.28500847109e-05,8067.15371206,0.315975393183,0.184973707902,0.184973707902,0.369947415804,-2.46330733589e-16,-2.74086309204e-16,0.08,25542.5446223
2016-10-27,25548.3696978,0.000659784243414,0.000228053843946,10.7686053665,0.258887626742,0.000421594853829,1.01355456385e-05,5384.30268324,0.210797426915,0.177071577214,0.177071577214,0.354143154428,-1.07552855511e-16,-9.36750677027e-17,0.08,25548.3696978
2016-10-28,25533.7160624,-1.92789519157e-05,-0.000573564401187,13.9132051861,0.247884390008,0.000544582897096,9.70255217611e-06,6956.60259306,0.272291448548,0.268690204347,0.268690204347,0.537380408694,-1.5959455979e-16,-1.2490009027e-16,0.08,25533.7160624
2016-10-31,25477.1481964,-0.000655324783672,-0.00221541846537,38.707209474,1.12777962519,0.00151592542893,4.41682527694e-05,19353.604737,0.757962714463,0.493737991849,0.493737991849,0.987475983699,-2.98372437868e-16,-3.05311331772e-16,0.08,25477.1481964
2016-11-01,25441.8242666,-0.000431586715333,-0.00138649465284,23.6390687918,0.689262245947,0.000927853800968,2.70541365397e-05,11819.5343959,0.463926900484,0.444829326636,0.444829326636,0.889658653272,-4.16333634234e-17,-2.77555756156e-17,0.08,25441.8242666
2016-11-02,25454.3432197,0.00111801728463,0.000492061924874,15.3053219024,0.620124359284,0.000601581150077,2.43742096787e-05,7652.6609512,0.300790575039,0.3568173655,0.3568173655,0.713634731001,-1.38777878078e-16,-1.94289029309e-16,0.08,25454.3432197
2016-11-03,25375.4071326,-0.00247720570673,-0.00310108520159,15.3827687248,0.497674065106,0.000604327858394,1.95516364658e-05,7691.38436238,0.302163929197,0.252597481379,0.252597481379,0.505194962757,-7.6327832943e-17,-1.11022302463e-16,0.08,25375.4071326
2016-11-04,25389.5890061,0.00108368234887,0.000558882598581,12.9657873853,0.351219941405,0.000510958792408,1.38409578838e-05,6482.89369266,0.255479396204,0.205547359621,0.205547359621,0.411094719241,-2.77555756156e-17,-6.93889390391e-18,0.08,25389.5890061
2016-11-07,25371.8042655,-1.33348731898e-06,-0.000700473746487,16.8930049915,0.857878846365,0.000665351652107,3.37886070609e-05,8446.50249576,0.332675826054,0.212275938449,0.212275938449,0.424551876898,-2.77555756156e-17,-3.12250225676e-17,0.08,25371.8042655
2016-11-08,25354.4974845,-0.000148141472479,-0.00068212653892,13.2530509667,0.295113619759,0.00052235350817,1.16315582712e-05,6626.52548335,0.261176754085,0.201551221355,0.201551221355,0.40310244271,-7.97972798949e-17,-1.00613961607e-16,0.08,25354.4974845
2016-11-09,25460.3417589,0.00467538774161,0.00417457590769,12.4178197843,0.280012599169,0.000489767931385,1.104390254e-05,6208.90989214,0.244883965692,0.2282389187,0.2282389187,0.4564778374,-2.08166817117e-17,-3.20923843056e-17,0.08,25460.3417589
2016-11-10,25534.5287109,0.00455463714696,0.00291382388872,41.4572531187,0.318413198508,0.00162830701612,1.25062421205e-05,20728.6265593,0.814153508058,0.37646190668,0.37646190668,0.75292381336,3.60822483003e-16,3.15285991759e-16,0.08,25534.5287109
2016-11-11,25487.6090331,-0.000784156710207,-0.00183749926893,26.3698782813,0.526727526832,0.00103271450904,2.06280496811e-05,13184.9391406,0.51635725452,0.366499880375,0.366499880375,0.73299976075,-1.11022302463e-16,-1.2490009027e-16,0.08,25487.6090331
2016-11-14,25268.2141524,-0.00796056339363,-0.00860790356403,14.9636125178,1.53554065671,0.00058709361472,6.0246555678e-05,7481.80625889,0.29354680736,0.338179330635,0.338179330635,0.676358661269,3.33066907388e-16,3.60822483003e-16,0.08,25268.2141524
2016-11-15,25377.7245362,0.00486207862311,0.00433391861701,12.8774306752,0.468229465665,0.000509629631819,1.85303742813e-05,6438.71533761,0.25481481591,0.387048579684,0.387048579684,0.774097159367,-7.49400541622e-16,-7.6327832943e-16,0.08,25377.7245362
2016-11-16,25414.2429272,0.00188055870008,0.00143899390796,10.6676952901,0.538214369168,0.000420356650767,2.12081413525e-05,5333.84764506,0.210178325384,0.403972406205,0.403972406205,0.807944812409,-8.32667268469e-16,-8.76035355368e-16,0.08,25414.2429272
2016-11-17,25372.5224444,-0.00053966851402,-0.00164161816273,27.4426597443,0.562556321488,0.0010798141744,2.21354743126e-05,13721.3298721,0.539907087198,0.450103523391,0.450103523391,0.900207046782,-2.63677968348e-16,-2.56739074445e-16,0.08,25372.5224444
2016-11-18,25347.9729202,0.000110250997839,-0.000967563403357,26.7211023181,0.625767767098,0.00105315119443,2.46632067612e-05,13360.5511591,0.526575597217,0.379244700192,0.379244700192,0.758489400384,-1.31838984174e-16,-1.38777878078e-16,0.08,25347.9729202
2016-11-21,25373.5916581,0.00167271480239,0.00101068191794,15.2009585767,1.58023305051,0.000599691289893,6.23415945521e-05,7600.47928835,0.299845644946,0.415542921413,0.415542921413,0.831085842827,-1.2490009027e-16,-8.32667268469e-17,0.08,25373.5916581
2016-11-22,25264.477746,-0.0027137978947,-0.00430029432031,39.6773691059,0.577743364622,0.00156372695047,2.27694751459e-05,19838.6845529,0.781863475233,0.351996423662,0.351996423662,0.703992847324,0,9.71445146547e-17,0.08,25264.477746
2016-11-23,25248.7704432,0.000346818448382,-0.000621714921898,23.98220179,0.487287989714,0.000949245895011,1.92874752691e-05,11991.100895,0.474622947505,0.411061455654,0.411061455654,0.822122911308,5.55111512313e-17,8.32667268469e-17,0.08,25248.7704432
2016-11-25,25270.6688631,0.00201378987603,0.000867306388081,27.8098960663,1.13740233774,0.00110143565719,4.50478307566e-05,13904.9480332,0.550717828595,0.226686668946,0.226686668946,0.453373337893,6.93889390391e-18,2.77555756156e-17,0.08,25270.6688631
2016-11-28,25235.0036416,-0.000309316394886,-0.00141132875026,26.9069141792,0.941675136431,0.00106474879335,3.72635620186e-05,13453.4570896,0.532374396677,0.38464417997,0.38464417997,0.76928835994,-2.77555756156e-17,1.12757025938e-17,0.08,25235.0036416
2016-11-29,25254.4251969,0.00172363816269,0.00076962759967,23.5425971671,0.531862864781,0.000932934169594,2.1076393423e-05,11771.2985835,0.466467084797,0.273163097896,0.273163097896,0.546326195793,1.52655665886e-16,1.28369537222e-16,0.08,25254.4251969
2016-11-30,25249.2773709,0.000877029578543,-0.000203838570848,26.9186996061,0.378004220404,0.00106590030841,1.49678409806e-05,13459.349803,0.532950154205,0.258033155036,0.258033155036,0.516066310071,1.17961196366e-16,5.55111512313e-17,0.08,25249.2773709
2016-12-01,25206.03431,-0.000397842637949,-0.00171264548585,32.8408272357,0.356994559035,0.00130066404488,1.41388030156e-05,16420.4136178,0.650332022442,0.371891750675,0.371891750675,0.74378350135,-4.99600361081e-16,-4.71844785466e-16,0.08,25206.03431
2016-12-02,25260.5069606,0.00328708177587,0.00216109562941,27.8680061949,0.513639245322,0.00110560851628,2.0377630174e-05,13934.0030975,0.552804258142,0.333724376776,0.333724376776,0.667448753553,-3.60822483003e-16,-4.16333634234e-16,0.08,25260.5069606
2016-12-05,25214.8976291,-0.00116925948053,-0.00180555883436,14.6874831152,1.38576114123,0.000581440552169,5.48588016619e-05,7343.74155762,0.290720276085,0.299884305381,0.299884305381,0.599768610762,-2.49800180541e-16,-2.15105711021e-16,0.08,25214.8976291
2016-12-06,25214.4834487,0.000644309359191,-1.64260189179e-05,16.2460432992,0.414331619767,0.000644303361376,1.64320167332e-05,8123.02164959,0.322151680688,0.309623588981,0.309623588981,0.619247177963,-6.10622663544e-16,-5.6898930012e-16,0.08,25214.4834487
2016-12-07,25209.768185,0.000420023891404,-0.000187006157691,14.8781683663,0.427780759436,0.000590064372986,1.69656761086e-05,7439.08418317,0.295032186493,0.391429875782,0.391429875782,0.782859751565,-9.15933995316e-16,-8.32667268469e-16,0.08,25209.768185
2016-12-08,25083.3854212,-0.00393922992414,-0.00501324577416,26.5349861441,0.540704461873,0.00105256763765,2.14482123716e-05,13267.4930721,0.526283818823,0.358179130698,0.358179130698,0.716358261397,-3.46944695195e-16,-2.42861286637e-16,0.08,25083.3854212
2016-12-09,25129.88415,0.00284230111927,0.00185376606988,24.3035127595,0.492292886857,0.000968908795657,1.96262537369e-05,12151.7563797,0.484454397829,0.420630061981,0.420630061981,0.841260123961,-2.22044604925e-16,-2.04697370165e-16,0.08,25129.88415
2016-12-12,25241.2346493,0.00524116242704,0.00443099930758,18.6217078451,1.73759748947,0.000741018451735,6.91446677228e-05,9310.85392257,0.370509225867,0.351460988753,0.351460988753,0.702921977507,-6.80011602583e-16,-6.66133814775e-16,0.08,25241.2346493
2016-12-13,25296.5941209,0.00358354464214,0.00219321567895,34.6075204607,0.486099139025,0.00137107082682,1.925813637e-05,17303.7602303,0.685535413412,0.384987040041,0.384987040041,0.769974080082,3.33066907388e-16,3.46944695195e-16,0.08,25296.5941209
2016-12-14,25272.0340639,0.000253512018626,-0.00097088393968,30.4394113872,0.533636213355,0.00120330077803,2.10951802762e-05,15219.7056936,0.601650389015,0.348436736279,0.348436736279,0.696873472559,3.88578058619e-16,3.88578058619e-16,0.08,25272.0340639
2016-12-15,25264.722532,0.000829182433013,-0.000289313154038,27.784154189,0.482504387308,0.00109940316315,1.90924239057e-05,13892.0770945,0.549701581573,0.233262445992,0.233262445992,0.466524891984,1.11022302463e-16,9.02056207508e-17,0.08,25264.722532
2016-12-16,25258.2782922,0.000314726467111,-0.000255068697025,14.0727955727,0.322921149323,0.000557013660246,1.278150389e-05,7036.39778634,0.278506830123,0.25356577533,0.25356577533,0.50713155066,1.11022302463e-16,1.05818132035e-16,0.08,25258.2782922
2016-12-19,25250.4870642,0.000379266427719,-0.000308462356287,16.318028317,1.05281669896,0.000646046738746,4.16820452597e-05,8159.0141585,0.323023369373,0.282450941126,0.282450941126,0.564901882253,7.14706072102e-16,6.73072708679e-16,0.08,25250.4870642
2016-12-20,25268.0689061,0.00153941703319,0.000696297142215,20.898392074,0.390795826585,0.000827643127076,1.54767638973e-05,10449.196037,0.413821563538,0.185043413242,0.185043413242,0.370086826485,0,2.77555756156e-17,0.08,25268.0689061
2016-12-21,25241.9371575,-0.000512154624971,-0.0010341806785,12.9343881151,0.256202176243,0.00051188668842,1.01393651092e-05,6467.19405757,0.25594334421,0.214317282556,0.214317282556,0.428634565112,-6.24500451352e-17,3.46944695195e-18,0.08,25241.9371575
2016-12-22,25257.2008803,0.000995373375175,0.000604696966014,9.56500288248,0.296426486468,0.000378932996418,1.17434127428e-05,4782.50144124,0.189466498209,0.193997798586,0.193997798586,0.387995597171,4.16333634234e-17,5.55111512313e-17,0.08,25257.2008803
2016-12-23,25233.1059131,-0.000480858253488,-0.000953984067052,11.6813492563,0.268484458587,0.000462495797203,1.06300163609e-05,5840.67462813,0.231247898602,0.217244711201,0.217244711201,0.434489422403,6.93889390391e-17,5.37764277553e-17,0.08,25233.1059131
2016-12-27,25221.9839843,0.00030242954455,-0.000440767331397,17.5516841027,1.20148138231,0.000695581596779,4.76152791674e-05,8775.84205137,0.34779079839,0.257870644426,0.257870644426,0.515741288852,-1.38777878078e-16,-1.11022302463e-16,0.08,25221.9839843
2016-12-28,25183.1603346,-0.000666111908964,-0.00153927818608,21.6666017878,0.356384069246,0.000859036378792,1.41298983247e-05,10833.3008939,0.429518189396,0.322235047679,0.322235047679,0.644470095359,-1.52655665886e-16,-1.04083408559e-16,0.08,25183.1603346
2016-12-29,25164.7791909,3.36267587235e-05,-0.000729898211342,18.7833198573,0.444651883349,0.000745868255124,1.76567149413e-05,9391.65992863,0.372934127562,0.280571420369,0.280571420369,0.561142840738,-1.52655665886e-16,-1.07552855511e-16,0.08,25164.7791909
2016-12-30,25127.8295632,-0.000334615981071,-0.001468307249,28.1422127381,0.38687768991,0.00111831749147,1.53737764586e-05,14071.106369,0.559158745733,0,0,0,0,0,0,25127.8295632
