date,nav,gross_return,net_return,trading_cost,borrow_cost,trading_cost_return,borrow_cost_return,traded_notional,turnover,long_exposure,short_exposure,gross_exposure,net_exposure,estimated_beta_exposure,max_position,cash
2010-01-04,99975.6212847,0,-0.000243787153143,24.3787153143,0,0.000243787153143,0,48757.4306285,0.487574306285,0.243846599811,0.243846599811,0.487693199622,-1.11022302463e-16,1.38777878078e-17,0.08,99975.6212847
2010-01-05,99967.9622289,0.000177167628999,-7.66092338428e-05,25.3714995302,0,0.000253776862841,0,50742.9990605,0.507553725683,0.309599085353,0.309599085353,0.619198170707,-1.5959455979e-16,-8.32667268469e-17,0.08,99967.9622289
2010-01-06,100032.402007,0.000821538691036,0.000644604301085,17.6877704115,0,0.00017693438995,0,35375.5408231,0.3538687799,0.264012467707,0.264012467707,0.528024935414,-2.77555756156e-16,-2.74086309204e-16,0.08,100032.402007
2010-01-07,99960.462757,-0.000462315780253,-0.000719159481419,25.6926923681,0,0.000256843701166,0,51385.3847363,0.513687402333,0.423418416763,0.423418416763,0.846836833527,-6.31439345256e-16,-6.66133814775e-16,0.08,99960.462757
2010-01-08,100008.000273,0.000655411585699,0.000475563183432,17.9777295167,0,0.000179848402267,0,35955.4590334,0.359696804534,0.467341978784,0.467341978784,0.934683957567,-1.65145674913e-15,-1.5959455979e-15,0.08,100008.000273
2010-01-11,99514.5381186,-0.00468528130125,-0.00493422679125,24.8965406317,0,0.000248945489999,0,49793.0812634,0.497890979997,0.5,0.5,1,-8.60422844084e-16,-6.83481049535e-16,0.076758812741,99514.5381186
2010-01-12,99746.9928765,0.00259702651284,0.00233588742184,25.9871360254,0,0.000261139090998,0,51974.2720507,0.522278181996,0.444891022197,0.444891022197,0.889782044393,-3.15719672628e-16,-3.05311331772e-16,0.08,99746.9928765
2010-01-13,99773.2252782,0.000503678746564,0.0002629893991,24.0080386269,0,0.000240689347464,0,48016.0772539,0.481378694928,0.29783687918,0.29783687918,0.59567375836,-2.42861286637e-17,-4.16333634234e-17,0.08,99773.2252782
2010-01-14,99782.0311864,0.000363066351872,8.8259231342e-05,27.4183927447,0,0.00027480712053,0,54836.7854894,0.54961424106,0.351420441159,0.351420441159,0.702840882317,0,-5.55111512313e-17,0.08,99782.0311864
2010-01-15,99981.60472,0.00218981957256,0.00200009491979,18.9311112197,0,0.000189724652772,0,37862.2224395,0.379449305545,0.292109016459,0.292109016459,0.584218032919,8.32667268469e-17,9.36750677027e-17,0.08,99981.60472
2010-01-19,99887.09428,-0.000797569364989,-0.000945278286647,14.7681750188,0,0.000147708921658,0,29536.3500377,0.295417843316,0.27012641368,0.27012641368,0.540252827359,2.08166817117e-16,1.80411241502e-16,0.08,99887.09428
2010-01-20,99825.1757038,-0.000348977972155,-0.000619885648329,27.0601805912,0,0.000270907676174,0,54120.3611823,0.541815352348,0.354457723308,0.354457723308,0.708915446617,2.35922392733e-16,3.05311331772e-16,0.08,99825.1757038
2010-01-21,99483.9339284,-0.00324942254235,-0.00341839393746,16.8675992058,0,0.000168971395111,0,33735.1984117,0.337942790221,0.271930679918,0.271930679918,0.543861359835,2.77555756156e-17,8.67361737988e-18,0.08,99483.9339284
2010-01-22,99585.2341936,0.00123842015255,0.0010182575332,21.9026434768,0,0.000220162619349,0,43805.2869536,0.440325238697,0.368050660959,0.368050660959,0.736101321918,5.55111512313e-17,6.59194920871e-17,0.08,99585.2341936
2010-01-25,99584.1410981,0.000193138203886,-1.09764812931e-05,20.3268087259,0,0.000204114685179,0,40653.6174518,0.408229370358,0.348118774602,0.348118774602,0.696237549204,1.38777878078e-16,2.35922392733e-16,0.08,99584.1410981
2010-01-26,99271.2033506,-0.00300355675865,-0.00314244561465,13.8311274323,0,0.000138888855995,0,27662.2548646,0.277777711989,0.326457786267,0.326457786267,0.652915572534,8.32667268469e-17,1.38777878078e-16,0.08,99271.2033506
2010-01-27,98979.0352656,-0.00276115615164,-0.00294313028467,18.064791164,0,0.000181974133024,0,36129.5823279,0.363948266047,0.35328747525,0.35328747525,0.7065749505,1.87350135405e-16,3.53883589099e-16,0.08,98979.0352656
2010-01-28,99147.7288878,0.00187474509433,0.00170433690048,16.8668386291,0,0.000170408193855,0,33733.6772582,0.34081638771,0.277441779843,0.277441779843,0.554883559686,1.73472347598e-17,0,0.08,99147.7288878
2010-01-29,99037.2575583,-0.00082462048542,-0.00111420937981,28.7120811902,0,0.000289588894393,0,57424.1623804,0.579177788786,0.343498835431,0.343498835431,0.686997670861,2.77555756156e-17,1.38777878078e-17,0.08,99037.2575583
2010-02-01,99365.4838255,0.0035119475883,0.00331416958869,19.5873906873,0,0.000197777999616,0,39174.7813747,0.395555999232,0.357852586975,0.357852586975,0.715705173951,-1.11022302463e-16,-6.93889390391e-17,0.08,99365.4838255
2010-02-02,99606.2182074,0.00263538950553,0.00242271634692,21.1323713016,0,0.000212673158606,0,42264.7426031,0.425346317212,0.323063109447,0.323063109447,0.646126218894,-2.77555756156e-17,-1.2490009027e-16,0.08,99606.2182074
2010-02-03,99802.7256937,0.00226190453455,0.00197284356132,28.7922703752,0,0.000289060973234,0,57584.5407503,0.578121946467,0.388045877272,0.388045877272,0.776091754545,-1.11022302463e-16,-2.18575157973e-16,0.08,99802.7256937
2010-02-04,99614.5754083,-0.00154657081682,-0.0018852219123,33.7983023886,0,0.000338651095485,0,67596.6047772,0.677302190971,0.421811232799,0.421811232799,0.843622465598,2.77555756156e-17,3.81639164715e-17,0.08,99614.5754083
2010-02-05,99635.7498799,0.00052256363359,0.000212563989912,30.8804828817,0,0.000309999643678,0,61760.9657634,0.619999287355,0.287065450316,0.287065450316,0.574130900633,1.5959455979e-16,9.71445146547e-17,0.08,99635.7498799
2010-02-08,99397.750741,-0.00212489973134,-0.00238869220354,26.28316078,0,0.000263792472197,0,52566.32156,0.527584944393,0.336533112074,0.336533112074,0.673066224148,2.77555756156e-16,3.05311331772e-16,0.08,99397.750741
2010-02-09,99353.2992137,-0.000205792477778,-0.000447208583303,23.9962178819,0,0.000241416105525,0,47992.4357637,0.482832211051,0.295053536277,0.295053536277,0.590107072554,1.80411241502e-16,2.49800180541e-16,0.08,99353.2992137
2010-02-10,99370.4410572,0.000364645262587,0.000172534215561,19.0868663375,0,0.000192111047027,0,38173.732675,0.384222094054,0.350980254647,0.350980254647,0.701960509294,-1.38777878078e-17,6.93889390391e-17,0.08,99370.4410572
2010-02-11,99331.5666387,-0.000154308810353,-0.000391207064642,23.5406840144,0,0.000236898254289,0,47081.3680287,0.473796508578,0.283893963566,0.283893963566,0.567787927132,5.55111512313e-17,9.71445146547e-17,0.08,99331.5666387
2010-02-12,99341.7306208,0.000321336819233,0.000102323787822,21.7549075243,0,0.000219013031411,0,43509.8150486,0.438026062821,0.370278631365,0.370278631365,0.74055726273,-5.55111512313e-17,0,0.08,99341.7306208
2010-02-16,99484.4979823,0.00167435633308,0.00143713382634,23.5660943623,0,0.000237222506746,0,47132.1887246,0.474445013491,0.35038529669,0.35038529669,0.700770593381,-2.77555756156e-17,4.16333634234e-17,0.08,99484.4979823
2010-02-17,99668.9804216,0.00218062401581,0.00185438377946,32.4558461345,0,0.000326240236346,0,64911.692269,0.652480472692,0.303043429378,0.303043429378,0.606086858756,-5.55111512313e-17,-3.46944695195e-17,0.08,99668.9804216
2010-02-18,99558.7434896,-0.000876970699211,-0.0011060304973,22.8301565308,0,0.000229059798085,0,45660.3130615,0.458119596171,0.264208197522,0.264208197522,0.528416395045,4.16333634234e-17,3.46944695195e-17,0.08,99558.7434896
2010-02-19,99547.0911853,5.70436016555e-05,-0.000117039488323,17.3314937011,0,0.000174083089979,0,34662.9874021,0.348166179957,0.334824735455,0.334824735455,0.669649470911,1.38777878078e-16,1.52655665886e-16,0.08,99547.0911853
2010-02-22,99676.2777418,0.00147273294179,0.00129774315823,17.4197239407,0,0.000174989783561,0,34839.4478813,0.349979567122,0.298154686299,0.298154686299,0.596309372598,5.89805981832e-17,7.6327832943e-17,0.08,99676.2777418
2010-02-23,99617.7778501,-0.000425603899713,-0.000586898838338,16.0772791007,0,0.000161294938625,0,32154.5582014,0.32258987725,0.200369770095,0.200369770095,0.40073954019,9.02056207508e-17,5.89805981832e-17,0.08,99617.7778501
2010-02-24,99410.7555611,-0.00193248351155,-0.00207816610175,14.5125759073,0,0.000145682590201,0,29025.1518146,0.291365180402,0.226306312757,0.226306312757,0.452612625514,2.08166817117e-16,1.17961196366e-16,0.08,99410.7555611
2010-02-25,99308.3917411,-0.000940533054565,-0.00102970568351,8.8647184184,0,8.9172628941e-05,0,17729.4368368,0.178345257882,0.175992910257,0.175992910257,0.351985820514,0,-1.38777878078e-17,0.08,99308.3917411
2010-02-26,99288.4948812,-0.000113803791652,-0.00020035426555,8.59518836725,0,8.65504738981e-05,0,17190.3767345,0.173100947796,0.192736892447,0.192736892447,0.385473784895,3.46944695195e-17,4.16333634234e-17,0.08,99288.4948812
2010-03-01,99332.2514999,0.000625186082251,0.000440701802777,18.3171664383,0,0.000184484279474,0,36634.3328765,0.368968558949,0.332649815517,0.332649815517,0.665299631033,-3.08780778724e-16,-2.91433543964e-16,0.08,99332.2514999
2010-03-02,99727.0174812,0.00421387802335,0.00397419745707,23.8080102886,0,0.000239680566273,0,47616.0205772,0.479361132545,0.273204990772,0.273204990772,0.546409981544,-4.16333634234e-17,6.93889390391e-18,0.08,99727.0174812
2010-03-03,99767.2264832,0.000588938667204,0.000403190659961,18.5240947654,0,0.000185748007243,0,37048.1895309,0.371496014486,0.266334831047,0.266334831047,0.532669662094,-9.71445146547e-17,-2.77555756156e-17,0.08,99767.2264832
2010-03-04,99901.198192,0.00151816361437,0.00134284287035,17.4912643764,0,0.000175320744025,0,34982.5287528,0.350641488051,0.290219767302,0.290219767302,0.580439534604,-3.1918911958e-16,-2.08166817117e-16,0.08,99901.198192
2010-03-05,99714.5598104,-0.00160455596288,-0.00186822966046,26.3413183191,0,0.000263673697572,0,52682.6366383,0.527347395144,0.386161345604,0.386161345604,0.772322691209,-2.42861286637e-17,8.32667268469e-17,0.08,99714.5598104
2010-03-08,99604.5459733,-0.000840210319854,-0.00110328759722,26.2326349083,0,0.000263077277362,0,52465.2698166,0.526154554725,0.5,0.5,1,-5.55111512313e-17,-2.77555756156e-17,0.0727264318875,99604.5459733
2010-03-09,99507.8280263,-0.000766841469286,-0.000971019405171,20.3370506015,0,0.000204177935885,0,40674.1012031,0.408355871769,0.455587370951,0.455587370951,0.911174741902,-2.08166817117e-17,-1.38777878078e-17,0.08,99507.8280263
2010-03-10,99414.7475934,-0.000727068236115,-0.0009354081458,20.7314519039,0,0.000208339909684,0,41462.9038078,0.416679819369,0.310925270324,0.310925270324,0.621850540647,-1.11022302463e-16,-8.32667268469e-17,0.08,99414.7475934
2010-03-11,99522.6014911,0.00126815600344,0.00108488831199,18.2195112876,0,0.000183267691451,0,36439.0225752,0.366535382901,0.373308261529,0.373308261529,0.746616523058,5.89805981832e-17,8.32667268469e-17,0.08,99522.6014911
2010-03-12,99309.4095485,-0.00191378732383,-0.00214214599911,22.7268494366,0,0.000228358675276,0,45453.6988732,0.456717350553,0.397834500703,0.397834500703,0.795669001407,-1.38777878078e-16,-6.93889390391e-17,0.08,99309.4095485
2010-03-15,99427.744598,0.00141356485812,0.00119157942839,22.0452419547,0,0.000221985429728,0,44090.4839093,0.443970859456,0.334122771066,0.334122771066,0.668245542133,-6.93889390391e-18,6.93889390391e-18,0.08,99427.744598
2010-03-16,99260.4299057,-0.00145751786139,-0.0016827767028,22.3969785512,0,0.000225258841401,0,44793.9571025,0.450517682802,0.291567385288,0.291567385288,0.583134770575,1.66533453694e-16,1.52655665886e-16,0.08,99260.4299057
2010-03-17,99242.1807132,-2.86962316645e-06,-0.000183851636877,17.9643524861,0,0.00018098201371,0,35928.7049722,0.361964027421,0.369940847494,0.369940847494,0.739881694989,8.32667268469e-17,6.93889390391e-17,0.08,99242.1807132
2010-03-18,99417.7256851,0.00197301877454,0.00176885443935,20.2617138489,0,0.000204164335198,0,40523.4276979,0.408328670397,0.426602672206,0.426602672206,0.853205344412,3.46944695195e-17,3.46944695195e-17,0.08,99417.7256851
2010-03-19,99667.5177328,0.00271720904742,0.00251255041205,20.34669607,0,0.000204658635367,0,40693.39214,0.409317270733,0.418023696306,0.418023696306,0.836047392612,1.52655665886e-16,9.71445146547e-17,0.08,99667.5177328
2010-03-22,99773.8056052,0.00135864937851,0.00106642439615,29.1253386114,0,0.000292224982361,0,58250.6772228,0.584449964721,0.320065023299,0.320065023299,0.640130046599,2.77555756156e-17,-8.32667268469e-17,0.08,99773.8056052
2010-03-23,99854.1284401,0.00104778031869,0.000805049325572,24.2181949221,0,0.000242730993122,0,48436.3898442,0.485461986244,0.271050059827,0.271050059827,0.542100119655,1.11022302463e-16,5.55111512313e-17,0.08,99854.1284401
2010-03-24,99844.4854654,0.000130342651287,-9.65706162299e-05,22.6582265594,0,0.000226913267517,0,45316.4531189,0.453826535035,0.208394223555,0.208394223555,0.41678844711,4.16333634234e-17,5.55111512313e-17,0.08,99844.4854654
2010-03-25,99600.9823733,-0.00230581323742,-0.00243882364657,13.2803558637,0,0.000133010409156,0,26560.7117274,0.266020818311,0.204706344749,0.204706344749,0.409412689498,5.55111512313e-17,6.93889390391e-17,0.08,99600.9823733
2010-03-26,99682.5994316,0.00092676409113,0.000819440294491,10.6895555773,0,0.000107323796639,0,21379.1111546,0.214647593279,0.257741659954,0.257741659954,0.515483319909,-2.77555756156e-17,-2.77555756156e-17,0.08,99682.5994316
2010-03-29,99982.8468568,0.00317659766402,0.00301203446658,16.4040872917,0,0.000164563197441,0,32808.1745835,0.329126394883,0.361941334993,0.361941334993,0.723882669985,-6.93889390391e-18,0,0.08,99982.8468568
2010-03-30,99957.9325918,1.87492881954e-06,-0.000249185393418,25.1017257501,0,0.000251060322237,0,50203.4515002,0.502120644475,0.378924103142,0.378924103142,0.757848206284,-2.35922392733e-16,-1.52655665886e-16,0.08,99957.9325918
2010-03-31,99775.9446427,-0.0015840118123,-0.00182064538875,23.653403083,0,0.000236633576442,0,47306.806166,0.473267152885,0.390263091687,0.390263091687,0.780526183375,5.55111512313e-17,1.70002900646e-16,0.08,99775.9446427
2010-04-01,99600.5387096,-0.00148294396952,-0.00175799822051,27.4437977202,0,0.000275054250987,0,54887.5954405,0.550108501974,0.26840658309,0.26840658309,0.53681316618,0,3.46944695195e-17,0.08,99600.5387096
2010-04-05,99619.954462,0.000373142373243,0.000194936218877,17.7494289763,0,0.000178206154366,0,35498.8579525,0.356412308733,0.27421892919,0.27421892919,0.54843785838,-2.77555756156e-17,3.46944695195e-18,0.08,99619.954462
2010-04-06,99580.3014026,-0.000248285805549,-0.000398043340416,14.9188388038,0,0.000149757534867,0,29837.6776077,0.299515069735,0.289133850996,0.289133850996,0.578267701992,2.77555756156e-17,2.77555756156e-17,0.08,99580.3014026
2010-04-07,99765.6511289,0.00202173157649,0.00186130915155,15.9749134266,0,0.000160422424933,0,31949.8268531,0.320844849866,0.332805156835,0.332805156835,0.665610313669,-2.49800180541e-16,-1.35308431126e-16,0.08,99765.6511289
2010-04-08,99944.5117261,0.00194631567072,0.00179280739663,15.3148529188,0,0.000153508274095,0,30629.7058376,0.307016548191,0.288628623256,0.288628623256,0.577257246513,-6.10622663544e-16,-6.31439345256e-16,0.08,99944.5117261
2010-04-09,99791.3440655,-0.00121765365391,-0.0015325269792,31.4698607511,0,0.000314873325284,0,62939.7215023,0.629746650569,0.360032034373,0.360032034373,0.720064068746,5.55111512313e-17,-4.16333634234e-17,0.08,99791.3440655
2010-04-12,99701.5926748,-0.000708598835606,-0.000899390538908,19.0393605091,0,0.000190791703303,0,38078.7210182,0.381583406605,0.281592206008,0.281592206008,0.563184412017,-2.49800180541e-16,-2.74086309204e-16,0.08,99701.5926748
2010-04-13,99656.1544145,-0.000279238043343,-0.00045574257197,17.5977826185,0,0.000176504528628,0,35195.565237,0.353009057256,0.31674664177,0.31674664177,0.63349328354,-1.38777878078e-16,-1.71737624122e-16,0.08,99656.1544145
2010-04-14,99423.8345927,-0.00214365782275,-0.00233121399426,18.6911267887,0,0.000187556171503,0,37382.2535774,0.375112343006,0.303751498496,0.303751498496,0.607502996993,0,1.73472347598e-18,0.08,99423.8345927
2010-04-15,99240.3219091,-0.00173081452381,-0.00184576147499,11.4284666611,0,0.00011494695118,0,22856.9333222,0.229893902361,0.260114418639,0.260114418639,0.520228837279,-8.32667268469e-17,-9.71445146547e-17,0.08,99240.3219091
2010-04-16,99372.7721645,0.00145551836149,0.00133464153329,11.9958553421,0,0.000120876828202,0,23991.7106842,0.241753656403,0.287158181145,0.287158181145,0.57431636229,-2.49800180541e-16,-2.49800180541e-16,0.08,99372.7721645
2010-04-19,99284.3188639,-0.00072142347466,-0.000890116062167,16.7634500642,0,0.000168692587507,0,33526.9001284,0.337385175014,0.278614622205,0.278614622205,0.557229244409,4.16333634234e-17,5.55111512313e-17,0.08,99284.3188639
2010-04-20,99075.1602237,-0.00196775361023,-0.00210666339409,13.7915632749,0,0.000138909783868,0,27583.1265498,0.277819567737,0.334631265059,0.334631265059,0.669262530117,1.52655665886e-16,1.2490009027e-16,0.08,99075.1602237
2010-04-21,98896.4245654,-0.00159075113659,-0.00180404107305,21.1317346289,0,0.00021328993646,0,42263.4692578,0.42657987292,0.259883805916,0.259883805916,0.519767611832,-4.16333634234e-17,1.38777878078e-17,0.08,98896.4245654
2010-04-22,98712.5423293,-0.0016877304623,-0.00185934159737,16.9717276736,0,0.000171611135066,0,33943.4553473,0.343222270132,0.296649867985,0.296649867985,0.59329973597,2.22044604925e-16,2.77555756156e-16,0.08,98712.5423293
2010-04-23,98386.1213887,-0.00311016005084,-0.00330678283531,19.4091349347,0,0.000196622784467,0,38818.2698693,0.393245568935,0.358323998148,0.358323998148,0.716647996296,1.66533453694e-16,2.25514051877e-16,0.08,98386.1213887
2010-04-26,98095.1464976,-0.00267939755333,-0.00295747903308,27.359358222,0,0.000278081479744,0,54718.7164441,0.556162959488,0.37529392989,0.37529392989,0.75058785978,-1.38777878078e-16,-7.2858385991e-17,0.08,98095.1464976
2010-04-27,98332.2234073,0.00256209453082,0.00241680570516,14.2521286369,0,0.000145288825653,0,28504.2572738,0.290577651306,0.357495298714,0.357495298714,0.714990597428,-2.77555756156e-16,-1.17961196366e-16,0.08,98332.2234073
2010-04-28,98765.180299,0.00458938517567,0.00440300113914,18.3275567196,0,0.00018638403653,0,36655.1134392,0.37276807306,0.232959225491,0.232959225491,0.465918450982,-2.77555756156e-17,1.4224732503e-16,0.08,98765.180299
2010-04-29,98622.261792,-0.00123787455211,-0.00144705357257,20.6596036699,0,0.000209179020454,0,41319.2073399,0.418358040909,0.310544223561,0.310544223561,0.621088447122,-9.71445146547e-17,-1.19695919842e-16,0.08,98622.261792
2010-04-30,98603.2137228,4.73249208388e-05,-0.000193141678871,23.7153599488,0,0.000240466599709,0,47430.7198975,0.480933199419,0.316736677346,0.316736677346,0.633473354693,-6.93889390391e-17,-9.02056207508e-17,0.08,98603.2137228
2010-05-03,98841.0627158,0.00267656437851,0.00241218297106,26.0688564238,0,0.000264381407457,0,52137.7128475,0.528762814913,0.197896559091,0.197896559091,0.395793118183,1.38777878078e-17,0,0.08,98841.0627158
2010-05-04,98905.5389775,0.000858330611202,0.000652322627349,20.3620480519,0,0.000206007983853,0,40724.0961039,0.412015967706,0.301374600187,0.301374600187,0.602749200374,0,-2.77555756156e-17,0.08,98905.5389775
2010-05-05,98984.4623038,0.00105181306705,0.000797966697207,25.1068120268,0,0.000253846369843,0,50213.6240536,0.507692739686,0.32848149364,0.32848149364,0.65696298728,2.77555756156e-17,2.77555756156e-17,0.08,98984.4623038
2010-05-06,98934.8856349,-0.000333820199098,-0.000500853040697,16.5336560127,0,0.000167032841599,0,33067.3120255,0.334065683198,0.290758133046,0.290758133046,0.581516266092,1.11022302463e-16,1.11022302463e-16,0.08,98934.8856349
2010-05-07,98880.1388835,-0.000426297372675,-0.000553361446036,12.5710695663,0,0.000127064073361,0,25142.1391325,0.254128146722,0.259511282787,0.259511282787,0.519022565574,8.32667268469e-17,7.6327832943e-17,0.08,98880.1388835
2010-05-10,98841.0764658,-0.000190236695352,-0.000395048167996,20.25178686,0,0.000204811472644,0,40503.57372,0.409622945289,0.386486601223,0.386486601223,0.772973202446,1.66533453694e-16,1.5959455979e-16,0.08,98841.0764658
2010-05-11,99021.340775,0.00207870013496,0.00182377929979,25.1966497617,0,0.000254920835169,0,50393.2995234,0.509841670339,0.367208596295,0.367208596295,0.734417192591,0,7.97972798949e-17,0.08,99021.340775
2010-05-12,98955.1140384,-0.000454308394742,-0.000668812763843,21.2405102305,0,0.000214504369101,0,42481.020461,0.429008738202,0.35873498644,0.35873498644,0.717469972879,-2.77555756156e-17,5.89805981832e-17,0.08,98955.1140384
2010-05-13,99178.1923271,0.00246139019637,0.00225433815022,20.4888588389,0,0.000207052046152,0,40977.7176778,0.414104092305,0.305064296441,0.305064296441,0.610128592882,-1.21430643318e-16,-6.93889390391e-17,0.08,99178.1923271
2010-05-14,99067.698822,-0.000955807758912,-0.00111409073404,15.6982193489,0,0.000158282975123,0,31396.4386977,0.316565950246,0.27515258958,0.27515258958,0.550305179159,-2.77555756156e-17,-4.85722573274e-17,0.08,99067.698822
2010-05-17,99078.8103038,0.000275324840354,0.000112160490901,16.1643166301,0,0.000163164349453,0,32328.6332602,0.326328698906,0.216929127115,0.216929127115,0.433858254231,0,5.89805981832e-17,0.08,99078.8103038
2010-05-18,98988.9678245,-0.000748715049418,-0.00090677793774,15.6606829281,0,0.000158062888322,0,31321.3658562,0.316125776644,0.262967813947,0.262967813947,0.525935627893,6.24500451352e-17,1.17961196366e-16,0.08,98988.9678245
2010-05-19,99092.5704812,0.00118894019383,0.00104660811227,14.0893058413,0,0.000142332081554,0,28178.6116827,0.284664163108,0.295615652132,0.295615652132,0.591231304264,1.87350135405e-16,2.22044604925e-16,0.08,99092.5704812
2010-05-20,99111.473385,0.000426297042084,0.000190760051075,23.3399658825,0,0.000235536991009,0,46679.931765,0.471073982018,0.35299978141,0.35299978141,0.70599956282,1.17961196366e-16,1.11022302463e-16,0.08,99111.473385
2010-05-21,99155.8164525,0.000599186750865,0.000447405995639,15.0432142819,0,0.000151780755226,0,30086.4285638,0.303561510451,0.325874258446,0.325874258446,0.651748516892,6.24500451352e-17,1.17961196366e-16,0.08,99155.8164525
2010-05-24,98851.6276064,-0.00284200184738,-0.00306778620707,22.387832527,0,0.000225784359688,0,44775.6650541,0.451568719376,0.423499345563,0.423499345563,0.846998691127,-1.11022302463e-16,-4.16333634234e-17,0.08,98851.6276064
2010-05-25,98721.3133184,-0.00113609652618,-0.0013182816624,18.0092972413,0,0.000182185136222,0,36018.5944825,0.364370272444,0.330279098885,0.330279098885,0.66055819777,-5.55111512313e-17,-4.16333634234e-17,0.08,98721.3133184
2010-05-26,98338.2959367,-0.00374357385186,-0.00387978409959,13.4468545435,0,0.000136210247732,0,26893.709087,0.272420495464,0.314164546128,0.314164546128,0.628329092256,-6.93889390391e-17,-4.16333634234e-17,0.08,98338.2959367
2010-05-27,98326.287211,1.29119405115e-05,-0.000122116471699,13.2784639598,0,0.00013502841221,0,26556.9279196,0.270056824421,0.220767720305,0.220767720305,0.44153544061,-2.42861286637e-16,-1.80411241502e-16,0.08,98326.287211
2010-05-28,98248.955474,-0.00066679178609,-0.000786480800087,11.7685763663,0,0.000119689013998,0,23537.1527326,0.239378027995,0.242227501783,0.242227501783,0.484455003567,-1.38777878078e-16,-1.11022302463e-16,0.08,98248.955474
2010-06-01,98126.4509233,-0.00104045756249,-0.00124687891123,20.2806819008,0,0.000206421348736,0,40561.3638017,0.412842697472,0.31749139107,0.31749139107,0.63498278214,1.38777878078e-17,8.32667268469e-17,0.08,98126.4509233
2010-06-02,98497.8787831,0.00394431905637,0.00378519610397,15.6141705795,0,0.0001591229524,0,31228.3411589,0.3182459048,0.299263271886,0.299263271886,0.598526543772,4.16333634234e-17,1.66533453694e-16,0.08,98497.8787831
2010-06-03,98715.3765839,0.00239309577671,0.00220814705401,18.2170568699,0,0.000184948722703,0,36434.1137398,0.369897445407,0.327751013384,0.327751013384,0.655502026767,1.38777878078e-16,1.66533453694e-16,0.08,98715.3765839
2010-06-04,98781.3223361,0.000931606978591,0.000668039311677,26.0181814948,0,0.000263567666914,0,52036.3629896,0.527135333829,0.321597610427,0.321597610427,0.643195220853,1.94289029309e-16,1.52655665886e-16,0.08,98781.3223361
2010-06-07,98609.5825771,-0.00138446803485,-0.00173858534174,34.980175837,0,0.000354117306893,0,69960.3516741,0.708234613786,0.414324041442,0.414324041442,0.828648082885,1.11022302463e-16,2.42861286637e-16,0.08,98609.5825771
2010-06-08,98863.4026538,0.00278938455522,0.00257398997193,21.2399699479,0,0.000215394583293,0,42479.9398958,0.430789166586,0.355356672125,0.355356672125,0.710713344251,2.77555756156e-17,4.51028103754e-17,0.08,98863.4026538
2010-06-09,98928.5134247,0.000958961511447,0.000658593262816,29.6954271088,0,0.000300368248631,0,59390.8542177,0.600736497263,0.324629011266,0.324629011266,0.649258022532,4.16333634234e-17,-2.77555756156e-17,0.08,98928.5134247
2010-06-10,98696.3320347,-0.00218549672913,-0.00234696127548,15.9734475412,0,0.00016146454635,0,31946.8950823,0.322929092699,0.354716691532,0.354716691532,0.709433383064,-4.16333634234e-17,-4.16333634234e-17,0.08,98696.3320347
2010-06-11,98869.9959975,0.00198950735815,0.00175957869183,22.6931159959,0,0.000229928666325,0,45386.2319918,0.45985733265,0.224306966136,0.224306966136,0.448613932272,-1.38777878078e-17,-4.16333634234e-17,0.08,98869.9959975
2010-06-14,98784.7132323,-0.000646644073468,-0.000862574781064,21.3490681957,0,0.000215930707595,0,42698.1363914,0.431861415191,0.358275786482,0.358275786482,0.716551572963,2.77555756156e-17,-4.85722573274e-17,0.08,98784.7132323
2010-06-15,98806.8261491,0.000413026166476,0.000223849582318,18.6877546163,0,0.000189176584158,0,37375.5092326,0.378353168316,0.491196401065,0.491196401065,0.98239280213,-6.93889390391e-17,-1.31838984174e-16,0.08,98806.8261491
2010-06-16,98967.8046159,0.0019185322863,0.00162922414396,28.5856193231,0,0.000289308142334,0,57171.2386462,0.578616284668,0.5,0.5,1,5.55111512313e-17,-4.16333634234e-17,0.078181283482,98967.8046159
2010-06-17,98800.6081416,-0.00138071614848,-0.00168940267909,30.5500282485,0,0.000308686530605,0,61100.0564969,0.61737306121,0.468123844886,0.468123844886,0.936247689772,-3.88578058619e-16,-3.1918911958e-16,0.08,98800.6081416
2010-06-18,98893.5064785,0.00125185337104,0.000940260780436,30.7855374444,0,0.000311592590607,0,61571.0748888,0.623185181215,0.285808322312,0.285808322312,0.571616644624,-4.16333634234e-17,5.20417042793e-18,0.08,98893.5064785
2010-06-21,98987.6765726,0.00129610106204,0.000952237385953,34.0058846788,0,0.000343863676087,0,68011.7693576,0.687727352174,0.301743724953,0.301743724953,0.603487449906,-2.22044604925e-16,-1.66533453694e-16,0.08,98987.6765726
2010-06-22,98712.9392414,-0.00260031283953,-0.00277547004522,17.3384048261,0,0.000175157205689,0,34676.8096521,0.350314411377,0.287891511842,0.287891511842,0.575783023684,-2.15105711021e-16,-8.32667268469e-17,0.08,98712.9392414
2010-06-23,98952.5659336,0.00261351435493,0.00242751045605,18.3609915695,0,0.000186003898886,0,36721.9831389,0.372007797773,0.295363778177,0.295363778177,0.590727556354,-3.88578058619e-16,-2.77555756156e-16,0.08,98952.5659336
2010-06-24,98570.0693532,-0.00357316235264,-0.00386545388447,28.9229970753,0,0.00029229153183,0,57845.9941506,0.584583063661,0.438592446105,0.438592446105,0.877184892211,1.38777878078e-17,5.55111512313e-17,0.08,98570.0693532
2010-06-25,98625.5069324,0.000781369481139,0.000562417978951,21.5820647557,0,0.000218951502188,0,43164.1295114,0.437903004377,0.312398118655,0.312398118655,0.62479623731,-5.55111512313e-17,1.11022302463e-16,0.08,98625.5069324
2010-06-28,98305.5962125,-0.00298870184048,-0.00324369151434,25.1484858464,0,0.000254989673855,0,50296.9716929,0.509979347709,0.392370124809,0.392370124809,0.784740249619,-8.32667268469e-17,-5.55111512313e-17,0.08,98305.5962125
2010-06-29,98278.2553083,-0.000155280836095,-0.000278121543974,12.0759290272,0,0.000122840707879,0,24151.8580545,0.245681415758,0.332566792803,0.332566792803,0.665133585605,0,-2.08166817117e-17,0.08,98278.2553083
2010-06-30,98360.3738333,0.00095368602809,0.000835571661171,11.6080739077,0,0.00011811436692,0,23216.1478154,0.236228733839,0.353932069094,0.353932069094,0.707864138187,0,7.6327832943e-17,0.08,98360.3738333
2010-07-01,98433.7376757,0.000897428646762,0.000745867868159,14.9075748419,0,0.000151560778603,0,29815.1496838,0.303121557206,0.316450865068,0.316450865068,0.632901730137,5.55111512313e-17,2.60208521397e-17,0.08,98433.7376757
2010-07-02,98479.607956,0.000700589322343,0.000466001611166,23.0913452239,0,0.000234587711177,0,46182.6904479,0.469175422354,0.403918797527,0.403918797527,0.807837595054,2.77555756156e-17,1.38777878078e-17,0.08,98479.607956
2010-07-06,98623.9077082,0.0017618662595,0.00146527545274,29.208146373,0,0.000296590806759,0,58416.2927459,0.593181613517,0.307537263454,0.307537263454,0.615074526908,1.52655665886e-16,1.38777878078e-16,0.08,98623.9077082
2010-07-07,98500.655549,-0.000966702183207,-0.00124971887727,27.9122123151,0,0.000283016694062,0,55824.4246301,0.566033388124,0.398905425136,0.398905425136,0.797810850273,3.33066907388e-16,2.98372437868e-16,0.08,98500.655549
2010-07-08,98663.3461507,0.00185338870926,0.00165167024404,19.8694010613,0,0.000201718465228,0,39738.8021225,0.403436930456,0.265662469058,0.265662469058,0.531324938116,0,-2.77555756156e-17,0.08,98663.3461507
2010-07-09,98910.8948272,0.00262483148501,0.00250902372732,11.4259808837,0,0.000115807757688,0,22851.9617674,0.231615515376,0.245032777979,0.245032777979,0.490065555959,6.24500451352e-17,5.89805981832e-17,0.08,98910.8948272
2010-07-12,98728.225869,-0.00164024680969,-0.001846803212,20.4306785851,0,0.000206556402314,0,40861.3571703,0.413112804627,0.259740803128,0.259740803128,0.519481606256,1.38777878078e-17,-1.04083408559e-17,0.08,98728.225869
2010-07-13,98605.4373716,-0.00106693885349,-0.00124370205524,17.4515173076,0,0.000176763201749,0,34903.0346153,0.353526403499,0.328712479426,0.328712479426,0.657424958853,-1.04083408559e-16,-1.14491749414e-16,0.08,98605.4373716
2010-07-14,98466.7445604,-0.00121142563523,-0.0014065432377,19.2396565302,0,0.000195117602467,0,38479.3130603,0.390235204934,0.349044415215,0.349044415215,0.69808883043,-1.2490009027e-16,-1.49186218934e-16,0.08,98466.7445604
2010-07-15,98665.1993434,0.00216889260847,0.00201544982333,15.1090115287,0,0.000153442785137,0,30218.0230575,0.306885570274,0.363927184888,0.363927184888,0.727854369776,-2.77555756156e-17,-1.38777878078e-16,0.08,98665.1993434
2010-07-16,99055.9051745,0.00417760684651,0.00395991528709,21.4785811055,0,0.000217691559419,0,42957.1622109,0.435383118838,0.411047731821,0.411047731821,0.822095463641,-6.93889390391e-17,-1.17961196366e-16,0.08,99055.9051745
2010-07-19,98853.5158098,-0.00174041313135,-0.00204318323465,29.9911666425,0,0.000302770103303,0,59982.333285,0.605540206607,0.38961937598,0.38961937598,0.779238751959,1.73472347598e-16,1.49186218934e-16,0.08,98853.5158098
2010-07-20,98892.8159507,0.000577474970205,0.000397559364254,17.7852901973,0,0.000179915605951,0,35570.5803947,0.359831211903,0.302943489107,0.302943489107,0.605886978213,5.55111512313e-17,9.02056207508e-17,0.08,98892.8159507
2010-07-21,98878.0083529,5.84099010514e-05,-0.000149733806711,20.5839173831,0,0.000208143707763,0,41167.8347662,0.416287415526,0.304772273425,0.304772273425,0.609544546851,1.11022302463e-16,1.52655665886e-16,0.08,98878.0083529
2010-07-22,98979.6889546,0.00116135289515,0.00102834395037,13.1516595535,0,0.000133008944785,0,26303.3191069,0.26601788957,0.279783925798,0.279783925798,0.559567851596,2.15105711021e-16,1.97758476261e-16,0.08,98979.6889546
2010-07-23,99196.396003,0.00231787804638,0.00218940926872,12.7157996537,0,0.000128468777666,0,25431.5993074,0.256937555331,0.292419763726,0.292419763726,0.584839527452,0,4.51028103754e-17,0.08,99196.396003
2010-07-26,99283.5743144,0.00106651018589,0.000878845551615,18.6156553772,0,0.000187664634274,0,37231.3107543,0.375329268547,0.336294421772,0.336294421772,0.672588843543,0,0,0.08,99283.5743144
2010-07-27,99216.2691041,-0.000500779596786,-0.000677908815998,17.5860219989,0,0.000177129219212,0,35172.0439978,0.354258438425,0.342272900756,0.342272900756,0.684545801513,-5.55111512313e-17,6.93889390391e-18,0.08,99216.2691041
2010-07-28,99252.7260615,0.00065355371385,0.000367449388329,28.3862037528,0,0.000286104325521,0,56772.4075055,0.572208651043,0.404055583881,0.404055583881,0.808111167761,-1.66533453694e-16,-1.38777878078e-16,0.08,99252.7260615
2010-07-29,99520.107069,0.00293125639654,0.0026939411954,23.5541806493,0,0.000237315201143,0,47108.3612986,0.474630402286,0.338023954317,0.338023954317,0.676047908634,-5.55111512313e-17,-2.77555756156e-17,0.08,99520.107069
2010-07-30,99374.3542034,-0.00120532272057,-0.00146455696102,25.7990193654,0,0.000259234240448,0,51598.0387307,0.518468480897,0.273617620313,0.273617620313,0.547235240625,-2.77555756156e-17,-1.21430643318e-17,0.08,99374.3542034
2010-08-02,99266.7876805,-0.00091896947627,-0.00108243745321,16.2445246411,0,0.000163467976938,0,32489.0492823,0.326935953876,0.246686824742,0.246686824742,0.493373649483,-1.5959455979e-16,-1.64798730218e-16,0.08,99266.7876805
2010-08-03,98949.9661262,-0.00301524926106,-0.00319161687137,17.5074461269,0,0.000176367610316,0,35014.8922538,0.352735220631,0.283882852982,0.283882852982,0.567765705964,-8.32667268469e-17,-4.16333634234e-17,0.08,98949.9661262
2010-08-04,99020.7228914,0.000882337971533,0.000715076194275,16.5505471939,0,0.000167261777258,0,33101.0943878,0.334523554516,0.329453056648,0.329453056648,0.658906113295,3.81639164715e-17,0,0.08,99020.7228914
2010-08-05,98921.5824571,-0.000863186073178,-0.00100120895276,13.6671253116,0,0.000138022879581,0,27334.2506232,0.276045759161,0.319468705102,0.319468705102,0.638937410204,8.32667268469e-17,9.71445146547e-17,0.08,98921.5824571
2010-08-06,99033.346701,0.00130236479184,0.00112982668806,17.0677422597,0,0.000172538103777,0,34135.4845195,0.345076207553,0.321816433659,0.321816433659,0.643632867318,1.83880688454e-16,1.11022302463e-16,0.08,99033.346701
2010-08-09,99022.7338732,7.06053265283e-05,-0.000107164183986,17.6051095676,0,0.000177769510514,0,35210.2191352,0.355539021028,0.346301879413,0.346301879413,0.692603758825,4.30211422042e-16,3.67761376907e-16,0.08,99022.7338732
2010-08-10,98805.0730941,-0.00194516040163,-0.00219808897061,25.0456783744,0,0.000252928568973,0,50091.3567488,0.505857137947,0.414486355345,0.414486355345,0.82897271069,-1.66533453694e-16,-2.15105711021e-16,0.08,98805.0730941
2010-08-11,99105.9430482,0.0032824083119,0.00304508609452,23.4486390348,0,0.000237322217377,0,46897.2780695,0.474644434753,0.327859683821,0.327859683821,0.655719367642,2.49800180541e-16,1.94289029309e-16,0.08,99105.9430482
2010-08-12,98973.2712781,-0.0011340536719,-0.00133868631865,20.2803114341,0,0.000204632646745,0,40560.6228683,0.40926529349,0.310379490472,0.310379490472,0.620758980944,2.08166817117e-16,1.70002900646e-16,0.08,98973.2712781
2010-08-13,99020.04153,0.000665473150365,0.000472554370435,19.0938027407,0,0.00019291877993,0,38187.6054814,0.38583755986,0.184745223808,0.184745223808,0.369490447617,3.67761376907e-16,3.33066907388e-16,0.08,99020.04153
2010-08-16,99033.9930875,0.000287769350734,0.000140896299555,14.5433756273,0,0.000146873051178,0,29086.7512546,0.293746102356,0.279062578213,0.279062578213,0.558125156426,1.38777878078e-17,-2.08166817117e-17,0.08,99033.9930875
2010-08-17,99011.1737078,-4.29058590089e-05,-0.000230419666794,18.570241144,0,0.000187513807785,0,37140.4822879,0.375027615569,0.33173233973,0.33173233973,0.66346467946,2.56739074445e-16,2.08166817117e-16,0.08,99011.1737078
2010-08-18,99299.8256371,0.00313437973445,0.00291534701113,21.6866870165,0,0.000219032723322,0,43373.374033,0.438065446643,0.344898363596,0.344898363596,0.689796727191,1.66533453694e-16,1.2490009027e-16,0.08,99299.8256371
2010-08-19,99246.9310932,-0.000345746915777,-0.000532675093644,18.5619354688,0,0.000186928177866,0,37123.8709376,0.373856355733,0.290140513622,0.290140513622,0.580281027244,3.12250225676e-16,2.8449465006e-16,0.08,99246.9310932
2010-08-20,99347.8691309,0.00121918862526,0.00101703938415,20.0626918037,0,0.000202149241117,0,40125.3836073,0.404298482234,0.239708146262,0.239708146262,0.479416292525,5.55111512313e-17,8.32667268469e-17,0.08,99347.8691309
2010-08-23,99372.9758585,0.000472344163153,0.000252715310926,21.8196584684,0,0.000219628852227,0,43639.3169368,0.439257704454,0.357208489061,0.357208489061,0.714416978122,5.27355936697e-16,5.27355936697e-16,0.08,99372.9758585
2010-08-24,99422.153308,0.000705718444262,0.000494877496326,20.9518924293,0,0.000210840947936,0,41903.7848585,0.421681895873,0.383614963444,0.383614963444,0.767229926888,4.16333634234e-17,-5.55111512313e-17,0.08,99422.153308
2010-08-25,99343.1162135,-0.000506285065849,-0.000794964622442,28.7011431324,0,0.000288679556593,0,57402.2862649,0.577359113185,0.249855224987,0.249855224987,0.499710449974,1.00613961607e-15,8.60422844084e-16,0.08,99343.1162135
2010-08-26,99234.2209309,-0.000810392945496,-0.00109615327819,28.38832194,0,0.000285760332694,0,56776.64388,0.571520665388,0.38191111865,0.38191111865,0.763822237299,6.38378239159e-16,7.04297731247e-16,0.08,99234.2209309
2010-08-27,99283.4039552,0.000788353532391,0.00049562564022,29.0486243244,0,0.000292727892172,0,58097.2486488,0.585455784343,0.274090393911,0.274090393911,0.548180787822,4.57966997658e-16,3.38271077815e-16,0.08,99283.4039552
2010-08-30,99370.53381,0.00116565972889,0.000877587303163,28.6008110117,0,0.000288072425726,0,57201.6220234,0.576144851452,0.397462584633,0.397462584633,0.794925169267,2.56739074445e-16,1.73472347598e-16,0.08,99370.53381
2010-08-31,99209.4356038,-0.00139783212202,-0.00162118688449,22.1948819761,0,0.000223354762475,0,44389.7639523,0.44670952495,0.380813366847,0.380813366847,0.761626733694,2.08166817117e-16,1.87350135405e-16,0.08,99209.4356038
2010-09-01,99181.4776233,-9.4337146079e-06,-0.000281807676752,27.0220670576,0,0.000272373962145,0,54044.1341151,0.544747924289,0.43367468257,0.43367468257,0.86734936514,1.94289029309e-16,2.35922392733e-16,0.08,99181.4776233
2010-09-02,98932.6824438,-0.00222790173307,-0.00250848430049,27.8285936322,0,0.000280582567422,0,55657.1872644,0.561165134843,0.377558845201,0.377558845201,0.755117690403,-1.11022302463e-16,-1.66533453694e-16,0.08,98932.6824438
2010-09-03,99386.8923152,0.00478608866687,0.00459110033457,19.290718759,0,0.000194988332293,0,38581.4375179,0.389976664586,0.340667595904,0.340667595904,0.681335191808,-1.52655665886e-16,-1.38777878078e-16,0.08,99386.8923152
2010-09-07,99704.2349563,0.00355530274878,0.00319300295713,36.007850378,0,0.000362299791644,0,72015.700756,0.724599583289,0.395111907275,0.395111907275,0.790223814551,-4.4408920985e-16,-2.08166817117e-16,0.08,99704.2349563
2010-09-08,99499.988143,-0.00170883669035,-0.0020485269598,33.8685584381,0,0.000339690269455,0,67737.1168762,0.67938053891,0.273711804439,0.273711804439,0.547423608877,-1.38777878078e-17,0,0.08,99499.988143
2010-09-09,99516.1653572,0.000338640137087,0.0001625850869,17.517475406,0,0.000176055050186,0,35034.9508121,0.352110100373,0.331810540217,0.331810540217,0.663621080433,-8.32667268469e-17,-8.32667268469e-17,0.08,99516.1653572
2010-09-10,99249.9445742,-0.00247112354122,-0.0026751511383,20.3040440885,0,0.00020402759708,0,40608.088177,0.408055194161,0.380326873904,0.380326873904,0.760653747809,0,2.77555756156e-17,0.08,99249.9445742
2010-09-13,99138.2374367,-0.000922820519881,-0.00112551334896,20.1172520517,0,0.000202692829079,0,40234.5041034,0.405385658159,0.240619915898,0.240619915898,0.481239831796,1.11022302463e-16,1.11022302463e-16,0.08,99138.2374367
2010-09-14,99051.3755762,-0.000755108117956,-0.000876169101646,12.0017725454,0,0.00012106098369,0,24003.5450907,0.24212196738,0.271850135377,0.271850135377,0.543700270755,-2.77555756156e-17,-2.77555756156e-17,0.08,99051.3755762
2010-09-15,98969.9820723,-0.000623871544728,-0.000821730172277,19.5981692284,0,0.000197858627549,0,39196.3384567,0.395717255098,0.183925860794,0.183925860794,0.367851721588,-2.77555756156e-17,-2.77555756156e-17,0.08,98969.9820723
2010-09-16,98941.6812304,-0.000172077368477,-0.000285953794831,11.2703478746,0,0.000113876426353,0,22540.6957493,0.227752852706,0.250807287981,0.250807287981,0.501614575961,3.64291929955e-17,4.16333634234e-17,0.08,98941.6812304
2010-09-17,98584.5037579,-0.00342446228706,-0.00360997981838,18.3554164464,0,0.000185517531319,0,36710.8328928,0.371035062638,0.314263284392,0.314263284392,0.628526568783,1.38777878078e-16,1.73472347598e-16,0.08,98584.5037579
2010-09-20,98583.4368946,0.00017230154456,-1.08218160064e-05,18.053125628,0,0.000183123360567,0,36106.251256,0.366246721134,0.346669774177,0.346669774177,0.693339548353,-8.32667268469e-17,-3.46944695195e-18,0.08,98583.4368946
2010-09-21,98924.2584314,0.00367685636182,0.00345718862665,21.6556003078,0,0.000219667735169,0,43311.2006156,0.439335470338,0.289941325594,0.289941325594,0.579882651188,1.66533453694e-16,1.38777878078e-16,0.08,98924.2584314
2010-09-22,98547.0719367,-0.00356726524339,-0.00381288169988,24.2974258171,0,0.000245616456493,0,48594.8516343,0.491232912986,0.321508510629,0.321508510629,0.643017021258,1.52655665886e-16,1.94289029309e-16,0.08,98547.0719367
2010-09-23,98293.0649254,-0.00238559135567,-0.00257751961885,18.913968358,0,0.000191928263177,0,37827.936716,0.383856526354,0.304925232513,0.304925232513,0.609850465025,2.77555756156e-16,3.85108611667e-16,0.08,98293.0649254
2010-09-24,98310.947175,0.000282969508835,0.000181927886398,9.93169075437,0,0.000101041622437,0,19863.3815087,0.202083244874,0.344443885485,0.344443885485,0.688887770969,2.77555756156e-17,7.6327832943e-17,0.08,98310.947175
2010-09-27,98242.6847483,-0.000475685745575,-0.000694352242829,21.4973104605,0,0.000218666497254,0,42994.620921,0.437332994508,0.432545663786,0.432545663786,0.865091327571,2.22044604925e-16,2.26381413615e-16,0.08,98242.6847483
2010-09-28,98086.0378733,-0.00137671386836,-0.00159448894739,21.3948084353,0,0.000217775079032,0,42789.6168707,0.435550158063,0.453076916146,0.453076916146,0.906153832292,7.77156117238e-16,7.49400541622e-16,0.08,98086.0378733
2010-09-29,97619.860657,-0.0045178755166,-0.00475273776403,23.036707297,0,0.000234862247436,0,46073.414594,0.469724494871,0.434093540793,0.434093540793,0.868187081587,2.22044604925e-16,2.8449465006e-16,0.08,97619.860657
2010-09-30,97701.9610188,0.00102954517561,0.000841021091981,18.403694774,0,0.000188524083625,0,36807.3895479,0.37704816725,0.370313995403,0.370313995403,0.740627990805,1.11022302463e-16,5.55111512313e-17,0.08,97701.9610188
2010-10-01,97708.5075447,0.000204449782105,6.70050617011e-05,13.4286187152,0,0.000137444720404,0,26857.2374303,0.274889440808,0.339073846201,0.339073846201,0.678147692402,-2.77555756156e-17,-9.71445146547e-17,0.08,97708.5075447
2010-10-04,97771.0892863,0.000817908086038,0.000640494294119,17.3348368262,0,0.000177413791919,0,34669.6736524,0.354827583837,0.350258624003,0.350258624003,0.700517248006,-1.66533453694e-16,-1.94289029309e-16,0.08,97771.0892863
2010-10-05,97800.6468055,0.000444546897921,0.000302313489991,13.9063152263,0,0.000142233407931,0,27812.6304525,0.284466815861,0.347645892805,0.347645892805,0.695291785609,-2.77555756156e-17,-5.03069808033e-17,0.08,97800.6468055
2010-10-06,97443.6825129,-0.00346263204882,-0.00364991750324,18.3166385796,0,0.00018728545442,0,36633.2771592,0.374570908841,0.288765333825,0.288765333825,0.577530667649,-2.08166817117e-16,-1.94289029309e-16,0.08,97443.6825129
2010-10-07,97530.465374,0.00106323257471,0.000890595047748,16.8224363674,0,0.000172637526965,0,33644.8727347,0.345275053929,0.297808855088,0.297808855088,0.595617710175,-1.52655665886e-16,-1.11022302463e-16,0.08,97530.465374
2010-10-08,97497.8414509,-0.000145460392346,-0.000334499819843,18.4371033379,0,0.000189039427497,0,36874.2066757,0.378078854995,0.378853118564,0.378853118564,0.757706237128,2.77555756156e-17,0,0.08,97497.8414509
2010-10-11,97429.3451601,-0.000480162110433,-0.000702541613385,21.6815215208,0,0.000222379502952,0,43363.0430415,0.444759005904,0.336266516161,0.336266516161,0.672533032321,8.32667268469e-17,1.38777878078e-16,0.08,97429.3451601
2010-10-12,97651.8596319,0.00241033091038,0.00228385474048,12.3224904116,0,0.000126476169899,0,24644.9808232,0.252952339797,0.304297702564,0.304297702564,0.608595405128,5.55111512313e-17,1.2490009027e-16,0.08,97651.8596319
2010-10-13,97475.6612887,-0.00160897859621,-0.00180435215287,19.0785911309,0,0.000195373556661,0,38157.1822617,0.390747113322,0.348552601726,0.348552601726,0.697105203452,-4.16333634234e-17,2.08166817117e-17,0.08,97475.6612887
2010-10-14,97120.9732272,-0.0033761543918,-0.00363873460126,25.5951795582,0,0.000262580209457,0,51190.3591164,0.525160418915,0.406312731324,0.406312731324,0.812625462649,0,7.97972798949e-17,0.08,97120.9732272
2010-10-15,96199.0875787,-0.0092860348009,-0.00949213766937,20.0169111701,0,0.000206102868464,0,40033.8223403,0.412205736928,0.332861118114,0.332861118114,0.665722236228,2.15105711021e-16,2.70616862252e-16,0.08,96199.0875787
2010-10-18,96569.9314853,0.00398653049785,0.00385496282665,12.6566899249,0,0.000131567671207,0,25313.3798499,0.263135342413,0.354703709521,0.354703709521,0.709407419041,4.71844785466e-16,5.34294830601e-16,0.08,96569.9314853
2010-10-19,96715.7860358,0.00166340879236,0.00151035159933,14.7807226438,0,0.000153057193026,0,29561.4452877,0.306114386052,0.341942314163,0.341942314163,0.683884628325,-6.24500451352e-17,-2.08166817117e-17,0.08,96715.7860358
2010-10-20,96614.317592,-0.000777786097446,-0.00104914045552,26.2442500352,0,0.000271354358072,0,52488.5000703,0.542708716144,0.317280982345,0.317280982345,0.634561964689,3.74700270811e-16,3.64291929955e-16,0.08,96614.317592
2010-10-21,96422.976861,-0.00183619354641,-0.00198045937425,13.9381445087,0,0.000144265827841,0,27876.2890173,0.288531655681,0.279881860633,0.279881860633,0.559763721265,1.87350135405e-16,2.35922392733e-16,0.08,96422.976861
2010-10-22,96264.3920908,-0.00150275903404,-0.00164467822258,13.6842706326,0,0.000141919188539,0,27368.5412652,0.283838377077,0.262263024176,0.262263024176,0.524526048352,6.93889390391e-17,1.38777878078e-17,0.08,96264.3920908
2010-10-25,96174.0412603,-0.000780016531647,-0.000938569584431,15.2630132403,0,0.000158553052783,0,30526.0264807,0.317106105567,0.295612693013,0.295612693013,0.591225386026,-1.5959455979e-16,-2.22044604925e-16,0.08,96174.0412603
2010-10-26,96116.15256,-0.000465709729004,-0.000601916063879,13.0995136702,0,0.000136206334875,0,26199.0273403,0.27241266975,0.266730125058,0.266730125058,0.533460250116,-1.38777878078e-17,-4.51028103754e-17,0.08,96116.15256
2010-10-27,96473.351299,0.00391683767991,0.00371632373504,19.2726289146,0,0.000200513944861,0,38545.2578293,0.401027889721,0.326464924249,0.326464924249,0.652929848499,-1.38777878078e-17,-1.73472347598e-18,0.08,96473.351299
2010-10-28,96428.791206,-0.000139708424894,-0.000461890174404,31.0819531026,0,0.00032218174951,0,62163.9062052,0.64436349902,0.373066095217,0.373066095217,0.746132190434,-6.93889390391e-17,-5.55111512313e-17,0.08,96428.791206
2010-10-29,95995.5032486,-0.00426306503889,-0.00449334635393,22.2057488473,0,0.000230281315047,0,44411.4976945,0.460562630093,0.315886274294,0.315886274294,0.631772548588,-3.3653635434e-16,-2.77555756156e-16,0.08,95995.5032486
2010-11-01,95952.30057,-0.000196933660544,-0.000450048982473,24.2979327084,0,0.000253115321928,0,48595.8654169,0.506230643856,0.306493868126,0.306493868126,0.612987736253,-6.59194920871e-17,-6.93889390391e-17,0.08,95952.30057
2010-11-02,96003.3416122,0.00067968913868,0.000531941827501,14.1766944106,0,0.000147747311179,0,28353.3888213,0.295494622358,0.254580611134,0.254580611134,0.509161222267,-6.93889390391e-18,-1.38777878078e-17,0.08,96003.3416122
2010-11-03,96051.3883199,0.000613495103862,0.000500469118271,10.8508723058,0,0.000113025985592,0,21701.7446116,0.226051971183,0.212809751521,0.212809751521,0.425619503041,1.3357370765e-16,8.32667268469e-17,0.08,96051.3883199
2010-11-04,96117.9412671,0.000815123435642,0.000692888966713,11.7407904411,0,0.000122234468928,0,23481.5808823,0.244468937857,0.189047458896,0.189047458896,0.378094917793,0,2.25514051877e-17,0.08,96117.9412671
2010-11-05,95964.6392825,-0.00137118469089,-0.00159493620596,21.506534984,0,0.00022375151507,0,43013.0699679,0.447503030141,0.264842880616,0.264842880616,0.529685761232,-6.93889390391e-17,-5.55111512313e-17,0.08,95964.6392825
2010-11-08,95925.1124526,-0.000260126130717,-0.000411889527183,14.5639195981,0,0.000151763396466,0,29127.8391963,0.303526792932,0.23945114229,0.23945114229,0.47890228458,-2.49800180541e-16,-2.35922392733e-16,0.08,95925.1124526
2010-11-09,95808.6972661,-0.00106785864244,-0.00121360490025,13.9807261704,0,0.000145746257815,0,27961.4523409,0.291492515629,0.244504318496,0.244504318496,0.489008636992,-2.49800180541e-16,-1.66533453694e-16,0.08,95808.6972661
2010-11-10,95603.0935057,-0.00203872829044,-0.00214598221534,10.2758588212,0,0.000107253924899,0,20551.7176424,0.214507849797,0.213661867888,0.213661867888,0.427323735777,1.04083408559e-16,0,0.08,95603.0935057
2010-11-11,95575.0537002,-0.000200975647517,-0.000293293914003,8.8259118631,0,9.23182664855e-05,0,17651.8237262,0.184636532971,0.219334233392,0.219334233392,0.438668466785,-4.57966997658e-16,-3.88578058619e-16,0.08,95575.0537002
2010-11-12,95509.3648948,-0.000595004419764,-0.000687300742584,8.8212260099,0,9.22963228204e-05,0,17642.4520198,0.184592645641,0.1836101428,0.1836101428,0.3672202856,3.46944695195e-17,1.38777878078e-17,0.08,95509.3648948
2010-11-15,95569.3976902,0.000739977749726,0.000628554021036,10.6420095613,0,0.000111423728689,0,21284.0191227,0.222847457379,0.213062418747,0.213062418747,0.426124837494,-5.55111512313e-17,-5.20417042793e-17,0.08,95569.3976902
2010-11-16,95677.7701701,0.00132143628746,0.00113396633813,17.9163901425,0,0.000187469949331,0,35832.7802851,0.374939898661,0.295857265474,0.295857265474,0.591714530949,-6.93889390391e-18,-6.24500451352e-17,0.08,95677.7701701
2010-11-17,95504.2350388,-0.00158103139342,-0.00181374556495,22.2655730194,0,0.000232714171535,0,44531.1460388,0.465428343069,0.26049709428,0.26049709428,0.520994188559,-2.22044604925e-16,-2.35922392733e-16,0.08,95504.2350388
2010-11-18,95703.9670084,0.00232868726262,0.00209134149371,22.6675260999,0,0.000237345768915,0,45335.0521998,0.474691537829,0.303767311318,0.303767311318,0.607534622635,1.38777878078e-16,1.2490009027e-16,0.08,95703.9670084
2010-11-19,95534.0887648,-0.00156924015772,-0.00177503868342,19.6957353144,0,0.000205798525705,0,39391.4706289,0.41159705141,0.364894324442,0.364894324442,0.729788648884,2.77555756156e-16,2.35922392733e-16,0.08,95534.0887648
2010-11-22,95573.1769308,0.000609808941657,0.000409154120542,19.1693754914,0,0.000200654821115,0,38338.7509829,0.401309642229,0.407100110131,0.407100110131,0.814200220263,1.2490009027e-16,2.77555756156e-17,0.08,95573.1769308
2010-11-23,95423.7396004,-0.00133949481156,-0.0015635906985,21.4175558522,0,0.000224095886943,0,42835.1117045,0.448191773885,0.422669959251,0.422669959251,0.845339918503,5.55111512313e-16,4.64905891562e-16,0.08,95423.7396004
2010-11-24,95088.1144877,-0.00332392543416,-0.00351720770975,18.4437175348,0,0.000193282275585,0,36887.4350695,0.386564551169,0.420771525894,0.420771525894,0.841543051788,4.37150315946e-16,4.4408920985e-16,0.08,95088.1144877
2010-11-26,95075.7143523,6.8559027875e-05,-0.000130406786195,18.9192841074,0,0.00019896581407,0,37838.5682149,0.39793162814,0.336792577587,0.336792577587,0.673585155174,2.08166817117e-16,2.8449465006e-16,0.08,95075.7143523
2010-11-29,95184.4459402,0.00139842767706,0.00114363156361,24.2249224998,0,0.000254796113444,0,48449.8449997,0.509592226887,0.451590613561,0.451590613561,0.903181227123,1.38777878078e-17,1.11022302463e-16,0.08,95184.4459402
2010-11-30,94882.7586809,-0.00291697066509,-0.00316950165826,24.0370226676,0,0.00025253099317,0,48074.0453353,0.50506198634,0.321000120637,0.321000120637,0.642000241274,1.73472347598e-17,7.8062556419e-17,0.08,94882.7586809
2010-12-01,94850.1125636,-0.000103449972405,-0.000344067961436,22.8304985875,0,0.000240617989031,0,45660.997175,0.481235978062,0.399149167647,0.399149167647,0.798298335295,-1.80411241502e-16,-1.56125112838e-16,0.08,94850.1125636
2010-12-02,95021.8601628,0.00211572639698,0.00181072636097,28.9292877471,0,0.000305000036006,0,57858.5754942,0.610000072012,0.360775991634,0.360775991634,0.721551983268,-1.38777878078e-17,-3.46944695195e-17,0.08,95021.8601628
2010-12-03,95073.4444251,0.00078761794484,0.000542867318092,23.2566598295,0,0.000244750626747,0,46513.3196591,0.489501253495,0.344750502874,0.344750502874,0.689501005749,0,-4.16333634234e-17,0.08,95073.4444251
2010-12-06,95147.2221646,0.000918471925535,0.000776007853105,13.5445500728,0,0.00014246407243,0,27089.1001455,0.28492814486,0.326475410787,0.326475410787,0.652950821573,-3.33066907388e-16,-3.74700270811e-16,0.08,95147.2221646
2010-12-07,95077.75121,-0.000523904109645,-0.0007301417007,19.6229338948,0,0.000206237591055,0,39245.8677895,0.412475182109,0.307503993476,0.307503993476,0.615007986951,-3.33066907388e-16,-4.30211422042e-16,0.08,95077.75121
2010-12-08,95348.3957653,0.00304210112747,0.00284656033439,18.5915788762,0,0.000195540793083,0,37183.1577523,0.391081586166,0.291409113072,0.291409113072,0.582818226143,-1.94289029309e-16,-1.80411241502e-16,0.08,95348.3957653
2010-12-09,95509.0532169,0.0018716326361,0.00168495180567,17.7997177018,0,0.000186680830432,0,35599.4354036,0.373361660864,0.294753684708,0.294753684708,0.589507369415,-2.22044604925e-16,-2.49800180541e-16,0.08,95509.0532169
2010-12-10,95415.4994693,-0.000688157398341,-0.000979527537032,27.828486082,0,0.00029137013869,0,55656.972164,0.582740277381,0.339587770695,0.339587770695,0.67917554139,-3.60822483003e-16,-2.8449465006e-16,0.08,95415.4994693
2010-12-13,95136.7491764,-0.00277767738438,-0.0029214361856,13.7168178218,0,0.000143758801223,0,27433.6356437,0.287517602447,0.388056179611,0.388056179611,0.776112359221,-1.80411241502e-16,-2.42861286637e-16,0.08,95136.7491764
2010-12-14,95090.5482075,-0.000312755003717,-0.000485626945478,16.4464745629,0,0.000172871941761,0,32892.9491258,0.345743883521,0.360335206698,0.360335206698,0.720670413395,-1.38777878078e-16,-1.2490009027e-16,0.08,95090.5482075
2010-12-15,94875.8536335,-0.00207572627526,-0.00225779089562,17.3126245596,0,0.000182064620364,0,34625.2491192,0.364129240727,0.250479084242,0.250479084242,0.500958168483,-2.22044604925e-16,-2.15105711021e-16,0.08,94875.8536335
2010-12-16,94849.4978401,-0.00010590697982,-0.000277792424441,16.3077782856,0,0.000171885444621,0,32615.5565712,0.343770889243,0.310652715119,0.310652715119,0.621305430238,0,-2.77555756156e-17,0.08,94849.4978401
2010-12-17,94757.2713142,-0.000824021243662,-0.000972345958679,14.0685247366,0,0.000148324715017,0,28137.0494733,0.296649430034,0.352986038829,0.352986038829,0.705972077657,1.66533453694e-16,1.2490009027e-16,0.08,94757.2713142
2010-12-20,94703.8125363,-0.000392006938274,-0.000564165443017,16.3132701431,0,0.000172158504744,0,32626.5402861,0.344317009488,0.314080455635,0.314080455635,0.62816091127,8.32667268469e-17,2.77555756156e-17,0.08,94703.8125363
2010-12-21,94964.6026696,0.00289086061818,0.00275374482111,12.9853887416,0,0.000137115797072,0,25970.7774833,0.274231594143,0.314832120654,0.314832120654,0.629664241309,9.02056207508e-17,6.93889390391e-17,0.08,94964.6026696
2010-12-22,95183.5190307,0.00256100912783,0.0023052416901,24.2888531003,0,0.000255767437735,0,48577.7062007,0.51153487547,0.268826909984,0.268826909984,0.537653819968,-1.2490009027e-16,-1.66533453694e-16,0.08,95183.5190307
2010-12-23,95188.3566121,0.000313374026476,5.0823728639e-05,24.9904612707,0,0.000262550297837,0,49980.9225414,0.525100595674,0.376349282685,0.376349282685,0.752698565369,2.77555756156e-16,2.77555756156e-16,0.08,95188.3566121
2010-12-27,95221.19721,0.000552915854288,0.000345006459282,19.7905536348,0,0.000207909395006,0,39581.1072696,0.415818790011,0.379645858918,0.379645858918,0.759291717836,5.55111512313e-17,4.16333634234e-17,0.08,95221.19721
2010-12-28,95083.3332335,-0.00124864456078,-0.0014478286402,18.9665465068,0,0.000199184079412,0,37933.0930136,0.398368158825,0.324461069555,0.324461069555,0.64892213911,-3.1918911958e-16,-2.08166817117e-16,0.08,95083.3332335
2010-12-29,95102.1080514,0.000415431268343,0.00019745645487,20.7257718259,0,0.000217974813472,0,41451.5436518,0.435949626945,0.408278069797,0.408278069797,0.816556139594,2.77555756156e-17,2.77555756156e-17,0.08,95102.1080514
2010-12-30,94965.601181,-0.00121612931024,-0.00143537165674,20.8504093264,0,0.000219242346501,0,41700.8186528,0.438484693002,0.282595035396,0.282595035396,0.565190070792,-2.77555756156e-16,-2.91433543964e-16,0.08,94965.601181
2010-12-31,94999.9131889,0.000484937377012,0.000361309858477,11.7403616202,0,0.000123627518535,0,23480.7232404,0.24725503707,0.280274078645,0.280274078645,0.560548157291,-2.77555756156e-17,-4.16333634234e-17,0.08,94999.9131889
2011-01-03,95122.5337822,0.00148490727846,0.00129074426676,18.4454692559,0,0.000194163011699,0,36890.9385119,0.388326023399,0.289142139471,0.289142139471,0.578284278942,-2.08166817117e-16,-1.66533453694e-16,0.08,95122.5337822
2011-01-04,95102.1056439,0.000175074725671,-0.000214756036559,37.0816898495,0,0.00038983076223,0,74163.3796991,0.77966152446,0.444996481873,0.444996481873,0.889992963747,-1.94289029309e-16,-1.66533453694e-16,0.08,95102.1056439
2011-01-05,95144.402835,0.000722409189285,0.000444755569265,26.4054439035,0,0.00027765362002,0,52810.8878071,0.55530724004,0.393425152261,0.393425152261,0.786850304522,-2.35922392733e-16,-2.25514051877e-16,0.08,95144.402835
2011-01-06,94836.4501191,-0.00305616481261,-0.00323668767391,17.1757398365,0,0.0001805228613,0,34351.4796729,0.3610457226,0.38813409408,0.38813409408,0.776268188161,-2.77555756156e-17,-2.69966340949e-17,0.08,94836.4501191
2011-01-07,95008.8611976,0.00198088064713,0.00181798325752,15.4486101642,0,0.000162897389609,0,30897.2203283,0.325794779217,0.417359857393,0.417359857393,0.834719714786,-8.32667268469e-17,-9.02056207508e-17,0.08,95008.8611976
2011-01-10,94994.513285,2.54127062351e-05,-0.000151016572714,16.7623448748,0,0.000176429278949,0,33524.6897497,0.352858557897,0.344960209971,0.344960209971,0.689920419941,-8.32667268469e-17,-3.46944695195e-17,0.08,94994.513285
2011-01-11,95078.1652816,0.00107296434863,0.000880598191622,18.2737294573,0,0.000192366157007,0,36547.4589147,0.384732314013,0.398901739703,0.398901739703,0.797803479405,-8.32667268469e-17,-6.93889390391e-18,0.08,95078.1652816
2011-01-12,95033.1859215,-0.00020351514807,-0.000473077704306,25.6295132755,0,0.000269562556235,0,51259.026551,0.539125112471,0.296153535712,0.296153535712,0.592307071424,-2.60208521397e-16,-3.05311331772e-16,0.08,95033.1859215
2011-01-13,95176.4452807,0.00171305142531,0.00150746665832,19.5373753841,0,0.000205584766991,0,39074.7507681,0.411169533981,0.338375555631,0.338375555631,0.676751111263,-5.55111512313e-17,6.93889390391e-18,0.08,95176.4452807
2011-01-14,95016.2902373,-0.00139600176883,-0.00168271722006,27.2885574547,0,0.000286715451226,0,54577.1149095,0.573430902452,0.264563596341,0.264563596341,0.529127192682,-1.11022302463e-16,-5.55111512313e-17,0.08,95016.2902373
2011-01-18,94910.5752654,-0.000971313969863,-0.00111259839367,13.4243218189,0,0.000141284423811,0,26848.6436377,0.282568847623,0.223690737714,0.223690737714,0.447381475429,-2.63677968348e-16,-1.87350135405e-16,0.08,94910.5752654
2011-01-19,94902.8114413,4.54035572751e-05,-8.18014646582e-05,12.0731018083,0,0.000127205021933,0,24146.2036167,0.254410043867,0.232406691727,0.232406691727,0.464813383454,-2.77555756156e-17,-5.55111512313e-17,0.08,94902.8114413
2011-01-20,94952.2047556,0.000683265144501,0.000520462075844,15.4504689268,0,0.000162803068657,0,30900.9378536,0.325606137314,0.239499352511,0.239499352511,0.478998705021,1.38777878078e-17,-7.2858385991e-17,0.08,94952.2047556
2011-01-21,94776.2858492,-0.00169303681402,-0.00185271007425,15.1613280991,0,0.000159673260228,0,30322.6561982,0.319346520455,0.293922022228,0.293922022228,0.587844044456,4.16333634234e-17,-2.77555756156e-17,0.08,94776.2858492
2011-01-24,94790.1698387,0.00034765541908,0.000146492229787,19.0654999308,0,0.000201163189293,0,38130.9998616,0.402326378586,0.320131316035,0.320131316035,0.64026263207,-4.16333634234e-17,-1.45716771982e-16,0.08,94790.1698387
2011-01-25,94405.598306,-0.00390625267364,-0.00405708243141,14.2971783558,0,0.000150829757771,0,28594.3567116,0.301659515541,0.232811265898,0.232811265898,0.465622531797,9.71445146547e-17,5.55111512313e-17,0.08,94405.598306
2011-01-26,94504.6601665,0.00113446591362,0.00104932188652,8.03807282057,0,8.51440271002e-05,0,16076.1456411,0.1702880542,0.221308022495,0.221308022495,0.44261604499,-2.77555756156e-17,-6.93889390391e-17,0.08,94504.6601665
2011-01-27,94500.669318,0.000132431404343,-4.22291184892e-05,16.5062333547,0,0.000174660522832,0,33012.4667094,0.349321045664,0.222497431868,0.222497431868,0.444994863736,0,-1.38777878078e-17,0.08,94500.669318
2011-01-28,94541.0747901,0.000531135271934,0.000427568105558,9.78716654187,0,0.000103567166376,0,19574.3330837,0.207134332751,0.218909710462,0.218909710462,0.437819420924,0,-2.08166817117e-17,0.08,94541.0747901
2011-01-31,94410.9844543,-0.00122110750882,-0.00137601921868,14.6455195478,0,0.000154911709861,0,29291.0390956,0.309823419721,0.244617806723,0.244617806723,0.489235613446,-5.55111512313e-17,-1.11022302463e-16,0.08,94410.9844543
2011-02-01,94586.2188622,0.00199394303821,0.00185608071938,13.0157172394,0,0.000137862318825,0,26031.4344789,0.275724637651,0.301914089344,0.301914089344,0.603828178688,0,-2.77555756156e-17,0.08,94586.2188622
2011-02-02,94527.3750024,-0.000448171983187,-0.000622118745051,16.452966488,0,0.000173946761864,0,32905.9329761,0.347893523728,0.221171936282,0.221171936282,0.442343872565,-2.35922392733e-16,-2.35922392733e-16,0.08,94527.3750024
2011-02-03,94440.9686354,-0.000808351940829,-0.000914088295227,9.99498002363,0,0.000105736354399,0,19989.9600473,0.211472708797,0.232699827358,0.232699827358,0.465399654716,-9.02056207508e-17,-1.04083408559e-16,0.08,94440.9686354
2011-02-04,94475.4441135,0.000490894258509,0.000365047909266,11.8850511217,0,0.000125846349242,0,23770.1022434,0.251692698485,0.288746756463,0.288746756463,0.577493512925,-8.32667268469e-17,-8.67361737988e-17,0.08,94475.4441135
2011-02-07,94535.6128463,0.000764911450678,0.000636871658675,12.0966162137,0,0.000128039792003,0,24193.2324274,0.256079584007,0.266899226461,0.266899226461,0.533798452921,-2.22044604925e-16,-2.15105711021e-16,0.08,94535.6128463
2011-02-08,94666.4445901,0.00151854131564,0.00138394135134,12.7244901137,0,0.000134599964294,0,25448.9802273,0.269199928589,0.322941255341,0.322941255341,0.645882510682,-1.11022302463e-16,-4.85722573274e-17,0.08,94666.4445901
2011-02-09,94666.423016,0.000382090866794,-2.27895942562e-07,36.1927579683,0,0.000382318762736,0,72385.5159367,0.764637525473,0.492398060522,0.492398060522,0.984796121044,2.77555756156e-17,5.03069808033e-17,0.08,94666.423016
2011-02-10,94824.5822196,0.00202011755301,0.0016707001122,33.0780992605,0,0.000349417440806,0,66156.198521,0.698834881612,0.333920860883,0.333920860883,0.667841721766,1.2490009027e-16,1.97758476261e-16,0.08,94824.5822196
2011-02-11,94717.2683923,-0.000862321937969,-0.00113170893779,25.5445097135,0,0.000269386999822,0,51089.019427,0.538773999644,0.229487843303,0.229487843303,0.458975686606,2.77555756156e-17,4.51028103754e-17,0.08,94717.2683923
2011-02-14,94873.8337,0.00189174060324,0.00165297532712,22.6151947407,0,0.000238765276117,0,45230.3894815,0.477530552234,0.329902232787,0.329902232787,0.659804465575,1.38777878078e-17,1.11022302463e-16,0.08,94873.8337
2011-02-15,94806.1539053,-0.000389866322215,-0.000713366289848,30.6916821312,0,0.000323499967633,0,61383.3642624,0.646999935267,0.353746683251,0.353746683251,0.707493366501,-7.6327832943e-17,-8.32667268469e-17,0.08,94806.1539053
2011-02-16,94522.4525583,-0.00277826027953,-0.0029924359897,20.3051753416,0,0.000214175710175,0,40610.3506832,0.428351420349,0.37616847376,0.37616847376,0.752336947521,-7.6327832943e-17,1.04083408559e-17,0.08,94522.4525583
2011-02-17,94363.5093217,-0.0014581855209,-0.00168153948926,21.1119648782,0,0.000223353968362,0,42223.9297564,0.446707936724,0.235834139752,0.235834139752,0.471668279505,-2.08166817117e-17,-3.46944695195e-17,0.08,94363.5093217
2011-02-18,94141.3038959,-0.00223166734869,-0.0023547812854,11.6174631138,0,0.000123113936704,0,23234.9262276,0.246227873409,0.163485629284,0.163485629284,0.326971258568,-8.32667268469e-17,-9.02056207508e-17,0.08,94141.3038959
2011-02-22,93916.2340166,-0.00226225688022,-0.00239076653921,12.09806686,0,0.000128509658985,0,24196.1337201,0.257019317969,0.228084235451,0.228084235451,0.456168470901,-2.77555756156e-17,-2.77555756156e-17,0.08,93916.2340166
2011-02-23,93642.7874412,-0.00280877638076,-0.00291160072932,9.6568755816,0,0.000102824348556,0,19313.7511632,0.205648697112,0.23014110069,0.23014110069,0.46028220138,1.52655665886e-16,5.55111512313e-17,0.08,93642.7874412
2011-02-24,93874.5358669,0.00257006605708,0.0024748134064,8.91972372055,0,9.5252650677e-05,0,17839.4474411,0.190505301354,0.213090193514,0.213090193514,0.426180387028,1.2490009027e-16,1.11022302463e-16,0.08,93874.5358669
2011-02-25,94099.9692881,0.00248666263398,0.00240143313674,8.00087949505,0,8.52294972344e-05,0,16001.7589901,0.170458994469,0.172428505239,0.172428505239,0.344857010478,1.52655665886e-16,1.80411241502e-16,0.08,94099.9692881
2011-02-28,94067.8319993,-0.000249463724736,-0.000341522840111,8.66275992946,0,9.20591153749e-05,0,17325.5198589,0.18411823075,0.128452024105,0.128452024105,0.256904048211,2.77555756156e-17,1.38777878078e-17,0.08,94067.8319993
2011-03-01,94036.1524681,-0.000240489791058,-0.000336773268344,9.05717796564,0,9.6283477286e-05,0,18114.3559313,0.192566954572,0.161347959915,0.161347959915,0.322695919831,4.16333634234e-17,8.84708972748e-17,0.08,94036.1524681
2011-03-02,93945.4734321,-0.000793145177875,-0.000964299724505,16.0947150425,0,0.00017115454663,0,32189.430085,0.34230909326,0.292569714791,0.292569714791,0.585139429582,5.20417042793e-17,1.2490009027e-16,0.08,93945.4734321
2011-03-03,94048.1390594,0.00130839110614,0.00109282143641,20.2517946805,0,0.000215569669731,0,40503.589361,0.431139339462,0.335813212197,0.335813212197,0.671626424393,1.38777878078e-17,6.93889390391e-17,0.08,94048.1390594
2011-03-04,93923.5609411,-0.00110911316426,-0.00132462076856,20.2680891374,0,0.000215507604298,0,40536.1782748,0.431015208596,0.273346101918,0.273346101918,0.546692203836,5.55111512313e-17,1.38777878078e-16,0.08,93923.5609411
2011-03-07,93876.9847615,-0.000253562960775,-0.000495894525152,22.7606434547,0,0.000242331564377,0,45521.2869094,0.484663128753,0.428165859997,0.428165859997,0.856331719995,3.60822483003e-16,5.27355936697e-16,0.08,93876.9847615
2011-03-08,94067.5152178,0.00229428760291,0.00202957579915,24.8503459672,0,0.000264711803754,0,49700.6919343,0.529423607507,0.421371835882,0.421371835882,0.842743671764,2.77555756156e-17,2.42861286637e-17,0.08,94067.5152178
2011-03-09,93874.7149786,-0.00177924045467,-0.00204959426022,25.4315107171,0,0.000270353805543,0,50863.0214342,0.540707611086,0.288170062605,0.288170062605,0.57634012521,0,6.93889390391e-18,0.08,93874.7149786
2011-03-10,92754.4205466,-0.0117709464483,-0.0119339316478,15.3001891525,0,0.00016298519954,0,30600.3783051,0.32597039908,0.323865831331,0.323865831331,0.647731662663,-5.55111512313e-17,-1.14491749414e-16,0.08,92754.4205466
2011-03-11,93275.421059,0.00576996439353,0.00561698848791,14.1891914836,0,0.000152975905622,0,28378.3829672,0.305951811244,0.229459667641,0.229459667641,0.458919335281,0,1.38777878078e-17,0.08,93275.421059
2011-03-14,93500.6501368,0.00252957801372,0.00241466696442,10.7183765078,0,0.0001149110493,0,21436.7530157,0.229822098601,0.281016479861,0.281016479861,0.562032959722,0,6.93889390391e-18,0.08,93500.6501368
2011-03-15,93542.3039088,0.00060838977739,0.000445491790081,15.2310677194,0,0.000162897987309,0,30462.1354387,0.325795974618,0.363776698208,0.363776698208,0.727553396416,-2.49800180541e-16,-2.8449465006e-16,0.08,93542.3039088
2011-03-16,93622.3287974,0.00109705286025,0.000855494094429,22.5959634846,0,0.000241558765824,0,45191.9269691,0.483117531649,0.299558843049,0.299558843049,0.599117686098,-4.16333634234e-17,-6.24500451352e-17,0.08,93622.3287974
2011-03-17,93858.4738458,0.00272035897836,0.00252231547124,18.5412943391,0,0.000198043507113,0,37082.5886782,0.396087014226,0.331578904953,0.331578904953,0.663157809906,-1.11022302463e-16,-1.38777878078e-16,0.08,93858.4738458
2011-03-18,94013.5844789,0.00192882240929,0.00165260127122,25.9256944631,0,0.000276221138069,0,51851.3889262,0.552442276138,0.267663441095,0.267663441095,0.535326882189,-1.66533453694e-16,-1.52655665886e-16,0.08,94013.5844789
2011-03-21,93823.6107146,-0.00187317334875,-0.00202070546967,13.8700235138,0,0.000147532120923,0,27740.0470275,0.295064241846,0.21522084974,0.21522084974,0.43044169948,-9.02056207508e-17,-1.2490009027e-16,0.08,93823.6107146
2011-03-22,93822.9082924,0.000105345567001,-7.48662431027e-06,10.5863235937,0,0.000112832191311,0,21172.6471873,0.225664382622,0.184946798937,0.184946798937,0.369893597873,6.93889390391e-18,-5.55111512313e-17,0.08,93822.9082924
2011-03-23,93782.4969795,-0.000311294834474,-0.000430719039689,11.2047262538,0,0.000119424205215,0,22409.4525076,0.238848410431,0.243797033037,0.243797033037,0.487594066074,1.17961196366e-16,9.71445146547e-17,0.08,93782.4969795
2011-03-24,93956.3669037,0.00203572536717,0.0018539698748,17.0454839138,0,0.000181755492366,0,34090.9678276,0.363510984731,0.253573618881,0.253573618881,0.507147237761,-2.08166817117e-17,-3.64291929955e-17,0.08,93956.3669037
2011-03-25,93729.5035338,-0.00213900551564,-0.00241456090026,25.8901828194,0,0.000275555384617,0,51780.3656388,0.551110769235,0.40378884704,0.40378884704,0.80757769408,5.82867087928e-16,5.18682319317e-16,0.08,93729.5035338
2011-03-28,94048.8890261,0.00367584921662,0.00340752356831,25.1500298021,0,0.000268325648316,0,50300.0596042,0.536651296633,0.443572616266,0.443572616266,0.887145232532,2.77555756156e-17,1.11022302463e-16,0.08,94048.8890261
2011-03-29,93933.3963146,-0.000947192896836,-0.00122800718572,26.4102718927,0,0.000280814288889,0,52820.5437854,0.561628577778,0.341262444982,0.341262444982,0.682524889964,-2.77555756156e-17,2.77555756156e-17,0.08,93933.3963146
2011-03-30,94148.7259633,0.00247052632554,0.00229236519867,16.7352797377,0,0.000178161126865,0,33470.5594754,0.35632225373,0.320850094898,0.320850094898,0.641700189796,1.38777878078e-17,4.16333634234e-17,0.08,94148.7259633
2011-03-31,93943.0917561,-0.00199507635019,-0.00218414221856,17.80031063,0,0.000189065868368,0,35600.6212601,0.378131736737,0.311541011734,0.311541011734,0.623082023468,4.16333634234e-17,6.24500451352e-17,0.08,93943.0917561
2011-04-01,93741.2312412,-0.00193360495615,-0.00214875315575,20.2116870564,0,0.000215148199602,0,40423.3741127,0.430296399204,0.405062879863,0.405062879863,0.810125759726,6.93889390391e-18,0,0.08,93741.2312412
2011-04-04,93657.2640371,-0.000651262988439,-0.000895733958666,22.9170097519,0,0.000244470970227,0,45834.0195037,0.488941940455,0.352510530386,0.352510530386,0.705021060772,2.77555756156e-17,2.77555756156e-17,0.08,93657.2640371
2011-04-05,93694.1126459,0.000585018087414,0.000393441013101,17.9425846325,0,0.000191577074314,0,35885.1692649,0.383154148628,0.25845440906,0.25845440906,0.51690881812,7.6327832943e-17,0,0.08,93694.1126459
2011-04-06,93738.5851641,0.000707928064918,0.000474656484996,21.8561736863,0,0.000233271579922,0,43712.3473725,0.466543159843,0.263397888711,0.263397888711,0.526795777422,4.37150315946e-16,3.57353036051e-16,0.08,93738.5851641
2011-04-07,93578.9745565,-0.00155036675826,-0.00170272046841,14.2814212334,0,0.000152353710144,0,28562.8424667,0.304707420287,0.298675251854,0.298675251854,0.597350503708,6.93889390391e-17,-3.46944695195e-18,0.08,93578.9745565
2011-04-08,93650.7656411,0.000963330128073,0.000767171097228,18.3563609565,0,0.000196159030845,0,36712.721913,0.392318061691,0.370154914392,0.370154914392,0.740309828784,1.11022302463e-16,-6.59194920871e-17,0.08,93650.7656411
2011-04-11,93520.2295234,-0.00118415336864,-0.00139386065685,19.6392481018,0,0.000209707288214,0,39278.4962036,0.419414576429,0.415179369087,0.415179369087,0.830358738173,1.38777878078e-16,6.24500451352e-17,0.08,93520.2295234
2011-04-12,94095.8264995,0.00633432301018,0.00615478575127,16.7903656609,0,0.000179537258906,0,33580.7313218,0.359074517813,0.397180658962,0.397180658962,0.794361317924,-1.11022302463e-16,-2.49800180541e-16,0.08,94095.8264995
2011-04-13,94081.8111576,0.000189984512012,-0.000148947539611,31.8920915246,0,0.000338932051623,0,63784.1830492,0.677864103246,0.23853759484,0.23853759484,0.47707518968,1.52655665886e-16,1.11022302463e-16,0.08,94081.8111576
2011-04-14,94308.9659771,0.00260410640913,0.00241443927015,17.8442279522,0,0.000189667138978,0,35688.4559043,0.379334277956,0.324215983317,0.324215983317,0.648431966634,2.42861286637e-16,2.49800180541e-16,0.08,94308.9659771
2011-04-15,94359.7438917,0.000799917523685,0.000538420860609,24.6614799012,0,0.000261496663076,0,49322.9598023,0.522993326152,0.30566889974,0.30566889974,0.61133779948,0,7.6327832943e-17,0.08,94359.7438917
2011-04-18,94438.7934184,0.000959299409723,0.000837746303639,11.4697199593,0,0.000121553106084,0,22939.4399186,0.243106212168,0.243542654286,0.243542654286,0.487085308572,5.55111512313e-17,6.93889390391e-17,0.08,94438.7934184
2011-04-19,94474.744575,0.000550266578005,0.000380682083104,16.0153550809,0,0.0001695844949,0,32030.7101617,0.339168989801,0.247742727683,0.247742727683,0.495485455366,3.33066907388e-16,3.85108611667e-16,0.08,94474.744575
2011-04-20,94496.0982528,0.000494915475787,0.000226025250829,25.4033353216,0,0.000268890224958,0,50806.6706432,0.537780449915,0.365927772441,0.365927772441,0.731855544883,6.38378239159e-16,7.77156117238e-16,0.08,94496.0982528
2011-04-21,94245.1293691,-0.00243710604215,-0.00265586503949,20.6718717063,0,0.00021875899734,0,41343.7434126,0.437517994679,0.248058453329,0.248058453329,0.496116906659,4.30211422042e-16,4.85722573274e-16,0.08,94245.1293691
2011-04-25,94338.4366438,0.00119934253609,0.000990048772812,19.7249177963,0,0.000209293763279,0,39449.8355927,0.418587526557,0.329562816429,0.329562816429,0.659125632857,1.38777878078e-16,2.22044604925e-16,0.08,94338.4366438
2011-04-26,94133.6042083,-0.00198732420827,-0.00217125111211,17.3513765652,0,0.000183926903842,0,34702.7531304,0.367853807685,0.270018947106,0.270018947106,0.540037894213,1.52655665886e-16,3.1918911958e-16,0.08,94133.6042083
2011-04-27,94178.3921172,0.000636850945086,0.00047579086411,15.1611659163,0,0.000161060080976,0,30322.3318327,0.322120161952,0.308618562441,0.308618562441,0.617237124882,-1.38777878078e-17,4.85722573274e-17,0.08,94178.3921172
2011-04-28,94214.4816269,0.000555287091875,0.000383203714239,16.2065358159,0,0.000172083377637,0,32413.0716319,0.344166755274,0.310386533291,0.310386533291,0.620773066581,4.85722573274e-17,9.88792381307e-17,0.08,94214.4816269
2011-04-29,94171.0119257,-0.000210588117041,-0.00046139086494,23.6292508838,0,0.000250802747898,0,47258.5017676,0.501605495796,0.323193629811,0.323193629811,0.646387259622,-3.46944695195e-17,-8.15320033709e-17,0.08,94171.0119257
2011-05-02,93927.7247503,-0.00233574645356,-0.0025834614115,23.3275682581,0,0.000247714957938,0,46655.1365163,0.495429915876,0.345937417176,0.345937417176,0.691874834352,5.55111512313e-17,5.55111512313e-17,0.08,93927.7247503
2011-05-03,93750.9289094,-0.00168756324226,-0.00188225405629,18.2868651913,0,0.000194690814027,0,36573.7303827,0.389381628054,0.401239269594,0.401239269594,0.802478539188,1.11022302463e-16,6.07153216592e-17,0.08,93750.9289094
2011-05-04,93937.9616085,0.00222517725087,0.00199499568975,21.5797351724,0,0.000230181561115,0,43159.4703447,0.46036312223,0.337990023559,0.337990023559,0.675980047118,8.32667268469e-17,3.46944695195e-17,0.08,93937.9616085
2011-05-05,93875.1215356,-0.000486804936257,-0.000668952911397,17.1106094958,0,0.000182147975141,0,34221.2189917,0.364295950282,0.376055533816,0.376055533816,0.752111067632,1.11022302463e-16,1.7694179455e-16,0.08,93875.1215356
2011-05-06,93900.0649373,0.000529826296864,0.000265708329895,24.794106249,0,0.000264117966969,0,49588.2124979,0.528235933939,0.407692561821,0.407692561821,0.815385123642,-2.77555756156e-17,1.14491749414e-16,0.08,93900.0649373
2011-05-09,94041.3648728,0.00174668737123,0.00150479060431,22.7141221218,0,0.000241896766919,0,45428.2442437,0.483793533838,0.252625722181,0.252625722181,0.505251444361,5.55111512313e-16,5.89805981832e-16,0.08,94041.3648728
2011-05-10,94042.6546006,0.00022356258686,1.37144740286e-05,19.7344029467,0,0.000209848112832,0,39468.8058933,0.419696225663,0.347238356376,0.347238356376,0.694476712751,1.94289029309e-16,2.01227923213e-16,0.08,94042.6546006
2011-05-11,93829.6094122,-0.00200926236725,-0.00226541019459,24.0888216535,0,0.000256147827343,0,48177.6433071,0.512295654686,0.351764336251,0.351764336251,0.703528672503,3.40005801291e-16,3.88578058619e-16,0.08,93829.6094122
2011-05-12,93815.2091403,0.000136482071837,-0.000153472576032,27.2063313568,0,0.000289954647869,0,54412.6627136,0.579909295738,0.285912280647,0.285912280647,0.571824561294,2.70616862252e-16,2.63677968348e-16,0.08,93815.2091403
2011-05-13,93828.9555131,0.000352156012622,0.000146526057842,19.2912172131,0,0.000205629954779,0,38582.4344263,0.411259909559,0.269914342853,0.269914342853,0.539828685706,1.66533453694e-16,1.87350135405e-16,0.08,93828.9555131
2011-05-16,93692.1431151,-0.00135160341168,-0.00145810424115,9.99286159087,0,0.000106500829475,0,19985.7231817,0.213001658949,0.2707261623,0.2707261623,0.541452324601,8.32667268469e-16,7.8062556419e-16,0.08,93692.1431151
2011-05-17,93707.0835916,0.000267405166689,0.000159463494399,10.1132866082,0,0.000107941672289,0,20226.5732164,0.215883344579,0.239105800909,0.239105800909,0.478211601818,-5.55111512313e-17,-5.89805981832e-17,0.08,93707.0835916
2011-05-18,93814.8397909,0.00128290574519,0.00114992586568,12.4611566859,0,0.000132979879517,0,24922.3133719,0.265959759035,0.280800428902,0.280800428902,0.561600857804,7.6327832943e-16,6.93889390391e-16,0.08,93814.8397909
2011-05-19,93968.9643568,0.00184287778048,0.00164285912815,18.7647178229,0,0.000200018652323,0,37529.4356458,0.400037304646,0.329218202556,0.329218202556,0.658436405111,1.94289029309e-16,1.94289029309e-16,0.08,93968.9643568
2011-05-20,93859.2425647,-0.000919016355925,-0.00116763862198,23.3627768574,0,0.000248622266057,0,46725.5537148,0.497244532113,0.458952201356,0.458952201356,0.917904402711,3.33066907388e-16,2.77555756156e-16,0.08,93859.2425647
2011-05-23,93828.2265739,-0.000129567599833,-0.000330452175106,18.8548740781,0,0.000200884575273,0,37709.7481561,0.401769150546,0.337799301566,0.337799301566,0.675598603133,2.94902990916e-17,0,0.08,93828.2265739
2011-05-24,93761.4809664,-0.000493355341559,-0.000711359576068,20.4549507095,0,0.000218004234508,0,40909.901419,0.436008469017,0.452121216486,0.452121216486,0.904242432971,9.71445146547e-17,8.32667268469e-17,0.08,93761.4809664
2011-05-25,93680.5818728,-0.000538793950363,-0.000862818001148,30.3809748704,0,0.000324024050785,0,60761.9497407,0.648048101571,0.385516494033,0.385516494033,0.771032988066,9.71445146547e-17,1.11022302463e-16,0.08,93680.5818728
2011-05-26,93564.7639609,-0.000944129529963,-0.00123630649568,27.3713081579,0,0.000292176965714,0,54742.6163158,0.584353931428,0.330858275973,0.330858275973,0.661716551946,1.38777878078e-16,1.43982048506e-16,0.08,93564.7639609
2011-05-27,93649.7144621,0.00116270122871,0.000907932619374,23.8373647972,0,0.000254768609336,0,47674.7295944,0.509537218673,0.446869201882,0.446869201882,0.893738403763,-4.16333634234e-17,-9.71445146547e-17,0.08,93649.7144621
2011-05-31,93697.6981545,0.000773690299784,0.000512374144713,24.4721833067,0,0.000261316155071,0,48944.3666134,0.522632310141,0.331383063414,0.331383063414,0.662766126829,2.77555756156e-17,3.46944695195e-17,0.08,93697.6981545
2011-06-01,93803.3049247,0.0012795101999,0.00112710101018,14.2803902538,0,0.000152409189715,0,28560.7805077,0.304818379429,0.253739713951,0.253739713951,0.507479427901,-1.38777878078e-17,-6.24500451352e-17,0.08,93803.3049247
2011-06-02,93847.6314733,0.000644973229023,0.000472547834649,16.1740718452,0,0.000172425394374,0,32348.1436905,0.344850788748,0.240010069361,0.240010069361,0.480020138722,-6.93889390391e-18,5.89805981832e-17,0.08,93847.6314733
2011-06-03,93811.1096656,-0.000260623034511,-0.000389160675824,12.0629531924,0,0.000128537641313,0,24125.9063849,0.257075282627,0.187477168553,0.187477168553,0.374954337106,1.38777878078e-17,2.86229373536e-17,0.08,93811.1096656
2011-06-06,93750.1851219,-0.000492060913985,-0.000649438472664,14.7637634162,0,0.000157377558679,0,29527.5268324,0.314755117359,0.263888528649,0.263888528649,0.527777057298,0,4.16333634234e-17,0.08,93750.1851219
2011-06-07,93875.9047743,0.00147692222477,0.00134100697831,12.7420795168,0,0.000135915246463,0,25484.1590336,0.271830492926,0.293265250968,0.293265250968,0.586530501936,3.88578058619e-16,4.67507976776e-16,0.08,93875.9047743
2011-06-08,93684.2776912,-0.00184111813199,-0.0020412808119,18.7904526782,0,0.000200162679906,0,37580.9053565,0.400325359812,0.36016938384,0.36016938384,0.720338767681,2.77555756156e-16,2.28116137091e-16,0.08,93684.2776912
2011-06-09,93389.2113992,-0.00297739523464,-0.00314958175761,16.1311700334,0,0.000172186522979,0,32262.3400669,0.344373045958,0.371453522159,0.371453522159,0.742907044318,-5.55111512313e-17,-1.00613961607e-16,0.08,93389.2113992
2011-06-10,93544.5850261,0.00187631969648,0.00166372137153,19.8543899113,0,0.000212598324944,0,39708.7798227,0.425196649889,0.333494321526,0.333494321526,0.666988643051,2.28983498829e-16,1.5092094241e-16,0.08,93544.5850261
2011-06-13,93790.5488668,0.00282878889221,0.0026293755072,18.654042349,0,0.000199413385006,0,37308.084698,0.398826770011,0.304089895465,0.304089895465,0.60817979093,-4.16333634234e-17,-6.07153216592e-17,0.08,93790.5488668
2011-06-14,94011.4882822,0.00257987684623,0.00235566822109,21.0286500125,0,0.000224208625139,0,42057.3000249,0.448417250278,0.415965104,0.415965104,0.831930208,-1.11022302463e-16,-1.11022302463e-16,0.08,94011.4882822
2011-06-15,93828.0094139,-0.00168408613278,-0.00195166433028,25.1554245791,0,0.000267578197503,0,50310.8491582,0.535156395006,0.309155592913,0.309155592913,0.618311185826,0,-2.77555756156e-17,0.08,93828.0094139
2011-06-16,93676.3907273,-0.00143467340732,-0.00161592138128,17.0061366063,0,0.000181247973953,0,34012.2732125,0.362495947905,0.285527158507,0.285527158507,0.571054317013,-5.55111512313e-17,-1.07552855511e-16,0.08,93676.3907273
2011-06-17,93465.2446394,-0.00199963912459,-0.00225399469686,23.8271119714,0,0.000254355572267,0,47654.2239427,0.508711144534,0.353059497114,0.353059497114,0.706118994228,1.38777878078e-16,1.14491749414e-16,0.08,93465.2446394
2011-06-20,93692.7646793,0.00263783794597,0.00243427426716,19.02612904,0,0.000203563678813,0,38052.25808,0.407127357627,0.328795094268,0.328795094268,0.657590188535,-6.24500451352e-17,-1.73472347598e-16,0.08,93692.7646793
2011-06-21,93711.2450503,0.000466388502592,0.000197244377248,25.2168572007,0,0.000269144125345,0,50433.7144015,0.538288250689,0.361451426664,0.361451426664,0.722902853329,1.11022302463e-16,-2.77555756156e-17,0.08,93711.2450503
2011-06-22,93798.3041456,0.00114118457768,0.000929014391247,19.8827323334,0,0.000212170186435,0,39765.4646667,0.42434037287,0.390872469247,0.390872469247,0.781744938494,1.38777878078e-17,-5.55111512313e-17,0.08,93798.3041456
2011-06-23,93808.9362141,0.000286273010212,0.000113350328027,16.2198543373,0,0.000172922682185,0,32439.7086746,0.34584536437,0.371069980899,0.371069980899,0.742139961798,-1.66533453694e-16,-2.49800180541e-16,0.08,93808.9362141
2011-06-24,93707.8444157,-0.000717548577736,-0.00107763505788,33.7793296474,0,0.000360086480144,0,67558.6592948,0.720172960288,0.417147617741,0.417147617741,0.834295235481,-4.16333634234e-16,-4.85722573274e-16,0.08,93707.8444157
2011-06-27,93351.4371204,-0.0035235550755,-0.0038033880466,26.2225445183,0,0.000279832971101,0,52445.0890366,0.559665942201,0.28413328093,0.28413328093,0.56826656186,-1.11022302463e-16,-6.93889390391e-17,0.08,93351.4371204
2011-06-28,92980.4795181,-0.00380091445677,-0.0039737749487,16.1367753432,0,0.000172860491933,0,32273.5506865,0.345720983865,0.371845604476,0.371845604476,0.743691208952,4.85722573274e-17,8.67361737988e-17,0.08,92980.4795181
2011-06-29,93197.6195931,0.00246991437928,0.00233532969568,12.5137484161,0,0.000134584683591,0,25027.4968321,0.269169367182,0.359583421667,0.359583421667,0.719166843334,-1.45716771982e-16,-1.17961196366e-16,0.08,93197.6195931
2011-06-30,93330.9625619,0.00151904353493,0.00143075509182,8.2282727359,0,8.8288443115e-05,0,16456.5454718,0.17657688623,0.362922082346,0.362922082346,0.725844164692,-6.24500451352e-17,-1.38777878078e-17,0.08,93330.9625619
2011-07-01,93342.049253,0.000414671537535,0.000118788994377,27.6150025582,0,0.000295882543158,0,55230.0051163,0.591765086315,0.360489525012,0.360489525012,0.720979050023,7.6327832943e-17,4.85722573274e-17,0.08,93342.049253
2011-07-05,93158.5220613,-0.00175631500878,-0.001966179157,19.589149659,0,0.000209864148213,0,39178.299318,0.419728296427,0.253465156772,0.253465156772,0.506930313544,0,-2.77555756156e-17,0.08,93158.5220613
2011-07-06,93121.2470854,-0.000218728230636,-0.000400124166112,16.8985772568,0,0.000181395935475,0,33797.1545137,0.362791870951,0.285555231661,0.285555231661,0.571110463323,8.32667268469e-17,1.11022302463e-16,0.08,93121.2470854
2011-07-07,93250.0295365,0.00155900839669,0.00138295453678,16.3943549892,0,0.000176053859912,0,32788.7099783,0.352107719823,0.231537517853,0.231537517853,0.463075035705,1.38777878078e-17,4.16333634234e-17,0.08,93250.0295365
2011-07-08,93126.3623525,-0.00107418165866,-0.00132618922116,23.4997126464,0,0.000252007562498,0,46999.4252927,0.504015124996,0.332779803177,0.332779803177,0.665559606355,1.66533453694e-16,1.38777878078e-16,0.08,93126.3623525
2011-07-11,93009.7270822,-0.00108081971781,-0.00125244095619,15.9824616325,0,0.000171621238378,0,31964.9232651,0.343242476755,0.382444505024,0.382444505024,0.764889010048,1.66533453694e-16,2.49800180541e-16,0.08,93009.7270822
2011-07-12,92939.7356281,-0.000559304229754,-0.000752517572962,17.9707203204,0,0.000193213343208,0,35941.4406408,0.386426686416,0.341016997103,0.341016997103,0.682033994205,5.55111512313e-17,9.71445146547e-17,0.08,92939.7356281
2011-07-13,92832.7885087,-0.000989457580458,-0.00115071469365,14.9871934686,0,0.000161257113196,0,29974.3869372,0.322514226393,0.321164518186,0.321164518186,0.642329036371,1.38777878078e-16,1.11022302463e-16,0.08,92832.7885087
2011-07-14,92830.8015332,0.000215101183456,-2.14038105114e-05,21.9554180862,0,0.000236504993968,0,43910.8361725,0.473009987935,0.459874217794,0.459874217794,0.919748435588,0,1.11022302463e-16,0.08,92830.8015332
2011-07-15,92581.5240905,-0.00230443726129,-0.00268528805774,35.3546846993,0,0.000380850796453,0,70709.3693985,0.761701592905,0.36374082259,0.36374082259,0.72748164518,2.77555756156e-16,2.77555756156e-16,0.08,92581.5240905
2011-07-18,92187.6907485,-0.00408799254756,-0.00425390860454,15.360761426,0,0.000165916056977,0,30721.5228519,0.331832113953,0.345779679614,0.345779679614,0.691559359228,1.38777878078e-16,2.22044604925e-16,0.08,92187.6907485
2011-07-19,92264.5854815,0.000944259059311,0.000834110631752,10.1543291763,0,0.000110148427559,0,20308.6583525,0.220296855118,0.31413033775,0.31413033775,0.6282606755,3.67761376907e-16,4.16333634234e-16,0.08,92264.5854815
2011-07-20,92056.9033274,-0.00200042542345,-0.0022509411715,23.1137316509,0,0.000250515748055,0,46227.4633017,0.501031496109,0.24327137717,0.24327137717,0.486542754339,-5.55111512313e-17,2.77555756156e-17,0.08,92056.9033274
2011-07-21,92110.1615232,0.000707734827718,0.000578535599992,11.8936808167,0,0.000129199227726,0,23787.3616334,0.258398455451,0.252528663491,0.252528663491,0.505057326983,-4.16333634234e-17,5.55111512313e-17,0.08,92110.1615232
2011-07-22,91960.4375007,-0.00147804578734,-0.00162548865454,13.5809863134,0,0.000147442867202,0,27161.9726268,0.294885734403,0.29032158751,0.29032158751,0.58064317502,-1.11022302463e-16,-5.55111512313e-17,0.08,91960.4375007
2011-07-25,91720.841636,-0.00246348110986,-0.00260542327944,13.0530640144,0,0.00014194216958,0,26106.1280288,0.28388433916,0.305486945425,0.305486945425,0.610973890849,-1.17961196366e-16,-5.55111512313e-17,0.08,91720.841636
2011-07-26,91589.757628,-0.00130100041827,-0.00142916272565,11.7551546987,0,0.000128162307378,0,23510.3093974,0.256324614755,0.268956192425,0.268956192425,0.53791238485,-2.22044604925e-16,-1.94289029309e-16,0.08,91589.757628
2011-07-27,91553.9147152,-0.000219677838802,-0.000391341932561,15.7226727409,0,0.000171664093759,0,31445.3454817,0.343328187519,0.260877565454,0.260877565454,0.521755130908,0,4.51028103754e-17,0.08,91553.9147152
2011-07-28,91512.0053762,-0.000315827455887,-0.000457755838677,12.9940990536,0,0.00014192838279,0,25988.1981073,0.28385676558,0.248665861779,0.248665861779,0.497331723557,6.93889390391e-18,0,0.08,91512.0053762
2011-07-29,91634.8453444,0.00153216765035,0.00134233719025,17.3717660851,0,0.000189830460098,0,34743.5321702,0.379660920197,0.286813334976,0.286813334976,0.573626669953,2.77555756156e-17,4.85722573274e-17,0.08,91634.8453444
2011-08-01,91438.7675651,-0.00194925783001,-0.00213977312398,17.457839499,0,0.000190515293974,0,34915.6789981,0.381030587948,0.263205774465,0.263205774465,0.526411548929,-3.46944695195e-17,-2.77555756156e-17,0.08,91438.7675651
2011-08-02,91516.8205062,0.000999502729809,0.00085360884825,13.3403567251,0,0.000145893881559,0,26680.7134501,0.291787763118,0.198720153276,0.198720153276,0.397440306552,1.38777878078e-16,1.90819582357e-16,0.08,91516.8205062
2011-08-03,91378.744277,-0.00144375013786,-0.00150875247154,5.94880690402,0,6.50023336816e-05,0,11897.613808,0.130004667363,0.214189507289,0.214189507289,0.428379014578,1.5959455979e-16,1.6826817717e-16,0.08,91378.744277
2011-08-04,91533.5381691,0.00180361109898,0.00169398138811,10.0178253151,0,0.000109629710873,0,20035.6506301,0.219259421747,0.230889264951,0.230889264951,0.461778529902,-5.89805981832e-17,0,0.08,91533.5381691
2011-08-05,91499.8429939,-0.000258638889261,-0.000368118351747,10.0210425581,0,0.000109479462485,0,20042.0851162,0.21895892497,0.207999283559,0.207999283559,0.415998567118,4.85722573274e-17,6.93889390391e-17,0.08,91499.8429939
2011-08-08,91540.8530897,0.000563145369876,0.00044819853749,10.5176171159,0,0.000114946832385,0,21035.2342318,0.229893664771,0.233804103749,0.233804103749,0.467608207498,1.83880688454e-16,1.80411241502e-16,0.08,91540.8530897
2011-08-09,91771.9095239,0.00266722605575,0.00252407997563,13.1037142909,0,0.000143146080123,0,26207.4285818,0.286292160246,0.255106676541,0.255106676541,0.510213353082,1.5959455979e-16,1.6826817717e-16,0.08,91771.9095239
2011-08-10,91789.5719914,0.000427110206002,0.000192460498404,21.5342517354,0,0.000234649707597,0,43068.5034709,0.469299415195,0.287961917945,0.287961917945,0.575923835889,3.60822483003e-16,3.41740524767e-16,0.08,91789.5719914
2011-08-11,92125.2128303,0.00380909863913,0.00365663366361,13.9946948466,0,0.00015246497552,0,27989.3896933,0.30492995104,0.283473686945,0.283473686945,0.566947373889,1.94289029309e-16,2.98372437868e-16,0.08,92125.2128303
2011-08-12,92122.4044161,0.00023682844633,-3.0484750969e-05,24.6262851935,0,0.000267313197299,0,49252.5703871,0.534626394598,0.328284737955,0.328284737955,0.656569475909,6.10622663544e-16,4.85722573274e-16,0.08,92122.4044161
2011-08-15,92169.3300505,0.000685803871999,0.000509383517252,16.2522672672,0,0.000176420354747,0,32504.5345344,0.352840709493,0.278429476913,0.278429476913,0.556858953827,1.38777878078e-16,1.31838984174e-16,0.08,92169.3300505
2011-08-16,92161.5052832,0.000141343797831,-8.48955647132e-05,20.8523304767,0,0.000226239362544,0,41704.6609534,0.452478725088,0.348127545067,0.348127545067,0.696255090134,-5.55111512313e-17,-1.38777878078e-17,0.08,92161.5052832
2011-08-17,92144.775551,3.12937694943e-05,-0.000181526247756,19.6138131441,0,0.00021282001725,0,39227.6262883,0.4256400345,0.278822544943,0.278822544943,0.557645089886,6.24500451352e-17,7.6327832943e-17,0.08,92144.775551
2011-08-18,92382.830545,0.00275112785613,0.00258348878354,15.4470647175,0,0.000167639072591,0,30894.1294349,0.335278145182,0.238151562352,0.238151562352,0.476303124705,1.38777878078e-16,1.39211558947e-16,0.08,92382.830545
2011-08-19,92227.7036597,-0.0015050002753,-0.00167917441385,16.090699927,0,0.00017417413855,0,32181.3998541,0.348348277101,0.23773223328,0.23773223328,0.47546446656,4.40619762898e-16,4.28476698566e-16,0.08,92227.7036597
2011-08-22,92376.13275,0.00176404920406,0.00160937640644,14.2651169436,0,0.000154672797625,0,28530.2338872,0.309345595251,0.266319153718,0.266319153718,0.532638307435,2.15105711021e-16,1.64798730218e-16,0.08,92376.13275
2011-08-23,92885.4569176,0.00563722769349,0.0055135904961,11.4211261589,0,0.000123637197389,0,22842.2523177,0.247274394779,0.29452215459,0.29452215459,0.58904430918,-3.81639164715e-17,6.93889390391e-18,0.08,92885.4569176
2011-08-24,92592.5039301,-0.00294042519449,-0.00315391663277,19.8302497925,0,0.000213491438278,0,39660.499585,0.426982876557,0.3081811383,0.3081811383,0.6163622766,1.52655665886e-16,-2.77555756156e-17,0.08,92592.5039301
2011-08-25,92574.4249803,4.13995368085e-05,-0.000195252844738,21.9122365684,0,0.000236652381546,0,43824.4731367,0.473304763092,0.414308507283,0.414308507283,0.828617014565,9.85322934355e-16,9.57567358739e-16,0.08,92574.4249803
2011-08-26,92907.7110274,0.00390747731705,0.00360019570358,28.4464186743,0,0.000307281613473,0,56892.8373486,0.614563226946,0.344846095542,0.344846095542,0.689692191084,-4.85722573274e-17,-6.93889390391e-18,0.08,92907.7110274
2011-08-29,93069.0706769,0.00205003198468,0.00173677348987,29.104129713,0,0.000313258494813,0,58208.2594259,0.626516989626,0.277891648555,0.277891648555,0.55578329711,-2.08166817117e-16,-1.04083408559e-16,0.08,93069.0706769
2011-08-30,93043.3120518,-1.86965998076e-05,-0.000276768907906,24.0185498821,0,0.000258072308098,0,48037.0997643,0.516144616196,0.395257608269,0.395257608269,0.790515216538,-2.77555756156e-16,-1.94289029309e-16,0.08,93043.3120518
2011-08-31,93282.7055501,0.00282196895166,0.00257292537207,23.1718394904,0,0.000249043579591,0,46343.6789809,0.498087159183,0.333368420118,0.333368420118,0.666736840237,-4.4408920985e-16,-3.74700270811e-16,0.08,93282.7055501
2011-09-01,93279.0333229,0.00020154154807,-3.93666452e-05,22.4725680575,0,0.00024090819327,0,44945.1361149,0.481816386541,0.222456807228,0.222456807228,0.444913614457,-3.88578058619e-16,-3.74700270811e-16,0.08,93279.0333229
2011-09-02,93317.7626117,0.00061846830931,0.000415198222108,18.9608372377,0,0.000203270087202,0,37921.6744754,0.406540174405,0.280436024463,0.280436024463,0.560872048926,-6.93889390391e-18,1.38777878078e-17,0.08,93317.7626117
2011-09-06,93201.0722172,-0.00109141849917,-0.00125046284068,14.8416621058,0,0.00015904434151,0,29683.3242116,0.31808868302,0.385333240368,0.385333240368,0.770666480736,1.38777878078e-16,6.93889390391e-17,0.08,93201.0722172
2011-09-07,93244.4363174,0.000673906744413,0.000465274692632,19.4447309249,0,0.000208632051781,0,38889.4618498,0.417264103563,0.374182948718,0.374182948718,0.748365897436,6.93889390391e-17,6.93889390391e-17,0.08,93244.4363174
2011-09-08,92645.2547256,-0.00621952109773,-0.006425923256,19.2458529028,0,0.000206402158273,0,38491.7058057,0.412804316545,0.353076930114,0.353076930114,0.706153860227,-8.32667268469e-17,-1.07552855511e-16,0.08,92645.2547256
2011-09-09,92633.678912,1.23573363963e-05,-0.000124947722662,12.7206621715,0,0.000137305059058,0,25441.3243431,0.274610118116,0.359479888754,0.359479888754,0.718959777507,3.46944695195e-17,3.46944695195e-17,0.08,92633.678912
2011-09-12,92691.6553206,0.000785264072192,0.000625867494856,14.7654913646,0,0.000159396577336,0,29530.9827292,0.318793154671,0.363242580637,0.363242580637,0.726485161274,2.77555756156e-17,2.77555756156e-17,0.08,92691.6553206
2011-09-13,92572.2629878,-0.00116365924181,-0.00128805912891,11.5308314571,0,0.000124399887101,0,23061.6629142,0.248799774203,0.369483015746,0.369483015746,0.738966031493,-2.77555756156e-16,-2.35922392733e-16,0.08,92572.2629878
2011-09-14,92565.664408,0.00014325383972,-7.12803118359e-05,19.8599118977,0,0.000214534151556,0,39719.8237953,0.429068303111,0.406687419576,0.406687419576,0.813374839153,-4.71844785466e-16,-4.23272528138e-16,0.08,92565.664408
2011-09-15,92529.2606818,-0.000156930007568,-0.000393274617311,21.8773958302,0,0.000236344609743,0,43754.7916603,0.472689219487,0.384081943029,0.384081943029,0.768163886057,0,5.55111512313e-17,0.08,92529.2606818
2011-09-16,92017.1219974,-0.00530553584197,-0.00553488356595,21.2213753397,0,0.000229347723988,0,42442.7506794,0.458695447977,0.26688092875,0.26688092875,0.5337618575,-9.71445146547e-17,-8.32667268469e-17,0.08,92017.1219974
2011-09-19,91965.7542772,-0.000408619900423,-0.000558240891755,13.7676930128,0,0.000149620991332,0,27535.3860256,0.299241982665,0.283644329026,0.283644329026,0.567288658052,1.38777878078e-16,1.26634813746e-16,0.08,91965.7542772
2011-09-20,91910.3705253,-0.000441122705228,-0.000602221472178,14.8155696157,0,0.00016109876695,0,29631.1392314,0.322197533901,0.312176744615,0.312176744615,0.624353489229,5.55111512313e-17,9.04224611853e-17,0.08,91910.3705253
2011-09-21,91232.6528066,-0.0071969592959,-0.00737368062769,16.2425230845,0,0.000176721331789,0,32485.0461689,0.353442663579,0.337113538084,0.337113538084,0.674227076167,5.55111512313e-17,1.52655665886e-16,0.08,91232.6528066
2011-09-22,91011.3062049,-0.00226233041151,-0.00242617741448,14.9481967348,0,0.000163847002964,0,29896.3934697,0.327694005928,0.298264889147,0.298264889147,0.596529778295,1.17961196366e-16,1.80411241502e-16,0.08,91011.3062049
2011-09-23,90828.0625958,-0.00192836161721,-0.00201341587934,7.74089949438,0,8.5054262126e-05,0,15481.7989888,0.170108524252,0.291382034126,0.291382034126,0.582764068252,1.35308431126e-16,1.5959455979e-16,0.08,90828.0625958
2011-09-26,91078.8104907,0.00287030973976,0.00276068747637,9.95677780062,0,0.000109622263385,0,19913.5556012,0.21924452677,0.317149281398,0.317149281398,0.634298562795,1.5959455979e-16,1.99493199737e-16,0.08,91078.8104907
2011-09-27,91227.6844865,0.00180497269334,0.00163456236323,15.5207701616,0,0.000170410330108,0,31041.5403232,0.340820660217,0.310503591362,0.310503591362,0.621007182723,8.32667268469e-17,8.32667268469e-17,0.08,91227.6844865
2011-09-28,91078.2627165,-0.00149691965568,-0.00163789940346,12.8612559489,0,0.000140979747774,0,25722.5118977,0.281959495547,0.270632995894,0.270632995894,0.541265991788,6.93889390391e-17,4.85722573274e-17,0.08,91078.2627165
2011-09-29,91105.7772127,0.000451711405524,0.00030209728941,13.6265937735,0,0.000149614116114,0,27253.187547,0.299228232228,0.253476669162,0.253476669162,0.506953338324,2.77555756156e-16,2.08166817117e-16,0.08,91105.7772127
2011-09-30,91062.8501989,-0.000182096784157,-0.000471177736149,26.3369448086,0,0.000289080951992,0,52673.8896172,0.578161903984,0.383670776624,0.383670776624,0.767341553249,2.11636264069e-16,8.32667268469e-17,0.08,91062.8501989
2011-10-03,90829.460038,-0.00238562557744,-0.00256295690746,16.1482963416,0,0.000177331330025,0,32296.5926833,0.35466266005,0.297691301077,0.297691301077,0.595382602153,-4.51028103754e-17,-1.94289029309e-16,0.08,90829.460038
2011-10-04,90708.4101507,-0.00117716592023,-0.00133271613908,14.128542387,0,0.000155550218851,0,28257.084774,0.311100437702,0.35123499717,0.35123499717,0.702469994339,-5.55111512313e-17,-9.71445146547e-17,0.08,90708.4101507
2011-10-05,90793.6437547,0.00113536298072,0.000939643897664,17.7533668604,0,0.000195719083059,0,35506.7337208,0.391438166118,0.279822327925,0.279822327925,0.55964465585,2.77555756156e-17,0,0.08,90793.6437547
2011-10-06,90738.0467083,-0.000416838811246,-0.000612345139121,17.7507318848,0,0.000195506327874,0,35501.4637696,0.391012655748,0.418440401105,0.418440401105,0.836880802211,-5.55111512313e-17,-6.93889390391e-17,0.08,90738.0467083
2011-10-07,90495.3975375,-0.00243219484666,-0.00267417229757,21.9565612427,0,0.000241977450907,0,43913.1224855,0.483954901814,0.33676747604,0.33676747604,0.673534952081,-4.16333634234e-16,-4.00721122951e-16,0.08,90495.3975375
2011-10-10,90499.561911,0.000174804023446,4.60175173311e-05,11.6545860683,0,0.000128786506114,0,23309.1721366,0.257573012229,0.389483284564,0.389483284564,0.778966569129,0,-4.16333634234e-17,0.08,90499.561911
2011-10-11,90521.2746058,0.000387409684725,0.000239920440849,13.3477119574,0,0.000147489243876,0,26695.4239147,0.294978487752,0.278950561591,0.278950561591,0.557901123182,-9.71445146547e-17,-1.70002900646e-16,0.08,90521.2746058
2011-10-12,90779.4794091,0.00300766869626,0.00285242120586,14.05320071,0,0.000155247490396,0,28106.4014199,0.310494980791,0.327368315609,0.327368315609,0.654736631218,2.77555756156e-17,3.46944695195e-17,0.08,90779.4794091
2011-10-13,90361.2344073,-0.00433475126849,-0.00460726371775,24.7385382765,0,0.000272512449262,0,49477.0765531,0.545024898525,0.373256584209,0.373256584209,0.746513168418,-6.93889390391e-17,-4.16333634234e-17,0.08,90361.2344073
2011-10-14,89924.4244208,-0.00448422484429,-0.00483404182416,31.6098941173,0,0.000349816979866,0,63219.7882347,0.699633959733,0.343498494726,0.343498494726,0.686996989453,1.38777878078e-16,1.80411241502e-16,0.08,89924.4244208
2011-10-17,90269.2831313,0.00404548048795,0.00383498379516,18.9287939413,0,0.000210496692787,0,37857.5878827,0.420993385573,0.247281282689,0.247281282689,0.494562565379,-5.55111512313e-17,5.55111512313e-17,0.08,90269.2831313
2011-10-18,90471.4087545,0.00242728121191,0.00223914067063,16.9833117899,0,0.000188140541287,0,33966.6235798,0.376281082573,0.224870212816,0.224870212816,0.449740425631,1.94289029309e-16,3.59087759527e-16,0.08,90471.4087545
2011-10-19,90678.7414412,0.00253929642835,0.00229169291812,22.4010383826,0,0.000247603510225,0,44802.0767652,0.49520702045,0.309789350225,0.309789350225,0.61957870045,6.93889390391e-17,1.17961196366e-16,0.08,90678.7414412
2011-10-20,90702.9502428,0.000490805550528,0.00026697328636,20.2968280086,0,0.000223832264168,0,40593.6560173,0.447664528335,0.266096727497,0.266096727497,0.532193454994,-2.77555756156e-17,1.38777878078e-17,0.08,90702.9502428
2011-10-21,90698.2061555,7.52657621045e-05,-5.23035612968e-05,11.570913993,0,0.000127569323401,0,23141.8279859,0.255138646803,0.281086507743,0.281086507743,0.562173015487,-1.11022302463e-16,-1.38777878078e-16,0.08,90698.2061555
2011-10-24,90946.7365078,0.00289477503633,0.00274019038407,14.0205506592,0,0.000154584652261,0,28041.1013184,0.309169304521,0.332708181275,0.332708181275,0.665416362549,-1.17961196366e-16,-1.87350135405e-16,0.08,90946.7365078
2011-10-25,90828.4212473,-0.00108769496521,-0.00130092914872,19.3929531022,0,0.000213234183511,0,38785.9062044,0.426468367021,0.288616782057,0.288616782057,0.577233564114,-7.6327832943e-17,-1.4224732503e-16,0.08,90828.4212473
2011-10-26,90673.2807642,-0.00145433588438,-0.00170806099066,23.0454508345,0,0.000253725106283,0,46090.9016689,0.507450212565,0.339962008766,0.339962008766,0.679924017532,3.46944695195e-17,-6.93889390391e-17,0.08,90673.2807642
2011-10-27,91073.3821908,0.00471529968927,0.00441256148717,27.4502659969,0,0.000302738202099,0,54900.5319938,0.605476404197,0.28289531174,0.28289531174,0.56579062348,6.93889390391e-18,0,0.08,91073.3821908
2011-10-28,91028.7627921,-0.000206605695927,-0.000489927985537,25.8031191648,0,0.00028332228961,0,51606.2383296,0.566644579219,0.436229532566,0.436229532566,0.872459065132,-6.93889390391e-17,-1.52655665886e-16,0.08,91028.7627921
2011-10-31,91258.3114446,0.00278015347362,0.00252171561402,23.5252786178,0,0.000258437859597,0,47050.5572356,0.516875719195,0.312025616542,0.312025616542,0.624051233084,-9.71445146547e-17,-1.2490009027e-16,0.08,91258.3114446
2011-11-01,91242.7416292,4.09232007485e-05,-0.000170612573262,19.3043975464,0,0.000211535774011,0,38608.7950927,0.423071548022,0.304466432401,0.304466432401,0.608932864802,-1.38777878078e-17,1.38777878078e-17,0.08,91242.7416292
2011-11-02,91247.5071053,0.000213234041713,5.22285496847e-05,14.69058251,0,0.000161005492028,0,29381.16502,0.322010984056,0.286817423802,0.286817423802,0.573634847603,-4.16333634234e-17,-1.38777878078e-17,0.08,91247.5071053
2011-11-03,91076.9833533,-0.0017506709888,-0.001868804501,10.7793884944,0,0.000118133512206,0,21558.7769887,0.236267024412,0.298267899096,0.298267899096,0.596535798192,1.38777878078e-17,-2.77555756156e-17,0.08,91076.9833533
2011-11-04,91287.8442642,0.00253041720791,0.00231519428023,19.6018550013,0,0.000215222927678,0,39203.7100027,0.430445855355,0.410246189324,0.410246189324,0.820492378649,5.55111512313e-17,5.55111512313e-17,0.08,91287.8442642
2011-11-07,91231.0348387,-0.000261536890139,-0.000622310954619,32.9342866128,0,0.00036077406448,0,65868.5732256,0.72154812896,0.308899475651,0.308899475651,0.617798951302,5.55111512313e-17,7.6327832943e-17,0.08,91231.0348387
2011-11-08,91255.7211023,0.000509148833191,0.000270590634178,21.7639113652,0,0.000238558199012,0,43527.8227303,0.477116398025,0.346133179997,0.346133179997,0.692266359994,-1.38777878078e-17,-4.85722573274e-17,0.08,91255.7211023
2011-11-09,91322.2754996,0.000945453836283,0.000729317532378,19.7236742692,0,0.000216136303905,0,39447.3485384,0.43227260781,0.368347356674,0.368347356674,0.736694713349,8.32667268469e-17,4.85722573274e-17,0.08,91322.2754996
2011-11-10,91139.4877054,-0.00174931923303,-0.00200156854622,23.0359812742,0,0.000252249313195,0,46071.9625484,0.504498626391,0.411623684942,0.411623684942,0.823247369884,1.66533453694e-16,1.49186218934e-16,0.08,91139.4877054
2011-11-11,91092.6430862,-0.000276510368061,-0.000513988177723,21.643605914,0,0.000237477809663,0,43287.2118281,0.474955619325,0.295287020902,0.295287020902,0.590574041804,6.93889390391e-18,-9.71445146547e-17,0.08,91092.6430862
2011-11-14,91099.8260902,0.000281970511079,7.8853832173e-05,18.5024351364,0,0.000203116678905,0,37004.8702728,0.406233357811,0.223012526156,0.223012526156,0.446025052311,7.6327832943e-17,5.20417042793e-17,0.08,91099.8260902
2011-11-15,91312.0194164,0.00243403102096,0.00232923964068,9.54647651957,0,0.000104791380283,0,19092.9530391,0.209582760567,0.24711406998,0.24711406998,0.494228139961,6.24500451352e-17,-3.46944695195e-17,0.08,91312.0194164
2011-11-16,91263.3504466,-0.000343611443203,-0.000532996313576,17.2931149607,0,0.000189384870373,0,34586.2299213,0.378769740746,0.225608835586,0.225608835586,0.451217671171,2.08166817117e-17,-5.20417042793e-18,0.08,91263.3504466
2011-11-17,91250.2893508,1.31715929053e-05,-0.000143114358742,14.2631795751,0,0.000156285951648,0,28526.3591502,0.312571903295,0.334355121443,0.334355121443,0.668710242886,1.11022302463e-16,0,0.08,91250.2893508
2011-11-18,91136.3637463,-0.000996441677226,-0.00124849581592,23.000013088,0,0.000252054138695,0,46000.026176,0.504108277391,0.41041591263,0.41041591263,0.820831825259,1.94289029309e-16,2.28983498829e-16,0.08,91136.3637463
2011-11-21,91330.4607047,0.00233755722258,0.00212974218389,18.9395069576,0,0.000207815038686,0,37879.0139153,0.415630077372,0.323215404606,0.323215404606,0.646430809212,1.31838984174e-16,1.80411241502e-16,0.08,91330.4607047
2011-11-22,91317.0546952,2.75680885081e-06,-0.000146785742134,13.6577900764,0,0.000149542550985,0,27315.5801528,0.29908510197,0.260885381523,0.260885381523,0.521770763046,-6.93889390391e-18,4.16333634234e-17,0.08,91317.0546952
2011-11-23,91334.1812554,0.000389976590754,0.000187550510044,18.484953484,0,0.00020242608071,0,36969.9069679,0.404852161421,0.2779046582,0.2779046582,0.555809316399,1.2490009027e-16,1.38777878078e-16,0.08,91334.1812554
2011-11-25,91185.5903695,-0.00138276731921,-0.00162689240594,22.2969649202,0,0.000244125086728,0,44593.9298405,0.488250173457,0.37529929172,0.37529929172,0.750598583441,2.22044604925e-16,2.35922392733e-16,0.08,91185.5903695
2011-11-28,91595.8103549,0.00469938871506,0.00449873695722,18.2965489975,0,0.000200651757842,0,36593.0979951,0.401303515685,0.346778114978,0.346778114978,0.693556229956,5.55111512313e-17,3.81639164715e-17,0.08,91595.8103549
2011-11-29,91674.3515642,0.00110525246278,0.000857476002425,22.6952856735,0,0.00024777646036,0,45390.571347,0.49555292072,0.290194809508,0.290194809508,0.580389619017,7.6327832943e-17,1.2490009027e-16,0.08,91674.3515642
2011-11-30,91440.8019635,-0.00227134058241,-0.00254760024632,25.3259255522,0,0.000276259663909,0,50651.8511043,0.552519327817,0.293781943012,0.293781943012,0.587563886025,-6.24500451352e-17,-2.77555756156e-17,0.08,91440.8019635
2011-12-01,91343.7663874,-0.000742839683705,-0.00106118465735,29.1097196913,0,0.000318344973646,0,58219.4393826,0.636689947293,0.33233656555,0.33233656555,0.664673131101,5.55111512313e-17,-4.16333634234e-17,0.08,91343.7663874
2011-12-02,91634.376941,0.00338795332606,0.00318150394971,18.8578636043,0,0.000206449376351,0,37715.7272085,0.412898752702,0.325406585823,0.325406585823,0.650813171646,1.38777878078e-17,-3.46944695195e-17,0.08,91634.376941
2011-12-05,91764.0871232,0.00167160625828,0.00141551878778,23.4664158019,0,0.000256087470502,0,46932.8316038,0.512174941005,0.396124438468,0.396124438468,0.792248876937,-8.32667268469e-17,-6.24500451352e-17,0.08,91764.0871232
2011-12-06,91681.0078247,-0.00073473113449,-0.000905357433749,15.6573665907,0,0.000170626299259,0,31314.7331814,0.341252598518,0.324467037103,0.324467037103,0.648934074206,8.32667268469e-17,8.67361737988e-17,0.08,91681.0078247
2011-12-07,91872.5126981,0.00231943705412,0.00208881728017,21.1434533003,0,0.000230619773952,0,42286.9066005,0.461239547904,0.327281642074,0.327281642074,0.654563284148,-3.05311331772e-16,-3.05311331772e-16,0.08,91872.5126981
2011-12-08,91962.6288467,0.00128503203945,0.000980882593651,27.9429738217,0,0.000304149445803,0,55885.9476433,0.608298891606,0.419939975901,0.419939975901,0.839879951802,-7.6327832943e-17,-9.36750677027e-17,0.08,91962.6288467
2011-12-09,92242.6309351,0.00330987515746,0.00304473775809,24.382732252,0,0.000265137399374,0,48765.464504,0.530274798748,0.36426296163,0.36426296163,0.728525923259,2.77555756156e-17,6.93889390391e-17,0.08,92242.6309351
2011-12-12,92187.0922697,-0.000328852656439,-0.000602093248791,25.2044311169,0,0.000273240592353,0,50408.8622338,0.546481184706,0.216047697247,0.216047697247,0.432095394494,0,-3.46944695195e-18,0.08,92187.0922697
2011-12-13,92035.2264971,-0.00150916411864,-0.00164736481928,12.7403207413,0,0.000138200700636,0,25480.6414825,0.276401401272,0.241330068177,0.241330068177,0.482660136354,1.38777878078e-16,1.66533453694e-16,0.08,92035.2264971
2011-12-14,91679.6483301,-0.00373957420059,-0.00386350075507,11.4056085098,0,0.000123926554472,0,22811.2170197,0.247853108944,0.213879798704,0.213879798704,0.427759597408,6.93889390391e-17,7.8062556419e-17,0.08,91679.6483301
2011-12-15,91497.3296656,-0.00181908257653,-0.00198864925625,15.5458135651,0,0.000169566679718,0,31091.6271302,0.339133359437,0.351773911395,0.351773911395,0.703547822791,2.49800180541e-16,2.8449465006e-16,0.08,91497.3296656
2011-12-16,91479.247615,-2.09099350493e-05,-0.000197623807137,16.1688474109,0,0.000176713872088,0,32337.6948218,0.353427744175,0.371376583049,0.371376583049,0.742753166098,1.66533453694e-16,1.11022302463e-16,0.08,91479.247615
2011-12-19,91264.3992767,-0.00217538036037,-0.0023486019381,15.8461796013,0,0.000173221577729,0,31692.3592026,0.346443155458,0.377729283489,0.377729283489,0.755458566979,0,-6.59194920871e-17,0.08,91264.3992767
2011-12-20,91269.9935429,0.000187781586553,6.12973537222e-05,11.5435075273,0,0.000126484232831,0,23087.0150545,0.252968465661,0.431553320849,0.431553320849,0.863106641698,1.38777878078e-16,9.71445146547e-17,0.08,91269.9935429
2011-12-21,90154.6164522,-0.0120400836322,-0.0122206329522,16.4787352722,0,0.000180549320018,0,32957.4705444,0.361098640035,0.356769257529,0.356769257529,0.713538515058,1.11022302463e-16,1.2490009027e-16,0.08,90154.6164522
2011-12-22,89996.6715403,-0.0015345767714,-0.00175193371302,19.595731705,0,0.00021735694162,0,39191.46341,0.43471388324,0.206057395488,0.206057395488,0.412114790977,1.45716771982e-16,1.80411241502e-16,0.08,89996.6715403
2011-12-23,90027.7273848,0.000427073103299,0.00034507770095,7.37931329301,0,8.19954023489e-05,0,14758.626586,0.163990804698,0.223818623349,0.223818623349,0.447637246698,-3.46944695195e-17,0,0.08,90027.7273848
2011-12-27,89864.0187796,-0.00173259099504,-0.00181842427882,7.7273754729,0,8.58332837824e-05,0,15454.7509458,0.171666567565,0.181279826575,0.181279826575,0.36255965315,1.04083408559e-17,0,0.08,89864.0187796
2011-12-28,89958.4526356,0.00112919094793,0.00105085280284,7.03978054143,0,7.83381450889e-05,0,14079.5610829,0.156676290178,0.189139633831,0.189139633831,0.378279267663,-5.37764277553e-17,-4.16333634234e-17,0.08,89958.4526356
2011-12-29,89853.5249256,-0.0010916236502,-0.00116640189929,6.72693557837,0,7.47782490838e-05,0,13453.8711567,0.149556498168,0.191822422084,0.191822422084,0.383644844168,-6.93889390391e-18,2.77555756156e-17,0.08,89853.5249256
2011-12-30,89825.6331478,-6.46302938748e-05,-0.000310413840308,22.0845180158,0,0.000245783546434,0,44169.0360315,0.491567092867,0.3390384227,0.3390384227,0.678076845401,-1.38777878078e-17,2.77555756156e-17,0.08,89825.6331478
2012-01-03,89868.2380337,0.00077482929736,0.000474306546599,26.9946463625,0,0.000300522750761,0,53989.2927249,0.601045501523,0.335527057738,0.335527057738,0.671054115475,1.80411241502e-16,2.22044604925e-16,0.08,89868.2380337
2012-01-04,89689.1149968,-0.00159446235483,-0.00199317401617,35.8315144885,0,0.000398711661344,0,71663.028977,0.797423322688,0.287516818632,0.287516818632,0.575033637264,-2.35922392733e-16,-1.94289029309e-16,0.08,89689.1149968
2012-01-05,89648.5641523,-0.000267279159009,-0.00045212670961,16.5788132228,0,0.000184847550601,0,33157.6264455,0.369695101203,0.174650835711,0.174650835711,0.349301671421,-1.28369537222e-16,-1.21430643318e-16,0.08,89648.5641523
2012-01-06,89555.7926988,-0.000932876612222,-0.00103483479517,9.14040470483,0,0.000101958182948,0,18280.8094097,0.203916365895,0.214218139883,0.214218139883,0.428436279766,-1.5959455979e-16,-8.32667268469e-17,0.08,89555.7926988
2012-01-09,89622.6427096,0.000830687902455,0.000746462163704,7.54290279953,0,8.42257387515e-05,0,15085.8055991,0.168451477503,0.194922192143,0.194922192143,0.389844384285,-9.71445146547e-17,-5.55111512313e-17,0.08,89622.6427096
2012-01-10,89673.480406,0.000643941308869,0.000567241658063,6.8740254001,0,7.66996508056e-05,0,13748.0508002,0.153399301611,0.239388528693,0.239388528693,0.478777057386,-1.38777878078e-16,-1.17961196366e-16,0.08,89673.480406
2012-01-11,89724.1737702,0.000712390972181,0.000565310545784,13.1892137346,0,0.000147080426397,0,26378.4274692,0.294160852794,0.308508120344,0.308508120344,0.617016240689,-3.1918911958e-16,-2.35922392733e-16,0.08,89724.1737702
2012-01-12,89580.7859812,-0.00135732462826,-0.00159809539575,21.6029581814,0,0.000240770767494,0,43205.9163627,0.481541534987,0.401762355014,0.401762355014,0.803524710027,1.11022302463e-16,2.35922392733e-16,0.08,89580.7859812
2012-01-13,89519.92256,-0.000471876847252,-0.000679424951713,18.5923223265,0,0.00020754810446,0,37184.6446529,0.41509620892,0.303206612227,0.303206612227,0.606413224454,-1.52655665886e-16,-6.93889390391e-17,0.08,89519.92256
2012-01-17,89555.2031547,0.000531550443017,0.000394108861079,12.3037597716,0,0.000137441581938,0,24607.5195433,0.274883163876,0.246884628157,0.246884628157,0.493769256313,-1.80411241502e-16,-1.66533453694e-16,0.08,89555.2031547
2012-01-18,89495.2621837,-0.000550181448866,-0.000669318687306,10.6693595918,0,0.00011913723844,0,21338.7191836,0.23827447688,0.264283558524,0.264283558524,0.528567117048,-6.93889390391e-18,2.77555756156e-17,0.08,89495.2621837
2012-01-19,89509.3893161,0.000258868010154,0.000157853410778,9.04032805556,0,0.000101014599376,0,18080.6561111,0.202029198753,0.259500985283,0.259500985283,0.519001970566,0,0,0.08,89509.3893161
2012-01-20,89566.5650657,0.000913952839432,0.00063876817901,24.6316109036,0,0.000275184660422,0,49263.2218071,0.550369320845,0.381986555823,0.381986555823,0.763973111647,8.32667268469e-17,5.55111512313e-17,0.08,89566.5650657
2012-01-23,89675.9113095,0.00157968614674,0.00122083774982,32.1408182915,0,0.000358848396921,0,64281.636583,0.717696793841,0.373185611932,0.373185611932,0.746371223863,8.32667268469e-17,2.77555756156e-17,0.08,89675.9113095
2012-01-24,89481.5389135,-0.00192086441623,-0.00216749841901,22.117128959,0,0.000246634002777,0,44234.2579179,0.493268005555,0.433754687965,0.433754687965,0.867509375929,0,-6.93889390391e-18,0.08,89481.5389135
2012-01-25,89277.221715,-0.00206282207111,-0.00228334470896,19.7327050002,0,0.000220522637851,0,39465.4100003,0.441045275702,0.374578644906,0.374578644906,0.749157289812,-2.91433543964e-16,-3.26128013484e-16,0.08,89277.221715
2012-01-26,89047.4984056,-0.00238356250159,-0.00257314581485,16.9254714907,0,0.000189583313252,0,33850.9429814,0.379166626505,0.363181144255,0.363181144255,0.726362288511,1.38777878078e-17,0,0.08,89047.4984056
2012-01-27,89129.1215974,0.00108189167538,0.000916625320881,14.7165554389,0,0.000165266354501,0,29433.1108779,0.330532709002,0.379439815471,0.379439815471,0.758879630943,2.77555756156e-17,9.71445146547e-17,0.08,89129.1215974
2012-01-30,88952.8447544,-0.00170801945285,-0.00197776932928,24.0425695368,0,0.000269749876425,0,48085.1390736,0.53949975285,0.286449264316,0.286449264316,0.572898528633,-6.93889390391e-18,6.93889390391e-17,0.08,88952.8447544
2012-01-31,88771.6814608,-0.00179484568249,-0.00203662169635,21.5066642262,0,0.00024177601386,0,43013.3284524,0.483552027719,0.409560612629,0.409560612629,0.819121225258,1.5959455979e-16,2.77555756156e-16,0.08,88771.6814608
2012-02-01,88855.8091541,0.00121288028847,0.000947686153134,23.5417293074,0,0.000265194135337,0,47083.4586148,0.530388270674,0.279157147366,0.279157147366,0.558314294733,4.16333634234e-17,8.32667268469e-17,0.08,88855.8091541
2012-02-02,88829.4377226,-9.89364008322e-05,-0.000296789053273,17.5803575259,0,0.000197852652441,0,35160.7150518,0.395705304881,0.218331115305,0.218331115305,0.436662230611,1.38777878078e-17,5.55111512313e-17,0.08,88829.4377226
2012-02-03,88992.8791628,0.00197589754787,0.00183994680529,12.0764280216,0,0.000135950742583,0,24152.8560432,0.271901485165,0.20221181608,0.20221181608,0.404423632161,7.97972798949e-17,9.02056207508e-17,0.08,88992.8791628
2012-02-06,89091.43179,0.00127177640194,0.00110742149409,14.6264164543,0,0.000164354907852,0,29252.8329086,0.328709815704,0.249628729749,0.249628729749,0.499257459499,3.81639164715e-17,4.16333634234e-17,0.08,89091.43179
2012-02-07,89184.925301,0.00130664888739,0.0010494108031,22.9177092403,0,0.00025723808429,0,45835.4184806,0.51447616858,0.377238336602,0.377238336602,0.754476673204,-6.93889390391e-17,-6.93889390391e-17,0.08,89184.925301
2012-02-08,88973.3593098,-0.002147038136,-0.00237221694693,20.082555432,0,0.000225178810929,0,40165.1108641,0.450357621857,0.24655582063,0.24655582063,0.49311164126,-5.55111512313e-17,-1.04083408559e-17,0.08,88973.3593098
2012-02-09,89059.5500367,0.00110931739429,0.000968725105955,12.5089681862,0,0.000140592288335,0,25017.9363724,0.28118457667,0.305309370756,0.305309370756,0.610618741512,-2.77555756156e-17,2.08166817117e-17,0.08,89059.5500367
2012-02-10,88975.1135258,-0.000700163071235,-0.000948090472917,22.0803028356,0,0.000247927401682,0,44160.6056712,0.495854803364,0.374582126137,0.374582126137,0.749164252274,-2.22044604925e-16,-1.21430643318e-16,0.08,88975.1135258
2012-02-13,88692.452969,-0.00299389944442,-0.0031768496339,16.2780138788,0,0.000182950189483,0,32556.0277576,0.365900378965,0.301530843575,0.301530843575,0.603061687151,1.2490009027e-16,2.28983498829e-16,0.08,88692.452969
2012-02-14,88453.0421746,-0.002574046815,-0.00269933671119,11.1122682252,0,0.000125289896189,0,22224.5364505,0.250579792378,0.343224675318,0.343224675318,0.686449350637,3.46944695195e-17,1.38777878078e-16,0.08,88453.0421746
2012-02-15,88595.0771453,0.00168427646745,0.00160576693757,6.94440675742,0,7.85095298781e-05,0,13888.8135148,0.157019059756,0.317357980962,0.317357980962,0.634715961924,-2.08166817117e-17,8.32667268469e-17,0.08,88595.0771453
2012-02-16,88591.735244,0.000113575581618,-3.77210716515e-05,13.4041386682,0,0.000151296653269,0,26808.2773364,0.302593306538,0.234332479849,0.234332479849,0.468664959697,2.08166817117e-17,8.32667268469e-17,0.08,88591.735244
2012-02-17,88537.250541,-0.000426836184763,-0.000615008871125,16.6705448103,0,0.000188172686362,0,33341.0896207,0.376345372724,0.288938660785,0.288938660785,0.57787732157,0,0,0.08,88537.250541
2012-02-21,88389.4903658,-0.00151187384194,-0.00166890404101,13.9030220773,0,0.000157030199067,0,27806.0441546,0.314060398134,0.260870917406,0.260870917406,0.521741834812,0,0,0.08,88389.4903658
2012-02-22,88363.7490328,-7.91300280963e-05,-0.000291226172368,18.7470701007,0,0.000212096144272,0,37494.1402014,0.424192288543,0.307944099957,0.307944099957,0.615888199915,-1.38777878078e-17,0,0.08,88363.7490328
2012-02-23,88300.0532944,-0.000561691758998,-0.00072083562674,14.0625487892,0,0.000159143867741,0,28125.0975784,0.318287735483,0.184782745451,0.184782745451,0.369565490903,-2.08166817117e-17,-3.46944695195e-18,0.08,88300.0532944
2012-02-24,88223.7147422,-0.000773749168005,-0.00086453574273,8.01645938668,0,9.07865747255e-05,0,16032.9187734,0.181573149451,0.189724784192,0.189724784192,0.379449568384,0,1.38777878078e-17,0.08,88223.7147422
2012-02-27,88195.6828465,-0.000202554802551,-0.00031773651621,10.1617586494,0,0.000115181713659,0,20323.5172987,0.230363427317,0.223839707651,0.223839707651,0.447679415303,0,2.08166817117e-17,0.08,88195.6828465
2012-02-28,88187.9212101,-3.4858845469e-06,-8.80047197039e-05,7.45419638007,0,8.45188351571e-05,0,14908.3927601,0.169037670314,0.194492726409,0.194492726409,0.388985452818,0,2.77555756156e-17,0.08,88187.9212101
2012-02-29,88143.6046181,-0.000316671740061,-0.000502524511167,16.389969535,0,0.000185852771106,0,32779.9390699,0.371705542211,0.197847221607,0.197847221607,0.395694443214,4.16333634234e-17,4.16333634234e-17,0.08,88143.6046181
2012-03-01,88029.3716596,-0.00109852349371,-0.00129598691878,17.405138066,0,0.000197463425071,0,34810.2761319,0.394926850141,0.268733296388,0.268733296388,0.537466592776,2.49800180541e-16,3.1918911958e-16,0.08,88029.3716596
2012-03-02,87966.6961696,-0.000532668057069,-0.000711983838869,15.7850556005,0,0.0001793157818,0,31570.111201,0.3586315636,0.293752512943,0.293752512943,0.587505025886,-2.77555756156e-17,0,0.08,87966.6961696
2012-03-05,88113.595005,0.0018551668807,0.00166993694003,16.2940659125,0,0.000185229940671,0,32588.131825,0.370459881341,0.221226483872,0.221226483872,0.442452967744,-4.85722573274e-17,-2.77555756156e-17,0.08,88113.595005
2012-03-06,88067.1875624,-0.000367638483771,-0.000526677439569,14.0134941412,0,0.000159038955798,0,28026.9882824,0.318077911596,0.233701436977,0.233701436977,0.467402873955,0,4.16333634234e-17,0.08,88067.1875624
2012-03-07,87911.7036444,-0.00151133786016,-0.00176551474295,22.3846432108,0,0.000254176882791,0,44769.2864215,0.508353765582,0.337050297895,0.337050297895,0.674100595789,1.31838984174e-16,6.93889390391e-17,0.08,87911.7036444
2012-03-08,88091.5069928,0.00229540511383,0.00204527202835,21.9896256827,0,0.000250133085484,0,43979.2513654,0.500266170968,0.451967840144,0.451967840144,0.903935680288,7.6327832943e-17,0,0.08,88091.5069928
2012-03-09,87892.8991624,-0.00185099399438,-0.00225456275147,35.5509799869,0,0.000403568757086,0,71101.9599738,0.807137514172,0.291239309924,0.291239309924,0.582478619847,1.5959455979e-16,1.2490009027e-16,0.08,87892.8991624
2012-03-12,88003.4527988,0.00134744216228,0.00125782216085,7.87696174861,0,8.96200014298e-05,0,15753.9234972,0.17924000286,0.263651929819,0.263651929819,0.527303859637,1.5959455979e-16,1.80411241502e-16,0.08,88003.4527988
2012-03-13,87743.6429115,-0.00279585008666,-0.0029522692467,13.7654261673,0,0.000156419160039,0,27530.8523346,0.312838320077,0.28274596987,0.28274596987,0.565491939741,1.00613961607e-16,9.02056207508e-17,0.08,87743.6429115
2012-03-14,87441.3660724,-0.00327850597114,-0.00344499987738,14.6087818562,0,0.000166493906241,0,29217.5637124,0.332987812483,0.307400527174,0.307400527174,0.614801054349,-6.93889390391e-17,-4.16333634234e-17,0.08,87441.3660724
2012-03-15,87345.8874551,-0.000939963674048,-0.00109191589308,13.2869096103,0,0.000151952219037,0,26573.8192206,0.303904438073,0.372258143847,0.372258143847,0.744516287693,2.77555756156e-17,1.11022302463e-16,0.08,87345.8874551
2012-03-16,87489.1906588,0.00180491872278,0.00164064053727,14.349023903,0,0.000164278185512,0,28698.0478061,0.328556371023,0.344196083757,0.344196083757,0.688392167514,0,5.55111512313e-17,0.08,87489.1906588
2012-03-19,87539.116684,0.000754468626611,0.000570653641401,16.081824287,0,0.00018381498521,0,32163.6485739,0.367629970419,0.38905747679,0.38905747679,0.77811495358,-1.66533453694e-16,-5.55111512313e-17,0.08,87539.116684
2012-03-20,87045.1778127,-0.00537078943768,-0.00564249320837,23.7847080862,0,0.000271703770693,0,47569.4161724,0.543407541386,0.446884638716,0.446884638716,0.893769277433,-7.21644966006e-16,-4.99600361081e-16,0.08,87045.1778127
2012-03-21,86822.4413748,-0.00225410053303,-0.00255886016339,26.5278562142,0,0.000304759630353,0,53055.7124284,0.609519260706,0.45081973196,0.45081973196,0.901639463921,-8.32667268469e-17,-2.77555756156e-17,0.08,86822.4413748
2012-03-22,86590.5143071,-0.00244968405161,-0.00267128018966,19.2395177047,0,0.00022159613805,0,38479.0354095,0.4431922761,0.354342992939,0.354342992939,0.708685985877,2.77555756156e-17,2.22044604925e-16,0.08,86590.5143071
2012-03-23,86601.9821026,0.000305572668604,0.000132437087856,14.9918989818,0,0.000173135580748,0,29983.7979636,0.346271161495,0.354725965072,0.354725965072,0.709451930144,8.32667268469e-17,7.6327832943e-17,0.08,86601.9821026
2012-03-26,86653.9848754,0.000720112427021,0.000600480168436,10.3603907168,0,0.000119632258585,0,20720.7814337,0.239264517169,0.342276933343,0.342276933343,0.684553866687,0,-1.38777878078e-17,0.08,86653.9848754
2012-03-27,86509.7660556,-0.0015016260377,-0.0016643068409,14.09693986,0,0.0001626808032,0,28193.87972,0.325361606399,0.30617150743,0.30617150743,0.612343014859,1.38777878078e-16,1.38777878078e-16,0.08,86509.7660556
2012-03-28,86353.1713631,-0.00169640982138,-0.00181013889713,9.83867573688,0,0.00011372907575,0,19677.3514738,0.227458151501,0.269995589464,0.269995589464,0.539991178928,1.66533453694e-16,1.35308431126e-16,0.08,86353.1713631
2012-03-29,86441.5007635,0.00117956219605,0.00102288542479,13.5295360767,0,0.000156676771254,0,27059.0721534,0.313353542508,0.304383791083,0.304383791083,0.608767582167,1.38777878078e-16,8.32667268469e-17,0.08,86441.5007635
2012-03-30,86441.7618742,0.000237094927481,3.02066441527e-06,20.2337305895,0,0.000234074263066,0,40467.4611791,0.468148526132,0.314721285097,0.314721285097,0.629442570194,1.38777878078e-16,1.38777878078e-16,0.08,86441.7618742
2012-04-02,86429.1840114,-2.53349589807e-05,-0.000145506785312,10.3878643957,0,0.000120171826332,0,20775.7287915,0.240343652663,0.338701117539,0.338701117539,0.677402235077,2.77555756156e-16,1.94289029309e-16,0.08,86429.1840114
2012-04-03,86389.5905377,-0.000288182454357,-0.00045810306013,14.6860993037,0,0.000169920605773,0,29372.1986074,0.339841211546,0.307568577692,0.307568577692,0.615137155384,1.11022302463e-16,1.04083408559e-16,0.08,86389.5905377
2012-04-04,86406.6460078,0.000439288691755,0.000197425060409,20.8945000779,0,0.000241863631346,0,41789.0001558,0.483727262691,0.329441562484,0.329441562484,0.658883124969,5.55111512313e-17,9.71445146547e-17,0.08,86406.6460078
2012-04-05,86290.7729284,-0.00107513497284,-0.00134102045148,22.9742724307,0,0.000265885478632,0,45948.5448615,0.531770957263,0.246693439658,0.246693439658,0.493386879317,4.16333634234e-17,-6.93889390391e-18,0.08,86290.7729284
2012-04-09,86298.6694512,0.000314702977338,9.15106282702e-05,19.2594403128,0,0.000223192349068,0,38518.8806256,0.446384698136,0.282109995621,0.282109995621,0.564219991242,1.38777878078e-16,2.28983498829e-16,0.08,86298.6694512
2012-04-10,86251.8027393,-0.000373918562806,-0.000543075718956,14.5980375039,0,0.00016915715615,0,29196.0750077,0.338314312299,0.360535628485,0.360535628485,0.721071256969,-5.55111512313e-17,2.08166817117e-17,0.08,86251.8027393
2012-04-11,85961.8152892,-0.00319889771127,-0.003362103062,14.0767557166,0,0.000163205350724,0,28153.5114333,0.326410701448,0.269047697276,0.269047697276,0.538095394552,6.24500451352e-17,8.67361737988e-17,0.08,85961.8152892
2012-04-12,85976.4866584,0.000293869329887,0.000170673097448,10.5901717772,0,0.000123196232439,0,21180.3435545,0.246392464878,0.251702459861,0.251702459861,0.503404919721,4.16333634234e-17,4.72712147204e-17,0.08,85976.4866584
2012-04-13,85815.2179167,-0.00177128810246,-0.00187573077256,8.97961383196,0,0.000104442670095,0,17959.2276639,0.208885340189,0.250470521444,0.250470521444,0.500941042887,-1.2490009027e-16,-5.55111512313e-17,0.08,85815.2179167
2012-04-16,86193.4922149,0.00449761630377,0.00440800952767,7.68962501796,0,8.96067761014e-05,0,15379.2500359,0.179213552203,0.188353557441,0.188353557441,0.376707114882,-1.38777878078e-17,-4.16333634234e-17,0.08,86193.4922149
2012-04-17,86329.5177657,0.00177610710633,0.00157814177551,17.0633232002,0,0.000197965330812,0,34126.6464003,0.395930661624,0.31569583275,0.31569583275,0.631391665499,6.93889390391e-18,-8.32667268469e-17,0.08,86329.5177657
2012-04-18,85951.1060372,-0.00413473219347,-0.00438334116012,21.4622922031,0,0.000248608966649,0,42924.5844061,0.497217933299,0.324058836081,0.324058836081,0.648117672162,0,-4.16333634234e-17,0.08,85951.1060372
2012-04-19,85818.8203769,-0.0013597373524,-0.00153908037182,15.4147308798,0,0.000179343019427,0,30829.4617597,0.358686038855,0.313629232535,0.313629232535,0.62725846507,1.38777878078e-17,5.55111512313e-17,0.08,85818.8203769
2012-04-20,85720.9023505,-0.00103679086922,-0.00114098546199,8.94185704105,0,0.000104194592769,0,17883.7140821,0.208389185537,0.286992507487,0.286992507487,0.573985014975,1.66533453694e-16,1.11022302463e-16,0.08,85720.9023505
2012-04-23,85779.7944784,0.000908736624933,0.000687021790685,19.0055956562,0,0.000221714834248,0,38011.1913124,0.443429668495,0.387474266532,0.387474266532,0.774948533064,1.66533453694e-16,2.77555756156e-17,0.08,85779.7944784
2012-04-24,85608.8691635,-0.00179642349287,-0.0019926057864,16.8284768198,0,0.000196182293536,0,33656.9536396,0.392364587072,0.293785338766,0.293785338766,0.587570677532,-2.08166817117e-17,-2.77555756156e-17,0.08,85608.8691635
2012-04-25,85435.1949963,-0.00187982424285,-0.00202869362621,12.7445395624,0,0.000148869383358,0,25489.0791248,0.297738766717,0.301007563582,0.301007563582,0.602015127164,-1.17961196366e-16,-6.93889390391e-17,0.08,85435.1949963
2012-04-26,85698.15011,0.00328249362744,0.00307783125781,17.4853694574,0,0.000204662369626,0,34970.7389148,0.409324739252,0.310628182251,0.310628182251,0.621256364502,-1.38777878078e-17,-2.77555756156e-17,0.08,85698.15011
2012-04-27,85703.9542881,0.000250391172092,6.77281615928e-05,15.6538820933,0,0.0001826630105,0,31307.7641867,0.365326020999,0.318311628432,0.318311628432,0.636623256863,2.42861286637e-17,-6.93889390391e-18,0.08,85703.9542881
2012-04-30,85535.671447,-0.00175821702868,-0.0019635364848,17.5966892819,0,0.000205319456122,0,35193.3785639,0.410638912244,0.292849153067,0.292849153067,0.585698306134,-1.38777878078e-17,1.38777878078e-17,0.08,85535.671447
2012-05-01,85624.1448684,0.00121319334843,0.00103434531877,15.2978863038,0,0.000178848029659,0,30595.7726076,0.357696059317,0.363352032634,0.363352032634,0.726704065267,1.38777878078e-17,1.04083408559e-17,0.08,85624.1448684
2012-05-02,85425.4314488,-0.0021378697206,-0.00232076384354,15.660152878,0,0.000182894122938,0,31320.3057561,0.365788245877,0.359577713779,0.359577713779,0.719155427558,1.52655665886e-16,1.2490009027e-16,0.08,85425.4314488
2012-05-03,85225.0062737,-0.00218616292489,-0.00234620032552,13.6712639965,0,0.000160037400627,0,27342.5279931,0.320074801255,0.382836941467,0.382836941467,0.765673882934,8.32667268469e-17,2.77555756156e-17,0.08,85225.0062737
2012-05-04,85100.6590956,-0.00126219558982,-0.00145904569071,16.7765510833,0,0.000196850100889,0,33553.1021665,0.393700201778,0.335302444359,0.335302444359,0.670604888719,1.11022302463e-16,8.32667268469e-17,0.08,85100.6590956
2012-05-07,85220.4936329,0.00157143803971,0.00140815051882,13.8958756495,0,0.000163287520886,0,27791.7512989,0.326575041772,0.281158150661,0.281158150661,0.562316301321,-2.77555756156e-17,-5.55111512313e-17,0.08,85220.4936329
2012-05-08,85242.8809434,0.000508359819864,0.000262698672771,20.9353642217,0,0.000245661147093,0,41870.7284434,0.491322294186,0.338256903769,0.338256903769,0.676513807539,5.55111512313e-17,1.66533453694e-16,0.08,85242.8809434
2012-05-09,85317.0155811,0.00108343390289,0.000869687143466,18.2203895656,0,0.000213746759424,0,36440.7791313,0.427493518848,0.397652470994,0.397652470994,0.795304941987,-5.55111512313e-17,2.77555756156e-17,0.08,85317.0155811
2012-05-10,85241.2104484,-0.000640621962301,-0.000888511303005,21.1491787432,0,0.000247889340704,0,42298.3574864,0.495778681408,0.372069748178,0.372069748178,0.744139496355,1.38777878078e-17,2.77555756156e-17,0.08,85241.2104484
2012-05-11,85155.2842372,-0.000848834455654,-0.00100803602791,13.5705347246,0,0.000159201572258,0,27141.0694491,0.318403144516,0.275442212943,0.275442212943,0.550884425885,-1.38777878078e-17,-1.82145964978e-17,0.08,85155.2842372
2012-05-14,85152.478097,0.000149462944948,-3.29532128093e-05,15.5336997633,0,0.000182416157758,0,31067.3995266,0.364832315515,0.375082764378,0.375082764378,0.750165528756,6.93889390391e-17,2.77555756156e-17,0.08,85152.478097
2012-05-15,85238.0144289,0.00116036653887,0.00100450784108,13.2717543491,0,0.000155858697782,0,26543.5086981,0.311717395563,0.314747209377,0.314747209377,0.629494418753,3.88578058619e-16,3.33066907388e-16,0.08,85238.0144289
2012-05-16,85153.1446919,-0.000795129144496,-0.000995679422649,17.0945075029,0,0.000200550278153,0,34189.0150058,0.401100556305,0.30733907655,0.30733907655,0.614678153101,3.40005801291e-16,3.05311331772e-16,0.08,85153.1446919
2012-05-17,84945.9141167,-0.00228341814582,-0.00243362210485,12.7903394565,0,0.000150203959029,0,25580.6789131,0.300407918059,0.243216189003,0.243216189003,0.486432378005,1.94289029309e-16,1.94289029309e-16,0.08,84945.9141167
2012-05-18,84924.3954139,-5.32825830488e-05,-0.000253322399633,16.9925650795,0,0.000200039816585,0,33985.130159,0.400079633169,0.283221605192,0.283221605192,0.566443210385,1.38777878078e-16,2.63677968348e-16,0.08,84924.3954139
2012-05-21,84805.0591339,-0.00122325515454,-0.00140520611741,15.4520755171,0,0.000181950962875,0,30904.1510343,0.36390192575,0.267941562567,0.267941562567,0.535883125135,-6.93889390391e-18,-4.16333634234e-17,0.08,84805.0591339
2012-05-22,84709.7564286,-0.000947479436077,-0.00112378561262,14.951655727,0,0.000176306176538,0,29903.3114539,0.352612353076,0.311821418288,0.311821418288,0.623642836576,2.77555756156e-17,5.55111512313e-17,0.08,84709.7564286
2012-05-23,84604.5156567,-0.00110732593892,-0.0012423689592,11.4394613556,0,0.000135043020284,0,22878.9227112,0.270086040567,0.220207297777,0.220207297777,0.440414595555,0,6.93889390391e-18,0.08,84604.5156567
2012-05-24,84683.2791441,0.00108735862747,0.000930960798095,13.2319626036,0,0.00015639782937,0,26463.9252072,0.312795658739,0.267144606336,0.267144606336,0.534289212671,0,4.16333634234e-17,0.08,84683.2791441
2012-05-25,84575.4850787,-0.0010424380759,-0.001272908495,19.5169908344,0,0.000230470419092,0,39033.9816688,0.460940838184,0.302358330459,0.302358330459,0.604716660919,5.55111512313e-17,1.19695919842e-16,0.08,84575.4850787
2012-05-29,84440.6982387,-0.00141283538295,-0.0015936868685,15.295602117,0,0.000180851485543,0,30591.204234,0.361702971086,0.313999723459,0.313999723459,0.627999446918,0,2.08166817117e-17,0.08,84440.6982387
2012-05-30,84313.9458528,-0.00127061213303,-0.00150108168914,19.4610102413,0,0.000230469556117,0,38922.0204825,0.460939112233,0.380859182147,0.380859182147,0.761718364295,0,1.38777878078e-17,0.08,84313.9458528
2012-05-31,84083.1883991,-0.00254536811516,-0.00273688357712,16.1474242893,0,0.000191515461956,0,32294.8485787,0.383030923912,0.318896096889,0.318896096889,0.637792193777,7.4593109467e-17,6.93889390391e-17,0.08,84083.1883991
2012-06-01,84265.869819,0.00233652675913,0.00217262717346,13.7811997401,0,0.000163899585667,0,27562.3994803,0.327799171333,0.196614901615,0.196614901615,0.393229803229,4.85722573274e-17,1.04083408559e-16,0.08,84265.869819
2012-06-04,84180.5985491,-0.000877453454304,-0.00101193128443,11.3318913273,0,0.000134477830131,0,22663.7826547,0.268955660262,0.241162562771,0.241162562771,0.482325125541,1.73472347598e-17,5.55111512313e-17,0.08,84180.5985491
2012-06-05,84085.4223488,-0.0010184181155,-0.00113061919186,9.44515376564,0,0.000112201076358,0,18890.3075313,0.224402152715,0.244973327564,0.244973327564,0.489946655128,2.08166817117e-17,5.55111512313e-17,0.08,84085.4223488
2012-06-06,84067.6324072,-7.42027926571e-05,-0.000211569867354,11.5505684927,0,0.000137367074697,0,23101.1369854,0.274734149393,0.278685717439,0.278685717439,0.557371434879,-3.46944695195e-18,-1.38777878078e-17,0.08,84067.6324072
2012-06-07,84150.1805379,0.00125660056181,0.000981925246983,23.0913033979,0,0.000274675314824,0,46182.6067959,0.549350629648,0.383970605068,0.383970605068,0.767941210135,-2.77555756156e-17,-5.55111512313e-17,0.08,84150.1805379
2012-06-08,84234.1622306,0.00121314744274,0.000997997772784,18.1048835692,0,0.000215149669953,0,36209.7671384,0.430299339905,0.328768567947,0.328768567947,0.657537135894,2.77555756156e-17,-1.38777878078e-17,0.08,84234.1622306
2012-06-11,84167.7317897,-0.000585498675844,-0.000788640133274,17.1114504809,0,0.00020314145743,0,34222.9009618,0.40628291486,0.149416618255,0.149416618255,0.298833236509,5.55111512313e-17,4.85722573274e-17,0.08,84167.7317897
2012-06-12,84075.2808323,-0.000924065111501,-0.00109841331608,14.6744929214,0,0.000174348204583,0,29348.9858428,0.348696409167,0.254458266839,0.254458266839,0.508916533678,-5.55111512313e-17,-5.89805981832e-17,0.08,84075.2808323
2012-06-13,84247.6425732,0.00219334458087,0.00205008819714,12.0443206933,0,0.000143256383732,0,24088.6413865,0.286512767463,0.250801972882,0.250801972882,0.501603945765,-2.77555756156e-17,-6.24500451352e-17,0.08,84247.6425732
2012-06-14,84120.7944737,-0.00114122125522,-0.00150565755506,30.7028991299,0,0.000364436299843,0,61405.7982597,0.728872599686,0.298487820965,0.298487820965,0.59697564193,6.93889390391e-17,5.55111512313e-17,0.08,84120.7944737
2012-06-15,84270.6345102,0.00197393804914,0.00178124847089,16.2092004095,0,0.000192689578253,0,32418.400819,0.385379156507,0.237437624758,0.237437624758,0.474875249516,8.32667268469e-17,9.71445146547e-17,0.08,84270.6345102
2012-06-18,84291.7531036,0.000493276209083,0.000250604419108,20.4501057189,0,0.000242671789975,0,40900.2114379,0.485343579951,0.220547753964,0.220547753964,0.441095507929,2.77555756156e-17,5.55111512313e-17,0.08,84291.7531036
2012-06-19,84323.3581294,0.000497992925725,0.000374948017579,10.3716710182,0,0.000123044908147,0,20743.3420364,0.246089816294,0.150918846793,0.150918846793,0.301837693585,-2.08166817117e-17,-3.46944695195e-17,0.08,84323.3581294
2012-06-20,84295.1388428,-0.000245721113878,-0.00033465563075,7.49925711634,0,8.8934516873e-05,0,14998.5142327,0.177869033746,0.161656338055,0.161656338055,0.323312676111,0,-3.46944695195e-18,0.08,84295.1388428
2012-06-21,84231.5297571,-0.000549145310458,-0.000754599690296,17.3188054743,0,0.000205454379838,0,34637.6109486,0.410908759676,0.272614138691,0.272614138691,0.545228277382,0,-6.24500451352e-17,0.08,84231.5297571
2012-06-22,84162.1362884,-0.000543081958364,-0.00082384196177,23.6488445815,0,0.000280760003406,0,47297.6891629,0.561520006812,0.435064987199,0.435064987199,0.870129974398,0,-6.93889390391e-17,0.08,84162.1362884
2012-06-25,84287.8335504,0.0016842853456,0.00149351320623,16.0557907939,0,0.000190772139372,0,32111.5815878,0.381544278745,0.382883025691,0.382883025691,0.765766051382,-2.77555756156e-17,3.46944695195e-17,0.08,84287.8335504
2012-06-26,84257.640401,-0.000206805635575,-0.000358214799164,12.7619503786,0,0.000151409163589,0,25523.9007572,0.302818327179,0.304945595086,0.304945595086,0.609891190172,5.55111512313e-17,4.16333634234e-17,0.08,84257.640401
2012-06-27,84338.0561875,0.0011101369758,0.00095440349529,13.1217355994,0,0.000155733480512,0,26243.4711988,0.311466961024,0.237758891757,0.237758891757,0.475517783514,2.77555756156e-17,4.16333634234e-17,0.08,84338.0561875
2012-06-28,84552.4790771,0.00274841186986,0.00254242152733,17.3728250823,0,0.000205990342528,0,34745.6501645,0.411980685057,0.290945625857,0.290945625857,0.581891251714,1.94289029309e-16,1.38777878078e-16,0.08,84552.4790771
2012-06-29,84581.1944735,0.000622473497326,0.000339616256224,23.9162809601,0,0.000282857241102,0,47832.5619202,0.565714482204,0.370583551193,0.370583551193,0.741167102386,1.04083408559e-16,1.17961196366e-16,0.08,84581.1944735
2012-07-02,84509.1245444,-0.000610753268803,-0.000852079822601,20.4116881784,0,0.000241326553798,0,40823.3763569,0.482653107596,0.381409830773,0.381409830773,0.762819661545,2.77555756156e-17,0,0.08,84509.1245444
2012-07-03,84098.7560956,-0.0047227676423,-0.00485590699184,11.2514898723,0,0.000133139349543,0,22502.9797445,0.266278699086,0.32344306249,0.32344306249,0.64688612498,-2.08166817117e-17,-2.08166817117e-17,0.08,84098.7560956
2012-07-05,84365.7962712,0.00331232697602,0.00317531659249,11.5224028266,0,0.000137010383525,0,23044.8056533,0.27402076705,0.345424096771,0.345424096771,0.690848193542,-1.38777878078e-17,-3.46944695195e-18,0.08,84365.7962712
2012-07-06,84464.5118643,0.00135030296382,0.00117009021911,15.2037917052,0,0.000180212744705,0,30407.5834104,0.360425489409,0.334905330029,0.334905330029,0.669810660059,-2.77555756156e-17,6.93889390391e-18,0.08,84464.5118643
2012-07-09,84426.164494,-0.000304889911162,-0.000454005705202,12.5949927549,0,0.000149115794041,0,25189.9855098,0.298231588081,0.293347270312,0.293347270312,0.586694540624,2.77555756156e-17,4.16333634234e-17,0.08,84426.164494
2012-07-10,84446.0527879,0.000579653298163,0.000235570263927,29.049610848,0,0.000344083034236,0,58099.2216961,0.688166068473,0.444446215087,0.444446215087,0.888892430174,1.38777878078e-17,9.71445146547e-17,0.08,84446.0527879
2012-07-11,84555.0257715,0.00153432059787,0.00129044496538,20.5943345349,0,0.00024387563249,0,41188.6690698,0.48775126498,0.281676996927,0.281676996927,0.563353993854,1.28369537222e-16,1.63064006742e-16,0.08,84555.0257715
2012-07-12,84386.9706645,-0.00178612990328,-0.0019875235747,17.0288470773,0,0.000201393671422,0,34057.6941547,0.402787342845,0.287431785054,0.287431785054,0.574863570108,9.02056207508e-17,6.93889390391e-17,0.08,84386.9706645
2012-07-13,84255.3891188,-0.00136650757005,-0.00155926376546,16.2661114074,0,0.000192756195409,0,32532.2228147,0.385512390818,0.271502023389,0.271502023389,0.543004046778,1.94289029309e-16,1.97758476261e-16,0.08,84255.3891188
2012-07-16,84298.177943,0.000616570060898,0.000507846733477,9.16052625814,0,0.000108723327421,0,18321.0525163,0.217446654842,0.289875715799,0.289875715799,0.579751431598,1.80411241502e-16,1.17961196366e-16,0.08,84298.177943
2012-07-17,84220.4450035,-0.000755309211717,-0.000922118856731,14.061749138,0,0.000166809645014,0,28123.498276,0.333619290028,0.289121271575,0.289121271575,0.578242543151,5.55111512313e-17,7.6327832943e-17,0.08,84220.4450035
2012-07-18,84462.0420631,0.0030392028304,0.00286862720321,14.3659552282,0,0.000170575627184,0,28731.9104564,0.341151254368,0.330889392037,0.330889392037,0.661778784073,4.16333634234e-17,3.16587034366e-17,0.08,84462.0420631
2012-07-19,84578.1885417,0.00159683943618,0.00137513225803,18.7258410067,0,0.000221707178151,0,37451.6820134,0.443414356303,0.354735506315,0.354735506315,0.709471012629,4.16333634234e-17,5.89805981832e-17,0.08,84578.1885417
2012-07-20,84581.1539448,0.00034565746472,3.50610857198e-05,26.2696791034,0,0.000310596379,0,52539.3582069,0.621192758,0.439827749339,0.439827749339,0.879655498677,2.08166817117e-16,2.08166817117e-16,0.08,84581.1539448
2012-07-23,84886.2179063,0.00384698361803,0.00360676045752,20.3183521199,0,0.000240223160506,0,40636.7042397,0.480446321011,0.467708951164,0.467708951164,0.935417902327,3.88578058619e-16,3.88578058619e-16,0.08,84886.2179063
2012-07-24,85198.0648171,0.003934854145,0.00367370485459,22.1679755719,0,0.000261149290411,0,44335.9511438,0.522298580822,0.336828682581,0.336828682581,0.673657365162,1.94289029309e-16,1.66533453694e-16,0.08,85198.0648171
2012-07-25,85287.1418127,0.00125145211413,0.00104552839073,17.5443027338,0,0.000205923723402,0,35088.6054676,0.411847446804,0.222265084173,0.222265084173,0.444530168346,-2.77555756156e-17,-1.38777878078e-17,0.08,85287.1418127
2012-07-26,85174.7358555,-0.00109236040814,-0.00131797073796,19.2416601936,0,0.000225610329818,0,38483.3203872,0.451220659636,0.345212251923,0.345212251923,0.690424503845,4.16333634234e-17,1.38777878078e-17,0.08,85174.7358555
2012-07-27,84996.740593,-0.00190660615526,-0.00208976594648,15.6005868363,0,0.000183159791218,0,31201.1736727,0.366319582436,0.367769621098,0.367769621098,0.735539242195,2.08166817117e-17,-5.55111512313e-17,0.08,84996.740593
2012-07-30,85044.8173416,0.000758979549046,0.000565630496499,16.4340392632,0,0.000193349052547,0,32868.0785264,0.386698105093,0.38222379082,0.38222379082,0.76444758164,-1.38777878078e-17,-4.16333634234e-17,0.08,85044.8173416
2012-07-31,84995.466366,-0.000415198120854,-0.000580293746139,14.0405272962,0,0.000165095625285,0,28081.0545924,0.330191250569,0.307528036353,0.307528036353,0.615056072707,2.35922392733e-16,1.5959455979e-16,0.08,84995.466366
2012-08-01,84961.3425881,-0.000209626728198,-0.000401477623512,16.30645632,0,0.000191850895314,0,32612.9126399,0.383701790629,0.27257361651,0.27257361651,0.545147233021,1.66533453694e-16,1.5959455979e-16,0.08,84961.3425881
2012-08-02,85113.4044839,0.00197840257475,0.00178977745772,16.0258431889,0,0.000188625117032,0,32051.6863777,0.377250234063,0.198471461827,0.198471461827,0.396942923653,1.17961196366e-16,1.45716771982e-16,0.08,85113.4044839
2012-08-03,85075.1303928,-0.000284683403584,-0.000449683469774,14.0437173735,0,0.00016500006619,0,28087.434747,0.33000013238,0.177326310897,0.177326310897,0.354652621794,-2.77555756156e-17,1.38777878078e-17,0.08,85075.1303928
2012-08-06,84887.9313006,-0.00195411326609,-0.00220039735816,20.9526512467,0,0.000246284092073,0,41905.3024935,0.492568184145,0.378983882989,0.378983882989,0.757967765977,2.77555756156e-17,1.2490009027e-16,0.08,84887.9313006
2012-08-07,85430.8317197,0.00656846739127,0.00639549592856,14.6831896437,0,0.000172971462713,0,29366.3792874,0.345942925425,0.294447437711,0.294447437711,0.588894875423,-1.2490009027e-16,-6.24500451352e-17,0.08,85430.8317197
2012-08-08,85406.989605,6.94829708466e-05,-0.000279080914632,29.7781026439,0,0.000348563885479,0,59556.2052878,0.697127770958,0.312630510582,0.312630510582,0.625261021164,-2.77555756156e-17,-5.20417042793e-18,0.08,85406.989605
2012-08-09,85387.4422792,-6.23127850205e-05,-0.000228872670172,14.2253783797,0,0.000166559885152,0,28450.7567595,0.333119770303,0.313448270293,0.313448270293,0.626896540587,8.32667268469e-17,3.12250225676e-17,0.08,85387.4422792
2012-08-10,85362.8419303,-2.62256615342e-05,-0.000288102656011,22.3610067502,0,0.000261876994477,0,44722.0135004,0.523753988954,0.4026555176,0.4026555176,0.805311035199,-7.21644966006e-16,-7.49400541622e-16,0.08,85362.8419303
2012-08-13,85358.5921643,0.000183843242073,-4.97847296508e-05,19.9431476208,0,0.000233627971724,0,39886.2952415,0.467255943448,0.319201580207,0.319201580207,0.638403160413,-5.55111512313e-17,-9.71445146547e-17,0.08,85358.5921643
2012-08-14,85279.0915838,-0.00079269335585,-0.00093137174065,11.8373916902,0,0.000138678384801,0,23674.7833804,0.277356769602,0.271654468282,0.271654468282,0.543308936564,-1.11022302463e-16,-1.56125112838e-16,0.08,85279.0915838
2012-08-15,85161.1446081,-0.00114844928615,-0.00138307026383,20.0082638432,0,0.000234620977682,0,40016.5276865,0.469241955365,0.26830355493,0.26830355493,0.53660710986,-5.55111512313e-17,-1.73472347598e-17,0.08,85161.1446081
2012-08-16,85119.9763844,-0.000276717817835,-0.000483415575084,17.6026175952,0,0.000206697757249,0,35205.2351904,0.413395514497,0.284886841935,0.284886841935,0.569773683869,-2.77555756156e-17,2.77555756156e-17,0.08,85119.9763844
2012-08-17,84989.7216197,-0.00131878685171,-0.00153024906984,17.9996590129,0,0.000211462218124,0,35999.3180258,0.422924436248,0.25927842877,0.25927842877,0.518556857539,-1.38777878078e-17,1.38777878078e-17,0.08,84989.7216197
2012-08-20,85063.2344669,0.000982430787429,0.000864961618694,9.98367194973,0,0.000117469168736,0,19967.3438995,0.234938337471,0.237352217866,0.237352217866,0.474704435732,-2.35922392733e-16,-1.52655665886e-16,0.08,85063.2344669
2012-08-21,85055.2274194,1.32555161258e-05,-9.41305316376e-05,9.13460455937,0,0.000107386047763,0,18269.2091187,0.214772095527,0.259897766383,0.259897766383,0.519795532767,-6.24500451352e-17,4.16333634234e-17,0.08,85055.2274194
2012-08-22,84932.0872943,-0.00128530864474,-0.00144776669075,13.8179060492,0,0.000162458046007,0,27635.8120984,0.324916092013,0.302946811443,0.302946811443,0.605893622886,-1.5959455979e-16,-8.32667268469e-17,0.08,84932.0872943
2012-08-23,84919.196019,5.78986095146e-05,-0.000151783332556,17.808725008,0,0.000209681942071,0,35617.450016,0.419363884142,0.304509624183,0.304509624183,0.609019248365,-5.51642065361e-16,-4.16333634234e-16,0.08,84919.196019
2012-08-24,85000.6989103,0.00116157227217,0.000959769935334,17.1368921985,0,0.000201802336831,0,34273.7843969,0.403604673663,0.248514311823,0.248514311823,0.497028623646,-7.6327832943e-17,3.46944695195e-17,0.08,85000.6989103
2012-08-27,84791.7009288,-0.00236246827551,-0.00245877956535,8.18652694977,0,9.63112898449e-05,0,16373.0538995,0.19262257969,0.228918556028,0.228918556028,0.457837112055,-6.93889390391e-17,-4.16333634234e-17,0.08,84791.7009288
2012-08-28,84771.6461907,-0.000131943804976,-0.000236517700118,8.86699844184,0,0.000104573895142,0,17733.9968837,0.209147790284,0.181111693696,0.181111693696,0.362223387392,2.77555756156e-17,6.93889390391e-17,0.08,84771.6461907
2012-08-29,84666.8246636,-0.0011323998232,-0.00123651635599,8.82612988075,0,0.000104116532796,0,17652.2597615,0.208233065591,0.169390480303,0.169390480303,0.338780960606,2.77555756156e-17,5.55111512313e-17,0.08,84666.8246636
2012-08-30,84591.8842988,-0.000798490220579,-0.000885120767951,7.33473336488,0,8.66305473722e-05,0,14669.4667298,0.173261094744,0.14048505708,0.14048505708,0.280970114159,6.93889390391e-17,5.55111512313e-17,0.08,84591.8842988
2012-08-31,84653.1726803,0.000820698279151,0.000724518457123,8.13603237691,0,9.61798220285e-05,0,16272.0647538,0.192359644057,0.167103673451,0.167103673451,0.334207346901,1.5959455979e-16,1.5959455979e-16,0.08,84653.1726803
2012-09-04,84552.3635809,-0.00108311333259,-0.00119084844897,9.12011941031,0,0.000107735116376,0,18240.2388206,0.215470232752,0.204950621364,0.204950621364,0.409901242728,1.38777878078e-17,4.16333634234e-17,0.08,84552.3635809
2012-09-05,84555.7005068,0.000181405127186,3.94657916283e-05,12.0013063065,0,0.000141939335558,0,24002.612613,0.283878671115,0.211247466389,0.211247466389,0.422494932777,8.32667268469e-17,9.71445146547e-17,0.08,84555.7005068
2012-09-06,84465.4629747,-0.000884205008445,-0.00106719631628,15.4729582209,0,0.000182991307838,0,30945.9164418,0.365982615676,0.25548081218,0.25548081218,0.510961624359,1.04083408559e-17,0,0.08,84465.4629747
2012-09-07,84432.4591193,-0.000255184325531,-0.000390737874332,11.4495932574,0,0.000135553548801,0,22899.1865147,0.271107097602,0.260901135062,0.260901135062,0.521802270125,2.77555756156e-17,6.93889390391e-18,0.08,84432.4591193
2012-09-10,84375.2541138,-0.000510945400071,-0.00067752385809,14.0646288469,0,0.000166578458019,0,28129.2576937,0.333156916038,0.244458315512,0.244458315512,0.488916631024,-2.63677968348e-16,-2.61943244872e-16,0.08,84375.2541138
2012-09-11,84213.556139,-0.00172001412992,-0.0019164146709,16.5713455539,0,0.000196400540987,0,33142.6911078,0.392801081974,0.282810712301,0.282810712301,0.565621424602,-1.04083408559e-16,-1.28369537222e-16,0.08,84213.556139
2012-09-12,84109.9903301,-0.00101518249424,-0.00122979973324,18.0736809049,0,0.000214617239,0,36147.3618099,0.429234478001,0.392849064926,0.392849064926,0.785698129853,-1.2490009027e-16,-2.04697370165e-16,0.08,84109.9903301
2012-09-13,84125.5091304,0.000428424980374,0.000184506028614,20.5160206739,0,0.00024391895176,0,41032.0413478,0.487837903521,0.342602896317,0.342602896317,0.685205792634,-3.05311331772e-16,-2.22044604925e-16,0.08,84125.5091304
2012-09-14,84268.912144,0.0018447438466,0.00170463174704,11.7870017106,0,0.000140112099557,0,23574.0034211,0.280224199114,0.362343170275,0.362343170275,0.72468634055,-2.77555756156e-17,-2.77555756156e-17,0.08,84268.912144
2012-09-17,84355.5342121,0.00123684031767,0.00102792436628,17.6051199527,0,0.000208915951385,0,35210.2399054,0.41783190277,0.324398375315,0.324398375315,0.64879675063,-6.93889390391e-16,-7.21644966006e-16,0.08,84355.5342121
2012-09-18,84374.9752881,0.000426692230144,0.00023046592247,16.5527750103,0,0.000196226307674,0,33105.5500206,0.392452615347,0.292971786944,0.292971786944,0.585943573887,-1.38777878078e-16,-1.52655665886e-16,0.08,84374.9752881
2012-09-19,84468.3127211,0.00132771012133,0.001106221752,18.6880756886,0,0.000221488369327,0,37376.1513772,0.442976738655,0.405583310364,0.405583310364,0.811166620728,-1.66533453694e-16,-1.11022302463e-16,0.08,84468.3127211
2012-09-20,84545.1301527,0.00117430426961,0.000909423061873,22.374068689,0,0.000264881207737,0,44748.1373781,0.529762415473,0.355721773933,0.355721773933,0.711443547865,-9.36750677027e-17,1.38777878078e-17,0.08,84545.1301527
2012-09-21,84496.2853143,-0.000250726280338,-0.000577736864033,27.6471523598,0,0.000327010583695,0,55294.3047196,0.65402116739,0.361288677485,0.361288677485,0.72257735497,-9.71445146547e-17,-6.59194920871e-17,0.08,84496.2853143
2012-09-24,84577.880165,0.00126876272132,0.00096566198575,25.6108862316,0,0.000303100735569,0,51221.7724632,0.606201471137,0.246699558975,0.246699558975,0.49339911795,2.25514051877e-16,1.38777878078e-16,0.08,84577.880165
2012-09-25,84509.2430295,-0.000580791176935,-0.000811525843255,19.5150489579,0,0.00023073466632,0,39030.0979159,0.46146933264,0.34479347487,0.34479347487,0.68958694974,8.18789480661e-16,7.14706072102e-16,0.08,84509.2430295
2012-09-26,84513.9524439,0.000204560574349,5.57266196111e-05,12.577844852,0,0.000148833954738,0,25155.689704,0.297667909477,0.301463334163,0.301463334163,0.602926668326,1.63064006742e-16,1.6826817717e-16,0.08,84513.9524439
2012-09-27,84539.8813121,0.000446023062669,0.000306799852886,11.7663037307,0,0.000139223209783,0,23532.6074613,0.278446419565,0.31580657511,0.31580657511,0.63161315022,5.55111512313e-16,4.54497550706e-16,0.08,84539.8813121
2012-09-28,84531.800933,0.000126095834429,-9.55806764222e-05,18.740505917,0,0.000221676510851,0,37481.011834,0.443353021702,0.291580142635,0.291580142635,0.58316028527,1.52655665886e-16,1.2490009027e-16,0.08,84531.800933
2012-10-01,84306.9486544,-0.00245336591463,-0.0026599726514,17.4648395442,0,0.000206606736771,0,34929.6790884,0.413213473543,0.321936460868,0.321936460868,0.643872921736,5.55111512313e-17,0,0.08,84306.9486544
2012-10-02,84302.1861295,0.000106810732593,-5.64903001553e-05,13.7674117831,0,0.000163301032748,0,27534.8235662,0.326602065497,0.264141426529,0.264141426529,0.528282853058,9.71445146547e-17,7.6327832943e-17,0.08,84302.1861295
2012-10-03,84218.1114387,-0.000785004700388,-0.000997301431169,17.897078513,0,0.000212296730781,0,35794.157026,0.424593461562,0.374687654171,0.374687654171,0.749375308342,-8.32667268469e-17,-1.49186218934e-16,0.08,84218.1114387
2012-10-04,84307.1400177,0.00130960099906,0.00105711915752,21.2635438671,0,0.00025248184154,0,42527.0877341,0.50496368308,0.391556246234,0.391556246234,0.783112492467,-2.77555756156e-17,-9.71445146547e-17,0.08,84307.1400177
2012-10-05,84152.3691103,-0.00162663415629,-0.00183579833586,17.6340337743,0,0.000209164179578,0,35268.0675487,0.418328359155,0.367798084985,0.367798084985,0.735596169971,-5.55111512313e-17,-8.32667268469e-17,0.08,84152.3691103
2012-10-08,84227.9809302,0.00108375431382,0.000898510887895,15.5886731534,0,0.000185243425922,0,31177.3463068,0.370486851843,0.366652161774,0.366652161774,0.733304323547,-4.16333634234e-17,-1.2490009027e-16,0.08,84227.9809302
2012-10-09,84289.7907896,0.000945225030375,0.000733839974292,17.8045364727,0,0.000211385056083,0,35609.0729453,0.422770112166,0.264570766794,0.264570766794,0.529141533588,2.77555756156e-17,-5.55111512313e-17,0.08,84289.7907896
2012-10-10,84213.1465489,-0.000618495731192,-0.000909294470031,24.5113648586,0,0.000290798738839,0,49022.7297172,0.581597477678,0.377604996306,0.377604996306,0.755209992611,-2.77555756156e-17,-2.08166817117e-17,0.08,84213.1465489
2012-10-11,84064.369665,-0.00148349894423,-0.00176667052651,23.8467699577,0,0.000283171582288,0,47693.5399154,0.566343164576,0.287661614347,0.287661614347,0.575323228693,5.55111512313e-17,0,0.08,84064.369665
2012-10-12,84257.4099977,0.00252741381621,0.00229633950193,19.4251165759,0,0.000231074314282,0,38850.2331518,0.462148628565,0.399255476846,0.399255476846,0.798510953693,0,-1.04083408559e-16,0.08,84257.4099977
2012-10-15,83962.8110332,-0.00331817489606,-0.00349641609623,15.0181418809,0,0.000178241200166,0,30036.2837618,0.356482400333,0.318874533995,0.318874533995,0.63774906799,-1.38777878078e-17,-5.20417042793e-18,0.08,83962.8110332
2012-10-16,84058.8714304,0.00129760075157,0.001144082672,12.8898095052,0,0.000153518079571,0,25779.6190104,0.307036159142,0.271759314777,0.271759314777,0.543518629555,-5.55111512313e-17,0,0.08,84058.8714304
2012-10-17,84272.7698515,0.00270165891251,0.00254462637263,13.1999780805,0,0.000157032539884,0,26399.956161,0.314065079768,0.289396958704,0.289396958704,0.578793917409,1.73472347598e-17,-6.93889390391e-18,0.08,84272.7698515
2012-10-18,84289.1366171,0.000443228219626,0.000194211790964,20.9853041819,0,0.000249016428663,0,41970.6083639,0.498032857325,0.304216833337,0.304216833337,0.608433666674,-2.08166817117e-17,0,0.08,84289.1366171
2012-10-19,84321.7651264,0.000506345427776,0.000387102189824,10.0509095744,0,0.000119243237952,0,20101.8191488,0.238486475904,0.253277533109,0.253277533109,0.506555066218,3.46944695195e-17,4.16333634234e-17,0.08,84321.7651264
2012-10-22,84453.4046096,0.00167906296516,0.00156115663576,9.9420698144,0,0.000117906329398,0,19884.1396288,0.235812658796,0.229205180266,0.229205180266,0.458410360532,5.20417042793e-18,-1.73472347598e-17,0.08,84453.4046096
2012-10-23,84518.8417688,0.000895411531174,0.000774831512076,10.1833931407,0,0.000120580019098,0,20366.7862814,0.241160038195,0.222083029185,0.222083029185,0.44416605837,-2.77555756156e-17,1.73472347598e-17,0.08,84518.8417688
2012-10-24,84528.3452687,0.000235096389371,0.000112442382022,10.3665746394,0,0.000122654007349,0,20733.1492788,0.245308014698,0.232786715158,0.232786715158,0.465573430316,-1.38777878078e-17,-6.93889390391e-18,0.08,84528.3452687
2012-10-25,84573.7627126,0.00083610077865,0.000537304306483,25.2567713644,0,0.000298796472167,0,50513.5427287,0.597592944333,0.429662193548,0.429662193548,0.859324387097,0,-4.16333634234e-17,0.08,84573.7627126
2012-10-26,84699.1050213,0.0016983120564,0.00148204720539,18.2903321923,0,0.000216264851009,0,36580.6643847,0.432529702018,0.306430414364,0.306430414364,0.612860828728,6.93889390391e-18,2.51534904017e-17,0.08,84699.1050213
2012-10-31,84709.7357358,0.000357825037066,0.000125511532625,19.6767459105,0,0.000232313504441,0,39353.4918211,0.464627008882,0.312397561295,0.312397561295,0.624795122589,1.04083408559e-16,9.71445146547e-17,0.08,84709.7357358
2012-11-01,84762.5299126,0.000920725455835,0.000623236235879,25.2002332067,0,0.000297489219956,0,50400.4664134,0.594978439912,0.386575469617,0.386575469617,0.773150939234,1.38777878078e-17,4.16333634234e-17,0.08,84762.5299126
2012-11-02,84447.204046,-0.00351767548283,-0.00372010919157,17.158793292,0,0.000202433708736,0,34317.5865841,0.404867417472,0.357185325611,0.357185325611,0.714370651222,-2.77555756156e-17,-6.24500451352e-17,0.08,84447.204046
2012-11-05,84619.164396,0.00223892587134,0.00203630602042,17.1106798939,0,0.000202619850914,0,34221.3597878,0.405239701828,0.328591437077,0.328591437077,0.657182874153,-4.64905891562e-16,-5.62050406216e-16,0.08,84619.164396
2012-11-06,84546.5570942,-0.000685077076688,-0.00085804796462,14.6366520016,0,0.000172970887932,0,29273.3040033,0.345941775864,0.260823092573,0.260823092573,0.521646185146,-1.11022302463e-16,-1.11022302463e-16,0.08,84546.5570942
2012-11-07,84378.014477,-0.00183932710896,-0.0019934888306,13.0338428003,0,0.000154161721639,0,26067.6856006,0.308323443278,0.340739459467,0.340739459467,0.681478918935,-6.38378239159e-16,-8.04911692853e-16,0.08,84378.014477
2012-11-08,84230.6395375,-0.00147770167853,-0.00174660354818,22.6894058505,0,0.000268901869654,0,45378.811701,0.537803739307,0.268743564902,0.268743564902,0.537487129803,-7.6327832943e-17,-8.32667268469e-17,0.08,84230.6395375
2012-11-09,84240.3524325,0.000253929489307,0.000115313086027,11.6757482987,0,0.00013861640328,0,23351.4965973,0.27723280656,0.273910989915,0.273910989915,0.54782197983,1.38777878078e-17,-8.32667268469e-17,0.08,84240.3524325
2012-11-12,84281.4999208,0.000734904933392,0.000488453421239,20.7611622412,0,0.000246451512152,0,41522.3244825,0.492903024305,0.372080178551,0.372080178551,0.744160357102,4.16333634234e-17,0,0.08,84281.4999208
2012-11-13,84091.2682681,-0.00202245813807,-0.00225709856787,19.7758473655,0,0.000234640429799,0,39551.6947311,0.469280859598,0.5,0.5,1,2.22044604925e-16,2.22044604925e-16,0.0781654287618,84091.2682681
2012-11-14,84372.7231476,0.00360337187645,0.00334701670352,21.5572316191,0,0.000256355172934,0,43114.4632381,0.512710345867,0.340819093453,0.340819093453,0.681638186906,2.22044604925e-16,1.66533453694e-16,0.08,84372.7231476
2012-11-15,84240.605389,-0.00135644241617,-0.00156588235638,17.6710180915,0,0.000209439940211,0,35342.036183,0.418879880423,0.233691575557,0.233691575557,0.467383151114,-6.93889390391e-18,5.20417042793e-17,0.08,84240.605389
2012-11-16,84190.6048961,-0.000368785618052,-0.000593543846821,18.9337692577,0,0.000224758228769,0,37867.5385153,0.449516457538,0.268097042141,0.268097042141,0.536194084281,0,6.24500451352e-17,0.08,84190.6048961
2012-11-19,84041.8336436,-0.00163680312732,-0.00176707665499,10.9678070972,0,0.000130273527678,0,21935.6141943,0.260547055356,0.194421751464,0.194421751464,0.388843502928,-6.93889390391e-18,-6.93889390391e-17,0.08,84041.8336436
2012-11-20,83999.4375988,-0.000378675180437,-0.00050446358602,10.5714882563,0,0.000125788405583,0,21142.9765126,0.251576811166,0.239761488118,0.239761488118,0.479522976237,4.85722573274e-17,1.04083408559e-16,0.08,83999.4375988
2012-11-21,83980.0916736,-7.44150250078e-05,-0.000230310174871,13.0951049129,0,0.000155895149863,0,26190.2098258,0.311790299726,0.263911970865,0.263911970865,0.52782394173,1.38777878078e-17,-1.38777878078e-17,0.08,83980.0916736
2012-11-23,84034.5573835,0.000818120695084,0.000648555017477,14.2401411502,0,0.000169565677608,0,28480.2823004,0.339131355216,0.218413093105,0.218413093105,0.436826186211,-8.32667268469e-17,-8.32667268469e-17,0.08,84034.5573835
2012-11-26,84116.8675332,0.00127323824184,0.000979479780031,24.6858623156,0,0.000293758461807,0,49371.7246312,0.587516923614,0.452114240874,0.452114240874,0.904228481748,1.94289029309e-16,2.63677968348e-16,0.08,84116.8675332
2012-11-27,84110.4072626,0.000231915907556,-7.68011316803e-05,25.9683102947,0,0.000308717039236,0,51936.6205894,0.617434078473,0.32207144951,0.32207144951,0.64414289902,-1.49186218934e-16,-8.32667268469e-17,0.08,84110.4072626
2012-11-28,84462.9085858,0.00448709780643,0.00419093587405,24.9103007477,0,0.000296161932375,0,49820.6014954,0.592323864749,0.291090466637,0.291090466637,0.582180933275,8.32667268469e-17,9.71445146547e-17,0.08,84462.9085858
2012-11-29,84494.7979838,0.000600155923349,0.000377555054232,18.8015168594,0,0.000222600869118,0,37603.0337188,0.445201738235,0.271066420473,0.271066420473,0.542132840946,5.55111512313e-17,2.77555756156e-17,0.08,84494.7979838
2012-11-30,84350.4725365,-0.00151274748222,-0.00170809861436,16.5061544457,0,0.000195351132136,0,33012.3088915,0.390702264272,0.227898142536,0.227898142536,0.455796285071,9.19403442268e-17,9.71445146547e-17,0.08,84350.4725365
2012-12-03,84189.6391957,-0.0017582733856,-0.00190672720606,12.5221499052,0,0.000148453820455,0,25044.2998104,0.296907640909,0.266015640405,0.266015640405,0.53203128081,7.6327832943e-17,8.32667268469e-17,0.08,84189.6391957
2012-12-04,84130.2688392,-0.000621076122677,-0.000705197895812,7.08218172876,0,8.41217731353e-05,0,14164.3634575,0.168243546271,0.24569597537,0.24569597537,0.49139195074,1.07552855511e-16,9.71445146547e-17,0.08,84130.2688392
2012-12-05,84107.3531905,-0.000132475874074,-0.000272382925707,11.7704178664,0,0.000139907051633,0,23540.8357328,0.279814103266,0.346413015635,0.346413015635,0.69282603127,3.46944695195e-17,0,0.08,84107.3531905
2012-12-06,84193.3816673,0.00121649742768,0.00102284132794,16.2879019782,0,0.000193656099739,0,32575.8039565,0.387312199478,0.309044536454,0.309044536454,0.618089072908,-5.55111512313e-17,-8.32667268469e-17,0.08,84193.3816673
2012-12-07,83976.495462,-0.00241910595995,-0.00257604815198,13.2134938736,0,0.000156942192034,0,26426.9877472,0.313884384068,0.363500739281,0.363500739281,0.727001478561,-1.66533453694e-16,-2.22044604925e-16,0.08,83976.495462
2012-12-10,83999.6227313,0.000513158865915,0.000275401695194,19.9660139681,0,0.000237757170721,0,39932.0279363,0.475514341442,0.351813365975,0.351813365975,0.70362673195,-1.38777878078e-16,-2.8449465006e-16,0.08,83999.6227313
2012-12-11,84214.6957926,0.00274166653547,0.00256040508638,15.225893339,0,0.000181261449087,0,30451.7866781,0.362522898174,0.301613319157,0.301613319157,0.603226638315,-1.38777878078e-17,-7.97972798949e-17,0.08,84214.6957926
2012-12-12,84118.5314752,-0.000962784322851,-0.00114189473092,15.0837285289,0,0.00017911040807,0,30167.4570577,0.358220816139,0.343370512091,0.343370512091,0.686741024182,-8.32667268469e-17,-1.5959455979e-16,0.08,84118.5314752
2012-12-13,84007.2237265,-0.0010268490117,-0.00132322505741,24.9307177295,0,0.00029637604571,0,49861.435459,0.592752091419,0.457226208956,0.457226208956,0.914452417912,-4.16333634234e-17,-1.11022302463e-16,0.08,84007.2237265
2012-12-14,83885.3062994,-0.00119776403392,-0.00145127313667,21.2965959117,0,0.000253509102754,0,42593.1918235,0.507018205507,0.37851143009,0.37851143009,0.75702286018,-8.32667268469e-17,-1.80411241502e-16,0.08,83885.3062994
2012-12-17,84045.1128346,0.00219785726987,0.0019050599231,24.5613951173,0,0.000292797346769,0,49122.7902347,0.585594693537,0.330616817356,0.330616817356,0.661233634712,-1.11022302463e-16,-1.2490009027e-16,0.08,84045.1128346
2012-12-18,84077.4915989,0.000593132802661,0.000385254575807,17.4711490318,0,0.000207878226853,0,34942.2980635,0.415756453707,0.251002276251,0.251002276251,0.502004552502,0,-1.38777878078e-17,0.08,84077.4915989
2012-12-19,83939.5308813,-0.00147871083888,-0.00164087575625,13.6344194778,0,0.00016216491737,0,27268.8389557,0.32432983474,0.331127482613,0.331127482613,0.662254965226,-4.99600361081e-16,-6.31439345256e-16,0.08,83939.5308813
2012-12-20,83788.1366824,-0.00165640063142,-0.00180361025716,12.3567069256,0,0.000147209625737,0,24713.4138512,0.294419251475,0.360833546232,0.360833546232,0.721667092465,-4.37150315946e-16,-5.96744875736e-16,0.08,83788.1366824
2012-12-21,83664.3538625,-0.00133850616279,-0.00147733109716,11.6318825761,0,0.000138824934372,0,23263.7651522,0.277649868744,0.331528283014,0.331528283014,0.663056566029,-2.77555756156e-17,-7.6327832943e-17,0.08,83664.3538625
2012-12-24,83676.8637831,0.000294188570437,0.000149525096972,12.103176035,0,0.000144663473466,0,24206.3520701,0.289326946932,0.299063133792,0.299063133792,0.598126267584,-3.43475248243e-16,-3.33066907388e-16,0.08,83676.8637831
2012-12-26,83670.080652,2.89601329006e-05,-8.10634007669e-05,9.20642423963,0,0.000110023533667,0,18412.8484793,0.220047067335,0.295101565662,0.295101565662,0.590203131324,-1.80411241502e-16,-1.94289029309e-16,0.08,83670.080652
2012-12-27,83716.6376084,0.000730446150658,0.000556434940852,14.5595319588,0,0.000174011209806,0,29119.0639177,0.348022419613,0.315699825413,0.315699825413,0.631399650826,-2.98372437868e-16,-3.60822483003e-16,0.08,83716.6376084
2012-12-28,83614.8529502,-0.00106639307344,-0.00121582353422,12.5098157327,0,0.000149430460779,0,25019.6314654,0.298860921559,0.271568475763,0.271568475763,0.543136951527,-3.74700270811e-16,-4.30211422042e-16,0.08,83614.8529502
2012-12-31,83555.3537913,-0.0005233618325,-0.000711586000887,15.7383361613,0,0.000188224168387,0,31476.6723227,0.376448336774,0.237256518465,0.237256518465,0.474513036929,-4.09394740331e-16,-3.33066907388e-16,0.08,83555.3537913
2013-01-02,83451.2827606,-0.00100554261945,-0.00124553396021,20.0525613841,0,0.00023999134076,0,40105.1227681,0.47998268152,0.312673523192,0.312673523192,0.625347046384,-5.04804531509e-16,-4.64905891562e-16,0.08,83451.2827606
2013-01-03,83365.7509172,-0.000736730925814,-0.00102493143974,24.0507025798,0,0.000288200513931,0,48101.4051596,0.576401027861,0.279744232083,0.279744232083,0.559488464166,-2.08166817117e-16,-1.87350135405e-16,0.08,83365.7509172
2013-01-04,83312.0490842,-0.000370123476342,-0.00064417140668,22.8462115,0,0.000274047930338,0,45692.4229999,0.548095860677,0.193480358607,0.193480358607,0.386960717214,-2.08166817117e-17,-2.08166817117e-17,0.08,83312.0490842
2013-01-07,83335.7256887,0.000463262545646,0.000284191839684,14.9187474446,0,0.000179070705962,0,29837.4948893,0.358141411924,0.248185815586,0.248185815586,0.496371631173,-7.6327832943e-17,-1.31838984174e-16,0.08,83335.7256887
2013-01-08,83280.7871646,-0.0005607801417,-0.000659243363593,8.20550405016,0,9.84632218937e-05,0,16411.0081003,0.196926443787,0.2675419763,0.2675419763,0.535083952601,2.08166817117e-17,6.93889390391e-18,0.08,83280.7871646
2013-01-09,83349.2159322,0.000924806847131,0.00082166331405,8.58987462596,0,0.000103143533081,0,17179.7492519,0.206287066163,0.258283369835,0.258283369835,0.516566739669,1.38777878078e-17,-3.29597460436e-17,0.08,83349.2159322
2013-01-10,83201.6539008,-0.00152410637444,-0.00177040695308,20.5289601135,0,0.000246300578643,0,41057.920227,0.492601157286,0.425708198969,0.425708198969,0.851416397938,8.32667268469e-17,4.85722573274e-17,0.08,83201.6539008
2013-01-11,83188.9021698,5.23460084707e-05,-0.00015326295033,17.107005429,0,0.000205608958801,0,34214.010858,0.411217917601,0.397581365904,0.397581365904,0.795162731809,8.32667268469e-17,4.16333634234e-17,0.08,83188.9021698
2013-01-14,83082.5702455,-0.00103681889639,-0.00127819843132,20.0800985166,0,0.000241379534924,0,40160.1970331,0.482759069847,0.236966013445,0.236966013445,0.473932026891,1.2490009027e-16,1.11022302463e-16,0.08,83082.5702455
2013-01-15,83205.5039231,0.00168852165751,0.0014796566495,17.3530417004,0,0.000208865008016,0,34706.0834007,0.417730016033,0.413753121094,0.413753121094,0.827506242187,1.94289029309e-16,1.38777878078e-16,0.08,83205.5039231
2013-01-16,83238.7999761,0.000658737911197,0.000400166473446,21.5145667781,0,0.00025857143775,0,43029.1335562,0.5171428755,0.292023738867,0.292023738867,0.584047477733,2.91433543964e-16,2.22044604925e-16,0.08,83238.7999761
2013-01-17,82930.9119562,-0.00350456541055,-0.00369885221878,16.1722007682,0,0.00019428680823,0,32344.4015365,0.388573616459,0.241357271342,0.241357271342,0.482714542684,-2.77555756156e-17,-2.77555756156e-17,0.08,82930.9119562
2013-01-18,82850.8937316,-0.000816105022061,-0.0009648781463,12.3378908677,0,0.000148773124239,0,24675.7817354,0.297546248478,0.281506879341,0.281506879341,0.563013758682,1.80411241502e-16,9.71445146547e-17,0.08,82850.8937316
2013-01-22,82899.0499684,0.00074514012991,0.000581239799285,13.5792888752,0,0.000163900330625,0,27158.5777503,0.32780066125,0.340685405626,0.340685405626,0.681370811252,3.1918911958e-16,2.77555756156e-16,0.08,82899.0499684
2013-01-23,83075.3735081,0.00235223477213,0.00212696695317,18.6744881806,0,0.000225267818964,0,37348.9763611,0.450535637928,0.367322595214,0.367322595214,0.734645190428,-1.11022302463e-16,-1.66533453694e-16,0.08,83075.3735081
2013-01-24,82758.8578359,-0.00359034072059,-0.00380998193368,18.2467758156,0,0.000219641213094,0,36493.5516311,0.439282426188,0.295110916249,0.295110916249,0.590221832498,-1.38777878078e-17,-4.16333634234e-17,0.08,82758.8578359
2013-01-25,82787.7656147,0.000522710550538,0.000349301326075,14.3511493548,0,0.000173409224463,0,28702.2987096,0.346818448927,0.341920678359,0.341920678359,0.683841356717,3.05311331772e-16,1.94289029309e-16,0.08,82787.7656147
2013-01-28,82849.0092648,0.000893606714876,0.000739766915733,12.7360532336,0,0.000153839799143,0,25472.1064673,0.307679598285,0.297011979281,0.297011979281,0.594023958561,4.16333634234e-17,-8.32667268469e-17,0.08,82849.0092648
2013-01-29,83013.6149966,0.00213469387884,0.0019868159359,12.2515410646,0,0.000147877942939,0,24503.0821292,0.295755885877,0.281275151602,0.281275151602,0.562550303203,-2.77555756156e-17,-5.55111512313e-17,0.08,83013.6149966
2013-01-30,83077.3653937,0.00100093216256,0.000767951101378,19.340600114,0,0.000232981061177,0,38681.2002281,0.465962122354,0.383907077773,0.383907077773,0.767814155546,5.75928194024e-16,4.30211422042e-16,0.08,83077.3653937
2013-01-31,83258.8569066,0.00249606871968,0.00218460843129,25.8753001847,0,0.000311460288396,0,51750.6003694,0.622920576792,0.377842506153,0.377842506153,0.755685012307,2.49800180541e-16,1.2490009027e-16,0.08,83258.8569066
2013-02-01,83011.2442505,-0.00269610023678,-0.00297400979679,23.1384322906,0,0.000277909560019,0,46276.8645813,0.555819120039,0.231854235365,0.231854235365,0.46370847073,1.38777878078e-16,1.52655665886e-16,0.08,83011.2442505
2013-02-04,83022.5015968,0.000294594020709,0.000135612307001,13.197269868,0,0.000158981713709,0,26394.5397361,0.317963427417,0.272794613988,0.272794613988,0.545589227976,0,1.38777878078e-17,0.08,83022.5015968
2013-02-05,82837.9201751,-0.00207554295614,-0.00222326981492,12.2646533689,0,0.000147726858779,0,24529.3067378,0.295453717559,0.241718917387,0.241718917387,0.483437834773,-2.77555756156e-17,0,0.08,82837.9201751
2013-02-06,82785.4940769,-0.000528500781846,-0.000632875596927,8.64619259997,0,0.000104374815081,0,17292.3851999,0.208749630162,0.222025512583,0.222025512583,0.444051025165,-8.32667268469e-17,-6.93889390391e-17,0.08,82785.4940769
2013-02-07,82770.3636224,-7.97184356901e-05,-0.000182766977056,8.53092441089,0,0.000103048541366,0,17061.8488218,0.206097082732,0.244863105473,0.244863105473,0.489726210945,-1.52655665886e-16,-1.83880688454e-16,0.08,82770.3636224
2013-02-08,82778.419629,0.000281542201865,9.73296025688e-05,15.2473438275,0,0.000184212599296,0,30494.687655,0.368425198591,0.309284777456,0.309284777456,0.618569554913,-4.16333634234e-17,-2.86229373536e-17,0.08,82778.419629
2013-02-11,82807.5740237,0.000501105762435,0.000352198011146,12.3263483222,0,0.000148907751289,0,24652.6966445,0.297815502579,0.348362727366,0.348362727366,0.696725454733,0,5.55111512313e-17,0.08,82807.5740237
2013-02-12,82991.0854471,0.00247068548193,0.00221611882183,21.0800475505,0,0.000254566660103,0,42160.0951009,0.509133320206,0.412173624706,0.412173624706,0.824347249412,2.77555756156e-17,9.71445146547e-17,0.08,82991.0854471
2013-02-13,83078.5589192,0.00133986350071,0.00105401045898,23.7232542109,0,0.000285853041723,0,47446.5084219,0.571706083446,0.304966701955,0.304966701955,0.60993340391,-3.67761376907e-16,-3.88578058619e-16,0.08,83078.5589192
2013-02-14,83200.7310347,0.00171951964183,0.00147056132284,20.6830983723,0,0.000248958318986,0,41366.1967446,0.497916637972,0.365268417432,0.365268417432,0.730536834864,-5.27355936697e-16,-5.75928194024e-16,0.08,83200.7310347
2013-02-15,83492.7127159,0.00376747638918,0.0035093643717,21.475108544,0,0.00025811201749,0,42950.217088,0.51622403498,0.197295654086,0.197295654086,0.394591308173,-1.80411241502e-16,-2.28983498829e-16,0.08,83492.7127159
2013-02-19,83410.4412512,-0.000819620867902,-0.000985372999047,13.8390950678,0,0.000165752131146,0,27678.1901356,0.331504262291,0.264477699534,0.264477699534,0.528955399069,-1.11022302463e-16,-1.66533453694e-16,0.08,83410.4412512
2013-02-20,83419.3379712,0.000251474829558,0.000106661946883,12.0789064428,0,0.000144812882675,0,24157.8128855,0.289625765349,0.262310493563,0.262310493563,0.524620987125,-2.08166817117e-17,-1.38777878078e-17,0.08,83419.3379712
2013-02-21,83635.3257627,0.0027445150772,0.00258918131818,12.957839342,0,0.00015533375902,0,25915.678684,0.31066751804,0.221154751062,0.221154751062,0.442309502124,1.52655665886e-16,1.17961196366e-16,0.08,83635.3257627
2013-02-22,83624.8952442,3.89093872441e-05,-0.000124714268513,13.6847177517,0,0.000163623655757,0,27369.4355034,0.327247311514,0.217283501991,0.217283501991,0.434567003983,2.22044604925e-16,2.22044604925e-16,0.08,83624.8952442
2013-02-25,83568.7506162,-0.000441357586195,-0.000671386527148,19.2361460903,0,0.000230028940953,0,38472.2921807,0.460057881906,0.391886505833,0.391886505833,0.783773011665,5.27355936697e-16,6.10622663544e-16,0.08,83568.7506162
2013-02-26,83788.287446,0.00285321561298,0.00262702060463,18.902834243,0,0.000226195008345,0,37805.6684861,0.452390016691,0.381034467538,0.381034467538,0.762068935076,1.66533453694e-16,2.22044604925e-16,0.08,83788.287446
2013-02-27,83982.5735841,0.00261599669248,0.00231877442623,24.9037446795,0,0.000297222266246,0,49807.4893591,0.594444532491,0.368486401035,0.368486401035,0.736972802071,5.82867087928e-16,7.21644966006e-16,0.08,83982.5735841
2013-02-28,83906.939409,-0.000631637197215,-0.000900593681146,22.5876577027,0,0.000268956483931,0,45175.3154054,0.537912967862,0.394540072952,0.394540072952,0.789080145904,-1.7694179455e-16,-1.66533453694e-16,0.08,83906.939409
2013-03-01,83970.0379328,0.0010222490146,0.000752006022805,22.6752623379,0,0.000270242991791,0,45350.5246759,0.540485983582,0.348707976509,0.348707976509,0.697415953018,8.32667268469e-17,8.67361737988e-17,0.08,83970.0379328
2013-03-04,84014.4814223,0.000769079166867,0.000529277949778,20.1361172953,0,0.000239801217089,0,40272.2345906,0.479602434178,0.268756374665,0.268756374665,0.537512749331,1.38777878078e-17,-4.16333634234e-17,0.08,84014.4814223
2013-03-05,83968.5184156,-0.000254516707438,-0.000547084335043,24.5799175142,0,0.000292567627605,0,49159.8350283,0.585135255209,0.331751004334,0.331751004334,0.663502008669,1.94289029309e-16,1.11022302463e-16,0.08,83968.5184156
2013-03-06,83960.2845088,0.000167846930856,-9.80594509187e-05,22.3277649149,0,0.000265906381775,0,44655.5298298,0.53181276355,0.462149313604,0.462149313604,0.924298627209,3.46944695195e-16,2.77555756156e-16,0.08,83960.2845088
2013-03-07,83678.0245672,-0.00301964646948,-0.00336182688299,28.7295648714,0,0.000342180413507,0,57459.1297428,0.684360827014,0.36030941626,0.36030941626,0.720618832519,1.11022302463e-16,-5.55111512313e-17,0.08,83678.0245672
2013-03-08,83736.3765117,0.000869110225566,0.000697338933664,14.3734823837,0,0.000171771291902,0,28746.9647675,0.343542583804,0.289160736732,0.289160736732,0.578321473464,-2.77555756156e-17,-7.6327832943e-17,0.08,83736.3765117
2013-03-11,83686.515016,-0.00046678603515,-0.000595458004893,10.7745245049,0,0.000128671969743,0,21549.0490097,0.257343939485,0.290113727987,0.290113727987,0.580227455974,1.38777878078e-16,1.87350135405e-16,0.08,83686.515016
2013-03-12,83893.533691,0.00265135607441,0.00247373994515,14.8640748684,0,0.00017761612926,0,29728.1497367,0.355232258519,0.278403837348,0.278403837348,0.556807674696,5.55111512313e-17,8.32667268469e-17,0.08,83893.533691
2013-03-13,83782.8497258,-0.00110979853307,-0.00131933845662,17.5790446361,0,0.000209539923552,0,35158.0892723,0.419079847104,0.381201797641,0.381201797641,0.762403595282,1.94289029309e-16,1.80411241502e-16,0.08,83782.8497258
2013-03-14,83865.7952824,0.00112907475779,0.000990006390486,11.6515441191,0,0.0001390683673,0,23303.0882381,0.278136734599,0.418420579321,0.418420579321,0.836841158641,1.66533453694e-16,1.66533453694e-16,0.08,83865.7952824
2013-03-15,83440.7481308,-0.00476888967226,-0.00506818244745,25.1004266137,0,0.000299292775192,0,50200.8532275,0.598585550383,0.439644042916,0.439644042916,0.879288085831,1.52655665886e-16,1.66533453694e-16,0.08,83440.7481308
2013-03-18,83495.399766,0.000976861143686,0.000654975373666,26.8583894631,0,0.00032188577002,0,53716.7789263,0.64377154004,0.325197302349,0.325197302349,0.650394604698,6.93889390391e-18,1.38777878078e-17,0.08,83495.399766
2013-03-19,83471.006232,-4.56162401802e-05,-0.000292154227426,20.5847878026,0,0.000246537987245,0,41169.5756051,0.493075974491,0.363472427399,0.363472427399,0.726944854798,1.38777878078e-17,2.08166817117e-17,0.08,83471.006232
2013-03-20,83429.9686137,-0.000301204863172,-0.00049163919502,15.8957453005,0,0.000190434331848,0,31791.490601,0.380868663697,0.423838131913,0.423838131913,0.847676263826,2.77555756156e-17,1.17961196366e-16,0.08,83429.9686137
2013-03-21,83386.0624435,-0.00040166949425,-0.000526263774136,10.3948968603,0,0.000124594279886,0,20789.7937206,0.249188559772,0.435502316642,0.435502316642,0.871004633285,6.24500451352e-17,9.71445146547e-17,0.08,83386.0624435
2013-03-22,83663.4052509,0.00353503631355,0.00332600915787,17.4299514558,0,0.000209027155678,0,34859.9029116,0.418054311357,0.352149047349,0.352149047349,0.704298094699,6.76542155631e-17,1.5959455979e-16,0.08,83663.4052509
2013-03-25,83525.5102704,-0.00143448586208,-0.0016482114255,17.8810084246,0,0.000213725563417,0,35762.0168492,0.427451126833,0.309487197715,0.309487197715,0.618974395431,1.80411241502e-16,2.56739074445e-16,0.08,83525.5102704
2013-03-26,83644.8125067,0.00157808804948,0.00142833292333,12.5083733278,0,0.000149755126156,0,25016.7466556,0.299510252313,0.215343925208,0.215343925208,0.430687850415,9.02056207508e-17,8.32667268469e-17,0.08,83644.8125067
2013-03-27,83791.3034548,0.00188012361202,0.00175134528601,10.7716389341,0,0.00012877832601,0,21543.2778681,0.257556652021,0.182015598731,0.182015598731,0.364031197462,2.11636264069e-16,3.1918911958e-16,0.08,83791.3034548
2013-03-28,83931.3245396,0.00184058097998,0.00167106941975,14.203594583,0,0.000169511560238,0,28407.189166,0.339023120476,0.297729630101,0.297729630101,0.595459260203,4.16333634234e-17,9.71445146547e-17,0.08,83931.3245396
2013-04-01,83909.6350969,-3.11093164762e-05,-0.000258418925652,19.0783965787,0,0.000227309609176,0,38156.7931575,0.454619218352,0.34722474127,0.34722474127,0.694449482541,2.49800180541e-16,2.35922392733e-16,0.08,83909.6350969
2013-04-02,83642.1454556,-0.00299953738598,-0.00318782987209,15.7995538013,0,0.000188292486113,0,31599.1076025,0.376584972227,0.271168674847,0.271168674847,0.542337349694,6.59194920871e-16,5.6898930012e-16,0.08,83642.1454556
2013-04-03,83535.7822036,-0.00115828629843,-0.00127164662487,9.48170091355,0,0.000113360326447,0,18963.4018271,0.226720652893,0.266002860078,0.266002860078,0.532005720156,2.63677968348e-16,2.49800180541e-16,0.08,83535.7822036
2013-04-04,83566.0862462,0.000476373086663,0.000362767209332,9.49015582573,0,0.00011360587733,0,18980.3116515,0.227211754661,0.224617036793,0.224617036793,0.449234073585,2.22044604925e-16,2.49800180541e-16,0.08,83566.0862462
2013-04-05,83511.4174972,-0.000494912880918,-0.000654197791027,13.3108165358,0,0.000159284910109,0,26621.6330717,0.318569820217,0.252041706255,0.252041706255,0.50408341251,6.66133814775e-16,6.93889390391e-16,0.08,83511.4174972
2013-04-08,83579.449535,0.000944882774327,0.000814643553046,10.8764619829,0,0.000130239221281,0,21752.9239658,0.260478442562,0.253703402254,0.253703402254,0.507406804508,1.11022302463e-16,1.2490009027e-16,0.08,83579.449535
2013-04-09,83529.9467383,-0.000436070744893,-0.000592284312158,13.0562439619,0,0.000156213567265,0,26112.4879238,0.312427134529,0.227774210919,0.227774210919,0.455548421838,1.38777878078e-16,1.38777878078e-16,0.08,83529.9467383
2013-04-10,83436.6275963,-0.000935912202194,-0.0011171938396,15.1424455171,0,0.000181281637406,0,30284.8910343,0.362563274812,0.247663519883,0.247663519883,0.495327039765,1.38777878078e-17,-1.73472347598e-17,0.08,83436.6275963
2013-04-11,83667.4843208,0.00289173628482,0.00276685109511,10.4199990661,0,0.000124885189709,0,20839.9981321,0.249770379418,0.211501678511,0.211501678511,0.423003357021,-6.93889390391e-17,-1.11022302463e-16,0.08,83667.4843208
2013-04-12,83617.6636745,-0.000410218026537,-0.00059546007255,15.4987359803,0,0.000185242046013,0,30997.4719607,0.370484092026,0.266674321987,0.266674321987,0.533348643974,-1.45716771982e-16,-1.52655665886e-16,0.08,83617.6636745
2013-04-15,83526.6295332,-0.000950432685252,-0.0010886951071,11.5611806886,0,0.000138262421844,0,23122.3613772,0.276524843689,0.29167513567,0.29167513567,0.583350271339,0,-1.38777878078e-17,0.08,83526.6295332
2013-04-16,83549.7146688,0.000476723243611,0.000276380548103,16.7339501073,0,0.000200342695507,0,33467.9002147,0.400685391015,0.273345737494,0.273345737494,0.546691474988,8.32667268469e-17,1.11022302463e-16,0.08,83549.7146688
2013-04-17,83476.1477928,-0.000705906726088,-0.000880516185379,14.5885705022,0,0.000174609459291,0,29177.1410044,0.349218918581,0.237591631103,0.237591631103,0.475183262206,2.77555756156e-17,6.24500451352e-17,0.08,83476.1477928
2013-04-18,83775.5221833,0.00374833189763,0.00358634650049,13.5219169516,0,0.000161985397136,0,27043.8339032,0.323970794272,0.336947933258,0.336947933258,0.673895866516,-5.55111512313e-17,0,0.08,83775.5221833
2013-04-19,83807.7064079,0.00058897913974,0.000384172175148,17.1578104054,0,0.000204806964592,0,34315.6208109,0.409613929183,0.315243013152,0.315243013152,0.630486026304,3.46944695195e-16,3.74700270811e-16,0.08,83807.7064079
2013-04-22,83708.6206003,-0.000995692697249,-0.00118229947868,15.6390863518,0,0.00018660678143,0,31278.1727036,0.37321356286,0.409514491195,0.409514491195,0.819028982389,5.27355936697e-16,6.24500451352e-16,0.08,83708.6206003
2013-04-23,83922.0580785,0.00276841805756,0.00254976699761,18.3029786208,0,0.000218651059945,0,36605.9572416,0.437302119891,0.335263707375,0.335263707375,0.67052741475,1.11022302463e-16,1.45716771982e-16,0.08,83922.0580785
2013-04-24,83852.1054788,-0.000609585825345,-0.000833542471584,18.7949026727,0,0.000223956646239,0,37589.8053455,0.447913292478,0.254296176518,0.254296176518,0.508592353037,6.93889390391e-17,4.85722573274e-17,0.08,83852.1054788
2013-04-25,83934.3795938,0.00112149747741,0.000981181265333,11.7658098155,0,0.000140316212077,0,23531.619631,0.280632424155,0.31530259478,0.31530259478,0.63060518956,-2.08166817117e-16,-2.49800180541e-16,0.08,83934.3795938
2013-04-26,83937.2974483,0.000265979747431,3.47635212692e-05,19.4069904949,0,0.000231216226161,0,38813.9809897,0.462432452322,0.333040695502,0.333040695502,0.666081391004,-2.32452945781e-16,-2.49800180541e-16,0.08,83937.2974483
2013-04-29,84090.3925315,0.00204667306504,0.00182392199715,18.6971226421,0,0.000222751067886,0,37394.2452842,0.445502135773,0.294187321807,0.294187321807,0.588374643613,-2.49800180541e-16,-2.08166817117e-16,0.08,84090.3925315
2013-04-30,83768.3548763,-0.00366428297381,-0.00382966050653,13.9066616425,0,0.000165377532722,0,27813.323285,0.330755065444,0.274369281674,0.274369281674,0.548738563348,-1.17961196366e-16,-1.11022302463e-16,0.08,83768.3548763
2013-05-01,83884.049299,0.00153742719345,0.0013811232523,13.0933240116,0,0.000156303941159,0,26186.6480231,0.312607882318,0.257189075885,0.257189075885,0.51437815177,1.38777878078e-17,1.04083408559e-17,0.08,83884.049299
2013-05-02,83816.3171803,-0.000618439477399,-0.000807449321509,15.8549110813,0,0.00018900984411,0,31709.8221626,0.37801968822,0.286796833036,0.286796833036,0.573593666071,2.77555756156e-17,5.94142790522e-17,0.08,83816.3171803
2013-05-03,83639.5296367,-0.00191587798324,-0.00210922585961,16.2057069314,0,0.000193347876364,0,32411.4138629,0.386695752727,0.285694442365,0.285694442365,0.57138888473,1.11022302463e-16,2.01227923213e-16,0.08,83639.5296367
2013-05-06,83655.8681293,0.00035227227397,0.000195344147354,13.125394697,0,0.000156928126616,0,26250.7893939,0.313856253233,0.359963828679,0.359963828679,0.719927657357,0,6.59194920871e-17,0.08,83655.8681293
2013-05-07,83900.5800139,0.00312168609834,0.00292522078921,16.4354759931,0,0.000196465309137,0,32870.9519862,0.392930618274,0.284154596953,0.284154596953,0.568309193906,-2.22044604925e-16,-1.49186218934e-16,0.08,83900.5800139
2013-05-08,83868.9033319,-0.000194014422169,-0.000377550214801,15.3987594551,0,0.000183535792632,0,30797.5189102,0.367071585263,0.260846822679,0.260846822679,0.521693645358,-1.52655665886e-16,-1.8561541193e-16,0.08,83868.9033319
2013-05-09,83824.3548431,-0.000336243593953,-0.000531168132372,16.3481072697,0,0.000194924538419,0,32696.2145394,0.389849076838,0.192380339507,0.192380339507,0.384760679014,0,2.08166817117e-17,0.08,83824.3548431
2013-05-10,83921.8979211,0.00128842299737,0.00116366034897,10.4581485109,0,0.000124762648403,0,20916.2970218,0.249525296806,0.222370959161,0.222370959161,0.444741918323,-4.51028103754e-16,-4.16333634234e-16,0.08,83921.8979211
2013-05-13,84047.6370732,0.0017781820488,0.00149828775506,23.4892603482,0,0.000279894293743,0,46978.5206964,0.559788587486,0.313411496912,0.313411496912,0.626822993824,-1.80411241502e-16,-1.7694179455e-16,0.08,84047.6370732
2013-05-14,84049.3375204,0.000326173714654,2.02319455704e-05,25.7136827734,0,0.000305941769083,0,51427.3655469,0.611883538167,0.39134193337,0.39134193337,0.782683866739,-5.55111512313e-17,-1.31838984174e-16,0.08,84049.3375204
2013-05-15,83789.3361573,-0.00270096599992,-0.00309343738782,32.9869601485,0,0.000392471387898,0,65973.9202971,0.784942775796,0.467285603884,0.467285603884,0.934571207767,2.77555756156e-17,-5.55111512313e-17,0.08,83789.3361573
2013-05-16,84017.4604338,0.00299632836711,0.00272259319585,22.9360882824,0,0.000273735171256,0,45872.1765648,0.547470342511,0.434014018914,0.434014018914,0.868028037827,2.49800180541e-16,1.11022302463e-16,0.08,84017.4604338
2013-05-17,83809.0184923,-0.0022873944898,-0.00248093599097,16.260865417,0,0.000193541501172,0,32521.730834,0.387083002343,0.369919023639,0.369919023639,0.739838047278,8.32667268469e-17,1.56125112838e-17,0.08,83809.0184923
2013-05-20,84046.1477651,0.00300484504254,0.002829400428,14.7038409444,0,0.000175444614541,0,29407.6818889,0.350889229082,0.309413715359,0.309413715359,0.618827430719,-2.77555756156e-17,-4.16333634234e-17,0.08,84046.1477651
2013-05-21,83896.6115739,-0.0016071495286,-0.00177921529009,14.461464415,0,0.000172065761484,0,28922.9288301,0.344131522969,0.399745853806,0.399745853806,0.799491707612,0,-6.93889390391e-17,0.08,83896.6115739
2013-05-22,83990.9725913,0.00133443954384,0.00112472977839,17.5939387353,0,0.000209709765452,0,35187.8774707,0.419419530903,0.319746265253,0.319746265253,0.639492530506,2.77555756156e-17,-2.77555756156e-17,0.08,83990.9725913
2013-05-23,83910.206386,-0.000787131441183,-0.00096160578606,14.6542699185,0,0.000174474344877,0,29308.539837,0.348948689755,0.267759679637,0.267759679637,0.535519359274,-1.21430643318e-16,-1.11022302463e-16,0.08,83910.206386
2013-05-24,83913.1814058,0.000143633730582,3.54548018366e-05,9.07731623761,0,0.000108178928745,0,18154.6324752,0.21635785749,0.307200086208,0.307200086208,0.614400172416,-5.55111512313e-17,-9.71445146547e-17,0.08,83913.1814058
2013-05-28,83805.5398931,-0.00110070232699,-0.00128277239562,15.2780786977,0,0.000182070068632,0,30556.1573954,0.364140137265,0.36164354151,0.36164354151,0.723287083021,2.08166817117e-17,-1.38777878078e-17,0.08,83805.5398931
2013-05-29,83690.8750074,-0.00119099153958,-0.00136822560708,14.8531967147,0,0.000177234067505,0,29706.3934294,0.35446813501,0.286955525546,0.286955525546,0.573911051091,0,6.93889390391e-18,0.08,83690.8750074
2013-05-30,83570.7103634,-0.00127841646168,-0.0014358153612,13.1728516255,0,0.000157398899514,0,26345.7032511,0.314797799028,0.238954902176,0.238954902176,0.477909804352,-3.05311331772e-16,-2.63677968348e-16,0.08,83570.7103634
2013-05-31,83516.5219338,-0.000431760320203,-0.000648414131518,18.1059129145,0,0.000216653811314,0,36211.825829,0.433307622629,0.367724947727,0.367724947727,0.735449895455,-1.87350135405e-16,-1.80411241502e-16,0.08,83516.5219338
2013-06-03,83557.9596319,0.000711950231445,0.000496161682277,18.0219090997,0,0.000215788549168,0,36043.8181993,0.431577098336,0.447336375775,0.447336375775,0.89467275155,-9.71445146547e-17,-5.55111512313e-17,0.08,83557.9596319
2013-06-04,83630.1741584,0.00104120897999,0.000864244732972,14.7867714086,0,0.000176964247018,0,29573.5428172,0.353928494036,0.428735491161,0.428735491161,0.857470982323,-8.32667268469e-17,-3.46944695195e-17,0.08,83630.1741584
2013-06-05,83843.4469792,0.00277065720176,0.00255018984437,18.437723495,0,0.000220467357393,0,36875.44699,0.440934714786,0.327141202764,0.327141202764,0.654282405527,-5.55111512313e-17,-3.46944695195e-17,0.08,83843.4469792
2013-06-06,84062.661339,0.0028058355537,0.00261456759836,16.0365646722,0,0.000191267955338,0,32073.1293445,0.382535910677,0.316092003766,0.316092003766,0.632184007533,1.80411241502e-16,1.94289029309e-16,0.08,84062.661339
2013-06-07,84057.6374348,0.000200601797009,-5.97638011083e-05,21.8870250989,0,0.000260365598117,0,43774.0501977,0.520731196235,0.23832207544,0.23832207544,0.476644150881,6.24500451352e-17,5.03069808033e-17,0.08,84057.6374348
2013-06-10,84082.6887024,0.000544606861012,0.000298024882517,20.7270985463,0,0.000246581978496,0,41454.1970927,0.493163956991,0.358448866318,0.358448866318,0.716897732635,-4.16333634234e-17,-7.97972798949e-17,0.08,84082.6887024
2013-06-11,84202.1835297,0.00161284448284,0.00142115849554,16.1174731991,0,0.000191685987305,0,32234.9463983,0.383371974609,0.254918895421,0.254918895421,0.509837790842,0,0,0.08,84202.1835297
2013-06-12,84176.8620921,-0.000117302176306,-0.000300721864164,15.44433822,0,0.000183419687858,0,30888.67644,0.366839375716,0.316128355747,0.316128355747,0.632256711493,2.77555756156e-17,-1.38777878078e-17,0.08,84176.8620921
2013-06-13,84111.7995473,-0.000580016568649,-0.000772926706732,16.2385700896,0,0.000192910138083,0,32477.1401792,0.385820276166,0.379422903874,0.379422903874,0.758845807748,-2.77555756156e-16,-3.05311331772e-16,0.08,84111.7995473
2013-06-14,84032.4331881,-0.000715400799256,-0.000943581752295,19.1927105826,0,0.000228180953039,0,38385.4211651,0.456361906079,0.268714851122,0.268714851122,0.537429702244,-1.11022302463e-16,-7.6327832943e-17,0.08,84032.4331881
2013-06-17,84067.9921773,0.00066808179004,0.000423157914801,20.5815491823,0,0.00024492387524,0,41163.0983645,0.48984775048,0.323723654922,0.323723654922,0.647447309843,-5.55111512313e-17,-5.55111512313e-17,0.08,84067.9921773
2013-06-18,83980.4577534,-0.000773204799741,-0.0010412336684,22.5326488334,0,0.000268028868656,0,45065.2976669,0.536057737311,0.347485868859,0.347485868859,0.694971737718,6.93889390391e-18,-1.38777878078e-17,0.08,83980.4577534
2013-06-19,83951.1265827,-0.000100883420949,-0.000349261858359,20.8589348698,0,0.00024837843741,0,41717.8697396,0.496756874821,0.366172235496,0.366172235496,0.732344470991,-1.66533453694e-16,-2.08166817117e-16,0.08,83951.1265827
2013-06-20,83823.9217331,-0.0013214661762,-0.00151522504521,16.2662753388,0,0.00019375886901,0,32532.5506776,0.38751773802,0.384460954922,0.384460954922,0.768921909844,-4.7878367937e-16,-4.83987849798e-16,0.08,83823.9217331
2013-06-21,83645.4260156,-0.0018354400181,-0.00212941262841,24.6419370784,0,0.000293972610311,0,49283.8741568,0.587945220622,0.239771205473,0.239771205473,0.479542410946,5.20417042793e-18,2.42861286637e-17,0.08,83645.4260156
2013-06-24,83717.1161515,0.00107036729039,0.000857071799959,17.8411921639,0,0.000213295490426,0,35682.3843279,0.426590980853,0.255388657183,0.255388657183,0.510777314366,1.38777878078e-16,1.11022302463e-16,0.08,83717.1161515
2013-06-25,83577.6151682,-0.00144996481394,-0.00166633765748,18.1141104746,0,0.000216372843539,0,36228.2209492,0.432745687079,0.311685159661,0.311685159661,0.623370319322,8.39606162373e-16,6.97358837343e-16,0.08,83577.6151682
2013-06-26,83347.7250542,-0.0025825203821,-0.00275061825546,14.049219371,0,0.000168097873368,0,28098.438742,0.336195746737,0.232967240368,0.232967240368,0.465934480736,5.55111512313e-17,3.46944695195e-17,0.08,83347.7250542
2013-06-27,83324.9308976,-0.00014064744236,-0.000273482648123,11.0715122074,0,0.000132835205762,0,22143.0244148,0.265670411525,0.302742954997,0.302742954997,0.605485909995,1.11022302463e-16,1.04083408559e-16,0.08,83324.9308976
2013-06-28,83384.1065365,0.000855900864495,0.000710179273155,12.1422415287,0,0.00014572159134,0,24284.4830574,0.29144318268,0.296327189343,0.296327189343,0.592654378686,4.16333634234e-16,3.0184188482e-16,0.08,83384.1065365
2013-07-01,83297.0968579,-0.000780152951653,-0.0010434803729,21.9573217476,0,0.000263327421252,0,43914.6434952,0.526654842503,0.390479270334,0.390479270334,0.780958540667,1.73472347598e-16,6.59194920871e-17,0.08,83297.0968579
2013-07-02,83310.0637316,0.000532849616355,0.00015567017495,31.4179524636,0,0.000377179441406,0,62835.9049271,0.754358882811,0.441460101792,0.441460101792,0.882920203584,2.77555756156e-17,2.77555756156e-17,0.08,83310.0637316
2013-07-03,83411.5689784,0.00141664141596,0.00121840318279,16.5152398393,0,0.000198238233169,0,33030.4796786,0.396476466337,0.382198555497,0.382198555497,0.764397110994,-1.38777878078e-16,-1.38777878078e-16,0.08,83411.5689784
2013-07-05,83533.3569937,0.00167727131774,0.001460085415,18.1158169073,0,0.000217185902737,0,36231.6338146,0.434371805474,0.438841775057,0.438841775057,0.877683550113,-2.77555756156e-17,0,0.08,83533.3569937
2013-07-08,83518.910639,6.41853096932e-05,-0.000172941148541,19.8079690883,0,0.000237126458234,0,39615.9381766,0.474252916468,0.425882593619,0.425882593619,0.851765187237,-5.55111512313e-17,0,0.08,83518.910639
2013-07-09,83485.8619904,-0.000115993145362,-0.000395702581761,23.3610274235,0,0.000279709436399,0,46722.054847,0.559418872798,0.417654258152,0.417654258152,0.835308516303,-6.93889390391e-17,8.32667268469e-17,0.08,83485.8619904
2013-07-10,83539.4900656,0.000953966886386,0.000642361159928,26.0146726745,0,0.000311605726458,0,52029.345349,0.623211452916,0.387317253846,0.387317253846,0.774634507693,-1.94289029309e-16,-2.08166817117e-16,0.08,83539.4900656
2013-07-11,83671.7001704,0.00184863286112,0.00158260607955,22.2237416754,0,0.000266026781562,0,44447.4833509,0.532053563123,0.4030445973,0.4030445973,0.806089194601,-2.77555756156e-16,-3.05311331772e-16,0.08,83671.7001704
2013-07-12,83743.082318,0.00113758079548,0.000853121753769,23.8011716492,0,0.000284459041716,0,47602.3432984,0.568918083432,0.403688838643,0.403688838643,0.807377677286,-8.32667268469e-17,-1.11022302463e-16,0.08,83743.082318
2013-07-15,83842.5929419,0.00144292614888,0.00118828470525,21.3244593755,0,0.00025464144363,0,42648.918751,0.509282887261,0.376744694794,0.376744694794,0.753489389588,3.46944695195e-17,0,0.08,83842.5929419
2013-07-16,83760.8084585,-0.000770922978558,-0.000975452696696,17.1483019023,0,0.000204529718137,0,34296.6038046,0.409059436274,0.331029637402,0.331029637402,0.662059274804,-2.53269627493e-16,-1.94289029309e-16,0.08,83760.8084585
2013-07-17,83681.9026829,-0.000674387045741,-0.000942036939582,22.418571492,0,0.000267649893842,0,44837.142984,0.535299787683,0.309943276117,0.309943276117,0.619886552234,0,1.38777878078e-17,0.08,83681.9026829
2013-07-18,83968.1556613,0.00363175149439,0.00342072741303,17.6588966399,0,0.000211024081358,0,35317.7932799,0.422048162716,0.251214103247,0.251214103247,0.502428206494,-1.2490009027e-16,-1.11022302463e-16,0.08,83968.1556613
2013-07-19,84117.9581502,0.00202818595217,0.00178403929099,20.5005448503,0,0.000244146661182,0,41001.0897007,0.488293322364,0.306433896772,0.306433896772,0.612867793544,-4.30211422042e-16,-3.46944695195e-16,0.08,84117.9581502
2013-07-22,84097.8079598,2.20468974136e-06,-0.000239546833017,20.3356444741,0,0.000241751522758,0,40671.2889483,0.483503045516,0.318894086924,0.318894086924,0.637788173849,-1.80411241502e-16,-1.4224732503e-16,0.08,84097.8079598
2013-07-23,83861.93564,-0.00267045131746,-0.00280473802484,11.2932177286,0,0.000134286707378,0,22586.4354572,0.268573414756,0.348726036214,0.348726036214,0.697452072429,-3.78169717763e-16,-3.22658566532e-16,0.08,83861.93564
2013-07-24,84067.0591865,0.00257010749887,0.00244596723107,10.4106431484,0,0.000124140267798,0,20821.2862969,0.248280535597,0.304268555912,0.304268555912,0.608537111823,-1.70002900646e-16,-1.66533453694e-16,0.08,84067.0591865
2013-07-25,84141.0836035,0.00104933200686,0.000880540103636,14.1898389182,0,0.00016879190322,0,28379.6778364,0.33758380644,0.296025695479,0.296025695479,0.592051390958,-1.80411241502e-16,-1.66533453694e-16,0.08,84141.0836035
2013-07-26,84772.1856175,0.00772137103024,0.00750052158822,18.5825113642,0,0.000220849442013,0,37165.0227284,0.441698884026,0.312079800054,0.312079800054,0.624159600108,-4.85722573274e-16,-4.23272528138e-16,0.08,84772.1856175
2013-07-29,84657.1256858,-0.00106598938294,-0.0013572840067,24.6936819152,0,0.000291294623765,0,49387.3638304,0.582589247531,0.263596093149,0.263596093149,0.527192186298,0,2.77555756156e-17,0.08,84657.1256858
2013-07-30,84684.5002734,0.000445486459573,0.000323358339688,10.3390155949,0,0.000122128119885,0,20678.0311898,0.24425623977,0.289930191757,0.289930191757,0.579860383515,3.74700270811e-16,3.81639164715e-16,0.08,84684.5002734
2013-07-31,84715.7429539,0.000515362164454,0.000368930329277,12.400506786,0,0.000146431835177,0,24801.0135721,0.292863670353,0.278384401695,0.278384401695,0.556768803391,3.46944695195e-17,3.46944695195e-17,0.08,84715.7429539
2013-08-01,84623.5315753,-0.000934807294792,-0.00108847984404,13.0184841809,0,0.000153672549245,0,26036.9683618,0.307345098489,0.249844759591,0.249844759591,0.499689519181,5.55111512313e-17,9.71445146547e-17,0.08,84623.5315753
2013-08-02,84458.7959557,-0.00175627129581,-0.00194668807287,16.1137401461,0,0.000190416777061,0,32227.4802921,0.380833554121,0.229288537485,0.229288537485,0.45857707497,-5.55111512313e-17,-2.08166817117e-17,0.08,84458.7959557
2013-08-05,84385.7926775,-0.000745280984652,-0.000864365603569,10.0577435306,0,0.000119084618918,0,20115.4870613,0.238169237835,0.216321986938,0.216321986938,0.432643973876,6.93889390391e-18,1.21430643318e-17,0.08,84385.7926775
2013-08-06,84403.0069902,0.000276584945751,0.000203995390109,6.12552719291,0,7.25895556414e-05,0,12251.0543858,0.145179111283,0.203458549816,0.203458549816,0.406917099631,-3.46944695195e-17,6.93889390391e-18,0.08,84403.0069902
2013-08-07,84464.0387783,0.00081900808993,0.000723099688297,8.09495749346,0,9.59084016332e-05,0,16189.9149869,0.191816803266,0.228340574326,0.228340574326,0.456681148651,-4.85722573274e-17,-3.98986399475e-17,0.08,84464.0387783
2013-08-08,84456.3146038,-7.46879400944e-06,-9.1449267823e-05,7.09332999679,0,8.39804738134e-05,0,14186.6599936,0.167960947627,0.216963435052,0.216963435052,0.433926870104,3.46944695195e-17,4.51028103754e-17,0.08,84456.3146038
2013-08-09,84484.2746704,0.000544743228001,0.000331059515903,18.0469388146,0,0.000213683712098,0,36093.8776292,0.427367424195,0.295932738696,0.295932738696,0.591865477392,1.04083408559e-16,1.2490009027e-16,0.08,84484.2746704
2013-08-12,84360.7108367,-0.00117344402871,-0.00146256607132,24.4262660614,0,0.000289122042613,0,48852.5321227,0.578244085226,0.393610385114,0.393610385114,0.787220770227,-5.55111512313e-17,0,0.08,84360.7108367
2013-08-13,84395.4468496,0.000615641734685,0.000411755811188,17.1999614358,0,0.000203885923497,0,34399.9228715,0.407771846993,0.307577371469,0.307577371469,0.615154742938,6.73072708679e-16,6.24500451352e-16,0.08,84395.4468496
2013-08-14,84161.5118981,-0.00252330918631,-0.00277189066776,20.9791452054,0,0.000248581481449,0,41958.2904108,0.497162962897,0.292198452281,0.292198452281,0.584396904563,-2.77555756156e-17,2.77555756156e-17,0.08,84161.5118981
2013-08-15,84064.487062,-0.000992611450761,-0.00115284093503,13.4851556465,0,0.000160229484266,0,26970.311293,0.320458968532,0.272031773919,0.272031773919,0.544063547838,-8.32667268469e-17,2.08166817117e-17,0.08,84064.487062
2013-08-16,84039.7735752,-0.000104532171153,-0.000293982485133,15.9260434685,0,0.00018945031398,0,31852.086937,0.37890062796,0.308587472464,0.308587472464,0.617174944927,-2.08166817117e-17,2.08166817117e-17,0.08,84039.7735752
2013-08-19,84013.3813935,-0.000181885497506,-0.000314043941558,11.1065657142,0,0.000132158444052,0,22213.1314283,0.264316888103,0.186299403449,0.186299403449,0.372598806898,-3.46944695195e-17,4.42354486374e-17,0.08,84013.3813935
2013-08-20,84036.1833253,0.00039781554723,0.000271408333866,10.6198974272,0,0.000126407213364,0,21239.7948545,0.252814426728,0.235644235087,0.235644235087,0.471288470175,-4.51028103754e-17,1.38777878078e-17,0.08,84036.1833253
2013-08-21,84002.7004153,-0.000115379721392,-0.000398434444513,23.7868386033,0,0.000283054723121,0,47573.6772066,0.566109446242,0.42640283352,0.42640283352,0.852805667039,-1.38777878078e-17,6.24500451352e-17,0.08,84002.7004153
2013-08-22,83807.6089523,-0.00204645995737,-0.0023224427552,23.1833002864,0,0.000275982797836,0,46366.6005728,0.551965595672,0.364557681788,0.364557681788,0.729115363576,4.85722573274e-17,8.32667268469e-17,0.08,83807.6089523
2013-08-23,83677.4743874,-0.00136172120765,-0.00155277744472,16.0119664044,0,0.000191056237071,0,32023.9328088,0.382112474143,0.264063785008,0.264063785008,0.528127570016,-1.66533453694e-16,-8.32667268469e-17,0.08,83677.4743874
2013-08-26,83633.8571079,-0.0003818506176,-0.000521254732665,11.6649842678,0,0.000139404115064,0,23329.9685356,0.278808230129,0.220270830457,0.220270830457,0.440541660914,3.46944695195e-18,1.38777878078e-17,0.08,83633.8571079
2013-08-27,83645.0459279,0.000286262834304,0.000133783379092,12.7524449691,0,0.000152479455212,0,25504.8899381,0.304958910424,0.238495635264,0.238495635264,0.476991270528,-2.01227923213e-16,-1.66533453694e-16,0.08,83645.0459279
2013-08-28,83657.6423507,0.000268029659072,0.000150593769844,9.82293034804,0,0.000117435889228,0,19645.8606961,0.234871778456,0.238094334191,0.238094334191,0.476188668382,9.71445146547e-17,6.93889390391e-17,0.08,83657.6423507
2013-08-29,83688.3153084,0.000563201152119,0.000366648602923,16.4431228638,0,0.000196552549197,0,32886.2457276,0.393105098393,0.285277037412,0.285277037412,0.570554074824,1.38777878078e-16,8.32667268469e-17,0.08,83688.3153084
2013-08-30,83682.0549888,3.29250276211e-05,-7.48051812718e-05,9.01575969006,0,0.000107730208893,0,18031.5193801,0.215460417786,0.238408570502,0.238408570502,0.476817141005,3.46944695195e-16,2.77555756156e-16,0.08,83682.0549888
2013-09-03,83804.0354457,0.00159794744442,0.00145766564819,11.7390689863,0,0.000140281796233,0,23478.1379725,0.280563592465,0.298257378422,0.298257378422,0.596514756844,1.66533453694e-16,8.32667268469e-17,0.08,83804.0354457
2013-09-04,83780.758556,-9.91302883954e-05,-0.000277753804627,14.9693714857,0,0.000178623516231,0,29938.7429714,0.357247032463,0.268846550754,0.268846550754,0.537693101507,0,-1.38777878078e-17,0.08,83780.758556
2013-09-05,83611.2425607,-0.00173326555168,-0.00202332848555,24.3016926287,0,0.000290062933871,0,48603.3852575,0.580125867743,0.26656931346,0.26656931346,0.533138626919,-2.35922392733e-16,-1.66533453694e-16,0.08,83611.2425607
2013-09-06,83451.5958091,-0.0015891883479,-0.00190939336273,26.7727391638,0,0.000320205014826,0,53545.4783276,0.640410029652,0.198522649391,0.198522649391,0.397045298783,-1.5959455979e-16,-1.40512601554e-16,0.08,83451.5958091
2013-09-09,83472.0746176,0.000449454908323,0.000245397445989,17.0289208686,0,0.000204057462334,0,34057.8417371,0.408114924669,0.337447391825,0.337447391825,0.674894783651,-3.33066907388e-16,-2.22044604925e-16,0.08,83472.0746176
2013-09-10,83598.5633951,0.00164215891188,0.00151534244298,10.5856337549,0,0.000126816468902,0,21171.2675099,0.253632937804,0.34781243586,0.34781243586,0.69562487172,-5.55111512313e-16,-5.13478148889e-16,0.08,83598.5633951
2013-09-11,83666.3566911,0.000993821322819,0.000810938529417,15.2887387981,0,0.000182882793402,0,30577.4775961,0.365765586804,0.248366066354,0.248366066354,0.496732132708,-3.46944695195e-17,-7.6327832943e-17,0.08,83666.3566911
2013-09-12,83762.154158,0.00132444599273,0.00114499388556,15.0141040076,0,0.000179452107171,0,30028.2080151,0.358904214343,0.181774031906,0.181774031906,0.363548063811,-1.38777878078e-17,-2.08166817117e-17,0.08,83762.154158
2013-09-13,83747.1133902,7.80695611201e-05,-0.000179565197176,21.5800423408,0,0.000257634758296,0,43160.0846816,0.515269516591,0.362858072156,0.362858072156,0.725716144312,-2.77555756156e-17,-8.32667268469e-17,0.08,83747.1133902
2013-09-16,83612.1448549,-0.0014315806484,-0.00161162014853,15.0777884324,0,0.000180039500133,0,30155.5768648,0.360079000267,0.333738147672,0.333738147672,0.667476295343,-1.66533453694e-16,-1.94289029309e-16,0.08,83612.1448549
2013-09-17,83657.624434,0.000719650667455,0.000543935085103,14.6919567249,0,0.000175715582352,0,29383.9134498,0.351431164705,0.246647119432,0.246647119432,0.493294238863,-6.93889390391e-18,-2.42861286637e-17,0.08,83657.624434
2013-09-18,83719.2852935,0.000919270442664,0.000737062042305,15.243121926,0,0.000182208400359,0,30486.2438519,0.364416800718,0.267906465674,0.267906465674,0.535812931349,-4.85722573274e-17,-5.55111512313e-17,0.08,83719.2852935
2013-09-19,83804.041064,0.00124753326714,0.0010123804823,19.6868230811,0,0.000235152784834,0,39373.6461621,0.470305569668,0.28056093853,0.28056093853,0.56112187706,6.59194920871e-17,2.42861286637e-17,0.08,83804.041064
2013-09-20,83711.9471886,-0.000907995016102,-0.00109891926724,16.0002237824,0,0.000190924251137,0,32000.4475648,0.381848502274,0.216535410236,0.216535410236,0.433070820472,-2.77555756156e-17,-2.77555756156e-17,0.08,83711.9471886
2013-09-23,83949.4493134,0.003015861647,0.00283713535287,14.9615260951,0,0.000178726294126,0,29923.0521902,0.357452588252,0.305198163512,0.305198163512,0.610396327025,-1.31838984174e-16,-1.38777878078e-16,0.08,83949.4493134
2013-09-24,84116.4717589,0.00234411001283,0.0019895597514,29.764299201,0,0.000354550261431,0,59528.5984021,0.709100522862,0.422746652907,0.422746652907,0.845493305814,8.32667268469e-16,7.21644966006e-16,0.08,84116.4717589
2013-09-25,84327.1118325,0.00275126715084,0.00250414775079,20.7868120357,0,0.000247119400054,0,41573.6240714,0.494238800107,0.299745376288,0.299745376288,0.599490752576,4.4408920985e-16,4.4408920985e-16,0.08,84327.1118325
2013-09-26,84281.0402458,-0.00026121106833,-0.000546343704029,24.0444116577,0,0.000285132635699,0,48088.8233153,0.570265271397,0.385330681478,0.385330681478,0.770661362955,3.46944695195e-16,2.77555756156e-16,0.08,84281.0402458
2013-09-27,84109.6546709,-0.00181623064885,-0.0020335009442,18.3117665064,0,0.000217270295348,0,36623.5330128,0.434540590695,0.335023543055,0.335023543055,0.67004708611,2.8449465006e-16,2.63677968348e-16,0.08,84109.6546709
2013-09-30,84155.9454626,0.000736532156653,0.000550362403203,15.6586736729,0,0.000186169753451,0,31317.3473458,0.372339506901,0.334665576143,0.334665576143,0.669331152285,3.40005801291e-16,3.1918911958e-16,0.08,84155.9454626
2013-10-01,84023.7990211,-0.00139827903701,-0.00157025675071,14.4729470945,0,0.000171977713695,0,28945.894189,0.34395542739,0.382184894116,0.382184894116,0.764369788231,-2.22044604925e-16,-1.87350135405e-16,0.08,84023.7990211
2013-10-02,83872.5495576,-0.00161292584723,-0.00180007885069,15.725306349,0,0.00018715300346,0,31450.6126979,0.374306006921,0.335581421655,0.335581421655,0.671162843309,-1.80411241502e-16,-1.11022302463e-16,0.08,83872.5495576
2013-10-03,83652.2162992,-0.00245969183247,-0.00262700084204,14.0326331968,0,0.000167309009573,0,28065.2663936,0.334618019145,0.356534255837,0.356534255837,0.713068511673,-5.55111512313e-17,-1.04083408559e-17,0.08,83652.2162992
2013-10-04,83527.2640655,-0.00140896610346,-0.00149371097651,7.0890964508,0,8.4744873052e-05,0,14178.1929016,0.169489746104,0.288745576592,0.288745576592,0.577491153185,0,2.77555756156e-17,0.08,83527.2640655
2013-10-07,83590.0841702,0.000859209979122,0.000752091013531,8.94735412533,0,0.000107118965591,0,17894.7082507,0.214237931182,0.23924930361,0.23924930361,0.478498607221,-7.6327832943e-17,-9.02056207508e-17,0.08,83590.0841702
2013-10-08,83733.6418327,0.00181466222342,0.00171740062085,8.13010554505,0,9.72616025663e-05,0,16260.2110901,0.194523205133,0.267203393942,0.267203393942,0.534406787885,-4.85722573274e-17,-2.08166817117e-17,0.08,83733.6418327
2013-10-09,83773.8492373,0.000651753915435,0.00048018220352,14.3663242741,0,0.000171571711915,0,28732.6485482,0.34314342383,0.247382760548,0.247382760548,0.494765521096,-2.60208521397e-17,-6.93889390391e-18,0.08,83773.8492373
2013-10-10,83559.8956427,-0.00235889312731,-0.00255394250804,16.3400374152,0,0.000195049380731,0,32680.0748303,0.390098761461,0.217638348942,0.217638348942,0.435276697883,-3.81639164715e-17,6.93889390391e-18,0.08,83559.8956427
2013-10-11,83571.9004229,0.000345210396681,0.000143666768698,16.8409645217,0,0.000201543627983,0,33681.9290435,0.403087255967,0.296632353102,0.296632353102,0.593264706204,-2.35922392733e-16,-2.49800180541e-16,0.08,83571.9004229
2013-10-14,83526.7377763,-0.000345367992471,-0.000540404685492,16.299587088,0,0.000195036693021,0,32599.174176,0.390073386042,0.35206866969,0.35206866969,0.70413733938,2.08166817117e-17,1.38777878078e-17,0.08,83526.7377763
2013-10-15,83414.1932993,-0.00115925863549,-0.00134740659113,15.7153849542,0,0.000188147955644,0,31430.7699084,0.376295911288,0.237458128047,0.237458128047,0.474916256094,-2.77555756156e-17,-4.85722573274e-17,0.08,83414.1932993
2013-10-16,83373.6949481,-0.000354481229456,-0.000485509115161,10.9295853858,0,0.000131027885705,0,21859.1707715,0.262055771409,0.232967309229,0.232967309229,0.465934618458,-2.34187669257e-16,-1.73472347598e-16,0.08,83373.6949481
2013-10-17,83324.4011418,-0.000438919941027,-0.000591239315102,12.6994290288,0,0.000152319374075,0,25398.8580577,0.304638748151,0.273041113371,0.273041113371,0.546082226742,-1.94289029309e-16,-1.80411241502e-16,0.08,83324.4011418
2013-10-18,83223.1745747,-0.00097085413486,-0.00121484902091,20.3307277617,0,0.00024399488605,0,40661.4555235,0.487989772099,0.285477864207,0.285477864207,0.570955728413,-4.16333634234e-17,-6.93889390391e-18,0.08,83223.1745747
2013-10-21,83212.2446825,9.96497287603e-06,-0.000131332315216,11.7592088738,0,0.000141297288092,0,23518.4177476,0.282594576184,0.309876815196,0.309876815196,0.619753630392,-2.35922392733e-16,-1.87350135405e-16,0.08,83212.2446825
2013-10-22,83217.6835181,0.000182131041343,6.53610008685e-05,9.71669717957,0,0.000116770040475,0,19433.3943591,0.23354008095,0.260361569147,0.260361569147,0.520723138294,-3.60822483003e-16,-2.77555756156e-16,0.08,83217.6835181
2013-10-23,83276.7712855,0.000825207739217,0.000710038598281,9.58410912147,0,0.000115169140936,0,19168.2182429,0.230338281872,0.285640658857,0.285640658857,0.571281317715,-2.98372437868e-16,-2.22044604925e-16,0.08,83276.7712855
2013-10-24,83415.4744737,0.00186619104606,0.00166556875415,16.7071767179,0,0.000200622291907,0,33414.3534358,0.401244583813,0.349199375007,0.349199375007,0.698398750015,-4.85722573274e-17,-2.08166817117e-17,0.08,83415.4744737
2013-10-25,83381.2465434,-6.7549463674e-05,-0.00041033070295,28.5932597149,0,0.000342781239276,0,57186.5194298,0.685562478552,0.425064856856,0.425064856856,0.850129713713,-5.55111512313e-17,-4.85722573274e-17,0.08,83381.2465434
2013-10-28,83110.622353,-0.00300749858882,-0.00324562418464,19.8552090139,0,0.000238125595826,0,39710.4180278,0.476251191653,0.326915948749,0.326915948749,0.653831897499,2.77555756156e-17,2.08166817117e-17,0.08,83110.622353
2013-10-29,82918.2412096,-0.00211319960868,-0.00231475999099,16.7518088155,0,0.000201560382309,0,33503.6176309,0.403120764619,0.30275617372,0.30275617372,0.605512347441,4.02455846427e-16,3.33066907388e-16,0.08,82918.2412096
2013-10-30,83035.7041435,0.0016048902048,0.00141661149803,15.6117392229,0,0.000188278706774,0,31223.4784459,0.376557413549,0.363050626832,0.363050626832,0.726101253663,1.38777878078e-16,7.97972798949e-17,0.08,83035.7041435
2013-10-31,82859.2584447,-0.00188846254557,-0.00212493770689,19.6358815322,0,0.000236475161314,0,39271.7630644,0.472950322629,0.217961127389,0.217961127389,0.435922254777,4.16333634234e-17,2.08166817117e-17,0.08,82859.2584447
2013-11-01,82897.7559523,0.000646599437157,0.000464613228236,15.0792423183,0,0.00018198620892,0,30158.4846366,0.363972417841,0.288016265033,0.288016265033,0.576032530066,2.49800180541e-16,1.94289029309e-16,0.08,82897.7559523
2013-11-04,82820.5661724,-0.000728228838034,-0.00093114438376,16.8212433886,0,0.000202915545727,0,33642.4867771,0.405831091453,0.260078283891,0.260078283891,0.520156567782,5.55111512313e-17,5.55111512313e-17,0.08,82820.5661724
2013-11-05,82777.3084271,-0.000360242983194,-0.000522306805015,13.4222174793,0,0.000162063821821,0,26844.4349585,0.324127643642,0.209074589174,0.209074589174,0.418149178348,1.38777878078e-17,0,0.08,82777.3084271
2013-11-06,82771.8866011,4.60197548839e-05,-6.54989409635e-05,9.23121748155,0,0.000111518695847,0,18462.4349631,0.223037391695,0.203146688924,0.203146688924,0.406293377848,-1.38777878078e-17,-1.90819582357e-17,0.08,82771.8866011
2013-11-07,82789.982576,0.000372577472002,0.000218624652673,12.7429653034,0,0.000153952819329,0,25485.9306068,0.307905638657,0.217675310995,0.217675310995,0.435350621989,3.88578058619e-16,2.91433543964e-16,0.08,82789.982576
2013-11-08,82888.9279481,0.00130203022728,0.00119513700835,8.84968773245,0,0.000106893218927,0,17699.3754649,0.213786437854,0.20277414113,0.20277414113,0.405548282259,2.28983498829e-16,1.04083408559e-16,0.08,82888.9279481
2013-11-11,82857.6812365,-0.000229048581606,-0.000376970874594,12.2611202854,0,0.000147922292988,0,24522.2405708,0.295844585975,0.218477295057,0.218477295057,0.436954590115,2.08166817117e-17,7.8062556419e-18,0.08,82857.6812365
2013-11-12,82873.3721789,0.000395315730216,0.000189372213029,17.0640022998,0,0.000205943517187,0,34128.0045996,0.411887034374,0.340569823197,0.340569823197,0.681139646394,2.49800180541e-16,2.01227923213e-16,0.08,82873.3721789
2013-11-13,83024.1946822,0.00206057676175,0.00181991512264,19.9444415875,0,0.000240661639114,0,39888.8831749,0.481323278227,0.307936804283,0.307936804283,0.615873608566,3.40005801291e-16,2.56739074445e-16,0.08,83024.1946822
2013-11-14,83003.3684204,4.37730733143e-05,-0.000250845694973,24.4604859754,0,0.000294618768288,0,48920.9719507,0.589237536576,0.314412095469,0.314412095469,0.628824190939,-1.38777878078e-17,-1.73472347598e-17,0.08,83003.3684204
2013-11-15,82853.1814149,-0.00164391782557,-0.00180940856244,13.7362886025,0,0.000165490736869,0,27472.5772051,0.330981473739,0.277175409395,0.277175409395,0.554350818791,-3.05311331772e-16,-2.49800180541e-16,0.08,82853.1814149
2013-11-18,82827.9704684,-0.000115293937231,-0.000304284591183,15.6584769376,0,0.000188990653953,0,31316.9538753,0.377981307905,0.317427819914,0.317427819914,0.634855639829,6.93889390391e-17,4.85722573274e-17,0.08,82827.9704684
2013-11-19,82661.468893,-0.00186115905379,-0.00201020952757,12.3455482405,0,0.000149050473779,0,24691.096481,0.298100947558,0.297898672338,0.297898672338,0.595797344676,0,2.42861286637e-17,0.08,82661.468893
2013-11-20,82677.8452948,0.000378427596411,0.000198114091013,14.9049792174,0,0.000180313505398,0,29809.9584349,0.360627010796,0.313832321235,0.313832321235,0.627664642469,-1.04083408559e-16,-9.71445146547e-17,0.08,82677.8452948
2013-11-21,82675.3334326,0.000123858218953,-3.03813223111e-05,12.752192931,0,0.000154239541264,0,25504.385862,0.308479082529,0.307580909509,0.307580909509,0.615161819019,-5.55111512313e-17,-5.55111512313e-17,0.08,82675.3334326
2013-11-22,82764.8002418,0.00121669344782,0.00108214633692,11.1237272564,0,0.000134547110904,0,22247.4545127,0.269094221807,0.247070379257,0.247070379257,0.494140758514,-1.52655665886e-16,-1.04083408559e-16,0.08,82764.8002418
2013-11-25,82377.5986629,-0.00447708944463,-0.00467833641504,16.6561653056,0,0.000201246970414,0,33312.3306112,0.402493940828,0.358518160025,0.358518160025,0.717036320049,-3.33066907388e-16,-2.28983498829e-16,0.08,82377.5986629
2013-11-26,82400.534391,0.000405943072693,0.000278421906012,10.5048874899,0,0.000127521166681,0,21009.7749798,0.255042333362,0.336581733441,0.336581733441,0.673163466882,-8.32667268469e-17,-2.77555756156e-17,0.08,82400.534391
2013-11-27,82365.0829366,-0.000251772021064,-0.000430233306965,14.7053053263,0,0.000178461285901,0,29410.6106526,0.356922571801,0.322500177079,0.322500177079,0.645000354158,-1.66533453694e-16,-1.04083408559e-16,0.08,82365.0829366
2013-11-29,82350.5245942,-5.06595803711e-05,-0.000176753811845,10.3857618332,0,0.000126094231474,0,20771.5236664,0.252188462949,0.301833171442,0.301833171442,0.603666342885,-1.38777878078e-16,-1.14491749414e-16,0.08,82350.5245942
2013-12-02,82181.7776389,-0.00187560486911,-0.00204913030128,14.2899103696,0,0.000173525432169,0,28579.8207392,0.347050864339,0.31785232855,0.31785232855,0.6357046571,-6.93889390391e-18,6.93889390391e-18,0.08,82181.7776389
2013-12-03,82281.0614373,0.00136121216135,0.00120809991252,12.5830367877,0,0.000153112248836,0,25166.0735753,0.306224497673,0.317428724066,0.317428724066,0.634857448132,1.38777878078e-17,3.12250225676e-17,0.08,82281.0614373
2013-12-04,82166.9798258,-0.0011089588186,-0.00138648687238,22.8353028435,0,0.000277528053778,0,45670.605687,0.555056107556,0.353254089349,0.353254089349,0.706508178699,2.77555756156e-17,1.73472347598e-17,0.08,82166.9798258
2013-12-05,82286.1746393,0.00174414605953,0.0014506412892,24.1164005426,0,0.000293504770332,0,48232.8010852,0.587009540664,0.364988407142,0.364988407142,0.729976814284,-5.55111512313e-17,-4.16333634234e-17,0.08,82286.1746393
2013-12-06,82229.5667099,-0.000440541361264,-0.000687939738288,20.3574660573,0,0.000247398377024,0,40714.9321145,0.494796754047,0.299196852103,0.299196852103,0.598393704206,0,4.16333634234e-17,0.08,82229.5667099
2013-12-09,82111.3712108,-0.00124334753046,-0.00143738443225,15.9555703599,0,0.00019403690179,0,31911.1407198,0.388073803579,0.224544018204,0.224544018204,0.449088036408,2.60208521397e-16,1.94289029309e-16,0.08,82111.3712108
2013-12-10,82126.2171386,0.000291096771467,0.000180802336543,9.0564272885,0,0.000110294434924,0,18112.854577,0.220588869847,0.231424348841,0.231424348841,0.462848697681,6.93889390391e-17,6.93889390391e-17,0.08,82126.2171386
2013-12-11,82080.35217,-0.000358717534906,-0.000558469269938,16.4048543651,0,0.000199751735032,0,32809.7087301,0.399503470064,0.26980627366,0.26980627366,0.539612547319,0,8.67361737988e-18,0.08,82080.35217
2013-12-12,82072.8619643,0.000109770526688,-9.12545511891e-05,16.5002091872,0,0.000201025077877,0,33000.4183744,0.402050155755,0.276545500636,0.276545500636,0.553091001272,-1.38777878078e-17,-4.33680868994e-17,0.08,82072.8619643
2013-12-13,81994.7834965,-0.000609727972493,-0.000951331121349,28.0363480827,0,0.000341603148856,0,56072.6961653,0.683206297712,0.457007701015,0.457007701015,0.91401540203,-2.35922392733e-16,-1.52655665886e-16,0.08,81994.7834965
2013-12-16,81799.2745284,-0.00219028358311,-0.00238440739463,15.9171398968,0,0.000194123811516,0,31834.2797936,0.388247623032,0.331234215341,0.331234215341,0.662468430682,-4.16333634234e-16,-3.60822483003e-16,0.08,81799.2745284
2013-12-17,81861.1107629,0.000917031272769,0.00075595089105,13.1762583653,0,0.000161080381718,0,26352.5167306,0.322160763437,0.394289026116,0.394289026116,0.788578052232,-1.31838984174e-16,-8.32667268469e-17,0.08,81861.1107629
2013-12-18,81846.8374462,2.63969668212e-05,-0.000174360164727,16.4342017821,0,0.000200757131548,0,32868.4035642,0.401514263096,0.296147484883,0.296147484883,0.592294969767,-1.94289029309e-16,-1.2490009027e-16,0.08,81846.8374462
2013-12-19,82049.9116048,0.00269990381065,0.00248114850881,17.9044296309,0,0.000218755301849,0,35808.8592618,0.437510603698,0.222386716862,0.222386716862,0.444773433723,-2.35922392733e-16,-2.08166817117e-16,0.08,82049.9116048
2013-12-20,82095.0982277,0.000815978587256,0.000550721164561,21.7643480847,0,0.000265257422695,0,43528.6961693,0.53051484539,0.351431954904,0.351431954904,0.702863909809,-1.11022302463e-16,-1.31838984174e-16,0.08,82095.0982277
2013-12-23,81902.6938894,-0.00216572925269,-0.00234367632713,14.608582555,0,0.000177947074434,0,29217.1651101,0.355894148869,0.280875793835,0.280875793835,0.561751587671,2.08166817117e-17,2.42861286637e-17,0.08,81902.6938894
2013-12-24,81840.790273,-0.000601935791595,-0.000755819051619,12.6034535405,0,0.000153883260024,0,25206.9070809,0.307766520048,0.228057880944,0.228057880944,0.456115761887,-4.16333634234e-17,-1.38777878078e-17,0.08,81840.790273
2013-12-26,81847.7587623,0.00020898959779,8.51468959939e-05,10.1353845845,0,0.000123842701796,0,20270.7691691,0.247685403592,0.240358609786,0.240358609786,0.480717219573,6.93889390391e-18,6.93889390391e-18,0.08,81847.7587623
2013-12-27,81760.473746,-0.00088947408814,-0.00106643135461,14.483555657,0,0.000176957266467,0,28967.1113141,0.353914532935,0.219177194967,0.219177194967,0.438354389933,1.11022302463e-16,6.93889390391e-17,0.08,81760.473746
2013-12-30,81748.8533298,7.33787253053e-05,-0.000142127554734,17.6198955513,0,0.000215506280039,0,35239.7911025,0.431012560079,0.307522486182,0.307522486182,0.615044972365,-8.32667268469e-17,-1.00613961607e-16,0.08,81748.8533298
2013-12-31,81629.4325881,-0.00119785487656,-0.0014608246699,21.4974790663,0,0.000262969793345,0,42994.9581327,0.52593958669,0.401764575628,0.401764575628,0.803529151257,-5.55111512313e-17,-9.71445146547e-17,0.08,81629.4325881
2014-01-02,81942.3920253,0.00409475190512,0.0038339043555,21.2928374677,0,0.000260847549623,0,42585.6749355,0.521695099246,0.283866482058,0.283866482058,0.567732964117,1.66533453694e-16,9.02056207508e-17,0.08,81942.3920253
2014-01-03,82068.0717572,0.00181797845657,0.00153375717851,23.2897713889,0,0.000284221278063,0,46579.5427779,0.568442556126,0.291163920991,0.291163920991,0.582327841981,9.71445146547e-17,4.16333634234e-17,0.08,82068.0717572
2014-01-06,82050.4837856,-1.29189666777e-05,-0.000214309550947,16.527736921,0,0.000201390584269,0,33055.473842,0.402781168538,0.197730864433,0.197730864433,0.395461728866,-2.77555756156e-17,-3.38271077815e-17,0.08,82050.4837856
2014-01-07,82236.5866183,0.00236557873057,0.00226815033928,7.99404663929,0,9.74283912837e-05,0,15988.0932786,0.194856782567,0.215283049357,0.215283049357,0.430566098715,-1.94289029309e-16,-1.52655665886e-16,0.08,82236.5866183
2014-01-08,82103.4244026,-0.00142935016069,-0.00161925757351,15.6173374038,0,0.00018990741282,0,31234.6748077,0.37981482564,0.255079358187,0.255079358187,0.510158716373,1.38777878078e-17,-6.93889390391e-18,0.08,82103.4244026
2014-01-09,82084.2123769,-0.000102664655771,-0.000233997861402,10.7829059201,0,0.000131333205631,0,21565.8118401,0.262666411262,0.249997142211,0.249997142211,0.499994284423,-1.38777878078e-16,-9.71445146547e-17,0.08,82084.2123769
2014-01-10,82223.7377914,0.00182169975949,0.00169978380177,10.0073753656,0,0.00012191595772,0,20014.7507312,0.243831915439,0.209106635009,0.209106635009,0.418213270017,-2.77555756156e-17,6.93889390391e-18,0.08,82223.7377914
2014-01-13,82126.7262712,-0.00102624868467,-0.0011798480926,12.6295174432,0,0.000153599407937,0,25259.0348863,0.307198815875,0.218419397242,0.218419397242,0.436838794484,-5.55111512313e-17,-6.24500451352e-17,0.08,82126.7262712
2014-01-14,82119.4173146,4.69922637837e-05,-8.89960793821e-05,11.1682774352,0,0.000135988343166,0,22336.5548705,0.271976686331,0.244924288364,0.244924288364,0.489848576727,5.55111512313e-17,3.46944695195e-17,0.08,82119.4173146
2014-01-15,82105.4779456,2.88061147674e-05,-0.000169745103689,16.3049103667,0,0.000198551218456,0,32609.8207334,0.397102436912,0.30990011946,0.30990011946,0.619800238921,-4.16333634234e-17,2.08166817117e-17,0.08,82105.4779456
2014-01-16,81974.9011175,-0.00143680023934,-0.00159035464293,12.6076576982,0,0.000153554403599,0,25215.3153964,0.307108807199,0.40251128658,0.40251128658,0.80502257316,-4.16333634234e-17,-4.16333634234e-17,0.08,81974.9011175
2014-01-17,81882.2033693,-0.000885199665977,-0.00113080646613,20.1335931564,0,0.000245606800154,0,40267.1863129,0.491213600309,0.431108884192,0.431108884192,0.862217768383,2.77555756156e-17,-1.38777878078e-17,0.08,81882.2033693
2014-01-21,81730.4951749,-0.00160544642907,-0.00185276150566,20.2507033974,0,0.000247315076587,0,40501.4067947,0.494630153174,0.471825420635,0.471825420635,0.94365084127,-2.77555756156e-17,-6.24500451352e-17,0.08,81730.4951749
2014-01-22,81796.6561655,0.00107659440112,0.000809501894048,21.8296028607,0,0.000267092507074,0,43659.2057214,0.534185014149,0.366773018842,0.366773018842,0.733546037683,-1.38777878078e-16,-6.93889390391e-17,0.08,81796.6561655
2014-01-23,81740.2715006,-0.000499532572144,-0.000689327260279,15.5245708474,0,0.000189794688135,0,31049.1416949,0.379589376271,0.281750527683,0.281750527683,0.563501055365,-8.32667268469e-17,-6.59194920871e-17,0.08,81740.2715006
2014-01-24,81966.3102067,0.00295849151557,0.00276532854521,15.7891936418,0,0.000193162970368,0,31578.3872835,0.386325940737,0.334666950548,0.334666950548,0.669333901096,5.55111512313e-17,5.55111512313e-17,0.08,81966.3102067
2014-01-27,81892.8789433,-0.000643589276901,-0.000895871281929,20.6786250837,0,0.000252282005028,0,41357.2501674,0.504564010056,0.367618503295,0.367618503295,0.735237006589,4.85722573274e-17,2.77555756156e-17,0.08,81892.8789433
2014-01-28,81952.5177061,0.000892764598832,0.00072825334266,13.4723003865,0,0.000164511256172,0,26944.600773,0.329022512344,0.292380441414,0.292380441414,0.584760882828,1.66533453694e-16,1.11022302463e-16,0.08,81952.5177061
2014-01-29,82036.3129948,0.00122354906788,0.0010224858366,16.4776380219,0,0.000201063231285,0,32955.2760438,0.402126462569,0.284423951843,0.284423951843,0.568847903686,1.38777878078e-16,1.11022302463e-16,0.08,82036.3129948
2014-01-30,81927.7822789,-0.00117145243119,-0.00132295945361,12.4290775118,0,0.000151507022415,0,24858.1550236,0.303014044831,0.224639192346,0.224639192346,0.449278384693,7.6327832943e-17,3.46944695195e-17,0.08,81927.7822789
2014-01-31,81789.9142105,-0.00150346671318,-0.00168279995645,14.6923749099,0,0.000179333243268,0,29384.7498197,0.358666486537,0.325539857063,0.325539857063,0.651079714125,-2.77555756156e-17,1.38777878078e-17,0.08,81789.9142105
2014-02-03,81783.4912452,0.000140646324087,-7.85300411917e-05,17.9264161131,0,0.000219176365279,0,35852.8322263,0.438352730558,0.466047112054,0.466047112054,0.932094224109,1.38777878078e-17,-4.16333634234e-17,0.08,81783.4912452
2014-02-04,81690.0056945,-0.000878003278463,-0.00114308583891,21.6793772619,0,0.000265082560451,0,43358.7545238,0.530165120902,0.263135141236,0.263135141236,0.526270282473,1.04083408559e-17,8.32667268469e-17,0.08,81690.0056945
2014-02-05,81847.301426,0.00202457190817,0.00192551989889,8.09155920215,0,9.90520092802e-05,0,16183.1184043,0.19810401856,0.268637109167,0.268637109167,0.537274218334,-7.6327832943e-17,-4.16333634234e-17,0.08,81847.301426
2014-02-06,81797.891004,-0.000403641095079,-0.00060369029957,16.37348754,0,0.000200049204491,0,32746.97508,0.400098408983,0.31832998784,0.31832998784,0.636659975681,5.55111512313e-17,2.77555756156e-17,0.08,81797.891004
2014-02-07,81708.2473443,-0.000830664000966,-0.00109591651629,21.697096337,0,0.000265252515324,0,43394.192674,0.530505030648,0.371697724979,0.371697724979,0.743395449959,9.71445146547e-17,8.32667268469e-17,0.08,81708.2473443
2014-02-10,81559.3337247,-0.00157711385348,-0.00182250414627,20.0504107391,0,0.000245390292789,0,40100.8214783,0.490780585579,0.427920550008,0.427920550008,0.855841100016,2.77555756156e-17,4.85722573274e-17,0.08,81559.3337247
2014-02-11,81654.2925972,0.0014098584165,0.00116429191045,20.0282406186,0,0.00024556650605,0,40056.4812371,0.4911330121,0.299028299621,0.299028299621,0.598056599242,-1.52655665886e-16,-8.32667268469e-17,0.08,81654.2925972
2014-02-12,81706.4355007,0.000821118716358,0.000638581289777,14.90496444,0,0.000182537426582,0,29809.9288801,0.365074853163,0.159482758357,0.159482758357,0.318965516714,2.08166817117e-17,1.38777878078e-17,0.08,81706.4355007
2014-02-13,81727.0321767,0.000358708694502,0.000252081441509,8.71213276927,0,0.000106627252993,0,17424.2655385,0.213254505986,0.209019488786,0.209019488786,0.418038977571,-4.85722573274e-17,-2.77555756156e-17,0.08,81727.0321767
2014-02-14,81873.6270777,0.00193396665663,0.00179371374499,11.4624542226,0,0.000140252911642,0,22924.9084453,0.280505823284,0.272029789121,0.272029789121,0.544059578241,0,0,0.08,81873.6270777
2014-02-18,81885.2966364,0.000340097718449,0.000142531351728,16.175475032,0,0.00019756636672,0,32350.9500639,0.395132733441,0.243756106298,0.243756106298,0.487512212596,2.77555756156e-17,1.38777878078e-17,0.08,81885.2966364
2014-02-19,81856.4436917,-0.00014354525065,-0.000352358065115,17.098699254,0,0.000208812814465,0,34197.3985079,0.41762562893,0.295831298077,0.295831298077,0.591662596154,-8.32667268469e-17,-5.55111512313e-17,0.08,81856.4436917
2014-02-20,81954.8339943,0.00137564092301,0.00120198603946,14.2147711967,0,0.000173654883545,0,28429.5423934,0.34730976709,0.237024513445,0.237024513445,0.47404902689,1.11022302463e-16,6.59194920871e-17,0.08,81954.8339943
2014-02-21,81963.6114466,0.00022125147369,0.00010710109294,9.35517550472,0,0.00011415038075,0,18710.3510094,0.228300761499,0.238266279254,0.238266279254,0.476532558507,1.38777878078e-17,1.90819582357e-17,0.08,81963.6114466
2014-02-24,81872.5121327,-0.00094905634217,-0.00111146046783,13.3112286528,0,0.000162404125659,0,26622.4573056,0.324808251318,0.281447466007,0.281447466007,0.562894932014,2.32452945781e-16,1.90819582357e-16,0.08,81872.5121327
2014-02-25,81867.7305287,0.000131540228572,-5.84030447197e-05,15.5511329471,0,0.000189943273292,0,31102.2658943,0.379886546585,0.304689010061,0.304689010061,0.609378020121,-2.08166817117e-17,-2.77555756156e-17,0.08,81867.7305287
2014-02-26,81986.9153517,0.00167432791554,0.00145582175355,17.8886035888,0,0.000218506161992,0,35777.2071776,0.437012323983,0.227087267088,0.227087267088,0.454174534177,2.77555756156e-17,1.38777878078e-17,0.08,81986.9153517
2014-02-27,81961.6782506,-0.000152514538106,-0.000307818643664,12.7329045561,0,0.000155304105558,0,25465.8091123,0.310608211115,0.214527471237,0.214527471237,0.429054942474,6.93889390391e-17,6.93889390391e-17,0.08,81961.6782506
2014-02-28,81812.5016601,-0.00168294806972,-0.00182007730506,11.2393422656,0,0.000137129235338,0,22478.6845311,0.274258470677,0.287421999454,0.287421999454,0.574843998907,2.08166817117e-16,1.80411241502e-16,0.08,81812.5016601
2014-03-03,81744.1331971,-0.000712186050806,-0.000835672564208,10.1027405827,0,0.000123486513402,0,20205.4811654,0.246973026803,0.31215468788,0.31215468788,0.62430937576,2.22044604925e-16,1.66533453694e-16,0.08,81744.1331971
2014-03-04,81938.5482745,0.00252826580762,0.00237833676614,12.255819537,0,0.000149929041482,0,24511.6390741,0.299858082964,0.230098167937,0.230098167937,0.460196335874,0,-2.08166817117e-17,0.08,81938.5482745
2014-03-05,81985.058387,0.000781813519877,0.000567621876419,17.5505523175,0,0.000214191643458,0,35101.1046349,0.428383286916,0.265878673644,0.265878673644,0.531757347288,-5.55111512313e-17,-3.46944695195e-17,0.08,81985.058387
2014-03-06,82013.2413008,0.00064834163516,0.000343756707819,24.9714130519,0,0.000304584927341,0,49942.8261037,0.609169854682,0.311510301173,0.311510301173,0.623020602346,-3.33066907388e-16,-2.22044604925e-16,0.08,82013.2413008
2014-03-07,81996.664787,5.12714818675e-06,-0.000202119968473,16.9970077875,0,0.00020724711666,0,33994.015575,0.41449423332,0.350972622001,0.350972622001,0.701945244001,-1.66533453694e-16,-1.38777878078e-16,0.08,81996.664787
2014-03-10,82078.0645647,0.001179023718,0.000992720593027,15.276234887,0,0.00018630312497,0,30552.4697739,0.37260624994,0.316948029797,0.316948029797,0.633896059594,3.33066907388e-16,2.63677968348e-16,0.08,82078.0645647
2014-03-11,82077.6550497,8.92824913337e-05,-4.98933620008e-06,7.73764914697,0,9.4271827534e-05,0,15475.2982939,0.188543655068,0.280831700758,0.280831700758,0.561663401517,-2.77555756156e-16,-1.94289029309e-16,0.08,82077.6550497
2014-03-12,81979.9903178,-0.00101208317478,-0.00118990645821,14.5953181174,0,0.000177823283433,0,29190.6362349,0.355646566867,0.315099816286,0.315099816286,0.630199632572,-8.32667268469e-17,-6.93889390391e-17,0.08,81979.9903178
2014-03-13,81850.533099,-0.00137532820337,-0.00157913191239,16.7078260923,0,0.000203803709021,0,33415.6521846,0.407607418042,0.28670069607,0.28670069607,0.57340139214,2.22044604925e-16,2.22044604925e-16,0.08,81850.533099
2014-03-14,81884.0070443,0.000552278333489,0.000408964292074,11.7303306904,0,0.000143314041415,0,23460.6613808,0.28662808283,0.332248438494,0.332248438494,0.664496876987,2.91433543964e-16,1.94289029309e-16,0.08,81884.0070443
2014-03-17,81848.8846137,-0.000197739999014,-0.000428929065572,18.9306871547,0,0.000231189066559,0,37861.3743093,0.462378133118,0.387567394899,0.387567394899,0.775134789798,2.22044604925e-16,1.38777878078e-16,0.08,81848.8846137
2014-03-18,81851.4964269,0.000242613300891,3.19101873845e-05,17.2458148252,0,0.000210703113507,0,34491.6296503,0.421406227014,0.41196748519,0.41196748519,0.82393497038,1.02695629778e-15,7.77156117238e-16,0.08,81851.4964269
2014-03-19,81902.4873978,0.000919859904689,0.000622969318362,24.3009387659,0,0.000296890586327,0,48601.8775318,0.593781172654,0.285258405215,0.285258405215,0.57051681043,1.38777878078e-17,2.77555756156e-17,0.08,81902.4873978
2014-03-20,81717.5495142,-0.00201788063406,-0.0022580252386,19.6684404475,0,0.000240144604546,0,39336.8808949,0.480289209091,0.324308431024,0.324308431024,0.648616862048,5.89805981832e-17,1.11022302463e-16,0.08,81717.5495142
2014-03-21,81744.0379942,0.000592265591278,0.000324146773015,21.9100128071,0,0.000268118818263,0,43820.0256142,0.536237636526,0.348365459681,0.348365459681,0.696730919363,-2.08166817117e-16,-1.38777878078e-16,0.08,81744.0379942
2014-03-24,81619.7167542,-0.00119279929706,-0.0015208600289,26.8170089279,0,0.000328060731839,0,53634.0178557,0.656121463678,0.45018477604,0.45018477604,0.90036955208,-1.08246744901e-15,-8.32667268469e-16,0.08,81619.7167542
2014-03-25,81414.8805622,-0.002286018653,-0.00250964105341,18.2519969814,0,0.00022362240041,0,36503.9939628,0.447244800821,0.420708610455,0.420708610455,0.841417220911,1.38777878078e-17,9.71445146547e-17,0.08,81414.8805622
2014-03-26,81705.8693205,0.00377368102574,0.00357414708742,16.2450317567,0,0.000199533938323,0,32490.0635134,0.399067876646,0.337498814911,0.337498814911,0.674997629822,-2.77555756156e-17,-4.16333634234e-17,0.08,81705.8693205
2014-03-27,81769.8279497,0.000947548783475,0.000782791123541,13.4616678321,0,0.000164757659934,0,26923.3356643,0.329515319868,0.260983027141,0.260983027141,0.521966054281,-2.77555756156e-17,-1.38777878078e-17,0.08,81769.8279497
2014-03-28,81691.0064765,-0.000786447791322,-0.000963943243993,14.5137726268,0,0.000177495452672,0,29027.5452536,0.354990905343,0.310679572802,0.310679572802,0.621359145605,-1.38777878078e-17,-8.32667268469e-17,0.08,81691.0064765
2014-03-31,81685.6617109,0.000147547950288,-6.54266097355e-05,17.3981061622,0,0.000212974560024,0,34796.2123244,0.425949120047,0.318496288003,0.318496288003,0.636992576007,1.11022302463e-16,5.55111512313e-17,0.08,81685.6617109
2014-04-01,81719.042067,0.000548663953458,0.000408644006499,11.43762202,0,0.000140019946959,0,22875.2440401,0.280039893917,0.302489974954,0.302489974954,0.604979949908,-1.38777878078e-17,-1.38777878078e-17,0.08,81719.042067
2014-04-02,81742.768121,0.000493616628175,0.000290336908296,16.6118239801,0,0.000203279719878,0,33223.6479601,0.406559439756,0.232143581105,0.232143581105,0.464287162211,-1.80411241502e-16,-1.35308431126e-16,0.08,81742.768121
2014-04-03,81828.37402,0.00132805719349,0.00104725960399,22.9531722476,0,0.000280797589502,0,45906.3444952,0.561595179004,0.443817454344,0.443817454344,0.887634908688,-2.49800180541e-16,-1.66533453694e-16,0.08,81828.37402
2014-04-04,81721.0395986,-0.00100872890565,-0.0013117017503,24.7917752497,0,0.000302972844648,0,49583.5504995,0.605945689295,0.188268411765,0.188268411765,0.376536823531,2.77555756156e-17,4.51028103754e-17,0.08,81721.0395986
2014-04-07,81849.027487,0.00172154202398,0.00156615590096,12.6983155122,0,0.000155386123017,0,25396.6310244,0.310772246035,0.271836089983,0.271836089983,0.543672179966,6.93889390391e-18,2.08166817117e-17,0.08,81849.027487
2014-04-08,81864.9327246,0.00066446384181,0.000194324087984,38.4804816336,0,0.000470139753826,0,76960.9632673,0.940279507652,0.407798053197,0.407798053197,0.815596106393,5.13478148889e-16,4.30211422042e-16,0.08,81864.9327246
2014-04-09,82005.7217705,0.00197934745178,0.00171977232835,21.2501000163,0,0.000259575123426,0,42500.2000325,0.519150246852,0.313993916724,0.313993916724,0.627987833447,4.02455846427e-16,3.05311331772e-16,0.08,82005.7217705
2014-04-10,81997.6327819,5.16083759996e-05,-9.86393196902e-05,12.3211707294,0,0.00015024769569,0,24642.3414588,0.30049539138,0.25726778531,0.25726778531,0.514535570619,2.42861286637e-16,1.11022302463e-16,0.08,81997.6327819
2014-04-11,81786.0903387,-0.00236548214178,-0.00257986036935,17.578507181,0,0.000214378227574,0,35157.0143621,0.428756455147,0.37215247931,0.37215247931,0.744304958621,6.10622663544e-16,4.33680868994e-16,0.08,81786.0903387
2014-04-14,81670.7990155,-0.0011866917491,-0.00140966908595,18.2364446154,0,0.000222977336853,0,36472.8892308,0.445954673707,0.470081531235,0.470081531235,0.940163062469,2.77555756156e-17,4.16333634234e-17,0.08,81670.7990155
2014-04-15,81326.6148487,-0.00387690523821,-0.0042142867583,27.5542183185,0,0.000337381520087,0,55108.4366371,0.674763040173,0.326061838816,0.326061838816,0.652123677632,4.71844785466e-16,3.81639164715e-16,0.08,81326.6148487
2014-04-16,81253.510448,-0.000687530234837,-0.00089889885125,17.1898940581,0,0.000211368616413,0,34379.7881162,0.422737232826,0.329872841604,0.329872841604,0.659745683208,4.64905891562e-16,3.98986399475e-16,0.08,81253.510448
2014-04-17,81195.5058278,-0.000530044078135,-0.000713872175233,14.9366782082,0,0.000183828097098,0,29873.3564163,0.367656194195,0.298963735071,0.298963735071,0.597927470142,1.66533453694e-16,1.19695919842e-16,0.08,81195.5058278
2014-04-21,81168.0130527,-0.000123769375437,-0.000338599714726,17.4432580657,0,0.000214830339288,0,34886.5161313,0.429660678577,0.260389313855,0.260389313855,0.520778627709,2.08166817117e-17,2.77555756156e-17,0.08,81168.0130527
2014-04-22,81328.657164,0.00213024956072,0.0019791553998,12.264012826,0,0.000151094160923,0,24528.025652,0.302188321846,0.224424213822,0.224424213822,0.448848427645,-6.93889390391e-18,-1.82145964978e-17,0.08,81328.657164
2014-04-23,81283.2496409,-0.000430441960707,-0.000558321318204,10.4002564242,0,0.000127879357497,0,20800.5128485,0.255758714994,0.250409987019,0.250409987019,0.500819974037,-3.20923843056e-17,-2.77555756156e-17,0.08,81283.2496409
2014-04-24,81311.5485841,0.000525765900783,0.000348152212088,14.4370177978,0,0.000177613688695,0,28874.0355957,0.35522737739,0.226347446996,0.226347446996,0.452694893991,-5.20417042793e-17,-2.08166817117e-17,0.08,81311.5485841
2014-04-25,81261.3756608,-0.000442331022107,-0.000617045476759,14.2063028678,0,0.000174714454652,0,28412.6057355,0.349428909304,0.329259148995,0.329259148995,0.65851829799,1.5959455979e-16,1.73472347598e-16,0.08,81261.3756608
2014-04-28,81303.9132344,0.000873032048892,0.000523466077504,28.4062117192,0,0.000349565971388,0,56812.4234384,0.699131942776,0.339065788609,0.339065788609,0.678131577219,1.07552855511e-16,2.08166817117e-17,0.08,81303.9132344
2014-04-29,81359.3970939,0.00102688187675,0.000682425449443,28.0056554785,0,0.000344456427304,0,56011.310957,0.688912854607,0.255665585781,0.255665585781,0.511331171563,3.95516952523e-16,3.3653635434e-16,0.08,81359.3970939
2014-04-30,81423.6139314,0.00104082215845,0.000789298345159,20.4638258042,0,0.000251523813292,0,40927.6516084,0.503047626584,0.300049239276,0.300049239276,0.600098478552,1.2490009027e-15,1.02695629778e-15,0.08,81423.6139314
2014-05-01,81437.0278569,0.00037654170034,0.000164742448048,17.2454605496,0,0.000211799252292,0,34490.9210992,0.423598504585,0.210622177928,0.210622177928,0.421244355857,-2.77555756156e-17,-1.38777878078e-17,0.08,81437.0278569
2014-05-02,81591.845986,0.00203621773107,0.00190107784072,11.0053910151,0,0.000135139890352,0,22010.7820303,0.270279780703,0.247424181792,0.247424181792,0.494848363584,2.08166817117e-16,1.11022302463e-16,0.08,81591.845986
2014-05-05,81484.7165442,-0.00111168761501,-0.00131299200946,16.4247971486,0,0.000201304394454,0,32849.5942971,0.402608788907,0.306901474442,0.306901474442,0.613802948885,8.32667268469e-17,5.55111512313e-17,0.08,81484.7165442
2014-05-06,81357.3420821,-0.00129160653011,-0.00156316997159,22.1282700529,0,0.000271563441481,0,44256.5401057,0.543126882963,0.251991221144,0.251991221144,0.503982442287,-9.02056207508e-17,-1.38777878078e-17,0.08,81357.3420821
2014-05-07,81372.9004469,0.00034839346313,0.000191234919388,12.7860014044,0,0.000157158543742,0,25572.0028087,0.314317087484,0.268599064625,0.268599064625,0.53719812925,2.77555756156e-17,-8.67361737988e-18,0.08,81372.9004469
2014-05-08,81617.5208605,0.00316652673026,0.00300616559433,13.0490507495,0,0.000160361135929,0,26098.101499,0.320722271858,0.278864328507,0.278864328507,0.557728657014,-3.46944695195e-18,1.90819582357e-17,0.08,81617.5208605
2014-05-09,81560.9581953,-0.000513789991171,-0.000693021113176,14.6283998391,0,0.000179231122005,0,29256.7996782,0.35846224401,0.313622670963,0.313622670963,0.627245341927,-1.73472347598e-17,-1.90819582357e-17,0.08,81560.9581953
2014-05-12,81494.962145,-0.000611232667754,-0.000809162273469,16.1433282973,0,0.000197929605715,0,32286.6565946,0.395859211429,0.369711907181,0.369711907181,0.739423814361,1.45716771982e-16,1.2490009027e-16,0.08,81494.962145
2014-05-13,81420.608565,-0.000675229485265,-0.000912370262416,19.325778657,0,0.000237140777151,0,38651.557314,0.474281554303,0.284030448141,0.284030448141,0.568060896282,-3.46944695195e-18,-1.21430643318e-17,0.08,81420.608565
2014-05-14,81563.4019365,0.00191148771539,0.00175377430936,12.8411214981,0,0.000157713406033,0,25682.2429961,0.315426812066,0.333319437723,0.333319437723,0.666638875446,0,0,0.08,81563.4019365
2014-05-15,81578.8256661,0.000480886100277,0.000189101107153,23.7989766732,0,0.000291784993124,0,47597.9533465,0.583569986248,0.288375851734,0.288375851734,0.576751703468,5.55111512313e-17,4.16333634234e-17,0.08,81578.8256661
2014-05-16,81600.2661571,0.000595342910848,0.000262819313386,27.1268845873,0,0.000332523597463,0,54253.7691746,0.665047194925,0.309141975032,0.309141975032,0.618283950065,-1.31838984174e-16,-1.17961196366e-16,0.08,81600.2661571
2014-05-19,81508.8566974,-0.000962181824226,-0.00112021031314,12.8951667557,0,0.000158028488913,0,25790.3335113,0.316056977825,0.225101756768,0.225101756768,0.450203513536,-1.38777878078e-17,1.38777878078e-17,0.08,81508.8566974
2014-05-20,81494.8708664,-5.99959177023e-05,-0.000171586641242,9.09563229374,0,0.00011159072354,0,18191.2645875,0.223181447079,0.28201311176,0.28201311176,0.56402622352,-4.16333634234e-17,-1.73472347598e-17,0.08,81494.8708664
2014-05-21,81450.5553938,-0.00039653916814,-0.000543782353351,11.9995643647,0,0.000147243185211,0,23999.1287294,0.294486370421,0.254212249924,0.254212249924,0.508424499848,-1.38777878078e-16,-1.04083408559e-16,0.08,81450.5553938
2014-05-22,81344.0272671,-0.00117979895363,-0.0013078870501,10.4328465965,0,0.000128088096466,0,20865.693193,0.256176192932,0.205458894582,0.205458894582,0.410917789163,-1.87350135405e-16,-1.38777878078e-16,0.08,81344.0272671
2014-05-23,81336.0661912,6.76891779258e-05,-9.78692132617e-05,13.4671862871,0,0.000165558391187,0,26934.3725741,0.331116782375,0.325228957982,0.325228957982,0.650457915964,8.32667268469e-17,5.89805981832e-17,0.08,81336.0661912
2014-05-27,81181.6314467,-0.00172440170727,-0.00189872404324,14.1786930566,0,0.000174322335964,0,28357.3861132,0.348644671929,0.373528899985,0.373528899985,0.74705779997,-6.93889390391e-16,-4.99600361081e-16,0.08,81181.6314467
2014-05-28,81099.5441832,-0.00079773779182,-0.00101115562841,17.3256081539,0,0.000213417836586,0,34651.2163077,0.426835673172,0.294371426453,0.294371426453,0.588742852906,-5.55111512313e-17,-3.46944695195e-17,0.08,81099.5441832
2014-05-29,81125.8474084,0.000501163596001,0.000324332590513,14.3409139426,0,0.000176831005489,0,28681.8278852,0.353662010977,0.363842183971,0.363842183971,0.727684367942,-1.11022302463e-16,-2.94902990916e-17,0.08,81125.8474084
2014-05-30,81152.4077742,0.00055936682212,0.000327397082914,18.8187416662,0,0.000231969739206,0,37637.4833324,0.463939478412,0.340998470886,0.340998470886,0.681996941771,-5.55111512313e-17,-2.77555756156e-17,0.08,81152.4077742
2014-06-02,81065.9842895,-0.000861794794757,-0.00106495280981,16.4867620802,0,0.000203158015053,0,32973.5241604,0.406316030107,0.366542345505,0.366542345505,0.73308469101,1.73472347598e-17,2.08166817117e-17,0.08,81065.9842895
2014-06-03,81034.6782444,-0.000197936078016,-0.00038617979439,15.2601621542,0,0.000188243716374,0,30520.3243084,0.376487432748,0.299836799403,0.299836799403,0.599673598807,0,-2.08166817117e-17,0.08,81034.6782444
2014-06-04,81011.6326524,-8.14873047081e-05,-0.000284391725603,16.4422944615,0,0.000202904420894,0,32884.5889231,0.405808841789,0.344682037869,0.344682037869,0.689364075738,-6.93889390391e-18,-5.20417042793e-17,0.08,81011.6326524
2014-06-05,81056.5883887,0.000744336464795,0.000554929395441,15.3441759242,0,0.000189407069354,0,30688.3518485,0.378814138707,0.287029182725,0.287029182725,0.57405836545,7.77156117238e-16,6.14092110496e-16,0.08,81056.5883887
2014-06-06,81027.4861667,-9.92242317897e-05,-0.000359035861916,21.0594443618,0,0.000259811630126,0,42118.8887235,0.519623260253,0.240266575769,0.240266575769,0.480533151537,1.52655665886e-16,1.11022302463e-16,0.08,81027.4861667
2014-06-09,80965.4882187,-0.000505955870195,-0.000765147123579,21.001615698,0,0.000259191253383,0,42003.2313961,0.518382506767,0.294506280749,0.294506280749,0.589012561499,-6.0368376964e-16,-5.20417042793e-16,0.08,80965.4882187
2014-06-10,80965.76606,0.000186704824316,3.43160172966e-06,14.8388059441,0,0.000183273222587,0,29677.6118883,0.366546445173,0.283871900095,0.283871900095,0.567743800189,-3.12250225676e-16,-1.52655665886e-16,0.08,80965.76606
2014-06-11,80976.5359441,0.000329341872856,0.000133017751102,15.8955329138,0,0.000196324121754,0,31791.0658277,0.392648243507,0.41221318867,0.41221318867,0.82442637734,-9.43689570931e-16,-7.49400541622e-16,0.08,80976.5359441
2014-06-12,80885.1521956,-0.000889776051361,-0.00112852133582,19.3327661083,0,0.000238745284456,0,38665.5322165,0.477490568912,0.447474786282,0.447474786282,0.894949572563,6.93889390391e-17,8.32667268469e-17,0.08,80885.1521956
2014-06-13,80718.6159439,-0.00178495919684,-0.00205892240053,22.159555426,0,0.000273963203684,0,44319.110852,0.547926407369,0.309541605556,0.309541605556,0.619083211112,-1.52655665886e-16,-9.02056207508e-17,0.08,80718.6159439
2014-06-16,80648.3022934,-0.000706570168012,-0.000871095838725,13.2802844272,0,0.000164525670713,0,26560.5688544,0.329051341427,0.275878907586,0.275878907586,0.551757815172,-1.45716771982e-16,-9.02056207508e-17,0.08,80648.3022934
2014-06-17,80744.3866123,0.00134967422634,0.00119139915122,12.7646161034,0,0.000158275075115,0,25529.2322068,0.31655015023,0.255577650196,0.255577650196,0.511155300392,-2.08166817117e-17,-1.38777878078e-17,0.08,80744.3866123
2014-06-18,80761.8344999,0.000347374032849,0.000216087932581,10.6006156369,0,0.000131286100268,0,21201.2312738,0.262572200537,0.310981096294,0.310981096294,0.621962192587,-4.16333634234e-17,-1.38777878078e-17,0.08,80761.8344999
2014-06-19,80657.6254027,-0.00112508052594,-0.00129032602867,13.3455299434,0,0.000165245502731,0,26691.0598869,0.330491005463,0.214064467998,0.214064467998,0.428128935996,4.16333634234e-17,2.08166817117e-17,0.08,80657.6254027
2014-06-20,80725.6654269,0.00098128440754,0.000843565922576,11.1080459713,0,0.000137718484964,0,22216.0919425,0.275436969928,0.223923949244,0.223923949244,0.447847898488,1.04083408559e-16,5.55111512313e-17,0.08,80725.6654269
2014-06-23,80681.4915374,-0.000350628873879,-0.00054720997639,15.8691403105,0,0.000196581102511,0,31738.2806211,0.393162205021,0.3208759382,0.3208759382,0.6417518764,4.16333634234e-16,3.1918911958e-16,0.08,80681.4915374
2014-06-24,80603.1806906,-0.00080864268027,-0.000970617242487,13.0683492708,0,0.000161974562217,0,26136.6985416,0.323949124435,0.338399353999,0.338399353999,0.676798707998,2.08166817117e-16,1.38777878078e-16,0.08,80603.1806906
2014-06-25,80597.610121,0.000163698015741,-6.91110399764e-05,18.7651503844,0,0.000232809055717,0,37530.3007688,0.465618111435,0.330650203635,0.330650203635,0.66130040727,1.66533453694e-16,7.2858385991e-17,0.08,80597.610121
2014-06-26,80546.514665,-0.00041243256912,-0.00063395745661,17.854376514,0,0.00022152488749,0,35708.7530281,0.443049774981,0.277127582674,0.277127582674,0.554255165349,1.66533453694e-16,1.38777878078e-16,0.08,80546.514665
2014-06-27,80534.2923146,-1.70828620253e-05,-0.000151742759402,10.8463853988,0,0.000134659897376,0,21692.7707976,0.269319794753,0.212898413969,0.212898413969,0.425796827938,-3.46944695195e-17,-9.54097911787e-18,0.08,80534.2923146
2014-06-30,80570.0308908,0.000578742982431,0.000443768426472,10.8700803447,0,0.000134974555959,0,21740.1606893,0.269949111918,0.167614005166,0.167614005166,0.335228010333,-4.51028103754e-17,-3.46944695195e-17,0.08,80570.0308908
2014-07-01,80593.1868674,0.000360595704811,0.000287401858299,5.89723047452,0,7.31938465124e-05,0,11794.460949,0.146387693025,0.173423357161,0.173423357161,0.346846714322,-3.81639164715e-17,-2.08166817117e-17,0.08,80593.1868674
2014-07-02,80582.1181846,-4.18368151025e-05,-0.000137340180799,7.69692059804,0,9.55033656964e-05,0,15393.8411961,0.191006731393,0.181820847343,0.181820847343,0.363641694687,-1.5959455979e-16,-1.09287578987e-16,0.08,80582.1181846
2014-07-03,80686.5878303,0.00145196041933,0.00129643707727,12.532400331,0,0.000155523342069,0,25064.8006621,0.311046684138,0.240745367417,0.240745367417,0.481490734835,-1.52655665886e-16,-1.07552855511e-16,0.08,80686.5878303
2014-07-07,80619.7856495,-0.000676226349597,-0.000827921747876,12.2397840767,0,0.000151695398279,0,24479.5681534,0.303390796558,0.227882892692,0.227882892692,0.455765785383,-1.38777878078e-16,-1.09287578987e-16,0.08,80619.7856495
2014-07-08,80589.1218429,-0.000141518631708,-0.000380350882366,19.2546048542,0,0.000238832250657,0,38509.2097083,0.477664501314,0.365114860274,0.365114860274,0.730229720549,0,4.68375338514e-17,0.08,80589.1218429
2014-07-09,80568.3306105,-3.7338640384e-05,-0.000257990556288,17.7821441356,0,0.000220651915904,0,35564.2882713,0.441303831808,0.358378201121,0.358378201121,0.716756402241,2.49800180541e-16,2.11636264069e-16,0.08,80568.3306105
2014-07-10,80530.9961283,-0.000246018555156,-0.000463389051144,17.5131779858,0,0.000217370495989,0,35026.3559716,0.434740991977,0.367128752733,0.367128752733,0.734257505465,-4.16333634234e-17,0,0.08,80530.9961283
2014-07-11,80539.9715413,0.000303341630539,0.000111452900227,15.4529905979,0,0.000191888730313,0,30905.9811957,0.383777460625,0.283356136537,0.283356136537,0.566712273074,4.99600361081e-16,4.51028103754e-16,0.08,80539.9715413
2014-07-14,80511.7549245,-0.000105002133397,-0.000350343019769,19.7597480064,0,0.000245340886373,0,39519.4960128,0.490681772745,0.322887763267,0.322887763267,0.645775526535,7.6327832943e-16,6.38378239159e-16,0.08,80511.7549245
2014-07-15,80477.9437217,-0.000161677022834,-0.000419953617833,20.7943019192,0,0.000258276594998,0,41588.6038384,0.516553189996,0.221797072126,0.221797072126,0.443594144253,3.46944695195e-16,3.05311331772e-16,0.08,80477.9437217
2014-07-16,80273.8828488,-0.0023296478714,-0.00253561241157,16.5756026724,0,0.00020596454017,0,33151.2053449,0.411929080339,0.274239642327,0.274239642327,0.548479284654,-2.77555756156e-17,-1.38777878078e-17,0.08,80273.8828488
2014-07-17,80115.6185381,-0.00182904200893,-0.00197155419689,11.4400066803,0,0.000142512187954,0,22880.0133607,0.285024375908,0.266912806569,0.266912806569,0.533825613139,-2.91433543964e-16,-2.39391839685e-16,0.08,80115.6185381
2014-07-18,80217.5169267,0.00136557840334,0.00127189167835,7.50576992146,0,9.36867249909e-05,0,15011.5398429,0.187373449982,0.228034627333,0.228034627333,0.456069254666,-4.85722573274e-17,-5.55111512313e-17,0.08,80217.5169267
2014-07-21,80155.0683174,-0.000706526072342,-0.000778490929515,5.77284214839,0,7.19648571729e-05,0,11545.6842968,0.143929714346,0.244420183755,0.244420183755,0.48884036751,-3.46944695195e-17,-3.81639164715e-17,0.08,80155.0683174
2014-07-22,80161.3707552,0.000174680923118,7.86280643417e-05,7.69912345728,0,9.60528587761e-05,0,15398.2469146,0.192105717552,0.234046719406,0.234046719406,0.468093438812,-6.93889390391e-17,-7.6327832943e-17,0.08,80161.3707552
2014-07-23,80034.0053818,-0.00128777027665,-0.00158886221846,24.1359427789,0,0.00030109194181,0,48271.8855577,0.60218388362,0.410299150533,0.410299150533,0.820598301066,-1.11022302463e-16,-1.11022302463e-16,0.08,80034.0053818
2014-07-24,80188.4355574,0.00215551749491,0.00192955700285,18.0845232371,0,0.000225960492054,0,36169.0464742,0.451920984107,0.328435647757,0.328435647757,0.656871295513,-2.08166817117e-16,-1.14491749414e-16,0.08,80188.4355574
2014-07-25,80237.4687164,0.000812944053877,0.000611474193424,16.1555529217,0,0.000201469860454,0,32311.1058435,0.402939720907,0.304950393615,0.304950393615,0.60990078723,-4.4408920985e-16,-3.26128013484e-16,0.08,80237.4687164
2014-07-28,80187.7560595,-0.000468640024521,-0.000619569107622,12.1101675837,0,0.000150929083101,0,24220.3351675,0.301858166203,0.328650682647,0.328650682647,0.657301365294,-5.13478148889e-16,-3.88578058619e-16,0.08,80187.7560595
2014-07-29,80126.5737005,-0.00061058992195,-0.000762988790411,12.2205232879,0,0.000152398868461,0,24441.0465757,0.304797736921,0.326731106212,0.326731106212,0.653462212424,-4.16333634234e-17,-4.85722573274e-17,0.08,80126.5737005
2014-07-30,79938.0279174,-0.00211760561846,-0.00235309928252,18.8693004289,0,0.000235493664054,0,37738.6008577,0.470987328109,0.351038051414,0.351038051414,0.702076102828,1.38777878078e-17,1.11022302463e-16,0.08,79938.0279174
2014-07-31,80027.6422059,0.001356773501,0.00112104702739,18.8435094277,0,0.000235726473602,0,37687.0188553,0.471452947204,0.33870896322,0.33870896322,0.677417926439,-1.94289029309e-16,-6.93889390391e-17,0.08,80027.6422059
2014-08-01,80116.8283173,0.00131615257819,0.00111444132214,16.1424762273,0,0.00020171125604,0,32284.9524546,0.40342251208,0.426490247674,0.426490247674,0.852980495349,-3.74700270811e-16,-2.63677968348e-16,0.08,80116.8283173
2014-08-04,80087.2682804,-0.000100840198823,-0.000368961646477,21.4810399899,0,0.000268121447654,0,42962.0799797,0.536242895307,0.378345121624,0.378345121624,0.756690243248,-1.38777878078e-16,-1.14491749414e-16,0.08,80087.2682804
2014-08-05,80007.7246591,-0.000731291480636,-0.000993211818804,20.976484391,0,0.000261920338168,0,41952.968782,0.523840676337,0.46960614518,0.46960614518,0.939212290359,-1.38777878078e-17,-5.55111512313e-17,0.08,80007.7246591
2014-08-06,80074.2873103,0.00107921035474,0.00083195280905,19.7825136353,0,0.000247257545688,0,39565.0272705,0.494515091376,0.339659298098,0.339659298098,0.679318596196,-6.93889390391e-18,-1.38777878078e-17,0.08,80074.2873103
2014-08-07,80053.1894058,-8.23297093934e-05,-0.000263479142425,14.5054117466,0,0.000181149433031,0,29010.8234933,0.362298866062,0.323701077696,0.323701077696,0.647402155391,1.94289029309e-16,1.38777878078e-16,0.08,80053.1894058
2014-08-08,80164.389275,0.00163281438844,0.00138907481386,19.5121303297,0,0.000243739574582,0,39024.2606594,0.487479149165,0.424608586913,0.424608586913,0.849217173826,4.23272528138e-16,4.4408920985e-16,0.08,80164.389275
2014-08-11,80003.3189786,-0.00170294705372,-0.00200924996552,24.5545858579,0,0.000306302911804,0,49109.1717158,0.612605823607,0.364797623517,0.364797623517,0.729595247035,-4.16333634234e-17,-5.55111512313e-17,0.08,80003.3189786
2014-08-12,80016.5260798,0.000331751249452,0.000165081916256,13.3340998276,0,0.000166669333196,0,26668.1996553,0.333338666392,0.302074627661,0.302074627661,0.604149255322,8.32667268469e-17,1.11022302463e-16,0.08,80016.5260798
2014-08-13,80061.6356984,0.000753199778849,0.000563753775023,15.1588111058,0,0.000189446003826,0,30317.6222117,0.378892007652,0.270566374471,0.270566374471,0.541132748943,8.32667268469e-17,8.32667268469e-17,0.08,80061.6356984
2014-08-14,80088.5084964,0.000554299861465,0.00033565137392,17.5053555558,0,0.000218648487544,0,35010.7111115,0.437296975088,0.337943939913,0.337943939913,0.675887879827,1.38777878078e-17,1.73472347598e-17,0.08,80088.5084964
2014-08-15,80028.769954,-0.000481778452472,-0.000745906542454,21.1536247787,0,0.000264128089982,0,42307.2495573,0.528256179964,0.254405291718,0.254405291718,0.508810583435,1.94289029309e-16,1.80411241502e-16,0.08,80028.769954
2014-08-18,80097.3473692,0.00109713266219,0.000856909525159,19.2247621713,0,0.000240223137033,0,38449.5243425,0.480446274067,0.335991582953,0.335991582953,0.671983165906,1.80411241502e-16,2.08166817117e-16,0.08,80097.3473692
2014-08-19,79957.0683174,-0.00154247041902,-0.00175135702247,16.7312628368,0,0.000208886603443,0,33462.5256736,0.417773206887,0.310179767112,0.310179767112,0.620359534223,1.52655665886e-16,1.52655665886e-16,0.08,79957.0683174
2014-08-20,80025.468127,0.00104074127284,0.000855456697213,14.8148114712,0,0.000185284575622,0,29629.6229423,0.370569151244,0.380136302407,0.380136302407,0.760272604813,4.68375338514e-17,6.93889390391e-17,0.08,80025.468127
2014-08-21,79991.685287,-0.000204069719207,-0.00042215110782,17.4520652135,0,0.000218081388612,0,34904.130427,0.436162777224,0.192022491879,0.192022491879,0.384044983759,6.59194920871e-17,6.93889390391e-17,0.08,79991.685287
2014-08-22,79933.6404133,-0.000572579978937,-0.000725636338844,12.2432361728,0,0.000153056359907,0,24486.4723457,0.306112719813,0.220441506564,0.220441506564,0.440883013127,0,1.73472347598e-17,0.08,79933.6404133
2014-08-25,79983.406488,0.00074827440923,0.000622592370233,10.0462229116,0,0.000125682038998,0,20092.4458233,0.251364077995,0.259976554155,0.259976554155,0.51995310831,-9.71445146547e-17,-6.93889390391e-17,0.08,79983.406488
2014-08-26,79966.8268384,-6.80267058098e-05,-0.00020728861526,11.1386419119,0,0.000139261909451,0,22277.2838238,0.278523818901,0.18368806414,0.18368806414,0.367376128279,-7.6327832943e-17,-7.6327832943e-17,0.08,79966.8268384
2014-08-27,79970.4208929,0.000264275003386,4.49443179558e-05,17.5391789422,0,0.00021933068543,0,35078.3578843,0.438661370861,0.286823691903,0.286823691903,0.573647383807,-5.6898930012e-16,-5.41233724505e-16,0.08,79970.4208929
2014-08-28,79990.3387833,0.000504137570524,0.000249065719045,20.3982033207,0,0.000255071851479,0,40796.4066414,0.510143702957,0.345991367973,0.345991367973,0.691982735946,-1.38777878078e-16,-7.6327832943e-17,0.08,79990.3387833
2014-08-29,79997.6399716,0.000469020387993,9.12758766862e-05,30.215911433,0,0.000377744511307,0,60431.8228659,0.755489022614,0.401880575975,0.401880575975,0.80376115195,0,-2.08166817117e-17,0.08,79997.6399716
2014-09-02,80038.4999751,0.000755248868708,0.000510765111555,19.5581235836,0,0.000244483757153,0,39116.2471672,0.488967514306,0.333463742085,0.333463742085,0.66692748417,-1.38777878078e-17,-1.38777878078e-17,0.08,80038.4999751
2014-09-03,80064.5539821,0.000645921304415,0.000325518432454,25.6445652595,0,0.000320402871961,0,51289.1305189,0.640805743922,0.365553863082,0.365553863082,0.731107726163,1.66533453694e-16,2.15105711021e-16,0.08,80064.5539821
2014-09-04,79946.8683919,-0.0011602989118,-0.0014698837923,24.7867753772,0,0.000309584880505,0,49573.5507545,0.61916976101,0.276364009603,0.276364009603,0.552728019207,8.32667268469e-17,1.04083408559e-17,0.08,79946.8683919
2014-09-05,80009.3959442,0.00104086448683,0.000782113840243,20.6863038893,0,0.000258750646591,0,41372.6077787,0.517501293182,0.30999595191,0.30999595191,0.619991903819,8.32667268469e-17,6.24500451352e-17,0.08,80009.3959442
2014-09-08,79765.8559654,-0.0029256063863,-0.00304389223102,9.46397898427,0,0.000118285844713,0,18927.9579685,0.236571689427,0.273778657488,0.273778657488,0.547557314975,2.08166817117e-17,-2.42861286637e-17,0.08,79765.8559654
2014-09-09,79649.5889305,-0.00134140189758,-0.00145760405264,9.26896436288,0,0.000116202155054,0,18537.9287258,0.232404310107,0.303484312015,0.303484312015,0.60696862403,9.71445146547e-17,6.07153216592e-17,0.08,79649.5889305
2014-09-10,79688.8129954,0.000662778893735,0.000492457844345,13.5660015701,0,0.00017032104939,0,27132.0031402,0.340642098779,0.339638159476,0.339638159476,0.679276318951,1.14491749414e-16,6.93889390391e-17,0.08,79688.8129954
2014-09-11,79674.5696512,5.70632414e-05,-0.000178737060011,18.7906461234,0,0.000235800301411,0,37581.2922468,0.471600602822,0.331273923883,0.331273923883,0.662547847766,9.71445146547e-17,9.02056207508e-17,0.08,79674.5696512
2014-09-12,79510.0023531,-0.00188656563509,-0.00206549340425,14.2559930069,0,0.000178927769165,0,28511.9860138,0.35785553833,0.308149148281,0.308149148281,0.616298296562,-8.32667268469e-17,-3.46944695195e-17,0.08,79510.0023531
2014-09-15,79663.2836738,0.00212459294461,0.00192782437616,15.6450693407,0,0.000196768568453,0,31290.1386815,0.393537136907,0.38349727764,0.38349727764,0.76699455528,-1.2490009027e-16,-9.71445146547e-17,0.08,79663.2836738
2014-09-16,79763.9128523,0.00148204863485,0.0012631814035,17.4356823381,0,0.000218867231353,0,34871.3646763,0.437734462705,0.27252925787,0.27252925787,0.545058515739,1.38777878078e-17,2.77555756156e-17,0.08,79763.9128523
2014-09-17,79685.7704792,-0.00087632613357,-0.000979670759538,8.24317173944,0,0.000103344625968,0,16486.3434789,0.206689251935,0.26784016653,0.26784016653,0.53568033306,-5.55111512313e-17,-4.16333634234e-17,0.08,79685.7704792
2014-09-18,79551.8721631,-0.00155466653597,-0.00168032906438,10.0135153967,0,0.00012566252841,0,20027.0307934,0.25132505682,0.233768497514,0.233768497514,0.467536995028,-9.02056207508e-17,-1.11022302463e-16,0.08,79551.8721631
2014-09-19,79631.4214974,0.00113237924297,0.000999968098516,10.5335544366,0,0.000132411144455,0,21067.1088732,0.264822288909,0.299144452852,0.299144452852,0.598288905705,-2.77555756156e-17,-3.46944695195e-17,0.08,79631.4214974
2014-09-22,79546.8229976,-0.000879601763494,-0.00106237585871,14.5545610152,0,0.00018277409522,0,29109.1220305,0.365548190439,0.241678308513,0.241678308513,0.483356617027,-1.38777878078e-17,-6.93889390391e-17,0.08,79546.8229976
2014-09-23,79590.8350607,0.000773372002124,0.000553284989277,17.507222655,0,0.000220087012846,0,35014.4453099,0.440174025693,0.313676387261,0.313676387261,0.627352774522,0,-2.77555756156e-17,0.08,79590.8350607
2014-09-24,79499.2531652,-0.000952261303198,-0.00115065881,15.7906232402,0,0.0001983975068,0,31581.2464803,0.3967950136,0.242971421745,0.242971421745,0.485942843489,2.77555756156e-17,4.16333634234e-17,0.08,79499.2531652
2014-09-25,79548.7003413,0.000766925377747,0.000621982900834,11.5228186665,0,0.000144942476913,0,23045.637333,0.289884953827,0.273631324236,0.273631324236,0.547262648472,1.66533453694e-16,1.45716771982e-16,0.08,79548.7003413
2014-09-26,79577.0869196,0.000506394228858,0.000356845280883,11.8964244489,0,0.000149548947976,0,23792.8488977,0.299097895951,0.257411801755,0.257411801755,0.514823603511,1.38777878078e-17,1.38777878078e-17,0.08,79577.0869196
2014-09-29,79448.5892308,-0.00143572000138,-0.00161475738505,14.2472734414,0,0.000179037383661,0,28494.5468829,0.358074767322,0.219945620659,0.219945620659,0.439891241318,1.2490009027e-16,1.04083408559e-16,0.08,79448.5892308
2014-09-30,79453.3323456,0.000242804779383,5.97004286198e-05,14.5473823502,0,0.000183104350763,0,29094.7647003,0.366208701527,0.286244571483,0.286244571483,0.572489142967,3.74700270811e-16,3.74700270811e-16,0.08,79453.3323456
2014-10-01,79482.5236908,0.000599820472898,0.000367402401861,18.4663902412,0,0.000232418071037,0,36932.7804825,0.464836142074,0.245013638992,0.245013638992,0.490027277983,8.32667268469e-17,8.32667268469e-17,0.08,79482.5236908
2014-10-02,79472.0597431,9.66033411174e-05,-0.000131650923294,18.1422249786,0,0.000228254264412,0,36284.4499573,0.456508528824,0.336133879876,0.336133879876,0.672267759752,2.56739074445e-16,2.49800180541e-16,0.08,79472.0597431
2014-10-03,79432.9674157,-0.000312342335902,-0.000491900266892,14.269838619,0,0.00017955793099,0,28539.677238,0.359115861981,0.310274225552,0.310274225552,0.620548451104,6.93889390391e-17,8.67361737988e-17,0.08,79432.9674157
2014-10-06,79396.6004358,-0.000218293218451,-0.000457832321895,19.0273017986,0,0.000239539103444,0,38054.6035973,0.479078206887,0.395007876981,0.395007876981,0.790015753962,1.94289029309e-16,1.2490009027e-16,0.08,79396.6004358
2014-10-07,79346.4753474,-0.000382117454872,-0.000631325373833,19.7862615672,0,0.000249207918961,0,39572.5231343,0.498415837922,0.4450111715,0.4450111715,0.890022343,8.32667268469e-17,4.16333634234e-17,0.08,79346.4753474
2014-10-08,79289.1542046,-0.000434385001963,-0.000722415741406,22.8542239665,0,0.000288030739443,0,45708.447933,0.576061478886,0.273166975445,0.273166975445,0.546333950891,3.1918911958e-16,2.77555756156e-16,0.08,79289.1542046
2014-10-09,79192.1376182,-0.000952702670622,-0.0012235795336,21.4775973594,0,0.000270876862982,0,42955.1947188,0.541753725963,0.424505642404,0.424505642404,0.849011284807,8.81239525796e-16,7.73686670286e-16,0.08,79192.1376182
2014-10-10,79026.3261747,-0.001816110459,-0.0020937866873,21.9897740853,0,0.000277676228306,0,43979.5481706,0.555352456611,0.344712136846,0.344712136846,0.689424273692,1.31838984174e-16,2.15105711021e-16,0.08,79026.3261747
2014-10-13,78905.8385797,-0.00129973027057,-0.00152465135256,17.7746867884,0,0.000224921081983,0,35549.3735768,0.449842163967,0.245969541975,0.245969541975,0.49193908395,7.32053306862e-16,6.93889390391e-16,0.08,78905.8385797
2014-10-14,78887.5872283,-4.40340119494e-05,-0.000231305460574,14.7768106957,0,0.000187271448624,0,29553.6213915,0.374542897249,0.306032338407,0.306032338407,0.612064676814,6.0368376964e-16,5.55111512313e-16,0.08,78887.5872283
2014-10-15,79228.2568857,0.00458738587006,0.00431841902265,21.2181456369,0,0.000268966847414,0,42436.2912737,0.537933694827,0.362886581766,0.362886581766,0.725773163532,3.60822483003e-16,3.60822483003e-16,0.08,79228.2568857
2014-10-16,79383.5906524,0.00221420830186,0.00196058543788,20.0940974197,0,0.000253622863983,0,40188.1948395,0.507245727966,0.288101888013,0.288101888013,0.576203776025,7.00828284295e-16,6.80011602583e-16,0.08,79383.5906524
2014-10-17,79445.8800551,0.00104702634587,0.00078466345765,20.827308121,0,0.000262362888222,0,41654.616242,0.524725776444,0.382308210665,0.382308210665,0.76461642133,-4.16333634234e-17,-5.55111512313e-17,0.08,79445.8800551
2014-10-20,79489.9813099,0.000777965750222,0.00055511065862,17.7049188771,0,0.000222855091602,0,35409.8377541,0.445710183203,0.290879776063,0.290879776063,0.581759552126,-2.77555756156e-16,-2.49800180541e-16,0.08,79489.9813099
2014-10-21,79537.8383703,0.000813846523205,0.000602051473855,16.8355845144,0,0.00021179504935,0,33671.1690287,0.4235900987,0.319092923979,0.319092923979,0.638185847957,-3.50414142147e-16,-3.05311331772e-16,0.08,79537.8383703
2014-10-22,79545.6845783,0.000293779941279,9.86474881033e-05,15.5204135215,0,0.000195132453176,0,31040.8270431,0.390264906352,0.236541587881,0.236541587881,0.473083175763,-1.63064006742e-16,-1.38777878078e-16,0.08,79545.6845783
2014-10-23,79549.1154152,0.000207164302299,4.31303963246e-05,13.0481893448,0,0.000164033905974,0,26096.3786895,0.328067811948,0.212196670187,0.212196670187,0.424393340375,-3.67761376907e-16,-3.33066907388e-16,0.08,79549.1154152
2014-10-24,79509.7404657,-0.000360296106926,-0.000494976584258,10.7137128354,0,0.000134680477332,0,21427.4256708,0.269360954663,0.172795766007,0.172795766007,0.345591532015,-5.96744875736e-16,-5.51642065361e-16,0.08,79509.7404657
2014-10-27,79423.8060656,-0.000998530274435,-0.00108080342874,6.54151714611,0,8.22731543052e-05,0,13083.0342922,0.16454630861,0.174530614034,0.174530614034,0.349061228068,-1.87350135405e-16,-1.5092094241e-16,0.08,79423.8060656
2014-10-28,79500.715059,0.00119880308568,0.000968336789124,18.3045104422,0,0.000230466296554,0,36609.0208843,0.460932593108,0.349482359462,0.349482359462,0.698964718925,-1.66533453694e-16,-1.2490009027e-16,0.08,79500.715059
2014-10-29,79523.6733629,0.000579520277951,0.000288781099701,23.1139725666,0,0.00029073917825,0,46227.9451331,0.581478356501,0.354998598673,0.354998598673,0.709997197345,-5.55111512313e-17,-6.24500451352e-17,0.08,79523.6733629
2014-10-30,79546.878132,0.000485348606811,0.000291796996692,15.3919350219,0,0.000193551610119,0,30783.8700439,0.387103220237,0.311596920124,0.311596920124,0.623193840248,-1.38777878078e-16,-1.11022302463e-16,0.08,79546.878132
2014-10-31,79483.7789328,-0.000561057652977,-0.000793232878961,18.4688144066,0,0.000232175225984,0,36937.6288132,0.464350451968,0.39900510317,0.39900510317,0.798010206341,5.55111512313e-17,2.77555756156e-17,0.08,79483.7789328
2014-11-03,79169.3350025,-0.00372841613816,-0.00395607675556,18.0953261847,0,0.000227660617395,0,36190.6523694,0.455321234789,0.362924678733,0.362924678733,0.725849357466,-5.55111512313e-17,-5.55111512313e-17,0.08,79169.3350025
2014-11-04,79062.5677286,-0.00107025189991,-0.00134859379482,22.0361427238,0,0.000278341894915,0,44072.2854475,0.55668378983,0.348487249636,0.348487249636,0.696974499273,-1.11022302463e-16,-5.55111512313e-17,0.08,79062.5677286
2014-11-05,78965.8265629,-0.000937146422328,-0.00122360262904,22.6479632448,0,0.000286456206717,0,45295.9264896,0.572912413433,0.439728798262,0.439728798262,0.879457596524,1.66533453694e-16,2.32452945781e-16,0.08,78965.8265629
2014-11-06,79193.4371537,0.00307217270669,0.00288239357176,14.9860662538,0,0.000189779134925,0,29972.1325075,0.379558269851,0.399608309287,0.399608309287,0.799216618574,5.55111512313e-17,1.38777878078e-17,0.08,79193.4371537
2014-11-07,79638.9012315,0.00584119020156,0.00562501254896,17.1198513459,0,0.000216177652609,0,34239.7026919,0.432355305218,0.292204359497,0.292204359497,0.584408718995,6.93889390391e-17,6.93889390391e-17,0.08,79638.9012315
2014-11-10,79632.1781769,0.000314107622355,-8.44192283402e-05,31.7382405006,0,0.000398526850695,0,63476.4810013,0.797053701391,0.487503741797,0.487503741797,0.975007483594,1.80411241502e-16,1.94289029309e-16,0.08,79632.1781769
2014-11-11,79730.0667653,0.00158700836402,0.00122925920899,28.4883444561,0,0.000357749155031,0,56976.6889122,0.715498310063,0.273303557425,0.273303557425,0.54660711485,1.66533453694e-16,9.71445146547e-17,0.08,79730.0667653
2014-11-12,79646.6985987,-0.000874335416682,-0.00104563021223,13.6573454857,0,0.00017129479555,0,27314.6909714,0.342589591099,0.22281927879,0.22281927879,0.44563855758,0,0,0.08,79646.6985987
2014-11-13,79583.3864846,-0.000655628753324,-0.000794911969749,11.0934483584,0,0.000139283216425,0,22186.8967169,0.27856643285,0.185102951932,0.185102951932,0.370205903863,4.16333634234e-17,4.07660016855e-17,0.08,79583.3864846
2014-11-14,79452.1611494,-0.00149804333988,-0.00164890363369,12.0059730676,0,0.000150860293811,0,24011.9461351,0.301720587623,0.271997352071,0.271997352071,0.543994704141,1.94289029309e-16,1.96023752785e-16,0.08,79452.1611494
2014-11-17,79463.661585,0.000316113953485,0.000144746667897,13.6155011903,0,0.000171367285588,0,27231.0023805,0.342734571175,0.39793859183,0.39793859183,0.795877183659,6.38378239159e-16,6.73072708679e-16,0.08,79463.661585
2014-11-18,79315.0002738,-0.00171162827474,-0.00187080872238,12.6490612221,0,0.000159180447638,0,25298.1224441,0.318360895276,0.399657741908,0.399657741908,0.799315483816,9.15933995316e-16,9.47159017883e-16,0.08,79315.0002738
2014-11-19,79237.5491107,-0.000816394257949,-0.000976500824272,12.6988523518,0,0.000160106566323,0,25397.7047035,0.320213132647,0.364277058555,0.364277058555,0.72855411711,3.46944695195e-16,4.30211422042e-16,0.08,79237.5491107
2014-11-20,79204.1993438,-0.000213177966681,-0.000420883372119,16.4580672639,0,0.000207705405437,0,32916.1345278,0.415410810874,0.308070447185,0.308070447185,0.61614089437,7.21644966006e-16,6.93889390391e-16,0.08,79204.1993438
2014-11-21,79254.6342046,0.000885161167513,0.000636770034981,19.6736207763,0,0.000248391132533,0,39347.2415527,0.496782265065,0.343831712261,0.343831712261,0.687663424522,0,2.77555756156e-17,0.08,79254.6342046
2014-11-24,79185.1064271,-0.000658439975658,-0.000877270814416,17.3433580784,0,0.000218830838757,0,34686.7161568,0.437661677515,0.350819765209,0.350819765209,0.701639530419,8.32667268469e-17,9.71445146547e-17,0.08,79185.1064271
2014-11-25,79160.9491465,-5.81807368577e-05,-0.000305073537633,19.5502327055,0,0.000246892800776,0,39100.465411,0.493785601551,0.390094220487,0.390094220487,0.780188440974,-1.38777878078e-17,2.77555756156e-17,0.08,79160.9491465
2014-11-26,79359.3651022,0.00272258611707,0.00250648783005,17.1065455101,0,0.000216098287028,0,34213.0910202,0.432196574056,0.263709979026,0.263709979026,0.527419958053,-1.38777878078e-16,-1.5959455979e-16,0.08,79359.3651022
2014-11-28,79290.6847562,-0.000554450495369,-0.000865434670601,24.6795067032,0,0.000310984175232,0,49359.0134065,0.621968350464,0.348072937549,0.348072937549,0.696145875097,1.52655665886e-16,2.08166817117e-16,0.08,79290.6847562
2014-12-01,79598.5977304,0.00407621810932,0.00388334361332,15.2931508601,0,0.000192874496003,0,30586.3017202,0.385748992007,0.29515106023,0.29515106023,0.59030212046,1.94289029309e-16,1.90819582357e-16,0.08,79598.5977304
2014-12-02,79681.8763497,0.00126571621514,0.00104623224011,17.4706166362,0,0.000219483975024,0,34941.2332724,0.438967950048,0.323575031343,0.323575031343,0.647150062686,9.71445146547e-17,6.41847686111e-17,0.08,79681.8763497
2014-12-03,79782.1971142,0.00147955539857,0.00125901609141,17.5729858037,0,0.000220539307164,0,35145.9716074,0.441078614329,0.263998080392,0.263998080392,0.527996160784,-2.77555756156e-17,-4.33680868994e-17,0.08,79782.1971142
2014-12-04,79822.5788617,0.000652776648044,0.000506149855316,11.6982076796,0,0.000146626792728,0,23396.4153592,0.293253585455,0.254148613825,0.254148613825,0.508297227649,5.55111512313e-17,-3.46944695195e-18,0.08,79822.5788617
2014-12-05,79636.1359998,-0.00210458885386,-0.00233571584023,18.4491520961,0,0.000231126986364,0,36898.3041922,0.462253972728,0.395540415206,0.395540415206,0.791080830412,-1.52655665886e-16,-2.42861286637e-16,0.08,79636.1359998
2014-12-08,78925.2576318,-0.00867220776836,-0.00892658036586,20.2572507699,0,0.000254372597509,0,40514.5015398,0.508745195019,0.403515471163,0.403515471163,0.807030942326,-2.77555756156e-16,-2.77555756156e-16,0.08,78925.2576318
2014-12-09,79154.5770277,0.0031883610347,0.00290552609887,22.3228201777,0,0.00028283493583,0,44645.6403554,0.56566987166,0.45530982146,0.45530982146,0.91061964292,-4.4408920985e-16,-5.06539254985e-16,0.08,79154.5770277
2014-12-10,78952.9711848,-0.00234071349546,-0.00254698907558,16.3276562957,0,0.000206275580122,0,32655.3125915,0.412551160245,0.396313186847,0.396313186847,0.792626373693,-4.99600361081e-16,-4.02455846427e-16,0.08,78952.9711848
2014-12-11,78855.6040547,-0.0010608671337,-0.00123322946091,13.6085178537,0,0.000172362327212,0,27217.0357075,0.344724654425,0.314378345652,0.314378345652,0.628756691303,-8.32667268469e-17,-5.55111512313e-17,0.08,78855.6040547
2014-12-12,78760.3187088,-0.00108901700126,-0.0012083522411,9.41025242306,0,0.000119335239846,0,18820.5048461,0.238670479692,0.350543649205,0.350543649205,0.701087298411,-1.66533453694e-16,-1.94289029309e-16,0.08,78760.3187088
2014-12-15,78839.340442,0.00124983286486,0.00100331911483,19.4155015182,0,0.000246513750027,0,38831.0030364,0.493027500054,0.3511961819,0.3511961819,0.702392363801,-4.16333634234e-17,-5.55111512313e-17,0.08,78839.340442
2014-12-16,79324.8845552,0.00651611802291,0.00615865265253,28.1823340321,0,0.000357465370386,0,56364.6680643,0.714930740773,0.446967926583,0.446967926583,0.893935853165,2.77555756156e-16,3.05311331772e-16,0.08,79324.8845552
2014-12-17,79256.3428028,-0.000535730601414,-0.000864063688266,26.0449842102,0,0.000328333086852,0,52089.9684203,0.656666173703,0.375725782966,0.375725782966,0.751451565933,1.94289029309e-16,1.31838984174e-16,0.08,79256.3428028
2014-12-18,78971.2656403,-0.00332818903615,-0.00359690029155,21.2970713734,0,0.000268711255406,0,42594.1427469,0.537422510812,0.403640384867,0.403640384867,0.807280769735,0,0,0.08,78971.2656403
2014-12-19,78911.7886164,-0.000511212316044,-0.000753147660171,19.1059403288,0,0.000241935344126,0,38211.8806576,0.483870688253,0.224565800503,0.224565800503,0.449131601005,-9.71445146547e-17,-1.04083408559e-16,0.08,78911.7886164
2014-12-22,79037.5546457,0.00175008796961,0.00159375464132,12.3365425563,0,0.000156333328298,0,24673.0851126,0.312666656595,0.226495940432,0.226495940432,0.452991880864,-1.94289029309e-16,-1.94289029309e-16,0.08,79037.5546457
2014-12-23,78958.1415098,-0.000836622778164,-0.0010047519348,13.2885174049,0,0.000168129156632,0,26577.0348097,0.336258313264,0.327895657152,0.327895657152,0.655791314304,-2.22044604925e-16,-2.08166817117e-16,0.08,78958.1415098
2014-12-24,78972.8685046,0.000437223881922,0.000186516483105,19.7953902734,0,0.000250707398817,0,39590.7805467,0.501414797635,0.293807783399,0.293807783399,0.587615566799,-5.55111512313e-17,-2.77555756156e-17,0.08,78972.8685046
2014-12-26,79093.4405281,0.00166282641901,0.00152675248708,10.7461487337,0,0.000136073931936,0,21492.2974674,0.272147863872,0.322487052913,0.322487052913,0.644974105825,-2.77555756156e-17,-2.77555756156e-17,0.08,79093.4405281
2014-12-29,79162.3331601,0.00106354902449,0.000871028388398,15.2271194808,0,0.000192520636087,0,30454.2389616,0.385041272175,0.278467164302,0.278467164302,0.556934328604,2.77555756156e-17,5.55111512313e-17,0.08,79162.3331601
2014-12-30,79186.8253276,0.000581742652037,0.000309391682721,21.5599381695,0,0.000272350969317,0,43119.8763391,0.544701938634,0.315963347469,0.315963347469,0.631926694938,0,3.46944695195e-17,0.08,79186.8253276
2014-12-31,79081.3207113,-0.00110680704789,-0.00133235062502,17.8600798457,0,0.000225543577127,0,35720.1596914,0.451087154254,0.348049614103,0.348049614103,0.696099228206,-1.52655665886e-16,-1.52655665886e-16,0.08,79081.3207113
2015-01-02,79146.0955686,0.00120626292053,0.000819091748469,30.6180076277,0,0.000387171172058,0,61236.0152554,0.774342344115,0.360137206036,0.360137206036,0.720274412071,-2.22044604925e-16,-2.63677968348e-16,0.08,79146.0955686
2015-01-05,79158.2020571,0.000342574224029,0.000152963812133,15.0069237807,0,0.000189610411895,0,30013.8475613,0.379220823791,0.336201230803,0.336201230803,0.672402461605,-1.11022302463e-16,-1.94289029309e-16,0.08,79158.2020571
2015-01-06,79176.9045964,0.000510188765299,0.000236267864425,21.683086019,0,0.000273920900874,0,43366.1720381,0.547841801748,0.326308212746,0.326308212746,0.652616425493,1.31838984174e-16,1.38777878078e-17,0.08,79176.9045964
2015-01-07,79108.8819701,-0.000603036859626,-0.000859122071897,20.2760344205,0,0.00025608521227,0,40552.068841,0.512170424541,0.280461501115,0.280461501115,0.560923002231,4.30211422042e-16,3.57353036051e-16,0.08,79108.8819701
2015-01-08,79133.5523781,0.000453042407681,0.000311853831897,11.1692703772,0,0.000141188575784,0,22338.5407544,0.282377151568,0.251324404166,0.251324404166,0.502648808331,7.6327832943e-16,7.07767178199e-16,0.08,79133.5523781
2015-01-09,79014.4775784,-0.0013009201669,-0.00150473214115,16.1283655398,0,0.000203811974253,0,32256.7310796,0.407623948505,0.362996937529,0.362996937529,0.725993875058,5.6898930012e-16,5.55111512313e-16,0.08,79014.4775784
2015-01-12,78973.4357503,-0.000387319970422,-0.000519421622163,10.4379429995,0,0.000132101651741,0,20875.8859991,0.264203303482,0.361464891469,0.361464891469,0.722929782937,4.71844785466e-16,4.64905891562e-16,0.08,78973.4357503
2015-01-13,78973.9299293,0.000126795327754,6.25753529282e-06,9.5192836084,0,0.000120537792461,0,19038.5672168,0.241075584922,0.404136318383,0.404136318383,0.808272636767,1.11022302463e-16,2.04697370165e-16,0.08,78973.9299293
2015-01-14,78594.3684591,-0.00454490737622,-0.00480616161046,20.6322735884,0,0.000261254234237,0,41264.5471767,0.522508468474,0.392130697228,0.392130697228,0.784261394456,2.01227923213e-16,2.01227923213e-16,0.08,78594.3684591
2015-01-15,78244.8436676,-0.00422057267807,-0.00444719893196,17.8115473001,0,0.000226626253882,0,35623.0946002,0.453252507764,0.361583762201,0.361583762201,0.723167524403,2.22044604925e-16,2.98372437868e-16,0.08,78244.8436676
2015-01-16,78103.4092731,-0.00161136556162,-0.00180758741305,15.3533480888,0,0.000196221851424,0,30706.6961777,0.392443702848,0.332914048511,0.332914048511,0.665828097021,3.60822483003e-16,4.1806835771e-16,0.08,78103.4092731
2015-01-20,77931.3468859,-0.00201437007845,-0.00220300738126,14.7332164657,0,0.000188637302812,0,29466.4329314,0.377274605624,0.297139201077,0.297139201077,0.594278402155,6.93889390391e-17,0,0.08,77931.3468859
2015-01-21,77851.8436565,-0.000870993880309,-0.00102017009356,11.6255032221,0,0.000149176213252,0,23251.0064441,0.298352426504,0.386138607465,0.386138607465,0.77227721493,1.38777878078e-16,1.80411241502e-16,0.08,77851.8436565
2015-01-22,78094.2234107,0.00323339822402,0.003113346362,9.34625879262,0,0.00012005186202,0,18692.5175852,0.240103724039,0.328470599752,0.328470599752,0.656941199505,0,0,0.08,78094.2234107
2015-01-23,77883.3555579,-0.00247837943895,-0.00270017222225,17.32073517,0,0.000221792783301,0,34641.4703399,0.443585566601,0.224226404236,0.224226404236,0.448452808471,-5.20417042793e-17,-5.55111512313e-17,0.08,77883.3555579
2015-01-26,77950.0228262,0.00106826677912,0.000855988648718,16.5329331073,0,0.000212278130402,0,33065.8662145,0.424556260804,0.350614826516,0.350614826516,0.701229653031,-1.17961196366e-16,-4.16333634234e-17,0.08,77950.0228262
2015-01-27,78026.7549778,0.0011648674058,0.000984376255987,14.0692892475,0,0.000180491149809,0,28138.578495,0.360982299617,0.285105518658,0.285105518658,0.570211037317,-1.80411241502e-16,-1.11022302463e-16,0.08,78026.7549778
2015-01-28,77738.8188793,-0.00346617886087,-0.00369022264979,17.4814098219,0,0.000224043788914,0,34962.8196437,0.448087577827,0.213690584823,0.213690584823,0.427381169645,-1.66533453694e-16,-1.63064006742e-16,0.08,77738.8188793
2015-01-29,77787.414764,0.000740515735167,0.000625117352332,8.97093398218,0,0.000115398382835,0,17941.8679644,0.23079676567,0.250899483181,0.250899483181,0.501798966362,6.24500451352e-17,5.55111512313e-17,0.08,77787.414764
2015-01-30,77636.4859684,-0.00178412150805,-0.00194027267754,12.1465957872,0,0.000156151169493,0,24293.1915745,0.312302338986,0.299681573413,0.299681573413,0.599363146826,3.33066907388e-16,3.46944695195e-16,0.08,77636.4859684
2015-02-02,77787.4577888,0.00209614921272,0.00194459883816,11.765838528,0,0.000151550374559,0,23531.6770559,0.303100749118,0.24903185026,0.24903185026,0.498063700519,2.49800180541e-16,3.33066907388e-16,0.08,77787.4577888
2015-02-03,77539.2830585,-0.00311653941142,-0.00319042089021,5.74705241219,0,7.38814787828e-05,0,11494.1048244,0.147762957566,0.219463967054,0.219463967054,0.438927934107,1.31838984174e-16,1.80411241502e-16,0.08,77539.2830585
2015-02-04,77616.4740796,0.00114623218146,0.000995508573338,11.6870005135,0,0.000150723608119,0,23374.0010271,0.301447216238,0.205396011528,0.205396011528,0.410792023056,0,5.89805981832e-17,0.08,77616.4740796
2015-02-05,77769.7569639,0.00208757344572,0.00197487564453,8.7472059647,0,0.000112697801188,0,17494.4119294,0.225395602375,0.164726839504,0.164726839504,0.329453679008,6.93889390391e-18,2.08166817117e-17,0.08,77769.7569639
2015-02-06,77670.195859,-0.00118229611513,-0.00128020336931,7.61422336218,0,9.79072541749e-05,0,15228.4467244,0.19581450835,0.189826267708,0.189826267708,0.379652535416,6.93889390391e-18,3.46944695195e-17,0.08,77670.195859
2015-02-09,77613.5594313,-0.000496773092291,-0.000729191255161,18.0519642313,0,0.00023241816287,0,36103.9284625,0.464836325739,0.344656872026,0.344656872026,0.689313744052,-1.2490009027e-16,-1.80411241502e-16,0.08,77613.5594313
2015-02-10,77558.3961294,-0.000608142878588,-0.00071074310161,7.96316850723,0,0.000102600223023,0,15926.3370145,0.205200446045,0.301659740959,0.301659740959,0.603319481917,-1.90819582357e-16,-2.35922392733e-16,0.08,77558.3961294
2015-02-11,77535.557748,-0.000122425895197,-0.000294466911699,13.3432253084,0,0.000172041016502,0,26686.4506168,0.344082033005,0.196473759695,0.196473759695,0.392947519389,1.38777878078e-17,1.38777878078e-17,0.08,77535.557748
2015-02-12,77287.1688805,-0.00307618343888,-0.00320354782634,9.8752688191,0,0.000127364387462,0,19750.5376382,0.254728774924,0.243271424373,0.243271424373,0.486542848747,-1.80411241502e-16,-1.38777878078e-16,0.08,77287.1688805
2015-02-13,77497.1640323,0.00282006395337,0.00271707651848,7.9596072732,0,0.000102987434894,0,15919.2145464,0.205974869787,0.233311947054,0.233311947054,0.466623894109,-1.66533453694e-16,-1.2490009027e-16,0.08,77497.1640323
2015-02-17,77523.5105105,0.000494413945278,0.000339966998886,11.9692003388,0,0.000154446946392,0,23938.4006777,0.308893892784,0.290038261344,0.290038261344,0.580076522687,6.93889390391e-18,6.93889390391e-17,0.08,77523.5105105
2015-02-18,77403.6164823,-0.00140321558826,-0.00154655055531,11.1118298241,0,0.000143334967043,0,22223.6596481,0.286669934085,0.316894743776,0.316894743776,0.633789487553,-8.32667268469e-17,-4.16333634234e-17,0.08,77403.6164823
2015-02-19,77223.7688886,-0.0020326524652,-0.00232350375685,22.5129418317,0,0.000290851291643,0,45025.8836635,0.581702583286,0.468633204806,0.468633204806,0.937266409613,-2.60208521397e-16,-1.52655665886e-16,0.08,77223.7688886
2015-02-20,77176.2702087,-0.000266735640935,-0.000615078499308,26.9003483889,0,0.000348342858372,0,53800.6967778,0.696685716744,0.332752308387,0.332752308387,0.665504616774,-2.35922392733e-16,-1.67400815432e-16,0.08,77176.2702087
2015-02-23,77102.5322442,-0.000722744500162,-0.000955448667733,17.9592397152,0,0.000232704167571,0,35918.4794303,0.465408335142,0.338691592103,0.338691592103,0.677383184206,-1.31838984174e-16,-1.35308431126e-16,0.08,77102.5322442
2015-02-24,77135.0360268,0.000609908434665,0.00042156569494,14.5217021626,0,0.000188342739725,0,29043.4043252,0.37668547945,0.220371963777,0.220371963777,0.440743927555,-2.77555756156e-17,6.93889390391e-18,0.08,77135.0360268
2015-02-25,77391.2674211,0.00349715823658,0.00332185485984,13.5220322801,0,0.000175303376735,0,27044.0645601,0.35060675347,0.250568943881,0.250568943881,0.501137887761,0,0,0.08,77391.2674211
2015-02-26,77291.6523428,-0.00107205444113,-0.0012871617378,16.647426321,0,0.000215107296672,0,33294.8526419,0.430214593344,0.312975470974,0.312975470974,0.625950941949,-1.11022302463e-16,-7.97972798949e-17,0.08,77291.6523428
2015-02-27,77305.5666332,0.000397911368828,0.00018002319759,16.8409367809,0,0.000217888171238,0,33681.8735619,0.435776342476,0.294648034385,0.294648034385,0.589296068771,-5.55111512313e-17,-6.93889390391e-17,0.08,77305.5666332
2015-03-02,77109.4298423,-0.00239308769336,-0.00253716258065,11.1377907996,0,0.00014407488729,0,22275.5815991,0.28814977458,0.279398533906,0.279398533906,0.558797067813,1.2490009027e-16,9.71445146547e-17,0.08,77109.4298423
2015-03-03,77117.309254,0.000244066615499,0.000102184801204,10.9404258053,0,0.000141881814295,0,21880.8516105,0.283763628589,0.304924472589,0.304924472589,0.609848945178,5.55111512313e-17,1.38777878078e-17,0.08,77117.309254
2015-03-04,77041.6273497,-0.000844293684689,-0.000981386734439,10.5722471142,0,0.00013709304975,0,21144.4942283,0.274186099501,0.254865730321,0.254865730321,0.509731460642,8.32667268469e-17,8.32667268469e-17,0.08,77041.6273497
2015-03-05,77176.6537717,0.00190770363277,0.0017526423909,11.9461704124,0,0.000155061241869,0,23892.3408249,0.310122483737,0.28110329544,0.28110329544,0.562206590879,6.93889390391e-17,9.71445146547e-17,0.08,77176.6537717
2015-03-06,77352.7507681,0.00254607630898,0.0022817392023,20.4006533612,0,0.00026433710668,0,40801.3067224,0.528674213359,0.307541540385,0.307541540385,0.615083080771,2.08166817117e-17,-2.77555756156e-17,0.08,77352.7507681
2015-03-09,77194.3941166,-0.001812675787,-0.00204720129493,18.1411931638,0,0.000234525507932,0,36282.3863277,0.469051015864,0.336145497191,0.336145497191,0.672290994383,-2.08166817117e-16,-1.94289029309e-16,0.08,77194.3941166
2015-03-10,77250.4771166,0.000909910974723,0.00072651648718,14.1570263502,0,0.000183394487543,0,28314.0527004,0.366788975085,0.328586537182,0.328586537182,0.657173074363,6.93889390391e-18,-1.38777878078e-17,0.08,77250.4771166
2015-03-11,77076.3281256,-0.00203632845558,-0.00225434194695,16.8416462264,0,0.000218013491373,0,33683.2924529,0.436026982747,0.367231000602,0.367231000602,0.734462001204,0,0,0.08,77076.3281256
2015-03-12,77431.6209623,0.00486787199546,0.00460962328284,19.9048625122,0,0.000258248712623,0,39809.7250243,0.516497425246,0.415567742032,0.415567742032,0.831135484064,-4.4408920985e-16,-5.27355936697e-16,0.08,77431.6209623
2015-03-13,77374.9720244,-0.000369643747318,-0.000731599534855,28.0268233457,0,0.000361955787537,0,56053.6466914,0.723911575075,0.270355343701,0.270355343701,0.540710687401,1.38777878078e-17,5.55111512313e-17,0.08,77374.9720244
2015-03-16,77351.095964,-6.10172797979e-05,-0.000308576013035,19.1548500586,0,0.000247558733237,0,38309.7001173,0.495117466475,0.405227257125,0.405227257125,0.81045451425,-8.60422844084e-16,-9.40220123979e-16,0.08,77351.095964
2015-03-17,77300.8815003,-0.000487812864658,-0.000649175854173,12.481604087,0,0.000161362989515,0,24963.208174,0.32272597903,0.36573454769,0.36573454769,0.73146909538,-4.71844785466e-16,-5.34294830601e-16,0.08,77300.8815003
2015-03-18,77413.7533436,0.00165060106362,0.00146016243438,14.7210739116,0,0.000190438629236,0,29442.1478232,0.380877258471,0.264197646816,0.264197646816,0.528395293631,-1.38777878078e-16,-1.66533453694e-16,0.08,77413.7533436
2015-03-19,77357.4697842,-0.000513321058777,-0.000727048578531,16.545449497,0,0.000213727519754,0,33090.8989939,0.427455039508,0.333069283773,0.333069283773,0.666138567546,-6.93889390391e-18,-5.55111512313e-17,0.08,77357.4697842
2015-03-20,77605.6037876,0.00353609088666,0.00320762822388,25.4090405112,0,0.000328462662779,0,50818.0810224,0.656925325559,0.391025567478,0.391025567478,0.782051134956,1.38777878078e-17,-6.93889390391e-18,0.08,77605.6037876
2015-03-23,77572.3944913,-0.000156435684799,-0.00042792394741,21.0690105412,0,0.000271488262611,0,42138.0210824,0.542976525223,0.37032000265,0.37032000265,0.7406400053,1.66533453694e-16,1.4224732503e-16,0.08,77572.3944913
2015-03-24,77571.1358114,0.0002674141374,-1.62258739705e-05,22.0026348555,0,0.00028364001137,0,44005.269711,0.56728002274,0.402342527508,0.402342527508,0.804685055016,6.10622663544e-16,6.14092110496e-16,0.08,77571.1358114
2015-03-25,77479.8004946,-0.000966036626967,-0.00117743946732,16.3987584398,0,0.000211402840351,0,32797.5168796,0.422805680703,0.389035859747,0.389035859747,0.778071719494,2.49800180541e-16,3.05311331772e-16,0.08,77479.8004946
2015-03-26,77517.4892326,0.000725935009689,0.000486433079625,18.5565617594,0,0.000239501930063,0,37113.1235187,0.479003860126,0.328635543274,0.328635543274,0.657271086548,5.27355936697e-16,5.13478148889e-16,0.08,77517.4892326
2015-03-27,77412.3395314,-0.00106318507569,-0.00135646422733,22.7342634793,0,0.000293279151639,0,45468.5269586,0.586558303278,0.367024260629,0.367024260629,0.734048521258,-6.80011602583e-16,-7.25114412958e-16,0.08,77412.3395314
2015-03-30,77466.4510536,0.000982537235461,0.000699003834416,21.9489839102,0,0.000283533401045,0,43897.9678204,0.567066802091,0.390192611493,0.390192611493,0.780385222985,2.18575157973e-16,2.35922392733e-16,0.08,77466.4510536
2015-03-31,77564.413544,0.00151244268782,0.0012645795581,19.2010770068,0,0.000247863129724,0,38402.1540135,0.495726259448,0.332741571545,0.332741571545,0.665483143091,8.32667268469e-17,4.85722573274e-17,0.08,77564.413544
2015-04-01,77357.7271772,-0.0024049035266,-0.00266470611165,20.1514351467,0,0.000259802585051,0,40302.8702935,0.519605170103,0.325921232233,0.325921232233,0.651842464467,1.2490009027e-16,7.1123662515e-17,0.08,77357.7271772
2015-04-02,77309.3964092,-0.000385568099513,-0.00062476975239,18.5040962036,0,0.000239201652878,0,37008.1924073,0.478403305755,0.237443447851,0.237443447851,0.474886895701,-2.42861286637e-16,-2.70616862252e-16,0.08,77309.3964092
2015-04-06,77339.6184138,0.000619829596741,0.000390922785719,17.696647394,0,0.000228906811021,0,35393.294788,0.457813622043,0.417887809513,0.417887809513,0.835775619025,-1.38777878078e-16,-1.87350135405e-16,0.08,77339.6184138
2015-04-07,77412.4105129,0.00125189845665,0.000941200649422,24.0292498532,0,0.000310697807231,0,48058.4997065,0.621395614462,0.304796466531,0.304796466531,0.609592933062,-2.08166817117e-16,-1.78676518026e-16,0.08,77412.4105129
2015-04-08,77488.1728401,0.00115872478466,0.000978684512106,13.9373514882,0,0.000180040272559,0,27874.7029763,0.360080545117,0.359640500717,0.359640500717,0.719281001435,-4.02455846427e-16,-4.23272528138e-16,0.08,77488.1728401
2015-04-09,77365.4588159,-0.00138728553292,-0.00158364844202,15.2158030398,0,0.000196362909101,0,30431.6060796,0.392725818202,0.300380944281,0.300380944281,0.600761888561,-1.73472347598e-16,-1.94289029309e-16,0.08,77365.4588159
2015-04-10,77430.1439668,0.00112060100305,0.000836098589193,22.0106597824,0,0.000284502413859,0,44021.3195648,0.569004827717,0.383399115216,0.383399115216,0.766798230432,-1.94289029309e-16,-2.01227923213e-16,0.08,77430.1439668
2015-04-13,77500.1365864,0.00118597902424,0.000903945362916,21.837907,0,0.000282033661326,0,43675.8139999,0.564067322652,0.335240856637,0.335240856637,0.670481713274,-3.88578058619e-16,-3.67761376907e-16,0.08,77500.1365864
2015-04-14,77462.7371672,-0.00012465116225,-0.000482572300401,27.7389370939,0,0.000357921138152,0,55477.8741878,0.715842276303,0.43239362915,0.43239362915,0.8647872583,-3.33066907388e-16,-2.8449465006e-16,0.08,77462.7371672
2015-04-15,77484.4203907,0.000511404948147,0.000279918115949,17.9316036402,0,0.000231486832197,0,35863.2072804,0.462973664395,0.37422650787,0.37422650787,0.748453015739,-5.55111512313e-17,0,0.08,77484.4203907
2015-04-16,77355.3866331,-0.00136525550018,-0.00166528647876,23.2477264745,0,0.000300030978579,0,46495.4529489,0.600061957159,0.304656987253,0.304656987253,0.609313974507,-3.05311331772e-16,-3.33066907388e-16,0.08,77355.3866331
2015-04-17,77276.4760491,-0.000807464640457,-0.00102010457712,16.4488445145,0,0.000212639936667,0,32897.689029,0.425279873333,0.377486808361,0.377486808361,0.754973616723,-4.4408920985e-16,-4.92661467177e-16,0.08,77276.4760491
2015-04-20,77371.4074144,0.00141065566792,0.00122846395398,14.0791336181,0,0.000182191713933,0,28158.2672362,0.364383427866,0.428626497783,0.428626497783,0.857252995567,-2.77555756156e-16,-2.63677968348e-16,0.08,77371.4074144
2015-04-21,77381.4933561,0.000427546004156,0.000130357479569,22.9938944147,0,0.000297188524587,0,45987.7888295,0.594377049175,0.337316567394,0.337316567394,0.674633134787,-9.02056207508e-17,-1.1622647289e-16,0.08,77381.4933561
2015-04-22,77351.0171473,-4.97773941643e-05,-0.000393843637719,26.6243597397,0,0.000344066243555,0,53248.7194794,0.68813248711,0.416414462553,0.416414462553,0.832828925105,-4.16333634234e-17,-2.77555756156e-17,0.08,77351.0171473
2015-04-23,77234.1438331,-0.00115764761535,-0.0015109473476,27.3280936479,0,0.000353299732256,0,54656.1872957,0.706599464512,0.388283016207,0.388283016207,0.776566032415,3.22658566532e-16,3.60822483003e-16,0.08,77234.1438331
2015-04-24,76770.8594722,-0.00566887075574,-0.00599843978138,25.4539815297,0,0.000329569025646,0,50907.9630593,0.659138051292,0.264113774461,0.264113774461,0.528227548923,2.77555756156e-16,3.92047505571e-16,0.08,76770.8594722
2015-04-27,76573.870131,-0.00233904722394,-0.00256593898547,17.41867554,0,0.000226891761532,0,34837.3510799,0.453783523064,0.286571554232,0.286571554232,0.573143108465,1.11022302463e-16,1.38777878078e-16,0.08,76573.870131
2015-04-28,76460.8454537,-0.00129678961539,-0.00147602148201,13.7244776783,0,0.000179231866626,0,27448.9553566,0.358463733251,0.286687230471,0.286687230471,0.573374460941,1.66533453694e-16,2.22044604925e-16,0.08,76460.8454537
2015-04-29,76406.7902505,-0.000563386803968,-0.000706965805454,10.978171843,0,0.000143579001486,0,21956.343686,0.287158002971,0.273637319855,0.273637319855,0.54727463971,0,1.38777878078e-17,0.08,76406.7902505
2015-04-30,76467.4073391,0.000918151994354,0.00079334687961,9.53595822448,0,0.000124805114745,0,19071.916449,0.249610229489,0.311968122349,0.311968122349,0.623936244699,-1.38777878078e-17,-6.24500451352e-17,0.08,76467.4073391
2015-05-01,76597.265432,0.00187654755636,0.00169821493174,13.6366334484,0,0.000178332624617,0,27273.2668968,0.356665249233,0.250036343622,0.250036343622,0.500072687244,-2.77555756156e-17,-3.12250225676e-17,0.08,76597.265432
2015-05-04,76598.9857025,0.000321347627316,2.2458640196e-05,22.8940790811,0,0.00029888898712,0,45788.1581622,0.597777974239,0.416137844928,0.416137844928,0.832275689857,0,-8.32667268469e-17,0.08,76598.9857025
2015-05-05,76427.1245334,-0.00201193045744,-0.00224364810455,17.749336738,0,0.00023171764711,0,35498.673476,0.46343529422,0.332505304619,0.332505304619,0.665010609237,0,-7.6327832943e-17,0.08,76427.1245334
2015-05-06,76475.5189317,0.000753215892746,0.000633209722424,9.17172652398,0,0.000120006170322,0,18343.453048,0.240012340644,0.275243806409,0.275243806409,0.550487612818,5.55111512313e-17,2.77555756156e-17,0.08,76475.5189317
2015-05-07,76560.1311944,0.00129692691906,0.00110639671232,14.570896433,0,0.000190530206745,0,29141.792866,0.38106041349,0.321427493866,0.321427493866,0.642854987731,2.22044604925e-16,2.08166817117e-16,0.08,76560.1311944
2015-05-08,76569.3456108,0.000382049581496,0.000120355285048,20.0353496689,0,0.000261694296448,0,40070.6993378,0.523388592897,0.294144948812,0.294144948812,0.588289897625,-2.08166817117e-16,-2.35922392733e-16,0.08,76569.3456108
2015-05-11,76465.8607091,-0.00107735163676,-0.0013515186906,20.9927919008,0,0.000274167053843,0,41985.5838016,0.548334107686,0.315072310273,0.315072310273,0.630144620547,-2.22044604925e-16,-2.63677968348e-16,0.08,76465.8607091
2015-05-12,76471.8555126,0.000355185591097,7.83984306107e-05,21.1647684598,0,0.000276787160487,0,42329.5369197,0.553574320973,0.441325807211,0.441325807211,0.882651614422,0,-2.77555756156e-17,0.08,76471.8555126
2015-05-13,76496.0677743,0.000583716010174,0.00031661663726,20.425584653,0,0.000267099372914,0,40851.1693059,0.534198745827,0.259862897438,0.259862897438,0.519725794875,-9.02056207508e-17,-9.71445146547e-17,0.08,76496.0677743
2015-05-14,76583.8213573,0.00134358516371,0.00114716462638,15.0253987358,0,0.000196420537329,0,30050.7974716,0.392841074658,0.279994173334,0.279994173334,0.559988346668,-2.77555756156e-17,0,0.08,76583.8213573
2015-05-15,76640.8668364,0.000937946594356,0.000744876372596,14.7860553727,0,0.000193070221761,0,29572.1107455,0.386140443521,0.289710728703,0.289710728703,0.579421457405,-1.38777878078e-16,-1.38777878078e-16,0.08,76640.8668364
2015-05-18,76576.4274539,-0.000649430410835,-0.000840796628802,14.6664728282,0,0.000191366217967,0,29332.9456563,0.382732435933,0.361661743294,0.361661743294,0.723323486588,-2.49800180541e-16,-2.49800180541e-16,0.08,76576.4274539
2015-05-19,76714.2153008,0.00202892132685,0.00179935068142,17.5796998754,0,0.000229570645431,0,35159.3997508,0.459141290863,0.302462525684,0.302462525684,0.604925051368,-2.63677968348e-16,-2.77555756156e-16,0.08,76714.2153008
2015-05-20,76760.6929822,0.000917369248482,0.00060585487573,23.8975806606,0,0.000311514372752,0,47795.1613212,0.623028745504,0.353939539757,0.353939539757,0.707879079514,-5.55111512313e-17,6.93889390391e-18,0.08,76760.6929822
2015-05-21,76935.451192,0.00243771166461,0.00227666274288,12.3622268365,0,0.000161048921735,0,24724.4536729,0.322097843471,0.287847567582,0.287847567582,0.575695135164,-2.77555756156e-17,-2.42861286637e-17,0.08,76935.451192
2015-05-22,76920.6722082,-1.60012519198e-05,-0.000192095887915,13.5479202728,0,0.000176094635995,0,27095.8405456,0.352189271991,0.284584925075,0.284584925075,0.56916985015,-2.77555756156e-17,-6.93889390391e-18,0.08,76920.6722082
2015-05-26,76866.0432203,-0.000491739525225,-0.000710199045165,16.8040531241,0,0.00021845951994,0,33608.1062482,0.436919039881,0.373021671685,0.373021671685,0.74604334337,-3.33066907388e-16,-2.56739074445e-16,0.08,76866.0432203
2015-05-27,76693.7360377,-0.00206539264081,-0.00224165542183,13.5486225444,0,0.000176262781026,0,27097.2450889,0.352525562051,0.239742515271,0.239742515271,0.479485030541,-6.93889390391e-17,-5.37764277553e-17,0.08,76693.7360377
2015-05-28,76680.9495321,8.40259600581e-05,-0.000166721642993,19.2307704805,0,0.000250747603051,0,38461.540961,0.501495206102,0.334644844904,0.334644844904,0.669289689808,-1.73472347598e-16,-1.38777878078e-16,0.08,76680.9495321
2015-05-29,76705.5935082,0.000457775629001,0.000321383293974,10.4586937588,0,0.000136392335027,0,20917.3875176,0.272784670055,0.298524643096,0.298524643096,0.597049286192,0,1.38777878078e-17,0.08,76705.5935082
2015-06-01,76635.1831155,-0.000737584444969,-0.000917930355682,13.833540118,0,0.000180345910713,0,27667.0802361,0.360691821426,0.309479700039,0.309479700039,0.618959400077,-1.38777878078e-17,-2.77555756156e-17,0.08,76635.1831155
2015-06-02,76701.7332025,0.0010333206592,0.000868401227105,12.6386308777,0,0.000164919432092,0,25277.2617553,0.329838864184,0.392581237286,0.392581237286,0.785162474573,-2.77555756156e-17,-2.77555756156e-17,0.08,76701.7332025
2015-06-03,76577.5096911,-0.00135434030931,-0.00161956589879,20.3432624027,0,0.000265225589479,0,40686.5248054,0.530451178958,0.37761835106,0.37761835106,0.755236702119,0,-4.16333634234e-17,0.08,76577.5096911
2015-06-04,76611.4748918,0.000645391650095,0.000443540158005,15.4572845916,0,0.000201851492089,0,30914.5691832,0.403702984178,0.293659169941,0.293659169941,0.587318339882,5.55111512313e-17,2.08166817117e-17,0.08,76611.4748918
2015-06-05,76382.7039872,-0.00273859756802,-0.00298611800552,18.9629057831,0,0.000247520437505,0,37925.8115662,0.495040875009,0.433568292175,0.433568292175,0.867136584349,-1.2490009027e-16,-1.70002900646e-16,0.08,76382.7039872
2015-06-08,76439.0368807,0.000936526020459,0.00073750850073,15.2014962978,0,0.00019901751973,0,30402.9925956,0.398035039459,0.382446696193,0.382446696193,0.764893392386,-7.77156117238e-16,-8.60422844084e-16,0.08,76439.0368807
2015-06-09,76294.5816532,-0.00173258293689,-0.00188980962297,12.0182564559,0,0.00015722668608,0,24036.5129119,0.314453372161,0.313704217052,0.313704217052,0.627408434105,-4.71844785466e-16,-5.55111512313e-16,0.08,76294.5816532
2015-06-10,76271.4387284,-0.000180514539846,-0.000303336413876,9.37064349703,0,0.000122821874031,0,18741.2869941,0.245643748061,0.336316355956,0.336316355956,0.672632711912,-3.88578058619e-16,-4.83987849798e-16,0.08,76271.4387284
2015-06-11,76232.0140588,-0.000407901279308,-0.000516899514121,8.31345218806,0,0.000108998234813,0,16626.9043761,0.217996469626,0.31856748145,0.31856748145,0.637134962901,-2.22044604925e-16,-2.46330733589e-16,0.08,76232.0140588
2015-06-12,76110.0475722,-0.00144990591309,-0.00159993787604,11.4372387091,0,0.000150031962952,0,22874.4774181,0.300063925905,0.373495208733,0.373495208733,0.746990417466,0,-1.00613961607e-16,0.08,76110.0475722
2015-06-15,75955.0013895,-0.00180978618042,-0.00203713159559,17.3032703646,0,0.000227345415179,0,34606.5407292,0.454690830359,0.393124351177,0.393124351177,0.786248702353,-2.22044604925e-16,-3.1918911958e-16,0.08,75955.0013895
2015-06-16,75869.9309364,-0.000851766909961,-0.00112001121063,20.3744962304,0,0.000268244300674,0,40748.9924608,0.536488601348,0.459433196811,0.459433196811,0.918866393622,0,-4.16333634234e-17,0.08,75869.9309364
2015-06-17,75913.8100946,0.000857089310867,0.000578347147967,21.1481486483,0,0.000278742162901,0,42296.2972967,0.557484325801,0.42313025485,0.42313025485,0.8462605097,-1.11022302463e-16,-1.52655665886e-16,0.08,75913.8100946
2015-06-18,76152.4856833,0.00337688964618,0.00314403385081,17.6769706288,0,0.000232855795365,0,35353.9412576,0.46571159073,0.294602279922,0.294602279922,0.589204559844,-8.32667268469e-17,-9.71445146547e-17,0.08,76152.4856833
2015-06-19,76166.8560233,0.000472520521807,0.000188704805958,21.6132722379,0,0.000283815715849,0,43226.5444758,0.567631431699,0.343531348865,0.343531348865,0.68706269773,-1.52655665886e-16,-1.80411241502e-16,0.08,76166.8560233
2015-06-22,76079.8063002,-0.00096662879415,-0.00114288192694,13.4246469891,0,0.000176253132793,0,26849.2939783,0.352506265587,0.254033901015,0.254033901015,0.50806780203,-5.20417042793e-17,-8.32667268469e-17,0.08,76079.8063002
2015-06-23,76119.4846007,0.000669547288342,0.000521535246761,11.2607274535,0,0.00014801204158,0,22521.454907,0.29602408316,0.243893474683,0.243893474683,0.487786949366,-2.77555756156e-17,-3.46944695195e-17,0.08,76119.4846007
2015-06-24,76079.9203945,-0.000410917029137,-0.000519764504017,8.28541368798,0,0.00010884747488,0,16570.827376,0.217694949761,0.193942980177,0.193942980177,0.387885960354,2.77555756156e-17,-6.93889390391e-18,0.08,76079.9203945
2015-06-25,76092.5892745,0.000221840173368,0.000166520677809,4.20870281836,0,5.53194955585e-05,0,8417.40563672,0.110638991117,0.159845876127,0.159845876127,0.319691752254,4.16333634234e-17,1.38777878078e-17,0.08,76092.5892745
2015-06-26,76049.6312607,-0.000336964280911,-0.000564549244736,17.3175291774,0,0.000227584963825,0,34635.0583548,0.455169927651,0.290508367782,0.290508367782,0.581016735563,-3.05311331772e-16,-3.1918911958e-16,0.08,76049.6312607
2015-06-29,76111.4167347,0.00109879910833,0.000812436208438,21.7777929435,0,0.000286362899892,0,43555.5858871,0.572725799784,0.450152708011,0.450152708011,0.900305416022,-2.77555756156e-16,-2.63677968348e-16,0.08,76111.4167347
2015-06-30,75991.4320561,-0.00111970277548,-0.00157643470245,34.7625140302,0,0.000456731926977,0,69525.0280604,0.913463853954,0.326540063664,0.326540063664,0.653080127327,-1.38777878078e-17,6.93889390391e-18,0.08,75991.4320561
2015-07-01,76079.5801929,0.00132142039214,0.00115997467597,12.2684911716,0,0.000161445716177,0,24536.9823432,0.322891432354,0.264846636865,0.264846636865,0.52969327373,-2.63677968348e-16,-1.94289029309e-16,0.08,76079.5801929
2015-07-02,76020.7034378,-0.000540428101101,-0.00077388380711,17.7612121068,0,0.00023345570601,0,35522.4242137,0.466911412019,0.264709453036,0.264709453036,0.529418906073,-3.33066907388e-16,-3.59955121265e-16,0.08,76020.7034378
2015-07-06,75811.1213907,-0.00245350424124,-0.00275690749424,23.064928719,0,0.000303403253008,0,46129.857438,0.606806506016,0.428668828814,0.428668828814,0.857337657628,-9.71445146547e-17,-8.32667268469e-17,0.08,75811.1213907
2015-07-07,75858.6744368,0.000911945109055,0.000627256861885,21.5825352647,0,0.00028468824717,0,43165.0705294,0.569376494339,0.348149573768,0.348149573768,0.696299147535,-1.38777878078e-17,-4.16333634234e-17,0.08,75858.6744368
2015-07-08,75750.143314,-0.00110567764127,-0.001430701546,24.6558825729,0,0.000325023904727,0,49311.7651457,0.650047809454,0.257007192706,0.257007192706,0.514014385413,3.22658566532e-16,3.46944695195e-16,0.08,75750.143314
2015-07-09,75906.367685,0.00230269880484,0.00206236403205,18.2053934815,0,0.000240334772782,0,36410.7869631,0.480669545563,0.372990714519,0.372990714519,0.745981429039,1.08246744901e-15,1.12410081243e-15,0.08,75906.367685
2015-07-10,75857.4288544,-0.000353276375533,-0.000644726287343,22.1229041677,0,0.000291449911811,0,44245.8083353,0.582899823621,0.316392991073,0.316392991073,0.632785982145,1.11022302463e-15,9.99200722163e-16,0.08,75857.4288544
2015-07-13,75820.0594573,-0.000249971566822,-0.000492626729618,18.4071967479,0,0.000242655162796,0,36814.3934959,0.485310325592,0.414147687077,0.414147687077,0.828295374154,-3.05311331772e-16,-4.16333634234e-16,0.08,75820.0594573
2015-07-14,75863.5952923,0.000787037452385,0.000574199431273,16.1373914155,0,0.000212838021112,0,32274.7828309,0.425676042223,0.320524187865,0.320524187865,0.64104837573,1.70002900646e-16,1.66533453694e-16,0.08,75863.5952923
2015-07-15,75911.2325112,0.000864005440044,0.000627932524309,17.9093401387,0,0.000236072915734,0,35818.6802775,0.472145831469,0.274056118769,0.274056118769,0.548112237538,0,-2.77555756156e-17,0.08,75911.2325112
2015-07-16,75924.1819795,0.00041166017856,0.000170586984591,18.3001632796,0,0.000241073193969,0,36600.3265592,0.482146387938,0.420464395239,0.420464395239,0.840928790477,-3.88578058619e-16,-4.71844785466e-16,0.08,75924.1819795
2015-07-17,75820.8406768,-0.00111932354012,-0.00136111183552,18.3575785406,0,0.000241788295401,0,36715.1570811,0.483576590803,0.359698445165,0.359698445165,0.719396890329,8.32667268469e-17,8.32667268469e-17,0.08,75820.8406768
2015-07-20,75599.3541603,-0.00275309346659,-0.0029211825474,12.7446554159,0,0.000168089080814,0,25489.3108318,0.336178161627,0.291176369004,0.291176369004,0.582352738008,-1.38777878078e-16,-1.14491749414e-16,0.08,75599.3541603
2015-07-21,75696.7175378,0.00140832778394,0.00128788636611,9.10529340221,0,0.000120441417831,0,18210.5868044,0.240882835663,0.341617633301,0.341617633301,0.683235266603,-3.05311331772e-16,-3.05311331772e-16,0.08,75696.7175378
2015-07-22,75636.4919371,-0.000568603124087,-0.000795617070317,17.1842105649,0,0.000227013946229,0,34368.4211297,0.454027892459,0.331111586547,0.331111586547,0.662223173095,-2.77555756156e-17,6.93889390391e-18,0.08,75636.4919371
2015-07-23,75528.0295189,-0.00124297181942,-0.0014339958858,14.4483902563,0,0.000191024066377,0,28896.7805126,0.382048132753,0.363315861372,0.363315861372,0.726631722744,2.77555756156e-16,2.49800180541e-16,0.08,75528.0295189
2015-07-24,75372.9569026,-0.00193801213238,-0.00205317969123,8.6983787846,0,0.000115167558852,0,17396.7575692,0.230335117704,0.366227804983,0.366227804983,0.732455609966,1.94289029309e-16,1.66533453694e-16,0.08,75372.9569026
2015-07-27,75329.2940779,-0.000425277767069,-0.000579290324826,11.6083818782,0,0.000154012557756,0,23216.7637565,0.308025115513,0.345884680831,0.345884680831,0.691769361663,1.94289029309e-16,1.66533453694e-16,0.08,75329.2940779
2015-07-28,75748.4399125,0.00569032743883,0.0055641811033,9.50251440564,0,0.000126146335525,0,19005.0288113,0.252292671051,0.289454712982,0.289454712982,0.578909425964,1.94289029309e-16,1.66533453694e-16,0.08,75748.4399125
2015-07-29,75678.6629745,-0.000602454929086,-0.000921166668509,24.1419170431,0,0.000318711739423,0,48283.8340862,0.637423478847,0.302901530873,0.302901530873,0.605803061746,3.1918911958e-16,2.49800180541e-16,0.08,75678.6629745
2015-07-30,75572.7852274,-0.00117104853924,-0.00139904357273,17.2543592995,0,0.000227995033493,0,34508.7185991,0.455990066985,0.334757698994,0.334757698994,0.669515397988,1.66533453694e-16,1.66533453694e-16,0.08,75572.7852274
2015-07-31,75445.0833551,-0.00154023860365,-0.00168978650144,11.3017511614,0,0.000149547897797,0,22603.5023228,0.299095795594,0.383719321805,0.383719321805,0.767438643609,1.66533453694e-16,8.32667268469e-17,0.08,75445.0833551
2015-08-03,75404.9135419,-0.000286362820115,-0.000532437786218,18.5651463292,0,0.000246074966102,0,37130.2926584,0.492149932205,0.239041008846,0.239041008846,0.478082017693,1.4224732503e-16,1.45716771982e-16,0.08,75404.9135419
2015-08-04,75333.8247893,-0.000789883675396,-0.00094276021637,11.5276423547,0,0.000152876540974,0,23055.2847094,0.305753081948,0.26788273433,0.26788273433,0.535765468661,9.99200722163e-16,9.02056207508e-16,0.08,75333.8247893
2015-08-05,75321.6600363,7.84999807603e-05,-0.000161477968283,18.0784567665,0,0.000239977949044,0,36156.9135331,0.479955898087,0.367186231367,0.367186231367,0.734372462735,-1.66533453694e-16,-1.66533453694e-16,0.08,75321.6600363
2015-08-06,75765.3441885,0.00605116405363,0.00589052540741,12.0995694997,0,0.000160638646225,0,24199.1389993,0.32127729245,0.320239617829,0.320239617829,0.640479235657,-5.55111512313e-17,-2.77555756156e-17,0.08,75765.3441885
2015-08-07,75543.4836229,-0.00275576137219,-0.00292825919221,13.069356706,0,0.000172497820026,0,26138.713412,0.344995640051,0.294893814052,0.294893814052,0.589787628105,2.35922392733e-16,2.08166817117e-16,0.08,75543.4836229
2015-08-10,75749.8383623,0.00289452240217,0.00273160211119,12.3075663331,0,0.000162920290975,0,24615.1326662,0.325840581949,0.307019095395,0.307019095395,0.614038190789,1.94289029309e-16,1.38777878078e-16,0.08,75749.8383623
2015-08-11,75703.9383186,-0.000402485315508,-0.000605942464396,15.4118461419,0,0.000203457148888,0,30823.6922838,0.406914297775,0.290363662362,0.290363662362,0.580727324724,3.46944695195e-17,8.32667268469e-17,0.08,75703.9383186
2015-08-12,75793.3344596,0.00137809906227,0.00118086513147,14.9313853314,0,0.000197233930797,0,29862.7706628,0.394467861595,0.301577330334,0.301577330334,0.603154660668,1.66533453694e-16,1.61329283266e-16,0.08,75793.3344596
2015-08-13,75884.4390307,0.00150054961067,0.00120201296949,22.6270874937,0,0.000298536641184,0,45254.1749874,0.597073282368,0.358416778638,0.358416778638,0.716833557275,5.55111512313e-17,1.04083408559e-16,0.08,75884.4390307
2015-08-14,75956.4502241,0.00123036867531,0.000948958632087,21.3546432673,0,0.00028141004322,0,42709.2865346,0.562820086439,0.206812820276,0.206812820276,0.413625640551,-5.55111512313e-17,-2.08166817117e-17,0.08,75956.4502241
2015-08-17,75983.5184005,0.000466407067753,0.00035636442084,8.35844883273,0,0.000110042646912,0,16716.8976655,0.220085293825,0.234381179353,0.234381179353,0.468762358705,-2.77555756156e-17,-2.42861286637e-17,0.08,75983.5184005
2015-08-18,75901.9839191,-0.000866138647269,-0.00107305482964,15.7222195504,0,0.000206916182369,0,31444.4391009,0.413832364739,0.296648907294,0.296648907294,0.593297814588,1.87350135405e-16,1.15359111152e-16,0.08,75901.9839191
2015-08-19,75718.0196994,-0.00221447286962,-0.0024237076588,15.8813356031,0,0.000209234789173,0,31762.6712062,0.418469578345,0.236156468987,0.236156468987,0.472312937973,-3.74700270811e-16,-3.74700270811e-16,0.08,75718.0196994
2015-08-20,75848.2870553,0.00185402171141,0.00172042740219,10.1154965378,0,0.000133594309227,0,20230.9930756,0.267188618455,0.248479034111,0.248479034111,0.496958068221,-2.49800180541e-16,-2.22044604925e-16,0.08,75848.2870553
2015-08-21,75796.252962,-0.00050456607886,-0.00068602858813,13.7636204929,0,0.00018146250927,0,27527.2409857,0.362925018539,0.251038419101,0.251038419101,0.502076838201,-3.46944695195e-18,-1.58293517183e-17,0.08,75796.252962
2015-08-24,75682.8937118,-0.00134889928676,-0.00149557855131,11.1177386405,0,0.000146679264555,0,22235.477281,0.29335852911,0.302538628612,0.302538628612,0.605077257225,1.45716771982e-16,1.38777878078e-16,0.08,75682.8937118
2015-08-25,75723.7843524,0.000686008944636,0.00054028907395,11.0285014848,0,0.000145719870686,0,22057.0029697,0.291439741372,0.302013645207,0.302013645207,0.604027290414,0,3.46944695195e-17,0.08,75723.7843524
2015-08-26,75640.5273309,-0.000751782602638,-0.00109948310421,26.3291978,0,0.000347700501569,0,52658.3956,0.695401003138,0.359671053565,0.359671053565,0.71934210713,-3.33066907388e-16,-2.22044604925e-16,0.08,75640.5273309
2015-08-27,75814.625072,0.00256945983892,0.00230164631621,20.2575560839,0,0.000267813522707,0,40515.1121678,0.535627045414,0.340110354161,0.340110354161,0.680220708322,-9.99200722163e-16,-9.99200722163e-16,0.08,75814.625072
2015-08-28,75867.4452511,0.000903565250423,0.000696701712852,15.683281542,0,0.000206863537571,0,31366.563084,0.413727075141,0.330733075667,0.330733075667,0.661466151333,-5.13478148889e-16,-5.55111512313e-16,0.08,75867.4452511
2015-08-31,75873.7343526,0.000419327694245,8.28959173993e-05,25.5242194106,0,0.000336431776845,0,51048.4388211,0.672863553691,0.458892284401,0.458892284401,0.917784568802,4.16333634234e-16,3.81639164715e-16,0.08,75873.7343526
2015-09-01,75720.8274533,-0.00169254385347,-0.00201528105335,24.4872765688,0,0.000322737199873,0,48974.5531377,0.645474399745,0.339452456575,0.339452456575,0.678904913151,-5.55111512313e-16,-5.48172618409e-16,0.08,75720.8274533
2015-09-02,75679.6854683,-0.000264459093425,-0.000543337763547,21.1169236608,0,0.000278878670123,0,42233.8473215,0.557757340245,0.282481865387,0.282481865387,0.564963730775,0,3.12250225676e-17,0.08,75679.6854683
2015-09-03,75723.4811161,0.00079929254404,0.000578697540591,16.6945604769,0,0.000220595003449,0,33389.1209537,0.441190006897,0.329137540483,0.329137540483,0.658275080966,3.60822483003e-16,4.16333634234e-16,0.08,75723.4811161
2015-09-04,75664.5091109,-0.000610473444675,-0.000778780958722,12.7448308617,0,0.000168307514047,0,25489.6617233,0.336615028094,0.253222951253,0.253222951253,0.506445902507,8.32667268469e-17,8.32667268469e-17,0.08,75664.5091109
2015-09-08,75796.030329,0.00189251610718,0.00173821544091,11.6750841691,0,0.000154300666274,0,23350.1683382,0.308601332548,0.310642182663,0.310642182663,0.621284365325,-1.38777878078e-16,-1.17961196366e-16,0.08,75796.030329
2015-09-09,75762.4786663,-0.000134540901593,-0.000442657254871,23.353996458,0,0.000308116353279,0,46707.992916,0.616232706558,0.389670831017,0.389670831017,0.779341662034,2.91433543964e-16,3.1918911958e-16,0.08,75762.4786663
2015-09-10,75812.7370177,0.000944566713458,0.000663367306694,21.3043640559,0,0.000281199406763,0,42608.7281117,0.562398813526,0.277151585933,0.277151585933,0.554303171867,-6.31439345256e-16,-6.38378239159e-16,0.08,75812.7370177
2015-09-11,75694.0561003,-0.00135257566518,-0.00156544826115,16.1384541367,0,0.000212872595972,0,32276.9082734,0.425745191944,0.290715054927,0.290715054927,0.581430109853,2.77555756156e-16,2.28983498829e-16,0.08,75694.0561003
2015-09-14,75789.2983428,0.00144813913725,0.00125825259413,14.3732826472,0,0.000189886543114,0,28746.5652943,0.379773086228,0.267949918515,0.267949918515,0.535899837031,-5.41233724505e-16,-5.34294830601e-16,0.08,75789.2983428
2015-09-15,75829.3890358,0.000685113168646,0.000528975645232,11.8335533445,0,0.000156137523414,0,23667.106689,0.312275046827,0.332105828762,0.332105828762,0.664211657524,-5.55111512313e-16,-5.70724023596e-16,0.08,75829.3890358
2015-09-16,76098.9800467,0.00380817021732,0.00355523121492,19.1802100155,0,0.000252939002403,0,38360.420031,0.505878004805,0.368783526341,0.368783526341,0.737567052682,-3.05311331772e-16,-3.05311331772e-16,0.08,76098.9800467
2015-09-17,75989.261569,-0.00119729355859,-0.00144178644217,18.6056590695,0,0.000244492883585,0,37211.318139,0.488985767171,0.246509263832,0.246509263832,0.493018527663,-5.55111512313e-17,-3.46944695195e-17,0.08,75989.261569
2015-09-18,75808.6755163,-0.00211386671242,-0.0023764680562,19.9548822007,0,0.000262601343778,0,39909.7644015,0.525202687556,0.357916094183,0.357916094183,0.715832188366,5.55111512313e-16,6.0368376964e-16,0.08,75808.6755163
2015-09-21,75902.1014095,0.00141410698855,0.00123239052259,13.7756846043,0,0.000181716465964,0,27551.3692085,0.363432931929,0.43771820762,0.43771820762,0.875436415239,2.49800180541e-16,3.05311331772e-16,0.08,75902.1014095
2015-09-22,75799.3679782,-0.00112049136801,-0.0013534991711,17.6857818999,0,0.000233007803097,0,35371.5637997,0.466015606194,0.399686966966,0.399686966966,0.799373933931,6.10622663544e-16,6.38378239159e-16,0.08,75799.3679782
2015-09-23,75862.6159607,0.000986254456166,0.00083441305951,11.5094818994,0,0.000151841396656,0,23018.9637989,0.303682793312,0.361854008387,0.361854008387,0.723708016773,5.55111512313e-17,1.04083408559e-16,0.08,75862.6159607
2015-09-24,75720.5767992,-0.00169702371566,-0.00187232090124,13.2985030687,0,0.000175297185581,0,26597.0061374,0.350594371162,0.367684513409,0.367684513409,0.735369026817,6.93889390391e-17,8.32667268469e-17,0.08,75720.5767992
2015-09-25,76065.1190567,0.0048108642058,0.00455018004363,19.7391551221,0,0.000260684162172,0,39478.3102442,0.521368324345,0.303254368163,0.303254368163,0.606508736325,0,6.24500451352e-17,0.08,76065.1190567
2015-09-28,76000.8096759,-0.000582840712212,-0.000845451654527,19.9755325928,0,0.000262610942315,0,39951.0651855,0.52522188463,0.292303840135,0.292303840135,0.58460768027,-2.77555756156e-17,0,0.08,76000.8096759
2015-09-29,76239.4953171,0.00338899998664,0.00314056708329,18.8811018044,0,0.000248432903345,0,37762.2036087,0.49686580669,0.316304268681,0.316304268681,0.632608537362,2.08166817117e-16,2.22044604925e-16,0.08,76239.4953171
2015-09-30,76166.8546638,-0.000757785268514,-0.000952795568127,14.8674868241,0,0.000195010299612,0,29734.9736482,0.390020599225,0.366418363813,0.366418363813,0.732836727625,5.13478148889e-16,5.27355936697e-16,0.08,76166.8546638
2015-10-01,76259.6488295,0.00145036019134,0.00121830113728,17.6752082441,0,0.000232059054061,0,35350.4164881,0.464118108121,0.394520815894,0.394520815894,0.789041631789,1.66533453694e-16,1.11022302463e-16,0.08,76259.6488295
2015-10-02,76313.6336451,0.000940472689724,0.000707908001221,17.7353014754,0,0.000232564688503,0,35470.6029508,0.465129377007,0.287835458582,0.287835458582,0.575670917165,1.38777878078e-17,-5.55111512313e-17,0.08,76313.6336451
2015-10-05,76241.244855,-0.000618872677752,-0.000948569562281,25.1603672599,0,0.00032969688453,0,50320.7345198,0.659393769059,0.397276763123,0.397276763123,0.794553526247,1.52655665886e-16,1.38777878078e-16,0.08,76241.244855
2015-10-06,76053.1930261,-0.00223333075825,-0.00246653670463,17.7799116601,0,0.000233205946387,0,35559.8233203,0.466411892774,0.280804814782,0.280804814782,0.561609629563,0,-1.04083408559e-16,0.08,76053.1930261
2015-10-07,75996.7559613,-0.000514154480693,-0.000742073575136,17.333974884,0,0.000227919094443,0,34667.949768,0.455838188886,0.412016297626,0.412016297626,0.824032595252,-5.55111512313e-17,-1.66533453694e-16,0.08,75996.7559613
2015-10-08,75651.4874047,-0.00438149162199,-0.00454320124886,12.2894070503,0,0.000161709626877,0,24578.8141007,0.323419253753,0.432298334416,0.432298334416,0.864596668832,5.27355936697e-16,4.71844785466e-16,0.08,75651.4874047
2015-10-09,75783.8402292,0.00195369220512,0.00174950723456,15.4468967287,0,0.000204184970562,0,30893.7934574,0.408369941124,0.360721620044,0.360721620044,0.721443240089,4.4408920985e-16,3.60822483003e-16,0.08,75783.8402292
2015-10-12,76042.4720282,0.0036054299183,0.00341275657427,14.6015259199,0,0.000192673344023,0,29203.0518398,0.385346688046,0.363250321026,0.363250321026,0.726500642052,1.13797860024e-15,1.08246744901e-15,0.08,76042.4720282
2015-10-13,76145.6963144,0.00157907592152,0.00135745568796,16.8525504114,0,0.00022162023356,0,33705.1008227,0.44324046712,0.451758110981,0.451758110981,0.903516221962,1.88737914186e-15,1.85962356625e-15,0.08,76145.6963144
2015-10-14,75522.4511516,-0.00786137280868,-0.00818490332322,24.6354563087,0,0.000323530514542,0,49270.9126175,0.647061029084,0.247989363959,0.247989363959,0.495978727917,-6.93889390391e-17,-4.16333634234e-17,0.08,75522.4511516
2015-10-15,75776.0299675,0.00353631091279,0.00335766135846,13.4920522399,0,0.000178649554327,0,26984.1044798,0.357299108654,0.23083327048,0.23083327048,0.46166654096,6.93889390391e-18,1.38777878078e-17,0.08,75776.0299675
2015-10-16,75707.8309882,-0.000698479827769,-0.000900007288702,15.2709509189,0,0.000201527460933,0,30541.9018378,0.403054921866,0.23789608191,0.23789608191,0.47579216382,-3.88578058619e-16,-3.74700270811e-16,0.08,75707.8309882
2015-10-19,75618.9178834,-0.00104663229049,-0.00117442414647,9.67484423428,0,0.000127791855981,0,19349.6884686,0.255583711962,0.278596533443,0.278596533443,0.557193066885,5.55111512313e-17,2.77555756156e-17,0.08,75618.9178834
2015-10-20,75584.2779207,-0.000359793136233,-0.000458085935565,7.43279512125,0,9.82927993325e-05,0,14865.5902425,0.196585598665,0.264719474458,0.264719474458,0.529438948915,-8.881784197e-16,-8.74300631892e-16,0.08,75584.2779207
2015-10-21,75764.0563895,0.00249676163361,0.00237851672088,8.93745634658,0,0.000118244912731,0,17874.9126932,0.236489825462,0.273969295934,0.273969295934,0.547938591868,8.32667268469e-17,9.71445146547e-17,0.08,75764.0563895
2015-10-22,75561.7180686,-0.00247410752531,-0.00267063737871,14.8898988953,0,0.0001965298534,0,29779.7977905,0.393059706801,0.300668914447,0.300668914447,0.601337828895,0,4.16333634234e-17,0.08,75561.7180686
2015-10-23,75534.6843017,-0.000120462992045,-0.00035777067544,17.9313762682,0,0.000237307683395,0,35862.7525364,0.47461536679,0.325948109546,0.325948109546,0.651896219093,6.45317133063e-16,6.80011602583e-16,0.08,75534.6843017
2015-10-26,75447.997904,-0.000943752255922,-0.00114763698989,15.4003690141,0,0.000203884733967,0,30800.7380283,0.407769467934,0.400244502828,0.400244502828,0.800489005656,-6.24500451352e-17,-5.55111512313e-17,0.08,75447.997904
2015-10-27,75412.6880318,-0.000331200340059,-0.000468002772323,10.3214696227,0,0.000136802432264,0,20642.9392455,0.273604864528,0.295984365414,0.295984365414,0.591968730829,-1.2490009027e-16,-1.38777878078e-16,0.08,75412.6880318
2015-10-28,75589.4766736,0.00247535826715,0.00234428246006,9.88477894905,0,0.000131075807096,0,19769.5578981,0.262151614192,0.290066331902,0.290066331902,0.580132663804,-5.55111512313e-17,-5.55111512313e-17,0.08,75589.4766736
2015-10-29,75684.0348352,0.00142793722943,0.00125094346162,13.3788662834,0,0.000176993767812,0,26757.7325667,0.353987535623,0.294300933015,0.294300933015,0.588601866029,-8.32667268469e-17,-1.2490009027e-16,0.08,75684.0348352
2015-10-30,75799.8944729,0.00174294151136,0.00153083325901,16.0532083591,0,0.000212108252343,0,32106.4167182,0.424216504685,0.344214654446,0.344214654446,0.688429308891,-5.82867087928e-16,-6.24500451352e-16,0.08,75799.8944729
2015-11-02,75837.1841595,0.000830554622997,0.000491949057171,25.6662661576,0,0.000338605565826,0,51332.5323151,0.677211131652,0.282345163428,0.282345163428,0.564690326856,-1.04083408559e-17,-2.08166817117e-17,0.08,75837.1841595
2015-11-03,75845.2322455,0.000394564253863,0.000106123216872,21.8745560415,0,0.000288441036991,0,43749.1120829,0.576882073983,0.465825844698,0.465825844698,0.931651689397,-2.35922392733e-16,-1.80411241502e-16,0.08,75845.2322455
2015-11-04,75930.928259,0.00141734940615,0.0011298800339,21.8031813019,0,0.000287469372252,0,43606.3626039,0.574938744505,0.38014780172,0.38014780172,0.76029560344,-7.21644966006e-16,-7.21644966006e-16,0.08,75930.928259
2015-11-05,76156.1178244,0.00321790124062,0.00296571595475,19.1486628498,0,0.000252185285875,0,38297.3256995,0.50437057175,0.451098380519,0.451098380519,0.902196761038,-2.22044604925e-16,-2.22044604925e-16,0.08,76156.1178244
2015-11-06,76343.397606,0.00270550744415,0.00245915609753,18.7611621795,0,0.000246351346621,0,37522.3243589,0.492702693242,0.397974062847,0.397974062847,0.795948125694,-5.55111512313e-16,-5.96744875736e-16,0.08,76343.397606
2015-11-09,76427.3730472,0.00150300741678,0.00109996992429,30.7692515388,0,0.000403037492483,0,61538.5030775,0.806074984967,0.37616237359,0.37616237359,0.752324747179,-7.35522753814e-16,-7.91033905045e-16,0.08,76427.3730472
2015-11-10,76325.6447379,-0.00111127147291,-0.00133104547856,16.7967499165,0,0.000219774005658,0,33593.499833,0.439548011316,0.369851032265,0.369851032265,0.73970206453,-7.07767178199e-16,-8.11850586757e-16,0.08,76325.6447379
2015-11-11,76346.9984021,0.000446770451882,0.00027977050548,12.7463785803,0,0.000166999946402,0,25492.7571606,0.333999892803,0.34618140521,0.34618140521,0.692362810419,-8.881784197e-16,-1.01307850997e-15,0.08,76346.9984021
2015-11-12,76412.4551953,0.00101771198231,0.000857359091203,12.2424619208,0,0.000160352891103,0,24484.9238417,0.320705782207,0.396509244078,0.396509244078,0.793018488156,-1.66533453694e-16,-2.01227923213e-16,0.08,76412.4551953
2015-11-13,76145.9904599,-0.00329233520889,-0.00348718981325,14.8893187252,0,0.000194854604359,0,29778.6374503,0.389709208717,0.331544060456,0.331544060456,0.663088120911,-3.05311331772e-16,-2.91433543964e-16,0.08,76145.9904599
2015-11-16,76428.4012301,0.0039872019221,0.00370880683908,21.198669336,0,0.000278395083024,0,42397.3386721,0.556790166048,0.278021447209,0.278021447209,0.556042894419,-5.55111512313e-17,-1.11022302463e-16,0.08,76428.4012301
2015-11-17,76609.72223,0.00259753501145,0.00237242958134,17.2044481317,0,0.000225105430112,0,34408.8962633,0.450210860223,0.349027320596,0.349027320596,0.698054641192,3.05311331772e-16,1.83880688454e-16,0.08,76609.72223
2015-11-18,76280.5701206,-0.00399183276708,-0.00429647960946,23.3389099726,0,0.000304646842375,0,46677.8199452,0.60929368475,0.292143846421,0.292143846421,0.584287692842,1.80411241502e-16,2.22044604925e-16,0.08,76280.5701206
2015-11-19,76308.0102823,0.000507126295164,0.000359726751694,11.2437212114,0,0.00014739954347,0,22487.4424228,0.29479908694,0.211528783946,0.211528783946,0.423057567891,9.71445146547e-17,9.02056207508e-17,0.08,76308.0102823
2015-11-20,76302.5917573,4.54889594266e-05,-7.10086007326e-05,8.88969701851,0,0.000116497560159,0,17779.394037,0.232995120319,0.208210294325,0.208210294325,0.416420588649,6.24500451352e-17,7.97972798949e-17,0.08,76302.5917573
2015-11-23,76257.051402,-0.000381053220717,-0.000596838904882,16.4650069659,0,0.000215785684165,0,32930.0139318,0.43157136833,0.249403842109,0.249403842109,0.498807684218,1.66533453694e-16,2.23779328401e-16,0.08,76257.051402
2015-11-24,76344.0297154,0.00124377945219,0.00114059371307,7.8686402122,0,0.000103185739122,0,15737.2804244,0.206371478245,0.182711251738,0.182711251738,0.365422503476,1.94289029309e-16,2.35055030995e-16,0.08,76344.0297154
2015-11-25,76417.0543383,0.00111299102326,0.000956520413893,11.9455968508,0,0.000156470609364,0,23891.1937017,0.312941218728,0.286062298254,0.286062298254,0.572124596507,-1.38777878078e-17,0,0.08,76417.0543383
2015-11-27,76438.2871131,0.000408366454681,0.000277853876605,9.97338677067,0,0.000130512578076,0,19946.7735413,0.261025156152,0.217272156151,0.217272156151,0.434544312302,4.57966997658e-16,4.6143644461e-16,0.08,76438.2871131
2015-11-30,76344.5084039,-0.00114423381655,-0.00122685518796,6.31543610997,0,8.2621371416e-05,0,12630.8722199,0.165242742832,0.188575397337,0.188575397337,0.377150794674,1.11022302463e-16,1.04083408559e-16,0.08,76344.5084039
2015-12-01,76353.3834184,0.00032335488226,0.000116249546731,15.8113550288,0,0.000207105335529,0,31622.7100576,0.414210671058,0.329904666232,0.329904666232,0.659809332464,2.35922392733e-16,2.49800180541e-16,0.08,76353.3834184
2015-12-02,76461.3151936,0.00166743582696,0.00141358208772,19.3825918842,0,0.000253853739238,0,38765.1837685,0.507707478476,0.26387006094,0.26387006094,0.527740121879,-6.93889390391e-18,-1.38777878078e-17,0.08,76461.3151936
2015-12-03,76486.2497,0.000663442191667,0.000326106167074,25.7931561025,0,0.000337336024593,0,51586.3122051,0.674672049185,0.427526482276,0.427526482276,0.855052964551,-8.32667268469e-17,-1.94289029309e-16,0.08,76486.2497
2015-12-04,76291.8332379,-0.00222524806957,-0.00254184853979,24.21558262,0,0.000316600470215,0,48431.16524,0.633200940429,0.281357671658,0.281357671658,0.562715343316,6.24500451352e-17,5.55111512313e-17,0.08,76291.8332379
2015-12-07,76276.7720324,3.77330539329e-05,-0.000197415697763,17.9399293505,0,0.000235148751696,0,35879.858701,0.470297503392,0.422544577445,0.422544577445,0.845089154889,9.02056207508e-17,2.77555756156e-17,0.08,76276.7720324
2015-12-08,76038.0817686,-0.00288095882637,-0.00312926540383,18.9400242025,0,0.000248306577453,0,37880.048405,0.496613154905,0.362566362436,0.362566362436,0.725132724872,5.27355936697e-16,5.48172618409e-16,0.08,76038.0817686
2015-12-09,76433.223305,0.00543745519553,0.00519662683788,18.3121263516,0,0.000240828357655,0,36624.2527032,0.48165671531,0.270642009833,0.270642009833,0.541284019666,3.88578058619e-16,4.02455846427e-16,0.08,76433.223305
2015-12-10,76280.1492929,-0.00180285259638,-0.00200271564442,15.2761769815,0,0.000199863048044,0,30552.3539631,0.399726096087,0.231313167459,0.231313167459,0.462626334918,5.30825383649e-16,5.82867087928e-16,0.08,76280.1492929
2015-12-11,76233.1133626,-0.000407511477359,-0.000616620847902,15.9508940035,0,0.000209109370543,0,31901.7880071,0.418218741085,0.317450456958,0.317450456958,0.634900913915,0,-1.38777878078e-17,0.08,76233.1133626
2015-12-14,76263.525549,0.000662226012586,0.000398936696625,20.0713642708,0,0.000263289315961,0,40142.7285416,0.526578631922,0.305619401878,0.305619401878,0.611238803756,1.17961196366e-16,1.38777878078e-16,0.08,76263.525549
2015-12-15,76542.1142902,0.00386409720701,0.00365297485569,16.1009348342,0,0.000211122351324,0,32201.8696683,0.422244702648,0.426565486474,0.426565486474,0.853130972948,8.32667268469e-17,3.46944695195e-17,0.08,76542.1142902
2015-12-16,76770.9313559,0.00345595082955,0.00298942703387,35.7087176875,0,0.000466523795672,0,71417.4353749,0.933047591345,0.353694233732,0.353694233732,0.707388467464,-1.11022302463e-16,-2.22044604925e-16,0.08,76770.9313559
2015-12-17,76703.7167802,-0.000637199830923,-0.000875521171396,18.2961512701,0,0.000238321340473,0,36592.3025402,0.476642680946,0.314973298414,0.314973298414,0.629946596828,-1.38777878078e-16,-2.49800180541e-16,0.08,76703.7167802
2015-12-18,76734.7510534,0.000600375919384,0.000404599341002,15.0167912204,0,0.000195776578383,0,30033.5824409,0.391553156765,0.382825953745,0.382825953745,0.765651907491,8.32667268469e-17,-4.85722573274e-17,0.08,76734.7510534
2015-12-21,76734.5266808,0.000184645668795,-2.92400279378e-06,14.3931120546,0,0.000187569671589,0,28786.2241091,0.375139343178,0.299181430094,0.299181430094,0.598362860189,-5.55111512313e-17,-8.32667268469e-17,0.08,76734.5266808
2015-12-22,76796.0095724,0.000996592735216,0.000801241556096,14.9901802663,0,0.00019535117912,0,29980.3605326,0.39070235824,0.301241630366,0.301241630366,0.602483260731,-1.66533453694e-16,-1.8951853975e-16,0.08,76796.0095724
2015-12-23,76942.4829179,0.00214080768528,0.0019073041206,17.9321419882,0,0.000233503564678,0,35864.2839765,0.467007129357,0.247814053175,0.247814053175,0.49562810635,2.77555756156e-16,2.63677968348e-16,0.08,76942.4829179
2015-12-24,76963.0246323,0.000404934080198,0.000266974935913,10.6149191025,0,0.000137959144285,0,21229.838205,0.27591828857,0.163874581407,0.163874581407,0.327749162815,2.42861286637e-17,1.04083408559e-17,0.08,76963.0246323
2015-12-28,76936.0539617,-0.000152404192139,-0.000350436729438,15.2411830461,0,0.000198032537299,0,30482.3660923,0.396065074598,0.211054694362,0.211054694362,0.422109388725,3.05311331772e-16,2.98372437868e-16,0.08,76936.0539617
2015-12-29,76897.7600799,-8.35933103672e-05,-0.000497736494544,31.8625423657,0,0.000414143184176,0,63725.0847313,0.828286368353,0.334690813123,0.334690813123,0.669381626246,8.32667268469e-17,2.77555756156e-17,0.08,76897.7600799
2015-12-30,76857.4132709,-0.000225485432376,-0.000524681198968,23.0074842763,0,0.000299195766592,0,46014.9685526,0.598391533184,0.376981093862,0.376981093862,0.753962187723,3.05311331772e-16,2.91433543964e-16,0.08,76857.4132709
2015-12-31,76772.8912934,-0.000755923722415,-0.00109972446232,26.4236355495,0,0.000343800739902,0,52847.2710991,0.687601479805,0.365550943238,0.365550943238,0.731101886475,1.66533453694e-16,1.94289029309e-16,0.08,76772.8912934
2016-01-04,76851.4831965,0.00137309334701,0.0010236934126,26.8244431824,0,0.00034939993441,0,53648.8863648,0.69879986882,0.343963720419,0.343963720419,0.687927440839,6.66133814775e-16,5.6898930012e-16,0.08,76851.4831965
2016-01-05,76700.3404212,-0.00159667495425,-0.00196668651052,28.4359368994,0,0.000370011556273,0,56871.8737988,0.740023112545,0.324122995307,0.324122995307,0.648245990615,2.77555756156e-16,2.94902990916e-16,0.08,76700.3404212
2016-01-06,76743.3312369,0.0008112722249,0.00056050358389,19.2340401325,0,0.000250768641011,0,38468.0802649,0.501537282021,0.479030069843,0.479030069843,0.958060139685,5.27355936697e-16,5.48172618409e-16,0.08,76743.3312369
2016-01-07,76288.1790528,-0.00571281900116,-0.00593083694404,16.7314232057,0,0.000218017942876,0,33462.8464114,0.436035885752,0.327286214931,0.327286214931,0.654572429861,8.60422844084e-16,8.58688120609e-16,0.08,76288.1790528
2016-01-08,76361.4727876,0.001079072432,0.000960748253678,9.02673610221,0,0.000118324178323,0,18053.4722044,0.236648356647,0.40443991885,0.40443991885,0.808879837701,2.77555756156e-16,1.66533453694e-16,0.08,76361.4727876
2016-01-11,76655.3544916,0.0040091756644,0.00384855992578,12.2648543534,0,0.000160615738614,0,24529.7087068,0.321231477228,0.31156461153,0.31156461153,0.623129223061,6.38378239159e-16,6.86950496487e-16,0.08,76655.3544916
2016-01-12,76785.7521448,0.00187286688899,0.00170108994967,13.167622177,0,0.000171776939319,0,26335.244354,0.343553878638,0.381165004574,0.381165004574,0.762330009148,3.05311331772e-16,3.05311331772e-16,0.08,76785.7521448
2016-01-13,76566.6938379,-0.00261705709949,-0.00285285096114,18.1056090176,0,0.000235793861646,0,36211.2180351,0.471587723291,0.262164541053,0.262164541053,0.524329082106,3.46944695195e-17,8.32667268469e-17,0.08,76566.6938379
2016-01-14,76434.756333,-0.00160166612513,-0.00172317098086,9.30322508837,0,0.000121504855728,0,18606.4501767,0.243009711457,0.263152154206,0.263152154206,0.526304308413,3.1918911958e-16,3.26128013484e-16,0.08,76434.756333
2016-01-15,76361.2178989,-0.000812496269257,-0.000962107262151,11.4354797866,0,0.000149610992894,0,22870.9595731,0.299221985787,0.317738224425,0.317738224425,0.63547644885,-1.80411241502e-16,-1.38777878078e-16,0.08,76361.2178989
2016-01-19,76126.2214409,-0.00291776286234,-0.00307743203155,12.1925322222,0,0.000159669169216,0,24385.0644444,0.319338338431,0.373906455089,0.373906455089,0.747812910178,6.93889390391e-17,6.93889390391e-17,0.08,76126.2214409
2016-01-20,75963.2022404,-0.00192903883582,-0.00214143297125,16.1687629865,0,0.00021239413543,0,32337.525973,0.42478827086,0.401442144943,0.401442144943,0.802884289887,2.49800180541e-16,2.8449465006e-16,0.08,75963.2022404
2016-01-21,75965.7417356,0.000210814830792,3.34305973608e-05,13.4746743983,0,0.000177384233431,0,26949.3487967,0.354768466861,0.390419778259,0.390419778259,0.780839556517,-2.77555756156e-17,1.73472347598e-17,0.08,75965.7417356
2016-01-22,75860.8041274,-0.00116153430078,-0.0013813806835,16.7007935311,0,0.000219846382719,0,33401.5870623,0.439692765438,0.309470560784,0.309470560784,0.618941121568,2.15105711021e-16,2.01227923213e-16,0.08,75860.8041274
2016-01-25,75625.4240908,-0.00289855712031,-0.00310278857857,15.4931626518,0,0.000204231458262,0,30986.3253037,0.408462916523,0.238712002371,0.238712002371,0.477424004742,-1.38777878078e-17,1.38777878078e-17,0.08,75625.4240908
2016-01-26,75716.5786446,0.00134005599762,0.00120534271276,10.1877492979,0,0.000134713284856,0,20375.4985958,0.269426569712,0.342974111949,0.342974111949,0.685948223899,1.52655665886e-16,1.94289029309e-16,0.08,75716.5786446
2016-01-27,76059.2895422,0.0047242100314,0.00452623327294,14.9901228021,0,0.000197976758465,0,29980.2456042,0.39595351693,0.326638746742,0.326638746742,0.653277493484,9.71445146547e-17,1.04083408559e-16,0.08,76059.2895422
2016-01-28,75893.3401142,-0.00197686256269,-0.00218184299323,15.5906659165,0,0.000204980430535,0,31181.331833,0.40996086107,0.28233878493,0.28233878493,0.56467756986,-1.17961196366e-16,-1.5959455979e-16,0.08,75893.3401142
2016-01-29,75867.0045798,-0.000203905230753,-0.00034700718622,10.8604853773,0,0.000143101955467,0,21720.9707546,0.286203910935,0.293665531835,0.293665531835,0.58733106367,-2.77555756156e-17,-9.02056207508e-17,0.08,75867.0045798
2016-02-01,75934.3307647,0.00100800497703,0.000887423792304,9.14813329409,0,0.000120581184729,0,18296.2665882,0.241162369458,0.270388036556,0.270388036556,0.540776073112,7.6327832943e-17,4.85722573274e-17,0.08,75934.3307647
2016-02-02,76039.1608696,0.00147516949137,0.00138053636368,7.18590321893,0,9.4633127685e-05,0,14371.8064379,0.18926625537,0.289642078027,0.289642078027,0.579284156055,4.16333634234e-17,-5.20417042793e-17,0.08,76039.1608696
2016-02-03,76112.641783,0.00121748142791,0.000966356185125,19.0953527345,0,0.000251125242784,0,38190.705469,0.502250485568,0.442958980518,0.442958980518,0.885917961035,6.38378239159e-16,6.10622663544e-16,0.08,76112.641783
2016-02-04,76558.6446437,0.00624374472721,0.00585977375512,29.2250450536,0,0.000383970972087,0,58450.0901071,0.767941944175,0.427399509272,0.427399509272,0.854799018543,1.38777878078e-16,1.4224732503e-16,0.08,76558.6446437
2016-02-05,77150.6101556,0.0080740167575,0.00773218379924,26.1702679783,0,0.000341832958251,0,52340.5359566,0.683665916502,0.35302745904,0.35302745904,0.70605491808,1.2490009027e-16,1.80411241502e-16,0.08,77150.6101556
2016-02-08,77223.4165799,0.00120448994462,0.000943692139329,20.1207098058,0,0.000260797805296,0,40241.4196116,0.521595610591,0.381854208331,0.381854208331,0.763708416662,6.66133814775e-16,7.77156117238e-16,0.08,77223.4165799
2016-02-09,77518.4380611,0.00402127225236,0.00382036297046,15.5149011709,0,0.000200909281899,0,31029.8023417,0.401818563798,0.356829535264,0.356829535264,0.713659070528,6.93889390391e-16,7.35522753814e-16,0.08,77518.4380611
2016-02-10,77736.9561203,0.00295184350899,0.00281891721142,10.3042389643,0,0.000132926297562,0,20608.4779286,0.265852595125,0.398370152503,0.398370152503,0.796740305005,3.05311331772e-16,3.33066907388e-16,0.08,77736.9561203
2016-02-11,77725.5346101,0.000102167263505,-0.000146925101875,19.3636822775,0,0.000249092365381,0,38727.364555,0.498184730761,0.376267302285,0.376267302285,0.75253460457,1.66533453694e-16,1.87350135405e-16,0.08,77725.5346101
2016-02-12,78012.0013837,0.00405267780849,0.00368561985453,28.5297757044,0,0.00036705795396,0,57059.5514089,0.73411590792,0.421607016,0.421607016,0.843214032001,9.99200722163e-16,1.15185638805e-15,0.08,78012.0013837
2016-02-16,78213.9215972,0.00290852080747,0.00258832243735,24.9793156933,0,0.000320198370125,0,49958.6313865,0.640396740251,0.259172462251,0.259172462251,0.518344924501,2.81025203108e-16,3.0184188482e-16,0.08,78213.9215972
2016-02-17,78217.7015741,0.000303679780793,4.83286966777e-05,19.9720096728,0,0.000255351084116,0,39944.0193456,0.510702168231,0.29302443946,0.29302443946,0.586048878919,-6.93889390391e-18,-2.77555756156e-17,0.08,78217.7015741
2016-02-18,78447.3106716,0.00331018665312,0.00293551322633,29.3060942844,0,0.00037467342679,0,58612.1885688,0.749346853579,0.449242506068,0.449242506068,0.898485012136,-2.77555756156e-16,-3.60822483003e-16,0.08,78447.3106716
2016-02-19,78169.5885585,-0.00316213073181,-0.00354023752715,29.6614612405,0,0.000378106795332,0,59322.922481,0.756213590664,0.317443677826,0.317443677826,0.634887355652,-4.16333634234e-17,-2.42861286637e-17,0.08,78169.5885585
2016-02-22,78278.8704725,0.0015317104281,0.0013980106075,10.4512599667,0,0.000133699820601,0,20902.5199335,0.267399641202,0.294919019343,0.294919019343,0.589838038685,-3.46944695195e-17,-7.1991024253e-17,0.08,78278.8704725
2016-02-23,78215.1083239,-0.000647847560808,-0.00081455120919,13.049373299,0,0.000166703648382,0,26098.7465979,0.333407296763,0.275564212225,0.275564212225,0.551128424449,8.32667268469e-17,6.93889390391e-17,0.08,78215.1083239
2016-02-24,78258.8174355,0.000695821019552,0.000558832079125,10.7146048147,0,0.000136988940427,0,21429.2096293,0.273977880854,0.309490294196,0.309490294196,0.618980588392,5.13478148889e-16,4.99600361081e-16,0.08,78258.8174355
2016-02-25,78256.7263665,0.000142101062443,-2.67199152186e-05,13.2117300701,0,0.000168820977661,0,26423.4601401,0.337641955322,0.313225843948,0.313225843948,0.626451687896,4.71844785466e-16,4.99600361081e-16,0.08,78256.7263665
2016-02-26,78139.2078719,-0.00122168251304,-0.00150170471108,21.9136205284,0,0.000280022198038,0,43827.2410569,0.560044396077,0.405885759018,0.405885759018,0.811771518035,1.36002320517e-15,1.33226762955e-15,0.08,78139.2078719
2016-02-29,78073.4206955,-0.000598371705859,-0.000841922744285,19.030885219,0,0.000243551038426,0,38061.770438,0.487102076852,0.282905296554,0.282905296554,0.565810593108,-2.08166817117e-17,6.93889390391e-18,0.08,78073.4206955
2016-03-01,78013.139858,-0.000622219590876,-0.000772104475293,11.702025637,0,0.000149884884417,0,23404.051274,0.299769768834,0.263450385318,0.263450385318,0.526900770636,1.11022302463e-16,1.26634813746e-16,0.08,78013.139858
2016-03-02,78005.4233282,6.55529852337e-05,-9.89132067334e-05,12.8305240358,0,0.000164466191967,0,25661.0480717,0.328932383934,0.229476104819,0.229476104819,0.458952209638,-1.02348685083e-16,-1.04083408559e-16,0.08,78005.4233282
2016-03-03,78173.9862409,0.002282859843,0.00216091273514,9.51253577207,0,0.000121947107857,0,19025.0715441,0.243894215715,0.232174831496,0.232174831496,0.464349662991,-5.62050406216e-16,-5.82867087928e-16,0.08,78173.9862409
2016-03-04,77990.991268,-0.00210555515535,-0.00234086787308,18.395333158,0,0.000235312717729,0,36790.666316,0.470625435457,0.353323426374,0.353323426374,0.706646852748,-1.13797860024e-15,-1.08246744901e-15,0.08,77990.991268
2016-03-07,78160.0225486,0.00240357076593,0.0021673180182,18.4255859857,0,0.000236252747736,0,36851.1719714,0.472505495472,0.401103946668,0.401103946668,0.802207893337,-4.23272528138e-16,-4.4408920985e-16,0.08,78160.0225486
2016-03-08,78380.8949131,0.00314580592522,0.00282589944775,25.0038974923,0,0.000319906477467,0,50007.7949845,0.639812954934,0.365400183992,0.365400183992,0.730800367984,-3.60822483003e-16,-3.88578058619e-16,0.08,78380.8949131
2016-03-09,78472.2985637,0.00143012722303,0.00116614706494,20.6910010305,0,0.000263980158091,0,41382.0020609,0.527960316182,0.32549864089,0.32549864089,0.65099728178,5.55111512313e-17,8.32667268469e-17,0.08,78472.2985637
2016-03-10,78422.2631267,-0.000425903193599,-0.000637619107813,16.6138344309,0,0.000211715914215,0,33227.6688619,0.423431828429,0.324335542276,0.324335542276,0.648671084553,0,1.38777878078e-17,0.08,78422.2631267
2016-03-11,78328.7854605,-0.00100725037761,-0.00119197868687,14.4868120755,0,0.000184728309257,0,28973.6241509,0.369456618513,0.247791598539,0.247791598539,0.495583197079,2.70616862252e-16,3.12250225676e-16,0.08,78328.7854605
2016-03-14,78307.1586775,-7.09514647706e-05,-0.000276102621512,16.0692409434,0,0.000205151156741,0,32138.4818867,0.410302313483,0.352685859559,0.352685859559,0.705371719117,1.52655665886e-16,1.66533453694e-16,0.08,78307.1586775
2016-03-15,78409.0374214,0.00151556089928,0.001301014436,16.8005239439,0,0.000214546463282,0,33601.0478878,0.429092926564,0.413691417891,0.413691417891,0.827382835782,-6.93889390391e-18,1.38777878078e-17,0.08,78409.0374214
2016-03-16,78216.3768352,-0.00229913240987,-0.00245712219572,12.3878270311,0,0.000157989785852,0,24775.6540621,0.315979571704,0.355185742077,0.355185742077,0.710371484155,6.93889390391e-17,1.31838984174e-16,0.08,78216.3768352
2016-03-17,78181.5087246,-0.000124379504653,-0.00044579040873,25.1395963922,0,0.000321410904077,0,50279.1927845,0.642821808154,0.355082956807,0.355082956807,0.710165913614,-1.11022302463e-16,-5.20417042793e-17,0.08,78181.5087246
2016-03-18,78200.2784296,0.000442605177267,0.000240078572951,15.8338354823,0,0.000202526604316,0,31667.6709646,0.405053208632,0.238493658584,0.238493658584,0.476987317169,0,2.77555756156e-17,0.08,78200.2784296
2016-03-21,78246.9973808,0.000767247697214,0.000597426915628,13.2800324032,0,0.000169820781587,0,26560.0648064,0.339641563173,0.195520275024,0.195520275024,0.391040550048,-1.38777878078e-16,-1.38777878078e-16,0.08,78246.9973808
2016-03-22,78228.2138571,-0.000106445734877,-0.000240054242647,10.4544645575,0,0.00013360850777,0,20908.9291151,0.26721701554,0.106536155961,0.106536155961,0.213072311922,-3.46944695195e-17,-4.51028103754e-17,0.08,78228.2138571
2016-03-23,78301.6403996,0.000997823642842,0.000938619698765,4.63141879839,0,5.92039440764e-05,0,9262.83759678,0.118407888153,0.127171419448,0.127171419448,0.254342838896,-2.08166817117e-17,-1.56125112838e-17,0.08,78301.6403996
2016-03-24,78199.0105327,-0.000956446861197,-0.00131069880937,27.738508657,0,0.000354251948176,0,55477.0173139,0.708503896353,0.401848217302,0.401848217302,0.803696434605,2.22044604925e-16,1.94289029309e-16,0.08,78199.0105327
2016-03-28,78308.0983429,0.00167200854556,0.00139500243556,21.6616037133,0,0.000277006109997,0,43323.2074265,0.554012219993,0.432009329391,0.432009329391,0.864018658782,2.91433543964e-16,2.18575157973e-16,0.08,78308.0983429
2016-03-29,78331.6856401,0.000646307974318,0.000301211467732,27.0238511756,0,0.000345096506587,0,54047.7023511,0.690193013173,0.267135141321,0.267135141321,0.534270282643,3.12250225676e-16,3.12250225676e-16,0.08,78331.6856401
2016-03-30,78473.320049,0.00197507099658,0.00180813687036,13.0762314975,0,0.000166934126218,0,26152.462995,0.333868252436,0.212360098194,0.212360098194,0.424720196388,1.45716771982e-16,2.28983498829e-16,0.08,78473.320049
2016-03-31,78428.428185,-0.000444950466378,-0.000572065308492,9.9751236882,0,0.000127114842114,0,19950.2473764,0.254229684228,0.216387842817,0.216387842817,0.432775685635,2.15105711021e-16,3.33066907388e-16,0.08,78428.428185
2016-04-01,78445.2069359,0.000386057429275,0.000213937105129,13.4991264815,0,0.000172120324147,0,26998.252963,0.344240648293,0.27849248551,0.27849248551,0.556984971021,1.11022302463e-16,1.66533453694e-16,0.08,78445.2069359
2016-04-04,78520.1808975,0.00114873576691,0.000955749426844,15.1388533822,0,0.000192986340064,0,30277.7067643,0.385972680129,0.353609012256,0.353609012256,0.707218024512,7.6327832943e-17,1.2490009027e-16,0.08,78520.1808975
2016-04-05,78533.190932,0.000397088871216,0.000165690327829,18.1694554862,0,0.000231398543387,0,36338.9109724,0.462797086775,0.399746172065,0.399746172065,0.799492344129,1.52655665886e-16,2.28983498829e-16,0.08,78533.190932
2016-04-06,78341.0339139,-0.00220352986077,-0.00244682555006,19.10678682,0,0.000243295689291,0,38213.57364,0.486591378582,0.334186399682,0.334186399682,0.668372799364,4.37150315946e-16,5.16947595841e-16,0.08,78341.0339139
2016-04-07,78211.7428509,-0.00148081741538,-0.00165036196847,13.2822955834,0,0.000169544553088,0,26564.5911667,0.339089106176,0.218706144393,0.218706144393,0.437412288787,1.07552855511e-16,1.36175792864e-16,0.08,78211.7428509
2016-04-08,78209.9805987,7.43585964344e-05,-2.25318114736e-05,7.57796766802,0,9.6890407908e-05,0,15155.935336,0.193780815816,0.228870233034,0.228870233034,0.457740466068,6.93889390391e-18,6.93889390391e-17,0.08,78209.9805987
2016-04-11,78305.5278709,0.00133467454901,0.00122167620375,8.83759839087,0,0.000112998345265,0,17675.1967817,0.22599669053,0.291789059469,0.291789059469,0.583578118938,9.71445146547e-17,8.15320033709e-17,0.08,78305.5278709
2016-04-12,78243.2104003,-0.000683620381291,-0.000795824666563,8.78621578764,0,0.000112204285273,0,17572.4315753,0.224408570545,0.314317937687,0.314317937687,0.628635875375,9.02056207508e-17,1.02131844648e-16,0.08,78243.2104003
2016-04-13,78493.1558198,0.0033613597875,0.00319446784229,13.0581615832,0,0.000166891945211,0,26116.3231664,0.333783890421,0.278102769372,0.278102769372,0.556205538743,-4.85722573274e-17,-6.93889390391e-17,0.08,78493.1558198
2016-04-14,78495.1280438,0.000413668344344,2.51260633335e-05,30.4979098059,0,0.000388542281011,0,60995.8196119,0.777084562021,0.385906208446,0.385906208446,0.771812416892,-1.94289029309e-16,-1.52655665886e-16,0.08,78495.1280438
2016-04-15,78553.3241014,0.000970860583971,0.000741397065868,18.0117682348,0,0.000229463518103,0,36023.5364697,0.458927036205,0.267970869998,0.267970869998,0.535941739995,-3.53883589099e-16,-3.88578058619e-16,0.08,78553.3241014
2016-04-18,78563.9821102,0.000323511604248,0.000135678648567,14.7549030445,0,0.000187832955681,0,29509.8060891,0.375665911362,0.321000365577,0.321000365577,0.642000731153,-1.7694179455e-16,-1.94289029309e-16,0.08,78563.9821102
2016-04-19,78532.4932685,-0.000243542977599,-0.000400805062542,12.3551356281,0,0.000157262084943,0,24710.2712562,0.314524169886,0.297941093285,0.297941093285,0.595882186569,-1.66533453694e-16,-2.98372437868e-16,0.08,78532.4932685
2016-04-20,78336.713213,-0.00231685282589,-0.00249298153301,13.8318265065,0,0.000176128707122,0,27663.6530129,0.352257414244,0.256762489312,0.256762489312,0.513524978623,-1.38777878078e-16,-3.1918911958e-16,0.08,78336.713213
2016-04-21,78376.6107937,0.000697148368669,0.000509308841286,14.7147311867,0,0.000187839527383,0,29429.4623733,0.375679054766,0.319930950413,0.319930950413,0.639861900825,-6.93889390391e-17,-1.94289029309e-16,0.08,78376.6107937
2016-04-22,78341.0298172,-0.000329161823929,-0.000453974420792,9.78238832646,0,0.000124812596863,0,19564.7766529,0.249625193725,0.254079819719,0.254079819719,0.508159639438,-8.32667268469e-17,-1.38777878078e-16,0.08,78341.0298172
2016-04-25,78332.4673177,8.99889125753e-05,-0.000109297765237,15.6123235687,0,0.000199286677813,0,31224.6471374,0.398573355625,0.329726980624,0.329726980624,0.659453961249,-2.35922392733e-16,-4.37150315946e-16,0.08,78332.4673177
2016-04-26,78178.3740882,-0.00183947158624,-0.00196716935827,10.0028815544,0,0.000127697772035,0,20005.7631089,0.255395544069,0.357133443249,0.357133443249,0.714266886498,-1.94289029309e-16,-1.97758476261e-16,0.08,78178.3740882
2016-04-27,77991.2222457,-0.00221317645093,-0.00239390809403,14.129306004,0,0.000180731643102,0,28258.6120081,0.361463286205,0.267140740578,0.267140740578,0.534281481155,-8.32667268469e-17,-1.04083408559e-16,0.08,77991.2222457
2016-04-28,77918.1621211,-0.000726980222738,-0.00093677368452,16.3620485036,0,0.000209793461782,0,32724.0970071,0.419586923564,0.249997392712,0.249997392712,0.499994785423,6.93889390391e-17,1.38777878078e-17,0.08,77918.1621211
2016-04-29,77896.9813307,-0.000142829856859,-0.00027183380411,10.0517504762,0,0.000129003947251,0,20103.5009524,0.258007894503,0.279810995578,0.279810995578,0.559621991156,6.93889390391e-17,-2.08166817117e-17,0.08,77896.9813307
2016-05-02,77899.1808466,0.000192576027198,2.82362150146e-05,12.8015752815,0,0.000164339812183,0,25603.1505631,0.328679624367,0.177554485447,0.177554485447,0.355108970893,2.77555756156e-17,-9.71445146547e-17,0.08,77899.1808466
2016-05-03,78072.119892,0.00228946257634,0.00222003676427,5.40821389022,0,6.94258120746e-05,0,10816.4277804,0.138851624149,0.166012900944,0.166012900944,0.332025801888,-8.32667268469e-17,-1.52655665886e-16,0.08,78072.119892
2016-05-04,78036.9185861,-0.000343300356246,-0.000450881901984,8.39911933697,0,0.000107581545737,0,16798.2386739,0.215163091475,0.23405300087,0.23405300087,0.46810600174,-1.94289029309e-16,-1.80411241502e-16,0.08,78036.9185861
2016-05-05,77931.6134805,-0.000994689244615,-0.00134942675162,27.6826219532,0,0.000354737507001,0,55365.2439065,0.709475014001,0.431052249013,0.431052249013,0.862104498025,4.71844785466e-16,5.41233724505e-16,0.08,77931.6134805
2016-05-06,77924.0790507,0.000145566162887,-9.66800181315e-05,18.8786357463,0,0.000242246181018,0,37757.2714925,0.484492362037,0.380429134419,0.380429134419,0.760858268838,-5.55111512313e-17,-4.16333634234e-17,0.08,77924.0790507
2016-05-09,77930.8426266,0.000334045114843,8.67969953617e-05,19.2665820076,0,0.000247248119482,0,38533.1640152,0.494496238963,0.370607593822,0.370607593822,0.741215187643,-1.52655665886e-16,-1.11022302463e-16,0.08,77930.8426266
2016-05-10,78004.6141303,0.00110649847847,0.000946627819459,12.4588551679,0,0.00015987065901,0,24917.7103358,0.31974131802,0.356929433164,0.356929433164,0.713858866327,8.11850586757e-16,9.71445146547e-16,0.08,78004.6141303
2016-05-11,77885.5926446,-0.00127109396724,-0.00152582622161,19.8702912091,0,0.000254732254376,0,39740.5824183,0.509464508752,0.315025452182,0.315025452182,0.630050904364,1.73472347598e-16,2.02095284951e-16,0.08,77885.5926446
2016-05-12,77754.0684027,-0.00144787375245,-0.00168868512737,18.7557366509,0,0.000240811374915,0,37511.4733017,0.481622749831,0.392326338432,0.392326338432,0.784652676864,0,-4.16333634234e-17,0.08,77754.0684027
2016-05-13,77639.4515594,-0.00126927747349,-0.0014740944835,15.9253558057,0,0.000204817010002,0,31850.7116114,0.409634020004,0.341017766502,0.341017766502,0.682035533004,6.24500451352e-17,-2.77555756156e-17,0.08,77639.4515594
2016-05-16,77854.8267413,0.00304405033908,0.00277404306139,20.9632169569,0,0.00027000727769,0,41926.4339138,0.54001455538,0.433908627919,0.433908627919,0.867817255839,6.24500451352e-17,0,0.08,77854.8267413
2016-05-17,77908.4792275,0.000952159751977,0.000689135003108,20.4777462518,0,0.000263024748869,0,40955.4925037,0.526049497738,0.388004308925,0.388004308925,0.77600861785,-2.77555756156e-17,-2.08166817117e-17,0.08,77908.4792275
2016-05-18,77666.6110722,-0.00289075772402,-0.00310451644949,16.653617223,0,0.00021375872547,0,33307.234446,0.42751745094,0.404875428732,0.404875428732,0.809750857463,-2.22044604925e-16,-1.2490009027e-16,0.08,77666.6110722
2016-05-19,77410.1175313,-0.00296414104363,-0.00330249430747,26.2787513473,0,0.000338353263836,0,52557.5026947,0.676706527671,0.306287690881,0.306287690881,0.612575381761,-3.88578058619e-16,-4.02455846427e-16,0.08,77410.1175313
2016-05-20,77470.5395614,0.00101578430746,0.000780544352776,18.2099525402,0,0.000235239954685,0,36419.9050805,0.470479909371,0.325863335705,0.325863335705,0.651726671409,-1.31838984174e-16,-1.11022302463e-16,0.08,77470.5395614
2016-05-23,77439.6762586,-0.000274960647509,-0.000398387604977,9.56195299151,0,0.000123426957469,0,19123.905983,0.246853914937,0.274416929014,0.274416929014,0.548833858029,-6.93889390391e-17,-5.55111512313e-17,0.08,77439.6762586
2016-05-24,77385.010909,-0.000552848791714,-0.000705908808982,11.8529181854,0,0.000153060017268,0,23705.8363708,0.306120034536,0.271320772742,0.271320772742,0.542641545485,-2.08166817117e-16,-2.35922392733e-16,0.08,77385.010909
2016-05-25,77320.5073811,-0.000698397321681,-0.000833540335457,10.4580435953,0,0.000135143013776,0,20916.0871907,0.270286027552,0.274032031079,0.274032031079,0.548064062157,-1.90819582357e-16,-1.7694179455e-16,0.08,77320.5073811
2016-05-26,77237.6764209,-0.000848208048411,-0.00107126767537,17.2470835331,0,0.000223059626964,0,34494.1670661,0.446119253927,0.226242204073,0.226242204073,0.452484408145,2.77555756156e-17,4.85722573274e-17,0.08,77237.6764209
2016-05-27,77227.2587621,7.13209848313e-05,-0.000134877941362,15.9263259396,0,0.000206198926193,0,31852.6518793,0.412397852387,0.31115961128,0.31115961128,0.62231922256,-2.77555756156e-17,1.04083408559e-17,0.08,77227.2587621
2016-05-31,77079.0929827,-0.00165941537178,-0.00191856841365,20.0136790234,0,0.000259153041869,0,40027.3580468,0.518306083738,0.374325600275,0.374325600275,0.74865120055,-6.93889390391e-18,3.81639164715e-17,0.08,77079.0929827
2016-06-01,76951.1095117,-0.00142908104742,-0.00166041745023,17.8312001027,0,0.000231336402812,0,35662.4002053,0.462672805625,0.327035063682,0.327035063682,0.654070127363,1.38777878078e-17,6.93889390391e-18,0.08,76951.1095117
2016-06-02,77029.4916445,0.00122334396923,0.00101859652641,15.7555428947,0,0.000204747442821,0,31511.0857895,0.409494885641,0.19875443654,0.19875443654,0.397508873079,8.67361737988e-18,0,0.08,77029.4916445
2016-06-03,77062.9037522,0.000613312719326,0.000433757343158,13.8310593483,0,0.000179555376169,0,27662.1186966,0.359110752337,0.262901296804,0.262901296804,0.525802593609,9.71445146547e-17,1.07552855511e-16,0.08,77062.9037522
2016-06-06,77084.7425849,0.000453906454493,0.000283389694451,13.1405166672,0,0.000170516760042,0,26281.0333345,0.341033520084,0.23665442112,0.23665442112,0.47330884224,1.11022302463e-16,1.13624387676e-16,0.08,77084.7425849
2016-06-07,77060.5577987,-0.000177536481673,-0.000313742842485,10.4994322617,0,0.000136206360813,0,20998.8645233,0.272412721625,0.247670645748,0.247670645748,0.495341291496,-2.77555756156e-17,6.93889390391e-18,0.08,77060.5577987
2016-06-08,76879.2177197,-0.00214982715428,-0.00235321523936,15.6731992856,0,0.000203388085077,0,31346.3985712,0.406776170154,0.369545480331,0.369545480331,0.739090960661,1.5959455979e-16,6.93889390391e-17,0.08,76879.2177197
2016-06-09,76763.5572894,-0.00135951177805,-0.00150444338222,11.1422283513,0,0.000144931604168,0,22284.4567026,0.289863208336,0.320723527534,0.320723527534,0.641447055069,4.30211422042e-16,5.13478148889e-16,0.08,76763.5572894
2016-06-10,76905.8958813,0.00204013899423,0.00185424694907,14.2697346584,0,0.000185892045161,0,28539.4693167,0.371784090322,0.364708236899,0.364708236899,0.729416473797,6.24500451352e-17,1.90819582357e-16,0.08,76905.8958813
2016-06-13,76810.2463329,-0.00112199241798,-0.00124372191921,9.36171634753,0,0.000121729501233,0,18723.4326951,0.243459002467,0.327677347412,0.327677347412,0.655354694823,6.52256026967e-16,7.19042880792e-16,0.08,76810.2463329
2016-06-14,76454.0714247,-0.00445534897811,-0.00463707545796,13.9584556825,0,0.00018172647985,0,27916.9113649,0.363452959699,0.313725576978,0.313725576978,0.627451153956,2.91433543964e-16,4.68375338514e-16,0.08,76454.0714247
2016-06-15,76584.7312277,0.00189868602744,0.00170899731791,14.502474147,0,0.000189688709531,0,29004.9482939,0.379377419063,0.298343504583,0.298343504583,0.596687009165,6.0368376964e-16,7.07767178199e-16,0.08,76584.7312277
2016-06-16,76570.4210165,-6.87578390467e-05,-0.000186854624065,9.04441053946,0,0.000118096785018,0,18088.8210789,0.236193570036,0.277301359755,0.277301359755,0.554602719509,2.22044604925e-16,3.05311331772e-16,0.08,76570.4210165
2016-06-17,76532.8181955,-0.000280938890373,-0.00049108808018,16.0912119398,0,0.000210149189806,0,32182.4238795,0.420298379613,0.300378599941,0.300378599941,0.600757199883,4.99600361081e-16,5.65519853168e-16,0.08,76532.8181955
2016-06-20,76545.8984358,0.00039750833162,0.000170910213928,17.3421925448,0,0.000226598117693,0,34684.3850897,0.453196235386,0.221979278096,0.221979278096,0.443958556192,0,-1.38777878078e-17,0.08,76545.8984358
2016-06-21,76552.7113761,0.000209001106337,8.90046427577e-05,9.18523711375,0,0.000119996463579,0,18370.4742275,0.239992927158,0.185373136675,0.185373136675,0.37074627335,5.55111512313e-17,9.71445146547e-17,0.08,76552.7113761
2016-06-22,76514.6251913,-0.000245509039824,-0.00049751581857,19.2918021982,0,0.000252006778746,0,38583.6043964,0.504013557492,0.28568582545,0.28568582545,0.571371650901,-5.55111512313e-17,-5.55111512313e-17,0.08,76514.6251913
2016-06-23,76459.5749271,-0.000546838394635,-0.000719473748387,13.2091293871,0,0.000172635353752,0,26418.2587742,0.345270707504,0.20333475087,0.20333475087,0.406669501739,1.38777878078e-17,-5.55111512313e-17,0.08,76459.5749271
2016-06-24,76474.468555,0.000327630267757,0.000194790880404,10.1568430906,0,0.000132839387353,0,20313.6861812,0.265678774706,0.189235275116,0.189235275116,0.378470550232,1.38777878078e-16,2.22044604925e-16,0.08,76474.468555
2016-06-27,76414.1150593,-0.000444997332524,-0.000789197974101,26.3225611409,0,0.000344200641577,0,52645.1222818,0.688401283155,0.315705940432,0.315705940432,0.631411880864,-2.77555756156e-17,2.77555756156e-17,0.08,76414.1150593
2016-06-28,76597.0479823,0.00257453721186,0.00239396769637,13.7980597328,0,0.00018056951549,0,27596.1194657,0.361139030979,0.183912906646,0.183912906646,0.367825813292,3.05311331772e-16,2.77555756156e-16,0.08,76597.0479823
2016-06-29,76603.2226971,0.000225137687972,8.06129601187e-05,11.070167514,0,0.000144524727853,0,22140.335028,0.289049455706,0.247708620155,0.247708620155,0.49541724031,3.05311331772e-16,3.12250225676e-16,0.08,76603.2226971
2016-06-30,76693.7266102,0.0013844658972,0.00118146351998,15.5506363103,0,0.000203002377221,0,31101.2726206,0.406004754441,0.356136780648,0.356136780648,0.712273561295,2.671474153e-16,2.63677968348e-16,0.08,76693.7266102
2016-07-01,76664.5387555,-0.000210188250726,-0.00038057682182,13.067734489,0,0.000170388571094,0,26135.4689781,0.340777142189,0.254281643724,0.254281643724,0.508563287447,3.43475248243e-16,3.53883589099e-16,0.08,76664.5387555
2016-07-05,76589.7521604,-0.00078871735557,-0.000975504403183,14.3199428507,0,0.000186787047613,0,28639.8857015,0.373574095225,0.276316600998,0.276316600998,0.552633201996,2.77555756156e-16,2.74086309204e-16,0.08,76589.7521604
2016-07-06,76570.977912,-4.23031221817e-05,-0.000245127420866,15.5342627683,0,0.000202824298684,0,31068.5255366,0.405648597368,0.321619373908,0.321619373908,0.643238747815,6.66133814775e-16,4.85722573274e-16,0.08,76570.977912
2016-07-07,76871.4777605,0.00408658978328,0.00392446141698,12.4143275552,0,0.000162128366305,0,24828.6551104,0.324256732609,0.306071484164,0.306071484164,0.612142968327,7.07767178199e-16,7.6327832943e-16,0.08,76871.4777605
2016-07-08,76883.6629981,0.000522630677532,0.000158514419601,27.9901548237,0,0.000364116257931,0,55980.3096475,0.728232515861,0.447422240561,0.447422240561,0.894844481122,4.85722573274e-16,5.6898930012e-16,0.08,76883.6629981
2016-07-11,76878.6287902,0.00020436536566,-6.54782532055e-05,20.746565855,0,0.000269843618865,0,41493.1317101,0.53968723773,0.24575953003,0.24575953003,0.491519060059,1.80411241502e-16,2.15105711021e-16,0.08,76878.6287902
2016-07-12,76941.3029241,0.00101790515051,0.00081523480491,15.5810182665,0,0.000202670345604,0,31162.0365329,0.405340691208,0.422730145511,0.422730145511,0.845460291021,1.38777878078e-17,5.55111512313e-17,0.08,76941.3029241
2016-07-13,76806.1434025,-0.0015132645765,-0.00175665756254,18.7269734684,0,0.000243392986039,0,37453.9469368,0.486785972078,0.275342349692,0.275342349692,0.550684699384,-2.81025203108e-16,-2.94902990916e-16,0.08,76806.1434025
2016-07-14,76651.5035035,-0.00181900216334,-0.00201337929695,14.9293579975,0,0.000194377133601,0,29858.7159951,0.388754267202,0.342575401648,0.342575401648,0.685150803296,-2.08166817117e-16,-2.63677968348e-16,0.08,76651.5035035
2016-07-15,76772.9934022,0.00175000219129,0.00158496432786,12.6504003667,0,0.000165037863427,0,25300.8007333,0.330075726853,0.288869247379,0.288869247379,0.577738494759,-1.2490009027e-16,-8.15320033709e-17,0.08,76772.9934022
2016-07-18,76707.4848245,-0.000706873177978,-0.000853276325242,11.2398078589,0,0.000146403147263,0,22479.6157178,0.292806294527,0.263000052471,0.263000052471,0.526000104941,-8.32667268469e-17,-8.32667268469e-17,0.08,76707.4848245
2016-07-19,76772.5348628,0.00102362203367,0.000848027261366,13.4694333317,0,0.000175594772303,0,26938.8666633,0.351189544605,0.255579706112,0.255579706112,0.511159412224,-3.0184188482e-16,-3.33066907388e-16,0.08,76772.5348628
2016-07-20,76717.5794054,-0.000386794687193,-0.000715821843377,25.260248819,0,0.000329027156184,0,50520.4976379,0.658054312369,0.39017757839,0.39017757839,0.78035515678,0,8.32667268469e-17,0.08,76717.5794054
2016-07-21,76660.7859304,-0.000497993033566,-0.000740292843703,18.5886549241,0,0.000242299810137,0,37177.3098481,0.484599620273,0.406961407174,0.406961407174,0.813922814348,-1.38777878078e-16,-5.55111512313e-17,0.08,76660.7859304
2016-07-22,76491.2195253,-0.00202090919752,-0.00221190538289,14.6419176802,0,0.000190996185371,0,29283.8353605,0.381992370742,0.388288737622,0.388288737622,0.776577475245,-4.85722573274e-17,-5.55111512313e-17,0.08,76491.2195253
2016-07-25,76401.7292001,-0.00101310900885,-0.00116994245518,11.9963815726,0,0.000156833446336,0,23992.7631452,0.313666892673,0.402512167473,0.402512167473,0.805024334946,-1.04083408559e-16,-2.22044604925e-16,0.08,76401.7292001
2016-07-26,76562.8384776,0.00231570754942,0.00210871244923,15.8147835906,0,0.000206995100192,0,31629.5671813,0.413990200384,0.343841936821,0.343841936821,0.687683873642,0,0,0.08,76562.8384776
2016-07-27,76794.6996064,0.00326599620589,0.00302837686439,18.1928112624,0,0.0002376193415,0,36385.6225248,0.475238682999,0.245352344972,0.245352344972,0.490704689944,-1.11022302463e-16,-1.11022302463e-16,0.08,76794.6996064
2016-07-28,76821.6237327,0.000620654857701,0.000350598758077,20.7388770475,0,0.000270056099624,0,41477.754095,0.540112199249,0.390332860589,0.390332860589,0.780665721179,1.38777878078e-17,9.71445146547e-17,0.08,76821.6237327
2016-07-29,76630.7787837,-0.00231244445065,-0.00248426080692,13.1992114721,0,0.000171816356265,0,26398.4229442,0.34363271253,0.291426550043,0.291426550043,0.582853100086,0,8.32667268469e-17,0.08,76630.7787837
2016-08-01,76248.3005403,-0.00490122358019,-0.0049911830403,6.89366348665,0,8.9959460103e-05,0,13787.3269733,0.179918920206,0.254950094938,0.254950094938,0.509900189876,-1.73472347598e-16,-7.6327832943e-17,0.08,76248.3005403
2016-08-02,76467.2268055,0.00295063246143,0.00287122812781,6.05444549373,0,7.94043336158e-05,0,12108.8909875,0.158808667232,0.287047337765,0.287047337765,0.574094675529,2.08166817117e-17,1.2490009027e-16,0.08,76467.2268055
2016-08-03,76541.6380789,0.001134405907,0.000973113273862,12.3336003599,0,0.000161292633134,0,24667.2007199,0.322585266269,0.261162454691,0.261162454691,0.522324909383,1.11022302463e-16,1.80411241502e-16,0.08,76541.6380789
2016-08-04,76465.213029,-0.000806637585318,-0.000998476800665,14.6836877904,0,0.000191839215346,0,29367.3755807,0.383678430692,0.324721812794,0.324721812794,0.649443625589,0,4.85722573274e-17,0.08,76465.213029
2016-08-05,76615.2513442,0.00213900931808,0.00196217743056,13.5214879495,0,0.000176831887519,0,27042.9758989,0.353663775038,0.273015042041,0.273015042041,0.546030084083,-1.5959455979e-16,-1.80411241502e-16,0.08,76615.2513442
2016-08-08,76512.9329368,-0.0011301907834,-0.00133548354458,15.7285564967,0,0.000205292761177,0,31457.1129934,0.410585522354,0.259029103159,0.259029103159,0.518058206319,-2.15105711021e-16,-1.66533453694e-16,0.08,76512.9329368
2016-08-09,76519.949899,0.000219870108652,9.17094919517e-05,9.80594467073,0,0.0001281606167,0,19611.8893415,0.256321233401,0.235311020815,0.235311020815,0.47062204163,-1.87350135405e-16,-2.35922392733e-16,0.08,76519.949899
2016-08-10,76567.2057401,0.000765972332498,0.000617562364041,11.3563233509,0,0.000148409968458,0,22712.6467018,0.296819936915,0.329750446106,0.329750446106,0.659500892212,-5.6898930012e-16,-5.55111512313e-16,0.08,76567.2057401
2016-08-11,76546.1364154,-6.63367287914e-05,-0.000275174267681,15.9901068064,0,0.000208837538889,0,31980.2136128,0.417675077778,0.19868795475,0.19868795475,0.397375909501,2.77555756156e-17,4.16333634234e-17,0.08,76546.1364154
2016-08-12,76613.0195493,0.000989918006147,0.000873762374396,8.89126483339,0,0.000116155631751,0,17782.5296668,0.232311263501,0.146709828534,0.146709828534,0.293419657068,-2.25514051877e-17,-4.16333634234e-17,0.08,76613.0195493
2016-08-15,76581.1540486,-8.28630212501e-05,-0.000415928008898,25.5171144098,0,0.000333064987648,0,51034.2288197,0.666129975295,0.333952179233,0.333952179233,0.667904358467,5.55111512313e-17,6.24500451352e-17,0.08,76581.1540486
2016-08-16,76494.9438625,-0.000890168699107,-0.00112573631462,18.0400398525,0,0.000235567615513,0,36080.0797049,0.471135231026,0.334586583223,0.334586583223,0.669173166446,0,-2.77555756156e-17,0.08,76494.9438625
2016-08-17,76581.3048767,0.00132334667751,0.00112897676417,14.8683156099,0,0.000194369913345,0,29736.6312198,0.38873982669,0.233328969037,0.233328969037,0.466657938074,-1.94289029309e-16,-1.5959455979e-16,0.08,76581.3048767
2016-08-18,76537.8109411,-0.000339266576898,-0.00056794456102,17.5124584207,0,0.000228677984123,0,35024.9168414,0.457355968245,0.318588579521,0.318588579521,0.637177159042,-9.02056207508e-17,-1.11022302463e-16,0.08,76537.8109411
2016-08-19,76564.1410926,0.000522719813834,0.000344014954407,13.6776787451,0,0.000178704859427,0,27355.3574901,0.357409718854,0.249141747271,0.249141747271,0.498283494543,-5.55111512313e-17,-3.46944695195e-17,0.08,76564.1410926
2016-08-22,76561.6228066,0.000215790760282,-3.28911946358e-05,19.0401202835,0,0.000248681954917,0,38080.240567,0.497363909835,0.314729238953,0.314729238953,0.629458477905,-6.210310044e-16,-6.10622663544e-16,0.08,76561.6228066
2016-08-23,76614.78888,0.000938366502061,0.000694421976122,18.6767887807,0,0.000243944525939,0,37353.5775613,0.487889051878,0.223431128204,0.223431128204,0.446862256408,-2.91433543964e-16,-3.33066907388e-16,0.08,76614.78888
2016-08-24,76581.184069,-0.000255157156243,-0.000438620421502,14.0559993351,0,0.000183463265259,0,28111.9986701,0.366926530519,0.226271131393,0.226271131393,0.452542262786,-4.16333634234e-17,-2.77555756156e-17,0.08,76581.184069
2016-08-25,76518.9818981,-0.000523849196229,-0.00081223830153,22.0851791565,0,0.000288389105301,0,44170.358313,0.576778210601,0.299617588402,0.299617588402,0.599235176804,-1.04083408559e-16,-1.38777878078e-16,0.08,76518.9818981
2016-08-26,76418.2797454,-0.00109643688889,-0.00131604146063,16.8039182493,0,0.000219604571735,0,33607.8364986,0.43920914347,0.314277589995,0.314277589995,0.62855517999,-1.2490009027e-16,-1.94289029309e-16,0.08,76418.2797454
2016-08-29,76428.6143197,0.000293222461203,0.000135236939481,12.0729817946,0,0.000157985521722,0,24145.9635893,0.315971043443,0.251575538496,0.251575538496,0.503151076993,-1.2490009027e-16,-2.35922392733e-16,0.08,76428.6143197
2016-08-30,76327.2858881,-0.00121415973496,-0.00132579181894,8.53188549227,0,0.000111632083981,0,17063.7709845,0.223264167962,0.235722631357,0.235722631357,0.471445262713,-3.05311331772e-16,-2.46330733589e-16,0.08,76327.2858881
2016-08-31,76168.5722976,-0.00193097927589,-0.00207938207973,11.3271832351,0,0.000148402803838,0,22654.3664702,0.296805607675,0.282221588879,0.282221588879,0.564443177757,-1.66533453694e-16,-6.24500451352e-17,0.08,76168.5722976
2016-09-01,76130.4893395,-0.000396019746446,-0.000499982564227,7.91869940248,0,0.000103962817782,0,15837.398805,0.207925635564,0.27833778965,0.27833778965,0.556675579299,-1.66533453694e-16,-1.49186218934e-16,0.08,76130.4893395
2016-09-02,76176.6067984,0.00073326125071,0.000605768586103,9.70607894373,0,0.000127492664607,0,19412.1578875,0.254985329214,0.259902919301,0.259902919301,0.519805838602,-5.55111512313e-17,-9.71445146547e-17,0.08,76176.6067984
2016-09-06,76223.1170128,0.000702214396464,0.000610557706986,6.9820955948,0,9.16566894778e-05,0,13964.1911896,0.183313378956,0.237268692644,0.237268692644,0.474537385289,-2.77555756156e-17,-1.38777878078e-17,0.08,76223.1170128
2016-09-07,76270.7108685,0.000794193678064,0.000624401855505,12.9420619587,0,0.000169791822558,0,25884.1239173,0.339583645116,0.311886609174,0.311886609174,0.623773218347,-1.38777878078e-17,1.38777878078e-17,0.08,76270.7108685
2016-09-08,76264.607741,0.000147553279726,-8.00192814449e-05,17.3571210147,0,0.000227572561171,0,34714.2420293,0.455145122342,0.240198931394,0.240198931394,0.480397862787,1.38777878078e-17,-1.38777878078e-17,0.08,76264.607741
2016-09-09,76287.6586817,0.000497246407187,0.000302249515101,14.8713614856,0,0.000194996892086,0,29742.7229712,0.389993784171,0.308319492727,0.308319492727,0.616638985454,-3.46944695195e-17,-2.77555756156e-17,0.08,76287.6586817
2016-09-12,76110.1413247,-0.00209966446969,-0.00232694724247,17.3388705944,0,0.000227282772785,0,34677.7411888,0.454565545569,0.317015147337,0.317015147337,0.634030294674,-2.08166817117e-16,-2.22044604925e-16,0.08,76110.1413247
2016-09-13,76122.1570892,0.000330033623981,0.000157873370467,13.1031412255,0,0.000172160253515,0,26206.282451,0.344320507029,0.230087476973,0.230087476973,0.460174953945,-6.59194920871e-17,-4.16333634234e-17,0.08,76122.1570892
2016-09-14,76210.7503637,0.00130301306591,0.00116383032017,10.5948908356,0,0.000139182745744,0,21189.7816712,0.278365491487,0.235229456191,0.235229456191,0.470458912383,0,0,0.08,76210.7503637
2016-09-15,76018.4387617,-0.00240596577149,-0.00252341829821,8.95114519324,0,0.000117452526717,0,17902.2903865,0.234905053435,0.241992956667,0.241992956667,0.483985913334,-5.55111512313e-17,-3.46944695195e-17,0.08,76018.4387617
2016-09-16,75847.6387727,-0.0021364919468,-0.00224682316238,8.38720675445,0,0.000110331215572,0,16774.4135089,0.220662431144,0.223810383487,0.223810383487,0.447620766974,4.16333634234e-17,5.55111512313e-17,0.08,75847.6387727
2016-09-19,75947.022977,0.0014530878926,0.00131031375415,10.8290812795,0,0.000142774138453,0,21658.162559,0.285548276907,0.254350896608,0.254350896608,0.508701793215,2.77555756156e-16,3.74700270811e-16,0.08,75947.022977
2016-09-20,75996.6193994,0.000780931798317,0.000653039716305,9.71302289113,0,0.000127892082012,0,19426.0457823,0.255784164023,0.278206953527,0.278206953527,0.556413907055,4.16333634234e-17,9.02056207508e-17,0.08,75996.6193994
2016-09-21,76002.6784826,0.00026181621907,7.97283251492e-05,13.8380643715,0,0.000182087893921,0,27676.1287431,0.364175787842,0.341041403241,0.341041403241,0.682082806482,1.66533453694e-16,2.32452945781e-16,0.08,76002.6784826
2016-09-22,75933.0840379,-0.000669961207149,-0.000915684105235,18.675598419,0,0.000245722898086,0,37351.1968381,0.491445796172,0.196654108316,0.196654108316,0.393308216631,6.24500451352e-17,5.55111512313e-17,0.08,75933.0840379
2016-09-23,75972.3852508,0.000650355024561,0.000517576934318,10.0822498848,0,0.000132778090243,0,20164.4997696,0.265556180485,0.23949661946,0.23949661946,0.478993238921,0,-2.42861286637e-17,0.08,75972.3852508
2016-09-26,75916.8053567,-0.000466708864847,-0.000731580216594,20.1229083768,0,0.000264871351747,0,40245.8167536,0.529742703494,0.287039888378,0.287039888378,0.574079776756,-5.55111512313e-17,-6.59194920871e-17,0.08,75916.8053567
2016-09-27,75855.6327753,-0.000475331109268,-0.000805784451659,25.0869620738,0,0.000330453342391,0,50173.9241475,0.660906684782,0.319251334321,0.319251334321,0.638502668642,-3.46944695195e-17,2.08166817117e-17,0.08,75855.6327753
2016-09-28,75419.5610141,-0.00551156969386,-0.00574870639442,17.9881544753,0,0.00023713670056,0,35976.3089505,0.474273401121,0.272839051689,0.272839051689,0.545678103378,3.46944695195e-16,2.89698820488e-16,0.08,75419.5610141
2016-09-29,75122.3252825,-0.00368227372148,-0.00394109601855,19.5202640256,0,0.000258822297069,0,39040.5280512,0.517644594138,0.386474697387,0.386474697387,0.772949394773,1.66533453694e-16,1.38777878078e-16,0.08,75122.3252825
2016-09-30,75359.5912035,0.00334330592505,0.00315839426058,13.8909942067,0,0.000184911664468,0,27781.9884134,0.369823328936,0.322555510112,0.322555510112,0.645111020225,8.32667268469e-17,4.16333634234e-17,0.08,75359.5912035
2016-10-03,75337.4062524,-0.000140000158737,-0.000294387891009,11.6345963909,0,0.000154387732272,0,23269.1927817,0.308775464544,0.288804357088,0.288804357088,0.577608714177,2.77555756156e-17,3.12250225676e-17,0.08,75337.4062524
2016-10-04,75506.8073747,0.00242894771337,0.00224856589502,13.5894983296,0,0.00018038181835,0,27178.9966592,0.3607636367,0.243930972863,0.243930972863,0.487861945725,-1.38777878078e-16,-1.52655665886e-16,0.08,75506.8073747
2016-10-05,75627.2857884,0.00169439471881,0.00159559671278,7.45992201034,0,9.87980060304e-05,0,14919.8440207,0.197596012061,0.236672303293,0.236672303293,0.473344606587,2.77555756156e-17,-1.04083408559e-17,0.08,75627.2857884
2016-10-06,75490.311256,-0.00147805661403,-0.00181117874173,25.1931223541,0,0.000333122127702,0,50386.2447082,0.666244255403,0.387447009971,0.387447009971,0.774894019941,-1.15185638805e-15,-1.13797860024e-15,0.08,75490.311256
2016-10-07,75455.3258808,-0.000294333759259,-0.000463441925547,12.766028109,0,0.000169108166288,0,25532.0562181,0.338216332577,0.380842149548,0.380842149548,0.761684299096,-6.10622663544e-16,-5.55111512313e-16,0.08,75455.3258808
2016-10-10,75491.1228793,0.000688541330797,0.000474413145704,16.1571119864,0,0.000214128185093,0,32314.2239729,0.428256370185,0.397207288475,0.397207288475,0.794414576951,-4.99600361081e-16,-4.40619762898e-16,0.08,75491.1228793
2016-10-11,75285.371588,-0.00257407714497,-0.00272550312557,11.4313173088,0,0.000151425980603,0,22862.6346177,0.302851961206,0.382516134989,0.382516134989,0.765032269978,0,-8.32667268469e-17,0.08,75285.371588
2016-10-12,75275.2521192,3.67090669145e-05,-0.000134414807997,12.8831245103,0,0.000171123874912,0,25766.2490206,0.342247749823,0.435015107443,0.435015107443,0.870030214886,2.77555756156e-17,1.38777878078e-16,0.08,75275.2521192
2016-10-13,75253.7781801,-8.96090340645e-05,-0.000285272231526,14.7285965194,0,0.000195663197462,0,29457.1930387,0.391326394923,0.353875122474,0.353875122474,0.707750244949,-4.16333634234e-17,4.51028103754e-17,0.08,75253.7781801
2016-10-14,75217.2893237,-0.000282785239715,-0.000484877400357,15.2081986289,0,0.000202092160643,0,30416.3972579,0.404184321286,0.359522656944,0.359522656944,0.719045313888,-6.93889390391e-17,-2.77555756156e-17,0.08,75217.2893237
2016-10-17,75240.6500433,0.000587356003486,0.000310576461518,20.8186068871,0,0.000276779541968,0,41637.2137741,0.553559083935,0.36036792652,0.36036792652,0.720735853041,2.77555756156e-17,8.32667268469e-17,0.08,75240.6500433
2016-10-18,75239.504056,0.000216416118895,-1.52309593136e-05,17.429276745,0,0.000231647078208,0,34858.5534901,0.463294156417,0.364290413805,0.364290413805,0.728580827611,1.2490009027e-16,1.94289029309e-16,0.08,75239.504056
2016-10-19,75304.5848652,0.00114317452487,0.000864981899685,20.9310751508,0,0.000278192625183,0,41862.1503017,0.556385250367,0.323341654311,0.323341654311,0.646683308623,-7.6327832943e-17,2.77555756156e-17,0.08,75304.5848652
2016-10-20,75282.3720214,-0.000163907582275,-0.000294973324718,9.86985132472,0,0.000131065742443,0,19739.7026494,0.262131484886,0.304791685611,0.304791685611,0.609583371223,-1.87350135405e-16,-1.11022302463e-16,0.08,75282.3720214
2016-10-21,75279.3248176,8.85968270522e-05,-4.04769894642e-05,9.71698307319,0,0.000129073816516,0,19433.9661464,0.258147633032,0.303687182439,0.303687182439,0.607374364878,-1.11022302463e-16,-1.11022302463e-16,0.08,75279.3248176
2016-10-24,75276.7810317,0.000183028107498,-3.37912954959e-05,16.3220182647,0,0.000216819402994,0,32644.0365294,0.433638805987,0.232595070771,0.232595070771,0.465190141542,-2.77555756156e-17,1.38777878078e-17,0.08,75276.7810317
2016-10-25,75353.6328411,0.00110403218682,0.00102092316274,6.25617980691,0,8.3109024073e-05,0,12512.3596138,0.166218048146,0.234514045974,0.234514045974,0.469028091947,-1.17961196366e-16,-1.52655665886e-16,0.08,75353.6328411
2016-10-26,75424.5182993,0.00109872402546,0.000940703925878,11.9073885655,0,0.000158020099584,0,23814.7771311,0.316040199167,0.184973707902,0.184973707902,0.369947415804,-2.46330733589e-16,-2.74086309204e-16,0.08,75424.5182993
2016-10-27,75466.3304047,0.000659784243414,0.000554356942168,7.95180341208,0,0.000105427301246,0,15903.6068242,0.210854602492,0.177071577214,0.177071577214,0.354143154428,-1.07552855511e-16,-9.36750677027e-17,0.08,75466.3304047
2016-10-28,75454.5933226,-1.92789519157e-05,-0.00015552739903,10.2821703271,0,0.000136248447114,0,20564.3406541,0.272496894229,0.268690204347,0.268690204347,0.537380408694,-1.5959455979e-16,-1.2490009027e-16,0.08,75454.5933226
2016-10-31,75376.5081643,-0.000655324783672,-0.00103486288707,28.6378932423,0,0.000379538103398,0,57275.7864846,0.759076206795,0.493737991849,0.493737991849,0.987475983699,-2.98372437868e-16,-3.05311331772e-16,0.08,75376.5081643
2016-11-01,75326.488266,-0.000431586715333,-0.000663600629223,17.4883986746,0,0.00023201391389,0,34976.7973491,0.46402782778,0.444829326636,0.444829326636,0.889658653272,-4.16333634234e-17,-2.77555756156e-17,0.08,75326.488266
2016-11-02,75399.3807265,0.00111801728463,0.000967686960597,11.3238553893,0,0.000150330324033,0,22647.7107786,0.300660648066,0.3568173655,0.3568173655,0.713634731001,-1.38777878078e-16,-1.94289029309e-16,0.08,75399.3807265
2016-11-03,75201.2131274,-0.00247720570673,-0.0026282390813,11.3878229117,0,0.000151033374572,0,22775.6458235,0.302066749143,0.252597481379,0.252597481379,0.505194962757,-7.6327832943e-17,-1.11022302463e-16,0.08,75201.2131274
2016-11-04,75273.1036761,0.00108368234887,0.000955975917579,9.60367855736,0,0.000127706431292,0,19207.3571147,0.255412862585,0.205547359621,0.205547359621,0.411094719241,-2.77555756156e-17,-6.93889390391e-18,0.08,75273.1036761
2016-11-07,75260.4798928,-1.33348731898e-06,-0.000167706428194,12.5234076274,0,0.000166372940875,0,25046.8152547,0.332745881749,0.212275938449,0.212275938449,0.424551876898,-2.77555756156e-17,-3.12250225676e-17,0.08,75260.4798928
2016-11-08,75239.5003805,-0.000148141472479,-0.000278758683599,9.8303139912,0,0.000130617211121,0,19660.6279824,0.261234422241,0.201551221355,0.201551221355,0.40310244271,-7.97972798949e-17,-1.00613961607e-16,0.08,75239.5003805
2016-11-09,75582.0596463,0.00467538774161,0.00455291787046,9.21457191707,0,0.000122469871151,0,18429.1438341,0.244939742302,0.2282389187,0.2282389187,0.4564778374,-2.08166817117e-17,-3.20923843056e-17,0.08,75582.0596463
2016-11-10,75895.5110047,0.00455463714696,0.00414716613785,30.7974981147,0,0.00040747100911,0,61594.9962294,0.81494201822,0.37646190668,0.37646190668,0.75292381336,3.60822483003e-16,3.15285991759e-16,0.08,75895.5110047
2016-11-11,75816.3992271,-0.000784156710207,-0.00104237756063,19.5978033949,0,0.000258220850423,0,39195.6067898,0.516441700846,0.366499880375,0.366499880375,0.73299976075,-1.11022302463e-16,-1.2490009027e-16,0.08,75816.3992271
2016-11-14,75201.7318447,-0.00796056339363,-0.00810731436278,11.1261300641,0,0.000146750969151,0,22252.2601282,0.293501938301,0.338179330635,0.338179330635,0.676358661269,3.33066907388e-16,3.60822483003e-16,0.08,75201.7318447
2016-11-15,75557.782029,0.00486207862311,0.00473460086036,9.58654853059,0,0.000127477762751,0,19173.0970612,0.254955525503,0.387048579684,0.387048579684,0.774097159367,-7.49400541622e-16,-7.6327832943e-16,0.08,75557.782029
2016-11-16,75691.9314472,0.00188055870008,0.00177545468683,7.94142612333,0,0.000105104013247,0,15882.8522467,0.210208026495,0.403972406205,0.403972406205,0.807944812409,-8.32667268469e-16,-8.76035355368e-16,0.08,75691.9314472
2016-11-17,75630.6426858,-0.00053966851402,-0.000809713270657,20.4402092071,0,0.000270044756637,0,40880.4184141,0.540089513274,0.450103523391,0.450103523391,0.900207046782,-2.63677968348e-16,-2.56739074445e-16,0.08,75630.6426858
2016-11-18,75619.0680987,0.000110250997839,-0.000153040973059,19.912940973,0,0.000263291970898,0,39825.8819461,0.526583941796,0.379244700192,0.379244700192,0.758489400384,-1.31838984174e-16,-1.38777878078e-16,0.08,75619.0680987
2016-11-21,75734.2144471,0.00167271480239,0.0015227157814,11.3427861826,0,0.000149999020985,0,22685.5723652,0.299998041969,0.415542921413,0.415542921413,0.831085842827,-1.2490009027e-16,-8.32667268469e-17,0.08,75734.2144471
2016-11-22,75499.0736204,-0.0027137978947,-0.00310481634135,29.6134748917,0,0.000391018446654,0,59226.9497833,0.782036893308,0.351996423662,0.351996423662,0.703992847324,0,9.71445146547e-17,0.08,75499.0736204
2016-11-23,75507.3329468,0.000346818448382,0.000109396393821,17.9251451764,0,0.00023742205456,0,35850.2903528,0.474844109121,0.411061455654,0.411061455654,0.822122911308,5.55111512313e-17,8.32667268469e-17,0.08,75507.3329468
2016-11-25,75638.6002251,0.00201378987603,0.00173847059761,20.7886244224,0,0.00027531927842,0,41577.2488447,0.550638556841,0.226686668946,0.226686668946,0.453373337893,6.93889390391e-18,2.77555756156e-17,0.08,75638.6002251
2016-11-28,75595.0549259,-0.000309316394886,-0.000575702075511,20.1490400025,0,0.000266385680625,0,40298.0800049,0.53277136125,0.38464417997,0.38464417997,0.76928835994,-2.77555756156e-17,1.12757025938e-17,0.08,75595.0549259
2016-11-29,75707.7197894,0.00172363816269,0.00149037345914,17.6336580767,0,0.000233264703544,0,35267.3161534,0.466529407089,0.273163097896,0.273163097896,0.546326195793,1.52655665886e-16,1.28369537222e-16,0.08,75707.7197894
2016-11-30,75753.9374469,0.000877029578543,0.000610474830946,20.1802521396,0,0.000266554747596,0,40360.5042792,0.533109495193,0.258033155036,0.258033155036,0.516066310071,1.17961196366e-16,5.55111512313e-17,0.08,75753.9374469
2016-12-01,75699.1491452,-0.000397842637949,-0.000723240315564,24.6501553153,0,0.000325397677614,0,49300.3106307,0.650795355228,0.371891750675,0.371891750675,0.74378350135,-4.99600361081e-16,-4.71844785466e-16,0.08,75699.1491452
2016-12-02,75927.0514845,0.00328708177587,0.00301063277196,20.9269543778,0,0.000276449003906,0,41853.9087555,0.552898007813,0.333724376776,0.333724376776,0.667448753553,-3.60822483003e-16,-4.16333634234e-16,0.08,75927.0514845
2016-12-05,75827.2376376,-0.00116925948053,-0.00131460191021,11.0354221412,0,0.00014534242968,0,22070.8442825,0.290684859361,0.299884305381,0.299884305381,0.599768610762,-2.49800180541e-16,-2.15105711021e-16,0.08,75827.2376376
2016-12-06,75863.8779328,0.000644309359191,0.00048320757028,12.2159036316,0,0.000161101788911,0,24431.8072632,0.322203577823,0.309623588981,0.309623588981,0.619247177963,-6.10622663544e-16,-5.6898930012e-16,0.08,75863.8779328
2016-12-07,75884.5426565,0.000420023891404,0.000272392134959,11.19991755,0,0.000147631756445,0,22399.8351,0.295263512891,0.391429875782,0.391429875782,0.782859751565,-9.15933995316e-16,-8.32667268469e-16,0.08,75884.5426565
2016-12-08,75565.646224,-0.00393922992414,-0.00420238985859,19.9697712708,0,0.000263159934444,0,39939.5425416,0.526319868888,0.358179130698,0.358179130698,0.716358261397,-3.46944695195e-16,-2.42861286637e-16,0.08,75565.646224
2016-12-09,75762.1135919,0.00284230111927,0.00259995616698,18.3129529287,0,0.000242344952287,0,36625.9058574,0.484689904574,0.420630061981,0.420630061981,0.841260123961,-2.22044604925e-16,-2.04697370165e-16,0.08,75762.1135919
2016-12-12,76145.1610891,0.00524116242704,0.00505592411563,14.0340459906,0,0.00018523831141,0,28068.0919812,0.37047662282,0.351460988753,0.351460988753,0.702921977507,-6.80011602583e-16,-6.66133814775e-16,0.08,76145.1610891
2016-12-13,76391.9163451,0.00358354464214,0.00324059011109,26.1143280135,0,0.000342954531056,0,52228.656027,0.685909062112,0.384987040041,0.384987040041,0.769974080082,3.33066907388e-16,3.46944695195e-16,0.08,76391.9163451
2016-12-14,76388.2940168,0.000253512018626,-4.74176911921e-05,22.9885972182,0,0.000300929709818,0,45977.1944364,0.601859419636,0.348436736279,0.348436736279,0.696873472559,3.88578058619e-16,3.88578058619e-16,0.08,76388.2940168
2016-12-15,76430.6344884,0.000829182433013,0.000554279581322,20.999359861,0,0.000274902851691,0,41998.7197221,0.549805703382,0.233262445992,0.233262445992,0.466524891984,1.11022302463e-16,9.02056207508e-17,0.08,76430.6344884
2016-12-16,76444.0420396,0.000314726467111,0.000175421168057,10.6471923944,0,0.000139305299055,0,21294.3847887,0.27861059811,0.25356577533,0.25356577533,0.50713155066,1.11022302463e-16,1.05818132035e-16,0.08,76444.0420396
2016-12-19,76460.6861263,0.000379266427719,0.000217729024299,12.348572058,0,0.000161537403419,0,24697.1441159,0.323074806839,0.282450941126,0.282450941126,0.564901882253,7.14706072102e-16,6.73072708679e-16,0.08,76460.6861263
2016-12-20,76562.5721277,0.00153941703319,0.0013325279505,15.8188812141,0,0.000206889082684,0,31637.7624281,0.413778165368,0.185043413242,0.185043413242,0.370086826485,0,2.77555756156e-17,0.08,76562.5721277
2016-12-21,76513.5576672,-0.000512154624971,-0.000640188268257,9.80258504887,0,0.000128033643286,0,19605.1700977,0.256067286572,0.214317282556,0.214317282556,0.428634565112,-6.24500451352e-17,3.46944695195e-18,0.08,76513.5576672
2016-12-22,76582.4690071,0.000995373375175,0.000900642212603,7.24821827029,0,9.47311625713e-05,0,14496.4365406,0.189462325143,0.193997798586,0.193997798586,0.387995597171,4.16333634234e-17,5.55111512313e-17,0.08,76582.4690071
2016-12-23,76536.7855237,-0.000480858253488,-0.00059652664664,8.85817113365,0,0.000115668393152,0,17716.3422673,0.231336786304,0.217244711201,0.217244711201,0.434489422403,6.93889390391e-17,5.37764277553e-17,0.08,76536.7855237
2016-12-27,76546.6157758,0.00030242954455,0.000128438267031,13.3167330905,0,0.000173991277519,0,26633.466181,0.347982555038,0.257870644426,0.257870644426,0.515741288852,-1.38777878078e-16,-1.11022302463e-16,0.08,76546.6157758
2016-12-28,76479.1756788,-0.000666111908964,-0.000881033031618,16.4514845979,0,0.000214921122654,0,32902.9691958,0.429842245309,0.322235047679,0.322235047679,0.644470095359,-1.52655665886e-16,-1.04083408559e-16,0.08,76479.1756788
2016-12-29,76467.4830436,3.36267587235e-05,-0.00015288652266,14.2643820134,0,0.000186513281384,0,28528.7640267,0.373026562767,0.280571420369,0.280571420369,0.561142840738,-1.52655665886e-16,-1.07552855511e-16,0.08,76467.4830436
2016-12-30,76420.5170708,-0.000334615981071,-0.000614195353938,21.378730954,0,0.000279579372867,0,42757.461908,0.559158745733,0,0,0,0,0,0,76420.5170708
