date,mean_correlation,edges,isolated_assets,diffusion_residual_norm
2009-07-06,0.477616157427,83,0,1.43941205156
2009-07-07,0.479445582616,81,0,1.69815413356
2009-07-08,0.480428920581,82,0,1.49658309035
2009-07-09,0.476648284748,83,0,1.53885586153
2009-07-10,0.479246639216,82,0,1.55867887834
2009-07-13,0.479672769395,82,0,1.62902466716
2009-07-14,0.478759602715,82,0,1.33927577667
2009-07-15,0.482085751501,82,0,1.40497956558
2009-07-16,0.4768691324,84,0,1.46346123285
2009-07-17,0.478965420642,84,0,1.72732784647
2009-07-20,0.480361663356,85,0,1.87451911277
2009-07-21,0.466816591649,86,0,2.13038736187
2009-07-22,0.462091825801,83,0,2.00885944382
2009-07-23,0.465527745415,83,0,2.10870819619
2009-07-24,0.465764481967,83,0,2.50053793105
2009-07-27,0.469577495422,82,0,2.63676683325
2009-07-28,0.468697291799,83,0,2.08770730867
2009-07-29,0.467184750843,82,0,1.70402382126
2009-07-30,0.463208271279,81,0,1.57911818736
2009-07-31,0.461119698823,81,0,1.58691294538
2009-08-03,0.462100093672,81,0,1.52324409928
2009-08-04,0.460802085038,83,0,1.82346958995
2009-08-05,0.462390489691,84,0,2.09497394336
2009-08-06,0.462756856515,84,0,1.83346275991
2009-08-07,0.458352767296,84,0,1.89205193795
2009-08-10,0.459549294619,84,0,1.85953244522
2009-08-11,0.444014936904,82,0,1.56317035585
2009-08-12,0.444754767097,83,0,1.24693581885
2009-08-13,0.448233345046,83,0,1.83471284399
2009-08-14,0.447902683653,82,0,1.69412068312
2009-08-17,0.443959057742,81,0,1.70940639197
2009-08-18,0.444363558031,81,0,1.56034258273
2009-08-19,0.44638452832,82,0,1.53336892512
2009-08-20,0.445117630556,82,0,1.47067605075
2009-08-21,0.437452338379,82,0,1.21597753004
2009-08-24,0.430719381587,81,0,1.7750637789
2009-08-25,0.429172595864,82,0,1.47260155276
2009-08-26,0.431212534305,82,0,1.24264382337
2009-08-27,0.435300028149,83,0,1.57163698632
2009-08-28,0.420969357995,83,0,1.62432904639
2009-08-31,0.423786881171,81,0,1.60482303761
2009-09-01,0.428111607722,81,0,1.10408010392
2009-09-02,0.415194473097,80,0,1.32813838055
2009-09-03,0.418521595243,81,0,1.74164001759
2009-09-04,0.423464665995,83,0,1.59311054237
2009-09-08,0.396104663778,82,0,1.97784992522
2009-09-09,0.399658667459,84,0,1.96768065438
2009-09-10,0.386625413528,84,0,1.89482434004
2009-09-11,0.389699226032,83,0,1.93515747412
2009-09-14,0.390531277766,83,0,2.13615321111
2009-09-15,0.384040213916,82,0,1.90829820588
2009-09-16,0.382958694929,83,0,2.10256970551
2009-09-17,0.388427018346,84,0,2.2702489304
2009-09-18,0.391337981432,86,0,2.03096245512
2009-09-21,0.339060167795,81,0,1.66986607268
2009-09-22,0.333554102506,80,0,1.92331200823
2009-09-23,0.33604558897,80,0,1.60714238382
2009-09-24,0.334424588964,81,0,1.40293597222
2009-09-25,0.327750879171,82,0,1.28149029311
2009-09-28,0.317829184161,81,0,1.18877404231
2009-09-29,0.319268589599,80,0,1.21104496782
2009-09-30,0.31698731104,84,0,1.16891376298
2009-10-01,0.317753836361,87,0,1.53226625017
2009-10-02,0.318501246498,86,0,2.17282666213
2009-10-05,0.31922686221,86,0,2.25206660834
2009-10-06,0.318236559831,89,0,2.12774072135
2009-10-07,0.319306929022,89,0,2.36049958628
2009-10-08,0.323596765235,88,0,2.01818204481
2009-10-09,0.326256031983,88,0,1.94382114441
2009-10-12,0.32243251708,90,0,1.9540914182
2009-10-13,0.323118660143,89,0,1.96306739309
2009-10-14,0.325885033149,91,0,2.26549013289
2009-10-15,0.326453123326,88,0,2.42846232986
2009-10-16,0.304448032555,86,0,3.04584837784
2009-10-19,0.309856818372,89,0,3.24051687446
2009-10-20,0.308459311988,92,0,2.83357012558
2009-10-21,0.310649427893,91,0,3.55112924122
2009-10-22,0.316690738778,90,0,2.61252945384
2009-10-23,0.317187140383,90,0,2.48183486153
2009-10-26,0.320439512875,90,0,2.94867968282
2009-10-27,0.316023228996,88,0,2.40085619711
2009-10-28,0.322820440559,89,0,2.23091958591
2009-10-29,0.328159865645,91,0,1.94379210304
2009-10-30,0.338255446457,92,0,1.71697619306
2009-11-02,0.340750993298,91,0,1.73386830846
2009-11-03,0.346612003934,92,0,1.87164269047
2009-11-04,0.351034210944,92,0,1.92230266268
2009-11-05,0.357309027662,91,0,1.6071675331
2009-11-06,0.354222547228,92,0,1.36684804022
2009-11-09,0.364072488583,90,0,1.62409684652
2009-11-10,0.362839099182,89,0,2.05412163863
2009-11-11,0.365195258346,87,0,1.95402951742
2009-11-12,0.36568466807,89,0,2.14200397089
2009-11-13,0.352190573499,90,0,1.82320450747
2009-11-16,0.355535497128,88,0,1.40748247567
2009-11-17,0.35928574948,89,0,1.57922591139
2009-11-18,0.356317051538,89,0,1.67478263122
2009-11-19,0.358441549938,89,0,1.61846585668
2009-11-20,0.35213644945,89,0,1.95023560965
2009-11-23,0.348996622847,89,0,2.137262089
2009-11-24,0.349794998848,90,0,1.82672696008
2009-11-25,0.347476438095,91,0,1.39261574072
2009-11-27,0.351607293842,89,0,1.28894529045
2009-11-30,0.35367554818,92,0,1.0057691656
2009-12-01,0.355485114171,90,0,1.23509186248
2009-12-02,0.35797012133,90,0,1.5026320583
2009-12-03,0.360166958493,90,0,1.58376218905
2009-12-04,0.360170064384,90,0,2.07357400956
2009-12-07,0.359481336586,89,0,2.11119711948
2009-12-08,0.362030477505,89,0,1.82462542011
2009-12-09,0.365379206264,91,0,1.79679770028
2009-12-10,0.367555054289,89,0,1.89181680716
2009-12-11,0.357870429239,90,0,1.87860799236
2009-12-14,0.353562849704,89,0,2.54750673664
2009-12-15,0.35719779426,90,0,2.67415163381
2009-12-16,0.357359666996,92,0,2.76970761819
2009-12-17,0.362715220513,91,0,2.22809780756
2009-12-18,0.348250738792,90,0,2.61456354416
2009-12-21,0.351743576998,89,0,1.71930471338
2009-12-22,0.354244480418,89,0,1.50248161272
2009-12-23,0.34609036221,91,0,1.72166272472
2009-12-24,0.347427289761,91,0,1.78294998245
2009-12-28,0.346703135235,91,0,1.39341663337
2009-12-29,0.345709149676,91,0,1.32621057807
2009-12-30,0.346676120019,91,0,1.22128066043
2009-12-31,0.330634741411,91,0,1.16821410827
2010-01-04,0.334849742928,91,0,1.49409760504
2010-01-05,0.329069233488,92,0,1.93915099517
2010-01-06,0.330685547358,92,0,2.36355587402
2010-01-07,0.332691807751,91,0,2.52185393402
2010-01-08,0.33137310557,91,0,2.18299330099
2010-01-11,0.319939205173,91,0,2.09014909066
2010-01-12,0.320018804123,91,0,1.64681246029
2010-01-13,0.306591159302,91,0,1.46847187994
2010-01-14,0.306495091962,91,0,1.82506118478
2010-01-15,0.311041138626,91,0,1.57529713519
2010-01-19,0.313711404008,91,0,2.3236927024
2010-01-20,0.318422275095,90,0,2.32367800139
2010-01-21,0.336417356179,89,0,2.35681910097
2010-01-22,0.347046252543,88,0,2.23502453949
2010-01-25,0.352752028111,85,0,2.28404888099
2010-01-26,0.352619144237,85,0,2.35543907467
2010-01-27,0.354501823528,86,0,2.52357301315
2010-01-28,0.357281759692,84,0,2.12030789188
2010-01-29,0.356502546912,85,0,1.95393702544
2010-02-01,0.361200600886,88,0,1.5750656509
2010-02-02,0.3648092684,87,0,2.11990663327
2010-02-03,0.366872779126,89,0,1.53300060058
2010-02-04,0.391641829651,90,0,1.64045281252
2010-02-05,0.389707846385,90,0,1.69078361512
2010-02-08,0.391216185835,91,0,1.70399686347
2010-02-09,0.395748937886,91,0,1.56471043415
2010-02-10,0.394500134175,90,0,1.39991334506
2010-02-11,0.394714721639,90,0,1.12948405715
2010-02-12,0.397381624926,90,0,1.44227771499
2010-02-16,0.40196674305,90,0,1.5124141417
2010-02-17,0.395230371286,90,0,1.33716137744
2010-02-18,0.396862683394,90,0,1.74342618255
2010-02-19,0.396013551898,91,0,1.79052652877
2010-02-22,0.393876579895,90,0,2.29064843362
2010-02-23,0.391294993224,88,0,2.32471727795
2010-02-24,0.396493565025,89,0,2.14557432914
2010-02-25,0.396820447454,89,0,2.29075316054
2010-02-26,0.397199868283,89,0,2.36798795661
2010-03-01,0.39873189554,89,0,1.55040948748
2010-03-02,0.397397234138,89,0,1.46380910159
2010-03-03,0.396576338603,89,0,1.5922164241
2010-03-04,0.389396711943,89,0,1.59138021517
2010-03-05,0.393147931942,88,0,1.6957507981
2010-03-08,0.399225873395,89,0,2.13595619889
2010-03-09,0.396547209816,89,0,1.78368632694
2010-03-10,0.397783067187,88,0,1.82558849772
2010-03-11,0.400392936483,87,0,1.47507581482
2010-03-12,0.40038473472,87,0,1.49866423993
2010-03-15,0.40185819942,86,0,1.71647758746
2010-03-16,0.40288533853,86,0,1.72147040596
2010-03-17,0.403687196162,87,0,1.54606716198
2010-03-18,0.402761014482,88,0,1.29055845334
2010-03-19,0.403797724105,87,0,1.30762463129
2010-03-22,0.403794628827,87,0,0.95179259206
2010-03-23,0.405328907521,87,0,1.53210268912
2010-03-24,0.409280095456,88,0,1.92047183582
2010-03-25,0.404407023539,88,0,2.18243615869
2010-03-26,0.403389473361,88,0,2.1976927961
2010-03-29,0.40516991136,87,0,1.43768496313
2010-03-30,0.402534566648,87,0,1.3479219591
2010-03-31,0.401937365084,86,0,1.86720241468
2010-04-01,0.401827809055,86,0,2.34847407308
2010-04-05,0.392645976508,86,0,2.21223991284
2010-04-06,0.396490667188,85,0,2.03821120305
2010-04-07,0.397484271187,84,0,1.80868050713
2010-04-08,0.39132241757,85,0,1.56832976301
2010-04-09,0.391561461694,82,0,1.76369409477
2010-04-12,0.3944669875,84,0,1.93834494061
2010-04-13,0.394872917764,85,0,2.59073988189
2010-04-14,0.393045134448,82,0,3.10037103334
2010-04-15,0.395792896283,84,0,2.85805539149
2010-04-16,0.391782640214,84,0,2.541626953
2010-04-19,0.394222304933,84,0,2.3630796282
2010-04-20,0.396086462034,84,0,2.45482545692
2010-04-21,0.392462872662,84,0,2.37101970206
2010-04-22,0.390496021167,84,0,2.67530403499
2010-04-23,0.386271405623,88,0,2.46650782699
2010-04-26,0.385295353556,87,0,2.83078042462
2010-04-27,0.395544311554,87,0,2.4685945027
2010-04-28,0.393928706053,86,0,1.86065974144
2010-04-29,0.400203868804,87,0,2.01541250062
2010-04-30,0.399906584195,87,0,1.7424162352
2010-05-03,0.395774888228,87,0,1.60968293825
2010-05-04,0.379310353617,86,0,2.00526038211
2010-05-05,0.377020138733,86,0,2.33639114193
2010-05-06,0.407831536137,89,0,2.46611171173
2010-05-07,0.413788400086,88,0,2.81472041364
2010-05-10,0.434392780307,87,0,2.30632824163
2010-05-11,0.435583923649,87,0,2.0796019173
2010-05-12,0.427636363857,87,0,2.43285337537
2010-05-13,0.430584020725,87,0,1.97093580857
2010-05-14,0.433667556844,87,0,2.1241849282
2010-05-17,0.432743628295,88,0,2.13401457466
2010-05-18,0.434446498004,86,0,2.26651164803
2010-05-19,0.431800165052,88,0,1.87119103759
2010-05-20,0.465237836881,90,0,2.04387064632
2010-05-21,0.465788813961,90,0,2.06706088584
2010-05-24,0.465673493897,89,0,2.21502088613
2010-05-25,0.465540329637,89,0,2.64456822438
2010-05-26,0.463045020016,91,0,2.84471367173
2010-05-27,0.48085556465,91,0,2.19085514408
2010-05-28,0.481250277773,88,0,2.27388288346
2010-06-01,0.475190428619,89,0,1.90932651596
2010-06-02,0.487395838813,92,0,1.62078591409
2010-06-03,0.4867695483,91,0,1.70232516065
2010-06-04,0.502611303649,92,0,1.5465679657
2010-06-07,0.502757948188,91,0,1.51440512833
2010-06-08,0.504151854057,91,0,2.00321855059
2010-06-09,0.505441334815,91,0,1.67835031182
2010-06-10,0.509872132479,90,0,2.0271458087
2010-06-11,0.510529588438,91,0,1.72207160608
2010-06-14,0.511354472353,89,0,1.53720218149
2010-06-15,0.517130100287,89,0,1.57077055832
2010-06-16,0.520145888639,92,0,1.35701484875
2010-06-17,0.520193155993,92,0,1.08654583629
2010-06-18,0.520611658964,92,0,1.09946567894
2010-06-21,0.518592695897,92,0,1.37502101756
2010-06-22,0.524182441992,95,0,1.33050756394
2010-06-23,0.522139082614,92,0,1.1991362977
2010-06-24,0.524412922853,93,0,1.61486793003
2010-06-25,0.518201196112,92,0,2.04507774199
2010-06-28,0.514486014285,92,0,2.42221895953
2010-06-29,0.523146518418,91,0,2.03550117227
2010-06-30,0.524442986926,91,0,1.57619415911
2010-07-01,0.523480669592,92,0,1.51830307103
2010-07-02,0.522387451689,92,0,1.50540385685
2010-07-06,0.51960205266,91,0,1.50098086375
2010-07-07,0.531292945468,90,0,1.38726855898
2010-07-08,0.53347697778,90,0,1.38149751893
2010-07-09,0.534278326195,90,0,1.30517838086
2010-07-12,0.534238148021,91,0,1.40043853069
2010-07-13,0.536862834932,92,0,1.6899986997
2010-07-14,0.538514477629,92,0,1.57911809049
2010-07-15,0.537526292526,94,0,1.48122002138
2010-07-16,0.544191938339,94,0,1.37594447089
2010-07-19,0.543006414287,95,0,1.73853218612
2010-07-20,0.537949834594,96,0,2.00456472852
2010-07-21,0.538085875088,96,0,2.25606693591
2010-07-22,0.537958557145,96,0,2.0204592952
2010-07-23,0.532788600348,95,0,1.76237358552
2010-07-26,0.532862041237,94,0,1.8715667082
2010-07-27,0.532635349762,94,0,1.62603499875
2010-07-28,0.534439250174,94,0,1.4261218929
2010-07-29,0.534089514082,94,0,1.40654574303
2010-07-30,0.535604798958,94,0,1.3549654355
2010-08-02,0.53813188012,93,0,1.56901096896
2010-08-03,0.532367149978,93,0,1.8702782881
2010-08-04,0.534305868699,93,0,1.76612174058
2010-08-05,0.5199626838,93,0,1.69383591877
2010-08-06,0.519704032324,93,0,1.58768324444
2010-08-09,0.519641293295,91,0,1.91434609705
2010-08-10,0.517771440736,91,0,1.76892107499
2010-08-11,0.528568325467,91,0,1.40797318265
2010-08-12,0.526813304102,92,0,1.57155393281
2010-08-13,0.526718645106,91,0,1.39260453542
2010-08-16,0.52436308961,92,0,1.0980452651
2010-08-17,0.52616838581,93,0,1.42041072113
2010-08-18,0.525145996212,94,0,1.24570751133
2010-08-19,0.528715027567,93,0,1.14938087992
2010-08-20,0.531175977803,92,0,1.32873303367
2010-08-23,0.528980558385,92,0,1.4870000107
2010-08-24,0.527684663073,93,0,1.22819360951
2010-08-25,0.529108846051,93,0,1.14799089487
2010-08-26,0.531002413881,92,0,1.27637835296
2010-08-27,0.530925165848,94,0,1.42721314818
2010-08-30,0.534287967502,94,0,1.18325275922
2010-08-31,0.534156173651,94,0,1.24874415318
2010-09-01,0.547056453126,95,0,1.40113664001
2010-09-02,0.54531674011,95,0,1.35538242263
2010-09-03,0.54815947422,94,0,0.955262322866
2010-09-07,0.544423666226,94,0,1.28850656329
2010-09-08,0.545251135057,94,0,1.3042341964
2010-09-09,0.54371666812,94,0,1.63584460562
2010-09-10,0.544329321723,94,0,1.79190766654
2010-09-13,0.544272187136,95,0,1.60954525936
2010-09-14,0.543053616949,95,0,1.64930266963
2010-09-15,0.543086737474,94,0,1.58886842271
2010-09-16,0.543466042441,95,0,1.35105900761
2010-09-17,0.539863334718,95,0,1.63271458557
2010-09-20,0.543588283495,96,0,1.46191892444
2010-09-21,0.543186616821,96,0,1.07150994132
2010-09-22,0.542045977439,97,0,1.51122894611
2010-09-23,0.544658089322,96,0,1.74850751171
2010-09-24,0.548788103449,97,0,1.6007047348
2010-09-27,0.54928483976,97,0,1.69078536077
2010-09-28,0.548758746212,96,0,1.82627476369
2010-09-29,0.549052740381,95,0,1.85867366006
2010-09-30,0.549186713287,95,0,1.82292184573
2010-10-01,0.550308061512,97,0,1.78119196838
2010-10-04,0.551236747224,98,0,1.4167707651
2010-10-05,0.555645698012,99,0,1.38059675818
2010-10-06,0.556141486198,97,0,1.61349605645
2010-10-07,0.555614826792,97,0,1.58113267279
2010-10-08,0.555577767885,97,0,1.73759586419
2010-10-11,0.556202011029,97,0,1.87496580526
2010-10-12,0.557596737472,99,0,1.4732378428
2010-10-13,0.557395338774,99,0,1.67832716056
2010-10-14,0.558712679242,99,0,2.3210967485
2010-10-15,0.555332738951,99,0,2.88787261569
2010-10-18,0.556440154027,97,0,2.32195987123
2010-10-19,0.56101254446,97,0,2.40914783832
2010-10-20,0.565981130174,98,0,2.54554296117
2010-10-21,0.568057537607,98,0,2.53268716695
2010-10-22,0.567216773795,98,0,2.54102576164
2010-10-25,0.563889177066,98,0,2.41935364006
2010-10-26,0.563684568282,98,0,1.970254092
2010-10-27,0.56054928476,98,0,1.54250189487
2010-10-28,0.55997085762,98,0,1.65108751309
2010-10-29,0.557705483395,97,0,2.05827243
2010-11-01,0.557824876778,97,0,2.74854994457
2010-11-02,0.559357267584,97,0,2.41845523768
2010-11-03,0.543520443862,97,0,1.97458758067
2010-11-04,0.54501669536,95,0,1.83088160492
2010-11-05,0.52621271123,95,0,2.0723199185
2010-11-08,0.52677184339,95,0,2.40302131886
2010-11-09,0.52764498159,95,0,2.76003762287
2010-11-10,0.525198309739,95,0,3.1277151316
2010-11-11,0.522689684171,94,0,2.61562086034
2010-11-12,0.52542092153,94,0,2.04577873448
2010-11-15,0.52378042206,94,0,1.60147936301
2010-11-16,0.52570152637,95,0,1.26489012923
2010-11-17,0.496993017062,95,0,1.76564222147
2010-11-18,0.499802407524,95,0,1.60593763713
2010-11-19,0.499327973963,95,0,1.60720557904
2010-11-22,0.501031037603,98,0,1.9222723498
2010-11-23,0.505491395451,98,0,2.17222950084
2010-11-24,0.492892377331,94,0,1.77259325563
2010-11-26,0.494957706779,94,0,1.65774616172
2010-11-29,0.495848563243,95,0,1.45980372437
2010-11-30,0.485604663026,94,0,1.58994893386
2010-12-01,0.496495412588,95,0,1.54682491536
2010-12-02,0.477778302615,95,0,1.69525964914
2010-12-03,0.475932850299,95,0,1.78555242547
2010-12-06,0.476689516403,96,0,1.72988717707
2010-12-07,0.476065925883,96,0,2.17636058873
2010-12-08,0.468040228505,94,0,1.92257280292
2010-12-09,0.468156998188,93,0,1.73230724785
2010-12-10,0.468383027374,93,0,1.83990956959
2010-12-13,0.460440549493,93,0,2.11952379704
2010-12-14,0.459423623374,92,0,1.97800344923
2010-12-15,0.459429930717,93,0,1.86901178748
2010-12-16,0.460225156569,95,0,1.71526013838
2010-12-17,0.458676832875,96,0,1.65125641482
2010-12-20,0.455901952388,96,0,1.58850747084
2010-12-21,0.45593134464,97,0,1.51641288259
2010-12-22,0.4505657773,96,0,1.65182266958
2010-12-23,0.458677207342,94,0,1.35842515223
2010-12-27,0.462863409513,93,0,1.78972366958
2010-12-28,0.446084522761,92,0,1.80934734096
2010-12-29,0.44242021026,92,0,1.27664892166
2010-12-30,0.444502377882,95,0,1.30324378174
2010-12-31,0.444289435337,95,0,0.978094535276
2011-01-03,0.445509341543,94,0,1.27166189169
2011-01-04,0.427373298517,92,0,1.82457653592
2011-01-05,0.424707983712,91,0,2.06199157257
2011-01-06,0.420883418521,92,0,2.76053500287
2011-01-07,0.421101832049,92,0,2.77676189507
2011-01-10,0.420976318524,92,0,2.19423031523
2011-01-11,0.419875629341,92,0,1.96047762642
2011-01-12,0.422172950063,91,0,1.85492487011
2011-01-13,0.401794345245,90,0,2.06560847411
2011-01-14,0.403171219169,90,0,2.49320192686
2011-01-18,0.407731526276,94,0,2.84156219307
2011-01-19,0.400869415644,94,0,2.71425790999
2011-01-20,0.39288054619,94,0,2.80263008218
2011-01-21,0.394359030089,93,0,2.88636463253
2011-01-24,0.392426147459,91,0,2.92688307432
2011-01-25,0.391293842788,90,0,3.38104204267
2011-01-26,0.386933313982,89,0,2.92836926635
2011-01-27,0.38641808158,90,0,3.06179897997
2011-01-28,0.394738764622,88,0,2.90565462051
2011-01-31,0.385319904469,88,0,3.23482574596
2011-02-01,0.393383403647,89,0,3.3899148456
2011-02-02,0.394512549549,89,0,2.82538854188
2011-02-03,0.39224898045,89,0,3.06032695501
2011-02-04,0.393664519247,89,0,2.74843829936
2011-02-07,0.392140941765,90,0,2.18616194877
2011-02-08,0.391411039821,89,0,1.41905699725
2011-02-09,0.368353208283,88,0,1.5515829152
2011-02-10,0.366814901418,87,0,1.59042998145
2011-02-11,0.364630008408,88,0,1.6494259188
2011-02-14,0.361222468649,86,0,1.71230124758
2011-02-15,0.357673604532,86,0,1.76768334858
2011-02-16,0.358877009967,87,0,2.42715161023
2011-02-17,0.34880266738,86,0,2.58622944284
2011-02-18,0.346304053367,86,0,2.82475764449
2011-02-22,0.356065485381,87,0,3.06639587688
2011-02-23,0.349671912696,85,0,4.20571293358
2011-02-24,0.348265978918,85,0,3.90016948817
2011-02-25,0.344112631917,82,0,3.0976455408
2011-02-28,0.340189539565,83,0,3.15082166013
2011-03-01,0.335590674867,84,0,2.14741334869
2011-03-02,0.335755971529,84,0,1.77603413467
2011-03-03,0.317250479498,83,0,1.79393333214
2011-03-04,0.318879122067,83,0,2.16518618474
2011-03-07,0.317293758111,83,0,2.13620516267
2011-03-08,0.318398184298,82,0,1.69823286213
2011-03-09,0.316011108282,83,0,2.54114649578
2011-03-10,0.314996464822,82,0,2.99629417032
2011-03-11,0.313152334817,82,0,2.30889336832
2011-03-14,0.315273424609,84,0,1.90772317133
2011-03-15,0.320507901355,84,0,1.94275579683
2011-03-16,0.339410240084,84,0,2.22904756763
2011-03-17,0.342379705604,82,0,2.74534110216
2011-03-18,0.345099950309,82,0,2.47740043925
2011-03-21,0.342801579559,82,0,1.9856128122
2011-03-22,0.34327711907,82,0,1.71234952077
2011-03-23,0.343749420337,81,0,1.96557482334
2011-03-24,0.342038248044,81,0,1.69204993617
2011-03-25,0.333248232177,83,0,2.13234782659
2011-03-28,0.331362349035,84,0,1.43836539505
2011-03-29,0.331448533892,82,0,1.93556172007
2011-03-30,0.331318360727,82,0,1.37140924176
2011-03-31,0.330961897968,82,0,1.63375676486
2011-04-01,0.330948924027,81,0,1.66795470772
2011-04-04,0.328524398203,82,0,1.63007286707
2011-04-05,0.318180496003,83,0,1.77404162477
2011-04-06,0.31819217483,84,0,1.42096361217
2011-04-07,0.317761643471,84,0,1.77038940714
2011-04-08,0.318464764247,83,0,1.59881769171
2011-04-11,0.317693673161,84,0,1.44227258309
2011-04-12,0.315715178896,83,0,1.40227226941
2011-04-13,0.316630503235,82,0,1.61775650721
2011-04-14,0.316778060687,81,0,1.9152252175
2011-04-15,0.320336230903,82,0,1.99608024335
2011-04-18,0.323976894225,81,0,2.09286708625
2011-04-19,0.314476044562,82,0,2.05598536785
2011-04-20,0.312907297862,84,0,2.22195167711
2011-04-21,0.309059180036,85,0,2.41548609321
2011-04-25,0.310223719075,85,0,2.20026122618
2011-04-26,0.309482450042,83,0,2.30890677366
2011-04-27,0.311562351801,83,0,2.18693772427
2011-04-28,0.308828173211,83,0,2.24070085135
2011-04-29,0.307550252154,82,0,1.98875632065
2011-05-02,0.307834138205,83,0,2.03938052302
2011-05-03,0.30614134771,83,0,2.22086939807
2011-05-04,0.305331085434,82,0,1.75747940306
2011-05-05,0.309817350485,83,0,1.92121481718
2011-05-06,0.301565379395,82,0,1.75044518836
2011-05-09,0.305571133634,82,0,1.44896315197
2011-05-10,0.306746773171,82,0,1.44068756327
2011-05-11,0.306831955384,84,0,1.57500126966
2011-05-12,0.306562820775,84,0,2.13386802893
2011-05-13,0.309464549381,84,0,2.03754037982
2011-05-16,0.305483824877,83,0,2.38140576811
2011-05-17,0.305553850372,84,0,2.31059004095
2011-05-18,0.300112366901,84,0,2.12361516936
2011-05-19,0.302357076067,82,0,1.85968074905
2011-05-20,0.302196528337,84,0,1.70769447335
2011-05-23,0.304820203633,85,0,1.42908539668
2011-05-24,0.305537374847,85,0,1.42824712508
2011-05-25,0.296079187459,82,0,1.26564388592
2011-05-26,0.288674609788,83,0,1.34353044917
2011-05-27,0.2837752683,83,0,1.75954786107
2011-05-31,0.288573323835,83,0,1.63729273385
2011-06-01,0.304060883604,86,0,1.56555509279
2011-06-02,0.284611036126,87,0,1.85012158813
2011-06-03,0.283267858734,85,0,1.83810069426
2011-06-06,0.285123244733,86,0,1.75334803427
2011-06-07,0.285304073763,86,0,1.77091546514
2011-06-08,0.285684355097,86,0,1.60579651278
2011-06-09,0.289612057018,86,0,1.80362084156
2011-06-10,0.296048339443,83,0,1.85612241472
2011-06-13,0.295189898336,83,0,1.77325826924
2011-06-14,0.298303903645,83,0,1.49792761492
2011-06-15,0.310808537794,84,0,1.73898432099
2011-06-16,0.311480085961,85,0,1.55582928725
2011-06-17,0.31082621098,84,0,1.66904054356
2011-06-20,0.311629281166,85,0,1.82967128232
2011-06-21,0.315311418939,85,0,1.60909434658
2011-06-22,0.317558501852,85,0,1.62097457376
2011-06-23,0.314485478222,85,0,2.29886779283
2011-06-24,0.320342639599,85,0,1.96997626246
2011-06-27,0.322390318641,85,0,2.71502434198
2011-06-28,0.326815698921,85,0,2.75802876356
2011-06-29,0.327045564769,86,0,2.1897376161
2011-06-30,0.327528964403,86,0,1.90492587178
2011-07-01,0.332409544823,85,0,1.70793043545
2011-07-05,0.329635236798,85,0,1.70623117457
2011-07-06,0.331847522019,86,0,1.80033931584
2011-07-07,0.332887645529,86,0,1.94543351989
2011-07-08,0.336949620002,85,0,2.04824249318
2011-07-11,0.343809617602,85,0,1.90161241114
2011-07-12,0.344436188802,86,0,1.84758186779
2011-07-13,0.345256827318,85,0,1.93318263387
2011-07-14,0.343224630548,84,0,1.78623715642
2011-07-15,0.348034442575,84,0,1.58175060401
2011-07-18,0.349173796248,84,0,2.04174936439
2011-07-19,0.351302981827,85,0,2.47667134133
2011-07-20,0.35127385743,85,0,2.53016795506
2011-07-21,0.353219583678,85,0,2.65532855818
2011-07-22,0.353203156468,85,0,2.64455185373
2011-07-25,0.355021000495,85,0,2.79671768047
2011-07-26,0.358424016695,85,0,2.49057090235
2011-07-27,0.369689619779,86,0,2.14174661707
2011-07-28,0.370476519714,87,0,2.18450218193
2011-07-29,0.364035149212,88,0,2.05655004348
2011-08-01,0.363619846367,88,0,2.45489809829
2011-08-02,0.375398802565,86,0,2.60799274248
2011-08-03,0.374469405594,85,0,2.9339266128
2011-08-04,0.425212925872,90,0,2.73902590834
2011-08-05,0.419138717506,90,0,2.58423210814
2011-08-08,0.500189726194,89,0,2.14891146919
2011-08-09,0.536064602402,91,0,2.1154573748
2011-08-10,0.569416081664,90,0,1.8966154532
2011-08-11,0.596867723437,89,0,1.82923356716
2011-08-12,0.596566895831,88,0,1.48245984113
2011-08-15,0.602754490643,87,0,1.45524961086
2011-08-16,0.596146539105,86,0,1.50239196848
2011-08-17,0.596240499944,87,0,1.66321043893
2011-08-18,0.60695088213,86,0,1.96090668701
2011-08-19,0.606131555356,87,0,1.87968722416
2011-08-22,0.603739685998,89,0,1.86135556541
2011-08-23,0.614634781694,88,0,1.57161032443
2011-08-24,0.61627835785,88,0,1.24422782801
2011-08-25,0.615176652564,87,0,1.08835972849
2011-08-26,0.617627936048,87,0,1.10179595894
2011-08-29,0.621837673482,87,0,1.08399491528
2011-08-30,0.622418972329,87,0,1.19402024145
2011-08-31,0.620203919874,87,0,1.05795296872
2011-09-01,0.620203498277,87,0,1.23261995934
2011-09-02,0.625460186365,87,0,1.23895120201
2011-09-06,0.625258822442,87,0,1.4177132665
2011-09-07,0.629997168249,88,0,1.31163914599
2011-09-08,0.63635593498,88,0,1.55268190546
2011-09-09,0.64315421979,88,0,1.40583899944
2011-09-12,0.644103792937,87,0,1.23440290794
2011-09-13,0.643355564337,88,0,1.28892501358
2011-09-14,0.641372682027,88,0,1.1428956879
2011-09-15,0.644811261677,86,0,1.27808872627
2011-09-16,0.644712608867,86,0,1.42092284675
2011-09-19,0.641165854081,86,0,1.55903248278
2011-09-20,0.640069682225,86,0,1.57240526993
2011-09-21,0.64197422254,86,0,1.70187312644
2011-09-22,0.647632293198,86,0,2.0752632802
2011-09-23,0.6477743961,86,0,1.87118918741
2011-09-26,0.652741708109,86,0,1.61788456817
2011-09-27,0.652992281813,86,0,1.53000133537
2011-09-28,0.654520975034,86,0,1.21894049866
2011-09-29,0.651400277963,84,0,1.48338472556
2011-09-30,0.653447468367,85,0,1.68934466501
2011-10-03,0.658312156189,85,0,1.66892784445
2011-10-04,0.657279997971,87,0,1.59495041828
2011-10-05,0.655716998851,89,0,1.69109431238
2011-10-06,0.655918289814,87,0,1.70647260827
2011-10-07,0.652474651474,88,0,1.83011934237
2011-10-10,0.66061194734,88,0,1.5899832162
2011-10-11,0.662381037936,89,0,1.21719463931
2011-10-12,0.66108298609,89,0,0.746932678598
2011-10-13,0.660788359784,89,0,0.890948683297
2011-10-14,0.661449983907,89,0,1.15586614245
2011-10-17,0.660927650198,89,0,1.00660228349
2011-10-18,0.658739493843,91,0,1.16284405663
2011-10-19,0.65828047641,92,0,1.35251199509
2011-10-20,0.662945193952,91,0,1.43377465768
2011-10-21,0.663056144104,92,0,1.61756988544
2011-10-24,0.663061803208,90,0,1.18422790314
2011-10-25,0.664906579264,90,0,1.09383401651
2011-10-26,0.666220123145,90,0,0.912316961925
2011-10-27,0.669823327363,88,0,1.04382556624
2011-10-28,0.669225617466,88,0,1.43564654279
2011-10-31,0.672756080242,88,0,1.21483626021
2011-11-01,0.6756460191,88,0,1.4775744182
2011-11-02,0.676581048344,89,0,1.32402499302
2011-11-03,0.676621014298,89,0,1.07919483571
2011-11-04,0.674167916408,91,0,1.16678239702
2011-11-07,0.673609497553,91,0,1.34815312783
2011-11-08,0.675107123774,92,0,1.30057835175
2011-11-09,0.682851712732,92,0,1.11036611727
2011-11-10,0.680659942186,92,0,1.28144800734
2011-11-11,0.682738553126,91,0,1.31889590357
2011-11-14,0.683518672122,91,0,1.19596677265
2011-11-15,0.681758642478,92,0,1.42160907619
2011-11-16,0.682797406447,92,0,1.43445210948
2011-11-17,0.68268318414,92,0,1.15549843613
2011-11-18,0.682052780968,92,0,1.30262450823
2011-11-21,0.683547007185,93,0,1.32037810961
2011-11-22,0.683465184208,93,0,1.20354141578
2011-11-23,0.686341879369,93,0,1.15326680212
2011-11-25,0.686610563056,93,0,1.29559475415
2011-11-28,0.688478911497,93,0,1.08662223558
2011-11-29,0.684465598479,93,0,1.14273975677
2011-11-30,0.690138073071,92,0,1.02688492626
2011-12-01,0.68939515955,92,0,1.19496718992
2011-12-02,0.687558324368,93,0,1.35509767284
2011-12-05,0.687288953463,92,0,1.24698184621
2011-12-06,0.687310366108,92,0,1.22151160062
2011-12-07,0.687205252522,93,0,1.11075295323
2011-12-08,0.688203945979,92,0,1.0768496798
2011-12-09,0.689106156098,93,0,1.0882916244
2011-12-12,0.689541594352,93,0,1.34089280242
2011-12-13,0.687440332815,93,0,1.41025556266
2011-12-14,0.686648869051,92,0,1.65871658683
2011-12-15,0.68538371552,92,0,1.73112141732
2011-12-16,0.685030149394,94,0,1.7899210605
2011-12-19,0.684735408015,93,0,1.79654634561
2011-12-20,0.68817944252,93,0,1.73103395146
2011-12-21,0.684349808118,93,0,2.10234236931
2011-12-22,0.683322850528,94,0,1.98444913926
2011-12-23,0.684421286106,94,0,1.84676867889
2011-12-27,0.684601710419,95,0,1.79599954949
2011-12-28,0.685666993341,96,0,1.4155203657
2011-12-29,0.68638286762,96,0,0.836435775094
2011-12-30,0.685845925739,95,0,0.646071171779
2012-01-03,0.684477610423,94,0,0.896092057814
2012-01-04,0.683634371286,94,0,1.43166223766
2012-01-05,0.684979856507,92,0,2.10562889848
2012-01-06,0.68385973314,91,0,2.36574972703
2012-01-09,0.681643453841,92,0,2.23113997849
2012-01-10,0.681062779087,92,0,2.08661716741
2012-01-11,0.679869626799,93,0,1.75465834117
2012-01-12,0.679505011817,93,0,1.78146544138
2012-01-13,0.679947801743,94,0,1.5010810947
2012-01-17,0.679836314578,94,0,1.60875004171
2012-01-18,0.681650305104,94,0,1.66665881169
2012-01-19,0.68124949242,93,0,1.46090885644
2012-01-20,0.679040614046,93,0,1.30922373572
2012-01-23,0.679450110257,93,0,1.4647088042
2012-01-24,0.678939652316,93,0,1.73559693359
2012-01-25,0.677159445981,93,0,1.94116948305
2012-01-26,0.675367838159,93,0,1.84990363301
2012-01-27,0.675271853847,93,0,1.55593929517
2012-01-30,0.675487243326,93,0,1.80536768715
2012-01-31,0.675339093543,93,0,2.00873698419
2012-02-01,0.672726543016,91,0,1.66117509306
2012-02-02,0.67287352445,91,0,1.88816521369
2012-02-03,0.662994878423,91,0,1.34652030588
2012-02-06,0.665964222905,91,0,1.51579722655
2012-02-07,0.641048693073,93,0,1.69034192537
2012-02-08,0.62670176218,93,0,1.67896010493
2012-02-09,0.603280136532,92,0,1.60583852059
2012-02-10,0.587679242892,92,0,1.88343711834
2012-02-13,0.588662229926,91,0,2.00903094239
2012-02-14,0.585665921647,91,0,2.12195781449
2012-02-15,0.593052357449,93,0,1.78579599112
2012-02-16,0.593449956559,92,0,1.33991408154
2012-02-17,0.583442348641,92,0,1.20764900764
2012-02-21,0.581840648682,93,0,1.62906183511
2012-02-22,0.58203833599,93,0,1.88188622976
2012-02-23,0.572759445393,92,0,2.03112352915
2012-02-24,0.571834388284,93,0,2.16484557849
2012-02-27,0.572042220043,94,0,2.24804059169
2012-02-28,0.570922129232,95,0,1.68681311234
2012-02-29,0.566192424088,96,0,1.88856398609
2012-03-01,0.56524088744,95,0,1.81239504828
2012-03-02,0.565746186278,96,0,1.77089863849
2012-03-05,0.563841670204,95,0,1.52561684671
2012-03-06,0.558354172333,95,0,1.62844305707
2012-03-07,0.558778795519,95,0,1.84710389379
2012-03-08,0.551577499409,95,0,1.81668253833
2012-03-09,0.551000744492,95,0,2.16449739882
2012-03-12,0.538482694048,94,0,2.1302840882
2012-03-13,0.539569544587,96,0,2.82874392066
2012-03-14,0.538827956175,96,0,2.9891446196
2012-03-15,0.536587867566,96,0,2.67305519818
2012-03-16,0.532141739225,96,0,2.04164075817
2012-03-19,0.533567267211,96,0,2.1261130612
2012-03-20,0.536167617317,96,0,1.78579301426
2012-03-21,0.536840108703,95,0,1.86357455555
2012-03-22,0.53162735091,95,0,2.4372474333
2012-03-23,0.519386448846,94,0,2.45526956752
2012-03-26,0.522777793568,93,0,2.54431076321
2012-03-27,0.514688484148,93,0,2.59041402604
2012-03-28,0.515408137832,93,0,2.40568138734
2012-03-29,0.508764260213,93,0,1.98606998981
2012-03-30,0.512210898751,94,0,2.34032519774
2012-04-02,0.505640454589,95,0,1.96248168724
2012-04-03,0.490980972906,94,0,1.6586452769
2012-04-04,0.492972539115,92,0,1.69338514921
2012-04-05,0.494157380045,90,0,1.93649701774
2012-04-09,0.497413749781,93,0,2.42879748458
2012-04-10,0.506150334793,94,0,2.94113094483
2012-04-11,0.487946974922,92,0,2.69278169389
2012-04-12,0.488885041272,91,0,2.38324071958
2012-04-13,0.492619471435,93,0,2.51731357758
2012-04-16,0.491129301619,92,0,2.10657550739
2012-04-17,0.490637339971,93,0,1.94302667585
2012-04-18,0.485968756831,93,0,2.67673124772
2012-04-19,0.489484743106,93,0,2.56923893779
2012-04-20,0.487928886851,94,0,2.48742377421
2012-04-23,0.488566255575,94,0,2.57614945937
2012-04-24,0.483996547888,95,0,2.61515403642
2012-04-25,0.484026322896,95,0,3.02146749762
2012-04-26,0.477414450511,95,0,2.74425132201
2012-04-27,0.474104047746,96,0,2.79710609883
2012-04-30,0.462333122054,95,0,2.86935727239
2012-05-01,0.463272677575,94,0,2.49587398839
2012-05-02,0.454696117287,95,0,2.39366494097
2012-05-03,0.444574014194,94,0,2.24935976935
2012-05-04,0.450018992383,93,0,2.00702433163
2012-05-07,0.447395554189,93,0,2.11814940743
2012-05-08,0.450206023924,92,0,1.97792771171
2012-05-09,0.450245004693,93,0,2.20571326547
2012-05-10,0.446010236609,93,0,2.33569151602
2012-05-11,0.4145372393,92,0,2.62156219346
2012-05-14,0.418553109051,91,0,2.25519497412
2012-05-15,0.410620119335,91,0,2.46015782984
2012-05-16,0.407548524705,91,0,2.45261216017
2012-05-17,0.40855741671,90,0,2.80909445542
2012-05-18,0.401258257079,90,0,2.5599712155
2012-05-21,0.397089350174,90,0,2.28960453046
2012-05-22,0.396699105951,90,0,2.02665420396
2012-05-23,0.388042104395,90,0,2.04907978109
2012-05-24,0.387290183972,90,0,1.74466418144
2012-05-25,0.374332144031,90,0,1.77772354846
2012-05-29,0.375873698458,89,0,1.89061691911
2012-05-30,0.366225415892,89,0,2.22555609912
2012-05-31,0.367411617051,91,0,2.46556808062
2012-06-01,0.342847987398,85,0,2.25416025314
2012-06-04,0.342851265948,85,0,2.50210043489
2012-06-05,0.344590589202,87,0,2.27348718119
2012-06-06,0.35807322653,87,0,1.89350856477
2012-06-07,0.358080223015,87,0,2.02233755998
2012-06-08,0.360412110411,86,0,1.8323469466
2012-06-11,0.355557070953,86,0,1.75542352916
2012-06-12,0.35278797627,86,0,1.64070775568
2012-06-13,0.345417872227,86,0,1.38386830028
2012-06-14,0.35139251693,86,0,1.40465394416
2012-06-15,0.352111950823,86,0,1.71006131748
2012-06-18,0.353789623513,87,0,2.22018894481
2012-06-19,0.356038209948,88,0,1.99923044465
2012-06-20,0.352653176865,87,0,1.92512779984
2012-06-21,0.343787830379,86,0,1.94533687486
2012-06-22,0.354988397465,88,0,2.31548321257
2012-06-25,0.359753874932,88,0,2.12414980211
2012-06-26,0.356237034872,87,0,2.01210002182
2012-06-27,0.356332152859,87,0,1.91633809853
2012-06-28,0.350620150694,88,0,1.67841029161
2012-06-29,0.359536299143,87,0,2.06907447234
2012-07-02,0.357637773954,87,0,2.32713536794
2012-07-03,0.353183387294,87,0,2.76381681541
2012-07-05,0.354852364165,86,0,1.99192224497
2012-07-06,0.359108814625,85,0,1.60082127245
2012-07-09,0.359566220359,84,0,1.56114255123
2012-07-10,0.360582999105,85,0,1.75731892719
2012-07-11,0.359431465729,85,0,1.82757707293
2012-07-12,0.356280637737,87,0,2.34487034466
2012-07-13,0.366606720978,88,0,2.09077302422
2012-07-16,0.366194781036,88,0,2.03161229171
2012-07-17,0.366150960164,89,0,2.17508050233
2012-07-18,0.363216379552,89,0,1.87901306381
2012-07-19,0.362686176767,89,0,1.9398093471
2012-07-20,0.368935027809,90,0,2.20931024315
2012-07-23,0.372231395659,89,0,1.9553038522
2012-07-24,0.373605184029,89,0,2.03537706189
2012-07-25,0.37093269097,90,0,2.02040450347
2012-07-26,0.379887280458,89,0,2.31076880847
2012-07-27,0.381264339708,92,0,2.49591259281
2012-07-30,0.381296635156,91,0,2.19256046126
2012-07-31,0.382540622165,90,0,2.26902203214
2012-08-01,0.380999628285,90,0,2.05791048173
2012-08-02,0.382454170177,90,0,2.04876360397
2012-08-03,0.389037767797,90,0,1.62206976593
2012-08-06,0.389490269192,91,0,1.54859974834
2012-08-07,0.386363322944,91,0,1.41902824063
2012-08-08,0.386677578092,92,0,1.58826107156
2012-08-09,0.390663085907,92,0,1.54125999122
2012-08-10,0.389630157889,92,0,1.63764864441
2012-08-13,0.389307031181,90,0,1.38907062327
2012-08-14,0.388983105702,90,0,1.17498400751
2012-08-15,0.386393961889,91,0,1.05008352485
2012-08-16,0.384519802466,92,0,1.26846879461
2012-08-17,0.384642531633,93,0,1.56990449366
2012-08-20,0.385953141111,93,0,1.78326829815
2012-08-21,0.386384040444,93,0,1.49544949922
2012-08-22,0.387217042955,92,0,1.51636477445
2012-08-23,0.389285830339,93,0,1.57956084163
2012-08-24,0.391669220144,93,0,1.35402760199
2012-08-27,0.390916213167,93,0,1.47332836505
2012-08-28,0.392054907974,93,0,1.64889239
2012-08-29,0.393553302686,93,0,1.56057357229
2012-08-30,0.393824768909,92,0,1.74307623699
2012-08-31,0.395130206062,93,0,1.35159216697
2012-09-04,0.390113297097,92,0,1.2911281885
2012-09-05,0.387940066169,91,0,1.68748747529
2012-09-06,0.401404936731,93,0,1.42881572756
2012-09-07,0.39921407222,93,0,1.46718701588
2012-09-10,0.400320698995,95,0,1.5983783317
2012-09-11,0.394214545966,94,0,1.89684177988
2012-09-12,0.394310241654,93,0,1.94663222252
2012-09-13,0.403347329011,94,0,2.00274965496
2012-09-14,0.401398418463,97,0,1.96641692141
2012-09-17,0.40125378096,96,0,1.67898041404
2012-09-18,0.402412292472,97,0,1.71057006659
2012-09-19,0.401811778884,96,0,1.18617304688
2012-09-20,0.402281584298,96,0,1.1734674228
2012-09-21,0.401539881167,95,0,1.70497009312
2012-09-24,0.396260165406,95,0,1.38546548633
2012-09-25,0.399071037163,94,0,2.00683142002
2012-09-26,0.401026622805,95,0,1.89569659563
2012-09-27,0.404058754248,97,0,1.61919508845
2012-09-28,0.403837142299,97,0,1.68593353263
2012-10-01,0.402955302487,97,0,1.8669180051
2012-10-02,0.40336338554,96,0,1.78732881347
2012-10-03,0.399489845286,94,0,2.16551419087
2012-10-04,0.401320899931,95,0,1.87828245331
2012-10-05,0.39791107735,93,0,1.70895422216
2012-10-08,0.390885764643,93,0,1.32291479256
2012-10-09,0.392567825355,93,0,1.28230024981
2012-10-10,0.388991359565,93,0,1.99098512522
2012-10-11,0.383308070225,91,0,2.0674837905
2012-10-12,0.38388386802,92,0,2.49358441969
2012-10-15,0.381345418852,91,0,2.96431718504
2012-10-16,0.383580007587,89,0,2.90469787456
2012-10-17,0.375955024406,90,0,3.33893778181
2012-10-18,0.376386648953,91,0,3.68360881716
2012-10-19,0.381495783958,88,0,3.6184141791
2012-10-22,0.381996112668,90,0,3.63837601117
2012-10-23,0.387309176699,90,0,3.08801606599
2012-10-24,0.387478142492,90,0,2.28524270964
2012-10-25,0.389177369976,88,0,2.15072268235
2012-10-26,0.389767900632,89,0,1.85552532367
2012-10-31,0.388112741966,89,0,2.2362221932
2012-11-01,0.386661239562,92,0,2.32529025359
2012-11-02,0.382766245207,93,0,2.56348886222
2012-11-05,0.372666967161,93,0,2.29549348443
2012-11-06,0.375987073456,93,0,2.11192071827
2012-11-07,0.391515515111,94,0,2.01929294033
2012-11-08,0.396539793743,93,0,2.0642992294
2012-11-09,0.397984980114,94,0,1.46520856786
2012-11-12,0.401349976589,94,0,1.2841532129
2012-11-13,0.397798178444,93,0,2.08687166877
2012-11-14,0.404100571882,92,0,1.20993673754
2012-11-15,0.403490964338,92,0,2.04374991606
2012-11-16,0.404556358872,92,0,2.19723642571
2012-11-19,0.41139335023,92,0,2.3520380076
2012-11-20,0.411696407888,92,0,1.71166806443
2012-11-21,0.413260009686,92,0,1.69461048027
2012-11-23,0.420140905783,92,0,1.01536961825
2012-11-26,0.421878531977,92,0,1.06546271085
2012-11-27,0.422852755224,92,0,1.35613360562
2012-11-28,0.422053564716,92,0,1.51122783543
2012-11-29,0.418537807598,92,0,1.56772850881
2012-11-30,0.418637936159,91,0,2.17691815335
2012-12-03,0.406485012574,90,0,2.35874677505
2012-12-04,0.408017915499,90,0,2.17737899844
2012-12-05,0.406493999425,90,0,1.89456379561
2012-12-06,0.394061499394,90,0,1.72345990002
2012-12-07,0.394138773913,90,0,1.67559753472
2012-12-10,0.392375422407,91,0,1.7200268268
2012-12-11,0.386892384429,90,0,1.54033094672
2012-12-12,0.384272270913,91,0,1.545814868
2012-12-13,0.387342565728,91,0,1.31435859609
2012-12-14,0.381116820549,91,0,1.53979071741
2012-12-17,0.382829014556,90,0,1.76843629039
2012-12-18,0.386667817733,91,0,2.11745045611
2012-12-19,0.387300059236,92,0,2.71629149221
2012-12-20,0.386929463551,92,0,2.85432265458
2012-12-21,0.378383382717,92,0,2.5188094095
2012-12-24,0.378749253682,92,0,1.97187612211
2012-12-26,0.375746276359,91,0,2.14768060501
2012-12-27,0.375634385474,93,0,1.70318987293
2012-12-28,0.38112737983,92,0,1.5148096557
2012-12-31,0.387646523776,92,0,1.19414120331
2013-01-02,0.39155800466,93,0,1.26953878814
2013-01-03,0.390507797165,94,0,1.17666353731
2013-01-04,0.391872472245,93,0,1.72464152762
2013-01-07,0.392918354774,94,0,1.79277027293
2013-01-08,0.392805513276,94,0,1.86718677438
2013-01-09,0.392219162583,94,0,1.92759188593
2013-01-10,0.393896476164,93,0,2.18591927642
2013-01-11,0.394690849153,93,0,1.91464345734
2013-01-14,0.398925339588,94,0,1.90034893693
2013-01-15,0.388952972194,91,0,1.6805516185
2013-01-16,0.388837590006,92,0,1.44108371222
2013-01-17,0.38774243069,91,0,1.75100981071
2013-01-18,0.389429237733,91,0,1.82239818779
2013-01-22,0.39231523389,91,0,1.77204426926
2013-01-23,0.387311845921,93,0,2.26932200231
2013-01-24,0.381258781578,92,0,2.51499022035
2013-01-25,0.380513419576,93,0,2.47258929346
2013-01-28,0.385032544876,93,0,2.1785719264
2013-01-29,0.37540489587,93,0,1.70774822331
2013-01-30,0.374842033564,94,0,1.60783199122
2013-01-31,0.374337477965,94,0,1.94353937854
2013-02-01,0.374114039509,94,0,2.17914487464
2013-02-04,0.380522265962,95,0,2.22956907662
2013-02-05,0.38362417569,93,0,2.59413426989
2013-02-06,0.373911561009,93,0,2.66020524707
2013-02-07,0.374014625161,93,0,2.27629146121
2013-02-08,0.378373895769,93,0,2.13365692294
2013-02-11,0.378661017816,93,0,1.88123727384
2013-02-12,0.377039326316,93,0,1.7667639222
2013-02-13,0.377013601894,93,0,1.62302456022
2013-02-14,0.3753512759,92,0,2.05184758633
2013-02-15,0.372538021119,92,0,1.72919433476
2013-02-19,0.37198311652,91,0,2.39865840984
2013-02-20,0.374876843648,92,0,2.04392291815
2013-02-21,0.372900332312,92,0,2.47163950673
2013-02-22,0.374498897436,93,0,2.47154949474
2013-02-25,0.383964550318,91,0,2.32264333141
2013-02-26,0.383364169189,91,0,2.24444564147
2013-02-27,0.384416607449,91,0,1.65041450696
2013-02-28,0.382118354772,92,0,1.74743718181
2013-03-01,0.38224065438,93,0,1.27458177953
2013-03-04,0.381266310244,94,0,1.81638239122
2013-03-05,0.38256671526,94,0,1.64602622037
2013-03-06,0.381148338818,93,0,1.41836335692
2013-03-07,0.380509307766,94,0,2.29071878437
2013-03-08,0.379502049303,93,0,1.96939012366
2013-03-11,0.380677882415,93,0,2.07238513843
2013-03-12,0.364910697249,93,0,1.86196383389
2013-03-13,0.36747595168,93,0,1.63472531389
2013-03-14,0.36702820882,93,0,1.72267902904
2013-03-15,0.366386218664,93,0,1.80542192881
2013-03-18,0.368350886626,93,0,1.50223029143
2013-03-19,0.357080504477,93,0,2.0826994111
2013-03-20,0.360831669484,94,0,2.43137461761
2013-03-21,0.357511781106,93,0,3.05218916446
2013-03-22,0.356643869926,93,0,2.6821836079
2013-03-25,0.357831520646,93,0,2.24211509826
2013-03-26,0.359147077533,94,0,2.24903167656
2013-03-27,0.358716382549,94,0,2.53032796041
2013-03-28,0.357988173404,93,0,2.59590902666
2013-04-01,0.354722310759,94,0,2.58706161789
2013-04-02,0.354418108128,94,0,3.06504110185
2013-04-03,0.356496079192,94,0,2.85654671899
2013-04-04,0.355495275402,94,0,2.64220798186
2013-04-05,0.35569329349,94,0,2.32568368803
2013-04-08,0.354959481901,94,0,2.74614742983
2013-04-09,0.354523438169,94,0,2.3140884548
2013-04-10,0.354705016582,94,0,2.70750908191
2013-04-11,0.352869295727,93,0,2.15659829991
2013-04-12,0.35139174096,93,0,1.81888791778
2013-04-15,0.361839186682,91,0,2.53919327904
2013-04-16,0.366250885011,93,0,2.88437512459
2013-04-17,0.370388874827,94,0,3.22861144245
2013-04-18,0.369253087748,96,0,2.7915944721
2013-04-19,0.358943702876,97,0,2.86874202787
2013-04-22,0.357844924888,96,0,2.83862711936
2013-04-23,0.363765556791,96,0,3.01475230684
2013-04-24,0.362204659674,95,0,3.22425031108
2013-04-25,0.353237106798,95,0,2.62758834703
2013-04-26,0.353614806978,95,0,2.17574566093
2013-04-29,0.347739750052,94,0,1.9687439148
2013-04-30,0.344037006978,94,0,2.43340559296
2013-05-01,0.346492470452,94,0,2.30830397013
2013-05-02,0.346358480009,94,0,2.33698838321
2013-05-03,0.348548204111,94,0,2.64104696139
2013-05-06,0.347461214382,94,0,2.46072024336
2013-05-07,0.353535044274,93,0,1.60308256263
2013-05-08,0.352688334509,93,0,2.13662538519
2013-05-09,0.350624451392,93,0,2.03986436503
2013-05-10,0.332084671124,94,0,1.64641600438
2013-05-13,0.323471177575,94,0,1.34692758855
2013-05-14,0.324163380965,93,0,1.34051390207
2013-05-15,0.3231144817,93,0,1.83084797231
2013-05-16,0.324501289997,93,0,2.12074949461
2013-05-17,0.316354872377,92,0,2.42285880152
2013-05-20,0.317099566116,91,0,2.26733661448
2013-05-21,0.317022621854,92,0,2.18067510704
2013-05-22,0.308552444225,92,0,1.99120585946
2013-05-23,0.309839457874,92,0,2.08375925608
2013-05-24,0.309241692634,91,0,1.85110629633
2013-05-28,0.303889372976,91,0,2.1073542269
2013-05-29,0.303408352163,91,0,1.84686614273
2013-05-30,0.299394652297,91,0,2.02939615727
2013-05-31,0.307097185182,90,0,2.55867357431
2013-06-03,0.311309349132,90,0,1.93609321286
2013-06-04,0.312045271303,90,0,2.19505219613
2013-06-05,0.318320572469,89,0,1.90127630465
2013-06-06,0.317425289471,88,0,1.75369516305
2013-06-07,0.322616890112,89,0,1.56082378424
2013-06-10,0.323910764122,89,0,1.8324433999
2013-06-11,0.327847598575,90,0,1.76119548181
2013-06-12,0.330998266897,90,0,1.68614383542
2013-06-13,0.334436025177,91,0,1.79638285241
2013-06-14,0.336887214904,91,0,1.41580689233
2013-06-17,0.337308487516,91,0,1.21592896285
2013-06-18,0.337928494922,91,0,1.26126307145
2013-06-19,0.341711245329,91,0,1.37873749148
2013-06-20,0.359227541233,91,0,1.38162318453
2013-06-21,0.351540016638,92,0,1.8988036923
2013-06-24,0.351553033663,89,0,1.6715955798
2013-06-25,0.348416468759,89,0,1.52156907989
2013-06-26,0.349198359188,89,0,2.04259475805
2013-06-27,0.349052085099,89,0,2.21991850385
2013-06-28,0.348994646756,89,0,1.63697997744
2013-07-01,0.342374974371,89,0,1.47103512687
2013-07-02,0.336918745939,89,0,1.61420144208
2013-07-03,0.319601058351,89,0,1.2374078136
2013-07-05,0.323698508635,89,0,1.3993118192
2013-07-08,0.327507328223,89,0,1.33601304905
2013-07-09,0.327672527182,88,0,1.18274494609
2013-07-10,0.327558244921,88,0,1.00548178202
2013-07-11,0.332132375831,88,0,1.36587579441
2013-07-12,0.331280434432,88,0,1.4520117958
2013-07-15,0.331067158679,88,0,1.60425416481
2013-07-16,0.33171887821,88,0,1.54679278951
2013-07-17,0.330609639546,88,0,1.63896946055
2013-07-18,0.329577056289,88,0,1.93156289688
2013-07-19,0.321433746223,91,0,2.48424357069
2013-07-22,0.320957513764,91,0,2.61047514227
2013-07-23,0.320951945634,91,0,2.94396875713
2013-07-24,0.322170727371,90,0,2.33668754799
2013-07-25,0.323540990677,91,0,2.09710192182
2013-07-26,0.320168968458,90,0,1.62130344173
2013-07-29,0.320337378693,89,0,1.71911560952
2013-07-30,0.31943476092,88,0,2.03998538266
2013-07-31,0.318430623424,88,0,1.69380530809
2013-08-01,0.319618659918,90,0,1.87375761125
2013-08-02,0.317742542069,86,0,2.42014033456
2013-08-05,0.310791951537,86,0,2.31469095167
2013-08-06,0.308077183839,87,0,2.35609834721
2013-08-07,0.309268748122,87,0,2.05092544395
2013-08-08,0.308329717349,88,0,1.78393233378
2013-08-09,0.30921838968,88,0,1.54219126306
2013-08-12,0.309210275662,88,0,1.51876087284
2013-08-13,0.309960924502,89,0,1.33265629777
2013-08-14,0.309700662403,88,0,1.86903437054
2013-08-15,0.317723804369,86,0,1.93240417165
2013-08-16,0.320268557887,85,0,1.81520548689
2013-08-19,0.32004791915,86,0,1.86169997812
2013-08-20,0.318728550538,85,0,1.46707647013
2013-08-21,0.32148143278,85,0,1.66060409663
2013-08-22,0.319838966834,85,0,1.90211144373
2013-08-23,0.308918575974,86,0,1.83104739406
2013-08-26,0.309801107886,86,0,1.75380826792
2013-08-27,0.312559200728,86,0,2.08830461832
2013-08-28,0.310750759469,85,0,2.40782349388
2013-08-29,0.310158553901,85,0,1.8006482766
2013-08-30,0.311448222023,86,0,1.65869281244
2013-09-03,0.309457843146,86,0,1.29149013907
2013-09-04,0.310653378624,86,0,0.955799117247
2013-09-05,0.309889237595,86,0,1.9580727657
2013-09-06,0.3111291352,86,0,1.81605042972
2013-09-09,0.314132772442,86,0,1.74347875278
2013-09-10,0.316616572442,87,0,1.90289784077
2013-09-11,0.315709791964,86,0,2.35764970072
2013-09-12,0.317001949019,88,0,1.56718705465
2013-09-13,0.320009514184,88,0,1.76102239807
2013-09-16,0.320022613568,88,0,1.8101587912
2013-09-17,0.321144821361,88,0,1.44178864728
2013-09-18,0.325590428305,87,0,1.63129780999
2013-09-19,0.326234661392,88,0,1.60277615271
2013-09-20,0.327281680406,87,0,1.84696280845
2013-09-23,0.325009384764,86,0,2.03989417863
2013-09-24,0.324210719492,86,0,2.07467621361
2013-09-25,0.324459444426,86,0,1.55038283153
2013-09-26,0.325369480457,86,0,1.975771844
2013-09-27,0.325980891016,86,0,2.64955423087
2013-09-30,0.327355887382,86,0,2.51129171488
2013-10-01,0.324943295804,86,0,2.50016660997
2013-10-02,0.325078604066,87,0,2.25466171313
2013-10-03,0.32682144658,87,0,2.82245942459
2013-10-04,0.327041488612,88,0,2.55445363662
2013-10-07,0.331508126283,88,0,2.3131871088
2013-10-08,0.331213852362,88,0,1.78142537144
2013-10-09,0.330765228187,88,0,1.68984608354
2013-10-10,0.346343376883,88,0,1.7368592614
2013-10-11,0.333603977633,87,0,1.8253325774
2013-10-14,0.332113155538,88,0,1.96941431951
2013-10-15,0.331472739761,85,0,2.35485109429
2013-10-16,0.340898763223,83,0,2.25299943678
2013-10-17,0.342683338078,83,0,2.7958994313
2013-10-18,0.341678381478,83,0,3.21532775055
2013-10-21,0.339906332845,82,1,2.87769790661
2013-10-22,0.343400656739,84,1,2.54180876716
2013-10-23,0.34593032058,84,1,2.49298878915
2013-10-24,0.344779172675,84,1,2.05158764546
2013-10-25,0.343793530467,84,1,1.58198536601
2013-10-28,0.345113768841,83,1,1.97310754198
2013-10-29,0.34287813613,82,1,1.98757930228
2013-10-30,0.341763964543,80,1,1.65960038997
2013-10-31,0.341243948878,80,1,1.85054193407
2013-11-01,0.343559487225,81,1,2.11449283894
2013-11-04,0.342548547959,80,1,2.59648255687
2013-11-05,0.343535053256,80,1,2.50200630399
2013-11-06,0.346012786642,82,1,2.64211098546
2013-11-07,0.350679457411,83,1,2.20194381271
2013-11-08,0.355077094346,82,1,1.9472157612
2013-11-11,0.354210028116,80,1,1.59734761834
2013-11-12,0.35473691416,82,1,1.65480817587
2013-11-13,0.356227337372,82,1,2.05396363275
2013-11-14,0.355993839121,81,1,2.09526134207
2013-11-15,0.357416313323,80,1,1.99136972964
2013-11-18,0.357522179781,81,1,2.27191027885
2013-11-19,0.358252170623,82,0,2.3794816182
2013-11-20,0.358303209653,81,0,2.47723888107
2013-11-21,0.357465143653,81,1,2.53973388327
2013-11-22,0.355141124518,81,1,2.30605349279
2013-11-25,0.353768327273,83,1,2.86817375863
2013-11-26,0.355834901578,83,1,2.43890622128
2013-11-27,0.346861892539,82,1,2.56061644774
2013-11-29,0.343749865005,83,1,1.91522785703
2013-12-02,0.346017374422,82,1,2.20329412755
2013-12-03,0.337850634483,82,1,1.60057530663
2013-12-04,0.338373242068,83,1,1.67884091737
2013-12-05,0.337912753113,84,1,1.27337325769
2013-12-06,0.343405316665,83,1,1.72472873689
2013-12-09,0.339717655179,82,1,1.86355947763
2013-12-10,0.337765301724,82,1,1.9601907638
2013-12-11,0.335838695532,81,1,1.59913561259
2013-12-12,0.333486797637,82,1,1.90083935644
2013-12-13,0.331775432001,81,1,1.98911360527
2013-12-16,0.329824542267,81,1,2.47856338361
2013-12-17,0.325026790442,81,1,2.13220757827
2013-12-18,0.315120886911,83,1,2.3787967808
2013-12-19,0.320430243864,82,1,2.19837500808
2013-12-20,0.320284871823,82,1,1.78167041847
2013-12-23,0.320413318646,82,1,1.75704517084
2013-12-24,0.318699929794,82,1,1.72537020729
2013-12-26,0.319704924094,80,1,1.67330032323
2013-12-27,0.319764780703,80,1,1.38319069609
2013-12-30,0.320118152504,80,1,1.21296120313
2013-12-31,0.320565602443,80,1,1.47738407594
2014-01-02,0.322069252385,82,1,1.37196894166
2014-01-03,0.318569043153,82,1,1.4455357329
2014-01-06,0.315509332194,82,1,1.88549046246
2014-01-07,0.313933571633,84,1,2.09233741258
2014-01-08,0.313762599942,83,1,2.98422986758
2014-01-09,0.306271020208,81,1,2.69821419014
2014-01-10,0.305092630573,81,1,2.30728705375
2014-01-13,0.303683183528,82,1,2.39548148585
2014-01-14,0.305844031051,81,1,2.30278852751
2014-01-15,0.307126104081,80,1,2.13014675082
2014-01-16,0.309936798384,81,1,2.52972916088
2014-01-17,0.318342683274,79,1,2.3785317562
2014-01-21,0.318476029045,79,1,2.28357229892
2014-01-22,0.318747840107,80,1,2.41070014825
2014-01-23,0.320045831948,80,1,2.3770002529
2014-01-24,0.329496908666,83,1,1.95780649222
2014-01-27,0.333217289716,84,1,2.77762633229
2014-01-28,0.331553042691,83,1,2.15054338057
2014-01-29,0.336611249136,82,1,2.40477796055
2014-01-30,0.33938428938,83,1,2.02381803034
2014-01-31,0.338315096563,81,1,2.152521658
2014-02-03,0.355749258265,82,1,2.62108456091
2014-02-04,0.355962410649,81,1,2.60159024444
2014-02-05,0.354972319171,80,1,1.9396542413
2014-02-06,0.360475496782,80,1,2.18153992067
2014-02-07,0.365173233201,80,1,2.08086975541
2014-02-10,0.361851240498,81,1,2.2483216858
2014-02-11,0.367591517611,81,1,2.27523502705
2014-02-12,0.368431505732,82,1,1.90507670803
2014-02-13,0.36852951083,81,1,1.87266294385
2014-02-14,0.360058892577,82,1,2.10647145101
2014-02-18,0.357783925837,83,1,2.24196702466
2014-02-19,0.360037822278,82,1,2.08006528195
2014-02-20,0.359295556411,84,1,1.96859506534
2014-02-21,0.358343821936,82,1,1.85278296766
2014-02-24,0.359510975103,82,1,1.92399456729
2014-02-25,0.357791897371,85,1,2.0210471946
2014-02-26,0.353445374943,85,1,1.90821940241
2014-02-27,0.348480939651,85,1,1.92358772836
2014-02-28,0.349706853255,87,1,2.19791691165
2014-03-03,0.353623225932,87,1,2.03441359384
2014-03-04,0.35907427048,86,1,1.65565231909
2014-03-05,0.358048676301,86,1,1.79629617241
2014-03-06,0.356417982255,86,1,1.87000539097
2014-03-07,0.357666567284,86,1,2.05605303824
2014-03-10,0.35784351854,84,1,2.06884080765
2014-03-11,0.348647398925,86,1,1.91980149554
2014-03-12,0.34695257673,85,1,1.98470818338
2014-03-13,0.353888855867,85,1,2.03129644459
2014-03-14,0.353822717364,84,1,1.79970979594
2014-03-17,0.356913588034,84,1,1.6609464721
2014-03-18,0.358263465681,84,1,1.61019321948
2014-03-19,0.357266388877,86,1,1.25832061514
2014-03-20,0.353927253349,85,1,1.59047846501
2014-03-21,0.352139408916,84,1,2.49362037194
2014-03-24,0.349478331192,85,1,2.41384263562
2014-03-25,0.349569537391,83,1,2.87252167061
2014-03-26,0.348559336346,84,1,2.64817940149
2014-03-27,0.348292808494,83,1,2.52520343238
2014-03-28,0.348417492909,83,1,2.74077459263
2014-03-31,0.349556268333,83,1,2.44760582613
2014-04-01,0.346280261501,84,1,2.18305348322
2014-04-02,0.345153677386,84,1,1.90632442193
2014-04-03,0.3455027611,85,1,1.38683571857
2014-04-04,0.345271877824,85,1,1.25027678332
2014-04-07,0.345712876577,85,0,1.33048483884
2014-04-08,0.34104036256,85,0,1.7389287002
2014-04-09,0.341035759773,85,0,1.985099087
2014-04-10,0.352528462437,87,0,2.20852431194
2014-04-11,0.338297611119,85,0,2.16939392258
2014-04-14,0.339124084979,85,0,1.95955109571
2014-04-15,0.337398383925,87,0,2.36051986244
2014-04-16,0.334709141503,86,0,2.16194723251
2014-04-17,0.324523616776,86,0,2.58327167706
2014-04-21,0.3315351619,85,0,2.20851631605
2014-04-22,0.332923816974,85,0,2.11683752079
2014-04-23,0.332237161058,84,0,2.06254345345
2014-04-24,0.331053513677,86,0,1.55955586424
2014-04-25,0.328764056269,85,0,1.11096048601
2014-04-28,0.32526516493,86,0,1.82442811779
2014-04-29,0.325191978325,86,0,1.71327319853
2014-04-30,0.326426075809,88,0,1.62160525614
2014-05-01,0.32563802489,86,0,1.73629226833
2014-05-02,0.325274763778,84,0,1.59595527703
2014-05-05,0.323527423924,84,0,2.54377183063
2014-05-06,0.329355392368,85,0,2.49953782783
2014-05-07,0.328901913367,82,0,2.70896382773
2014-05-08,0.327387660275,80,0,1.98058559933
2014-05-09,0.324053871896,83,0,2.00333678096
2014-05-12,0.320099833632,83,0,1.61323335185
2014-05-13,0.315745832322,83,0,1.50304063473
2014-05-14,0.3169599517,83,0,1.32744297353
2014-05-15,0.322229486511,82,0,1.54514690076
2014-05-16,0.320587156771,81,0,1.49737863188
2014-05-19,0.320344510246,83,0,1.65762460933
2014-05-20,0.321143741557,83,0,1.70535212331
2014-05-21,0.324459750975,83,0,1.80541426722
2014-05-22,0.324372769386,84,0,1.62544816769
2014-05-23,0.324331294969,84,0,1.57568473063
2014-05-27,0.324232790391,84,0,1.93243063881
2014-05-28,0.324957131169,83,0,1.74432261854
2014-05-29,0.328082349743,82,0,1.86581316244
2014-05-30,0.3285088589,84,0,1.6066317374
2014-06-02,0.328837769483,85,0,1.6863804574
2014-06-03,0.328695982961,84,0,1.33015816855
2014-06-04,0.328330605499,84,0,1.50824371276
2014-06-05,0.329565323253,87,0,1.49649437166
2014-06-06,0.329703512222,88,0,1.3166419915
2014-06-09,0.326546497916,87,0,1.49388947694
2014-06-10,0.321822746544,87,0,1.65910913846
2014-06-11,0.322704864183,87,0,1.8055469401
2014-06-12,0.322687625374,89,0,1.99250021691
2014-06-13,0.318967703529,88,0,1.82318185918
2014-06-16,0.317842826728,88,0,2.47723049513
2014-06-17,0.316661626023,86,0,2.39449350328
2014-06-18,0.319262379794,85,0,2.1457018639
2014-06-19,0.315244699379,85,0,2.12750036193
2014-06-20,0.296596783134,84,0,2.20112572798
2014-06-23,0.299823729803,85,0,2.00441293858
2014-06-24,0.30082822937,85,0,2.149580813
2014-06-25,0.297352516217,82,0,2.63689192301
2014-06-26,0.296985983802,81,0,2.58603895538
2014-06-27,0.294770766009,82,0,2.70548638956
2014-06-30,0.294599545619,82,0,3.00021719287
2014-07-01,0.295653219542,83,0,2.92840129576
2014-07-02,0.295101109506,82,0,1.96573149733
2014-07-03,0.29402515748,80,0,1.65675523143
2014-07-07,0.294349264312,81,0,1.8154122633
2014-07-08,0.295312238005,82,0,2.03451100948
2014-07-09,0.296226139611,83,0,1.95776781519
2014-07-10,0.297579720445,83,0,1.71206314775
2014-07-11,0.299688983676,82,0,1.84571920988
2014-07-14,0.302220884956,83,0,1.83072623972
2014-07-15,0.296481470149,84,0,2.31607566414
2014-07-16,0.291923474311,83,0,3.46924825929
2014-07-17,0.295228985717,85,0,3.90034447499
2014-07-18,0.295812606547,86,0,3.02647124463
2014-07-21,0.296562222233,86,0,3.06916497996
2014-07-22,0.296025074429,87,0,2.73117129325
2014-07-23,0.295250823674,87,0,2.6077634433
2014-07-24,0.293379994929,86,0,2.79217781597
2014-07-25,0.285767551572,82,0,2.39610940319
2014-07-28,0.285382466121,81,0,2.51832001021
2014-07-29,0.289078585785,82,0,2.12672415525
2014-07-30,0.28057232948,82,0,2.73256269661
2014-07-31,0.299518821627,86,0,2.35720100856
2014-08-01,0.299672756808,85,0,1.91327590565
2014-08-04,0.278950922868,86,0,2.22393898832
2014-08-05,0.286824127292,85,0,2.17404601142
2014-08-06,0.288249227387,87,0,2.6580342803
2014-08-07,0.283719366037,86,0,2.20156303576
2014-08-08,0.285066920474,88,0,2.17412363036
2014-08-11,0.286407864182,86,0,2.25207893697
2014-08-12,0.279894454804,85,0,1.75823498264
2014-08-13,0.280489347293,84,0,1.81349808883
2014-08-14,0.279927022924,85,0,1.74985633244
2014-08-15,0.281437731428,84,0,1.87508477421
2014-08-18,0.284275494563,84,0,1.92490876325
2014-08-19,0.28240471435,84,0,1.96388519011
2014-08-20,0.283082562575,86,0,1.95183794942
2014-08-21,0.28263506164,87,0,1.97500437167
2014-08-22,0.281523484133,86,0,2.11611215252
2014-08-25,0.285726145995,83,0,2.19381320791
2014-08-26,0.289784196456,83,0,1.68758618648
2014-08-27,0.288818061007,86,0,1.38615831956
2014-08-28,0.289833509585,85,0,1.45207155599
2014-08-29,0.285532085603,85,0,1.37992015225
2014-09-02,0.277454039388,86,0,1.15778848414
2014-09-03,0.278764940646,87,0,1.2133477321
2014-09-04,0.27764851127,86,0,1.77765182769
2014-09-05,0.279401492038,84,0,2.06284626434
2014-09-08,0.280279425032,86,0,2.32809633889
2014-09-09,0.286558888978,86,0,2.42160452046
2014-09-10,0.286800653952,87,0,2.49470361993
2014-09-11,0.276600077414,87,0,2.07912227833
2014-09-12,0.275698081108,87,0,2.82788783765
2014-09-15,0.271696339882,86,0,2.39363001572
2014-09-16,0.273090087937,85,0,2.52866268115
2014-09-17,0.273575176047,83,0,2.19813985936
2014-09-18,0.271398027575,86,0,2.30643823587
2014-09-19,0.271146435677,84,0,1.95145533491
2014-09-22,0.275321259532,84,0,1.97109814939
2014-09-23,0.280334774287,86,0,2.07865363276
2014-09-24,0.284448849459,85,0,2.33163010517
2014-09-25,0.30405269093,85,0,1.96228441039
2014-09-26,0.305724099649,86,0,1.58622128743
2014-09-29,0.304349229236,85,0,1.74710761438
2014-09-30,0.30464895782,86,0,1.6332065259
2014-10-01,0.312720644234,85,0,1.59104655627
2014-10-02,0.312683934571,85,0,1.79076011773
2014-10-03,0.31697382901,85,0,1.72774603866
2014-10-06,0.315998556046,85,0,2.14486756058
2014-10-07,0.32566928844,88,0,1.98017579276
2014-10-08,0.340040522406,87,0,1.43610114687
2014-10-09,0.343034809294,88,0,1.5891407797
2014-10-10,0.341775132433,89,0,2.14526090114
2014-10-13,0.35162479631,87,0,2.14897893522
2014-10-14,0.349892535026,86,0,2.35635271586
2014-10-15,0.354773764291,83,0,2.3601590496
2014-10-16,0.35304146949,87,0,2.3720208507
2014-10-17,0.361431733268,87,0,2.38968600803
2014-10-20,0.353014203299,85,0,2.64087443497
2014-10-21,0.347036507569,87,0,2.906438784
2014-10-22,0.350025546736,86,0,2.75457587114
2014-10-23,0.354297129607,85,0,2.81041351903
2014-10-24,0.362090719835,86,0,2.82707329806
2014-10-27,0.364215216613,86,0,2.17541453461
2014-10-28,0.366084842404,86,0,1.6714347693
2014-10-29,0.366258888749,86,0,1.66961270856
2014-10-30,0.368382965777,87,0,1.7670787858
2014-10-31,0.371774423878,88,0,1.64285169909
2014-11-03,0.364809644064,88,0,1.57734730513
2014-11-04,0.36351219269,88,0,2.1003556073
2014-11-05,0.365927983526,88,0,1.85972959012
2014-11-06,0.367122195774,88,0,1.73900313757
2014-11-07,0.363372526386,89,0,1.40503518245
2014-11-10,0.363083716967,90,0,1.45813831118
2014-11-11,0.362049445022,90,0,1.5480110835
2014-11-12,0.356403962448,90,0,1.89703239071
2014-11-13,0.351654877106,89,0,2.06864767873
2014-11-14,0.351435428973,88,0,2.01807270472
2014-11-17,0.350218802327,89,0,1.86373246366
2014-11-18,0.346807795396,88,0,1.97553807986
2014-11-19,0.343125219238,89,0,1.94114019703
2014-11-20,0.342322072055,89,0,1.59091566719
2014-11-21,0.343393014708,88,0,1.30541422769
2014-11-24,0.341853676286,88,0,1.60581200388
2014-11-25,0.341794099906,87,0,1.53578725056
2014-11-26,0.340528593994,88,0,1.45420341486
2014-11-28,0.325936829087,87,0,2.02427657626
2014-12-01,0.322849644,87,0,1.61418535753
2014-12-02,0.322672009769,88,0,2.1640615659
2014-12-03,0.320354458955,87,0,1.84083282837
2014-12-04,0.3204375063,88,0,1.54452802121
2014-12-05,0.318461893482,88,0,2.04337934309
2014-12-08,0.319309168568,88,0,2.7254990298
2014-12-09,0.317118535657,88,0,2.54135122797
2014-12-10,0.326774153101,88,0,2.5046993204
2014-12-11,0.327476258916,88,0,2.20923752005
2014-12-12,0.341313020575,88,0,1.95668499947
2014-12-15,0.341003274095,90,0,1.8748251882
2014-12-16,0.340055037172,90,0,1.64244311626
2014-12-17,0.359447325961,90,0,1.69060100199
2014-12-18,0.384808484994,90,0,2.29454306817
2014-12-19,0.381691695256,90,0,2.41606613123
2014-12-22,0.381080297933,91,0,1.60810096886
2014-12-23,0.379224602804,89,0,2.0167085546
2014-12-24,0.379681479175,89,0,1.87316058888
2014-12-26,0.380330804235,89,0,1.39841746918
2014-12-29,0.380092474909,87,0,1.34239755768
2014-12-30,0.380214403014,87,0,1.1829026001
2014-12-31,0.38301923684,87,0,1.18373999129
2015-01-02,0.381872271809,88,0,1.07778667933
2015-01-05,0.390250853906,87,0,1.27707965634
2015-01-06,0.385844623448,86,0,2.16966677637
2015-01-07,0.390680597722,87,0,2.375379313
2015-01-08,0.400364391792,86,0,2.32597171456
2015-01-09,0.402896996005,88,0,2.82380245943
2015-01-12,0.404525849643,88,0,2.2860380951
2015-01-13,0.407421809618,88,0,1.83128535897
2015-01-14,0.409825945575,88,0,2.26056222044
2015-01-15,0.408367433371,89,0,2.59276237823
2015-01-16,0.408948701261,89,0,2.36902607098
2015-01-20,0.406378529565,87,0,2.82548339786
2015-01-21,0.405340387461,88,0,2.68963712037
2015-01-22,0.415192428834,88,0,2.26507343167
2015-01-23,0.41007832335,91,0,2.25033659478
2015-01-26,0.409283887667,91,0,2.14570656246
2015-01-27,0.409690263359,91,0,2.17319485815
2015-01-28,0.412878906005,93,0,2.26312265888
2015-01-29,0.414988969679,93,0,2.5873627003
2015-01-30,0.410741333909,94,0,2.73900275348
2015-02-02,0.415628524047,94,0,2.36654305274
2015-02-03,0.419681684907,94,0,2.39896662347
2015-02-04,0.415002220965,94,0,2.72457485301
2015-02-05,0.41550220454,93,0,2.34002223943
2015-02-06,0.412325833583,91,0,2.38696612787
2015-02-09,0.409958635925,92,0,2.15187825341
2015-02-10,0.41302133388,93,0,2.3097787194
2015-02-11,0.410674608685,93,0,2.14011705967
2015-02-12,0.409870703202,92,0,2.51361493032
2015-02-13,0.408644786575,91,0,1.60174369294
2015-02-17,0.4088301194,91,0,1.33381591906
2015-02-18,0.406583954943,91,0,1.11743993643
2015-02-19,0.406604269343,92,0,1.19677995377
2015-02-20,0.407161961786,92,0,1.24449378076
2015-02-23,0.406831222295,92,0,1.43096071029
2015-02-24,0.405044127421,92,0,1.49727189119
2015-02-25,0.40214836919,92,0,1.50995266204
2015-02-26,0.400561353021,90,0,1.62527510428
2015-02-27,0.40027135826,90,0,1.51252325467
2015-03-02,0.399894523832,89,0,1.82554980421
2015-03-03,0.400160090356,89,0,1.50354550882
2015-03-04,0.400780751018,90,0,1.28777467478
2015-03-05,0.401317655181,90,0,1.16279224898
2015-03-06,0.407979600404,90,0,1.29761207929
2015-03-09,0.407786356202,90,0,1.2871796265
2015-03-10,0.415027378616,89,0,1.42829986592
2015-03-11,0.414249599509,90,0,1.5063926219
2015-03-12,0.415443330742,91,0,1.53252265516
2015-03-13,0.415168583719,91,0,1.38072423395
2015-03-16,0.41920394163,90,0,1.35147752552
2015-03-17,0.419247553001,89,0,1.73199879257
2015-03-18,0.420311289557,90,0,1.42677694747
2015-03-19,0.420205544817,90,0,1.76702693643
2015-03-20,0.420610307802,90,0,1.33763344538
2015-03-23,0.420864176043,90,0,1.37086262093
2015-03-24,0.420273555687,90,0,1.61774761779
2015-03-25,0.421132461526,89,0,1.39380319268
2015-03-26,0.419904224329,89,0,1.40066856581
2015-03-27,0.412494657145,89,0,1.49645557127
2015-03-30,0.41644675924,89,0,1.04983699368
2015-03-31,0.419056678378,89,0,1.04625887521
2015-04-01,0.418323869946,90,0,1.25262414084
2015-04-02,0.415042235532,89,0,1.30662890487
2015-04-06,0.415451725693,89,0,1.06315990486
2015-04-07,0.412739729163,89,0,1.09296798137
2015-04-08,0.412628445053,90,0,1.2350702363
2015-04-09,0.408079413209,90,0,1.12711546518
2015-04-10,0.400618086488,90,0,1.18249651131
2015-04-13,0.393439321917,89,0,1.24314730255
2015-04-14,0.393375620851,88,0,1.32682413667
2015-04-15,0.385422741785,88,0,1.75790774008
2015-04-16,0.386030573953,87,0,1.42227794128
2015-04-17,0.387814603438,88,0,1.48990900204
2015-04-20,0.39240128058,90,0,1.35502140907
2015-04-21,0.389103574784,88,0,1.2510856391
2015-04-22,0.393692147236,86,0,1.15080489282
2015-04-23,0.399215539694,85,0,1.39130099595
2015-04-24,0.392985461636,87,0,2.00560319008
2015-04-27,0.390652822034,87,0,1.84783301763
2015-04-28,0.388422914376,87,0,2.31762685291
2015-04-29,0.386522039933,87,0,2.34820645928
2015-04-30,0.387419167467,87,0,2.50114658908
2015-05-01,0.388314461706,88,0,2.12522775497
2015-05-04,0.387272107769,89,0,2.29412934965
2015-05-05,0.389345890807,88,0,2.23632223471
2015-05-06,0.390991797436,88,0,1.61533767148
2015-05-07,0.39222026503,88,0,1.6834780931
2015-05-08,0.396647334278,88,0,1.41891039306
2015-05-11,0.397355412113,89,0,1.22270124621
2015-05-12,0.398682217007,88,0,1.46098246474
2015-05-13,0.39827863033,88,0,1.38857675898
2015-05-14,0.397969876848,88,0,1.79555341243
2015-05-15,0.397931498391,88,0,1.39346680395
2015-05-18,0.400582556168,88,0,1.25427754805
2015-05-19,0.39726960873,88,0,1.84093379301
2015-05-20,0.397451772142,88,0,1.50789525101
2015-05-21,0.398472430818,88,0,1.67294860858
2015-05-22,0.402977313861,88,0,2.07143126409
2015-05-26,0.406642135355,89,0,1.93979366976
2015-05-27,0.408053162451,88,0,1.61994318671
2015-05-28,0.408603366013,88,0,1.53744151791
2015-05-29,0.408473818675,89,0,1.4505915772
2015-06-01,0.40945508474,89,0,1.043990303
2015-06-02,0.420027331124,89,0,1.04908329737
2015-06-03,0.422521323538,89,0,1.29992312063
2015-06-04,0.424968311464,89,0,1.323140199
2015-06-05,0.425030066194,88,0,2.22908239253
2015-06-08,0.425914425405,88,0,1.80631657779
2015-06-09,0.427521699272,88,0,2.01733008358
2015-06-10,0.432798649991,88,0,1.94803193357
2015-06-11,0.434835977798,88,0,1.88466779559
2015-06-12,0.430715601337,88,0,1.20200502899
2015-06-15,0.43122385273,88,0,1.56520400951
2015-06-16,0.424815176896,87,0,1.55603912258
2015-06-17,0.425333113799,87,0,1.35751240503
2015-06-18,0.42278352,87,0,1.48021387181
2015-06-19,0.412096511234,88,0,2.07636856941
2015-06-22,0.395537885535,88,0,2.24019531894
2015-06-23,0.39926837851,88,0,2.22205853187
2015-06-24,0.401937133942,88,0,2.21683701722
2015-06-25,0.405810246456,90,0,1.35665978491
2015-06-26,0.405441754111,90,0,1.37273136454
2015-06-29,0.416226158043,90,0,1.5172481744
2015-06-30,0.416442573193,91,0,1.46452413044
2015-07-01,0.415498017643,91,0,1.28412852825
2015-07-02,0.41301937752,91,0,1.06006283886
2015-07-06,0.413640117076,90,0,1.24678184949
2015-07-07,0.40539635587,89,0,1.243497224
2015-07-08,0.416920680768,89,0,1.93437138613
2015-07-09,0.412928178591,90,0,1.81227126049
2015-07-10,0.407078888802,89,0,1.70751115032
2015-07-13,0.407427122383,90,0,1.77762540494
2015-07-14,0.405978501053,89,0,1.58196199437
2015-07-15,0.404250101826,89,0,2.11732034531
2015-07-16,0.404695411079,86,0,2.01001714061
2015-07-17,0.405271286992,87,0,2.11284053932
2015-07-20,0.403413707627,89,0,2.28304030238
2015-07-21,0.403561229794,89,0,2.41963073598
2015-07-22,0.403566095,86,0,2.55772244704
2015-07-23,0.393963103276,86,0,2.69050709264
2015-07-24,0.404258799328,85,0,2.89367283784
2015-07-27,0.406418625649,84,0,2.66026520068
2015-07-28,0.404974374939,85,0,2.12319505118
2015-07-29,0.403444353853,85,0,2.05716118342
2015-07-30,0.401043408532,86,0,2.08220475083
2015-07-31,0.387852874345,84,0,2.1675779048
2015-08-03,0.378643902188,85,0,2.20116645829
2015-08-04,0.368785079826,86,0,3.03082619955
2015-08-05,0.370876134845,85,0,2.88447678462
2015-08-06,0.367151681263,85,0,2.54152750915
2015-08-07,0.370609819021,85,0,2.12201373738
2015-08-10,0.372370129533,85,0,1.56944536268
2015-08-11,0.368923766901,85,0,1.64421312673
2015-08-12,0.369615866766,84,0,1.84236367911
2015-08-13,0.36879110444,84,0,1.66504119847
2015-08-14,0.37127610659,84,0,1.5136169102
2015-08-17,0.371506357276,83,0,1.48776308611
2015-08-18,0.370660727751,85,0,2.28311034807
2015-08-19,0.375096025608,84,0,2.96536154836
2015-08-20,0.385897172557,84,0,2.3097109444
2015-08-21,0.4295824909,86,0,2.18707446162
2015-08-24,0.485638113784,89,0,1.89734126674
2015-08-25,0.489303305163,89,0,1.29847296425
2015-08-26,0.526736871268,90,0,1.8780552152
2015-08-27,0.540354154107,92,0,1.48844650527
2015-08-28,0.537152129686,93,0,1.8099438065
2015-08-31,0.533565326326,92,0,1.77757248554
2015-09-01,0.548912249429,91,0,1.30621744061
2015-09-02,0.555853611214,93,0,1.5528946283
2015-09-03,0.553051555453,93,0,1.59114166401
2015-09-04,0.558907056758,93,0,1.18759385862
2015-09-08,0.564029533716,92,0,0.887110844923
2015-09-09,0.570151492983,92,0,1.04391640224
2015-09-10,0.57114925118,92,0,1.02450190164
2015-09-11,0.572057163251,91,0,1.30663344477
2015-09-14,0.569072237722,91,0,1.20108343913
2015-09-15,0.57330452435,91,0,1.04250667733
2015-09-16,0.573152990597,91,0,0.902751048714
2015-09-17,0.570081296591,89,0,1.19674477577
2015-09-18,0.574813694173,89,0,1.37311683547
2015-09-21,0.576163985645,90,0,1.52488430049
2015-09-22,0.577237751116,90,0,1.57849069906
2015-09-23,0.577120838357,89,0,1.44421629959
2015-09-24,0.576464019042,88,0,1.41532068936
2015-09-25,0.571995951002,87,0,1.6122354365
2015-09-28,0.572905528345,85,0,1.35625983817
2015-09-29,0.569678308724,82,0,1.47570336009
2015-09-30,0.575268399947,82,0,1.71653532675
2015-10-01,0.574054865376,81,0,1.56905966056
2015-10-02,0.573906369889,83,0,1.63886780857
2015-10-05,0.579127437084,84,0,1.39393306709
2015-10-06,0.574656719613,83,0,1.7245479533
2015-10-07,0.576044501382,84,0,1.46483504043
2015-10-08,0.575350693452,83,0,1.94880394571
2015-10-09,0.574085787803,86,0,1.73890039957
2015-10-12,0.57464917089,84,0,1.39428067753
2015-10-13,0.577745195863,83,0,1.02216942204
2015-10-14,0.56910963712,83,0,1.67646020278
2015-10-15,0.565535115049,86,0,1.78876985589
2015-10-16,0.56434915917,85,0,2.0857757729
2015-10-19,0.563934619407,85,0,2.07743897186
2015-10-20,0.560458214897,85,0,2.35507761958
2015-10-21,0.560182564798,84,0,2.01921322877
2015-10-22,0.568007885086,87,0,1.86748485253
2015-10-23,0.557451581354,87,0,1.97960132884
2015-10-26,0.557395640723,88,0,2.06337241623
2015-10-27,0.557261455974,90,0,1.77232062831
2015-10-28,0.558271751017,90,0,1.81549984209
2015-10-29,0.558042878842,89,0,1.41385534027
2015-10-30,0.557980349414,89,0,1.27528700375
2015-11-02,0.556146058563,89,0,1.49436265076
2015-11-03,0.555594056815,89,0,1.42155154872
2015-11-04,0.555694494286,89,0,1.48739854142
2015-11-05,0.551574158834,89,0,1.12261458007
2015-11-06,0.546733391566,88,0,1.7590769262
2015-11-09,0.549164127482,89,0,1.51209546435
2015-11-10,0.549172845424,89,0,1.76441530441
2015-11-11,0.549764805643,88,0,1.78841801826
2015-11-12,0.552895978862,88,0,1.40687391872
2015-11-13,0.553871181931,88,0,1.09812770886
2015-11-16,0.561790699978,89,0,1.09123911123
2015-11-17,0.556947093424,87,0,1.08794267438
2015-11-18,0.55738810313,88,0,1.3269854
2015-11-19,0.553499254506,88,0,1.48785016441
2015-11-20,0.549336375126,88,0,1.90157704525
2015-11-23,0.54641410825,89,0,2.09584292718
2015-11-24,0.544872866493,90,0,1.73570888944
2015-11-25,0.54466624914,90,0,1.81332698394
2015-11-27,0.544631236685,90,0,1.56333692398
2015-11-30,0.543942086682,90,0,1.3710917173
2015-12-01,0.544742234816,90,0,1.35889618816
2015-12-02,0.544257855514,90,0,1.09255796069
2015-12-03,0.54520952274,90,0,1.38023820531
2015-12-04,0.549325395162,90,0,1.08545206426
2015-12-07,0.548794094755,90,0,1.38223917668
2015-12-08,0.546298827264,90,0,2.04308202442
2015-12-09,0.54299696134,89,0,1.4328921123
2015-12-10,0.542319864815,90,0,1.59676134339
2015-12-11,0.546339979437,90,0,1.66750809761
2015-12-14,0.545667816714,89,0,1.67443682701
2015-12-15,0.543963098457,90,0,2.03183315616
2015-12-16,0.547057836018,88,0,1.63851840481
2015-12-17,0.549708731275,88,0,1.93123074128
2015-12-18,0.553607225109,88,0,1.59265605651
2015-12-21,0.554155762503,88,0,1.72947463018
2015-12-22,0.554397448665,88,0,1.26277790727
2015-12-23,0.556309476687,88,0,1.28917340087
2015-12-24,0.556745196367,88,0,0.71630378554
2015-12-28,0.552462765491,88,0,0.819658797531
2015-12-29,0.554459309771,89,0,0.691444995927
2015-12-30,0.555792471849,89,0,0.443312923826
2015-12-31,0.557100874814,89,0,0.564311391549
2016-01-04,0.556722824066,89,0,1.19224302197
2016-01-05,0.557764302845,89,0,1.47627107765
2016-01-06,0.556201192777,88,0,1.77279700067
2016-01-07,0.56019325755,88,0,2.27682675511
2016-01-08,0.559480591195,88,0,2.422013592
2016-01-11,0.55637816863,89,0,1.87195403732
2016-01-12,0.555959855537,89,0,1.89719608624
2016-01-13,0.561499515491,90,0,1.96299552513
2016-01-14,0.561687824596,88,0,2.05905131701
2016-01-15,0.566061668709,89,0,1.96120258952
2016-01-19,0.562201594174,89,0,2.17985323047
2016-01-20,0.566364125003,89,0,2.18278494462
2016-01-21,0.566915513654,87,0,2.24718608649
2016-01-22,0.569708464659,87,0,2.35539668339
2016-01-25,0.567926448552,87,0,2.56512541111
2016-01-26,0.565863827935,88,0,2.07181662878
2016-01-27,0.563006152759,88,0,2.27830798338
2016-01-28,0.560839806252,88,0,2.4761173236
2016-01-29,0.567304095032,88,0,2.5224051596
2016-02-01,0.569346145194,87,0,2.42323201608
2016-02-02,0.572434772215,87,0,1.74296905667
2016-02-03,0.567655246431,85,0,1.65337195211
2016-02-04,0.561379195759,85,0,1.96466097964
2016-02-05,0.558269123003,85,0,2.29358648582
2016-02-08,0.551591298609,86,0,2.70395056636
2016-02-09,0.548866068001,86,0,2.72727829785
2016-02-10,0.547432839774,86,0,2.02598442146
2016-02-11,0.546406323415,86,0,2.62826649247
2016-02-12,0.548324038769,86,0,1.78719963121
2016-02-16,0.549125112658,86,0,1.47762706255
2016-02-17,0.550116705899,86,0,1.32909720438
2016-02-18,0.547786657148,87,0,1.84140719977
2016-02-19,0.547187383304,86,0,2.01106912286
2016-02-22,0.54634905415,85,0,1.75353523121
2016-02-23,0.532045508994,87,0,1.94616159318
2016-02-24,0.508722356862,86,0,1.70246451749
2016-02-25,0.509668198893,87,0,1.23173801178
2016-02-26,0.487982083498,85,0,1.45822826942
2016-02-29,0.481152045727,87,0,1.66565954789
2016-03-01,0.489721118556,87,0,1.56141446916
2016-03-02,0.490427054981,87,0,1.4267004709
2016-03-03,0.476902967727,86,0,1.54317695875
2016-03-04,0.47251257454,86,0,1.37976736227
2016-03-07,0.470943668977,86,0,1.41669089962
2016-03-08,0.463718789012,85,0,1.36307730501
2016-03-09,0.454145886316,87,0,1.51215632101
2016-03-10,0.449281743695,87,0,1.6080655173
2016-03-11,0.450942388447,88,0,1.74583324158
2016-03-14,0.450625186255,88,0,1.58181963204
2016-03-15,0.449804923842,87,0,1.06450999126
2016-03-16,0.444971707025,87,0,1.32609922208
2016-03-17,0.443286756858,87,0,1.54678211413
2016-03-18,0.443447333045,87,0,1.71023873308
2016-03-21,0.437327925674,87,0,1.65679887281
2016-03-22,0.437337847128,87,0,1.70003071552
2016-03-23,0.43567776623,86,0,0.94012024417
2016-03-24,0.435654586515,87,0,1.15876001404
2016-03-28,0.435919894127,87,0,1.18565564724
2016-03-29,0.43876029628,87,0,1.68416806069
2016-03-30,0.43255480837,84,0,1.30985189591
2016-03-31,0.433584651274,86,0,1.22889542645
2016-04-01,0.42996241992,86,0,1.29127207228
2016-04-04,0.430142852305,87,0,1.3556756786
2016-04-05,0.428862210597,88,0,1.28179889525
2016-04-06,0.424855343774,87,0,1.65127824269
2016-04-07,0.429697858928,86,0,2.12307809345
2016-04-08,0.428715604941,86,0,2.11927721254
2016-04-11,0.428344609743,87,0,1.57564732067
2016-04-12,0.429720368855,86,0,1.18016962802
2016-04-13,0.42869984818,85,0,1.10084688433
2016-04-14,0.428402420617,85,0,1.54136280442
2016-04-15,0.430984789068,85,0,1.47774829373
2016-04-18,0.431679997648,84,0,1.43032852632
2016-04-19,0.429159702765,83,0,1.74954920626
2016-04-20,0.423325262683,85,0,2.04457922284
2016-04-21,0.425740034468,85,0,2.01797858073
2016-04-22,0.421422370268,84,0,2.1609514063
2016-04-25,0.421143465713,84,0,2.0006498907
2016-04-26,0.428511038328,87,0,1.94988602755
2016-04-27,0.428014214441,85,0,1.84625800263
2016-04-28,0.431739098612,86,0,2.32910772949
2016-04-29,0.429644217418,86,0,1.77017421705
2016-05-02,0.430482671092,86,0,1.85230792568
2016-05-03,0.42939174928,86,0,1.504006659
2016-05-04,0.428868674115,86,0,1.42388875872
2016-05-05,0.428386954061,85,0,1.73711702268
2016-05-06,0.428434434377,84,0,1.96186088931
2016-05-09,0.42832184953,84,0,2.1717635679
2016-05-10,0.433126875701,85,0,1.7479245038
2016-05-11,0.431730606571,85,0,1.5399190518
2016-05-12,0.431920059341,85,0,1.47843103087
2016-05-13,0.434747579506,85,0,1.46848840593
2016-05-16,0.433067080837,85,0,1.61555659686
2016-05-17,0.431844623535,85,0,1.57541421863
2016-05-18,0.418964241343,84,0,1.55724695469
2016-05-19,0.415602592959,84,0,2.22671806499
2016-05-20,0.412073721315,84,0,2.19930470381
2016-05-23,0.416236762559,85,0,2.17622986762
2016-05-24,0.420488495778,84,0,1.94200380951
2016-05-25,0.422793872737,84,0,1.71398721921
2016-05-26,0.422544332769,84,0,1.65859202147
2016-05-27,0.42340437998,84,0,1.12888839965
2016-05-31,0.423397560122,83,0,1.41825489203
2016-06-01,0.423201716885,83,0,1.67283784274
2016-06-02,0.420271794244,83,0,1.97763189647
2016-06-03,0.418280716447,83,0,1.91345334043
2016-06-06,0.417569451977,82,0,2.37367983492
2016-06-07,0.409749309069,81,0,2.40791108804
2016-06-08,0.409606862825,80,0,2.75611354117
2016-06-09,0.408631992825,82,0,2.85510511844
2016-06-10,0.409703102288,82,0,2.30034832473
2016-06-13,0.410336508361,82,0,2.07942919046
2016-06-14,0.403264786791,82,0,2.71147378128
2016-06-15,0.402765649447,81,0,1.91180987287
2016-06-16,0.402178070474,81,0,1.89117014174
2016-06-17,0.398231183885,81,0,1.84426996572
2016-06-20,0.3938544842,81,0,1.47906289593
2016-06-21,0.385711782676,81,0,1.32162601627
2016-06-22,0.384653249554,80,0,1.5594521265
2016-06-23,0.385483722252,80,0,1.87543536193
2016-06-24,0.399437275438,82,0,1.34862986745
2016-06-27,0.401353021593,84,0,2.25638516637
2016-06-28,0.405734658245,84,0,1.96753354203
2016-06-29,0.408062935016,84,0,1.69143893663
2016-06-30,0.408435824926,85,0,2.10027753764
2016-07-01,0.405804740895,85,0,2.04874857856
2016-07-05,0.403038957327,83,0,1.81371196909
2016-07-06,0.403790814517,83,0,2.00636820076
2016-07-07,0.398669786369,83,0,1.83702897482
2016-07-08,0.391648267288,84,0,1.80650662921
2016-07-11,0.38840704702,84,0,1.70707959177
2016-07-12,0.389769765352,83,0,1.96902711897
2016-07-13,0.389299774633,84,0,1.88125663335
2016-07-14,0.377800983836,84,0,1.74890845523
2016-07-15,0.376527275659,83,0,1.43186536168
2016-07-18,0.365262240979,83,0,1.32694796959
2016-07-19,0.367799743726,82,0,1.7313680381
2016-07-20,0.358512214461,83,0,1.76507458411
2016-07-21,0.360785550372,83,0,1.81926647429
2016-07-22,0.354652384675,83,0,2.11038364661
2016-07-25,0.350527350355,82,0,1.9196075401
2016-07-26,0.348193225885,82,0,2.18427514339
2016-07-27,0.346369226263,82,0,1.73125511392
2016-07-28,0.347150296409,84,0,2.08449204117
2016-07-29,0.330906009923,83,0,2.75229637152
2016-08-01,0.329667796255,83,0,2.87486196074
2016-08-02,0.320183714081,82,0,2.1046322397
2016-08-03,0.325302278172,81,0,1.77083838292
2016-08-04,0.330637602715,83,0,1.81163843767
2016-08-05,0.324315748956,83,0,2.31722748314
2016-08-08,0.331104631433,82,0,2.47042076509
2016-08-09,0.334258477648,82,0,2.06505047084
2016-08-10,0.335137481788,80,0,1.53423914486
2016-08-11,0.333414729343,83,0,1.41160748357
2016-08-12,0.3228105869,84,0,0.945988481222
2016-08-15,0.318920085862,84,0,1.02571460188
2016-08-16,0.315713933046,82,0,1.3853965922
2016-08-17,0.317233802248,84,0,1.1922037303
2016-08-18,0.317291104693,84,0,1.43258711273
2016-08-19,0.313062900602,85,0,1.49460083268
2016-08-22,0.311766894168,85,0,1.23863481865
2016-08-23,0.31222397146,85,0,1.03836033644
2016-08-24,0.308071401977,85,0,1.08700422843
2016-08-25,0.308845374511,86,0,1.91976064578
2016-08-26,0.306571949964,86,0,1.9738637097
2016-08-29,0.286931478594,85,0,1.96258935435
2016-08-30,0.286821738784,84,0,2.68703875008
2016-08-31,0.288349441227,80,0,2.55021007278
2016-09-01,0.288849213885,80,0,2.37640799775
2016-09-02,0.292272651102,80,0,2.04978699616
2016-09-06,0.293401848853,85,0,1.64102584314
2016-09-07,0.294832787271,84,0,1.50308879155
2016-09-08,0.293884505108,83,0,1.82548484765
2016-09-09,0.304979106298,81,0,1.83954475069
2016-09-12,0.3113460723,80,0,2.06978799617
2016-09-13,0.319505194616,82,0,2.24852791216
2016-09-14,0.32210776607,84,0,2.13517098242
2016-09-15,0.32549743399,84,0,2.58239977035
2016-09-16,0.325964287064,83,0,2.70716261058
2016-09-19,0.326537712324,82,0,2.09139699749
2016-09-20,0.326432847125,83,0,1.52787915196
2016-09-21,0.329838981809,82,0,1.62555592054
2016-09-22,0.331224198607,82,0,1.79884695241
2016-09-23,0.3326361395,81,0,1.24974064329
2016-09-26,0.336323227454,82,0,1.55142277878
2016-09-27,0.336494003589,81,0,1.73522919943
2016-09-28,0.332727889857,81,0,1.67260562124
2016-09-29,0.334800996787,81,0,2.38765803029
2016-09-30,0.339884094676,80,0,2.30635755807
2016-10-03,0.339933366128,81,0,2.07793844573
2016-10-04,0.338717916188,81,0,2.03472714342
2016-10-05,0.334028255329,82,0,1.85429537071
2016-10-06,0.333617862203,81,0,2.84571278778
2016-10-07,0.333483263015,81,0,2.84170727134
2016-10-10,0.331965681223,81,0,2.6519127114
2016-10-11,0.335655744412,81,0,2.52083479402
2016-10-12,0.335787585073,80,0,2.03925140767
2016-10-13,0.33645935009,81,0,1.69635344177
2016-10-14,0.33449333241,80,0,1.45988892988
2016-10-17,0.340369971177,83,0,1.40188743713
2016-10-18,0.33914668738,83,0,2.2431054559
2016-10-19,0.33892642247,85,0,2.34622745804
2016-10-20,0.348919328548,85,0,2.50961576135
2016-10-21,0.345287247445,85,0,2.88677175689
2016-10-24,0.346280021507,85,0,3.30789665051
2016-10-25,0.347837481352,86,0,2.3665214058
2016-10-26,0.343878972573,85,0,2.38737630488
2016-10-27,0.341663260344,87,0,2.72754549929
2016-10-28,0.33614636135,86,0,2.37315124186
2016-10-31,0.337076257861,86,0,3.00801450895
2016-11-01,0.336977570194,86,0,2.84193546438
2016-11-02,0.337823375209,85,0,2.58528503457
2016-11-03,0.337302825939,86,0,3.02020074454
2016-11-04,0.338354526693,87,0,2.2751067165
2016-11-07,0.349831463762,87,0,2.12430291631
2016-11-08,0.345816987723,87,0,1.96846333399
2016-11-09,0.342155526865,89,0,2.2774028085
2016-11-10,0.319442954576,87,0,3.64694373408
2016-11-11,0.314110369719,86,0,3.77904912734
2016-11-14,0.303206573214,87,0,4.94977972453
2016-11-15,0.307298610053,88,0,5.42092632079
2016-11-16,0.311966276977,84,0,3.63998484272
2016-11-17,0.310294885306,85,0,2.84113461096
2016-11-18,0.309869246084,85,0,2.44106069253
2016-11-21,0.306428904264,85,0,1.88717705596
2016-11-22,0.30286281249,86,0,1.82338286971
2016-11-23,0.303786665242,87,0,1.57719866932
2016-11-25,0.303814339816,87,0,1.33657179707
2016-11-28,0.303144139877,87,0,1.49899945126
2016-11-29,0.302240836962,86,0,1.44912707442
2016-11-30,0.29674614225,83,0,1.46398100196
2016-12-01,0.29334102644,86,0,2.31238316246
2016-12-02,0.291823065388,86,0,2.26553298291
2016-12-05,0.291544334878,86,0,3.00293996467
2016-12-06,0.291113559227,86,0,3.01740426882
2016-12-07,0.294744696021,85,0,2.29216881084
2016-12-08,0.292723716916,85,0,1.92763689056
2016-12-09,0.292653428573,85,0,2.04428694167
2016-12-12,0.290539590794,85,0,1.31861782862
2016-12-13,0.291613900525,85,0,1.66902159773
2016-12-14,0.293019216975,85,0,1.85775013333
2016-12-15,0.294133972662,86,0,1.84526012018
2016-12-16,0.290670027523,86,0,1.94108836354
2016-12-19,0.289308775484,86,0,1.86377308213
2016-12-20,0.289103368116,86,0,2.10010607451
2016-12-21,0.285641591611,86,0,2.25020874731
2016-12-22,0.252124847698,81,0,1.91781947602
2016-12-23,0.244438298326,79,0,1.52518083245
2016-12-27,0.234472805036,77,0,1.11285419292
2016-12-28,0.225596363582,78,0,1.00637155779
2016-12-29,0.221016660478,77,0,1.11983692143
2016-12-30,0.222453799283,78,0,0.855498941386
2017-01-03,0.223149451046,77,0,1.06531305405
2017-01-04,0.222102681106,77,0,1.10438549642
2017-01-05,0.223686624126,77,0,1.442193112
2017-01-06,0.218662629213,76,0,1.68292933586
2017-01-09,0.217331328466,76,0,2.09557760563
2017-01-10,0.215742817663,76,0,2.41394302007
2017-01-11,0.216281434939,76,0,2.14185406069
2017-01-12,0.214830248565,76,0,1.93991317126
2017-01-13,0.21474237242,75,0,1.73206157736
2017-01-17,0.210792847199,74,0,1.41097001026
2017-01-18,0.210764565919,75,0,1.83599479495
2017-01-19,0.213976494794,75,0,2.02723337521
2017-01-20,0.212920284736,78,0,1.96436115458
2017-01-23,0.211996189421,77,0,1.81710615405
2017-01-24,0.211709541527,79,0,2.51620661112
2017-01-25,0.214245741473,78,0,2.36805130517
2017-01-26,0.216661434805,76,0,2.27027733964
2017-01-27,0.215180070087,76,0,2.11918496558
2017-01-30,0.216524619803,77,0,1.88369410374
2017-01-31,0.217867268795,76,0,2.12746377635
2017-02-01,0.214349289101,77,0,2.61428485441
2017-02-02,0.213877142111,76,0,2.78746318413
2017-02-03,0.217642696898,77,0,2.27864149403
2017-02-06,0.21473070436,77,0,2.37135923766
2017-02-07,0.214622024511,75,0,2.28901595485
2017-02-08,0.214037709753,73,0,1.72082111954
2017-02-09,0.216025730591,74,0,1.67110112828
2017-02-10,0.214502271525,75,0,1.63815337848
2017-02-13,0.215647079247,73,0,1.86059240551
2017-02-14,0.21797376466,73,0,2.24005591363
2017-02-15,0.217452144818,73,0,2.73973240567
2017-02-16,0.217748932861,74,0,1.78547431086
2017-02-17,0.217131818418,75,0,1.97498512002
2017-02-21,0.217858320818,74,0,2.00215073024
2017-02-22,0.2179341182,74,0,2.05262793338
2017-02-23,0.217594164059,74,0,1.82529897121
2017-02-24,0.216557871022,75,0,1.85461095919
2017-02-27,0.215374724723,76,0,1.8582418281
2017-02-28,0.21273486502,74,0,1.70857613196
2017-03-01,0.217694359121,74,0,1.8789916301
2017-03-02,0.218223859981,75,0,2.0164897596
2017-03-03,0.216958879229,75,0,2.16437798481
2017-03-06,0.218683521659,75,0,2.14805681804
2017-03-07,0.219245357145,75,0,1.66308969506
2017-03-08,0.219816323037,74,0,1.95681608753
2017-03-09,0.219274797608,74,0,2.09737106843
2017-03-10,0.220356268843,73,0,1.92998982402
2017-03-13,0.1994190781,71,0,2.05704641498
2017-03-14,0.19219973538,72,0,2.15468579848
2017-03-15,0.18276974137,72,0,2.27758190351
2017-03-16,0.180650544859,72,0,2.3067581782
2017-03-17,0.176950534448,72,0,2.22961805542
2017-03-20,0.175202209587,72,0,1.77109858571
2017-03-21,0.177544170877,72,0,2.72300333489
2017-03-22,0.177621654151,71,0,2.08822893116
2017-03-23,0.175341044805,71,0,2.08741848327
2017-03-24,0.174694981007,70,0,1.8231758188
2017-03-27,0.172497017897,71,0,1.70478334411
2017-03-28,0.167396152403,70,0,1.47909938107
2017-03-29,0.165492853356,70,0,1.4493769987
2017-03-30,0.167796343986,72,0,2.27008994423
2017-03-31,0.162754960991,70,0,2.11617970675
2017-04-03,0.157446433769,67,0,1.68051925934
2017-04-04,0.156081323823,67,0,1.67265370192
2017-04-05,0.155678287258,67,0,1.50153936214
2017-04-06,0.155709063034,67,0,1.20822719086
2017-04-07,0.156694190675,66,0,1.23107656308
2017-04-10,0.156707995091,68,0,1.47627051404
2017-04-11,0.156136656389,67,0,1.58211759347
2017-04-12,0.147866259343,64,0,1.43862038048
2017-04-13,0.152802106331,65,0,1.99122445555
2017-04-17,0.15503531064,69,0,1.58843708756
2017-04-18,0.154426522415,70,0,2.36184051375
2017-04-19,0.153709944956,66,0,2.5121147495
2017-04-20,0.159047094682,67,0,2.58769390501
2017-04-21,0.159204274999,67,0,2.91641952943
2017-04-24,0.162040780469,67,0,3.20396110553
2017-04-25,0.165324280686,68,0,3.96608306143
2017-04-26,0.163791464181,67,0,2.79505294013
2017-04-27,0.1646311174,66,0,3.11267733309
2017-04-28,0.164887205781,65,0,2.65006527497
2017-05-01,0.165071804749,65,0,2.34984897331
2017-05-02,0.167865238987,66,0,2.03598181212
2017-05-03,0.167984621508,66,0,2.45884055571
2017-05-04,0.166118792862,66,0,1.88580949427
2017-05-05,0.164065519018,65,0,2.4125263201
2017-05-08,0.163013202192,65,0,2.26582700297
2017-05-09,0.162633730732,63,0,1.97185685409
2017-05-10,0.138211766552,57,1,1.87241829956
2017-05-11,0.137750650923,57,1,2.20141187679
2017-05-12,0.131106623403,59,1,2.05887539981
2017-05-15,0.14329777523,60,1,1.76872407343
2017-05-16,0.143575024089,61,1,2.28326256834
2017-05-17,0.162125778981,72,0,2.28300782328
2017-05-18,0.164717981137,73,0,2.16486184212
2017-05-19,0.169722865426,73,0,2.23917089436
2017-05-22,0.171925570763,74,0,2.32828306174
2017-05-23,0.171495249367,74,0,2.41738413774
2017-05-24,0.169083337263,70,0,2.11761766663
2017-05-25,0.168642908286,70,0,2.15030372593
2017-05-26,0.168895846375,71,0,2.75430662073
2017-05-30,0.168557420949,71,0,2.30989129591
2017-05-31,0.166674527543,71,0,2.23650394434
2017-06-01,0.171649075984,70,0,2.0886478059
2017-06-02,0.179700701758,76,0,2.58958177502
2017-06-05,0.184307187832,78,0,2.38732291157
2017-06-06,0.184537799012,76,0,1.9364777356
2017-06-07,0.185850340755,78,0,2.26789604571
2017-06-08,0.186551733194,76,0,2.31273731949
2017-06-09,0.176586635498,76,0,2.89372530285
2017-06-12,0.176354643183,78,0,3.34972800829
2017-06-13,0.170689724715,77,0,3.26251954328
2017-06-14,0.171560518591,78,0,2.88482614512
2017-06-15,0.1691374846,79,0,2.61130534985
2017-06-16,0.160953594651,77,0,2.37253743186
2017-06-19,0.161350337755,75,0,2.42921885093
2017-06-20,0.163703451941,78,0,2.37368913667
2017-06-21,0.163948176845,77,0,2.70970336689
2017-06-22,0.159293589487,73,0,2.67396760713
2017-06-23,0.156909315379,72,0,2.9105963088
2017-06-26,0.156505018721,73,0,2.47265057261
2017-06-27,0.157003111083,73,0,1.87315496265
2017-06-28,0.157647890102,74,0,2.06937970511
2017-06-29,0.154791231479,70,0,3.11801689173
2017-06-30,0.154689529656,69,0,3.07563019504
2017-07-03,0.152717199025,70,0,2.84691299864
2017-07-05,0.151423422808,68,0,2.55678845345
2017-07-06,0.156459531374,70,0,2.27983442261
2017-07-07,0.157214766296,71,0,1.61654403341
2017-07-10,0.158496983548,72,0,1.4304142538
2017-07-11,0.159118793624,74,0,1.44948462964
2017-07-12,0.160723773426,74,0,1.08133600305
2017-07-13,0.161159058325,77,0,1.5424544389
2017-07-14,0.160890004309,73,0,1.84044258762
2017-07-17,0.161064989195,74,0,2.01073172484
2017-07-18,0.165005915922,70,0,1.84005102065
2017-07-19,0.164644226991,71,0,2.14093960178
2017-07-20,0.160307718967,68,0,2.33973022051
2017-07-21,0.160906705366,69,0,2.05777775744
2017-07-24,0.161761781657,69,0,2.37257747157
2017-07-25,0.16630889544,76,0,2.48003422546
2017-07-26,0.164408389213,74,0,2.08466982125
2017-07-27,0.163448543861,75,0,1.91254075376
2017-07-28,0.159741663135,74,0,2.59361285453
2017-07-31,0.158077404481,69,0,2.48485710327
2017-08-01,0.158890503338,71,0,2.38666454652
2017-08-02,0.160198369003,72,0,2.18113101291
2017-08-03,0.16028992279,72,0,2.14451025711
2017-08-04,0.154163453184,71,0,1.95486531968
2017-08-07,0.153444230589,71,0,2.3203471095
2017-08-08,0.154082055548,70,0,2.60383834134
2017-08-09,0.154254189238,71,0,2.43240169644
2017-08-10,0.15912274561,71,0,2.23706334893
2017-08-11,0.159681262031,71,0,1.90709631353
2017-08-14,0.160467122929,71,0,1.66824649542
2017-08-15,0.156846103654,72,0,1.55724362114
2017-08-16,0.156383747575,70,0,1.56338632111
2017-08-17,0.170040414785,74,0,1.6741843278
2017-08-18,0.172516597666,77,0,1.57552686941
2017-08-21,0.169359002055,74,0,1.22935779744
2017-08-22,0.17381064975,77,0,1.24304126323
2017-08-23,0.173739550344,76,0,0.960073446955
2017-08-24,0.174726701395,76,0,1.08464726408
2017-08-25,0.176230187815,74,0,1.47058755443
2017-08-28,0.178602589107,74,0,1.69031490429
2017-08-29,0.16907346234,73,0,1.59584302586
2017-08-30,0.168902520344,74,0,1.35922857169
2017-08-31,0.171261856341,72,0,1.58124030641
2017-09-01,0.170688394447,71,0,1.63077184705
2017-09-05,0.165957987306,69,0,2.08501591136
2017-09-06,0.166102781425,68,0,2.35268155624
2017-09-07,0.165636392553,69,0,2.79795726884
2017-09-08,0.167429522282,70,0,2.77190509298
2017-09-11,0.174439146692,70,0,2.37050173142
2017-09-12,0.172097281879,70,0,2.05815714445
2017-09-13,0.168971272827,71,0,2.04930953632
2017-09-14,0.169372010146,70,0,2.18302268608
2017-09-15,0.16641873003,71,0,1.88582263666
2017-09-18,0.165577524648,70,0,2.28726204353
2017-09-19,0.162736629701,69,0,2.21841351612
2017-09-20,0.162085962031,69,0,2.33257754699
2017-09-21,0.162116318067,70,0,2.68145563314
2017-09-22,0.161721541404,71,0,2.5497301245
2017-09-25,0.160954214448,70,0,2.06084939155
2017-09-26,0.158423847188,69,0,1.79524860339
2017-09-27,0.156872333603,68,0,1.34952924971
2017-09-28,0.15729432441,67,0,1.48685694436
2017-09-29,0.156631852142,68,0,1.61383484352
2017-10-02,0.155604967512,69,0,2.10349378253
2017-10-03,0.155436948089,68,0,2.43571693887
2017-10-04,0.154438085285,68,0,2.13647964679
2017-10-05,0.155737025582,68,0,1.91557209709
2017-10-06,0.156298635159,68,0,2.19637308826
2017-10-09,0.156075361951,66,0,2.23024648158
2017-10-10,0.157314052392,66,0,2.25751320185
2017-10-11,0.158428845427,67,0,2.92561853981
2017-10-12,0.152557471028,65,0,3.16656618678
2017-10-13,0.148454406893,60,0,2.95956843389
2017-10-16,0.149105680257,63,0,2.67341959909
2017-10-17,0.14406133918,64,0,3.0071393011
2017-10-18,0.137276611374,61,0,2.46957887104
2017-10-19,0.136375980542,57,0,2.70625485854
2017-10-20,0.132254160042,57,0,3.08929839469
2017-10-23,0.13045843799,57,0,3.46516088884
2017-10-24,0.129842192977,54,0,3.12563605722
2017-10-25,0.130618927156,57,0,2.53418950503
2017-10-26,0.130807236365,57,0,2.26861406672
2017-10-27,0.124030890221,51,0,3.24145167293
2017-10-30,0.125000687279,51,0,3.26200290572
2017-10-31,0.124889289464,51,0,3.02843922022
2017-11-01,0.125840900492,52,0,2.97660098423
2017-11-02,0.125747799102,51,0,2.86297836732
2017-11-03,0.125736369475,52,0,2.19178249998
2017-11-06,0.123206137674,52,0,1.95466953379
2017-11-07,0.121980206263,53,0,2.14328343268
2017-11-08,0.121190064751,54,0,2.41213690354
2017-11-09,0.120648564794,53,0,2.70210744105
2017-11-10,0.118249556452,52,0,2.30252298912
2017-11-13,0.118613434148,52,0,2.08690218255
2017-11-14,0.105038005371,47,0,1.85865708527
2017-11-15,0.109057788242,50,0,2.7119949672
2017-11-16,0.105693729345,47,0,3.281315623
2017-11-17,0.106289691722,46,0,2.75718162071
2017-11-20,0.10611085706,45,0,2.60999405923
2017-11-21,0.107703479942,45,0,2.23353831442
2017-11-22,0.109171462755,47,0,1.31913171638
2017-11-24,0.109221076071,47,0,1.56407419615
2017-11-27,0.108694733432,46,0,1.87550842238
2017-11-28,0.118222028951,52,0,1.65205180906
2017-11-29,0.115874330562,51,0,1.74862644425
2017-11-30,0.120191782995,54,0,2.45097107518
2017-12-01,0.120437280527,54,0,2.18436314151
2017-12-04,0.11816500962,53,0,2.50658877554
2017-12-05,0.118178146197,54,0,1.92222465017
2017-12-06,0.118204352114,53,0,1.96759613579
2017-12-07,0.115835108709,48,0,1.86465022649
2017-12-08,0.118144216379,48,0,1.83115135452
2017-12-11,0.118641096573,45,0,1.6530814303
2017-12-12,0.119053941949,49,0,1.72090481193
2017-12-13,0.116723455707,47,0,1.5096771113
2017-12-14,0.121740227324,51,0,1.68378818867
2017-12-15,0.121505470304,51,0,1.91711142869
2017-12-18,0.120539577039,53,0,1.8008944884
2017-12-19,0.120475203575,50,0,1.42601158523
2017-12-20,0.12204571648,51,0,2.00707637075
2017-12-21,0.121886400938,52,0,2.04198322874
2017-12-22,0.12277457222,55,0,2.36736468403
2017-12-26,0.121488280611,55,0,2.53193812574
2017-12-27,0.120528583154,54,0,1.88263524109
2017-12-28,0.119714589436,52,0,1.34879936291
2017-12-29,0.121529658546,54,0,1.0102393642
2018-01-02,0.121063301755,50,0,1.26655520071
2018-01-03,0.123221520263,52,0,2.06269766633
2018-01-04,0.119782382507,51,0,1.83207059502
2018-01-05,0.120376929915,52,0,1.85891525487
2018-01-08,0.11891994102,53,0,2.34475170729
2018-01-09,0.118334547942,52,0,2.20617722575
2018-01-10,0.116818356777,52,0,2.23083878654
2018-01-11,0.118878842592,52,0,2.12660802353
2018-01-12,0.122647414918,53,0,2.37990721053
2018-01-16,0.119879782572,53,0,2.14916812262
2018-01-17,0.124708278745,55,0,1.55242047781
2018-01-18,0.125032149143,56,0,2.03457504986
2018-01-19,0.125134076417,52,0,1.9667770501
2018-01-22,0.126408191825,55,0,1.78580691034
2018-01-23,0.124459431006,54,0,2.4706360597
2018-01-24,0.119746084941,49,1,2.28632410907
2018-01-25,0.118862707758,51,1,2.61797335322
2018-01-26,0.122182977629,50,0,2.80397912655
2018-01-29,0.12906897675,56,1,3.03293157262
2018-01-30,0.146123642279,63,1,2.5793440109
2018-01-31,0.14553921667,62,1,2.33118888336
2018-02-01,0.145003151128,60,1,2.19532367163
2018-02-02,0.179669643351,73,1,2.49850884615
2018-02-05,0.278246343504,83,0,2.4895375602
2018-02-06,0.280141149032,85,0,2.6732787379
2018-02-07,0.280226713793,85,0,3.09117322668
2018-02-08,0.326272781221,84,0,2.24873228571
2018-02-09,0.324791581173,85,0,2.41115113536
2018-02-12,0.329474682929,85,0,1.90318699662
2018-02-13,0.328379107305,85,0,1.47944694729
2018-02-14,0.32742088967,84,0,2.16666976653
2018-02-15,0.329781512447,84,0,2.33552802813
2018-02-16,0.322466697394,83,0,2.42496295667
2018-02-20,0.325219066643,84,0,2.39915768154
2018-02-21,0.327965361856,84,0,2.02044974255
2018-02-22,0.325157313242,84,0,1.46811853824
2018-02-23,0.331794673079,84,0,1.67874164876
2018-02-26,0.336238682623,85,0,1.92534502002
2018-02-27,0.340376565346,85,0,1.25873882765
2018-02-28,0.343752261529,85,0,1.1354344529
2018-03-01,0.348494900812,85,0,1.33820111915
2018-03-02,0.345840465003,87,0,1.90386056136
2018-03-05,0.347549681618,87,0,1.39127923151
2018-03-06,0.347254078908,87,0,1.43016712976
2018-03-07,0.349461972754,88,0,1.44672226459
2018-03-08,0.34881623663,88,0,1.63094359869
2018-03-09,0.357126234245,88,0,1.85349881217
2018-03-12,0.355796796481,90,0,1.72238472195
2018-03-13,0.352397550778,91,0,1.54350885571
2018-03-14,0.357934407877,91,0,1.1003015541
2018-03-15,0.357767826425,91,0,1.08386757526
2018-03-16,0.358203662987,91,0,1.45369230153
2018-03-19,0.369964468237,90,0,1.0756298856
2018-03-20,0.363104536466,90,0,1.48864907654
2018-03-21,0.360454174788,90,0,1.62215403428
2018-03-22,0.373645456433,90,0,1.70063981543
2018-03-23,0.381376051704,90,0,1.87081688319
2018-03-26,0.396748088858,90,0,2.21214359188
2018-03-27,0.398550795424,89,0,1.88084576441
2018-03-28,0.397124340575,89,0,1.98309510103
2018-03-29,0.397956421075,89,0,1.15172309467
2018-04-02,0.405389972053,89,0,0.52266557354
2018-04-03,0.41015640217,88,0,1.01338736664
2018-04-04,0.413899285872,88,0,0.841944669121
2018-04-05,0.414548013202,88,0,0.894338672756
2018-04-06,0.423267942831,88,0,1.25824245596
2018-04-09,0.421800442834,88,0,1.05094289102
2018-04-10,0.427422223485,88,0,0.876085378012
2018-04-11,0.42723914427,88,0,1.22966200135
2018-04-12,0.426306055516,88,0,1.39315336652
2018-04-13,0.423733733066,90,0,1.67227637936
2018-04-16,0.424992250032,90,0,1.58612837507
2018-04-17,0.424685977122,88,0,2.03704132048
2018-04-18,0.420716116405,89,0,2.08957650673
2018-04-19,0.422711087971,89,0,1.89370373361
2018-04-20,0.427870193542,89,0,2.30294453966
2018-04-23,0.42802244783,90,0,2.2840435847
2018-04-24,0.429868674288,89,0,2.47682289799
2018-04-25,0.429503463215,90,0,2.05662500298
2018-04-26,0.430616145385,89,0,1.96228481632
2018-04-27,0.427390698339,90,0,1.82059195869
2018-04-30,0.423146234923,91,0,1.55768232703
2018-05-01,0.427954906438,92,0,1.8751358429
2018-05-02,0.429194612066,92,0,2.08213867026
2018-05-03,0.429545709847,91,0,2.03364890704
2018-05-04,0.431710036486,89,0,2.26010203962
2018-05-07,0.431497543788,90,0,1.94182373206
2018-05-08,0.431321305267,91,0,1.63406305134
2018-05-09,0.43237787188,90,0,1.40051368963
2018-05-10,0.435014155435,91,0,1.59929453092
2018-05-11,0.435438488831,91,0,1.64276880504
2018-05-14,0.435670900144,90,0,1.44292900532
2018-05-15,0.436700806251,90,0,1.35365778532
2018-05-16,0.436855430461,90,0,1.54771698683
2018-05-17,0.437661800721,90,0,1.73881158481
2018-05-18,0.438452943387,91,0,1.89825697167
2018-05-21,0.443566095026,89,0,1.76678459483
2018-05-22,0.44467829152,90,0,1.4613181484
2018-05-23,0.443053817635,90,0,1.47494651312
2018-05-24,0.443119251921,89,0,1.38960904989
2018-05-25,0.440882696181,90,0,1.55144043126
2018-05-29,0.440129475646,89,0,1.78700800275
2018-05-30,0.445018083264,89,0,1.80217846732
2018-05-31,0.445418289737,88,0,1.81191762087
2018-06-01,0.448968863622,87,0,1.66459995843
2018-06-04,0.449404331832,87,0,1.92657213368
2018-06-05,0.449082175173,88,0,1.57808813528
2018-06-06,0.45548403702,88,0,1.38109722932
2018-06-07,0.455162890221,88,0,1.1337896236
2018-06-08,0.455770263838,90,0,1.3131477502
2018-06-11,0.455933763619,90,0,1.52555773919
2018-06-12,0.455701299672,90,0,1.79079176446
2018-06-13,0.455971933942,90,0,1.65646814792
2018-06-14,0.455642848388,89,0,1.55857659229
2018-06-15,0.45424557333,90,0,1.66168341295
2018-06-18,0.453178401516,89,0,1.23108763801
2018-06-19,0.455985718615,90,0,1.2843652034
2018-06-20,0.449689265495,91,0,1.96889248912
2018-06-21,0.449128999009,90,0,1.84277316784
2018-06-22,0.448007045712,90,0,1.7358351931
2018-06-25,0.449633166489,89,0,2.03959078654
2018-06-26,0.448908440482,89,0,1.74615578172
2018-06-27,0.448094334975,89,0,2.02135954587
2018-06-28,0.446364142579,88,0,1.67526893348
2018-06-29,0.445200867163,88,0,1.5918752444
2018-07-02,0.443105623356,88,0,1.55640955374
2018-07-03,0.443424958701,88,0,1.62013052298
2018-07-05,0.443803976298,88,0,1.91643459914
2018-07-06,0.444670650672,88,0,2.03435385638
2018-07-09,0.44466898696,88,0,1.52959369723
2018-07-10,0.444680427231,88,0,1.51257453726
2018-07-11,0.445817167491,88,0,1.26319562196
2018-07-12,0.446075444506,89,0,1.25890159278
2018-07-13,0.445505565914,88,0,1.67519835436
2018-07-16,0.440315923551,87,0,1.61262731378
2018-07-17,0.441657703167,86,0,1.95816113287
2018-07-18,0.440474005667,87,0,1.67815112631
2018-07-19,0.439346341831,87,0,1.68558979305
2018-07-20,0.440293217952,87,0,1.92075569778
2018-07-23,0.43883309953,86,0,1.51094710414
2018-07-24,0.441097603851,87,0,1.19374886629
2018-07-25,0.442631528727,87,0,1.887327161
2018-07-26,0.443123560929,87,0,2.67278531019
2018-07-27,0.443691314304,86,0,2.70870866402
2018-07-30,0.442911083102,86,0,2.97769954919
2018-07-31,0.437243073788,86,0,2.89498627366
2018-08-01,0.436810569968,87,0,3.74400427087
2018-08-02,0.436563140646,88,0,3.18562506018
2018-08-03,0.427375641035,88,0,3.0668769902
2018-08-06,0.383549694451,86,0,3.1736543772
2018-08-07,0.383964719703,86,0,1.95359155229
2018-08-08,0.383947765833,86,0,1.96145906671
2018-08-09,0.349680202014,83,0,1.64670812216
2018-08-10,0.349268118376,83,0,1.46680915117
2018-08-13,0.346799317582,84,0,1.91649683045
2018-08-14,0.347871703437,85,0,2.07497749167
2018-08-15,0.346728196517,83,0,1.6575978772
2018-08-16,0.347323340831,84,0,2.20000033599
2018-08-17,0.348421622351,84,0,1.98170371187
2018-08-20,0.346726955011,85,0,2.19729641632
2018-08-21,0.343541242277,85,0,2.85520775245
2018-08-22,0.342890574248,84,0,1.92290206223
2018-08-23,0.336484230621,83,0,2.06823348078
2018-08-24,0.333356632422,82,0,1.83860812763
2018-08-27,0.327644860156,81,0,1.3800076932
2018-08-28,0.323811333865,82,0,1.58329797543
2018-08-29,0.319135470249,81,0,1.74325668671
2018-08-30,0.321370966016,81,0,1.72626693437
2018-08-31,0.318963585256,81,0,1.92584572439
2018-09-04,0.318851944432,81,0,1.98300137715
2018-09-05,0.318402491754,82,0,1.99044730354
2018-09-06,0.318506407848,84,0,2.29931587729
2018-09-07,0.310138916373,84,0,2.97204637074
2018-09-10,0.309146239699,81,0,3.06080174248
2018-09-11,0.309687239459,81,0,2.79671085008
2018-09-12,0.305715886164,82,0,2.97311887056
2018-09-13,0.304440515832,81,0,2.68783892876
2018-09-14,0.303950767077,82,0,2.80969809594
2018-09-17,0.29588298933,82,0,2.59612690641
2018-09-18,0.301055197068,83,0,2.38431036041
2018-09-19,0.302021402848,81,0,2.15821633674
2018-09-20,0.285307290283,79,0,2.15509243439
2018-09-21,0.270459800825,80,0,1.90374523326
2018-09-24,0.246253919873,78,0,1.91002748133
2018-09-25,0.240601513887,78,0,1.88216241704
2018-09-26,0.242646951243,77,0,2.64840488145
2018-09-27,0.24200529935,77,0,2.65464292125
2018-09-28,0.225978842271,75,0,2.4683705146
2018-10-01,0.217481667629,77,0,2.33514126615
2018-10-02,0.209313175338,75,0,2.39480590436
2018-10-03,0.207216624652,75,0,2.21592423298
2018-10-04,0.18716648877,69,0,2.19821812763
2018-10-05,0.188531886276,69,0,2.53575474758
2018-10-08,0.180861633352,67,0,2.77547536908
2018-10-09,0.179616430219,67,0,2.83181043658
2018-10-10,0.20985630348,75,0,2.79133759327
2018-10-11,0.236549316922,74,0,1.86589086935
2018-10-12,0.237946682337,74,0,2.47097902607
2018-10-15,0.238345947646,74,0,2.54712064611
2018-10-16,0.257937368144,79,0,2.25116602933
2018-10-17,0.248886260153,75,0,3.61150215162
2018-10-18,0.249780270723,75,0,3.04294993241
2018-10-19,0.25022823131,75,0,2.93930152849
2018-10-22,0.248344191338,74,0,3.05227747782
2018-10-23,0.245473556919,73,0,2.7722000445
2018-10-24,0.257117831256,78,0,2.40746901826
2018-10-25,0.263735614492,78,0,2.19244148827
2018-10-26,0.272545650638,79,0,2.05183964977
2018-10-29,0.269769631114,78,0,2.18056427961
2018-10-30,0.273845387887,78,0,2.39706949691
2018-10-31,0.270802852816,77,0,2.77048360625
2018-11-01,0.265605935215,78,0,2.46461911335
2018-11-02,0.25910183411,80,0,2.86932227218
2018-11-05,0.26253166706,78,0,2.41075781284
2018-11-06,0.263688353427,79,0,2.39769418862
2018-11-07,0.270397293634,77,0,2.49313950177
2018-11-08,0.269943878413,77,0,2.82480705297
2018-11-09,0.26966357478,78,0,2.24984619745
2018-11-12,0.277760231788,80,0,2.64448092317
2018-11-13,0.278362018683,79,0,2.52168327806
2018-11-14,0.281299160281,79,0,2.11617422447
2018-11-15,0.278856292414,81,0,2.6858563505
2018-11-16,0.277166421907,80,0,2.73520398131
2018-11-19,0.275138151242,81,0,2.40576585641
2018-11-20,0.301093554545,82,0,2.53105522809
2018-11-21,0.298095362544,81,0,2.33012411146
2018-11-23,0.29988959525,81,0,2.05340862852
2018-11-26,0.300560953775,81,0,1.88850892292
2018-11-27,0.293180195964,81,0,1.91286383327
2018-11-28,0.303376621247,80,0,1.79522355668
2018-11-29,0.301813896434,80,0,2.11523718654
2018-11-30,0.301502161467,80,0,2.19471497075
2018-12-03,0.299842302184,80,0,1.96386443867
2018-12-04,0.316940983102,81,0,1.75640751928
2018-12-06,0.31506718205,80,0,1.75206895808
2018-12-07,0.32278658093,81,0,1.32276139212
2018-12-10,0.321161892677,79,0,1.87829514714
2018-12-11,0.320394728143,80,0,2.06925727873
2018-12-12,0.319818474485,80,0,1.65992012354
2018-12-13,0.320476359842,79,0,1.4353853155
2018-12-14,0.329739961411,82,0,2.323994899
2018-12-17,0.338452659208,81,0,1.76341105267
2018-12-18,0.335871504026,80,0,1.83335297818
2018-12-19,0.34394771597,82,0,1.97272089317
2018-12-20,0.349386162713,82,0,2.14576502965
2018-12-21,0.353489687681,82,0,1.39453434187
2018-12-24,0.370157036626,80,0,1.43512341246
2018-12-26,0.417450249919,81,0,1.1548527661
2018-12-27,0.420569790491,80,0,1.42664453898
2018-12-28,0.422000440128,80,0,1.37485693441
2018-12-31,0.424571685807,80,0,1.44949009783
2019-01-02,0.422921586577,81,0,1.25673385423
2019-01-03,0.427310955872,81,0,1.4102483643
2019-01-04,0.44189069809,80,0,1.29566398189
2019-01-07,0.439203504418,81,0,1.54540913784
2019-01-08,0.439746827308,81,0,1.66158854063
2019-01-09,0.437706081526,81,0,1.41682588172
2019-01-10,0.435891184929,82,0,1.05646623811
2019-01-11,0.435441882268,81,0,1.24187850276
2019-01-14,0.435369066775,81,0,1.20180629189
2019-01-15,0.439463281001,82,0,1.29952562854
2019-01-16,0.432247188202,81,0,1.94848868417
2019-01-17,0.433431534059,81,0,1.78704526783
2019-01-18,0.437194897832,82,0,1.67076136948
2019-01-22,0.438035961858,80,0,1.72823041282
2019-01-23,0.436132580144,82,0,1.63611442321
2019-01-24,0.433942325362,82,0,1.52316580517
2019-01-25,0.431830484232,81,0,1.80324380813
2019-01-28,0.432216480991,79,0,1.79573071542
2019-01-29,0.432812175548,79,0,1.54768766532
2019-01-30,0.433575553585,79,0,1.35183520518
2019-01-31,0.432677506456,80,0,1.75421822799
2019-02-01,0.430494295336,82,0,2.16421438773
2019-02-04,0.43121911029,81,0,2.02485678635
2019-02-05,0.429976650614,81,0,1.96445761924
2019-02-06,0.42985245379,81,0,1.67493767597
2019-02-07,0.431603205256,81,0,1.50476719428
2019-02-08,0.431235350594,81,0,1.44369546659
2019-02-11,0.431189216314,81,0,1.53203349696
2019-02-12,0.432872488955,81,0,0.943745819675
2019-02-13,0.432865475159,81,0,1.22843523635
2019-02-14,0.426291285357,83,0,1.58014165558
2019-02-15,0.431175381289,83,0,1.87452996629
2019-02-19,0.432205009782,82,0,2.08948187487
2019-02-20,0.431279144827,82,0,1.79263825976
2019-02-21,0.431011996774,82,0,1.70650540052
2019-02-22,0.431310072291,82,0,1.10943639573
2019-02-25,0.431905060655,81,0,1.12001624481
2019-02-26,0.432070540125,81,0,1.43189958239
2019-02-27,0.429640927111,81,0,2.09196436407
2019-02-28,0.429355674213,83,0,2.16090809746
2019-03-01,0.430135550033,82,0,1.83180154755
2019-03-04,0.428981843274,83,0,2.07061204252
2019-03-05,0.427945684369,83,0,1.7080251817
2019-03-06,0.427757091025,82,0,1.30385769337
2019-03-07,0.42931290126,82,0,1.42843310608
2019-03-08,0.427720571191,84,0,1.66271319449
2019-03-11,0.431609811316,84,0,1.69729656711
2019-03-12,0.432394684556,84,0,1.450647151
2019-03-13,0.43406240032,84,0,1.60105631345
2019-03-14,0.433837241785,85,0,1.70837598284
2019-03-15,0.434411656234,85,0,1.29220692591
2019-03-18,0.4362960666,85,0,0.914670092981
2019-03-19,0.43665007865,85,0,0.932156997273
2019-03-20,0.435034353163,83,0,1.28074591478
2019-03-21,0.434535523085,84,0,1.70146256182
2019-03-22,0.437472190954,85,0,2.21405801628
2019-03-25,0.436385676139,85,0,2.29324080451
2019-03-26,0.437938018164,83,0,2.21327517282
2019-03-27,0.439427251981,85,0,1.59349709569
2019-03-28,0.440394008405,84,0,1.44412458487
2019-03-29,0.440619102347,84,0,1.09753705982
2019-04-01,0.439519409104,83,0,1.61977212501
2019-04-02,0.439610395786,83,0,1.95426087916
2019-04-03,0.439725679526,83,0,2.05327282652
2019-04-04,0.440330876001,84,0,2.22711530122
2019-04-05,0.44124129184,82,0,2.32249235561
2019-04-08,0.442319217485,82,0,2.1419760684
2019-04-09,0.444186881772,81,0,1.68481590117
2019-04-10,0.44389264554,81,0,1.65232270836
2019-04-11,0.443772967826,82,0,1.89799838421
2019-04-12,0.427280554718,82,0,3.11117002412
2019-04-15,0.415708938023,82,0,2.86651385397
2019-04-16,0.413144737632,81,0,2.89146445925
2019-04-17,0.40771541096,80,0,4.04384082286
2019-04-18,0.40167897724,81,0,3.43397062801
2019-04-22,0.406688972613,82,0,3.13600037173
2019-04-23,0.406888223399,82,0,2.98436691388
2019-04-24,0.406199829565,82,0,2.70094378235
2019-04-25,0.405484489266,82,0,2.77178143195
2019-04-26,0.408732854392,81,0,2.74156245203
2019-04-29,0.404550147225,82,0,2.78687974072
2019-04-30,0.403600813244,82,0,2.82751914058
2019-05-01,0.400755086936,82,0,2.86476642547
2019-05-02,0.404365928178,82,0,2.90777884137
2019-05-03,0.404239629917,81,0,2.30424925187
2019-05-06,0.406226724867,82,0,2.29416951935
2019-05-07,0.411635661794,83,0,2.16996893827
2019-05-08,0.422200255181,80,0,1.74651568684
2019-05-09,0.421099120056,80,0,2.09137260643
2019-05-10,0.420846695742,80,0,2.5226966339
2019-05-13,0.423048102459,79,0,2.54342295825
2019-05-14,0.424927483738,80,0,2.23049000103
2019-05-15,0.425636041159,80,0,2.46202353361
2019-05-16,0.42313668825,80,0,2.40284032255
2019-05-17,0.423413762709,81,0,1.56025995808
2019-05-20,0.421112531965,82,0,1.42826141251
2019-05-21,0.424059980957,81,0,1.14735958916
2019-05-22,0.42128391937,81,0,2.03918720265
2019-05-23,0.422984227299,82,0,2.22427899568
2019-05-24,0.408083524395,82,0,2.44152815208
2019-05-28,0.411825889684,82,0,2.2986905583
2019-05-29,0.412562465267,82,0,2.61722363497
2019-05-30,0.410399367008,81,0,2.25666805078
2019-05-31,0.412372594211,82,0,2.1230146928
2019-06-03,0.402162341178,82,0,2.41671661692
2019-06-04,0.409071646932,83,0,2.13967928912
2019-06-05,0.408791746798,83,0,2.19024621704
2019-06-06,0.41322973385,83,0,2.0743218435
2019-06-07,0.400804271912,82,0,2.2089529696
2019-06-10,0.402790680533,82,0,2.57985382594
2019-06-11,0.39566113584,82,0,2.04729849191
2019-06-12,0.396903628573,84,0,1.67681001692
2019-06-13,0.39716080241,84,0,1.50523427154
2019-06-14,0.397093419801,84,0,1.33722669866
2019-06-17,0.397598328214,84,0,1.67433292611
2019-06-18,0.394829262882,84,0,1.86878790355
2019-06-19,0.38587894569,84,0,1.96666323306
2019-06-20,0.3846047551,83,0,1.52719220328
2019-06-21,0.379671593955,82,0,1.61362337647
2019-06-24,0.373853849923,82,0,1.72957743958
2019-06-25,0.369853681291,81,0,1.87757081619
2019-06-26,0.344479794104,83,0,1.98520364615
2019-06-27,0.278938633666,81,0,1.18719008858
2019-06-28,0.275495858681,82,0,1.4806900274
2019-07-01,0.276056636684,81,0,1.62088877094
2019-07-02,0.272761227506,81,0,1.72615314737
2019-07-03,0.276932944902,80,0,1.73317744787
2019-07-05,0.26398095168,82,0,1.56404463178
2019-07-08,0.235314450319,79,0,1.33740042046
2019-07-09,0.236467431051,80,0,1.54153158989
2019-07-10,0.23488690978,79,0,1.37308579822
2019-07-11,0.233947299046,81,0,1.9304667862
2019-07-12,0.23178299903,82,0,2.44948472896
2019-07-15,0.231958975647,81,0,2.39123356275
2019-07-16,0.230992786055,80,0,3.17902546988
2019-07-17,0.231108177784,80,0,2.96074165842
2019-07-18,0.238211470533,82,0,2.75593472809
2019-07-19,0.239480043976,81,0,2.25526490746
2019-07-22,0.232173708385,80,0,2.17290934571
2019-07-23,0.229544611096,78,0,2.32987354043
2019-07-24,0.233854992523,77,0,2.38189902969
2019-07-25,0.234740020111,77,0,1.84179947889
2019-07-26,0.233753368368,79,0,2.10501863085
2019-07-29,0.231951807915,82,0,2.14814267951
2019-07-30,0.231648413243,79,0,2.88364703548
2019-07-31,0.235725518192,83,0,2.53994639162
2019-08-01,0.240986389234,77,0,2.79362738665
2019-08-02,0.244964021901,79,0,2.53497005074
2019-08-05,0.276338495262,80,0,2.17811446828
2019-08-06,0.280689632046,81,0,1.84570259774
2019-08-07,0.278818781749,82,0,2.08672211847
2019-08-08,0.283057269715,82,0,2.39146370509
2019-08-09,0.284055628054,81,0,2.40250958227
2019-08-12,0.290744781711,81,0,2.3557679911
2019-08-13,0.293161516966,81,0,2.21960542779
2019-08-14,0.323715919106,83,0,1.76562115684
2019-08-15,0.323040304229,83,0,2.17791305155
2019-08-16,0.322312300855,82,0,2.14784241981
2019-08-19,0.327044636007,83,0,1.92424739713
2019-08-20,0.328052491977,85,0,1.82052417942
2019-08-21,0.326293409676,85,0,1.68179129293
2019-08-22,0.326065069484,85,0,2.03179461976
2019-08-23,0.346904917766,87,0,2.00184062653
2019-08-26,0.350108661621,88,0,2.01889447737
2019-08-27,0.347508506235,85,0,2.48527669572
2019-08-28,0.349985574769,85,0,2.3604036017
2019-08-29,0.352220813184,86,0,1.90580082382
2019-08-30,0.352508238711,87,0,1.80853174382
2019-09-03,0.352424110906,85,0,1.46971313875
2019-09-04,0.352798757562,85,0,1.29147409824
2019-09-05,0.349731209427,88,0,1.56999404218
2019-09-06,0.352526197805,89,0,1.437467389
2019-09-09,0.342956506706,87,0,1.8306562996
2019-09-10,0.336649320073,85,0,2.25967823869
2019-09-11,0.334892528122,86,0,1.70568213025
2019-09-12,0.333690680171,88,0,1.77981710904
2019-09-13,0.332659777027,88,0,2.07360037004
2019-09-16,0.326009077857,83,0,2.04149343957
2019-09-17,0.325536821664,82,0,1.61678754286
2019-09-18,0.32699925704,84,0,1.69599520437
2019-09-19,0.326322475337,87,0,1.35181016428
2019-09-20,0.321556371765,86,0,1.43733137737
2019-09-23,0.321264458716,85,0,1.35088173504
2019-09-24,0.321322828459,86,0,1.39626667777
2019-09-25,0.320194595691,83,0,1.52508890109
2019-09-26,0.319860103408,83,0,1.52994409068
2019-09-27,0.317908602702,83,0,2.24226282484
2019-09-30,0.317822527963,83,0,2.22935632826
2019-10-01,0.322551843182,85,0,2.07585540409
2019-10-02,0.331337863119,85,0,2.15659890695
2019-10-03,0.332535313476,86,0,1.87856505017
2019-10-04,0.33801744481,85,0,1.89470514012
2019-10-07,0.33797357464,87,0,1.45466581304
2019-10-08,0.340259270906,86,0,1.4134976658
2019-10-09,0.341660704507,86,0,1.52421533894
2019-10-10,0.342820068965,86,0,1.48629814707
2019-10-11,0.350660700618,86,0,1.42530163417
2019-10-14,0.352816282686,86,0,1.15329524823
2019-10-15,0.353550601678,85,0,1.38787758073
2019-10-16,0.360245204214,86,0,1.69494746035
2019-10-17,0.358219916553,86,0,2.29785110324
2019-10-18,0.35684867311,86,0,2.26703557626
2019-10-21,0.354177164683,86,0,2.4269667265
2019-10-22,0.350803659941,87,0,2.23558351885
2019-10-23,0.351728835359,87,0,2.26056251056
2019-10-24,0.353835165871,87,0,1.83733019425
2019-10-25,0.353546266542,87,0,1.85541364461
2019-10-28,0.353743431643,88,0,2.12853772517
2019-10-29,0.351760298767,87,0,2.01360152501
2019-10-30,0.349655706097,85,0,1.91794526009
2019-10-31,0.34842898138,87,0,1.51878819902
2019-11-01,0.346191334087,87,0,1.20996818475
2019-11-04,0.334971691538,87,0,1.10609551161
2019-11-05,0.333481808966,86,0,1.78925753063
2019-11-06,0.333412943639,86,0,1.55485429937
2019-11-07,0.332560821861,86,0,1.93014067765
2019-11-08,0.322494909216,86,0,1.70876875317
2019-11-11,0.322584230419,86,0,1.62041520026
2019-11-12,0.322873763586,86,0,1.75330473238
2019-11-13,0.320155574124,85,0,1.56818143161
2019-11-14,0.319876997643,85,0,1.73984657241
2019-11-15,0.321102436982,85,0,1.50069569464
2019-11-18,0.320339416525,84,0,1.40664274999
2019-11-19,0.320740917599,86,0,1.78443357021
2019-11-20,0.315102112453,86,0,2.37113895312
2019-11-21,0.314435434394,86,0,2.4297078612
2019-11-22,0.311130585475,86,0,2.04800810873
2019-11-25,0.309361964191,86,0,2.31105115733
2019-11-26,0.309653415885,86,0,1.39371571089
2019-11-27,0.306487177313,86,0,1.00272103996
2019-11-29,0.309199447212,87,0,1.3020758545
2019-12-02,0.301038320463,83,0,0.998706989796
2019-12-03,0.304514098405,84,0,1.15985205975
2019-12-04,0.304629157414,85,0,1.30548321691
2019-12-05,0.303818431967,86,0,1.59665788938
2019-12-06,0.307154764138,85,0,1.62836472541
2019-12-09,0.307339754934,86,0,1.09491795475
2019-12-10,0.308913687365,86,0,1.15544171067
2019-12-11,0.308741412633,86,0,1.32631612871
2019-12-12,0.311517377905,86,0,1.5551100207
2019-12-13,0.310425241692,87,0,1.43563881864
2019-12-16,0.310081987914,86,0,1.92826996546
2019-12-17,0.309850924456,86,0,2.30098863023
2019-12-18,0.311108334713,85,0,2.42155127467
2019-12-19,0.312111904602,85,0,2.33924314343
2019-12-20,0.312761571069,85,0,1.37361717191
2019-12-23,0.312272784097,85,0,1.22366393414
2019-12-24,0.314310834263,85,0,1.16444790497
2019-12-26,0.314797575612,85,0,1.22303956657
2019-12-27,0.316744456726,86,0,1.16599992675
2019-12-30,0.317132631632,86,0,1.47342867698
2019-12-31,0.318481957539,85,0,1.23298672403
